Date,daily_return,log_return,high_low_range,open_close,sma_5,ema_5,sma_10,ema_10,sma_20,ema_20,sma_50,ema_50,price_sma_5_ratio,price_sma_10_ratio,price_sma_20_ratio,price_sma_50_ratio,rsi_7,rsi_14,rsi_21,macd,macd_signal,macd_diff,bb_high,bb_low,bb_middle,bb_width,bb_pct,volume_change,volume_sma_10,volume_ratio,return_lag_1,volume_lag_1,return_lag_2,volume_lag_2,return_lag_3,volume_lag_3,return_lag_5,volume_lag_5,target
2021-09-09,-0.006704604302583794,-0.006727181131062477,0.014019624582505196,-0.009132407992665119,151.08252563476563,150.64029350901842,149.10862731933594,149.46230701462108,147.19622421264648,147.6229402686075,143.80559448242187,144.00983340278745,0.9955159220600386,1.0086945505328857,1.0217997140821427,1.0458915757469918,59.57137696249579,61.171455298670175,61.28246090834101,2.276473978417414,1.8970828949771936,0.3793910834402203,152.85565041908518,141.5367980062078,147.19622421264648,0.07689635025233835,0.783494782400022,-0.22997116374317728,70505150.0,0.8127874346767576,-0.010083829073880057,-0.09550634857550533,0.015489495280326837,0.4232857684051017,0.004230283515668454,-0.1871153264759441,0.004478342717733508,-0.07101422621051179,0
2021-09-10,-0.03310203789287269,-0.0336623091511524,0.04551251073195677,-0.03890321793094753,150.16878967285157,148.90231094774407,149.24822540283202,148.72849588927093,147.20012893676758,147.41374079780633,144.0440808105469,144.06538290954853,0.968419244385016,0.9743924621728589,0.9879498535471105,1.0095961250672039,37.105054761947905,47.27656547533057,50.85186442849358,1.8202194504299314,1.8817102060677413,-0.061490755637809924,152.8545552696823,141.54570260385287,147.20012893676758,0.07682637744622722,0.34315092220346144,1.458624534732147,79734750.0,1.7670237882479094,-0.006704604302583794,-0.22997116374317728,-0.010083829073880057,-0.09550634857550533,0.015489495280326837,0.4232857684051017,0.007475039558214824,-0.11452840548997245,1
2021-09-13,0.0038934340440814896,0.0038858742457843695,0.017853548073959273,-0.007169898400354743,149.24139099121095,147.93239186880857,149.3409637451172,148.23105185684668,147.22209548950195,147.27838964667598,144.28784729003905,144.1409582350932,0.9782309903526376,0.9775787570254704,0.9916483882770699,1.0118146223186195,40.10221940082762,48.703606779258024,51.83088020988627,1.4871794156791793,1.8028040479900291,-0.3156246323108498,152.85412838735058,141.59006259165332,147.22209548950195,0.07651070145581834,0.3908438745950753,-0.2731778396686284,84394940.0,1.2133938361707468,-0.03310203789287269,1.458624534732147,-0.006704604302583794,-0.22997116374317728,-0.010083829073880057,-0.09550634857550533,0.004230283515668454,-0.1871153264759441,0
2021-09-14,-0.009561895731585501,-0.009607904176776297,0.02808536186365744,-0.01483213099966731,147.5681640625,146.82045729079425,148.8528594970703,147.57024027101374,147.0756637573242,147.02297997887501,144.4512533569336,144.15882607429603,0.9798630284071583,0.9714061834170645,0.9831442159822642,1.001006116419585,35.2680497605583,45.438198895870414,49.28919108851141,1.0979436226535881,1.661831962922741,-0.5638883402691528,152.81973079183942,141.331596722809,147.0756637573242,0.07811036697400814,0.284205545681988,0.06730186134761929,86228900.0,1.2675135598389866,0.0038934340440814896,-0.2731778396686284,-0.03310203789287269,1.458624534732147,-0.006704604302583794,-0.22997116374317728,0.015489495280326837,0.4232857684051017,1
2021-09-15,0.006143548704017121,0.006124754046658864,0.02059992853361824,0.003163713169271895,146.38109436035157,146.37527963266493,148.5795166015625,147.19109191563055,147.0190444946289,146.87649848721134,144.59226654052733,144.2108299269278,0.9938778293203685,0.9791721473057767,0.989565160190667,1.006173620465578,40.58540921839934,47.83505726931914,50.89807355412487,0.8513390514663968,1.499733380631472,-0.6483943291650753,152.80225777229728,141.23583121696052,147.0190444946289,0.07867298141608668,0.3673643781955451,-0.2380226961022468,85911720.0,0.9693822914964337,-0.009561895731585501,0.06730186134761929,0.0038934340440814896,-0.2731778396686284,-0.03310203789287269,1.458624534732147,-0.010083829073880057,-0.09550634857550533,0
2021-09-16,-0.0016104672505112827,-0.0016117654468828116,0.011761543645174073,0.002357793310227932,145.35020751953124,146.0003949585605,148.21636657714845,146.83827986012528,147.13765411376954,146.72165345131995,144.67888092041017,144.25160622823856,0.9993148829239457,0.9799904623538779,0.9871750809486273,1.0039518185812892,39.58484356656448,47.245546458503995,50.45476328532556,0.6297379772445026,1.3257342999540782,-0.6959963227095756,152.66809818138407,141.60721004615502,147.13765411376954,0.07517374258717328,0.32939629437099416,-0.1830807155988199,84683760.0,0.8033901659538972,0.006143548704017121,-0.2380226961022468,-0.009561895731585501,0.06730186134761929,0.0038934340440814896,-0.2731778396686284,-0.006704604302583794,-0.22997116374317728,0
2021-09-17,-0.018348076429133053,-0.018518490111089306,0.020950382503979233,-0.018545959076672114,144.78204956054688,144.86211531579815,147.4754196166992,146.06505734560676,147.10641479492188,146.3277394112203,144.73812225341797,144.18627092635757,0.9848289650758475,0.9668428569375498,0.9692681058745747,0.9851278558155144,29.82671498229979,41.0487310790306,45.70077633675883,0.23634425769412815,1.1078562915020882,-0.87151203380796,152.73149007878504,141.4813395110587,147.10641479492188,0.07647627456226126,0.09815126584904843,0.9088780479200871,90559090.0,1.434078014697365,-0.0016104672505112827,-0.1830807155988199,0.006143548704017121,-0.2380226961022468,-0.009561895731585501,0.06730186134761929,-0.03310203789287269,1.458624534732147,0
2021-09-20,-0.021360723172925367,-0.02159216520079706,0.024975458265387145,-0.005980532629349378,143.49150390625,143.08801869034983,146.36644744873047,144.8786515444879,146.85015945434571,145.68127141390917,144.69999359130858,144.0040573778515,0.9724605404555612,0.9533593789541924,0.950219093788827,0.9643388501700293,22.448457191257603,35.343368647120315,41.05849870597608,-0.3175278404542894,0.8227794651108128,-1.140307305565102,153.302855963807,140.39746294488444,146.85015945434571,0.08788136878349603,-0.06645574483270683,-0.049202733835994494,97126110.0,1.2713254963057823,-0.018348076429133053,0.9088780479200871,-0.0016104672505112827,-0.1830807155988199,0.006143548704017121,-0.2380226961022468,0.0038934340440814896,-0.2731778396686284,1
2021-09-21,0.003427818970217489,0.003421957389909337,0.012689168354995579,-0.00347391110570195,142.57581481933593,142.06472669363166,145.07198944091797,143.99492266370743,146.54362869262695,145.1419258221269,144.68332305908203,143.84774699833557,0.9820609678971041,0.9651631802927684,0.9554706946276132,0.967755921966337,25.810936699019024,36.828329866144934,42.029518992162416,-0.7096983029278476,0.5162839115030807,-1.2259822144309283,153.64984748880144,139.43740989645246,146.54362869262695,0.0969843432917807,0.04086088680913366,-0.3858545873019601,96481680.0,0.7859937762277771,-0.021360723172925367,-0.049202733835994494,-0.018348076429133053,0.9088780479200871,-0.0016104672505112827,-0.1830807155988199,-0.009561895731585501,0.06730186134761929,1
2021-09-22,0.01687229034933635,0.016731534303495776,0.018717830739077658,0.009691998510564612,141.95494384765624,142.17000761509038,144.16801910400392,143.70140389903477,146.35961456298827,144.8789395017346,144.69167694091797,143.7902106242051,1.0029983148090167,0.987601621655725,0.9728132305017242,0.9840273640352246,40.64105094553596,43.705291418918776,46.59242543220606,-0.8204109375425901,0.24894494169394657,-1.0693558792365367,153.69326976080634,139.0259593651702,146.35961456298827,0.10021419118539583,0.22871337705075692,0.007520373447266415,96680090.0,0.7902795704886083,0.003427818970217489,-0.3858545873019601,-0.021360723172925367,-0.049202733835994494,-0.018348076429133053,0.9088780479200871,0.006143548704017121,-0.2380226961022468,1
2021-09-23,0.00671907018425455,0.006696597838202384,0.009807276601842843,0.0012274663625105743,141.572265625,142.55908324241705,143.46123657226562,143.63519128049577,146.2849319458008,144.73211045367134,144.65073608398438,143.77244685451353,1.0124669112575015,0.9991356405524021,0.9798496167067801,0.9909194960048358,45.76314390281337,46.25672685946588,48.32196884890258,-0.8214870334831232,0.03485854665853261,-0.8563455801416558,153.7091991251331,138.8606647664685,146.2849319458008,0.10150419568958788,0.301482262321035,-0.15138022336439183,97433340.0,0.6654621508407697,0.01687229034933635,0.007520373447266415,0.003427818970217489,-0.3858545873019601,-0.021360723172925367,-0.049202733835994494,-0.0016104672505112827,-0.1830807155988199,1
2021-09-24,0.0006132801717397829,0.0006130921923073707,0.013000297344906176,0.008650243547698696,141.74018249511718,142.84776895523117,143.26111602783203,143.5970002078346,146.25467071533203,144.60763711340354,144.62461517333983,143.75882699280163,1.0118876514484538,1.0011449328162114,0.980653401900716,0.9917062887874044,46.26026433072984,46.49668771546413,48.48293223134094,-0.8059560178239451,-0.13330436623796293,-0.6726516515859822,153.72026830088325,138.7890731297808,146.25467071533203,0.10209038178455379,0.3104953888789244,-0.17520998423768708,88691810.0,0.6029632273825509,0.00671907018425455,-0.15138022336439183,0.01687229034933635,0.007520373447266415,0.003427818970217489,-0.3858545873019601,-0.018348076429133053,0.9088780479200871,0
2021-09-27,-0.010550337198428461,-0.010606386581085552,0.014721052910012848,-0.0006874689123284781,142.21460876464843,142.53583156585725,142.85305633544922,143.29062867679366,146.0970100402832,144.35090565375646,144.60897583007812,143.68640071022546,0.9978718643593084,0.993412114710868,0.9713542854024193,0.98134957372122,39.06879562490754,42.942336623335436,45.89896500395573,-0.9053129615487876,-0.28770608530012787,-0.6176068762486597,153.7862603519035,138.4077597286629,146.0970100402832,0.10526225429938844,0.22786337525979508,0.3865671613881623,85866450.0,0.8635584678299848,0.0006132801717397829,-0.17520998423768708,0.00671907018425455,-0.15138022336439183,0.01687229034933635,0.007520373447266415,-0.021360723172925367,-0.049202733835994494,0
2021-09-28,-0.023801060219075798,-0.024088881597161577,0.021562944680627843,-0.009354250177246955,141.91784057617187,141.201988296509,142.2468276977539,142.42584196425162,145.54984359741212,143.7969433779523,144.60259368896484,143.4843576140524,0.9761584674300106,0.9739008173326031,0.9517997294521012,0.9580346951161538,27.81020307169699,36.27627473199469,40.8021993718501,-1.2422823304902408,-0.47862133433815046,-0.7636609961520904,153.74009378337894,137.3595934114453,145.54984359741212,0.11254220524785834,0.07171382556664407,0.4696058162633663,85834050.0,1.2695695938849443,-0.010550337198428461,0.3865671613881623,0.0006132801717397829,-0.17520998423768708,0.00671907018425455,-0.15138022336439183,0.003427818970217489,-0.3858545873019601,1
2021-09-29,0.00648299413238318,0.0064620699116342325,0.016943206174622714,0.00252685201984292,141.32821044921874,140.61213180542006,141.6415771484375,141.8815832113408,145.110546875,143.38127437274179,144.54204254150392,143.3254580536285,0.9865858937861685,0.9844031789982106,0.9608703283528451,0.9646495675000957,33.73411418488635,38.98833231329792,42.58229986300216,-1.4204879410455362,-0.6669946556796276,-0.7534932853659086,153.61752401525632,136.6035697347437,145.110546875,0.117248226589406,0.1662664094342009,-0.3154040063392256,84966120.0,0.8780205568996207,-0.023801060219075798,0.4696058162633663,-0.010550337198428461,0.3865671613881623,0.0006132801717397829,-0.17520998423768708,0.01687229034933635,0.007520373447266415,0
2021-09-30,-0.009311934993849191,-0.009355562106958275,0.021908170342866597,-0.015035525595486807,140.28757019042968,139.78609893798838,140.92991790771484,141.20021048257428,144.57314224243163,142.88153711849256,144.47014434814454,143.12187276537344,0.9846491247629322,0.9801611698488275,0.9554612361643975,0.9561424183964905,29.632800821360348,36.56549298732787,40.72345308936819,-1.6474947458939937,-0.8630946737225008,-0.7844000721714929,153.41072291315152,135.73556157171174,144.57314224243163,0.12225757196174565,0.13569729775478728,0.19375754001233214,87068380.0,1.0228363040635418,0.00648299413238318,-0.3154040063392256,-0.023801060219075798,0.4696058162633663,-0.010550337198428461,0.3865671613881623,0.00671907018425455,-0.15138022336439183,1
2021-10-01,0.008127141890112544,0.008094294522593231,0.026708711683216035,0.005285412489496864,139.45387573242186,139.60962198893236,140.59702911376954,140.846839138619,144.03622436523438,142.5363114968095,144.3934063720703,142.9702961114694,0.9985858575778851,0.9904666476141212,0.9668169844393137,0.9644253957967185,37.31993888031015,40.03529864760624,42.983108175651914,-1.7170192914617246,-1.0338795972703456,-0.683139694191379,152.79540951346607,135.27703921700268,144.03622436523438,0.12162475359005417,0.22716889793230594,0.06268927548404557,83545460.0,1.1327916561833522,-0.009311934993849191,0.19375754001233214,0.00648299413238318,-0.3154040063392256,-0.023801060219075798,0.4696058162633663,0.0006132801717397829,-0.17520998423768708,0
2021-10-04,-0.024605632606772176,-0.02491341038635239,0.028316820890394293,-0.018481907581205107,138.23751831054688,138.34980455186638,140.22606353759767,139.93471741845815,143.29625549316407,141.89763132356427,144.21382690429687,142.6902911532837,0.9825854177488599,0.9686513780037428,0.9478975511974501,0.9418664811375815,26.868144083317915,33.93413053112491,38.30360057787677,-2.0252618226061543,-1.2321560423375075,-0.7931057802686468,152.20168049446988,134.39083049185825,143.29625549316407,0.12429389687339942,0.080812492703328,0.03890971644005248,81029770.0,1.2134058877373093,0.008127141890112544,0.06268927548404557,-0.009311934993849191,0.19375754001233214,0.00648299413238318,-0.3154040063392256,-0.010550337198428461,0.3865671613881623,1
2021-10-05,0.014158651215949725,0.014059353695518875,0.020409644039086187,0.01161370028956578,138.08132629394532,138.15098359284582,139.99958343505858,139.5381036468848,142.5357864379883,141.50293707130143,144.0643280029297,142.4966852913826,0.9976246996755924,0.9839553682579645,0.9664474102771078,0.9561932754928988,38.201141399471524,39.50639429776332,42.023339239798176,-2.090267044419022,-1.4037782427538106,-0.6864888016652115,150.5638623271983,134.50771054877828,142.5357864379883,0.1126464600902555,0.2021425289706491,-0.1775889424543846,81532480.0,0.9917654902684182,-0.024605632606772176,0.03890971644005248,0.008127141890112544,0.06268927548404557,-0.009311934993849191,0.19375754001233214,-0.023801060219075798,0.4696058162633663,1
2021-10-06,0.006307182378702869,0.006287375344680235,0.02661970971335838,0.018140092902797902,137.91927795410157,138.30804810323838,139.62374420166014,139.37157155181907,141.89588165283203,141.2285789810845,143.97548461914062,142.3447437946234,1.0050964533772848,0.9928266708262018,0.9769288263290251,0.9628179234174601,42.86759440740385,41.890923119227864,43.6353506924603,-2.048067543686102,-1.5326361029402689,-0.5154314407458331,148.97320726631682,134.81855603934724,141.89588165283203,0.09975378469123505,0.26871881360304817,0.029185850798467916,82214160.0,1.0122477685109232,0.014158651215949725,-0.1775889424543846,-0.024605632606772176,0.03890971644005248,0.008127141890112544,0.06268927548404557,0.00648299413238318,-0.3154040063392256,1
2021-10-07,0.009084351643189104,0.009043337127188997,0.01046828159873449,0.001607687204418305,138.26876525878907,138.83252197767976,139.27816772460938,139.46428031086333,141.3697021484375,141.10028286160622,143.9467236328125,142.2481448115622,1.0116635486312113,1.0043316336781944,0.9894727625562062,0.9717586214979099,49.33658887327524,45.25898274860191,45.923588759079145,-1.891209065773296,-1.6043506955068745,-0.2868583702664216,147.3120440134269,135.4273602834481,141.3697021484375,0.08406811041802961,0.37477728009530586,-0.25820855528225417,81903610.0,0.7537237980108569,0.006307182378702869,0.029185850798467916,0.014158651215949725,-0.1775889424543846,-0.024605632606772176,0.03890971644005248,-0.009311934993849191,0.19375754001233214,0
2021-10-08,-0.0027219657058282776,-0.0027256769906700206,0.011336565335062299,-0.00784562169263126,138.31757507324218,139.0552537061485,138.88572540283204,139.4709051930856,141.07342071533202,140.94794327127096,143.89748046875,142.14040255083765,1.0085538087926806,1.0044280415317712,0.9888518790834484,0.9694451682451877,47.44172626559932,44.42064026159302,45.33923735696671,-1.7771354306970295,-1.6389076425449056,-0.1382277881521239,146.76267773897328,135.38416369169076,141.07342071533202,0.08065668209919498,0.36178304603651795,-0.04794055662558094,82433140.0,0.7129802407138682,0.009084351643189104,-0.25820855528225417,0.006307182378702869,0.029185850798467916,0.014158651215949725,-0.1775889424543846,0.008127141890112544,0.06268927548404557,0
2021-10-11,-0.0006294901763983507,-0.0006296883885255313,0.021006932646778706,0.0037955526106450413,139.03412170410155,139.17447008144276,138.6358200073242,139.46035930925754,140.74443817138672,140.8017489437243,143.84219268798827,142.03344177755113,1.0027243753064865,1.0056052095675272,0.9905393395529134,0.9692072974334818,46.95646751516737,44.21721013448008,45.19995754923789,-1.6745143762832697,-1.6460289892925783,-0.028485386990691364,146.00244325569673,135.4864330870767,140.74443817138672,0.07471705671107598,0.3733801776524717,0.0966256729257553,81463290.0,0.7911809110582202,-0.0027219657058282776,-0.04794055662558094,0.009084351643189104,-0.25820855528225417,0.006307182378702869,0.029185850798467916,-0.024605632606772176,0.03890971644005248,0
2021-10-12,-0.009103203348654887,-0.00914489068934186,0.01561731891495764,-0.012008666285063726,139.11221313476562,138.8309129970035,138.59676971435547,139.22098467632435,140.4217987060547,140.54861083747676,143.76815032958984,141.88090675992657,0.9930386104511005,0.9967317356157431,0.9837774483810863,0.9608790160506971,40.04948394223352,41.27525072259548,43.1867631266026,-1.6762695461990802,-1.6520771006738788,-0.02419244552520139,145.48293352928783,135.36066388282154,140.4217987060547,0.07208474567154112,0.2749516701795291,0.1331793173855973,77869650.0,0.9379251094617737,-0.0006294901763983507,0.0966256729257553,-0.0027219657058282776,-0.04794055662558094,0.009084351643189104,-0.25820855528225417,0.014158651215949725,-0.1775889424543846,0
2021-10-13,-0.0042397368853573925,-0.004248750054450806,0.015612780434791496,-0.002336461471397018,138.89939880371094,138.40664382091902,138.40933837890626,138.9186430022199,140.02545776367188,140.26380080235992,143.6465234375,141.71138514066476,0.9903434187151781,0.9938498881641502,0.9823792592123772,0.9576152779541577,37.11042178485333,39.95406438638678,42.274359273988246,-1.7052638698588112,-1.6627144545108652,-0.042549415347945985,144.66224983694246,135.3886656904013,140.02545776367188,0.06622784381246352,0.23393757408863908,0.0784107541633634,78285720.0,1.0060928097742474,-0.009103203348654887,0.1331793173855973,-0.0006294901763983507,0.0966256729257553,-0.0027219657058282776,-0.04794055662558094,0.006307182378702869,0.029185850798467916,1
2021-10-14,0.02022549508552851,0.02002367647627267,0.016485882488426716,0.011610681087874034,138.991162109375,139.05119129890696,138.62996368408204,139.17712359361315,139.77994079589843,140.27108513117165,143.5885336303711,141.6576165569086,1.0097065462654824,1.0123373225048111,1.0040087687531831,0.9773780865828047,55.292813894636474,48.40294206936032,47.77736062594944,-1.486606666198611,-1.6274928968484144,0.14088623064980332,143.7571350324761,135.80274655932075,139.77994079589843,0.05690650910183211,0.570444819344121,-0.11243393128981105,76370760.0,0.9153647285950801,-0.0042397368853573925,0.0784107541633634,-0.009103203348654887,0.1331793173855973,-0.0006294901763983507,0.0966256729257553,0.009084351643189104,-0.25820855528225417,1
2021-10-15,0.007512497362009318,0.007484419091305721,0.009596792493737401,0.00744238738006801,139.36993713378905,139.83232496099006,138.84375610351563,139.58029971934823,139.72039260864258,140.3780858125035,143.5494854736328,141.647301879585,1.0145272014396018,1.0183719905973938,1.0119825005158918,0.9849884993919231,60.359661318483724,51.20487581044936,49.68585801869337,-1.2142484709877408,-1.5448440116762798,0.330595540688539,143.5610975656428,135.87968765164237,139.72039260864258,0.054977013523831754,0.717954736859207,-0.028134481333083494,73700830.0,0.921839007783223,0.02022549508552851,-0.11243393128981105,-0.0042397368853573925,0.0784107541633634,-0.009103203348654887,0.1331793173855973,-0.0027219657058282776,-0.04794055662558094,1
2021-10-18,0.0118061571892365,0.011737008238914867,0.025110833156936633,0.02161036019146183,140.1001403808594,140.9095229964543,139.56713104248047,140.21368505535452,139.89659729003907,140.63387945582534,143.55749084472657,141.70285549479274,1.0211547160371606,1.0250545239325584,1.0226404490080423,0.9965618528546336,67.2218987883106,55.34019553993854,52.567704651217696,-0.8538591619584395,-1.406647041732712,0.5527878797742725,144.002219672003,135.79097490807513,139.89659729003907,0.05869509997376139,0.8857297971749467,0.2597707104619791,72427550.0,1.1817215962710321,0.007512497362009318,-0.028134481333083494,0.02022549508552851,-0.11243393128981105,-0.0042397368853573925,0.0784107541633634,-0.0006294901763983507,0.0966256729257553,1
2021-10-19,0.015080253634955465,0.014967676988716875,0.01761222918751242,0.011903952556903394,141.51565246582032,142.3468017486128,140.31393280029297,141.12417127309544,140.1567581176758,141.0707822936448,143.60962127685548,141.84083603432754,1.0261858439157774,1.0349746198021645,1.0361352617117587,1.011223050111434,74.00666122648498,60.052218690852044,55.98854803864336,-0.38966878638521507,-1.2032513906632127,0.8135826042779977,144.8740734403228,135.43944279502878,140.1567581176758,0.06731484640485687,1.0368096882287714,-0.10761053964752565,71979330.0,1.0611226861933836,0.0118061571892365,0.2597707104619791,0.007512497362009318,-0.028134481333083494,0.02022549508552851,-0.11243393128981105,-0.009103203348654887,0.1331793173855973,1
2021-10-20,0.0033608529038973156,0.003355217859949273,0.010920574452639642,0.0037659554141662934,143.1459167480469,143.46767679236947,141.0226577758789,141.95785411069315,140.32320098876954,141.51255796852462,143.6810794067383,141.99254547925128,1.0179083706337777,1.033234156680357,1.038384428613087,1.014117011658874,75.35314284812415,61.053340076009,56.729821202097966,0.01738797140069437,-0.9591235182504314,0.9765114896511258,145.55001738472308,135.096384592816,140.32320098876954,0.07449682389118034,1.0152491959812426,-0.23514478475076228,69499100.0,0.8405691584495338,0.015080253634955465,-0.10761053964752565,0.0118061571892365,0.2597707104619791,0.007512497362009318,-0.028134481333083494,-0.0042397368853573925,0.0784107541633634,1
2021-10-21,0.001473838734144861,0.0014727536998173046,0.011841077890363174,0.004502373361584903,144.2626953125,144.2865108872958,141.6269287109375,142.6790041045941,140.45254821777343,141.93271235982215,143.7517562866211,142.14672718897276,1.0115170714164834,1.0303420430374628,1.0389571490785001,1.0151123217318878,75.99156309556867,61.510406892226634,57.06392532242269,0.35324015951741217,-0.6966507826968628,1.049890942214275,146.08371135924543,134.82138507630142,140.45254821777343,0.08018598755133745,0.9858348730014518,0.051390990571528405,69467930.0,0.8841633830171707,0.0033608529038973156,-0.23514478475076228,0.015080253634955465,-0.10761053964752565,0.0118061571892365,0.2597707104619791,0.02022549508552851,-0.11243393128981105,0
2021-10-22,-0.005284793816184741,-0.00529880773460984,0.010357073514338486,-0.006680472868529847,145.01437683105468,144.57534055084045,142.19215698242186,143.12882151792783,140.53894119262696,142.23940640916572,143.7478512573242,142.26462023559853,1.0009559262323109,1.0208228284762138,1.0328311758018622,1.0097750930418439,68.55227377799392,58.83995840500025,55.44957294545401,0.5508281182521841,-0.4471550025070534,0.9979831207592376,146.3982697949279,134.67961259032603,140.53894119262696,0.08338370209108036,0.8937361256280115,-0.04131485973852589,69478950.0,0.8474998542724091,0.001473838734144861,0.051390990571528405,0.0033608529038973156,-0.23514478475076228,0.015080253634955465,-0.10761053964752565,0.007512497362009318,-0.028134481333083494,0
2021-10-25,-0.0003364958618157221,-0.0003365524892518532,0.011773412319603892,-0.00026898902409848755,145.42242431640625,144.7516125319405,142.76128234863282,143.4879733317847,140.69855117797852,142.5122397505919,143.73886993408203,142.37597459867862,0.9978114254128156,1.016411131274279,1.031312371586465,1.009498381062024,68.05994537257871,58.666234756922606,55.34544715027032,0.6954599172064775,-0.21863201856434725,0.9140919357708247,146.86467103290695,134.53243132305008,140.69855117797852,0.08765008315016014,0.857242919357204,-0.138626505942252,68105790.0,0.7447325697271847,-0.005284793816184741,-0.04131485973852589,0.001473838734144861,0.051390990571528405,0.0033608529038973156,-0.23514478475076228,0.0118061571892365,0.2597707104619791,1
2021-10-26,0.0045751921279943986,0.004564757750573271,0.012255570193491971,-6.692899426357564e-05,145.5317596435547,145.09042031751764,143.5237060546875,143.90253016030965,141.06023788452148,142.82231557326617,143.70372619628907,142.5089966100509,1.0016235373343652,1.0156373458829806,1.0333743801566846,1.0143650394253738,71.32551461652656,60.378555121113685,56.5109485655549,0.8538090000853629,-0.004143814834405235,0.8579528149197682,147.517861666257,134.60261410278596,141.06023788452148,0.09155838496489753,0.8645147319874638,0.20056545072416343,66891540.0,0.9103303646470092,-0.0003364958618157221,-0.138626505942252,-0.005284793816184741,-0.04131485973852589,0.001473838734144861,0.051390990571528405,0.015080253634955465,-0.10761053964752565,0
2021-10-27,-0.0031478938567708337,-0.003152858896988566,0.008330468145985028,-0.003414532035028526,145.451708984375,145.16333807300657,144.29881286621094,144.15828351006869,141.35407562255858,143.05915919333455,143.6775634765625,142.61880747177378,0.999020050012572,1.0070018643792324,1.0279800772917693,1.0113560535684336,65.8929814848254,58.57241653267742,55.46040850916683,0.9315372543876208,0.18299239901,0.7485448553776208,148.02012950605206,134.6880217390651,141.35407562255858,0.0943171090629614,0.7966596153099985,-0.07880164352787,64624760.0,0.868009413110393,0.0045751921279943986,0.20056545072416343,-0.0003364958618157221,-0.138626505942252,-0.005284793816184741,-0.04131485973852589,0.0033608529038973156,-0.23514478475076228,1
2021-10-28,0.024991961551539266,0.02468477017087763,0.022612550190882423,0.018355358867716817,146.05502014160157,146.42247033643147,145.1588577270508,145.0278201197437,141.8944107055664,143.619309257139,143.79880950927733,142.86672619300938,1.0197577236227962,1.0260533679821435,1.049658926822256,1.0357577741537016,79.97543535206157,66.98879738815978,61.420309586377876,1.271516846227712,0.40069728845354247,0.8708195577741695,149.15431231786806,134.63450909326474,141.8944107055664,0.10232822527965664,0.9852906095707336,0.7840819753667445,67641840.0,1.4795265770416652,-0.0031478938567708337,-0.07880164352787,0.0045751921279943986,0.20056545072416343,-0.0003364958618157221,-0.138626505942252,0.001473838734144861,0.051390990571528405,0
2021-10-29,-0.0181556565017037,-0.018322492867526876,0.023564744375053247,0.017524805119291578,146.27174377441406,146.3605195716184,145.64306030273437,145.2476015601525,142.243408203125,143.86857676045838,143.85933502197267,142.99887881453813,0.9997598597547586,1.0040754275419923,1.0280730748040348,1.016525052195302,58.86237375560209,57.60436650682004,55.603118335984036,1.3076793800597102,0.582093706774776,0.7255856732849342,149.63248054661062,134.85433585963938,142.243408203125,0.10389335346821772,0.7702104982357963,0.24855937224901803,73343130.0,1.7036796766104747,0.024991961551539266,0.7840819753667445,-0.0031478938567708337,-0.07880164352787,0.0045751921279943986,0.20056545072416343,-0.005284793816184741,-0.04131485973852589,0
2021-11-01,-0.005607400767318693,-0.0056231812583415796,0.012755060491733368,-0.0002013475950792066,146.33423461914063,146.04588328700342,145.87832946777343,145.27833049790175,142.72273025512695,144.01600856591696,143.87436859130858,143.0936918303513,0.9937292602530402,0.9968349051453733,1.0188749224305826,1.0107193667750909,53.834394195919685,55.08430801039837,53.97540168967121,1.2556958307874595,0.7168141315773128,0.5388816992101467,149.6123825498517,135.8330779604022,142.72273025512695,0.0965459710924674,0.6955019170349954,-0.4030701094489777,72243040.0,1.032463473297912,-0.0181556565017037,0.24855937224901803,0.024991961551539266,0.7840819753667445,-0.0031478938567708337,-0.07880164352787,-0.0003364958618157221,-0.138626505942252,1
2021-11-02,0.007115932458924723,0.00709073368278426,0.019464160409108817,0.009148396184912698,146.4709045410156,146.18105069068457,146.00133209228517,145.49161322520087,143.15763244628906,144.24794922611983,143.88042114257811,143.22536609182959,0.9998667377454252,1.003082529448959,1.0230078759719192,1.0178687575074656,58.991483835830856,57.60479655539143,55.693943705987046,1.2832041911140664,0.8300921434846635,0.4531120476294028,149.8323877594342,136.48287713314392,143.15763244628906,0.09325042890255153,0.7467321195483496,-0.07328629289043997,71517350.0,0.9665067287867909,-0.005607400767318693,-0.4030701094489777,-0.0181556565017037,0.24855937224901803,0.024991961551539266,0.7840819753667445,0.0045751921279943986,0.20056545072416343,1
2021-11-03,0.009798873454625934,0.009751175829683163,0.014192315126567039,0.007314356725712924,146.98635864257812,146.74951515772202,146.21903381347656,145.9270370191274,143.62084579467773,144.59447254666048,143.91693298339842,143.40815346437734,1.0061235985266324,1.0114035104379595,1.0297004120364066,1.027581960135687,65.26883079122675,60.88317239677973,57.978764100145995,1.4046105243059515,0.9449958196489212,0.45961470465703025,150.2580404569987,136.98365113235675,143.62084579467773,0.09242661990460077,0.8213404543740993,-0.2113726454674344,71126620.0,0.7664008215208314,0.007115932458924723,-0.07328629289043997,-0.005607400767318693,-0.4030701094489777,-0.0181556565017037,0.24855937224901803,-0.0031478938567708337,-0.07880164352787,0
2021-11-04,-0.0034990093775350006,-0.0035051452279603874,0.011857400679145516,-0.004090217111083831,146.67200927734376,146.9560061175178,146.36351470947267,146.18920993148774,143.99522171020507,144.85871211717944,143.9676950073242,143.56348031036686,1.004751954808553,1.006869699252799,1.0234297102836796,1.0236253906101096,61.32011678599999,59.108252890428545,56.86843082611871,1.442443943107378,1.0444854443406126,0.39795849876676526,150.5910424369362,137.39940098347395,143.99522171020507,0.09161166111477528,0.7557503051311961,0.10792401603331414,71023980.0,0.8503409693458462,0.009798873454625934,-0.2113726454674344,0.007115932458924723,-0.07328629289043997,-0.005607400767318693,-0.4030701094489777,0.024991961551539266,0.7840819753667445,1
2021-11-05,0.0035826354471444333,0.003576233095741625,0.01414595060098127,-0.004016068291545014,147.0040771484375,147.2696565441655,146.63791046142578,146.4997094707556,144.41503372192383,145.14806881053957,144.04502685546876,143.73342058829212,1.0060738468370634,1.0085860943604101,1.0241105346569503,1.0267411560543296,63.91857403808591,60.37749153225031,57.73556052486451,1.497764616861815,1.1351412788448532,0.3626233380169619,150.88067186585585,137.94939557799182,144.41503372192383,0.08954245243444423,0.7692637291189024,0.08393631218685105,71682030.0,0.9132539912722896,-0.0034990093775350006,0.10792401603331414,0.009798873454625934,-0.2113726454674344,0.007115932458924723,-0.07328629289043997,-0.0181556565017037,0.24855937224901803,0
2021-11-08,-0.005552600831048471,-0.005568073822521573,0.009372531502440988,-0.006406453980859898,147.33590393066407,147.2050192390791,146.83506927490234,146.60444313587388,144.79817581176758,145.33165698371735,144.08523834228515,143.8644921192966,0.9982342436920179,1.001639086324489,1.0157292645737432,1.0207551191296704,56.97321198481436,57.39347126349698,55.90013023490986,1.4585286319486954,1.1998187494656216,0.2587098824830738,150.93241569804633,138.66393592548883,144.79817581176758,0.08472813765627876,0.6856439313885658,-0.1595230348329385,72112060.0,0.7629916549326146,0.0035826354471444333,0.08393631218685105,-0.0034990093775350006,0.10792401603331414,0.009798873454625934,-0.2113726454674344,-0.005607400767318693,-0.4030701094489777,1
2021-11-09,0.0024591347680136266,0.002456116044063161,0.009084246000701877,0.004061255810556094,147.53311157226562,147.28248739473764,147.00200805664062,146.755894148634,145.26285705566406,145.53220619536853,144.04443420410155,144.00460708348322,0.999351414301568,1.002961970759245,1.0149698738856372,1.0235551586612885,59.248447970118,58.36934213004914,56.539056367135814,1.4400186712115044,1.2478587338147982,0.19215993739670623,150.67600434999383,139.84970976133428,145.26285705566406,0.07452899390868352,0.7008597339175003,0.03211506900105232,71701510.0,0.7920042409148705,-0.005552600831048471,-0.1595230348329385,0.0035826354471444333,0.08393631218685105,-0.0034990093775350006,0.10792401603331414,0.007115932458924723,-0.07328629289043997,0
2021-11-10,-0.019163237846597903,-0.019349232698575705,0.015413729093565805,-0.013998173868210836,146.87823181152345,146.39234002585374,146.9322952270508,146.36610344671618,145.61555404663085,145.44457182324638,143.9723080444336,144.02842818954608,0.9845709844441379,0.9842087137114449,0.9931085057148252,1.0044434742509991,39.9804908843551,48.93933201703763,50.5337223144674,1.1837197834886979,1.2350309437495781,-0.05131116026088023,149.74067886274423,141.49042923051746,145.61555404663085,0.05665774982791172,0.3783662551706256,0.14790474731412862,72610730.0,0.8977612537430762,0.0024591347680136266,0.03211506900105232,-0.005552600831048471,-0.1595230348329385,0.0035826354471444333,0.08393631218685105,0.009798873454625934,-0.2113726454674344,0
2021-11-11,-0.00033764908658007187,-0.00033770610286759883,0.011834720077005043,-0.007317478165622262,146.31707763671875,145.78263240493115,146.49454345703126,146.0383059406016,145.82670059204102,145.36063328418348,143.88592987060548,144.04940030615546,0.9880132893442052,0.986816394328627,0.9913357195642124,1.0047071127322145,39.720050279388076,48.79262204822474,50.4365110986329,0.9655310064011644,1.1811309562798955,-0.2155999498787311,149.2169978979307,142.43640328615135,145.82670059204102,0.0464976206980673,0.31366185396777124,-0.37104120293739096,66702940.0,0.614665560468549,-0.019163237846597903,0.14790474731412862,0.0024591347680136266,0.03211506900105232,-0.005552600831048471,-0.1595230348329385,-0.0034990093775350006,0.10792401603331414,1
2021-11-12,0.014336778341361267,0.014234978568292943,0.019467951610138402,0.01051009158769121,146.06484375,146.06701759124317,146.53446044921876,146.1469390357408,146.08876037597656,145.48207658701048,143.8187451171875,144.15082727312455,1.0039088407532506,1.000691492733776,1.003744487847544,1.0195874525562318,54.422691655626494,54.96404079689973,54.350335214268995,0.94891546422798,1.1346878578695123,-0.1857723936415323,148.8130258122283,143.36449493972484,146.08876037597656,0.03729603056717725,0.6003990985260363,0.5561951219512196,60588020.0,1.0530794701658843,-0.00033764908658007187,-0.37104120293739096,-0.019163237846597903,0.14790474731412862,0.0024591347680136266,0.03211506900105232,0.0035826354471444333,0.08393631218685105,1
2021-11-15,6.659782809914638e-05,6.65956105622475e-05,0.016333414713541675,-0.0024605648015028577,145.9788055419922,146.2598629237845,146.65735473632813,146.23759622721832,146.2678421020508,145.59288392052065,143.73906524658204,144.24865967766348,1.0045674304869086,0.999919532522033,1.0025823276079568,1.020220587474248,54.48371931412455,54.9915654425324,54.36816258756669,0.9258627620782534,1.0929228387112606,-0.16706007663300726,148.61846156437346,143.91722263972812,146.2678421020508,0.03214130226495919,0.5803429676454679,-0.07180114099429502,59051470.0,1.0029013672309937,0.014336778341361267,0.5561951219512196,-0.00033764908658007187,-0.37104120293739096,-0.019163237846597903,0.14790474731412862,-0.005552600831048471,-0.1595230348329385,1
2021-11-16,0.006666727016929164,0.006644602669258666,0.014238471226976577,0.0070694780667886255,146.01596069335938,146.7143084368199,146.7745361328125,146.48952408824965,146.38793411254883,145.78624730550828,143.63227478027343,144.3809945712018,1.0110072814088216,1.0057820883133992,1.008438300313686,1.0277857096444545,60.63930167854755,57.77390091998915,56.16751681312292,0.9752392302639521,1.0693861170217989,-0.09414688675784677,148.757764683945,144.01810354115267,146.38793411254883,0.03237740303888905,0.760623135943015,0.0005639719837629009,58064890.0,1.020516873449687,6.659782809914638e-05,-0.07180114099429502,0.014336778341361267,0.5561951219512196,-0.00033764908658007187,-0.37104120293739096,0.0024591347680136266,0.03211506900105232,1
2021-11-17,0.01649013285670553,0.01635564706099634,0.026125443763923277,0.01649010260373552,147.1050567626953,147.82871416946847,146.99164428710938,147.13825164216163,146.60533905029297,146.1930357178185,143.60501983642578,144.60360363251803,1.0200704784529135,1.0208575212728954,1.0235474820142012,1.0449323136871511,71.74125205356897,63.7782613961347,60.26406992627905,1.1970019215531238,1.0949092779280638,0.10209264362505999,149.43873688404855,143.77194121653739,146.60533905029297,0.038653405832424506,1.1091955290120497,0.4986954951549374,61494440.0,1.4441468204279932,0.006666727016929164,0.0005639719837629009,6.659782809914638e-05,-0.07180114099429502,0.014336778341361267,0.5561951219512196,-0.019163237846597903,0.14790474731412862,1
2021-11-18,0.02853591101231734,0.02813634541024196,0.03559888066770231,0.027063874969859184,149.0603240966797,149.99899405731492,147.6887008666992,148.44757931322457,147.02610778808594,146.96889458593176,143.68370971679687,144.9854056011647,1.0354167332475679,1.045032916717925,1.0497424991720723,1.0741618109472104,82.1015078246607,71.46467927157224,66.11345095227512,1.6986928673340174,1.2156659958092546,0.48302687152476276,151.40683579159693,142.64537978457494,147.02610778808594,0.05959115791632188,1.3347295288660255,0.5519913970745549,69237750.0,1.990643832302465,0.01649013285670553,0.4986954951549374,0.006666727016929164,0.0005639719837629009,6.659782809914638e-05,-0.07180114099429502,-0.00033764908658007187,-0.37104120293739096,1
2021-11-19,0.016976020378856926,0.016833538006587455,0.027966399301260533,0.01839523798001304,151.12509155273438,152.3192044529235,148.5949676513672,149.99522402793656,147.61643905639647,147.92039274385644,143.91437530517578,145.45498284206573,1.0386073128655167,1.0562916613192348,1.0632936700510343,1.090645912969444,85.81415153146536,74.96530225899188,69.04138295044109,2.2814057964854157,1.428813955944487,0.8525918405409287,153.68521660848185,141.5476615043111,147.61643905639647,0.0822236004455685,1.2697749758955663,-0.14889677474121676,74421920.0,1.5762237792306353,0.02853591101231734,0.5519913970745549,0.01649013285670553,0.4986954951549374,0.006666727016929164,0.0005639719837629009,0.014336778341361267,0.5561951219512196,1
2021-11-22,0.0029275246619211437,0.00292324780663111,0.029188900903823905,-0.004082066014462248,153.2798065185547,154.01917910793858,149.62930603027343,151.34502482612422,148.2321876525879,148.82503423662905,144.1429067993164,145.92416502151292,1.0270050047258703,1.0520608067654826,1.061976692855079,1.0921045781124439,86.39170566658673,75.53221639140034,69.52625171190672,2.7486038625762035,1.6927719372708303,1.0558319253053732,155.53079756483982,140.93357774033598,148.2321876525879,0.09847537202051806,1.1293623632329672,0.0013835656609744174,80666620.0,1.4562144788017646,0.016976020378856926,-0.14889677474121676,0.02853591101231734,0.5519913970745549,0.01649013285670553,0.4986954951549374,6.659782809914638e-05,-0.07180114099429502,1
2021-11-23,0.002422208048760144,0.002419279231361041,0.016975437897268814,0.0017999537842023864,155.31525268554688,155.27959617124293,150.6656066894531,152.5187349118928,148.83380737304688,149.6798338615074,144.40698364257813,146.38990091470265,1.0160008599885306,1.0473553571061809,1.0602458747986614,1.0927479150760713,86.907740715152,76.01754258090295,69.93650479487101,3.1137363564832583,1.9769648211133162,1.1367715353699421,157.13547986596345,140.53213488013031,148.83380737304688,0.11155627393322952,1.0400491848151976,-0.18239876596074334,84592020.0,1.135354138605509,0.0029275246619211437,0.0013835656609744174,0.016976020378856926,-0.14889677474121676,0.02853591101231734,0.5519913970745549,0.006666727016929164,0.0005639719837629009,1
2021-11-24,0.0032834349084363,0.003278056206566421,0.015437816242497505,0.0074028145655132644,156.96745910644532,156.29258336058123,152.0362579345703,153.5732481532319,149.48427658081056,150.5025694689122,144.66365631103517,146.8576913784107,1.0086075078268055,1.0413210630808287,1.0590983972396018,1.0943906837171584,87.650163272701,76.69402831480168,70.5030825983529,3.4056567518048837,2.2627032072516298,1.142953544553254,158.58003463889017,140.38851852273095,149.48427658081056,0.12169518114050587,0.9856264371829849,-0.2767365077117383,85019670.0,0.817029753232399,0.002422208048760144,-0.18239876596074334,0.0029275246619211437,0.0013835656609744174,0.016976020378856926,-0.14889677474121676,0.01649013285670553,0.4986954951549374,0
2021-11-26,-0.031678660391024516,-0.03219128438692217,0.02608249729971684,-0.017296544707284107,156.76019592285155,155.29613487873385,152.91026000976564,153.52415538265137,149.70240173339843,150.76929979711477,144.8247085571289,147.11045790925888,0.977947475840654,1.0025699904326129,1.0240532960055864,1.0585433897459953,53.43247426822104,59.26695999585384,59.16945381334076,3.1954759159875152,2.449257748998807,0.746218166988708,158.94363032796753,140.46117313882934,149.70240173339843,0.1234613271071841,0.6948245379276072,0.10791551258500864,88615650.0,0.8684673643989521,0.0032834349084363,-0.2767365077117383,0.002422208048760144,-0.18239876596074334,0.0029275246619211437,0.0013835656609744174,0.02853591101231734,0.5519913970745549,1
2021-11-29,0.021873853188865366,0.021638052841190622,0.014977590320763056,0.005459060065458598,156.6995849609375,155.74961339734602,153.91233825683594,154.09368539209117,150.22339935302733,151.3299922387772,145.10612884521484,147.48481526319267,0.9997254968711122,1.017829838782353,1.042824028142413,1.079599956812826,64.30307470591165,64.99442757044675,63.31015629229132,3.2618909502699864,2.6117843892530432,0.6501065610169432,159.79336868444076,140.6534300216139,150.22339935302733,0.12740983591942098,0.8361124188990915,0.15317607374239528,91110070.0,0.9740767403647039,-0.031678660391024516,0.10791551258500864,0.0032834349084363,-0.2767365077117383,0.002422208048760144,-0.18239876596074334,0.016976020378856926,-0.14889677474121676,1
2021-11-30,0.031577696511372544,0.031089374503789718,0.033877834241552704,0.03318955794910982,157.53644409179688,157.70088362231922,155.4081253051758,155.45909242485016,151.03274002075196,152.30841431815708,145.5474008178711,148.0384861968818,1.0258161214943946,1.039864703051556,1.069989354957483,1.110314737083392,74.53425916826804,71.38628628706867,68.29110118187799,3.671373777854228,2.8237022669732803,0.8476715108809478,161.53246062959462,140.5330194119093,151.03274002075196,0.13903900051604703,1.0033793014745191,0.9611451274504723,102592600.0,1.6964976031409673,0.021873853188865366,0.15317607374239528,-0.031678660391024516,0.10791551258500864,0.0032834349084363,-0.2767365077117383,0.0029275246619211437,0.0013835656609744174,0
2021-12-01,-0.0032062606542520022,-0.0032114117213328805,0.035018535673032744,-0.01618098593390715,158.19341430664062,158.8290162055696,156.75433349609375,156.48203586979926,151.76443481445312,153.14430641852977,145.9687435913086,148.5501252233598,1.0182805781018427,1.0276288876956916,1.0614165405024756,1.1035601006684406,72.01212691923939,69.94564561197843,67.28647777674462,3.909021318790934,3.0407660773368113,0.8682552414541229,162.90515200190066,140.6237176270056,151.76443481445312,0.14681591508666905,0.9183234526462609,-0.12637655912359858,111872230.0,1.359162144171078,0.031577696511372544,0.9611451274504723,0.021873853188865366,0.15317607374239528,-0.031678660391024516,0.10791551258500864,0.002422208048760144,-0.18239876596074334,0
2021-12-02,-0.006129933214200967,-0.006148798389159412,0.03908154684395291,0.031623969005646006,158.5492706298828,159.25195725553598,157.75836486816405,157.13945468537554,152.37500457763673,153.8065476506192,146.32308898925783,149.0029767579523,1.0097671135252393,1.0148294798140165,1.050683081514837,1.094139280829577,66.97337356496155,67.16386137405895,65.3624169517517,3.971894857302601,3.2269918333299694,0.7449030239726318,163.92947390979018,140.82053524548328,152.37500457763673,0.15165832958208467,0.8341925343270044,-0.10071060982226532,116665450.0,1.172062508651876,-0.0032062606542520022,-0.12637655912359858,0.031577696511372544,0.9611451274504723,0.021873853188865366,0.15317607374239528,0.0032834349084363,-0.2767365077117383,0
2021-12-03,-0.01172455045532994,-0.011793825004698937,0.032377691619715196,-0.013291110095016254,159.53277587890625,158.90822622374276,158.1464859008789,157.33605640806294,152.91759338378907,154.22694922295605,146.62075958251953,149.36445861686227,0.9917759111786164,1.0004696801124238,1.0346799256973487,1.0791157037425394,57.97659511818676,62.1072474945483,61.833248160589434,3.8261528008716823,3.3468240268383123,0.47932877403337004,164.49993735191333,141.3352494156648,152.91759338378907,0.15148477963624712,0.7289334003100764,-0.13687442957103746,114684990.0,1.0291067732577732,-0.006129933214200967,-0.10071060982226532,-0.0032062606542520022,-0.12637655912359858,0.031577696511372544,0.9611451274504723,-0.031678660391024516,0.10791551258500864,1
2021-12-06,0.021503003716020874,0.021275075766586857,0.021775985628015516,0.006269487370980917,160.52605895996095,159.81314609577643,158.61282196044922,158.11549812293217,153.6038948059082,154.93133366265965,146.98471649169923,149.84518517462624,1.0068333259222193,1.018978061434057,1.0522063001336546,1.0995904179532243,67.27306239833237,66.96235487846664,65.38972223943824,3.9397668473367844,3.465412590938007,0.47435425639877726,165.53629052719054,141.67149908462585,153.6038948059082,0.15536579637332715,0.8360218359014395,-0.08918677784264262,113704130.0,0.9454098105319482,-0.01172455045532994,-0.13687442957103746,-0.006129933214200967,-0.10071060982226532,-0.0032062606542520022,-0.12637655912359858,0.021873853188865366,0.15317607374239528,1
2021-12-07,0.03544605406809809,0.03483230399049069,0.018927477694783687,0.012420101857018346,161.67575073242188,162.3260583753744,159.60609741210936,159.79484081595726,154.6177017211914,156.11424311712733,147.49351501464844,150.53172234168287,1.0351081233668902,1.0485306366614617,1.082359141751708,1.1346389223821103,77.1872884990828,73.19126547822682,70.28529570346066,4.440889109561567,3.6605078946627194,0.7803812148988478,167.56177126572962,141.67363217665317,154.6177017211914,0.1674332162546192,0.991892490594356,0.12008149064625062,113997880.0,1.0562073610491705,0.021503003716020874,-0.08918677784264262,-0.01172455045532994,-0.13687442957103746,-0.006129933214200967,-0.10071060982226532,0.031577696511372544,0.9611451274504723,1
2021-12-08,0.022783253870295672,0.022527591471659673,0.03004346419130561,0.017138191277288103,163.69163513183594,165.27227337329649,160.9425247192383,161.86208855289968,155.8040657043457,157.54762028398574,148.146123046875,151.34085885256357,1.045653330002391,1.06351446684296,1.0985894533326448,1.155377541098273,81.53146950490948,76.38274749375242,72.9582857244778,5.087054459537455,3.945817207637667,1.1412372518997884,170.16959641519153,141.43853499349987,155.8040657043457,0.18440508141945294,1.034635231164756,-0.0282919204620391,116093580.0,1.0077981917690884,0.03544605406809809,0.12008149064625062,0.021503003716020874,-0.08918677784264262,-0.01172455045532994,-0.13687442957103746,-0.0032062606542520022,-0.12637655912359858,0
2021-12-09,-0.002969926320153027,-0.0029743453028641554,0.016212201367067244,-0.0020010639539621193,165.80333862304687,167.0669678527055,162.17630462646486,163.461046418104,157.10628128051758,158.79607138184647,148.77060180664063,152.09832936075807,1.0292697253793537,1.0522890949118022,1.0862478280343981,1.147110751311795,79.18594784564004,75.09909052528035,72.05094905325224,5.494785370625635,4.255610840235261,1.2391745303903745,171.89314223894385,142.3194203220913,157.10628128051758,0.1882402261437775,0.9581795814913768,-0.06901945231963724,120039590.0,0.9073981342322146,0.022783253870295672,-0.0282919204620391,0.03544605406809809,0.12008149064625062,0.021503003716020874,-0.08918677784264262,-0.006129933214200967,-0.10071060982226532,1
2021-12-10,0.02801316328889092,0.027627971706723646,0.02752857356041686,0.024199475326196714,169.24658203125,169.8569723021943,164.38967895507812,165.63848910593453,158.64996948242188,160.38091993606795,149.51666076660158,153.01357060940177,1.0365762138037085,1.0672019211687407,1.1058116290442146,1.1733607499102219,84.17946782167441,78.72083430115852,75.10778054547822,6.132974379106827,4.631083548009574,1.5018908310972527,174.29786341005482,143.00207555478895,158.64996948242188,0.19726311928936985,1.0363984379107232,0.059482004375539965,123883880.0,0.9315392769422463,-0.002969926320153027,-0.06901945231963724,0.022783253870295672,-0.0282919204620391,0.03544605406809809,0.12008149064625062,-0.01172455045532994,-0.13687442957103746,0
2021-12-13,-0.020674518966747213,-0.020891228954096636,0.037555513242386596,-0.029704007117173855,171.28396606445312,170.507950203416,165.90501251220704,166.76056490592086,159.90867538452147,161.4693947998576,150.16772552490235,153.75068180141972,1.00307057311604,1.03559201379294,1.0744251716970317,1.144120052463391,69.43448984523603,70.35939176683553,69.08815770793362,6.273749234796725,4.9596166853670045,1.3141325494297202,175.53838736288355,144.2789634061594,159.90867538452147,0.19548297727785413,0.8807245660641116,0.32784588228871603,130332760.0,1.1757366298388832,0.02801316328889092,0.059482004375539965,-0.002969926320153027,-0.06901945231963724,0.022783253870295672,-0.0282919204620391,0.021503003716020874,-0.08918677784264262,0
2021-12-14,-0.008022924875489945,-0.008055281717816817,0.03172144049339299,-0.005249632918375491,171.89988708496094,170.48246281464714,166.7878189086914,167.42800547522785,161.09797210693358,162.32292748911968,150.85975189208983,154.4048310655644,0.9914578242443766,1.0218461345214467,1.057936892737423,1.1297346435981097,64.43066902893239,67.42821354940361,66.94709324409624,6.202587939214169,5.208210936136438,0.994377003077731,176.11775995569545,146.07818425817172,161.09797210693358,0.18646774571180863,0.8107073157143557,-0.09042594151543037,126865990.0,1.0986427489353137,-0.020674518966747213,0.32784588228871603,0.02801316328889092,0.059482004375539965,-0.002969926320153027,-0.06901945231963724,0.03544605406809809,0.12008149064625062,1
2021-12-15,0.02850905662059855,0.02811023573141348,0.040100403340934274,0.023927830659596028,172.72501220703126,172.0850848695955,168.20832366943358,168.85751883963954,162.48132858276367,163.55791810725037,151.6104916381836,155.22387019944392,1.0148520283176248,1.042102585386775,1.0788336758965136,1.1561886455577244,72.56222906411416,71.87590935904106,70.34818584404555,6.463749871820056,5.459318723273162,1.0044311485468942,177.37797336012255,147.58468380540478,162.48132858276367,0.18336438909374048,0.9299290406721876,-0.05967194813617982,124767070.0,1.0504638764058498,-0.008022924875489945,-0.09042594151543037,-0.020674518966747213,0.32784588228871603,0.02801316328889092,0.059482004375539965,0.022783253870295672,-0.0282919204620391,0
2021-12-16,-0.03926382247922078,-0.04005543681655397,0.06031580007531067,-0.03915665060385756,172.27529296875,170.85931011976942,169.03931579589843,168.7757446179082,163.39884033203126,164.01980787038053,152.20620330810547,155.74088551005858,0.9775502784991092,0.9962638562939772,1.0306545644871632,1.1064447897646819,52.665255845715315,59.48499247549198,61.010849176525134,6.045666162181391,5.576588211054808,0.46907795112658235,177.35222908828592,149.4454515757766,163.39884033203126,0.17078932418248466,0.679487591709242,0.1459027813278011,126111730.0,1.190894772437108,0.02850905662059855,-0.05967194813617982,-0.008022924875489945,-0.09042594151543037,-0.020674518966747213,0.32784588228871603,-0.002969926320153027,-0.06901945231963724,0
2021-12-17,-0.006501901688455769,-0.0065231311224002,0.022087173032475232,0.007120618878480266,170.65045471191405,169.67713671884368,169.94851837158203,168.50975285410527,164.04750213623046,164.33342520815307,152.75482971191406,156.1946856828795,0.980441512443923,0.9844910183398776,1.019904526056423,1.095302781800965,50.114669525196284,57.778428910882276,59.687439429623915,5.5618631294553325,5.573643194734913,-0.011780065279580754,177.45137005316815,150.64363421929278,164.04750213623046,0.163414471325588,0.6218039375274494,0.30127282339608663,133852690.0,1.460058068313756,-0.03926382247922078,0.1459027813278011,0.02850905662059855,-0.05967194813617982,-0.008022924875489945,-0.09042594151543037,0.02801316328889092,0.059482004375539965,0
2021-12-20,-0.00812210767504018,-0.00815527168811226,0.018379941780191394,0.00873544824914737,169.4792449951172,168.43604361985413,170.38160552978516,168.04504459369977,164.4972137451172,164.48775208565038,153.28389251708984,156.577398300095,0.979198706169928,0.9740127574561672,1.0088551267440604,1.082656857786754,46.8307739609157,55.64479610044587,58.04666376459569,5.011027242330584,5.461120004254047,-0.4500927619234627,177.51773413938633,151.47669335084805,164.4972137451172,0.15830688067998516,0.5559364615487618,-0.44994312620150057,133852900.0,0.8031137166247425,-0.006501901688455769,0.30127282339608663,-0.03926382247922078,0.1459027813278011,0.02850905662059855,-0.05967194813617982,-0.020674518966747213,0.32784588228871603,1
2021-12-21,0.019087156692122242,0.018907282174846305,0.02358518816982123,0.008335322656331533,169.217236328125,168.66451064728557,170.55856170654297,168.2407537043268,165.08232955932618,164.9290561443645,153.87806335449218,157.06932168841084,0.9994339133054341,0.9915740553273005,1.0244672773494554,1.0990614322493764,54.872405132861715,59.40761971777243,60.69135135606739,4.775039965746686,5.323903996552575,-0.5488640308058894,177.82679319192144,152.33786592673093,165.08232955932618,0.15440130590131074,0.6584654819247084,-0.15175196815601244,130930950.0,0.6964426669171804,-0.00812210767504018,-0.44994312620150057,-0.006501901688455769,0.30127282339608663,-0.03926382247922078,0.1459027813278011,-0.008022924875489945,-0.09042594151543037,1
2021-12-22,0.015318567357026636,0.015202422715223065,0.02112278938032062,0.015025463502049169,168.50159912109376,169.6803880796357,170.6133056640625,168.87191538432847,165.77791519165038,165.57506441102845,154.54943023681642,157.64354997295692,1.0190534917175174,1.0064405133937036,1.0357962503378402,1.111049990163154,60.56374484860388,62.22984072898366,62.71007523914361,4.7423986263098925,5.207602922504039,-0.4652042961941465,178.37440952650869,153.18142085679207,165.77791519165038,0.1519683043461599,0.735550764956237,0.010411697422518129,128444590.0,0.717315536606096,0.019087156692122242,-0.15175196815601244,-0.00812210767504018,-0.44994312620150057,-0.006501901688455769,0.30127282339608663,0.02850905662059855,-0.05967194813617982,1
2021-12-23,0.0036439890176478418,0.0036373657748070744,0.008963023837053963,0.002445224116330886,169.2876190185547,170.56621208889777,170.78145599365234,169.50208715216363,166.4788803100586,166.21914019163734,155.24502532958985,158.21979742921044,1.0180180990585783,1.0091134257212762,1.0351935319750543,1.110102302740738,61.917095727773486,62.900740530971824,63.189489756405344,4.7126952579795045,5.108621389599132,-0.3959261316196274,178.89598278520538,154.06177783491182,166.4788803100586,0.1491733059715508,0.7359237917658411,-0.2580845777894032,124387880.0,0.5495438944694612,0.015318567357026636,0.010411697422518129,0.019087156692122242,-0.15175196815601244,-0.00812210767504018,-0.44994312620150057,-0.03926382247922078,0.1459027813278011,1
2021-12-27,0.02297479426409743,0.02271484762791542,0.018577002222098675,0.018295813203260097,171.0845184326172,172.47657038836675,170.86748657226562,170.73757803128018,167.6285827636719,167.17896369598662,155.96416534423827,158.9287185883514,1.030468967048825,1.0317778444803343,1.0517137595552795,1.130370470666694,69.61503571345494,66.90654626784298,66.08641282182306,4.951569176252889,5.077210946929883,-0.1256417706769941,179.18098002063067,156.0761855067131,167.6285827636719,0.1378332628779153,0.8751907085090525,0.09601121179227756,120339570.0,0.6225682873887617,0.0036439890176478418,-0.2580845777894032,0.015318567357026636,0.010411697422518129,0.019087156692122242,-0.15175196815601244,-0.006501901688455769,0.30127282339608663,0
2021-12-28,-0.005767270544916769,-0.005783965470064335,0.015617174168160294,-0.0048290983475348355,172.949853515625,173.41122453788253,171.21454925537108,171.5635698141227,168.55978088378907,167.9505417094083,156.64188415527343,159.56996620594208,1.0134760410252588,1.0237478859082147,1.0398716225061926,1.1189889203781844,65.63997916875184,64.96662866502969,64.71322143812029,5.00118437456976,5.062005632457859,-0.060821257888098224,179.4051863488529,157.71437541872524,168.55978088378907,0.12868319368000403,0.8098432776337621,0.056389783180903263,112930300.0,0.7008243137581323,0.02297479426409743,0.09601121179227756,0.0036439890176478418,-0.2580845777894032,0.015318567357026636,0.010411697422518129,-0.00812210767504018,-0.44994312620150057,1
2021-12-29,0.0005021247590248912,0.0005019987365723092,0.013881176415346683,0.00027883260607401033,174.19927368164062,174.06366486933055,171.7082550048828,172.25538358105067,169.2480369567871,168.6570182639624,157.2879766845703,160.1895183363846,1.0067122659347183,1.0213169164594893,1.036162951638855,1.1149520085945002,65.83698208093983,65.0610648397796,64.77973805291333,4.990084082568671,5.047621322480022,-0.05753723991135029,179.98683154478806,158.50924236878615,169.2480369567871,0.12690007850126872,0.7849718618455668,-0.21221237663356673,105227150.0,0.5925172353332766,-0.005767270544916769,0.056389783180903263,0.02297479426409743,0.09601121179227756,0.0036439890176478418,-0.2580845777894032,0.019087156692122242,-0.15175196815601244,0
2021-12-30,-0.006578291932456404,-0.006600024254969535,0.013917009140288894,-0.007076415355339241,174.6998291015625,174.11408326086882,171.60071411132813,172.6116629379406,169.90451889038087,169.1863422430084,157.86784790039061,160.73953408962228,0.9972243300974537,1.015234236909534,1.0253695498019415,1.1035490909705006,60.52990347311955,62.67620239761997,63.14162929739514,4.832493113046013,5.00459568059322,-0.1721025675472072,180.1615021145006,159.64753566626115,169.90451889038087,0.1207382039171934,0.7101203180009281,-0.04131428140672888,98098120.0,0.6093185068174599,0.0005021247590248912,-0.21221237663356673,-0.005767270544916769,0.056389783180903263,0.02297479426409743,0.09601121179227756,0.015318567357026636,0.010411697422518129,0
2021-12-31,-0.00353523396718447,-0.003541497673588207,0.011094222782264036,-0.0029198103451317783,174.95206298828126,173.94239868758444,172.11984100341797,172.79118413849966,170.5795783996582,169.60659817615195,158.42563995361328,161.2438280288926,0.9922662618310694,1.0085939455264095,1.017701129113375,1.0957760978074325,57.63612149414099,61.382570877146854,62.25908955198538,4.604822391812547,4.924641022837085,-0.3198186310245381,179.90044598723009,161.25871081208632,170.5795783996582,0.10928468313755146,0.6619726443374999,0.07175982467000153,89485770.0,0.7158937113688578,-0.006578291932456404,-0.04131428140672888,0.0005021247590248912,-0.21221237663356673,-0.005767270544916769,0.056389783180903263,0.0036439890176478418,-0.2580845777894032,1
2022-01-03,0.02500433770420396,0.024696844487957458,0.028405023487603768,0.023505553802740168,175.28055725097656,175.2748518919834,173.1825378417969,173.72728853164176,171.56552810668944,170.4002324737357,159.06595153808593,161.89857039249608,1.0151711124811014,1.0274694003117688,1.037153327153972,1.1186539707598975,69.59018454474676,66.61291477901352,65.79688404981378,4.720240247558934,4.883760867781455,-0.16352062022252145,179.52018567568282,163.61087053769606,171.56552810668944,0.09273025481024036,0.9006602508534148,0.6310357261603159,80391290.0,1.2997415516034136,-0.00353523396718447,0.07175982467000153,-0.006578291932456404,-0.04131428140672888,0.0005021247590248912,-0.21221237663356673,0.02297479426409743,0.09601121179227756,0
2022-01-04,-0.012691978534420167,-0.012773209749120613,0.02125769276066819,-0.01604340938637326,175.3607208251953,175.41035149732488,174.15528717041016,174.0825725637083,172.26844635009766,170.90319611509497,159.6765185546875,162.4390715813397,1.0018284019437405,1.0087626598215442,1.0198115466309725,1.100232847623358,59.413797707663804,61.9143766883284,62.59160887513336,4.576717560215258,4.822352206268215,-0.2456346460529577,178.97048862121036,165.56640407898496,172.26844635009766,0.07780928444077656,0.7546167436618931,-0.049551192051902615,79572420.0,1.2480505180061132,0.02500433770420396,0.6310357261603159,-0.00353523396718447,0.07175982467000153,-0.006578291932456404,-0.04131428140672888,-0.005767270544916769,0.056389783180903263,0
2022-01-05,-0.026599839335775255,-0.026960016528117532,0.031614445673363085,-0.02611214534529618,174.48866271972656,173.9429859998442,174.3439682006836,173.52360573483094,172.45126495361328,170.91320172364618,160.19460052490234,162.77511799010608,0.9800536742009756,0.9808670570583714,0.9916323608926927,1.0675032394634267,43.91210785676146,53.50463337108955,56.600940370206956,4.039332121617321,4.665748189338037,-0.626416067720716,178.79687582398236,166.1056540832442,172.45126495361328,0.07359309161432892,0.3862985787965177,-0.04805941774476796,79907590.0,1.1830866129237536,-0.012691978534420167,-0.049551192051902615,0.02500433770420396,0.6310357261603159,-0.00353523396718447,0.07175982467000153,0.0005021247590248912,-0.21221237663356673,0
2022-01-06,-0.016693201698872562,-0.01683410345899139,0.021279091058775318,-0.004053253969957948,173.27639465332032,172.0131839038675,173.9881118774414,172.54723736702783,172.30070877075195,170.6503805796717,160.64231140136718,162.98603805762795,0.9704355867303469,0.9664659148112531,0.9759308647745861,1.0467577205844596,37.027022203445824,49.11579917038524,53.327164057542824,3.344547983999007,4.401508148270231,-1.0569601642712243,178.89912374759078,165.70229379391313,172.30070877075195,0.07659184949283164,0.18574808697279743,0.0250313102934705,80384460.0,1.205506636481728,-0.026599839335775255,-0.04805941774476796,-0.012691978534420167,-0.049551192051902615,0.02500433770420396,0.6310357261603159,-0.006578291932456404,-0.04131428140672888,1
2022-01-07,0.00098837462011514,0.000987886499524488,0.018063545585333816,-0.004164504732748848,172.22054443359374,170.78204875003928,173.5863037109375,171.77860847163782,172.18387985229492,170.42841847135847,161.10252349853516,163.1952043472262,0.9773501703641692,0.9696604792200385,0.977558285867255,1.0447991427267325,37.690606896512605,49.376155759019916,53.49160765451386,2.7753449488767785,4.076275508391541,-1.3009305595147627,178.97455484116912,165.39320486342072,172.18387985229492,0.07887701211866603,0.21548473338489704,-0.10520618343928012,82219710.0,1.054602357512572,-0.016693201698872562,0.0250313102934705,-0.026599839335775255,-0.04805941774476796,-0.012691978534420167,-0.049551192051902615,-0.00353523396718447,0.07175982467000153,1
2022-01-10,0.00011603657146386226,0.00011602983974164933,0.02514665061653707,0.018393663216653502,170.30045471191406,169.96780239748713,172.7905059814453,171.15328142086418,171.82899627685546,170.22945573050364,161.4904949951172,163.39693396860488,0.9884842056185418,0.9742393468681637,0.9796909330783148,1.0424100173664879,37.78049822216642,49.408915964728635,53.51181861581051,2.299318340745373,3.7208840748623078,-1.421565734116935,178.64435449647527,165.01363805723565,171.82899627685546,0.07932721912242009,0.2439836269774738,0.2313079019387816,85404310.0,1.2501195782742112,0.00098837462011514,-0.10520618343928012,-0.016693201698872562,0.0250313102934705,-0.026599839335775255,-0.04805941774476796,0.02500433770420396,0.6310357261603159,1
2022-01-11,0.016783921010017355,0.016644627441971187,0.02490281760317625,0.01601668053346256,169.39712524414062,170.3667693880383,172.37892303466796,171.1553581387326,171.79673614501954,170.31852693418335,161.98905670166016,163.70155237646904,1.0104345225602414,0.9929561013368025,0.996321043169613,1.0566436205896272,49.96333304801753,54.04215559641965,56.39038422276718,2.125547492739969,3.4018167584378403,-1.2762692656978714,178.61825569150432,164.97521659853476,171.79673614501954,0.07941384335411937,0.4536736080889333,-0.2868648703327663,85103710.0,0.8946531238179863,0.00011603657146386226,0.2313079019387816,0.00098837462011514,-0.10520618343928012,-0.016693201698872562,0.0250313102934705,-0.012691978534420167,-0.049551192051902615,1
2022-01-12,0.002570191977677716,0.0025668946828553596,0.013444911798409176,-0.003349967943719592,169.5164001464844,170.77938943089273,172.00253143310547,171.23704384379965,171.85539321899415,170.44101289441366,162.51281707763673,164.01147697019974,1.0123187453739737,0.9976866508115396,0.9985408447317504,1.055945202369001,51.6819489713571,54.73723961521247,56.82743463739113,2.000273301732733,3.121508067096819,-1.1212347653640862,178.64906430507645,165.06172213291185,171.85539321899415,0.07906264631945731,0.4815443153476836,-0.017508927832641352,86349340.0,0.8663088797204472,0.016783921010017355,-0.2868648703327663,0.00011603657146386226,0.2313079019387816,0.00098837462011514,-0.10520618343928012,-0.026599839335775255,-0.04805941774476796,0
2022-01-13,-0.019028156952507258,-0.019211522124826554,0.028050419667647417,-0.0204232356515037,169.5535461425781,169.9660295180561,171.41497039794922,170.7101830889966,171.50784225463866,170.24085068469645,162.95057556152344,164.18119590048144,0.9928386254500732,0.9820572223159617,0.9815254362680891,1.0330697459170668,39.83412738554522,48.83351281385757,52.71043239387891,1.618847515943429,2.820975956866141,-1.2021284409227122,178.27420110353552,164.7414834057418,171.50784225463866,0.07890436682015749,0.265861327117433,0.129678150716795,88822620.0,0.9513995421436566,0.002570191977677716,-0.017508927832641352,0.016783921010017355,-0.2868648703327663,0.00011603657146386226,0.2313079019387816,-0.016693201698872562,0.0250313102934705,1
2022-01-14,0.005110908574243789,0.005097892212468779,0.015542857384682295,0.010096947725599706,169.72952575683593,169.7105785165947,170.97503509521485,170.43554552984662,171.5474380493164,170.14169123983697,163.37684020996093,164.37799906178304,0.99687827300052,0.9896162701147903,0.9863142139437279,1.035640524668171,43.79490132710468,50.35293869348009,53.639649070578336,1.3701944955452916,2.5308196646019714,-1.1606251690566798,178.24973357798683,164.845142520646,171.5474380493164,0.07813926695592673,0.32485392313711664,-0.048103207117144664,90460470.0,0.8892370335904732,-0.019028156952507258,0.129678150716795,0.002570191977677716,-0.017508927832641352,0.016783921010017355,-0.2868648703327663,0.00098837462011514,-0.10520618343928012,0
2022-01-18,-0.01889424069793766,-0.01907501758023853,0.01843338968061946,-0.009970214622157081,169.26221923828126,168.47464471093292,169.78133697509764,169.62958763343983,171.48193740844727,169.7475089407677,163.74951599121093,164.44171584758016,0.9807432387845314,0.9777445510630978,0.9680481781834127,1.0137604138537997,34.071587331054104,45.00501909796261,49.82027341155184,0.9047428084073488,2.205604293363047,-1.300861484955698,178.37148079435755,164.59239402253698,171.48193740844727,0.08035299215800562,0.10235678898232585,0.13072843631589937,89107350.0,1.0207541802107234,0.005110908574243789,-0.048103207117144664,-0.019028156952507258,0.129678150716795,0.002570191977677716,-0.017508927832641352,0.00011603657146386226,0.2313079019387816,0
2022-01-19,-0.021024788866932487,-0.02124895737172092,0.030921010177207733,-0.022176495720358458,167.53179931640625,166.4872977272105,168.46446228027344,168.33559056549907,171.30987472534179,169.0584703521008,164.04182891845704,164.36606439315605,0.9700403411345138,0.9646699461717585,0.9486470293689685,0.9906778340087176,26.560648199723005,40.0090372034074,46.060654090047,0.25134383771739977,1.8147522022339175,-1.5634083645165178,178.88121815642168,163.7385312942619,171.30987472534179,0.08839354349209469,-0.08095838906632527,0.04241908512512005,88657810.0,1.0694489295415712,-0.01889424069793766,0.13072843631589937,0.005110908574243789,-0.048103207117144664,-0.019028156952507258,0.129678150716795,0.016783921010017355,-0.2868648703327663,0
2022-01-20,-0.01034700396021715,-0.010400906346881044,0.033432619194279214,-0.014792198370476777,165.37709045410156,164.60189355316638,167.44674530029297,166.97113504542253,170.89535675048828,168.27490986190816,164.31693572998046,164.22743775832947,0.9725112756758463,0.9604909603745921,0.941108572305424,0.9787858110339243,23.632380345863922,37.83013780349899,44.36693583647034,-0.39758098228793415,1.3722855653295474,-1.7698665476174815,179.70677556440043,162.08393793657612,170.89535675048828,0.10312063453867923,-0.0710925651110746,-0.035801297263091336,88346100.0,1.0347994987894202,-0.021024788866932487,0.04241908512512005,-0.01889424069793766,0.13072843631589937,0.005110908574243789,-0.048103207117144664,0.002570191977677716,-0.017508927832641352,0
2022-01-21,-0.012765286057433656,-0.012847462406946241,0.024813734920425226,-0.012224756898310141,163.46483459472657,162.66060583394687,166.50919036865236,165.48147965452895,170.24865112304687,167.3704451508224,164.54374786376954,164.01373550880706,0.9713283642268467,0.9535691696294498,0.932624307729471,0.9649593646485108,20.42481232827089,35.302210708448015,42.36958895094761,-1.0652434786989886,0.8847797565238402,-1.9500232352228288,180.50538942044125,159.9919128256525,170.24865112304687,0.12049127237996547,-0.0591748758205644,0.3437784741934249,90940590.0,1.3508698371101397,-0.01034700396021715,-0.035801297263091336,-0.021024788866932487,0.04241908512512005,-0.01889424069793766,0.13072843631589937,-0.019028156952507258,0.129678150716795,0
2022-01-24,-0.004864171740099232,-0.0048760403263269445,0.04702392236805243,0.009998692675962673,161.22604064941407,161.1089728183344,165.477783203125,164.12224822408902,169.53204345703125,166.47856530665925,164.81162109375,163.77812653932872,0.9800259694443076,0.954845440448984,0.9320108668846236,0.9587048882750251,19.276544621188236,34.371721468084914,41.62933354900044,-1.6378112098482518,0.3802615632494218,-2.0180727730976735,181.03211096464884,158.03197594941366,169.53204345703125,0.13566836419962502,-0.00114213078692311,0.32109119414174647,98499140.0,1.647675299500077,-0.012765286057433656,0.3437784741934249,-0.01034700396021715,-0.035801297263091336,-0.021024788866932487,0.04241908512512005,0.005110908574243789,-0.048103207117144664,0
2022-01-25,-0.011384866647828895,-0.011450170364646677,0.03592433519982447,0.005032098837949887,159.26685180664063,159.474926174137,164.26453552246093,162.68308179893504,168.52752075195312,165.5003050760957,165.04449340820312,163.4812130627175,0.9807868436765895,0.9509467907294149,0.9268921312600029,0.9464528604380467,16.72195916610592,32.240183598527594,39.923462329325744,-2.211239558751231,-0.13803866115070879,-2.0732008976005223,180.9602932733479,156.09474823055834,168.52752075195312,0.1475459018909313,0.0045076291306291585,-0.2864925881699083,99402420.0,1.1649454812065945,-0.004864171740099232,0.32109119414174647,-0.012765286057433656,0.3437784741934249,-0.01034700396021715,-0.035801297263091336,-0.01889424069793766,0.13072843631589937,0
2022-01-26,-0.0005632415439773553,-0.0005634002240820686,0.04114216272142881,-0.02330273736142964,157.98810119628905,158.35623435209396,162.75995025634765,161.48958523694827,167.5694366455078,164.60683323151594,165.23415466308595,163.19249297037595,0.9881684096832152,0.9591969674488099,0.9316666203173813,0.9448340207043494,16.59645809367727,32.13521686706382,39.839623482761226,-2.6423259937651267,-0.6388961276735924,-2.003429866091534,180.7062747718087,154.43259851920692,167.5694366455078,0.1567927706780061,0.06418029104830392,-0.06496721889076185,102616120.0,1.0551490350638866,-0.011384866647828895,-0.2864925881699083,-0.004864171740099232,0.32109119414174647,-0.012765286057433656,0.3437784741934249,-0.021024788866932487,0.04241908512512005,0
2022-01-27,-0.002942802088276242,-0.002947140644106358,0.03492022054997191,-0.019883015009031696,156.95376892089843,157.45729751077099,161.1654296875,160.42955588988949,166.58398056030273,163.75469900262155,165.4144320678711,162.89707849420924,0.9917533353823077,0.9658363094985621,0.9344201243394884,0.9410268613336983,15.870807131287847,31.5574371777668,39.386129639427715,-2.9866092367579427,-1.1084387494904626,-1.87817048726748,180.18164515205623,152.98631596854923,166.58398056030273,0.1632529676145084,0.09829290322387088,0.12633813990817844,107331060.0,1.1362470472200685,-0.0005632415439773553,-0.06496721889076185,-0.011384866647828895,-0.2864925881699083,-0.004864171740099232,0.32109119414174647,-0.01034700396021715,-0.035801297263091336,1
2022-01-28,0.0697773106475883,0.06745050592355262,0.04432573810012891,0.02788000078453249,158.50234680175782,160.4785049404489,160.98359069824218,161.53707660078314,166.19928054809571,164.01814860235328,165.79238647460937,163.03918991795808,1.0505896168722086,1.034396854223124,1.0019352625995026,1.0043942507897181,61.86275064965623,53.0495367977399,52.74012646645589,-2.3558672643048055,-1.3579244524533314,-0.9979428118514742,179.33925976434864,153.0593013318428,166.19928054809571,0.15812317806574863,0.5122389558771575,0.47543184102936675,116874050.0,1.5395693055900774,-0.002942802088276242,0.12633813990817844,-0.0005632415439773553,-0.06496721889076185,-0.011384866647828895,-0.2864925881699083,-0.012765286057433656,0.3437784741934249,1
2022-01-31,0.02612572120792267,0.025790274532115298,0.031410948229245325,0.027150887504454487,161.0754852294922,163.94280293555968,161.15076293945313,163.23422611441916,166.062899017334,164.67083910934642,166.2086639404297,163.34633536924525,1.0608156708783607,1.0603201363060273,1.028955895247531,1.0280535013928198,69.6229783435077,58.650411995005726,56.747731269109444,-1.4878019451903697,-1.3838999510007393,-0.10390199418963042,178.94696417982075,153.17883385484723,166.062899017334,0.15517090498512734,0.6866064727166891,-0.35787284013122467,120384130.0,0.95977434899434,0.0697773106475883,0.47543184102936675,-0.002942802088276242,0.12633813990817844,-0.0005632415439773553,-0.06496721889076185,-0.004864171740099232,0.32109119414174647,0
2022-02-01,-0.0009725645878972955,-0.0009730378357036982,0.014489426553194186,0.003448112881194686,163.97516174316405,166.1969404417403,161.62100677490236,164.59258781254323,165.701171875,165.2455416183707,166.53597717285157,163.63491890198472,1.0410431289677815,1.056206856153614,1.0301992045226842,1.0250350606038876,68.99729486182693,58.36399653342144,56.55537503888816,-0.8039955824262677,-1.267919077285845,0.4639234948595774,177.59965968233314,153.80268406766686,165.701171875,0.1436138039664439,0.7102806533119917,-0.25382805846552237,119909850.0,0.7189893073838388,0.02612572120792267,-0.35787284013122467,0.0697773106475883,0.47543184102936675,-0.002942802088276242,0.12633813990817844,-0.011384866647828895,-0.2864925881699083,1
2022-02-02,0.007044303751643444,0.007019608549814464,0.014501837493545947,0.006237461161033616,167.1329345703125,168.1005319090769,162.56051788330078,165.92261090912626,165.51249008178712,165.88003430650207,166.83493896484376,163.95934227225,1.0285687574726856,1.057499798119242,1.0386389254297528,1.0304059563924748,71.18348240300749,59.89035293580625,57.64615446646795,-0.16316163655733362,-1.0469675891401429,0.8838059525828093,176.87976988135745,154.1452102822168,165.51249008178712,0.13735857389316353,0.7812996985525338,-0.015074135377242004,118919780.0,0.7140468978331443,-0.0009725645878972955,-0.25382805846552237,0.02612572120792267,-0.35787284013122467,0.0697773106475883,0.47543184102936675,-0.0005632415439773553,-0.06496721889076185,0
2022-02-03,-0.016719740134690242,-0.01686109279130606,0.02382886362878197,-0.009055489854103134,169.8077423095703,168.41150878085597,163.38075561523436,166.48822029372405,165.41375045776368,166.18036080344606,167.06722564697264,164.158327380178,0.9954402562885226,1.0345983643415873,1.0218827761092004,1.0117691358662784,59.48606736961373,54.72611498899962,54.22902075414427,0.11149054782660528,-0.8152759617467933,0.9267665095733986,176.62155197985857,154.2059489356688,165.41375045776368,0.13551233184760725,0.6614818062005531,0.05303935850616437,118719540.0,0.7531877229308671,0.007044303751643444,-0.015074135377242004,-0.0009725645878972955,-0.25382805846552237,0.02612572120792267,-0.35787284013122467,-0.002942802088276242,0.12633813990817844,0
2022-02-04,-0.001679398312495417,-0.001680810082679138,0.019838815707657248,0.004135640401663048,170.25347595214845,168.52420185813577,164.37791137695314,166.8993780608097,165.44355087280275,166.42504910908883,167.28620880126954,164.3383768167473,0.991166771009857,1.0265952803458915,1.0199828710303391,1.0087477576419,58.38064597887976,54.22876140662842,53.89769694258778,0.30275807542250277,-0.5916691543129341,0.8944272297354369,176.68345711217705,154.20364463342844,165.44355087280275,0.13587602756442088,0.6470669358571359,-0.07775495117878817,114681190.0,0.7190839230042869,-0.016719740134690242,0.05303935850616437,0.007044303751643444,-0.015074135377242004,-0.0009725645878972955,-0.25382805846552237,0.0697773106475883,0.47543184102936675,0
2022-02-07,-0.004234584267738595,-0.004243575511462445,0.017476406477918573,-0.006942016336949644,169.68619689941406,168.36113579279365,165.38084106445314,167.1058554428642,165.42931213378907,166.5783781141384,167.48053771972656,164.48334257538897,0.9902691363972081,1.0160487912661047,1.015751087245125,1.0033106291031302,55.35945419085498,52.924867677229656,53.041151846294255,0.3921574371626093,-0.3949038360178254,0.7870612731804347,176.6553207659169,154.20330350166122,165.42931213378907,0.1357197039306908,0.6160560094735296,-0.06322894207752583,106176850.0,0.7275710289013094,-0.001679398312495417,-0.07775495117878817,-0.016719740134690242,0.05303935850616437,0.007044303751643444,-0.015074135377242004,0.02612572120792267,-0.35787284013122467,1
2022-02-08,0.018466734868931578,0.01829829524700634,0.02242185772852909,0.01805162860676934,169.77276611328125,169.28677770300828,166.87396392822265,167.83898382115024,165.5692497253418,167.01263367692877,167.83723419189454,164.74431194590068,1.008041898835796,1.025552803414252,1.0336343361302516,1.019666835833156,64.63206895382372,57.68311743349466,56.21394333388061,0.7052680207725075,-0.17486946465975886,0.8801374854322663,177.0046896578957,154.13380979278787,165.5692497253418,0.13813482819453313,0.7434891806061023,-0.03135226378360467,102079930.0,0.7330451735223564,-0.004234584267738595,-0.06322894207752583,-0.001679398312495417,-0.07775495117878817,-0.016719740134690242,0.05303935850616437,-0.0009725645878972955,-0.25382805846552237,1
2022-02-09,0.008293728151170798,0.00825952417669202,0.009927388314717399,0.0013064227409950533,169.9027099609375,170.37699649601595,168.517822265625,168.69688386858314,165.63888626098634,167.54070990598615,168.15525146484376,165.0507088924156,1.0156249663216326,1.0239714219071667,1.0417688622353076,1.026179275275907,68.16130934464564,59.69016611790022,57.59015922354033,1.0557716391492704,0.07125875610204702,0.9845128830472234,177.2257328245384,154.05203969743428,165.63888626098634,0.1399049079006173,0.7985518010917703,-0.047363863304699216,98380900.0,0.7245817023426295,0.018466734868931578,-0.03135226378360467,-0.004234584267738595,-0.06322894207752583,-0.001679398312495417,-0.07775495117878817,0.007044303751643444,-0.015074135377242004,0
2022-02-10,-0.02359912577227985,-0.023882045105559847,0.022832865368753435,-0.011599886755145079,169.79306335449218,169.7464074947398,169.80040283203124,168.65840125469302,165.48291625976563,167.63066415229102,168.29288757324218,165.18539597475962,0.9922974835575338,0.9922545923454332,1.0181427382371544,1.0011428998677179,51.09528426437118,52.06103763968922,52.608970252434396,0.9935029211475523,0.2557075891111481,0.7377953320364042,176.82575638742995,154.1400761321013,165.48291625976563,0.13708774759394468,0.6323439808121538,0.27468471627972235,95272030.0,0.9537521138155658,0.008293728151170798,-0.047363863304699216,0.018466734868931578,-0.03135226378360467,-0.004234584267738595,-0.06322894207752583,-0.016719740134690242,0.05303935850616437,0
2022-02-11,-0.020218083060009495,-0.02042526581652855,0.029886198785359138,-0.02141242036905319,169.05890197753905,168.19053203913643,169.65618896484375,168.00756123164513,165.31988983154298,167.38762767378043,168.37275756835936,165.18121500037412,0.9764571944863444,0.9730195057142148,0.998541562640412,0.9804364049861669,41.06180602837354,46.68562039680218,48.89442540979356,0.6616554472607277,0.336897160741064,0.32475828651966365,176.5873021364661,154.05247752661987,165.31988983154298,0.13631042600384427,0.4893006176978212,0.08589360805318602,87145530.0,1.1322519927298624,-0.02359912577227985,0.27468471627972235,0.008293728151170798,-0.047363863304699216,0.018466734868931578,-0.03135226378360467,-0.001679398312495417,-0.07775495117878817,1
2022-02-14,0.0014227345249659962,0.0014217233971324304,0.01788254491439959,0.009021986076821836,168.51463012695314,167.23156949581752,169.10041351318358,167.51775817301504,165.12558822631837,167.19010545810414,168.4770736694336,165.18640831052338,0.9810047013997424,0.9776063876762272,1.0011388676030244,0.9812233843373798,41.978282618557756,47.091245565761064,49.15432311844126,0.4128562870529606,0.35208898600344335,0.060767301049517275,176.25181968424053,153.9993567683962,165.12558822631837,0.1347608396425239,0.5084510278063386,-0.1265340166837775,84209920.0,1.0234601814133062,-0.020218083060009495,0.08589360805318602,-0.02359912577227985,0.27468471627972235,0.008293728151170798,-0.047363863304699216,-0.004234584267738595,-0.06322894207752583,1
2022-02-15,0.023152955119510432,0.022888992038905317,0.01562588722236437,0.010645095937504805,168.11524658203126,167.86809426348773,168.94400634765626,167.81291919589012,165.2825065612793,167.37591863341117,168.69548126220704,165.3414959767314,1.0061023448952697,1.0011668804086853,1.023345708616285,1.0026418166822642,55.21790868456169,53.323732094487966,53.224746894361274,0.5185508417675067,0.38538135715625604,0.1331694846112506,176.54152864346594,154.02348447909264,165.2825065612793,0.13623973058530922,0.6713575659316692,-0.2745020914190902,81841270.0,0.7640081831574705,0.0014227345249659962,-0.1265340166837775,-0.020218083060009495,0.08589360805318602,-0.02359912577227985,0.27468471627972235,0.018466734868931578,-0.03135226378360467,0
2022-02-16,-0.0013888345102867072,-0.0013897998348227282,0.019066897872763017,0.004073301852666509,167.3850067138672,168.21414108939547,168.64385833740235,168.0117038404939,165.60218811035156,167.5216630246302,168.84114624023437,165.48128965376984,1.0090881976660202,1.0015558017137136,1.0199517087821186,1.0003855014161298,54.33022534598486,52.91177173284155,52.95157350268534,0.57671137044602,0.42364735981420887,0.1530640106318112,176.8915017278545,154.31287449284864,165.60218811035156,0.13634256583590695,0.6463351423658206,-0.021590534709583276,79467580.0,0.7698409842101647,0.023152955119510432,-0.2745020914190902,0.0014227345249659962,-0.1265340166837775,-0.020218083060009495,0.08589360805318602,0.008293728151170798,-0.047363863304699216,0
2022-02-17,-0.021269731916856882,-0.021499192204082532,0.02036950699873155,-0.012570858398115245,166.7506896972656,167.2473088626569,168.2718765258789,167.52114758025496,165.82631607055663,167.3113755374444,168.80038146972657,165.4747153304526,0.9913820728976002,0.982419925552775,0.9969083817724154,0.9793440214400687,42.220025081560664,46.93917780171905,48.91970934570101,0.3291181243147605,0.40474151271431924,-0.07562338839955873,176.9038444722855,154.74878766882776,165.82631607055663,0.13360398595619222,0.4768598353899535,0.13750012259429134,77484700.0,0.8981037546767298,-0.0013888345102867072,-0.021590534709583276,0.023152955119510432,-0.2745020914190902,0.0014227345249659962,-0.1265340166837775,-0.02359912577227985,0.27468471627972235,0
2022-02-18,-0.009355367064503906,-0.009399403376732696,0.026001140259279035,-0.01483926606863101,166.48834838867188,166.0872307700916,167.77362518310548,166.83858885383785,166.0757682800293,166.9738230657793,168.65242889404297,165.40774902670785,0.9836548693644431,0.9761193060365009,0.9860985517696021,0.9710330035498552,37.969405478633206,44.604965205462975,47.292039929305304,0.008011086532718537,0.3253954274779991,-0.31738434094528056,176.72354545555504,155.42799110450358,166.0757682800293,0.12822794421847192,0.39158799733455263,0.18944579123514682,77515430.0,1.0678222387465308,-0.021269731916856882,0.13750012259429134,-0.0013888345102867072,-0.021590534709583276,0.023152955119510432,-0.2745020914190902,-0.020218083060009495,0.08589360805318602,0
2022-02-22,-0.017812301336139202,-0.01797284972353372,0.027629067323275063,-0.004000414719432233,165.59562072753906,164.34148921456628,167.05512542724608,165.74975562650653,166.2179832458496,166.39060240270658,168.4563018798828,165.22901401011208,0.9713421490062737,0.9628558578621232,0.9677051962879714,0.9548470689936502,31.083156109662767,40.512750295702055,44.368408779684685,-0.47636041550902064,0.16504425888059515,-0.6414046743896158,176.5005314688743,155.93543502282492,166.2179832458496,0.12372365519338524,0.23897632056254278,0.1013631305974072,78906590.0,1.1553255564585925,-0.009355367064503906,0.18944579123514682,-0.021269731916856882,0.13750012259429134,-0.0013888345102867072,-0.021590534709583276,0.0014227345249659962,-0.1265340166837775,0
2022-02-23,-0.025864049649261256,-0.026204405664359363,0.039982467693159454,-0.033043289741224564,163.1053466796875,161.79091732956763,165.61029663085938,164.10248615979083,166.24213027954102,165.46671394145548,168.08135772705077,164.89414183558105,0.9606660771659661,0.9461354562320925,0.9425394952295899,0.9322257725572435,23.87772887192733,35.509265512791956,40.609019348958874,-1.1822955512067495,-0.1044237031368738,-1.0778718480698757,176.43238029121832,156.0518802678637,166.24213027954102,0.12259527707617922,0.03129919731977249,-0.01265428442303218,80424590.0,1.119175117958326,-0.017812301336139202,0.1013631305974072,-0.009355367064503906,0.18944579123514682,-0.021269731916856882,0.13750012259429134,0.023152955119510432,-0.2745020914190902,1
2022-02-24,0.016680298546444705,0.016542710267657742,0.06667079843481617,0.06658804260180248,161.18478088378907,160.96174680695134,164.28489379882814,163.22992608741407,166.40135803222657,164.879732210052,167.83122772216797,164.67489728366488,0.9883278364635011,0.969677747467096,0.9573443849590868,0.9491881095300906,34.93299277123303,40.48248043644673,43.75285689103557,-1.513410304630952,-0.3862210234356895,-1.1271892811952624,176.0384116857946,156.76430437865852,166.40135803222657,0.11582902648789273,0.13173639342145535,0.5681452562626932,87410840.0,1.6147596796919008,-0.025864049649261256,-0.01265428442303218,-0.017812301336139202,0.1013631305974072,-0.009355367064503906,0.18944579123514682,-0.0013888345102867072,-0.021590534709583276,1
2022-02-25,0.012964999978927416,0.012881673809757658,0.02578101208762622,0.006164610523684569,160.39580688476562,161.0974226759884,163.57324829101563,162.89153487407742,166.68682556152345,164.5453552771006,167.64997344970703,164.54524540642558,1.0060660409283386,0.9865230170581982,0.9680955520657025,0.9625338501021068,42.6162629165673,44.147848603266624,46.11940005504569,-1.5908251015184192,-0.6271418390522354,-0.9636832624661837,175.32015549650978,158.0534956265371,166.68682556152345,0.10358742997118038,0.1920046385630595,-0.3483823659646823,87521670.0,1.0508734579676096,0.016680298546444705,0.5681452562626932,-0.025864049649261256,-0.01265428442303218,-0.017812301336139202,0.1013631305974072,-0.021269731916856882,0.13750012259429134,1
2022-02-28,0.001638131433287393,0.0016367911594878217,0.018108076438846987,0.012633371700214197,159.9690155029297,161.27598767591937,163.2286819458008,162.6627317471145,166.44243545532225,164.26799931507017,167.37682922363283,164.43104431894932,1.0104026530864103,0.9902249760826388,0.9711052186518145,0.9656839505534104,43.61052477060626,44.61795602457944,46.422340779252806,-1.6122614474154773,-0.8241657607248838,-0.7880956866905935,175.35298916453826,157.53188174610625,166.44243545532225,0.10707069606185668,0.23013361815176395,0.033513746246229825,87160260.0,1.0905956453089976,0.012964999978927416,-0.3483823659646823,0.016680298546444705,0.5681452562626932,-0.025864049649261256,-0.01265428442303218,-0.009355367064503906,0.18944579123514682,0
2022-03-01,-0.011627816963768134,-0.011695948691243184,0.02837012848891697,-0.00910746829261563,159.74974975585937,160.7685509066676,162.6726852416992,162.1338127691235,165.8865493774414,163.8380638915553,167.20374755859376,164.24761816401656,1.000024586031031,0.9820559433859588,0.9630297210214239,0.9554431626132127,38.13040059434689,41.91656260770874,44.55232529044385,-1.7606098176300122,-1.0114545721059094,-0.7491552455241028,175.00722279247327,156.76587596240955,165.8865493774414,0.10996278419511404,0.16379280727398315,-0.12184530058933307,86889150.0,0.9606999262853878,0.001638131433287393,0.033513746246229825,0.012964999978927416,-0.3483823659646823,0.016680298546444705,0.5681452562626932,-0.017812301336139202,0.1013631305974072,1
2022-03-02,0.02058805016458587,0.020378980941705396,0.026476967619779263,0.013200305231474757,161.02033386230468,161.52659863504402,162.0628402709961,162.29906391870048,165.50342330932617,163.7623143868164,167.11834564208985,164.2003662396158,1.012559657410856,1.0060461350619445,0.9851318530558115,0.9756121834821078,50.762589828679445,47.86533043987618,48.37367040918281,-1.5944015392162498,-1.1280439655279775,-0.46635757368827235,174.4238008368111,156.58304578184124,165.50342330932617,0.10779689445834278,0.3620725854961048,-0.04491916084452241,88608890.0,0.8997381639697778,-0.011627816963768134,-0.12184530058933307,0.001638131433287393,0.033513746246229825,0.012964999978927416,-0.3483823659646823,-0.025864049649261256,-0.01265428442303218,0
2022-03-03,-0.0019811578032573607,-0.0019831228922412647,0.02021296214107348,-0.01329616832037389,161.7035888671875,161.92429268540695,161.44418487548828,162.37553971277907,165.0440216064453,163.66301594865604,167.053662109375,164.14230014340077,1.006283669558997,1.007900537957612,0.9859168432901193,0.9740563525006437,49.60220139728498,47.35240321776982,48.032312437566056,-1.471779003141961,-1.1967909730507742,-0.2749880300911869,173.53376777520248,156.55427543768815,165.0440216064453,0.10287856641061906,0.363108933170097,-0.03821144737898374,90158990.0,0.8504798024024005,0.02058805016458587,-0.04491916084452241,-0.011627816963768134,-0.12184530058933307,0.001638131433287393,0.033513746246229825,0.016680298546444705,0.5681452562626932,0
2022-03-04,-0.018408200977550915,-0.018579740324442578,0.021143574106497812,-0.008024848198291263,161.37469482421875,161.1909631900109,160.8852508544922,161.8934968921317,164.57856369018555,163.28790054394773,166.8657192993164,163.96904540049167,0.9897729279872676,0.9927840081728596,0.970504910347226,0.9572026229828088,39.767417593042126,42.77479780107968,44.944187521079535,-1.597882225365936,-1.2770092235138066,-0.3208730018521293,173.16261498393075,155.99451239644034,164.57856369018555,0.10431554512657476,0.2172512532337809,0.09205721559135305,91573780.0,0.914423320736569,-0.0019811578032573607,-0.03821144737898374,0.02058805016458587,-0.04491916084452241,-0.011627816963768134,-0.12184530058933307,0.012964999978927416,-0.3483823659646823,0
2022-03-07,-0.023717644730089527,-0.02400343597548165,0.037539302396530305,-0.024853070172775656,160.2352752685547,159.4393154258276,160.10214538574218,160.810319256737,163.93788528442383,162.5877214347585,166.5501968383789,163.65402479252967,0.9731691079639724,0.9739783281589164,0.9511896510493589,0.9362704029031079,30.766610681688235,37.79809143537297,41.408819373231744,-1.980670879666036,-1.4177415547442527,-0.5629293249217833,173.07589848190008,154.79987208694757,163.93788528442383,0.11148140872528971,0.062166019350198935,0.15144523580917446,92938390.0,1.0374485721132032,-0.018408200977550915,0.09205721559135305,-0.0019811578032573607,-0.03821144737898374,0.02058805016458587,-0.04491916084452241,0.001638131433287393,0.033513746246229825,0
2022-03-08,-0.011676393080118141,-0.011745097494621638,0.044969523127958745,-0.008689112323205758,159.1075897216797,157.66462682848143,159.42866973876954,159.59303387074647,163.2418975830078,161.7808193584757,166.18574462890626,163.27995517846142,0.9686228664727842,0.9666721166670541,0.9440912652673749,0.9273674464553462,27.301621562915614,35.65112823081283,39.82775754938971,-2.403251403303301,-1.6148435244560624,-0.7884078788472386,173.1163721563728,153.36742300964283,163.2418975830078,0.12097965926111401,0.0378666539971345,0.3601942774645608,96936940.0,1.3529238698890227,-0.023717644730089527,0.15144523580917446,-0.018408200977550915,0.09205721559135305,-0.0019811578032573607,-0.03821144737898374,-0.011627816963768134,-0.12184530058933307,1
2022-03-09,0.03499758467666192,0.034399093068872164,0.024547407639845035,0.009103302325963679,158.4008331298828,158.27938826325845,159.71058349609376,159.57773882748575,162.66044006347656,161.56444714650777,165.8499771118164,163.1320710982399,1.0069954051442462,0.998737263624823,0.9806251050997145,0.9617662535176068,47.66972395218269,45.522646431729285,46.215284084415934,-2.276681934398397,-1.7472112064445293,-0.5294707279538675,171.95936652219174,153.36151360476137,162.66044006347656,0.1143354395830526,0.33054339957112117,-0.30266042335279986,97081510.0,0.9420424136377772,-0.011676393080118141,0.3601942774645608,-0.023717644730089527,0.15144523580917446,-0.018408200977550915,0.09205721559135305,0.02058805016458587,-0.04491916084452241,0
2022-03-10,-0.02718600792685677,-0.027562384574800577,0.027819855811570197,-0.010486845866320564,156.89139709472656,157.24375904562282,159.29749298095703,158.77678642437044,161.79119338989258,160.9556903335405,165.44781646728515,162.81993107910702,0.9890440360899,0.9741051017601478,0.9590911430908915,0.9378939167869563,37.749336028497545,40.185124008379475,42.4143901622252,-2.497497213436759,-1.8972684078429753,-0.6002288055937837,170.45557008394957,153.1268166958356,161.79119338989258,0.1071056651789091,0.11805141828142843,0.1518464292235846,93500960.0,1.1266408387678586,0.03499758467666192,-0.30266042335279986,-0.011676393080118141,0.3601942774645608,-0.023717644730089527,0.15144523580917446,-0.0019811578032573607,-0.03821144737898374,0
2022-03-11,-0.023908623776167426,-0.024199073771264644,0.03089251542224486,-0.026426710764469806,155.23904418945312,155.31668592136575,158.30686950683594,157.44692337863972,160.94005889892577,160.0515807468082,164.96969635009765,162.37454318082249,0.9756729723741875,0.9567654274555102,0.9411114964731911,0.9181234070493693,31.256776474343084,36.2672499843179,39.4963871249416,-2.937990430336498,-2.10541281234168,-0.8325776179948181,170.1350519638067,151.74506583404485,160.94005889892577,0.11426605815591998,-0.015363043734766954,-0.07947352433027666,94000550.0,1.0315907726071816,-0.02718600792685677,0.1518464292235846,0.03499758467666192,-0.30266042335279986,-0.011676393080118141,0.3601942774645608,-0.018408200977550915,0.09205721559135305,0
2022-03-14,-0.026562501101876412,-0.026921658698208065,0.026689610569594076,-0.005480368753908563,153.53970336914062,152.69089587954332,156.88748931884766,155.62735836359585,160.0580856323242,158.85041265624537,164.4341842651367,161.78884798925682,0.9602683381602242,0.9397773935705773,0.9211613097421841,0.896646378335569,25.67081501778452,32.559944626757556,36.62712941244371,-3.5705657621905402,-2.398443402311452,-1.1721223598790882,170.75689858611617,149.35927267853225,160.0580856323242,0.1336866289700431,-0.08972756561527352,0.121295120867154,95368100.0,1.1401307145680788,-0.023908623776167426,-0.07947352433027666,-0.02718600792685677,0.1518464292235846,0.03499758467666192,-0.30266042335279986,-0.023717644730089527,0.15144523580917446,1
2022-03-15,0.029677364737772605,0.02924551505357035,0.033464456534636464,0.027766750237780316,153.079638671875,152.3989059688492,156.09361419677734,154.93418886975311,159.38314971923828,158.18036632207543,163.99850219726562,161.39771379938247,0.9917382054505305,0.97258896162195,0.9525155351421455,0.925709223641874,39.41012790977551,39.77099524557404,41.48177026668163,-3.6764314697898044,-2.6540410158071226,-1.0223904539826818,170.36987810945146,148.3964213290251,159.38314971923828,0.13786562016834128,0.15557428458325237,-0.14501513352542628,96317090.0,0.9651900820508593,-0.026562501101876412,0.121295120867154,-0.023908623776167426,-0.07947352433027666,-0.02718600792685677,0.1518464292235846,-0.011676393080118141,0.3601942774645608,1
2022-03-16,0.029015182208513624,0.02860221107592912,0.03471391323553458,0.016173150186413677,152.4218292236328,153.67255860976667,155.4113311767578,155.16794796463464,158.73708572387696,157.99365180488743,163.56410430908204,161.19466086182246,1.0249179181703447,1.0052025338739565,0.9841421944922556,0.955098703052827,50.21770783386638,46.027592938732965,45.86526206372542,-3.3660869879513484,-2.796450210235968,-0.5696367777153806,168.8364021230156,148.63776932473831,158.73708572387696,0.1272458336132792,0.3753766228925115,0.1004245715828549,98574630.0,1.037794410184446,0.029677364737772605,-0.14501513352542628,-0.026562501101876412,0.121295120867154,-0.023908623776167426,-0.07947352433027666,0.03499758467666192,-0.30266042335279986,1
2022-03-17,0.00645417451119723,0.006433435514458946,0.020981168096343025,0.012672558471100295,152.83295593261718,154.85775045826892,154.86217651367187,155.5425272720235,158.15318069458007,157.92074536206707,163.19503997802735,161.03911079489896,1.0287580528416531,1.0152778276456207,0.9941509457145029,0.9634369658320663,52.48119434391709,47.37514430557542,46.82263753187287,-3.0041478203154384,-2.837989732251862,-0.16615808806357624,167.12009097721852,149.18627041194162,158.15318069458007,0.11339525696868578,0.4484188806317327,-0.2608479748817696,98468330.0,0.7679159380483045,0.029015182208513624,0.1004245715828549,0.029677364737772605,-0.14501513352542628,-0.026562501101876412,0.121295120867154,-0.02718600792685677,0.1518464292235846,1
2022-03-18,0.02091904554913704,0.02070324666495114,0.02878400624272273,0.02161859908702032,154.64388732910157,156.74423252393711,154.94146575927735,156.44701261443257,157.91335830688476,158.16802643761054,162.98521881103517,161.0186435737372,1.0379795763519106,1.0359860471738325,1.016489031556966,0.9848573866160025,59.49086959981101,51.61870915839961,49.85985776297727,-2.423966588460388,-2.7551851034935675,0.33121851503317945,166.34180342310822,149.4849131906613,157.91335830688476,0.10674771541295239,0.6544673016483604,0.633419911816905,102445780.0,1.205629943956696,0.00645417451119723,-0.2608479748817696,0.029015182208513624,0.1004245715828549,0.029677364737772605,-0.14501513352542628,-0.023908623776167426,-0.07947352433027666,1
2022-03-21,0.008537542343356241,0.008501303642272584,0.0201959819692012,0.011436673223656527,157.5335479736328,158.45869468880966,155.53662567138673,157.4362137788184,157.81938552856445,158.5222733500814,162.85989959716798,161.0527210421614,1.027639008331423,1.0408327834023232,1.025777780570904,0.994029957153245,62.20130050231929,53.30816881940311,51.082186817840636,-1.8324636503240583,-2.570640812859666,0.7381771625356075,166.02359873477454,149.61517232235437,157.81938552856445,0.10396965086047895,0.7479356269599888,-0.22427268024000968,102385040.0,0.9357949169136428,0.02091904554913704,0.633419911816905,0.00645417451119723,-0.2608479748817696,0.029015182208513624,0.1004245715828549,-0.026562501101876412,0.121295120867154,1
2022-03-22,0.020800856442646953,0.02058747259965766,0.026714810515169017,0.019998869719291202,160.22156677246093,160.72413650640698,156.65060272216797,158.85781493568805,158.03963623046874,159.1634873302262,162.79860443115234,161.2175170852767,1.0314155795036564,1.05492744534596,1.045655533530909,1.0150886779345092,68.28464253940416,57.25776506219128,53.97691641306556,-1.0795280547852997,-2.2724182612447925,1.1928902064594928,166.7766765217831,149.3025959391544,158.03963623046874,0.11056770946464523,0.9129192306864927,-0.1490365447117984,97423410.0,0.8368830448451763,0.008537542343356241,-0.22427268024000968,0.02091904554913704,0.633419911816905,0.00645417451119723,-0.2608479748817696,0.029677364737772605,-0.14501513352542628,1
2022-03-23,0.00823330935398614,0.008199600559424296,0.029316757513279074,0.013215079160131761,162.30071716308595,162.68796295251352,157.36127319335938,160.26832419187687,158.53592834472656,159.8732138554167,162.76413055419923,161.42920723270612,1.0265858263417582,1.0588095308557641,1.0509643939033884,1.0236629856800348,70.52108584134157,58.77512990173631,55.10404059021229,-0.3687813861818938,-1.8916908862322128,1.522909500050319,168.0067102039042,149.06514648554892,158.53592834472656,0.1194780509132795,0.9265586315965249,0.20275106706569201,98084190.0,0.9997809025083452,0.020800856442646953,-0.1490365447117984,0.008537542343356241,-0.22427268024000968,0.02091904554913704,0.633419911816905,0.029015182208513624,0.1004245715828549,1
2022-03-24,0.02267796688090762,0.02242464452902111,0.022577081119215102,0.017596222428297253,164.9339141845703,165.25668172257411,158.88343505859376,162.10937784111658,159.0904640197754,160.8752048465861,162.7487188720703,161.78077241035274,1.0331054113710945,1.0724473523615385,1.0710517460148639,1.0469767162753196,76.00351909121247,62.73193815117119,58.09648782176717,0.4936931298118168,-1.414614083023407,1.9083072128352239,169.88264655236821,148.29828148718258,159.0904640197754,0.13567353139722213,1.0236964445691328,-0.08087988603209983,96563130.0,0.9333935219374103,0.00823330935398614,0.20275106706569201,0.020800856442646953,-0.1490365447117984,0.008537542343356241,-0.22427268024000968,0.00645417451119723,-0.2608479748817696,1
2022-03-25,0.0037341443934237883,0.003727189783882401,0.01448030426751779,0.0048308966776067636,167.03655395507812,167.18125298432025,160.84022064208983,163.7313810532431,159.57354507446288,161.84236586194098,162.73723419189454,162.14350272790017,1.0239099853185936,1.0633558871347135,1.0717966780020047,1.0509604415799456,76.84937665867031,63.36952425241524,58.58457406311839,1.2145519738069765,-0.8887808716573304,2.103332845464307,171.5323070393349,147.61478310959086,159.57354507446288,0.14988401691886494,0.9790149041766724,-0.10634695566694852,94920740.0,0.8485627061061681,0.02267796688090762,-0.08087988603209983,0.00823330935398614,0.20275106706569201,0.020800856442646953,-0.1490365447117984,0.02091904554913704,0.633419911816905,1
2022-03-28,0.005036379053031226,0.005023738918622648,0.021241432789815825,0.019922216245855686,169.03738403320312,168.75142512594007,163.28546600341798,165.21508802704975,160.08647766113282,162.79945191405895,162.80828338623047,162.5257876957935,1.0168861189629856,1.0527071001259938,1.073743216294858,1.0557925299255226,78.07026475607012,64.26093106890669,59.259120479272454,1.834199960820456,-0.34418470516177313,2.1783846659822292,173.18071115036997,146.99224417189566,160.08647766113282,0.16358950088157617,0.9507820850204888,0.12198837437396182,93084720.0,0.9708564413149655,0.0037341443934237883,-0.10634695566694852,0.02267796688090762,-0.08087988603209983,0.00823330935398614,0.20275106706569201,0.008537542343356241,-0.22427268024000968,1
2022-03-29,0.01913467427139337,0.018953908678946963,0.014919524300277162,0.01284738378569945,171.02255249023438,170.89457089287933,165.62205963134767,167.02704700881483,160.8578369140625,163.97863386764934,162.9279071044922,163.0220651362235,1.024314395241884,1.0577145509280994,1.089041515088552,1.0752047671882712,82.24216895261553,67.511995375474,61.756481314287974,2.561154379844993,0.2368831118395801,2.324271268005413,175.5079191447493,146.20775468337567,160.8578369140625,0.18214943718923132,0.9888377173301313,0.11306058631056781,93847230.0,1.0718419712547722,0.005036379053031226,0.12198837437396182,0.0037341443934237883,-0.10634695566694852,0.02267796688090762,-0.08087988603209983,0.020800856442646953,-0.1490365447117984,0
2022-03-30,-0.0066497088623791445,-0.0066719166814604184,0.01636948637099271,-0.004368517311482531,172.50262145996095,171.93503415970602,167.40166931152345,168.2977585878229,161.40650024414063,164.9345697558122,163.08817077636718,163.45319829532687,1.0087728477433584,1.0395115019404446,1.0781223831143474,1.067005411029944,76.24850747119702,65.24814200487049,60.3800739995678,3.0085919843384374,0.7912248863393516,2.2173670979990856,177.1257021217054,145.68729836657587,161.40650024414063,0.1947778045343672,0.901084627178674,-0.07909580929998583,92880530.0,0.9973371168316977,0.01913467427139337,0.11306058631056781,0.005036379053031226,0.12198837437396182,0.0037341443934237883,-0.10634695566694852,0.00823330935398614,0.20275106706569201,0
2022-03-31,-0.017775560292556114,-0.01793544306851495,0.02078921522320462,-0.018162369512211216,172.60834350585938,171.59759927053318,168.77112884521483,168.7750260249801,161.81665267944337,165.50487068308604,163.25637329101562,163.74612108736062,0.9902344580833391,1.0127486298260526,1.0562740401680608,1.0469590010278256,62.20454518221244,59.538930247447084,56.84752358225217,3.078109077402644,1.2486017245520102,1.8295073528506336,178.0704904656402,145.56281489324653,161.81665267944337,0.20089202831794423,0.7801208223105697,0.11244456631099875,95623920.0,1.077651909689542,-0.0066497088623791445,-0.07909580929998583,0.01913467427139337,0.11306058631056781,0.005036379053031226,0.12198837437396182,0.02267796688090762,-0.08087988603209983,0
2022-04-01,-0.0017183271806364697,-0.0017198051981741362,0.01686651645105986,0.0016089109996028593,172.52807006835937,171.2747422871263,169.78231201171874,169.11211735140415,162.36188888549805,165.9928856961552,163.4523321533203,164.01603901806462,0.9889928534684563,1.004987070199252,1.0509179801464656,1.0439069670799213,60.960750489368124,59.01094889893585,56.517865992107716,3.074066716919873,1.613694723025583,1.46037199389429,179.02484544047488,145.69893233052122,162.36188888549805,0.2052569931202019,0.7480694049563867,-0.23579005388682894,91147880.0,0.863994861975945,-0.017775560292556114,0.11244456631099875,-0.0066497088623791445,-0.07909580929998583,0.01913467427139337,0.11306058631056781,0.0037341443934237883,-0.10634695566694852,1
2022-04-04,0.02369351184331303,0.023417176976168057,0.022696721566609974,0.02216872861785453,173.08408203125,172.40710459929514,171.06073303222655,170.12297405544572,163.29867935180664,166.81945174639117,163.7702081298828,164.43391314377317,1.009173271012271,1.0211100240680364,1.0696463064917026,1.0665665704296117,70.44959751412802,63.77316699332401,59.8804529485277,3.358370162197758,1.962629810860018,1.3957403513377402,180.50892000722405,146.08843869638923,163.29867935180664,0.21078236178922294,0.8304180952358198,-0.02898872780512829,89213580.0,0.8571385656757637,-0.0017183271806364697,-0.23579005388682894,-0.017775560292556114,0.11244456631099875,-0.0066497088623791445,-0.07909580929998583,0.005036379053031226,0.12198837437396182,0
2022-04-05,-0.018941858131874545,-0.019123553213696912,0.022163857745478598,-0.013746492627640864,172.3205535888672,172.05914313781136,171.6715530395508,170.34847335715446,164.16107788085938,167.25219160052953,164.0373583984375,164.705650675972,0.9944444620558294,0.9982039375816912,1.0438724113349898,1.0446597158594333,57.17979492901643,57.8495226780222,56.149168193909404,3.2789083803075414,2.225885524749523,1.0530228555580186,181.17159657121385,147.1505591905049,164.16107788085938,0.20724180067457806,0.7116967290970446,-0.04010283986587926,88400560.0,0.8303318440516666,0.02369351184331303,-0.02898872780512829,-0.0017183271806364697,-0.23579005388682894,-0.017775560292556114,0.11244456631099875,0.01913467427139337,0.11306058631056781,0
2022-04-06,-0.01845098063659012,-0.018623323198014685,0.02036896911309614,-0.0030749522941522726,171.1576416015625,170.77322901081956,171.83013153076172,169.95809652073288,164.59570236206054,167.3425924725587,164.27724975585937,164.84273891443726,0.9827279645999775,0.9788818716391651,1.021906394535405,1.0238873672818873,47.255933303082,52.80200651444397,52.84502870070674,2.9270606071871157,2.3661205412370414,0.5609400659500743,181.55266149553617,147.6387432285849,164.59570236206054,0.20604376530045088,0.6063191332358996,0.2133053957804849,87500170.0,1.0178128796778338,-0.018941858131874545,-0.04010283986587926,0.02369351184331303,-0.02898872780512829,-0.0017183271806364697,-0.23579005388682894,-0.0066497088623791445,-0.07909580929998583,1
2022-04-07,0.0018042778139690796,0.001802652060001553,0.020390348084589404,0.005725611746735522,170.674072265625,170.01711361137973,171.64120788574218,169.69387584650872,165.26232147216797,167.45328679064835,164.52497039794923,164.9863524006358,0.9872904570428892,0.9817274353176892,1.0196206934009342,1.0241903244530253,48.26146320037691,53.22388051504593,53.123038273959324,2.642248976194878,2.4213462282286087,0.22090274796626952,181.72615854044153,148.7984844038944,165.26232147216797,0.199244896496825,0.5984752620815402,-0.12872506703436382,86246500.0,0.899685204616999,-0.01845098063659012,0.2133053957804849,-0.018941858131874545,-0.04010283986587926,0.02369351184331303,-0.02898872780512829,-0.017775560292556114,0.11244456631099875,0
2022-04-08,-0.011909117120354251,-0.01198059874449894,0.015168451329315265,-0.009838179377201973,169.84789428710937,168.84412188349796,171.18798217773437,169.11283267945885,166.01410140991212,167.36232027989465,164.7417446899414,165.0456381271887,0.9802779076335641,0.9726041297389042,1.0029156379711812,1.0106614977345216,42.07364751360884,50.038872956159274,51.0340285717957,2.2289126878727075,2.3828595201574285,-0.15394683228472106,181.21330835893627,150.81489446088796,166.01410140991212,0.18310742063404822,0.5159231011014471,-0.013134917719895833,85849430.0,0.8919744720494941,0.0018042778139690796,-0.12872506703436382,-0.01845098063659012,0.2133053957804849,-0.018941858131874545,-0.04010283986587926,-0.0017183271806364697,-0.23579005388682894,0
2022-04-11,-0.025515729925395192,-0.025846901699323115,0.0212971268735861,-0.017544938628847102,167.36349182128907,166.64602022050906,170.22378692626953,167.86501162765381,166.75462646484374,166.87541519557433,164.65632263183593,164.93599807884922,0.9694456964830883,0.9531559591304821,0.972985399770829,0.9853846745825514,31.954551393493944,44.03158735500997,46.931630360227345,1.5407755569046913,2.2144427275068814,-0.6736671706021902,179.50812864709047,154.001124282597,166.75462646484374,0.15296129951675444,0.32338931275742744,-0.05652983003702228,84036910.0,0.8597020047500556,-0.011909117120354251,-0.013134917719895833,0.0018042778139690796,-0.12872506703436382,-0.01845098063659012,0.2133053957804849,0.02369351184331303,-0.02898872780512829,1
2022-04-12,0.011523337650627186,0.011457449678460402,0.01926515362631491,-0.0021426056493117906,165.91474304199218,165.8038389197925,169.11764831542968,167.1840052077821,167.36985397338867,166.61294482631578,164.5212841796875,164.90397761765357,0.9891795828947013,0.9704455918890974,0.9805796708435552,0.9975577150194787,39.433736047859725,47.04466476662375,48.83230693336371,1.1332247039798062,1.9981991228014664,-0.8649744188216602,178.22746294165384,156.5122450051235,167.36985397338867,0.1297439020289938,0.3503179814022791,0.09714630564440996,81904490.0,0.9677760034889418,-0.025515729925395192,-0.05652983003702228,-0.011909117120354251,-0.013134917719895833,0.0018042778139690796,-0.12872506703436382,-0.018941858131874545,-0.04010283986587926,1
2022-04-13,0.016342538779780202,0.01621043680415227,0.025058621869821295,0.017981925549980463,165.63478393554686,166.1364276880648,168.39621276855468,167.11447793811433,167.89894104003906,166.63091248329613,164.44321197509765,164.9783943865538,1.0070445425854304,0.9905306211005057,0.9934643077041921,1.0143416880586646,48.844254042908,51.110802068421144,51.451426887784876,1.014963239605862,1.8015519461623457,-0.7865887065564836,177.48893924518347,158.30894283489465,167.89894104003906,0.11423536260252497,0.4427874858808087,-0.10908065582374105,79703060.0,0.8860249531197422,0.011523337650627186,0.09714630564440996,-0.025515729925395192,-0.05652983003702228,-0.011909117120354251,-0.013134917719895833,-0.01845098063659012,0.2133053957804849,0
2022-04-14,-0.029988354765261183,-0.030447202160134787,0.03769139838697549,-0.03123902229274986,164.29370727539063,164.69078496261614,167.4838897705078,166.14811822422422,168.12750930786132,166.17077791457447,164.24104766845704,164.8537318424426,0.9848186044064909,0.9660600773807081,0.9623618417819106,0.9851343607983621,36.503594210782595,44.28182395033981,46.76400769603152,0.5117133375483149,1.5435842244395397,-1.0318708868912247,176.86973472474114,159.3852838909815,168.12750930786132,0.10399518142949198,0.13807786379402856,0.06670310639219812,76931070.0,0.9791804533590914,0.016342538779780202,-0.10908065582374105,0.011523337650627186,0.09714630564440996,-0.025515729925395192,-0.05652983003702228,0.0018042778139690796,-0.12872506703436382,0
2022-04-18,-0.0013307629078626038,-0.0013316491591685744,0.018355840824224246,0.007015673304779758,163.3109161376953,163.65525088816338,166.57940521240235,165.31831177241213,168.18085861206055,165.73395932644908,164.09206207275392,164.72551423055302,0.9894267117025931,0.9700129648873748,0.9607762980446,0.9847166322257308,36.04623586840526,44.009242313387205,46.57223897040637,0.0944214684744793,1.2537516732465277,-1.1593302047720484,176.74793357549797,159.61378364862313,168.18085861206055,0.10187931057242278,0.11499835702640394,-0.08370569790812088,75958330.0,0.9087074452532066,-0.029988354765261183,0.06670310639219812,0.016342538779780202,-0.10908065582374105,0.011523337650627186,0.09714630564440996,-0.011909117120354251,-0.013134917719895833,1
2022-04-19,0.014115100493588884,0.014016410061967608,0.023357250923958846,0.014422430992632258,163.63394470214843,163.7251538310412,165.49871826171875,165.05406594411843,168.27972564697265,165.55595936362505,163.99436950683594,164.69176699471944,1.0014117792923036,0.9901282707075818,0.973765313003675,0.9992108888224137,44.62092567521977,47.68294515842681,48.90278429344563,-0.05165031072243664,0.992671276452735,-1.0443215871751717,176.59598071793823,159.96347057600707,168.27972564697265,0.09883846718899368,0.234570074360214,-0.018835504803408676,75083870.0,0.9019753510307873,-0.0013307629078626038,-0.08370569790812088,-0.029988354765261183,0.06670310639219812,0.016342538779780202,-0.10908065582374105,-0.025515729925395192,-0.05652983003702228,0
2022-04-20,-0.001015452571520692,-0.0010159684927751433,0.016623804642237797,-0.009066122476289198,163.5497619628906,163.71629009471758,164.7322525024414,164.80761079465512,168.2019027709961,165.3790644358579,163.90764068603517,164.65281780363517,1.000909818867321,0.9937250303770613,0.9732265802304448,0.9987244153897294,44.11745696332061,47.4383965009888,48.73991935384382,-0.17877924715719473,0.7583811717307491,-0.9371604188879439,176.6578778808555,159.7459276611367,168.2019027709961,0.10054553451005908,0.23371845999906993,0.003041766705353277,74536670.0,0.911360810725781,0.014115100493588884,-0.018835504803408676,-0.0013307629078626038,-0.08370569790812088,-0.029988354765261183,0.06670310639219812,0.011523337650627186,0.09714630564440996,0
2022-04-21,-0.004843706029809991,-0.004855474792191151,0.0337699506010223,-0.014741610556975164,162.77057189941405,163.44607836555392,164.20267791748046,164.46180063330445,168.0164047241211,165.1435016236073,163.74299255371093,164.58430161161914,1.000829898219538,0.9921010849110165,0.9695818403846561,0.994886268820269,41.513425792113765,46.22189801297775,47.94106447460941,-0.3395962173753446,0.5387856939095305,-0.8783819112848751,176.76126973173496,159.27153971650722,168.0164047241211,0.10409537118679246,0.2077856655051414,0.28408739610598,74353570.0,1.173148780885706,-0.001015452571520692,0.003041766705353277,0.014115100493588884,-0.018835504803408676,-0.0013307629078626038,-0.08370569790812088,0.016342538779780202,-0.10908065582374105,0
2022-04-22,-0.02782126761572601,-0.028215610371966928,0.03937199691900511,-0.028054867471931536,162.08535461425782,161.7551899390151,163.1895309448242,163.35482107923772,167.4153694152832,164.4987312866864,163.45931213378907,164.34073735571005,0.9770988468566191,0.9704875807228401,0.945990882671491,0.9688858408770934,29.78827798749012,39.92030266401685,43.647462194919775,-0.8232687328641646,0.26637480855479145,-1.089643541418956,177.0327725207445,157.79796630982193,167.4153694152832,0.11489271431949322,0.029916952102631525,-0.02688821682995557,75082340.0,1.13052416853284,-0.004843706029809991,0.28408739610598,-0.001015452571520692,0.003041766705353277,0.014115100493588884,-0.018835504803408676,-0.029988354765261183,0.06670310639219812,1
2022-04-25,0.0067372504133282884,0.00671465656526614,0.02891694077776355,0.01092359619515194,161.65660095214844,160.98359810224707,162.48375854492187,162.64311077914192,166.83587036132812,164.01698682402207,163.27841583251953,164.14856782916107,0.9862907761861608,0.981269856486182,0.9556722669015942,0.976494128852001,34.842916157980525,41.927588290319626,44.868021564148954,-1.1077155397881029,-0.008443261113787404,-1.0992722786743154,176.89854717003234,156.7731935526239,166.83587036132812,0.12062965580376428,0.13253038564151712,0.13152314260671227,77029430.0,1.2468792771801636,-0.02782126761572601,-0.02688821682995557,-0.004843706029809991,0.28408739610598,-0.001015452571520692,0.003041766705353277,-0.0013307629078626038,-0.08370569790812088,0
2022-04-26,-0.03732804598143358,-0.03804257525105516,0.03584180489672831,-0.03359011986589934,159.5813720703125,158.4853371707038,161.60765838623047,160.97869342068287,165.91572265625,163.0143038224597,163.0466165161133,163.7305383185123,0.9618216294066522,0.9497620152430534,0.9251010865656215,0.9413799475713037,23.72711311081622,34.91945593266246,39.8170748655187,-1.7927206256443924,-0.3652987340199084,-1.4274218916244839,177.24652713098772,154.5849181815123,165.91572265625,0.13658506009359053,-0.04836827236490168,-0.004406203668226971,79367080.0,1.2048219488483134,0.0067372504133282884,0.13152314260671227,-0.02782126761572601,-0.02688821682995557,-0.004843706029809991,0.28408739610598,0.014115100493588884,-0.018835504803408676,0
2022-04-27,-0.0014669387535175549,-0.001468015761569598,0.02816624000143452,0.0042332348573331366,157.49439086914063,156.74477698587285,160.52207641601564,159.57595945623342,164.81986236572266,162.08567075519792,162.8056167602539,163.32007236940242,0.9731372385417526,0.9547824202012346,0.9298858427398187,0.9413904732900317,23.397654767231998,34.683265597033696,39.639814425795905,-2.3269370343830644,-0.7576263940925396,-1.5693106402905248,176.58548529705143,153.05423943439388,164.81986236572266,0.1427694789020241,0.008899536515803008,-0.0790603117235148,80246880.0,1.0974034130672743,-0.03732804598143358,-0.004406203668226971,0.0067372504133282884,0.13152314260671227,-0.02782126761572601,-0.02688821682995557,-0.001015452571520692,0.003041766705353277,1
2022-04-28,0.04515551974968468,0.044165697070741874,0.03416042298661408,0.02756671516262761,156.95013122558595,157.89130355373294,159.8603515625,159.68657713500062,164.12828216552734,161.90459322512697,162.6264810180664,163.1971031270515,1.0206067076122325,1.0020268010409477,0.9759704700248025,0.9849832308162532,48.8610189884105,46.63199259327531,47.22278775706366,-2.1668862144822754,-1.039478358170487,-1.1274078563117884,175.2593507554532,152.99721357560148,164.12828216552734,0.1356386412269874,0.3228415607984102,0.47867440656255966,86206670.0,1.5105188496435369,-0.0014669387535175549,-0.0790603117235148,-0.03732804598143358,-0.004406203668226971,0.0067372504133282884,0.13152314260671227,-0.004843706029809991,0.28408739610598,0
2022-04-29,-0.03660466598754297,-0.037291428048256914,0.056771311733249334,-0.025889783342915727,156.13962097167968,156.70115630795738,159.11248779296875,158.71099253161984,163.29818878173828,161.1823330909631,162.33477355957032,162.84901523251636,0.9883517127558333,0.9698852928325954,0.9450249446591782,0.9506334251901778,36.77716905573546,39.96186517786137,42.47571900331474,-2.4845395937263675,-1.328490605281663,-1.1560489884447045,174.75020448799327,151.84617307548328,163.29818878173828,0.14025894336846045,0.10804598964928579,0.011755779592187876,91848490.0,1.4344013712147037,0.04515551974968468,0.47867440656255966,-0.0014669387535175549,-0.0790603117235148,-0.03732804598143358,-0.004406203668226971,-0.02782126761572601,-0.02688821682995557,1
2022-05-02,0.001966169816163932,0.0019642394341826417,0.03140029909002707,0.007976516791823958,155.1763946533203,156.00886515094294,158.41649780273437,157.96795440530968,162.49795150756836,160.5577568762918,162.120986328125,162.52647670719864,0.9964420373495614,0.976061742189614,0.951546043518662,0.9537585869602472,37.707240431265575,40.43665677183454,42.78821024388281,-2.680894956526913,-1.5989714755307132,-1.0819234809962,174.02558058540973,150.970322429727,162.49795150756836,0.1418803002855635,0.1584870740771311,-0.06597691343144008,97251630.0,1.2653289204509992,-0.03660466598754297,0.011755779592187876,0.04515551974968468,0.47867440656255966,-0.0014669387535175549,-0.0790603117235148,0.0067372504133282884,0.13152314260671227,1
2022-05-03,0.009622974666986694,0.009576968753288796,0.02752695953885308,0.008409749493415953,155.70107727050782,156.04331956514687,157.64122467041017,157.63054967589966,161.56997146606446,160.1343732112692,161.96788940429687,162.274937557644,1.0026406440485478,0.9903007840743927,0.9662205605225591,0.9638467783195869,42.54308989079477,42.824531931463326,44.34497052087505,-2.6854866071198273,-1.816274501848536,-0.8692121052712913,171.96018207678873,151.1797608553402,161.56997146606446,0.12861561485027045,0.23736128761064015,-0.27702016898093784,99375900.0,0.8952522694134091,0.001966169816163932,-0.06597691343144008,-0.03660466598754297,0.011755779592187876,0.04515551974968468,0.47867440656255966,-0.03732804598143358,-0.004406203668226971,1
2022-05-04,0.04100822883771249,0.04018969434482918,0.04348874253041297,0.03976956332645989,157.5511688232422,158.20025117005886,157.5227798461914,158.51847053116933,161.1275161743164,160.36101522732764,162.0011715698242,162.28431704086907,1.0315005315016645,1.031686429978985,1.008605595360052,1.0031662907439995,58.65443545403213,51.78133997368916,50.437524566407156,-2.147788458593851,-1.882577293197599,-0.2652111653962521,170.5174121669072,151.73762018172562,161.1275161743164,0.11655235822579553,0.5738345880859869,0.21682318625550057,103408570.0,1.0468813174768783,0.009622974666986694,-0.27702016898093784,0.001966169816163932,-0.06597691343144008,-0.03660466598754297,0.011755779592187876,-0.0014669387535175549,-0.0790603117235148,0
2022-05-05,-0.05571640834606739,-0.05732874306451289,0.05823821288506729,-0.043210262846018865,156.2061798095703,156.61997132040383,156.57815551757812,157.5986416384283,160.3904167175293,159.70371964578155,161.93656433105468,161.93824231852494,0.9824157521051656,0.98008187102361,0.956786663204186,0.947651398280683,40.10002260940235,41.805899962557135,43.38436400500447,-2.4243512294402194,-1.9909320804461232,-0.43341914899409617,169.75785399702886,151.02297943802972,160.3904167175293,0.11680794240963885,0.13004795817507667,0.20570404548456667,107738320.0,1.211503019538452,0.04100822883771249,0.21682318625550057,0.009622974666986694,-0.27702016898093784,0.001966169816163932,-0.06597691343144008,0.04515551974968468,0.47867440656255966,1
2022-05-06,0.004727299555856712,0.004716160965153875,0.033443602533378004,0.008140531486303526,156.1789794921875,155.8082676234333,156.1593002319336,156.9779541095308,159.6744155883789,159.17811398708733,161.83419342041014,161.63418811895502,0.9872318331879287,0.9873562445559829,0.9656203197070837,0.9527335167602891,41.82029459819189,42.75737081082551,44.042641435654645,-2.555532984510961,-2.103852261259091,-0.45168072325187003,168.63159845921152,150.7172327175463,159.6744155883789,0.11219308788858362,0.19356685924307585,-0.11032880215559737,110862540.0,1.0474647252354132,-0.05571640834606739,0.20570404548456667,0.04100822883771249,0.21682318625550057,0.009622974666986694,-0.27702016898093784,-0.03660466598754297,0.011755779592187876,0
2022-05-09,-0.033189046755561,-0.033752300837136026,0.028541341625487705,-0.018524464292678778,155.06764526367186,153.56138231373419,155.12201995849608,155.5397100340408,158.802889251709,158.21520900682532,161.58817016601563,161.1413812003425,0.9613069924474982,0.9609700269131356,0.9386958410942874,0.9225156243875027,33.82573790269642,38.03350625976697,40.55052871585939,-3.037401388188414,-2.2905620866449556,-0.7468393015434582,168.30978734999366,149.29599115342432,158.802889251709,0.11973205453731825,-0.012011249974878442,0.133075162368697,114415690.0,1.1499987458013845,0.004727299555856712,-0.11032880215559737,-0.05571640834606739,0.20570404548456667,0.04100822883771249,0.21682318625550057,0.001966169816163932,-0.06597691343144008,1
2022-05-10,0.01611170509233273,0.015983289069696795,0.024658681980693733,-0.006494404178741673,154.13906860351562,152.86403657341396,154.92007293701172,154.7996436810831,158.26386566162108,157.5727457769156,161.38489471435548,160.76208566671235,0.982679773953939,0.9777257538108616,0.9570684025665417,0.938559617744076,40.096163421188045,41.31081597986594,42.78612730730789,-3.1887280842063603,-2.470195286157237,-0.7185327980491234,168.14307806341327,148.3846532598289,158.26386566162108,0.12484482620833509,0.15612033163620154,-0.1232061007205617,116390040.0,0.9912076669103301,-0.033189046755561,0.133075162368697,0.004727299555856712,-0.11032880215559737,-0.05571640834606739,0.20570404548456667,0.009622974666986694,-0.27702016898093784,0
2022-05-11,-0.05184132281690934,-0.05323340973892965,0.06580204361534765,-0.045602605863192196,150.3596405029297,149.78168234126036,153.95540466308594,152.7664309894231,157.23874053955078,156.24362464358583,161.06216064453125,160.08972834162375,0.9551564063107401,0.9328478866412172,0.9133688897796067,0.891686621502116,29.45138827146762,34.82565747050822,37.89416106426493,-3.8973500873718194,-2.7556262464001535,-1.141723840971666,168.61608487704092,145.86139620206063,157.23874053955078,0.1447142644166418,-0.09863559801524957,0.23683697288732364,121852700.0,1.1710023659713735,0.01611170509233273,-0.1232061007205617,-0.033189046755561,0.133075162368697,0.004727299555856712,-0.11032880215559737,0.04100822883771249,0.21682318625550057,0
2022-05-12,-0.026893837091517048,-0.02726209390070762,0.051907926649920944,-0.001470944229058227,147.61867065429686,146.43930902015015,151.91242523193358,150.4006366964243,155.8863883972168,154.6732377611424,160.5963980102539,159.29227085285146,0.9467268724104428,0.9199679497220733,0.896515493205338,0.8702222721645757,25.557709565730605,32.15199175941824,35.781241815595976,-4.716236618692847,-3.147748320858692,-1.5684882978341546,168.7307708232749,143.0420059711587,155.8863883972168,0.16479158389800028,-0.12797203805453436,0.2797130558736505,127091220.0,1.436779031627834,-0.05184132281690934,0.23683697288732364,0.01611170509233273,-0.1232061007205617,-0.033189046755561,0.133075162368697,-0.05571640834606739,0.20570404548456667,1
2022-05-13,0.03191630486229058,0.03141756383095216,0.03392023297165935,0.017428621179102644,145.62470092773438,145.69787654566,150.90184020996094,149.27597758737983,155.00716400146484,153.67721622166977,160.22630462646484,158.701005783982,0.9903197100349463,0.9556875608410251,0.9303764282489345,0.9000707588737552,36.81282882800703,38.06549941723601,39.84819018158902,-4.948248788246985,-3.5078484143363506,-1.4404003739106348,168.50298737123458,141.5113406316951,155.00716400146484,0.17413160813189513,0.10016695131920325,-0.3757412295593695,125315550.0,0.9096309276861491,-0.026893837091517048,0.2797130558736505,-0.05184132281690934,0.23683697288732364,0.01611170509233273,-0.1232061007205617,0.004727299555856712,-0.11032880215559737,0
2022-05-16,-0.010672528309672469,-0.01072988822184076,0.0229490981912663,-6.877200560039024e-05,144.34635314941406,144.6905419646848,149.70699920654297,148.07595853562609,154.06174850463867,152.6294692293902,159.88533599853517,158.0725691964821,0.9884272770996122,0.9530340836362091,0.9260953753127015,0.892363717483394,34.70072667741947,36.871290612526444,38.95436744808106,-5.196414707634062,-3.8455616729958932,-1.350853034638169,168.21528940476637,139.90820760451098,154.06174850463867,0.18373854688143493,0.09777289011113917,-0.23990599249589217,121674400.0,0.7120955599534495,0.03191630486229058,-0.3757412295593695,-0.026893837091517048,0.2797130558736505,-0.05184132281690934,0.23683697288732364,-0.033189046755561,0.133075162368697,1
2022-05-17,0.025422746349196057,0.025104963024874655,0.020704981794048602,0.002552766903496033,143.31310119628907,145.22805641883934,148.72608489990233,147.7536179522665,153.18365478515625,152.02695647679573,159.69267730712892,157.6110208094494,1.0208632993487743,0.9837083079650443,0.9550828744250947,0.9161540015123615,43.59791694933938,41.52698163495259,42.16449188046118,-5.0422780076834215,-4.084904939933399,-0.9573730677500221,166.96978210711006,139.39752746320244,153.18365478515625,0.17999475650700705,0.2504531440439114,-0.09588106708154531,120611380.0,0.6494934391763033,-0.010672528309672469,-0.23990599249589217,0.03191630486229058,-0.3757412295593695,-0.026893837091517048,0.2797130558736505,0.01611170509233273,-0.1232061007205617,0
2022-05-18,-0.05641909534080669,-0.058073168343511686,0.052975474548098485,-0.04106229845878442,142.1994659423828,142.83497014836686,146.27955322265626,145.98910516229475,151.90116653442382,150.69570325114105,159.37134826660156,156.84387480152674,0.9708109428720167,0.9437326992467217,0.9088066981772472,0.8662083812988102,32.01630266162023,35.17037269604215,37.4578994879183,-5.522515476729495,-4.372427047292619,-1.1500884294368765,166.29485699512145,137.5074760737262,151.90116653442382,0.18951388970980326,0.01880412584853666,0.4009201353650862,120760020.0,0.9087684814891551,0.025422746349196057,-0.09588106708154531,-0.010672528309672469,-0.23990599249589217,0.03191630486229058,-0.3757412295593695,-0.05184132281690934,0.23683697288732364,0
2022-05-19,-0.02464141809711462,-0.02495009928676838,0.03684016988525075,-0.018086922297553872,141.17796936035157,140.10567325483572,144.39832000732423,143.92691867238176,150.48823776245118,149.16726289082033,158.87411163330077,155.97341223941876,0.9537400210375014,0.9324698477166757,0.89473490732423,0.8475079928601204,28.390220535605366,32.933041027605455,35.731963740099005,-6.107197385535528,-4.719381114941201,-1.3878162705943273,165.802081350884,135.17439417401835,150.48823776245118,0.20352213323949017,-0.01721692869591572,0.24013125222679554,121317050.0,1.121817584585184,-0.05641909534080669,0.4009201353650862,0.025422746349196057,-0.09588106708154531,-0.010672528309672469,-0.23990599249589217,-0.026893837091517048,0.2797130558736505,1
2022-05-20,0.0017472344049016542,0.0017457097665442066,0.05879785270161203,-0.010784384495604319,139.31143493652343,138.36456199573684,142.46806793212892,142.2824497278649,149.31368408203124,147.80679399431736,158.46830841064454,155.14631134679604,0.9682072368215685,0.9467548864479326,0.9033488143219093,0.8511628654987197,29.038682790442337,33.24930060631466,35.946284683942494,-6.476916630852003,-5.070888218123361,-1.4060284127286415,165.60076836184064,133.02659980222185,149.31368408203124,0.21815929839171944,0.05696967128787178,0.009776216130426008,123447200.0,1.1132378863190093,-0.02464141809711462,0.24013125222679554,-0.05641909534080669,0.4009201353650862,0.025422746349196057,-0.09588106708154531,0.03191630486229058,-0.3757412295593695,1
2022-05-23,0.0401193531553119,0.0393354692178906,0.03920061900933117,0.03860953322765083,138.8350067138672,139.00761856030894,141.59067993164064,141.92086462997185,148.35634994506836,147.09126425099694,158.24493225097658,154.56385724258652,1.0105068959919619,0.99084015810353,0.9456537030022607,0.8865606607037954,42.91160344026082,40.23093525982959,40.720727019911756,-6.261093679299364,-5.308929310358562,-0.9521643689408021,164.39894744261966,132.31375244751706,148.35634994506836,0.21627112696546338,0.2487121939933389,-0.1433483159312532,122062040.0,0.9644792107357865,0.0017472344049016542,0.009776216130426008,-0.02464141809711462,0.24013125222679554,-0.05641909534080669,0.4009201353650862,-0.010672528309672469,-0.23990599249589217,0
2022-05-24,-0.01921605692228545,-0.01940308518449152,0.03305784674744593,-0.0031957741356747754,137.09395751953124,138.53769215869556,140.20352935791016,141.13486003460764,147.56180114746093,146.18712854666092,158.04810272216798,153.89852320779758,1.0036754489041992,0.9814149471530804,0.9324760085976789,0.8706073466592088,38.53314699319957,38.09332560724314,39.192580432051834,-6.235707066642362,-5.494284861615323,-0.7414222050270398,164.07604872896079,131.04755356596107,147.56180114746093,0.22382821913371606,0.19832225952715105,-0.11546782664536304,120938640.0,0.8610374649491677,0.0401193531553119,-0.1433483159312532,0.0017472344049016542,0.009776216130426008,-0.02464141809711462,0.24013125222679554,0.025422746349196057,-0.09588106708154531,1
2022-05-25,0.0011398804916422645,0.001139231321145676,0.024551642779292986,0.015097967978476517,137.0351348876953,138.27668958854446,139.61730041503907,140.52028265526846,146.7863525390625,145.3840386325258,157.7668978881836,153.2654314917366,1.0052508399479927,0.9866591320612854,0.938470655244214,0.8731532805181671,38.9559178487336,38.298732698348694,39.33166190515628,-6.132243222354873,-5.621876533763233,-0.51036668859164,163.61040577956084,129.96229929856418,146.7863525390625,0.22923184546085298,0.2315846555608974,-0.11187648068282108,115917930.0,0.7978291192743003,-0.01921605692228545,-0.11546782664536304,0.0401193531553119,-0.1433483159312532,0.0017472344049016542,0.009776216130426008,-0.05641909534080669,0.4009201353650862,1
2022-05-26,0.02319954904196342,0.02293453054936848,0.050076484972671476,0.04650993098504872,138.2958251953125,139.16797006098278,139.73689727783204,140.59850962810316,145.8246612548828,144.96179981093852,157.46151123046874,152.78249421778065,1.0191958492369362,1.0086851343608576,0.9665754049618255,0.8951427552321465,47.53423070133333,42.48618435400567,42.161949929605676,-5.7263593657117156,-5.64277310015293,-0.08358626555878512,161.64425121434624,130.00507129541938,145.8246612548828,0.21696727869386664,0.34594637846135556,-0.02034110163306213,106717880.0,0.8489814452835832,0.0011398804916422645,-0.11187648068282108,-0.01921605692228545,-0.11546782664536304,0.0401193531553119,-0.1433483159312532,-0.02464141809711462,0.24013125222679554,1
2022-05-27,0.04075667286686824,0.03994801866679016,0.029537544687073095,0.02923172169916521,140.6583984375,141.67704860348073,139.98491668701172,141.70699982089832,145.44337844848633,145.12688608498976,157.25085266113283,152.54377702055305,1.0429182140422204,1.0479358002295933,1.00860697305951,0.9328738331524147,59.47660005471391,49.164772975628665,46.842549599809274,-4.884836889492362,-5.491185858020817,0.6063489685284544,160.78588166333324,130.1008752336394,145.44337844848633,0.2109756164703088,0.5407960559779724,0.004161079010833069,104416640.0,0.8713026965816942,0.02319954904196342,-0.02034110163306213,0.0011398804916422645,-0.11187648068282108,-0.01921605692228545,-0.11546782664536304,0.0017472344049016542,0.009776216130426008,0
2022-05-31,-0.0053461595950911045,-0.005360501445016217,0.02566519361870125,-0.0015429729323609676,141.78184204101564,143.0883489713309,140.3084243774414,142.47135434564976,145.0077117919922,145.20155881089846,156.95872772216796,152.283666145513,1.0291229653005998,1.0399300708738528,1.0062288957178684,0.9296134839045564,57.39578425158367,48.339510975770786,46.30539274073326,-4.232418481977163,-5.239432382812087,1.0070139008349237,159.76640775924275,130.24901582474163,145.0077117919922,0.2035573940842722,0.530600193846507,0.14003198557901042,106124100.0,0.9773312565194899,0.04075667286686824,0.004161079010833069,0.02319954904196342,-0.02034110163306213,0.0011398804916422645,-0.11187648068282108,0.0401193531553119,-0.1433483159312532,0
2022-06-01,-0.0008733144957029371,-0.0008736960569719724,0.027301544173787048,-0.007938540567512909,143.41897888183593,143.98674050074405,140.2564682006836,143.07356692999895,144.49127655029298,145.2569840250577,156.6366458129883,152.0287585931231,1.0164869719207983,1.039406776955045,1.0089434257910204,0.9307114743354774,57.01765146854433,48.19794732654823,46.21497922129606,-3.6831968185421715,-4.928185269958104,1.2449884514159324,158.35528045274228,130.62727264784368,144.49127655029298,0.19190091240731288,0.5466043943138619,-0.28376642910033323,105719130.0,0.7026788812961288,-0.0053461595950911045,0.14003198557901042,0.04075667286686824,0.004161079010833069,0.02319954904196342,-0.02034110163306213,-0.01921605692228545,-0.11546782664536304,1
2022-06-02,0.01681147582250042,0.016671727043521888,0.029164760705648118,0.022864133402875172,145.5149139404297,145.4026135808997,141.2750244140625,144.01189289567384,143.77728881835938,145.5405436170723,156.29623260498047,151.87995863814615,1.0186884335573638,1.0492609033763205,1.030999825907709,0.9484192758238458,62.553432143818206,51.16046809189162,48.25536442162523,-3.0154128931725666,-4.545630794600997,1.53021790142843,155.0913989446667,132.46317869205205,143.77728881835938,0.15738382910531823,0.6969695748536189,-0.026094881176416784,101979650.0,0.7094366376036788,-0.0008733144957029371,-0.28376642910033323,-0.0053461595950911045,0.14003198557901042,0.04075667286686824,0.004161079010833069,0.0011398804916422645,-0.11187648068282108,0
2022-06-03,-0.038555848479729704,-0.039318800382595186,0.024143585011331316,-0.010347100591052242,145.82861938476563,144.44142846311283,142.06222229003907,143.7404684105584,143.23027114868165,145.25278310378343,155.81430145263673,151.51286450439684,0.9773051327565931,1.0032157453975856,0.9950344789866081,0.9146725101537675,46.32225327070787,44.7354314188298,44.15394227464866,-2.91377816762693,-4.219260269206183,1.305482101579253,153.64084764938232,132.81969464798098,143.23027114868165,0.14536838361345927,0.46584180899613375,0.22422427126628075,97227120.0,0.9109629082914315,0.01681147582250042,-0.026094881176416784,-0.0008733144957029371,-0.28376642910033323,-0.0053461595950911045,0.14003198557901042,0.02319954904196342,-0.02034110163306213,1
2022-06-06,0.005227765055493272,0.005214147729923565,0.025112997420707207,-0.006053182323590887,145.14240112304688,144.0489904353695,142.90039978027343,143.6538585867992,142.68423385620116,145.06338608245954,155.27170135498048,151.18938410735709,0.9870590073704808,1.0025452315050807,1.0040640826811045,0.9226672544300519,48.36014263494707,45.69291673327664,44.79618197128929,-2.7415096933785605,-3.9237101540406587,1.1822004606620982,151.80493014896302,133.5635375634393,142.68423385620116,0.12784448633552334,0.531789268333704,-0.19162066742463335,90644350.0,0.7898826567789388,-0.038555848479729704,0.22422427126628075,0.01681147582250042,-0.026094881176416784,-0.0008733144957029371,-0.28376642910033323,0.04075667286686824,0.004161079010833069,1
2022-06-07,0.017585765916277918,0.01743292560914964,0.032949994454054755,0.030204367343254126,145.11691589355468,144.62716814343645,143.44937896728516,144.0410704000303,142.5200294494629,145.13197060408916,154.76676391601563,150.97738957607135,1.0045935903606482,1.0162715559250868,1.022898494497327,0.94195626936207,55.08703588337724,48.91595178879216,46.96185051754573,-2.3743207297800666,-3.6138322691885403,1.2395115394084737,151.28649198142153,133.75356691750426,142.5200294494629,0.12302077912588694,0.6861351770004243,-0.05293693713826009,85652540.0,0.7916659564328157,0.005227765055493272,-0.19162066742463335,-0.038555848479729704,0.22422427126628075,0.01681147582250042,-0.026094881176416784,-0.0053461595950911045,0.14003198557901042,0
2022-06-08,-0.005043400879771731,-0.005056161749524377,0.0162881068799956,-0.004172803267915328,144.96986694335936,144.76753836515556,144.19442291259764,144.22419920158728,142.1989761352539,145.12399995689913,154.2298941040039,150.7448754283271,1.0005408838877188,1.0059215597853854,1.0200374345215377,0.940467991962579,52.7475944615796,48.02027544007812,46.40402160776988,-2.1182312856736303,-3.3147120724855585,1.1964807868119283,150.05384235115122,134.34410991935658,142.1989761352539,0.1104771135402,0.681371814301127,-0.2043705628522804,80634290.0,0.6690726736727017,0.017585765916277918,-0.05293693713826009,0.005227765055493272,-0.19162066742463335,-0.038555848479729704,0.22422427126628075,-0.0008733144957029371,-0.28376642910033323,0
2022-06-09,-0.03595562495818383,-0.03661795322998657,0.037997743915712937,-0.030187669201325765,143.28959045410156,143.12268467507766,144.40225219726562,143.4257952185572,142.00977630615233,144.6200930367108,153.5229364013672,150.3169578544681,0.9758767322299877,0.96835731553479,0.9846714848241321,0.9108279229974173,39.03052256405606,42.12775513567579,42.63236592351921,-2.309487468325642,-3.1136671516535754,0.8041796833279333,149.90111228630897,134.1184403259957,142.00977630615233,0.11113792564737335,0.3620766485735633,0.28772460528413246,78333320.0,0.8868895126620447,-0.005043400879771731,-0.2043705628522804,0.017585765916277918,-0.05293693713826009,0.005227765055493272,-0.19162066742463335,0.01681147582250042,-0.026094881176416784,0
2022-06-10,-0.038628804986068466,-0.03939468547109864,0.026981672985457086,-0.022455046506239886,141.67205810546875,140.22558861151012,143.75033874511718,141.7904499941604,141.7436180114746,143.64974098410738,152.7312451171875,149.69399466348406,0.948891392431785,0.9351727283421186,0.9484123403248557,0.8801826789353323,29.69840620171182,37.05597082064517,39.17008950410398,-2.863908445679783,-3.0637154104588173,0.19980696477903415,150.25590282653022,133.231333196419,141.7436180114746,0.12010819159937784,0.07049008074973341,0.31616455313575065,78416960.0,1.166047497888212,-0.03595562495818383,0.28772460528413246,-0.005043400879771731,-0.2043705628522804,0.017585765916277918,-0.05293693713826009,-0.038555848479729704,0.22422427126628075,0
2022-06-13,-0.03828471335613137,-0.03903683195084252,0.028510724655925215,-0.007450818625392833,138.87618103027344,136.57863540897552,142.00929107666016,139.51668254138693,140.99710388183593,142.2816446050406,151.89848510742186,148.89363130428492,0.9309352262194165,0.9103962707208723,0.91693180529619,0.8511258615415205,23.462471494691002,32.98165392659091,36.22671333842811,-3.6762070908159785,-3.18621374653025,-0.4899933442857285,150.99975778965504,130.99444997401682,140.99710388183593,0.14188453000001952,-0.0854633673156517,0.33650379109756456,81539820.0,1.498741351158244,-0.038628804986068466,0.31616455313575065,-0.03595562495818383,0.28772460528413246,-0.005043400879771731,-0.2043705628522804,0.005227765055493272,-0.19162066742463335,1
2022-06-14,0.006672761461258947,0.006650597132054767,0.01815308648559253,-0.002779316175209677,135.74895935058595,134.4348953263613,140.4329376220703,137.81317938134072,140.37068099975585,141.12600370562083,151.0888528442383,148.15848557318094,0.9587360064029179,0.92675847536126,0.9271695074369496,0.8613965405859916,26.481308694091496,34.285920725439865,37.05912848775626,-4.201911041376803,-3.389353205499561,-0.8125578358772421,151.39170448852997,129.34965751098173,140.37068099975585,0.15702742781155687,0.03619253923937601,-0.3062244337685781,79646410.0,1.064508745591923,-0.03828471335613137,0.33650379109756456,-0.038628804986068466,0.31616455313575065,-0.03595562495818383,0.28772460528413246,0.017585765916277918,-0.05293693713826009,1
2022-06-15,0.020111166853336027,0.019911608468629757,0.03824848966936088,0.008489086653086885,133.29226989746093,133.8782073985638,139.13106842041014,136.89529795618216,139.6937683105469,140.32970159489207,150.250712890625,147.5548128661138,0.996042993679244,0.9542428808337428,0.9503990990337183,0.8836219741573865,35.48813217817387,38.21474195965202,39.57188000944689,-4.357105581397633,-3.5829036806791756,-0.7742019007184573,150.8365337014178,128.55100291967597,139.6937683105469,0.15953131661678627,0.18908361055259687,0.07959846339475596,81371050.0,1.1248840957564146,0.006672761461258947,-0.3062244337685781,-0.03828471335613137,0.33650379109756456,-0.038628804986068466,0.31616455313575065,-0.005043400879771731,-0.2043705628522804,0
2022-06-16,-0.03965152474302591,-0.04045906532767462,0.025757390176840485,-0.015293793492255953,130.82577514648438,131.7523061123889,137.05768280029298,135.1871535168834,139.16635360717774,139.1078732087156,149.3734585571289,146.76836936313046,0.9745824429266936,0.9302689271773279,0.9161733438811823,0.8535686645514444,27.564264610001814,33.83342553074253,36.495006376362895,-4.848989513768487,-3.836120847297038,-1.0128686664714488,151.50501280940003,126.82769440495545,139.16635360717774,0.1773224473072046,0.027264272562225918,0.18125594048048255,84948630.0,1.2728151119093976,0.020111166853336027,0.07959846339475596,0.006672761461258947,-0.3062244337685781,-0.03828471335613137,0.33650379109756456,-0.03595562495818383,0.28772460528413246,1
2022-06-17,0.011533325123538773,0.011467323324706152,0.02485561214003934,0.011455294460474472,129.73369750976562,130.82520684185303,135.7028778076172,134.05694529577391,138.88255004882814,138.14245750319805,148.5888507080078,146.0704336351952,0.9941211171528742,0.9503925810889614,0.9286336422785858,0.867972312096433,32.47755581110191,36.03937011371982,37.9109653725185,-5.061804300224679,-4.081257537882566,-0.9805467623421134,151.86810273262145,125.89699736503482,138.88255004882814,0.18700049328339483,0.11836273012788143,0.24413103855854246,89543630.0,1.5022877674268957,-0.03965152474302591,0.18125594048048255,0.020111166853336027,0.07959846339475596,0.006672761461258947,-0.3062244337685781,-0.038628804986068466,0.31616455313575065,1
2022-06-21,0.03276064912465859,0.03223545866704879,0.027526241030252932,0.018363041387092854,130.5159881591797,131.61553197822755,134.69608459472656,133.90044292399259,138.7982421875,137.67138366965315,147.88267669677734,145.5655610318925,1.0205353698776587,0.9888645438487473,0.9596388264848793,0.9006882024734083,44.98634043784426,42.020625105096215,41.824341284875224,-4.8338042388830615,-4.231766878082665,-0.6020373608003968,151.9078861973579,125.68859817764209,138.7982421875,0.18890216191856846,0.2863382128335858,-0.3978566803672011,90483840.0,0.8951929979983166,0.011533325123538773,0.24413103855854246,-0.03965152474302591,0.18125594048048255,0.020111166853336027,0.07959846339475596,-0.03828471335613137,0.33650379109756456,0
2022-06-22,-0.003827178950515764,-0.0038345213396204308,0.02844470388706207,0.004154706174619391,131.02378845214844,131.97249352747724,133.3863739013672,133.67971086980785,138.41787643432616,137.1966249035887,147.2064422607422,145.060496545386,1.0126895138163048,0.9947524079490442,0.9585930664738311,0.9013628383936706,43.84309133011924,41.516187234618094,41.49303693755558,-4.640750688101036,-4.31356364008634,-0.32718704801469656,151.77106475057712,125.0646881180752,138.41787643432616,0.1929402279565606,0.285389838269024,-0.0937191745729965,91043940.0,0.8063051752812982,0.03276064912465859,-0.3978566803672011,0.011533325123538773,0.24413103855854246,-0.03965152474302591,0.18125594048048255,0.006672761461258947,-0.3062244337685781,1
2022-06-23,0.021573674548804878,0.021344256560008875,0.021407328875505494,0.01059784293686055,131.5806121826172,133.164645750089,132.43644104003906,134.01957256535414,138.31543197631837,137.0397035028005,146.6724249267578,144.68749472773607,1.0301589873072468,1.0235019087709587,0.9799987482128565,0.9241611043316431,51.858199156010464,45.474495327397555,44.10369771819972,-4.208261602178368,-4.292503232504745,0.08424163032637733,151.72353826065978,124.90732569197696,138.31543197631837,0.19387722819876052,0.3968354768996463,-0.013287162916909567,92892300.0,0.7797610781517952,-0.003827178950515764,-0.0937191745729965,0.03276064912465859,-0.3978566803672011,0.011533325123538773,0.24413103855854246,0.020111166853336027,0.07959846339475596,1
2022-06-24,0.024517365998539375,0.024221639259392375,0.015106588552353927,0.012580484935026297,133.85496215820314,135.06718163938226,132.34036865234376,134.90187817492043,138.37131042480468,137.21423206614986,146.16748046875,144.45944604892165,1.0374830426819417,1.049356706741419,1.0036202807621477,0.9500899445801083,59.65719121631665,49.72851680817547,46.98727564273925,-3.5563526697800114,-4.145273119959798,0.5889204501797867,151.77891822760463,124.96370262200473,138.37131042480468,0.19379172982662568,0.5186812964897233,0.23032065140859648,94856680.0,0.9394889216025692,0.021573674548804878,-0.013287162916909567,-0.003827178950515764,-0.0937191745729965,0.03276064912465859,-0.3978566803672011,-0.03965152474302591,0.18125594048048255,0
2022-06-27,0.0,0.0,0.017789102127031657,-0.007287969925535587,135.83521118164063,136.3355388989111,132.78445434570312,135.62376458274738,138.26739654541015,137.37213886156118,145.60889343261718,144.24034045555095,1.0223582840554277,1.045847227390159,1.0043745444527838,0.953734693974816,59.65719121631665,49.72851680817547,46.98727564273925,-3.0050695726612844,-3.9172324105000955,0.9121628378388111,151.6255576326149,124.90923545820539,138.26739654541015,0.19322213943353797,0.5226399752409772,-0.2121810926783727,92733680.0,0.7570917060554483,0.024517365998539375,0.23032065140859648,0.021573674548804878,-0.013287162916909567,-0.003827178950515764,-0.0937191745729965,0.011533325123538773,0.24413103855854246,0
2022-06-28,-0.029789481132676654,-0.030242201272132823,0.04438293609116558,-0.03299797565808284,136.14303894042968,135.80213294758136,133.3295135498047,135.46222939405183,137.6694023132324,137.1210133552146,145.06760986328126,143.8675945963106,0.989660008279059,1.0105438582778001,0.9786874845171859,0.9287760456789973,46.80887116783725,44.69432053913525,43.880517769948646,-2.868918508407802,-3.707569630081637,0.838651121673835,150.52629141218165,124.81251321428316,137.6694023132324,0.18677918089157675,0.3858945874958849,-0.04450353877555091,87221310.0,0.769117088472989,0.0,-0.2121810926783727,0.024517365998539375,0.23032065140859648,0.021573674548804878,-0.013287162916909567,0.03276064912465859,-0.3978566803672011,1
2022-06-29,0.013023761910230247,0.01293968196106104,0.028729441375748187,0.012876392603095465,136.90377197265624,136.03144922742405,133.96378021240236,135.64911164733502,137.19835891723633,137.06092463444264,144.56572784423827,143.5782803684988,0.9969782411427678,1.0188580941109717,0.9948375684977819,0.9441385854202597,51.93189976560489,47.13879695533548,45.48585089624208,-2.589572304747975,-3.483970165014905,0.8943978602669302,149.4908610413303,124.90585679314236,137.19835891723633,0.17919313643553583,0.47119068506245376,-0.012536633503966721,85367120.0,0.7759708890261262,-0.029789481132676654,-0.04450353877555091,0.0,-0.2121810926783727,0.024517365998539375,0.23032065140859648,-0.003827178950515764,-0.0937191745729965,0
2022-06-30,-0.018027584976390232,-0.018192061629541692,0.033645339406491885,-0.0038615575905053233,136.59988098144532,135.36413123136865,134.09024658203126,135.3546359367755,136.61065750122071,136.77221707299648,143.9690185546875,143.2038182065678,0.9811831040867697,0.9995469369001698,0.9811057035433722,0.9309606787959446,44.86311830424197,44.189359155957426,43.64753042637464,-2.53748662986024,-3.294673457983972,0.7571868281237322,148.31498856574697,124.90632643669446,136.61065750122071,0.1713531181038591,0.3897347380327465,0.49397515790490676,86110270.0,1.1492763871254845,0.013023761910230247,-0.012536633503966721,-0.029789481132676654,-0.04450353877555091,0.0,-0.2121810926783727,0.021573674548804878,-0.013287162916909567,1
2022-07-01,0.016164153903620138,0.01603490490823258,0.024328725273247954,0.021243748399559937,136.0646240234375,135.64141036355568,134.9597930908203,135.50760551698534,136.00873794555665,136.7173362687044,143.4189666748047,142.92900057603296,1.0009653104576952,1.0091595838197343,1.0013766077474227,0.9496370792905461,51.626711254945235,47.31505472673423,45.677225760475714,-2.2949374503833724,-3.094726256463852,0.7997888060804796,146.42768413418855,125.58979175692474,136.00873794555665,0.15320995321348455,0.5089851065061325,-0.28204962385501875,82403040.0,0.8622448880526737,-0.018027584976390232,0.49397515790490676,0.013023761910230247,-0.012536633503966721,-0.029789481132676654,-0.04450353877555091,0.024517365998539375,0.23032065140859648,1
2022-07-05,0.01893042133542111,0.01875347058980411,0.033060243114466044,0.027509567892859545,136.04501647949218,136.6856788084512,135.94011383056642,136.10153464085022,135.8214958190918,136.913229547708,142.936337890625,142.76606783572745,1.0200610010522615,1.0208481645911238,1.0217397096191847,0.9708812870554465,58.66644156117791,50.84337183735226,48.016823470790364,-1.8730807776584868,-2.850397160702779,0.9773163830442924,145.89457482360856,125.74841681457504,135.8214958190918,0.1483282000948312,0.6465649121696746,0.032401803759521286,76286390.0,0.9615581494942939,0.016164153903620138,-0.28204962385501875,-0.018027584976390232,0.49397515790490676,0.013023761910230247,-0.012536633503966721,0.0,-0.2121810926783727,1
2022-07-06,0.009607236384855389,0.0095613803552493,0.02127059421410873,0.011107124143170633,137.11944274902345,137.82627000316018,136.63124084472656,136.82988332298257,135.66366271972657,137.21744124721943,142.5710186767578,142.66180840658436,1.021791290743675,1.0254422892331196,1.0327559317194035,0.9827204272856802,62.002509149295726,52.61074543703241,49.20465589922427,-1.4148655766574052,-2.5632908438937045,1.1484252672362993,145.35709585891374,125.97022958053942,135.66366271972657,0.14290389843318974,0.7292165019886947,0.009685933107759892,75592770.0,0.9797802091390486,0.01893042133542111,0.032401803759521286,0.016164153903620138,-0.28204962385501875,-0.018027584976390232,0.49397515790490676,-0.029789481132676654,-0.04450353877555091,1
2022-07-07,0.023999458946238894,0.023715998244362872,0.02234372487930085,0.021355383912066598,138.51541748046876,139.70749848355211,137.7095947265625,138.0371691632286,135.54798431396483,137.81291878980196,142.25160949707032,142.69350044728048,1.035768855582923,1.0418297703163768,1.0584440349332067,1.008564725218738,69.29455864803805,56.82675053911376,52.102971422695994,-0.771507377138505,-2.2049341505426647,1.4334267734041597,144.80079170343052,126.29517692449915,135.54798431396483,0.13652445569435762,0.928084731310319,-0.10545701505313632,74877220.0,0.8848311943205156,0.009607236384855389,0.009685933107759892,0.01893042133542111,0.032401803759521286,0.016164153903620138,-0.28204962385501875,0.013023761910230247,-0.012536633503966721,1
2022-07-08,0.004714730112278298,0.0047036505832737325,0.017342241350593795,0.0122538816371297,140.5387939453125,141.18712484352693,138.5693374633789,139.14793432691005,135.50288925170898,138.4161053396757,142.0647607421875,142.75047602046465,1.0256696639901994,1.0402472884852434,1.0637882214873775,1.0146525909058242,70.61792198788045,57.643116790857846,52.673361325690756,-0.20470010160519791,-1.8048873407551713,1.6001872391499734,144.57712004697234,126.42865845644562,135.50288925170898,0.13393413004511143,0.9762656200170367,-0.02574799596098032,74088620.0,0.8712242177003702,0.023999458946238894,-0.10545701505313632,0.009607236384855389,0.009685933107759892,0.01893042133542111,0.032401803759521286,-0.018027584976390232,0.49397515790490676,0
2022-07-11,-0.014757625801900431,-0.014867602903382583,0.0197418423879841,-0.005491886193545469,141.70342407226562,141.46445631658307,138.88402404785157,139.66996795159827,135.61219635009766,138.75924952282043,141.8398699951172,142.72179536329725,1.0022278585891382,1.022573476224764,1.0472444447109865,1.001263743879519,60.97584109068393,54.17377929948052,50.680417018074095,0.07201661849796892,-1.4295065489045433,1.5015231674025122,144.94151522006314,126.28287748013219,135.61219635009766,0.13758819812756107,0.8433757063028418,-0.021785405544418213,71491100.0,0.8832092386325011,0.004714730112278298,-0.02574799596098032,0.023999458946238894,-0.10545701505313632,0.009607236384855389,0.009685933107759892,0.016164153903620138,-0.28204962385501875,1
2022-07-12,0.006833298146145639,0.00681005698017478,0.023309981367455768,0.0006861011751131268,142.54649658203124,141.97283029341216,139.2957565307617,140.2735334598659,136.04010543823242,139.16213797274898,141.49597442626953,142.73229665285697,1.0031083307949564,1.0265178337682732,1.051084000460388,1.0105558043390066,63.61962954613674,55.48991055379429,51.55836578288067,0.36541229689362353,-1.07052277974491,1.4359350766385335,145.8843962147606,126.19581466170423,136.04010543823242,0.14472630324441915,0.8529697042984328,0.22880636537560028,72229190.0,1.0742028257550722,-0.014757625801900431,-0.021785405544418213,0.004714730112278298,-0.02574799596098032,0.023999458946238894,-0.10545701505313632,0.01893042133542111,0.032401803759521286,0
2022-07-13,-0.0025364516888068955,-0.002539673932254871,0.029761507097187757,0.017483739450024183,143.05038452148438,142.1908508922227,140.0849136352539,140.7014168471346,136.70721359252929,139.49211455532944,141.26209503173828,142.72816314058196,0.997039557544307,1.0181459829515156,1.043301873703305,1.009661452761258,61.79429645528333,54.855827120852084,51.200707053929186,0.5621842341269314,-0.7439813769705417,1.306165611097473,146.43758137898004,126.97684580607852,136.70721359252929,0.14235339205220263,0.8041857526473687,-0.0825273750850638,72639410.0,0.9799859332557905,0.006833298146145639,0.22880636537560028,-0.014757625801900431,-0.021785405544418213,0.004714730112278298,-0.02574799596098032,0.009607236384855389,0.009685933107759892,1
2022-07-14,0.020482720165491353,0.02027577041052819,0.03839157339110588,0.03046917916336556,143.46604919433594,143.30999353101305,140.99073333740233,141.5826644764908,137.47725677490234,140.06889210325937,141.08057495117188,142.83875591187655,1.014513744721842,1.0323251419672017,1.0587080526847175,1.0316677463142474,69.90782002131816,58.92710248232254,53.90510081025135,0.9429887182512857,-0.4065873579261762,1.349576076177462,147.4439456427035,127.51056790710118,137.47725677490234,0.1449940026679478,0.9048998689908949,0.09770374907284629,73829240.0,1.0583977296800022,-0.0025364516888068955,-0.0825273750850638,0.006833298146145639,0.22880636537560028,-0.014757625801900431,-0.021785405544418213,0.023999458946238894,-0.10545701505313632,1
2022-07-15,0.011449835888760695,0.01138478261311298,0.017713282909658266,0.0026038148806711288,144.07973022460936,144.6115899256233,142.30926208496095,142.60668597437314,138.1997543334961,140.74945311388646,140.90262603759766,143.01036480611054,1.021759150196541,1.0344708458044996,1.0652318698019758,1.0447980059332733,73.63419391887014,61.08319749874544,55.38602853835421,1.363533982172072,-0.05256308990652653,1.4160970720785986,148.77185762809876,127.6276510388934,138.1997543334961,0.15299742529340038,0.9263592650456823,-0.024069403012770607,71558780.0,1.065695921590614,0.020482720165491353,0.09770374907284629,-0.0025364516888068955,-0.0825273750850638,0.006833298146145639,0.22880636537560028,0.004714730112278298,-0.02574799596098032,0
2022-07-18,-0.020643213609473077,-0.020859263221014283,0.03311355227745733,-0.0243465439512123,144.5110656738281,144.46632545334523,143.10724487304688,142.89197879881237,139.03351898193358,141.0757715324486,140.53585968017578,143.05606801013715,0.9976799758310843,1.0074667892369118,1.0369858834366674,1.0259004131536027,58.28015438613788,55.37459035237964,52.176316277956964,1.4350559134541072,0.24496071076560022,1.190095202688507,148.68942580748495,129.3776121563822,139.03351898193358,0.13890041619109253,0.7662762607261305,0.06767645905646358,72595710.0,1.1215662743707582,0.011449835888760695,-0.024069403012770607,0.020482720165491353,0.09770374907284629,-0.0025364516888068955,-0.0825273750850638,-0.014757625801900431,-0.021785405544418213,1
2022-07-19,0.026721862943122954,0.026371069479154196,0.028609218976355502,0.02082207861804384,145.51883850097656,145.65369776316766,144.0326675415039,143.82588126863058,139.98639068603515,141.7379306610547,140.42724029541014,143.25106308357542,1.0172459037447519,1.0277421428729505,1.0574488109691624,1.0541291139198639,68.11394679884091,60.424151905268225,55.60128008662824,1.7820712750535392,0.552382823623188,1.2296884514303512,149.23493564411874,130.73784572795157,139.98639068603515,0.13213491558370763,0.9347738878507741,0.019178122570494782,73558570.0,1.1281132844208364,-0.020643213609473077,0.06767645905646358,0.011449835888760695,-0.024069403012770607,0.020482720165491353,0.09770374907284629,0.006833298146145639,0.22880636537560028,1
2022-07-20,0.013509886207798028,0.01341944138409698,0.021889742880818318,0.012705123286011534,146.99911804199218,147.11189510708573,145.02475128173828,144.95359190977445,140.82799606323243,142.52748867380396,140.34410888671874,143.5168366800988,1.0206067341986662,1.0345012728445455,1.0653300053176817,1.0690031165898093,72.09698149218536,62.778587204106195,57.26922165636639,2.1931728900925407,0.8805408369170586,1.312632053175482,150.50523465811509,131.15075746834978,140.82799606323243,0.13743344882274014,0.975357388447288,-0.21882953493752888,72634480.0,0.8924604402757478,0.026721862943122954,0.019178122570494782,-0.020643213609473077,0.06767645905646358,0.011449835888760695,-0.024069403012770607,-0.0025364516888068955,-0.0825273750850638,1
2022-07-21,0.015094402565271503,0.01498161562229508,0.023366622080424594,0.005501657627932925,148.34803771972656,148.8388891371457,145.90704345703125,146.288007416591,141.80831909179688,143.45752567603841,140.40861419677734,143.8609951317524,1.0265917873817247,1.0437664528656903,1.0739347181647487,1.0846405547727502,76.04944540605439,65.29631639485282,59.09628926395023,2.6709184736850773,1.2386163642706625,1.4323021094144148,151.94914995508526,131.6674882285085,141.80831909179688,0.14302166372515726,1.0169476863786733,0.0040602621892711355,72517770.0,0.8975262201250811,0.013509886207798028,-0.21882953493752888,0.026721862943122954,0.019178122570494782,-0.020643213609473077,0.06767645905646358,0.020482720165491353,0.09770374907284629,0
2022-07-22,-0.008110981772158299,-0.008144054742388634,0.01862544737099059,-0.008366066393358991,149.11660766601562,149.5784702401935,146.5981689453125,147.15521196744518,142.5837532043457,144.18134536844323,140.40037994384767,144.14321620291068,1.0130168249576925,1.0304196398431154,1.0594308892247977,1.0759061514413544,69.76104185862013,62.80096842185609,57.68368650093421,2.916244708915457,1.5741420331996214,1.3421026757158354,153.0577819447906,132.1097244639008,142.5837532043457,0.1469175625561479,0.9045186170447447,0.024410554553471853,72730530.0,0.9167456912523531,0.015094402565271503,0.0040602621892711355,0.013509886207798028,-0.21882953493752888,0.026721862943122954,0.019178122570494782,0.011449835888760695,-0.024069403012770607,0
2022-07-25,-0.0073982952839137806,-0.007425798405239943,0.018045077227232104,-0.006882654349725918,150.26946105957032,149.69900131898316,147.39026336669923,147.66154860546652,143.13714370727538,144.72979471207364,140.52684173583984,144.37054354697545,0.9978079539203429,1.0172996509512946,1.0475272846243147,1.0669852223564342,64.16109118786937,60.54653342338098,56.40291398897123,2.9860675143295623,1.8565271294256096,1.1295403849039527,153.93289879397975,132.34138862057102,143.13714370727538,0.15084491428419686,0.8150738283080047,-0.1957468571617118,71778760.0,0.7470719750522299,-0.008110981772158299,0.024410554553471853,0.015094402565271503,0.0040602621892711355,0.013509886207798028,-0.21882953493752888,-0.020643213609473077,0.06767645905646358,0
2022-07-26,-0.008826362096182594,-0.008865545163122279,0.015105496002217536,-0.004334614653428747,150.38710021972656,149.3382136071867,147.95296936035157,147.8352012560351,143.62436294555664,145.09997028078985,140.70408325195314,144.53705706213697,0.9882273011877613,1.0044856742389925,1.034759250698501,1.0562354321833853,57.75580192722839,57.896020829325366,54.887583043418424,2.901170344040196,2.065455772348527,0.835714571691669,154.48557428015155,132.76315161096173,143.62436294555664,0.15124469291762216,0.7298212917621727,0.028248598106441314,69533750.0,0.7929775109209557,-0.0073982952839137806,-0.1957468571617118,-0.008110981772158299,0.024410554553471853,0.015094402565271503,0.0040602621892711355,0.026721862943122954,0.019178122570494782,1
2022-07-27,0.034234897440794,0.03366192382665569,0.03297403144542747,0.027592026507770418,151.12234497070312,150.7936469213927,149.06073150634765,148.90234894581138,144.57282257080078,145.91945059212458,140.89387329101564,144.89656515969256,1.0170866100549336,1.031153624408849,1.0631632613697632,1.0909240406240286,70.82110877843871,64.35622192916681,59.30137647778061,3.2074640963141974,2.293857437141661,0.9136066591725363,155.47633040408428,133.66931473751728,144.57282257080078,0.15083758675243114,0.9187501453031917,0.425871484093749,70277260.0,1.1187217600686197,-0.008826362096182594,0.028248598106441314,-0.0073982952839137806,-0.1957468571617118,-0.008110981772158299,0.024410554553471853,0.013509886207798028,-0.21882953493752888,1
2022-07-28,0.003571662927860153,0.003565299686891819,0.020527458546230778,0.0023570543129506935,151.51446838378905,151.94692936849358,149.9312530517578,149.8752844579721,145.46099319458008,146.71316903694083,141.12542572021485,145.26350355588875,1.0180776523068955,1.0288281537235298,1.0604457653905448,1.0930241200370743,71.91456429927737,64.98058483075752,59.747564586954404,3.4546788696789577,2.5260217236491203,0.9286571460298374,156.4795246760741,134.44246171308606,145.46099319458008,0.15149809223088098,0.8989869740301835,0.03507981994563769,70601060.0,1.152655498373537,0.034234897440794,0.425871484093749,-0.008826362096182594,0.028248598106441314,-0.0073982952839137806,-0.1957468571617118,0.015094402565271503,0.0040602621892711355,1
2022-07-29,0.0327931399225474,0.03226691831536565,0.02541385159322468,0.007876389049898123,153.16533203125,154.40193647352697,151.1409698486328,151.59104195353967,146.72511596679686,147.91305300328872,141.38560302734376,145.8144230510929,1.0401306129189187,1.054061984934622,1.0857851406956476,1.1267904742237655,79.97968615731854,70.1662738359357,63.6076635190669,4.012519687290762,2.823321316377449,1.1891983709133132,158.00562952105093,135.4446024125428,146.72511596679686,0.15376390715283936,1.0579016707111788,0.25078060966813176,73153760.0,1.391410366329769,0.003571662927860153,0.03507981994563769,0.034234897440794,0.425871484093749,-0.008826362096182594,0.028248598106441314,-0.008110981772158299,0.024410554553471853,0
2022-08-01,-0.0061532461332933774,-0.006172255371412877,0.016717212804610086,0.0031053972862459295,154.84365234375,155.71184599537216,152.55655670166016,152.8166097872711,147.8319007873535,148.9053017686005,141.79126037597655,146.30529528591524,1.0225260295951246,1.0378555236317777,1.0710250236639534,1.1166532028788452,75.10359397215572,68.06284891246749,62.39022578063122,4.325648314205893,3.1237867159431376,1.201861598262755,159.1066470385255,136.5571545361815,147.8319007873535,0.15253468556005342,0.9656319538285646,-0.3336136575531822,71794610.0,0.9447700878937848,0.0327931399225474,0.25078060966813176,0.003571662927860153,0.03507981994563769,0.034234897440794,0.425871484093749,-0.0073982952839137806,-0.1957468571617118,0
2022-08-02,-0.009287592719804061,-0.009330991330493013,0.017373907097897573,-0.0005622210696325587,156.4925537109375,156.09494567009187,153.43982696533203,153.5519798295002,148.73624725341796,149.663001125832,142.23554168701173,146.7192501774296,1.0023553280961508,1.0222974577191892,1.0546262119432799,1.1028266434609084,67.86275654689858,64.91891895018458,60.5643877623377,4.404375432718609,3.379904459298232,1.0244709734203772,159.86034952514052,137.6121449816954,148.73624725341796,0.14958159126832388,0.865193413708842,-0.11679891020707833,69487070.0,0.8621316167166064,-0.0061532461332933774,-0.3336136575531822,0.0327931399225474,0.25078060966813176,0.003571662927860153,0.03507981994563769,-0.008826362096182594,0.028248598106441314,1
2022-08-03,0.03824776372726513,0.03753444963983281,0.0351531702055274,0.03288988227659921,158.32379760742188,158.35020812413677,154.7230712890625,155.24448041181407,149.8739112854004,150.91992797406007,142.79510955810548,147.3522495050687,1.028656054827932,1.0525950116900202,1.0866516502801862,1.140520382919389,77.97170907551705,70.83755735236988,64.9575742295106,4.894463524500935,3.682816272338773,1.211647252162162,161.85629556842758,137.8915270023732,149.8739112854004,0.1598995339517028,1.0419130884168748,0.37725975261655575,71255480.0,1.1579109424285683,-0.009287592719804061,-0.11679891020707833,-0.0061532461332933774,-0.3336136575531822,0.0327931399225474,0.25078060966813176,0.034234897440794,0.425871484093749,0
2022-08-04,-0.0019263127291888615,-0.001928170455645622,0.01664561731055853,-0.001204728358893748,159.9825012207031,159.74914285912504,155.74848480224608,156.5722134876845,150.82776412963867,152.02726934120687,143.24017517089842,147.94812255699156,1.0160299475807082,1.043650681645395,1.0776995420378308,1.1347864671009258,76.50363441587812,70.17088532985011,64.56267741376493,5.197632161123806,3.98577945009578,1.2118527110280262,163.62845005040873,138.0270782088686,150.82776412963867,0.16973911924820007,0.9577586026248619,-0.3276477895948853,70294230.0,0.7891700357198592,0.03824776372726513,0.37725975261655575,-0.009287592719804061,-0.11679891020707833,-0.0061532461332933774,-0.3336136575531822,0.003571662927860153,0.03507981994563769,0
2022-08-05,-0.0013892277446400092,-0.001390193616150552,0.017236201985571183,0.013111937391193053,160.5843505859375,160.60649440933858,156.87484130859374,157.61748330988107,151.73650512695312,153.0076434524982,143.73464233398437,148.51177255513957,1.0108157919342124,1.0347178435735158,1.0697570592782313,1.1293115902608448,75.31284169060416,69.66267586579411,64.26739127293882,5.357911453104975,4.26020585069762,1.0977056024073555,165.07989060908562,138.39311964482062,151.73650512695312,0.17587574553623095,0.896626942876902,0.022044521677683893,69296390.0,0.8181811491190234,-0.0019263127291888615,-0.3276477895948853,0.03824776372726513,0.37725975261655575,-0.009287592719804061,-0.11679891020707833,0.0327931399225474,0.25078060966813176,0
2022-08-08,-0.002902833477566258,-0.002907054869977556,0.02189604365418708,-0.009016048831061338,161.28801879882812,161.0209983073976,158.06583557128906,158.3870329087237,152.72804946899413,153.84977322878558,144.21654876708985,149.03484053742883,1.003484371057893,1.0239404708712014,1.0597267932526917,1.1222706928377815,72.56328455207472,68.54708641927468,63.62977972799141,5.384839658539164,4.485132612265929,0.8997070462732353,165.98264709357179,139.47345184441647,152.72804946899413,0.17357122900032215,0.8441053773524927,0.06314090692629248,69961690.0,0.8615700964342057,-0.0013892277446400092,0.022044521677683893,-0.0019263127291888615,-0.3276477895948853,0.03824776372726513,0.37725975261655575,-0.0061532461332933774,-0.3336136575531822,1
2022-08-09,0.0003033845001632063,0.0003033384883916736,0.015583357705267531,0.005487098360205793,162.2956115722656,161.313701833838,159.39408264160156,159.02559217745005,153.67352600097655,154.61637662477924,144.63552032470704,149.53932164916571,0.9975569106169558,1.01571592999942,1.053526349656934,1.1193592592141606,72.6845279119687,68.60351235139842,63.66921985197282,5.3484885924136165,4.6578038082954665,0.69068478411815,166.71050251088786,140.63654949106524,153.67352600097655,0.1696710793221269,0.8154712628149913,0.04742446940701983,70761370.0,0.8922311707645004,-0.002902833477566258,0.06314090692629248,-0.0013892277446400092,0.022044521677683893,-0.0019263127291888615,-0.3276477895948853,-0.009287592719804061,-0.11679891020707833,1
2022-08-10,0.02619455581505381,0.025857354322660273,0.014417409372542189,0.009303511960423174,162.9514617919922,162.9224625995118,160.63762969970702,160.31911798716084,154.84918060302735,155.7138630539297,145.02441589355467,150.19032802099684,1.0195673135042957,1.034253209795478,1.0729148419375703,1.1456000915928746,81.10007161591103,73.09318098949187,66.92210610184397,5.597360413729177,4.845715129382208,0.751645284346969,167.93012067070563,141.76824053534907,154.84918060302735,0.1689507172945615,0.9315746219085007,0.11142701016068624,69916350.0,1.0036350581802396,0.0003033845001632063,0.04742446940701983,-0.002902833477566258,0.06314090692629248,-0.0013892277446400092,0.022044521677683893,0.03824776372726513,0.37725975261655575,0
2022-08-11,-0.004431606838627311,-0.004441455515961613,0.016618214496238553,-0.009231989227147666,163.522802734375,163.74954741334642,161.75265197753907,161.24359054240713,155.84195251464843,156.63670629079505,145.41427124023437,150.78693151197797,1.0115024588325823,1.0225719023387854,1.061355523157145,1.1374655020466136,76.33650314524596,71.18984335298583,65.84737014700947,5.669824318832411,5.010536967272249,0.6592873515601623,168.9624289475528,142.72147608174404,155.84195251464843,0.16838182814311337,0.8643832819358443,-0.18556658424836647,67493400.0,0.8467376069363819,0.02619455581505381,0.11142701016068624,0.0003033845001632063,0.04742446940701983,-0.002902833477566258,0.06314090692629248,-0.0019263127291888615,-0.3276477895948853,1
2022-08-12,0.02142547835782227,0.02119917946486501,0.016095317688686276,0.013425972682617584,164.84807739257812,165.4822218758247,162.71621398925782,162.64431422574788,156.9285919189453,157.8091695774604,145.8775521850586,151.49911344487222,1.024868311921166,1.0382958566866287,1.0765888404073862,1.1581464609884342,82.20570609307381,74.61611749403816,68.41123171745843,5.944685235930706,5.19736662100394,0.7473186149267654,170.59934886316557,143.25783497472503,156.9285919189453,0.17422901431858018,0.9395871761481845,0.19055734813435699,64118650.0,1.061148355431688,-0.004431606838627311,-0.18556658424836647,0.02619455581505381,0.11142701016068624,0.0003033845001632063,0.04742446940701983,-0.0013892277446400092,0.022044521677683893,1
2022-08-15,0.006333549732174815,0.006313577093509794,0.011778932140283322,0.009736462962608715,166.48159790039062,166.9940174647425,163.8848083496094,163.9849132106261,158.22068252563477,158.9718780598526,146.31321716308594,152.22532894282148,1.0212396492271967,1.0374214080897959,1.0745599496136167,1.162011279220731,83.63549890160849,75.5611888331974,69.14557730590218,6.177645551681763,5.393422407139505,0.784223144542258,171.70954150213873,144.7318235491308,158.22068252563477,0.17050689911312333,0.9372840629994071,-0.20499445909281977,62744880.0,0.8620894645108892,0.02142547835782227,0.19055734813435699,-0.004431606838627311,-0.18556658424836647,0.02619455581505381,0.11142701016068624,-0.002902833477566258,0.06314090692629248,0
2022-08-16,-0.0009236893653844502,-0.0009241162292863202,0.01184767419649946,0.0014469267378531586,168.07388916015626,167.94953337167732,165.18475036621095,165.0532135697026,159.3122886657715,160.00889588134729,146.8600473022461,152.91690683469307,1.010630300960598,1.0283065767812691,1.0662113174577832,1.1566152150010167,82.50044589228115,75.11914779557955,68.89875229517264,6.277236115294102,5.570185148770425,0.7070509665236768,172.85865063010664,145.76592670143634,159.3122886657715,0.17006047779220193,0.8893398296733426,0.04225047465692522,62391890.0,0.9035966052639213,0.006333549732174815,-0.20499445909281977,0.02142547835782227,0.19055734813435699,-0.004431606838627311,-0.18556658424836647,0.0003033845001632063,0.04742446940701983,1
2022-08-17,0.008784689015846503,0.008746328130561932,0.020509805268832303,0.01030270727139524,169.11643981933594,169.08393472337082,166.03395080566406,166.19858154371263,160.37851104736328,161.08926174281495,147.4218197631836,153.6398805834015,1.013223419377861,1.0320343315043992,1.0684270374361664,1.1623295500083808,84.78885330783267,76.52443060995759,69.96828317121678,6.402761138901269,5.736700346796594,0.6660607921046751,174.1883827363818,146.56863935834474,160.37851104736328,0.17221598578054112,0.8973326699378795,0.41089201111798945,62095340.0,1.2809656892127492,-0.0009236893653844502,0.04225047465692522,0.006333549732174815,-0.20499445909281977,0.02142547835782227,0.19055734813435699,0.02619455581505381,0.11142701016068624,0
2022-08-18,-0.0022917649359430747,-0.0022943950483718866,0.010221067135695152,0.0023021231452337336,170.2277038574219,169.70930222606233,166.87525329589843,167.06430075966404,161.31186904907227,162.02933559887498,147.9253500366211,154.31910241273656,1.0043020810210588,1.0244780688260822,1.0598106527389997,1.1557183213635907,81.51591570772132,75.3187605061321,69.30965438612776,6.396814504905905,5.868723178418456,0.5280913264874485,175.33136161317927,147.29237648496527,161.31186904907227,0.17381848771266997,0.8440983380195403,-0.21689044781373368,62776940.0,0.9922449230561413,0.008784689015846503,0.41089201111798945,-0.0009236893653844502,0.04225047465692522,0.006333549732174815,-0.20499445909281977,-0.004431606838627311,-0.18556658424836647,0
2022-08-19,-0.015101967264120941,-0.015217163233717327,0.014167489937268261,-0.008726778694380979,170.11383056640625,169.26560293260928,167.4809539794922,167.30319232076204,162.17789764404296,162.63398976523956,148.39194854736328,154.87043974344112,0.9897972656607389,1.005357327773048,1.0382315148471646,1.1346855809495668,62.89407860539721,67.75995472121701,65.08056271420745,6.113299111261654,5.917638364987097,0.19566074627455698,175.68726087439296,148.66853441369295,162.17789764404296,0.16659931379800105,0.7294818266389721,0.12933355380710587,64141870.0,1.0967297959975286,-0.0022917649359430747,-0.21689044781373368,0.008784689015846503,0.41089201111798945,-0.0009236893653844502,0.04225047465692522,0.02142547835782227,0.19055734813435699,0
2022-08-22,-0.02302943569427507,-0.023298756046532296,0.016232029013643113,-0.012493341308775906,169.0104187011719,167.67725172720827,167.74600830078126,166.7936208654246,162.90592193603516,162.81175734154115,148.88529998779296,155.24809109924368,0.9733160273820778,0.9806525412005295,1.0097886397340252,1.1048810683787693,44.91523899783351,58.29709013737195,59.367938270888104,5.512175833433929,5.836545858676463,-0.32437002524253433,175.21481475979004,150.59702911228027,162.90592193603516,0.1511165791577296,0.5647754190081836,-0.018757205425160905,65016860.0,1.061675386968857,-0.015101967264120941,0.12933355380710587,-0.0022917649359430747,-0.21689044781373368,0.008784689015846503,0.41089201111798945,0.006333549732174815,-0.20499445909281977,0
2022-08-23,-0.002028809239615792,-0.002030870060895095,0.012318440889869303,0.0008977369813297298,167.87166748046874,166.50710417881595,167.9727783203125,166.31601872298944,163.68343048095704,162.94080988825448,149.4800082397461,155.5978447456275,0.9779304128323587,0.9773417497981517,1.0029531309287316,1.098252609263504,43.66197809198742,57.552126672083745,58.900705210754325,4.951770331157974,5.6595907531727665,-0.7078204220147928,174.1032196172308,153.2636413446833,163.68343048095704,0.12731635823683435,0.5231952199201159,-0.21556409974097013,64118020.0,0.8444911430515165,-0.02302943569427507,-0.018757205425160905,-0.015101967264120941,0.12933355380710587,-0.0022917649359430747,-0.21689044781373368,-0.0009236893653844502,0.04225047465692522,1
2022-08-24,0.0017938743559247072,0.0017922672849575165,0.011102492830564097,0.001255028961785946,166.49338073730468,165.82517068952313,167.8049102783203,165.97879781170727,164.22126998901368,163.08561882374812,150.18353973388673,155.9454313717181,0.9877948479551063,0.9800744414341802,1.001461648189299,1.0950687672054462,45.23511161511219,58.061405316756804,59.19822697736535,4.47976820910344,5.423626244358902,-0.9438580352554613,173.58183519776668,154.86070478026068,164.22126998901368,0.1139994254018279,0.5128215399695827,-0.005643884898729579,62485120.0,0.861669146190325,-0.002028809239615792,-0.21556409974097013,-0.02302943569427507,-0.018757205425160905,-0.015101967264120941,0.12933355380710587,0.008784689015846503,0.41089201111798945,1
2022-08-25,0.014922710197755817,0.014812462005957943,0.010527514550278168,0.007406090822613125,165.68447570800782,166.18861782133575,167.95608978271486,166.14910949775336,164.85437088012696,163.45037056291125,150.9189016723633,156.37563061537466,1.007430004360352,0.9938044658035317,1.0125027998580196,1.1059947444311875,56.92838265348037,62.13820580189269,61.62882334992613,4.254691793352009,5.189839354157524,-0.9351475608055146,173.07613416924454,156.6326075910094,164.85437088012696,0.09974577252908859,0.625346664234552,-0.048722639599565354,61892020.0,0.827541256530325,0.0017938743559247072,-0.005643884898729579,-0.002028809239615792,-0.21556409974097013,-0.02302943569427507,-0.018757205425160905,-0.0022917649359430747,-0.21689044781373368,0
2022-08-26,-0.03769923598874669,-0.03842823267719642,0.0457768348409959,-0.04074580470539991,164.1334197998047,164.33338681578635,167.12362518310547,165.14434864446864,164.91991958618163,163.18109001450898,151.47606353759767,156.5421911718183,0.9786119426537326,0.9611024451432547,0.973944961941067,1.06038486248898,34.73991954186779,48.98882971233768,53.11105454493007,3.5278905815209214,4.857449599630203,-1.3295590181092818,172.98326553570544,156.85657363665783,164.91991958618163,0.09778498521896467,0.2335476607110042,0.5416590196453603,62984180.0,1.2536640153130516,0.014922710197755817,-0.048722639599565354,0.0017938743559247072,-0.005643884898729579,-0.002028809239615792,-0.21556409974097013,-0.015101967264120941,0.12933355380710587,0
2022-08-29,-0.013690291171380986,-0.013784867383505251,0.019085304740833208,0.001427309928884478,162.91809997558593,162.36357460896176,165.9642593383789,163.92245801734933,164.92453384399414,162.7280290793474,152.09453247070311,156.61598564332786,0.972414668591477,0.954566668913379,0.960584495846866,1.041615024694123,29.97651682211189,45.37522318466127,50.54761597161946,2.7428387734236708,4.434527434388897,-1.6916886609652266,172.97288565079882,156.87618203718947,164.92453384399414,0.09760041904278224,0.0961543552814401,-0.07151631818239379,64906410.0,1.1295340475617124,-0.03769923598874669,0.5416590196453603,0.014922710197755817,-0.048722639599565354,0.0017938743559247072,-0.005643884898729579,-0.02302943569427507,-0.018757205425160905,0
2022-08-30,-0.015305699837187103,-0.015424041144836066,0.030457467914870327,-0.019860612617822047,161.2845703125,160.24210332817503,164.57811889648437,162.48185851721337,164.88143463134764,162.0871844781335,152.63509552001952,156.59179643247586,0.9672292920788542,0.9478730332597934,0.9461293269032646,1.022039919686366,25.481651632255904,41.720675543298576,47.87235649771339,1.9030817753485962,3.928238302580837,-2.025156527232241,173.1092743043607,156.6535949583346,164.88143463134764,0.09980310629161344,-0.039769503158863594,0.06263742259322913,67059320.0,1.1617505217768387,-0.013690291171380986,-0.07151631818239379,-0.03769923598874669,0.5416590196453603,0.014922710197755817,-0.048722639599565354,-0.002028809239615792,-0.21556409974097013,0
2022-08-31,-0.010634944125632928,-0.010691899313993296,0.021880183276281936,-0.01927513183799548,159.2603332519531,158.27477502151774,162.8768569946289,161.00154213375694,164.45540390014648,161.34936866194968,153.05797424316407,156.50349533348478,0.9691058360654934,0.9475877743226143,0.9384922279715107,1.0083768530936004,22.757729612476055,39.38346973513178,46.11881473245784,1.0911197023936552,3.360814582543401,-2.269694880149746,173.85639105585648,155.05441674443648,164.45540390014648,0.11432871079649119,-0.03799060271024318,0.12944926077770447,67904230.0,1.2958117631258024,-0.015305699837187103,0.06263742259322913,-0.013690291171380986,-0.07151631818239379,-0.03769923598874669,0.5416590196453603,0.0017938743559247072,-0.005643884898729579,1
2022-09-01,0.004706948230687624,0.004695905188989811,0.02374018638016933,0.00842701308326211,156.8905487060547,157.20537979950143,161.28751220703126,159.92245981043183,164.08138275146484,160.75100872799914,153.5055776977539,156.44714607944493,0.9883743197685971,0.961429606257568,0.9450590112977604,1.0101690875414862,26.75752411509356,40.94359017352151,47.011226424365944,0.5004847669271442,2.78874861942015,-2.2882638524930057,174.3146895609162,153.84807594201348,164.08138275146484,0.12473452670680892,0.05953664031307382,-0.15639308975566846,69098210.0,1.074266612695177,-0.010634944125632928,0.12944926077770447,-0.015305699837187103,0.06263742259322913,-0.013690291171380986,-0.07151631818239379,0.014922710197755817,-0.048722639599565354,0
2022-09-02,-0.013611194315068298,-0.013704675853199792,0.0345934116815673,-0.024663552058881127,155.3571533203125,155.78890249165983,159.7452865600586,158.6558212768945,163.61312026977538,160.00862198018746,153.8537176513672,156.3102363459756,0.984543965996949,0.9574989733325905,0.9348635832124794,0.9941647833468349,22.762294891490342,37.892199792267775,44.75018527787102,-0.13633719246539044,2.203731457043042,-2.3400686495084324,174.92589619198208,152.30034434756868,163.61312026977538,0.13828690392987428,0.028976244774765975,0.03674934224618376,69759360.0,1.1031895934825091,0.004706948230687624,-0.15639308975566846,-0.010634944125632928,0.12944926077770447,-0.015305699837187103,0.06263742259322913,-0.03769923598874669,0.5416590196453603,0
2022-09-06,-0.008214984635560585,-0.008248913566707912,0.02200216089654102,-0.0123985583579683,154.01224670410156,154.4257406991925,158.46517333984374,157.39102052005146,163.1055908203125,159.2172691358132,154.11026092529298,156.12941990551607,0.9849828202669668,0.9573044595036909,0.930068775394582,0.9843563705845397,20.623524741342592,36.164236578009195,43.44405880232117,-0.7339541479959166,1.6161943360352504,-2.350148484031167,175.54400328978286,150.66717835084214,163.1055908203125,0.1525197561519925,0.04149399153426009,-0.04213997801392455,70228160.0,1.0496473209607087,-0.013611194315068298,0.03674934224618376,0.004706948230687624,-0.15639308975566846,-0.010634944125632928,0.12944926077770447,-0.013690291171380986,-0.07151631818239379,1
2022-09-07,0.009253983167791136,0.009211427404300362,0.01962039899246599,0.00736338545225021,153.4330627441406,153.98490745506064,157.35881652832032,156.6114242376415,162.6657974243164,158.63498073876406,154.39488067626954,156.01074622164475,0.9978503865370025,0.972956230509286,0.9412134781316356,0.9916341804610677,29.284183206906874,39.48452126885097,45.316363695814005,-1.0818224622632044,1.0765909763755594,-2.158413438638764,175.8437605682638,149.487834280369,162.6657974243164,0.16202500282923615,0.13717623303903503,0.18632350627011118,73558410.0,1.1888457077851464,-0.008214984635560585,-0.04213997801392455,-0.013611194315068298,0.03674934224618376,0.004706948230687624,-0.15639308975566846,-0.015305699837187103,0.06263742259322913,0
2022-09-08,-0.009617816785588373,-0.009664366698259041,0.023824988829551294,-0.0011639464335984765,152.89118347167968,153.2001789853399,156.0757583618164,155.70584202096092,161.94033432006836,157.96790848230066,154.73278869628905,155.83898056769394,0.9917558266136731,0.9715200082154114,0.936336970542537,0.9799521053260445,25.834675149493123,37.29335338933715,43.72218230737269,-1.4595062980455396,0.5693715214913397,-2.0288778195368793,175.85055030788916,148.03011833224755,161.94033432006836,0.1717943345766823,0.12942299806140392,-0.028882922277517542,76666640.0,1.1077021244181302,0.009253983167791136,0.18632350627011118,-0.008214984635560585,-0.04213997801392455,-0.013611194315068298,0.03674934224618376,-0.010634944125632928,0.12944926077770447,1
2022-09-09,0.018839478162566037,0.0186642130412086,0.01950821261659593,0.012220967913849684,152.77533874511718,153.62924123111202,154.83294372558595,155.4843008758146,161.3945167541504,157.63642821947738,155.092734375,155.78597606396698,1.0112061736639009,0.9977680589504119,0.9572033104320656,0.9960967310636227,41.4455128301651,43.80816500891195,47.48530206811975,-1.510899479523431,0.1533173212883856,-1.6642168008118166,175.5724145452624,147.2166189630384,161.3945167541504,0.17569243461608997,0.25641131240824067,-0.1989430524776329,78347700.0,0.8682935172315205,-0.009617816785588373,-0.028882922277517542,0.009253983167791136,0.18632350627011118,-0.008214984635560585,-0.04213997801392455,0.004706948230687624,-0.15639308975566846,1
2022-09-12,0.03850813532818065,0.037785198032937825,0.030349334133043575,0.024061635603778223,154.27142639160155,155.89828952354083,154.81428985595704,156.38468000901165,160.96895751953124,157.9030908755651,155.62087219238282,155.96834508531725,1.039961772967262,1.036315098933518,0.9966914651163832,1.0309438820652705,61.258136367651346,54.42686318242622,54.18421869676185,-1.0593808361831236,-0.08922231020591624,-0.9701585259772074,174.7189488252427,147.21896621381978,160.96895751953124,0.17084028520273045,0.48063375462239066,0.5428171597911473,80947200.0,1.2965982764073372,0.018839478162566037,-0.1989430524776329,-0.009617816785588373,-0.028882922277517542,0.009253983167791136,0.18632350627011118,-0.013611194315068298,0.03674934224618376,0
2022-09-13,-0.05867937360708342,-0.060471468002605076,0.04660685348169986,-0.03789867285746656,154.13595886230468,154.27288617161838,154.07410278320313,155.40966172878652,160.01918106079103,157.24775645577543,155.91739440917968,155.77437388462926,0.9797978394041524,0.9801911985187791,0.9437748554056179,0.9686031506622071,37.704276401686926,41.168482443033795,44.70789107351438,-1.4445530175910335,-0.36028845168293966,-1.0842645659080938,173.76204898516613,146.27631313641592,160.01918106079103,0.1717652575556453,0.17266288075650366,0.1686478143221921,85881460.0,1.42820813712296,0.03850813532818065,0.5428171597911473,0.018839478162566037,-0.1989430524776329,-0.009617816785588373,-0.028882922277517542,-0.008214984635560585,-0.04213997801392455,1
2022-09-14,0.009555253141158682,0.009509890448936317,0.022471222381208248,0.003359417888853498,154.00833740234376,153.67030200340966,153.7207000732422,154.87429299027846,159.14940948486327,156.7922685711294,156.1912127685547,155.6445997584474,0.989979739010363,0.9918321578964201,0.9579999961073885,0.9761441182540542,41.71217954103854,43.4427645799078,46.2216554574428,-1.6147485168465892,-0.6111804647156696,-1.0035680521309196,172.48667181702888,145.81214715269766,159.14940948486327,0.1676068089141621,0.2494134983852515,-0.28283190631405075,86887380.0,1.012407095253649,-0.05867937360708342,0.1686478143221921,0.03850813532818065,0.5428171597911473,0.018839478162566037,-0.1989430524776329,0.009253983167791136,0.18632350627011118,0
2022-09-15,-0.01893002920849829,-0.019111495975130198,0.025333075632002468,-0.01474296068076795,153.59798583984374,152.30652274673926,153.2445846557617,153.911505943573,158.06072082519532,156.1052872056312,156.3806430053711,155.40673169864158,0.9738341516363637,0.9760799350228428,0.9463386188072801,0.9565056221712872,36.26760629625093,40.10357382784134,43.70866330628101,-1.9599266147625656,-0.8809296947250489,-1.0789969200375167,170.77591002618712,145.34553162420352,158.06072082519532,0.16088993058628345,0.16647147526773362,0.028598744506362683,87136380.0,1.0383848858536469,0.009555253141158682,-0.28283190631405075,-0.05867937360708342,0.1686478143221921,0.03850813532818065,0.5428171597911473,-0.009617816785588373,-0.028882922277517542,0
2022-09-16,-0.010959921989691312,-0.011020424408692326,0.019774459500165643,-0.0033728572381462275,152.2884307861328,150.85087864919336,152.531884765625,152.82570312730545,156.90969848632812,155.3276018007236,156.4700357055664,155.11390263022827,0.971443396523413,0.969892889486157,0.9428326730676361,0.9454819242994436,33.3802921041828,38.30265753706942,42.33588704450336,-2.3388062053271312,-1.1725049968454653,-1.166301208481666,168.89241979522782,144.92697717742843,156.90969848632812,0.1527339791548166,0.12570655692524682,0.7935104679319769,95941270.0,1.691438939676325,-0.01893002920849829,0.028598744506362683,0.009555253141158682,-0.28283190631405075,-0.05867937360708342,0.1686478143221921,0.018839478162566037,-0.1989430524776329,1
2022-09-19,0.025082799839799774,0.024773389659328196,0.03534432681308499,0.03462593432108553,150.53121948242188,151.11736229607683,152.4013229370117,152.61199884776696,156.07330474853515,154.97738539968745,156.62011474609375,154.97807623648768,1.0074344053763051,0.9950722649075799,0.9716609117374834,0.9682685384038519,44.953067083083845,44.39003453554631,46.34127273608201,-2.3129827488689045,-1.4006005472501533,-0.9123822016187513,167.02840670775217,145.11820278931813,156.07330474853515,0.14038405833550902,0.29813172094805773,-0.4979368839306182,96392910.0,0.8452302145458623,-0.010959921989691312,0.7935104679319769,-0.01893002920849829,0.028598744506362683,0.009555253141158682,-0.28283190631405075,0.03850813532818065,0.5428171597911473,1
2022-09-20,0.015665555438838297,0.015544117247733786,0.03186743272468691,0.022816167791778585,151.1320068359375,152.08691360916842,152.63398284912108,152.86909291823687,155.54957809448243,154.88677881260782,156.86025268554687,154.9407405501686,1.019148884872254,1.0091200750989149,0.9902052973862427,0.9819314555365596,51.27515810960327,47.932028484867615,48.73501607476941,-2.076878453724447,-1.5358561285450123,-0.5410223251794348,165.82341322816447,145.2757429608004,155.54957809448243,0.1320972420438403,0.4258523307359695,0.32176566324063316,99790410.0,1.0791598110479754,0.025082799839799774,-0.4979368839306182,-0.010959921989691312,0.7935104679319769,-0.01893002920849829,0.028598744506362683,-0.05867937360708342,0.1686478143221921,0
2022-09-21,-0.020267679150771878,-0.020475886618170624,0.03343741444725019,-0.02300746918420852,150.81983337402343,151.69269785858626,152.4140853881836,152.51185172536142,154.88645095825194,154.50749191211392,157.01854644775392,154.7824474445707,1.0005598267914078,0.990093966532579,0.9742896517016623,0.9610601408008417,43.598759956497005,43.96893123777664,45.909253355323735,-2.1172568058680383,-1.6521362640096176,-0.4651205418584208,164.54342710025412,145.22947481624976,154.88645095825194,0.12469749396743707,0.2938182438128898,-0.055650581577828206,101215130.0,1.0047588735004342,0.015665555438838297,0.32176566324063316,0.025082799839799774,-0.4979368839306182,-0.010959921989691312,0.7935104679319769,0.009555253141158682,-0.28283190631405075,0
2022-09-22,-0.00637534427364661,-0.0063957535713927375,0.02330756468876179,0.0023625186954706915,150.89248046875,151.1091984747346,152.24523315429687,152.0446422674832,154.16049575805664,154.07270217829654,157.16485260009765,154.59263380780445,0.9937022656214102,0.9848728699115883,0.9726369843954985,0.9540440959058176,41.3718178129738,42.7946025826184,45.06374440663961,-2.201510041842255,-1.7620110195761451,-0.4394990222661097,162.97540967915393,145.34558183695935,154.16049575805664,0.11436021761283946,0.26072959482171015,-0.14793287497738372,101388000.0,0.8546622874501913,-0.020267679150771878,-0.055650581577828206,0.015665555438838297,0.32176566324063316,0.025082799839799774,-0.4979368839306182,-0.01893002920849829,0.028598744506362683,0
2022-09-23,-0.015123625518133843,-0.015239153827091283,0.01934457092197857,-0.005026851996510425,150.83946838378907,149.96430899292204,151.56394958496094,151.25007640599478,153.19844665527344,153.46335244982038,157.2073776245117,154.32133562041201,0.9790178367213582,0.974338095791811,0.9639427373672629,0.9393613217187303,36.27639382548771,40.07751375354017,43.09924642393285,-2.42332870481124,-1.8942745566231642,-0.529054148188076,160.26074199876496,146.13615131178193,153.19844665527344,0.09219800197299732,0.10891492373883002,0.10821845878653247,104188110.0,0.9216973030799772,-0.00637534427364661,-0.14793287497738372,-0.020267679150771878,-0.055650581577828206,0.015665555438838297,0.32176566324063316,-0.010959921989691312,0.7935104679319769,1
2022-09-26,0.002260178189745332,0.0022576278291439812,0.027392748993686104,0.007416815336030886,150.1110626220703,149.31230625569805,150.3211410522461,150.66066265604118,152.56771545410157,152.94382371948035,157.22324798583983,154.0737656267194,0.9859919595258988,0.9846140053567565,0.9701154686672672,0.9413894107732733,37.59617582919428,40.67456136451134,43.480035060080375,-2.542876386983721,-2.023994922695276,-0.5188814642884454,159.09823425483086,146.0371966533723,152.56771545410157,0.08560813513254607,0.15091481917620309,-0.028017315440295176,103026450.0,0.9059751160988271,-0.015123625518133843,0.10821845878653247,-0.00637534427364661,-0.14793287497738372,-0.020267679150771878,-0.055650581577828206,0.025082799839799774,-0.4979368839306182,1
2022-09-27,0.006566272214726165,0.006544808157322188,0.03143123645965926,-0.006416203686544823,149.10189208984374,149.2015920285383,150.11694946289063,150.3551173684371,152.09552612304688,152.5663322770745,157.31933532714845,153.87401652662135,0.9991835883910068,0.9924273315389153,0.9795170664894655,0.9469920735706883,41.69810358300786,42.47194263297334,44.61326413948783,-2.5300329364035576,-2.125202525436932,-0.40483041096662564,158.2168685720991,145.97418367399467,152.09552612304688,0.08049339260774807,0.24553273446492974,-0.09531559020092262,99205060.0,0.8511934774294779,0.002260178189745332,-0.028017315440295176,-0.015123625518133843,0.10821845878653247,-0.00637534427364661,-0.14793287497738372,0.015665555438838297,0.32176566324063316,0
2022-09-28,-0.01265163008098269,-0.012732343445880078,0.03870797646496711,0.014901090201416183,148.34010314941406,148.4995019041167,149.57996826171876,149.76242723877098,151.65033416748048,152.04528364642678,157.30067291259766,153.60818535519596,0.9916085976232143,0.983389175467012,0.9699637159574171,0.9351220114424131,36.29936178158081,39.944338010245325,42.86317782888623,-2.6414958796380574,-2.2284611962771574,-0.4130346833609,157.865701101717,145.43496723324395,151.65033416748048,0.08196970970564911,0.1335684956010917,0.7371708862933088,105077660.0,1.3960284231681597,0.006566272214726165,-0.09531559020092262,0.002260178189745332,-0.028017315440295176,-0.015123625518133843,0.10821845878653247,-0.020267679150771878,-0.055650581577828206,0
2022-09-29,-0.04911919962149536,-0.05036656564015393,0.042391975898651985,-0.024777619608117616,146.3256866455078,145.62304033191114,148.6090835571289,147.96382541126715,150.9268341064453,150.88574398367183,157.09750946044923,153.06943758391378,0.9558821857870572,0.941194938018244,0.9267412121614685,0.8903394946736162,22.988447322912194,32.06633366854858,37.01828826295388,-3.275091466443172,-2.43778725031036,-0.8373042161328117,158.85429847663872,142.9993697362519,150.9268341064453,0.10505042946309127,-0.19736780908897122,-0.12647776215919948,108843370.0,1.1772715232907618,-0.01265163008098269,0.7371708862933088,0.006566272214726165,-0.09531559020092262,0.002260178189745332,-0.028017315440295176,-0.00637534427364661,-0.14793287497738372,0
2022-09-30,-0.030039290776180505,-0.03049971425992215,0.03690308405307454,-0.021800692650529977,143.9244842529297,142.30486624340952,147.38197631835936,145.7283149849288,149.9569305419922,149.43648437250368,156.76502227783203,152.3870485832272,0.9426368193752594,0.9205231294588498,0.9047165581214348,0.8654259483085659,18.408685075635603,28.541151001031054,34.17298458383344,-4.069345585805735,-2.7640989174094353,-1.3052466683962995,160.0672008951781,139.84666018880628,149.9569305419922,0.13484232194729737,-0.2066286051927104,-0.025073709479296546,105108020.0,1.188542035136805,-0.04911919962149536,-0.12647776215919948,-0.01265163008098269,0.7371708862933088,0.006566272214726165,-0.09531559020092262,-0.015123625518133843,0.10821845878653247,1
2022-10-03,0.030752638684753864,0.030289252567400983,0.037767672854126355,0.030677881690238,142.29096069335938,141.48347182340584,146.20101165771484,144.657836439196,149.3011672973633,148.52259852592223,156.54068328857423,151.89503424597902,0.9827798076699942,0.9564960009359772,0.9366348938510146,0.8933184654982612,33.70846007173516,36.058220630812656,39.05695052333111,-4.312427873001468,-3.073764708527842,-1.2386631644736261,160.21750078539526,138.38483380933133,149.3011672973633,0.14623239302998742,0.0666821499940076,-0.0849595718401317,108391770.0,1.0546160469563326,-0.030039290776180505,-0.025073709479296546,-0.04911919962149536,-0.12647776215919948,-0.01265163008098269,0.7371708862933088,0.002260178189745332,-0.028017315440295176,1
2022-10-04,0.02562316147165844,0.025300390267469306,0.013415514250413351,0.007377834470281182,141.17969665527343,142.1302623435336,145.1407943725586,144.43347406548563,148.88738861083985,148.03700279810005,156.41035888671874,151.5628306827559,1.0158956760899926,0.9881704451447171,0.9633041772172435,0.9169715126583448,44.19365002378507,41.727711938294085,42.87868690123238,-4.167896323929909,-3.2925910316082554,-0.875305292321654,160.0336773410142,137.7410998806655,148.88738861083985,0.14972777525581282,0.2549163959722167,-0.23166132600599942,106405800.0,0.8254258696424444,0.030752638684753864,-0.0849595718401317,-0.030039290776180505,-0.025073709479296546,-0.04911919962149536,-0.12647776215919948,0.006566272214726165,-0.09531559020092262,1
2022-10-05,0.0020532107017183776,0.0020511057454123114,0.02984979889457157,0.016172599804358836,140.504296875,142.6596158136578,144.42220001220704,144.30344655428937,148.41814270019532,147.62569993674828,156.312392578125,151.25520292084022,1.0228749294533364,0.9951262530397591,0.9683339256186307,0.9194301256829381,45.0273320248298,42.18144447449508,43.18613288239399,-3.9836707294749942,-3.4308069711816036,-0.5528637582933906,159.6051061714418,137.23117922894883,148.41814270019532,0.15074927185747303,0.2899421072407685,-0.09517352251676814,104183220.0,0.762800381865717,0.02562316147165844,-0.23166132600599942,0.030752638684753864,-0.0849595718401317,-0.030039290776180505,-0.025073709479296546,-0.01265163008098269,0.7371708862933088,0
2022-10-06,-0.006625632091990408,-0.006647679029523807,0.015952638260814896,-0.0026061647978547204,141.0834930419922,142.69510988325885,143.70458984375,144.02392863941145,147.97491149902345,147.16288070681614,156.09362426757812,150.92229684639398,1.0119263065025468,0.9934692982158086,0.9647993472420703,0.9146183817074365,42.6251071396211,41.067894894736256,42.41109311855172,-3.8698974277298532,-3.5186250624912536,-0.3512723652385996,159.3189550776407,136.6308679204062,147.97491149902345,0.15332387718565554,0.27041636694781546,-0.13928099558329454,102358190.0,0.6682630867153865,0.0020532107017183776,-0.09517352251676814,0.02562316147165844,-0.23166132600599942,0.030752638684753864,-0.0849595718401317,-0.04911919962149536,-0.12647776215919948,0
2022-10-07,-0.03671882072426136,-0.037409927169479024,0.02605474516873986,-0.01718813710987132,141.4545684814453,140.97137167672986,142.6895263671875,142.84210438927698,147.12673797607422,146.24488209318335,155.75903228759765,150.39686933334607,0.9722124689222107,0.963798106034617,0.9347308120569902,0.8829272578539399,31.746851607852648,35.51013838003429,38.42491882931962,-4.1548388224742325,-3.6458678144878496,-0.508971007986383,158.92385912832037,135.32961682382808,147.12673797607422,0.1603667873634852,0.09300058936099054,0.25618181871343326,101347760.0,0.8478292958818231,-0.006625632091990408,-0.13928099558329454,0.0020532107017183776,-0.09517352251676814,0.02562316147165844,-0.23166132600599942,-0.030039290776180505,-0.025073709479296546,1
2022-10-10,0.002355769582834011,0.002352999107884281,0.023643299449664156,0.0,141.056005859375,139.93020440883555,141.6734832763672,141.9340617499624,145.99731216430663,145.44516664364653,155.3297506713867,149.904751707452,0.9772562964137347,0.9729969694056468,0.9441808744938516,0.8874531071943569,32.980074737996674,36.08581182322086,38.79819264327728,-4.304890786013544,-3.7776724087929887,-0.5272183772205556,156.76113066877085,135.23349365984242,145.99731216430663,0.1474522831262882,0.12144278594627729,-0.12832729710354074,99503720.0,0.7527256267403872,-0.03671882072426136,0.25618181871343326,-0.006625632091990408,-0.13928099558329454,0.0020532107017183776,-0.09517352251676814,0.030752638684753864,-0.0849595718401317,0
2022-10-11,-0.010254928106027905,-0.010307872150528846,0.022521261901235483,-0.0065761130027356144,139.65808715820313,138.76488623186694,140.41889190673828,140.93409595504738,145.26792068481444,144.58698409453064,154.89180236816406,149.37649673374526,0.9769162148367282,0.9716231770903372,0.9391904918495321,0.8808358337366208,30.202121582009866,34.63309026048252,37.74974309895601,-4.4861616882715225,-3.9193702646886956,-0.5667914235828269,156.5361288761575,133.99971249347138,145.26792068481444,0.15513691031334467,0.10802681948708899,0.028501048078078517,98762820.0,0.7799868412019827,0.002355769582834011,-0.12832729710354074,-0.03671882072426136,0.25618181871343326,-0.006625632091990408,-0.13928099558329454,0.02562316147165844,-0.23166132600599942,0
2022-10-12,-0.004605006735556305,-0.004615642443305075,0.015902826416655098,-0.0056782039617356336,138.07561645507812,137.7785805673384,139.28995666503906,140.00170927927172,144.4349624633789,143.75069696536403,154.47069885253907,148.84431918490353,0.9835622880051723,0.9749875187689518,0.9402568943285771,0.8791697729543156,28.9382210415137,33.97837244847453,37.27961334685451,-4.627177954020823,-4.060931802555121,-0.5662461514657018,155.91289643870599,132.9570284880518,144.4349624633789,0.15893567290866006,0.12410512015287395,-0.08567678821087399,91137050.0,0.7728327831546007,-0.010254928106027905,0.028501048078078517,0.002355769582834011,-0.12832729710354074,-0.03671882072426136,0.25618181871343326,0.0020532107017183776,-0.09517352251676814,1
2022-10-13,0.03361280333656169,0.03306024109850691,0.06448003962867116,0.059263646747574415,137.5965545654297,138.6426499029652,139.34002380371095,140.06881460562573,143.97455368041992,143.4288009281121,154.0208999633789,148.51202386683747,1.02016208921474,1.007397478071052,0.9749694302633475,0.9113749407229429,47.545248177129345,42.48570333830341,42.72155831594689,-4.3207842784046875,-4.112902297725034,-0.20788198067965347,155.32824974780425,132.62085761303558,143.97455368041992,0.15771809360959874,0.3412955091974995,0.6075259428370225,89645630.0,1.2630175057055206,-0.004605006735556305,-0.08567678821087399,-0.010254928106027905,0.028501048078078517,0.002355769582834011,-0.12832729710354074,-0.006625632091990408,-0.13928099558329454,0
2022-10-14,-0.0322399215595901,-0.03277107527697031,0.045743616185122085,-0.04109204335183706,137.26082458496094,137.71018172241952,139.35769653320312,139.30089292484433,143.36983642578124,142.70655754079937,153.48686462402344,148.0152874548567,0.9896869392420369,0.9747954274557191,0.9475162192268497,0.8850610486707793,36.49312176451824,37.3476128087306,39.182602664838946,-4.3925045406635945,-4.168822746312746,-0.22368179435084823,155.09657979230673,131.64309305925576,143.36983642578124,0.1635873159776688,0.1791696198480644,-0.21749805694905677,86012900.0,1.0300547941064655,0.03361280333656169,0.6075259428370225,-0.004605006735556305,-0.08567678821087399,-0.010254928106027905,0.028501048078078517,-0.03671882072426136,0.25618181871343326,1
2022-10-17,0.029122786050249205,0.028706775340806522,0.01846773089244152,0.00949880391521452,137.6515380859375,138.4072669409229,139.35377197265626,139.39190100722348,142.77739181518555,142.42987943004988,153.03646942138673,147.69317568713407,1.015618418231186,1.003212438378498,0.9791566830054719,0.9135171368400149,48.663824875368356,43.7517322253431,43.480189648530704,-4.083044932383501,-4.1516671835268975,0.06862225114339626,153.955313288464,131.5994703419071,142.77739181518555,0.15657831161039015,0.36688247701640775,-0.03777850515812997,83106820.0,1.0257990860437205,-0.0322399215595901,-0.21749805694905677,0.03361280333656169,0.6075259428370225,-0.004605006735556305,-0.08567678821087399,0.002355769582834011,-0.12832729710354074,1
2022-10-18,0.009409489843241081,0.009365496349259872,0.04236519191576085,-0.011959622155941204,138.58806762695312,139.31047715495123,139.12307739257812,139.70553674827516,142.13193588256837,142.3048335398554,152.62180725097656,147.43528242814875,1.018247097310439,1.0143313404777807,0.9928584783338265,0.924618179569518,52.216229762790476,45.73784485335328,44.841016134071765,-3.6891234003358306,-4.0591584268886844,0.3700350265528538,152.0578924092113,132.20597935592545,142.13193588256837,0.13967243132245663,0.4488694970184472,0.16288039187856085,84237470.0,1.1768705779031587,0.029122786050249205,-0.03777850515812997,-0.0322399215595901,-0.21749805694905677,0.03361280333656169,0.6075259428370225,-0.010254928106027905,0.028501048078078517,1
2022-10-19,0.0007651188004804688,0.0007648262463073324,0.02398162751011373,0.01531511138086597,139.67184753417968,139.9486076947722,138.8737319946289,139.98177893484586,141.64796600341796,142.2019797526705,152.20832244873046,147.19173679466894,1.0111190713637144,1.0169300323827697,0.9970130370315823,0.9278393356052128,52.530778559837685,45.90667626435052,44.95523492487338,-3.3298410405813286,-3.913294949627214,0.5834539090458852,150.72328987360774,132.5726421332282,141.64796600341796,0.12813913430950064,0.47668968980855486,-0.37703834910618284,82466200.0,0.7488922734405126,0.009409489843241081,0.16288039187856085,0.029122786050249205,-0.03777850515812997,-0.0322399215595901,-0.21749805694905677,-0.004605006735556305,-0.08567678821087399,0
2022-10-20,-0.0032673125155248117,-0.00327266183617482,0.022595756377400227,0.002587016544081751,139.75037841796876,140.22021946090283,138.67346649169923,140.1238996727219,141.18902816772462,142.06497625176513,151.70079162597656,146.93964684166875,1.007249100765691,1.0150712068742431,0.9969857064668298,0.927901835477702,50.86146756230274,45.2585854982313,44.5413610186087,-3.047214000069033,-3.740078759715578,0.6928647596465449,149.4301822887089,132.94787404674034,141.18902816772462,0.11673929947579566,0.47417927341773075,0.0447502602889005,82078180.0,0.7861041753118795,0.0007651188004804688,-0.37703834910618284,0.009409489843241081,0.16288039187856085,0.029122786050249205,-0.03777850515812997,0.03361280333656169,0.6075259428370225,1
2022-10-21,0.027059298067343196,0.026699668390919945,0.035309377715578835,0.030797293383151545,141.49580993652344,141.67094729196907,139.3783172607422,140.93271845115456,141.03392181396484,142.3037787948448,151.2841653442383,146.84681374803867,1.0217433506968037,1.0372660955838815,1.0250895748669904,0.955634732988317,62.375866343969356,51.3626501064654,48.6397113596391,-2.487207814748757,-3.489504570722214,1.002296755973457,148.8886966313378,133.17914699659187,141.03392181396484,0.11138844777689802,0.72524395812789,0.3413812343076781,82140480.0,1.0536656226016696,-0.0032673125155248117,0.0447502602889005,0.0007651188004804688,-0.37703834910618284,0.009409489843241081,0.16288039187856085,-0.0322399215595901,-0.21749805694905677,1
2022-10-24,0.01480268973245269,0.014694199244456176,0.028303752518670212,0.015354266385963345,142.87801513671874,143.35145265428147,140.26477661132813,141.9835811652912,140.96912994384766,142.72365351713637,150.8394631958008,146.8415451061119,1.0268372166180946,1.0459679680340888,1.0407417811072988,0.9726397871653959,67.38540260458285,54.436777431588055,50.785286658374666,-1.8493952104279856,-3.161482698663369,1.3120874882353832,148.61121538899906,133.32704449869627,140.96912994384766,0.10842211267382401,0.8757700353051214,-0.12208978539225357,82248770.0,0.9238059122343106,0.027059298067343196,0.3413812343076781,-0.0032673125155248117,0.0447502602889005,0.0007651188004804688,-0.37703834910618284,0.029122786050249205,-0.03777850515812997,1
2022-10-25,0.019337598081653695,0.019153002690362075,0.02054617932292815,0.01499100576253384,144.56454162597657,145.4174784459533,141.57630462646483,143.35920823147404,140.99759826660156,143.37373699448497,150.43010162353517,146.94774059329563,1.0344827877379341,1.0563175131874547,1.0606530314546574,0.9941463072567617,72.95483507621736,58.20792931321954,53.489848173960794,-1.1022900444995969,-2.7496441678306147,1.6473541233310178,148.76210400291737,133.23309253028575,140.99759826660156,0.11013670916059864,1.0507067708570677,-0.016446022013137385,82018630.0,0.911162500519699,0.01480268973245269,-0.12208978539225357,0.027059298067343196,0.3413812343076781,-0.0032673125155248117,0.0447502602889005,0.009409489843241081,0.16288039187856085,0
2022-10-26,-0.019627323184718715,-0.01982249714199688,0.026448021731538898,-0.01066508041035794,145.64242248535157,145.8164099877319,142.65713500976562,143.95103820234948,140.97354583740236,143.6823594779901,149.96517578125,146.9346634355699,1.0066728537561591,1.0277388022775906,1.0400126647902626,0.9776554610595142,60.48715960992712,53.29327193992726,50.47644951911975,-0.7385410815819569,-2.347423550580883,1.6088824689989263,148.6649823949806,133.2821092798241,140.97354583740236,0.10911886356961578,0.8666887967975887,0.18013629983287016,83794690.0,1.052504639613799,0.019337598081653695,-0.016446022013137385,0.01480268973245269,-0.12208978539225357,0.027059298067343196,0.3413812343076781,0.0007651188004804688,-0.37703834910618284,0
2022-10-27,-0.030465275948526105,-0.030938988487524875,0.03397788719097406,-0.022084177150750357,145.91925964355468,144.59348291988118,142.8348190307617,143.62314558086405,141.08742141723633,143.53619465000816,149.38107360839842,146.74693658649576,0.9741526179026115,0.9951889164613705,1.007514542092367,0.951577233651559,46.407264745980875,46.81556507675679,46.30807710477289,-0.8014496596742333,-2.0382287723995534,1.23677911272532,148.7775780427296,133.39726479174305,141.08742141723633,0.10901264688580926,0.5689327551163728,0.23795075191934179,83390310.0,1.3092672278110011,-0.019627323184718715,0.18013629983287016,0.019337598081653695,-0.016446022013137385,0.01480268973245269,-0.12208978539225357,-0.0032673125155248117,0.0447502602889005,1
2022-10-28,0.0755526076326134,0.07283458311106394,0.06215482428633999,0.05087725168817084,147.5822296142578,147.35807288245985,144.5390197753906,145.30752871300098,141.94835815429687,144.4267716173995,149.01961791992187,146.98773330104956,1.0359462193193947,1.0577576425051136,1.0770624950901497,1.025953863938731,67.5778401794003,59.54732732653342,55.57088020332788,0.015118466592355162,-1.6275593246011717,1.6426777911935269,150.78849175774943,133.1082245508443,141.94835815429687,0.12455422124493182,1.1187064101072002,0.5090868124440147,91006750.0,1.8104415331829782,-0.030465275948526105,0.23795075191934179,-0.019627323184718715,0.18013629983287016,0.019337598081653695,-0.016446022013137385,0.027059298067343196,0.3413812343076781,0
2022-10-31,-0.015410266597961408,-0.01553023888887941,0.01512982509212083,0.0011751937286337687,148.34598083496093,148.41578841578053,145.61199798583985,146.2572906710775,142.48288497924804,145.0081476045445,148.66267822265624,147.1266935434563,1.0147306899395683,1.0337830780747916,1.056486324686267,1.0125690003846632,61.37283607119166,56.35982408941003,53.44696029681238,0.46676185049966534,-1.2086950895810045,1.6754569400806698,152.01439740964867,132.95137254884742,142.48288497924804,0.1337916821629327,0.9221960870293672,-0.40554883881273884,92275980.0,1.0614159827942222,0.0755526076326134,0.5090868124440147,-0.030465275948526105,0.23795075191934179,-0.019627323184718715,0.18013629983287016,0.01480268973245269,-0.12208978539225357,0
2022-11-01,-0.017542853099790867,-0.017698552576498588,0.041951492343055244,-0.028565952297294788,148.01416931152343,148.2406830812235,146.28935546875,146.55423280581056,142.70621643066406,145.2826547290745,148.3304766845703,147.1566456559525,0.9991642901487782,1.0109448629275108,1.036328172038421,0.9970336219346438,54.793812363994974,52.93927068280317,51.146364583107356,0.6046363952397371,-0.8460287926168562,1.4506651878565933,152.5205702701742,132.8918625911539,142.70621643066406,0.13754626932147132,0.7641160114166046,-0.1793274060884268,90400250.0,0.8891490897425616,-0.015410266597961408,-0.40554883881273884,0.0755526076326134,0.5090868124440147,-0.030465275948526105,0.23795075191934179,0.019337598081653695,-0.016446022013137385,0
2022-11-02,-0.037305035518435004,-0.03801867283247866,0.04943803509132228,-0.026317544473045185,147.16599731445314,146.28492641612817,146.40420989990236,145.79408376583362,142.63897094726562,145.00558409639478,147.89460876464844,146.96906790810877,0.9674341606351146,0.9724680265907604,0.9981382517024306,0.962668039593674,43.442880654552276,46.57891187430231,46.733545033331374,0.2656600222760801,-0.623691029638269,0.889351051914349,152.44308912476126,132.83485276976998,142.63897094726562,0.13746759545987292,0.48645682066860024,0.16453614301194452,93584880.0,1.000210717799713,-0.017542853099790867,-0.1793274060884268,-0.015410266597961408,-0.40554883881273884,0.0755526076326134,0.5090868124440147,-0.019627323184718715,0.18013629983287016,0
2022-11-03,-0.04240495557405621,-0.04333029974555702,0.029161887308221338,-0.022384856612922676,146.0036865234375,142.96864255378597,145.9614730834961,144.07444577733688,142.31746978759764,144.17991654712876,147.3321041870117,146.5520877873634,0.9337851534811484,0.9340552129883727,0.9579714636058171,0.9253656939294598,34.35645656608429,40.80186122655725,42.51846231084768,-0.48455825078806924,-0.595864473868229,0.1113062230801598,152.49830221389038,132.1366373613049,142.31746978759764,0.14307213923191817,0.2062423430598516,0.04608641028325522,96924530.0,1.0102550922867513,-0.037305035518435004,0.16453614301194452,-0.017542853099790867,-0.1793274060884268,-0.015410266597961408,-0.40554883881273884,-0.030465275948526105,0.23795075191934179,0
2022-11-04,-0.001947415091862581,-0.0019493137700427323,0.05990745045249294,-0.026110152373118155,142.64035034179688,140.66928566899534,145.11128997802734,142.6191959813509,142.24480361938475,143.40759800925116,146.71520538330077,146.1410479486203,0.9539416551723252,0.9376980379680849,0.9565943249744887,0.9274469646409377,33.99168774097704,40.56359539307327,42.34211734950402,-1.0879937895936393,-0.6942903370133111,-0.39370345258032824,152.5810167898856,131.9085904488839,142.24480361938475,0.14532992288643806,0.20133008974738903,0.43808166996022213,102351150.0,1.3758008581242125,-0.04240495557405621,0.04608641028325522,-0.037305035518435004,0.16453614301194452,-0.017542853099790867,-0.1793274060884268,0.0755526076326134,0.5090868124440147,1
2022-11-07,0.003902317695691382,0.003894723404472202,0.02505035828827847,0.013201061560327125,139.8544189453125,139.3133779459969,144.1001998901367,141.52508080292347,142.18248825073243,142.75940415122724,146.23477813720703,145.76695048004697,0.9767411250224102,0.9479623387347572,0.9607481496533474,0.9341250025478309,35.58736379625225,41.30185376571585,42.8399517543008,-1.5060139069632612,-0.8566350510033012,-0.64937885595996,152.6383190966155,131.72665740484936,142.18248825073243,0.14707621134671217,0.23311897289683614,-0.4079130886810193,103090420.0,0.8087521614520534,-0.001947415091862581,0.43808166996022213,-0.04240495557405621,0.04608641028325522,-0.037305035518435004,0.16453614301194452,-0.015410266597961408,-0.40554883881273884,1
2022-11-08,0.004175007148984777,0.004166315988677769,0.02824363571768609,-0.006481045782886301,137.71069946289063,138.5995436306646,142.86243438720703,140.73358883875557,142.21936950683593,142.22725851777705,145.8097366333008,145.42988869651572,0.9960872723398241,0.960167559711438,0.9645090923666814,0.9407593633131354,37.48114567697929,42.13322665407909,43.391172724503924,-1.7708649800367482,-1.0394810368099905,-0.7313839432267577,152.5987605256329,131.83997848803895,142.21936950683593,0.14596311395260522,0.25685016116576753,0.07836799217027735,104608040.0,0.8594798258336549,0.003902317695691382,-0.4079130886810193,-0.001947415091862581,0.43808166996022213,-0.04240495557405621,0.04608641028325522,-0.017542853099790867,-0.1793274060884268,0
2022-11-09,-0.03318988762245134,-0.033753170569996604,0.029361658317154555,-0.026209421536552216,135.75984802246094,136.60608104837277,141.46292266845703,139.258237392398,142.06002883911134,141.3122011240639,145.34213653564453,144.92750701758527,0.9768658245834787,0.9374835001437453,0.9335430730764215,0.9124618575513013,29.42423105434196,37.55984060787653,40.14610457663358,-2.321368457042354,-1.2958585208564632,-1.0255099361858906,152.91528930803642,131.20476837018626,142.06002883911134,0.1528263869525058,0.06514756221887603,-0.16673284505914343,103280390.0,0.7253826210377401,0.004175007148984777,0.07836799217027735,0.003902317695691382,-0.4079130886810193,-0.001947415091862581,0.43808166996022213,-0.037305035518435004,0.16453614301194452,1
2022-11-10,0.0889744249699902,0.08523635879900734,0.050180400096745334,0.039861154099827045,137.37640686035155,139.2103437051001,141.69004669189454,140.19653405169922,142.26243286132814,141.60807425687256,145.14371154785155,144.90756042938798,1.0512639857101669,1.0192590968128763,1.0151581560490293,0.9950060355935029,57.226415973878765,52.07855914158599,50.267736714631155,-1.7849326011304925,-1.393673336911269,-0.3912592642192234,153.13510176823843,131.38976395441784,142.26243286132814,0.152853690018201,0.5991677469299187,0.5864587587996444,104247770.0,1.1401107189151385,-0.03318988762245134,-0.16673284505914343,0.004175007148984777,0.07836799217027735,0.003902317695691382,-0.4079130886810193,-0.04240495557405621,0.04608641028325522,1
2022-11-11,0.019268888868931633,0.019085594671023477,0.037675347392281164,0.026608074538061233,139.60262451171874,141.8741158554834,141.12148742675782,141.4701933434357,142.83025360107422,142.14079672347992,144.9864129638672,144.99752512455905,1.0544333293955614,1.0430846700977963,1.0306056066201852,1.0152789985426764,61.40917916241028,54.75076185170619,52.26658175074002,-1.1223179497465878,-1.3394022594783328,0.21708430973174497,153.48710030924727,132.17340689290117,142.83025360107422,0.1492239415598559,0.7050985002826033,-0.2092845003113063,97169500.0,0.9671728268643968,0.0889744249699902,0.5864587587996444,-0.03318988762245134,-0.16673284505914343,0.004175007148984777,0.07836799217027735,-0.001947415091862581,0.43808166996022213,0
2022-11-14,-0.009485635338956855,-0.009530910514522975,0.019220435169800928,-0.0046318214120438525,141.4433837890625,143.18453019922853,140.6489013671875,142.25840526039624,143.13044967651368,142.48980264378838,144.84340118408204,145.02920487993788,1.03083901827576,1.0366619111092055,1.0186886103987696,1.006641363671198,58.08418529401147,53.14928679664931,51.18277329192861,-0.7017713247246888,-1.211876072527604,0.5101047478029153,153.76733906091917,132.49356029210819,143.13044967651368,0.14863209622335033,0.625737380240444,-0.21925586057414526,94712590.0,0.7747027084783554,0.019268888868931633,-0.2092845003113063,0.0889744249699902,0.5864587587996444,-0.03318988762245134,-0.16673284505914343,0.003902317695691382,-0.4079130886810193,1
2022-11-15,0.011869603893045921,0.01179971265535387,0.033524386859338506,-0.014321428965235238,143.5162109375,144.6350237135482,140.61345520019532,143.21796989344918,143.45140533447267,142.97039389125496,144.76013305664063,145.12751099218298,1.0280093780237696,1.049231103326039,1.0284737915128201,1.0191757055408395,61.12769843173367,54.90975376744958,52.465566463661375,-0.22622813631144822,-1.0147464852843728,0.7885183489729246,154.21255215498388,132.69025851396145,143.45140533447267,0.1500319469916718,0.6897848563839588,0.22479594298260563,95661490.0,0.9394407300158089,-0.009485635338956855,-0.21925586057414526,0.019268888868931633,-0.2092845003113063,0.0889744249699902,0.5864587587996444,0.004175007148984777,0.07836799217027735,0
2022-11-16,-0.008331230375264287,-0.008366129042779549,0.01733988808033054,-0.0022799677164020505,146.25375061035157,145.1923005583811,141.00679931640624,143.77958523064876,143.70550460815429,143.28815202047323,144.62420532226562,145.1737597473149,1.000363092484628,1.0375872295331503,1.0181019484743175,1.011634628671126,57.65868290335965,53.375710891006044,51.45720441783573,0.05087416432374425,-0.8016223553627495,0.8524965196864938,154.48433756065924,132.92667165564933,143.70550460815429,0.15001280545092402,0.6206693549920934,-0.2854176611775231,92722860.0,0.6925832529324484,0.011869603893045921,0.22479594298260563,-0.009485635338956855,-0.21925586057414526,0.019268888868931633,-0.2092845003113063,-0.03318988762245134,-0.16673284505914343,1
2022-11-17,0.012971448941352381,0.012888040211258972,0.03536359997270598,0.0292973349689406,147.0109100341797,146.1964224181525,142.19365844726562,144.5841453955663,144.07756576538085,143.75639146020865,144.55568420410157,145.2926188214475,1.0081201871564367,1.0422733879701038,1.02864498959564,1.0252427426405568,61.58562702230989,55.44542779480952,52.92402413165087,0.41878974531385893,-0.5575399352274278,0.9763296805412868,154.93790035431687,133.21723117644484,144.07756576538085,0.15075677509184499,0.6900079752846174,0.2518145139313872,90969950.0,0.8836918125161111,-0.008331230375264287,-0.2854176611775231,0.011869603893045921,0.22479594298260563,-0.009485635338956855,-0.21925586057414526,0.0889744249699902,0.5864587587996444,1
2022-11-18,0.0037817337042138632,0.0037746009264972087,0.01804478715506231,-0.0066968963877012495,147.3236053466797,147.05266051835167,143.4631149291992,145.34432563614516,144.28720245361328,144.233414818165,144.44123962402344,145.42879599389073,1.0097847956454644,1.0369573865182518,1.0310348678814834,1.029935336376104,62.77514184307232,56.06570627561952,53.36103258557728,0.7469800645747,-0.29663593526700227,1.0436159998417023,155.3378480790658,133.23655682816076,144.28720245361328,0.1531756862360011,0.7026096219583259,-0.06916085951630435,84371430.0,0.8869068593480044,0.012971448941352381,0.2518145139313872,-0.008331230375264287,-0.2854176611775231,0.011869603893045921,0.22479594298260563,0.019268888868931633,-0.2092845003113063,0
2022-11-21,-0.02168045613136793,-0.02191893034057028,0.01790415508975639,-0.0143181213561462,147.27050170898437,146.54838724498185,144.35694274902343,145.37987382925368,144.22857131958008,144.35783633055328,144.14330871582033,145.433150688179,0.9882484204870703,1.0081942574197857,1.0090916062376893,1.0096884967804862,51.9707846953059,51.61270801747794,50.52690583718893,0.7383080673217535,-0.08964713474925112,0.8279552020710046,155.2394959266715,133.21764671248866,144.22857131958008,0.1526871479950188,0.5595440176666726,-0.21522900028865588,81906380.0,0.7169661264482694,0.0037817337042138632,-0.06916085951630435,0.012971448941352381,0.2518145139313872,-0.008331230375264287,-0.2854176611775231,-0.009485635338956855,-0.21925586057414526,1
2022-11-22,0.014661307247911814,0.01455486936722755,0.023238817841059148,0.013839112437689639,147.29802856445312,146.92347316983165,145.40711975097656,145.79692313657688,144.1347770690918,144.67362763426547,144.07634002685546,145.52101321097715,1.0025500440076411,1.015587443533964,1.0245524919273512,1.024968048133408,57.60298748755994,54.20420396018267,52.28727430166078,0.893318008866629,0.10694589397392493,0.7863721148927041,154.9937115241325,133.2758426140511,144.1347770690918,0.15067750720335046,0.6629472930834718,-0.11783918357199175,78095940.0,0.6633392209633433,-0.02168045613136793,-0.21522900028865588,0.0037817337042138632,-0.06916085951630435,0.012971448941352381,0.2518145139313872,0.011869603893045921,0.22479594298260563,1
2022-11-23,0.005926364494923453,0.00590887267145172,0.016482460928330615,0.010839815383453001,147.74642028808594,147.46525306862475,147.00008544921874,146.29726672378305,144.23150405883788,145.04269289445074,143.99801361083985,145.63975045235887,1.005430876609805,1.0105355545356278,1.0299331885606062,1.0316032085530693,59.85557458094459,55.262512385583115,53.007370170045256,1.0743982413350182,0.3004363634461436,0.7739618778888746,155.21085719895302,133.25215091872275,144.23150405883788,0.15224625454416968,0.696610344538375,0.12542057481936753,76434300.0,0.7627648843516589,0.014661307247911814,-0.11783918357199175,-0.02168045613136793,-0.21522900028865588,0.0037817337042138632,-0.06916085951630435,-0.008331230375264287,-0.2854176611775231,0
2022-11-25,-0.019593756532287898,-0.019788259062336937,0.011883125773898415,-0.0013485061798559816,147.23312377929688,146.85622991033318,147.12201690673828,146.1774334274134,144.4060317993164,145.099406294384,143.91919799804688,145.63968900692322,0.9891672461698381,0.9899142674618926,1.0085325507465364,1.011944102104616,49.62521172583774,51.038144422767296,50.353552705209694,0.9718394132283379,0.43471697340258253,0.5371224398257554,155.35827348206297,133.45379011656982,144.4060317993164,0.15168676192095767,0.5562511232917118,-0.39631123780904065,68068490.0,0.517065972816497,0.005926364494923453,0.12542057481936753,0.014661307247911814,-0.11783918357199175,-0.02168045613136793,-0.21522900028865588,0.012971448941352381,0.2518145139313872,0
2022-11-28,-0.026264010098334678,-0.026615069678177988,0.022604316178357904,-0.006338694865744354,145.842724609375,145.17520022993568,146.58316497802736,145.3839256895456,143.8523262023926,144.78642863483702,143.79666900634766,145.48962829563763,0.9723703479139791,0.9674585815526513,0.9858244535414538,0.9862060216629951,39.321142853476736,46.05563663549989,47.099743886397654,0.5752803486377047,0.462829648449607,0.11245070018809772,154.13258072462412,133.57207168016106,143.8523262023926,0.14292788714125843,0.4008202895734667,0.9674450717271046,65595120.0,1.0556577989338232,-0.019593756532287898,-0.39631123780904065,0.005926364494923453,0.12542057481936753,0.014661307247911814,-0.11783918357199175,0.0037817337042138632,-0.06916085951630435,0
2022-11-29,-0.02114803462843129,-0.02137485792427289,0.03159305456489855,-0.02162308727120406,144.49757080078126,143.0548240383816,145.8840362548828,144.1894067742234,143.26646881103517,144.21763273202146,143.53994384765625,145.2278417607214,0.9606671647557061,0.9515370921924795,0.9689222663704071,0.9670762572026743,33.04480198848408,42.54835407376145,44.720660726283235,0.018788034833590928,0.3740213257264038,-0.35523329089281286,153.28974153988673,133.2431960821836,143.26646881103517,0.1399248939690418,0.27789703641677366,0.20965543136065623,66634090.0,1.257071267875047,-0.026264010098334678,0.9674450717271046,-0.019593756532287898,-0.39631123780904065,0.005926364494923453,0.12542057481936753,-0.02168045613136793,-0.21522900028865588,1
2022-11-30,0.04859343725332699,0.04744968255701076,0.05519150331904172,0.04688829681043819,144.07474670410156,143.8897242042987,145.68638763427734,144.43851909457055,143.14992141723633,144.34543195146065,143.37061401367188,145.2408489283846,1.0103056077903831,0.9991292041747717,1.016832724007394,1.015267497719248,52.81001961756366,51.49540929378945,50.61215036083253,0.12067447992927782,0.32335195656697857,-0.20267747663770075,153.0082682395015,133.29157459497117,143.14992141723633,0.13773457539709333,0.6222113181012446,0.32970209087935354,68785350.0,1.6192532276131473,-0.02114803462843129,0.20965543136065623,-0.026264010098334678,0.9674450717271046,-0.019593756532287898,-0.39631123780904065,0.014661307247911814,-0.11783918357199175,1
2022-12-01,0.0018916305855647408,0.0018898437054850992,0.016991465942579734,0.0006746565022401344,143.5319580078125,144.538105931121,145.63918914794922,144.6924009655151,143.32299423217773,144.48728313558493,143.26922607421875,145.2641438482427,1.0160445897130992,1.0013435960331913,1.0175259745726408,1.0179078465128149,53.464229118283555,51.82520729805867,50.83672371897916,0.22108966580765355,0.3028994984151136,-0.08180983260746005,153.2420859925624,133.40390247179306,143.32299423217773,0.13841591593203986,0.6266182032219892,-0.36029965640428474,69488560.0,1.0253543892692552,0.04859343725332699,0.32970209087935354,-0.02114803462843129,0.20965543136065623,-0.026264010098334678,0.9674450717271046,0.005926364494923453,0.12542057481936753,0
2022-12-02,-0.003371511642141556,-0.0033772079946677684,0.015898830541446085,0.012674642091194193,143.47295837402345,144.80646576234892,145.35304107666016,144.81072541265866,143.7733497619629,144.56879763932014,143.17724578857423,145.2672435179118,1.0130353975548876,0.9999321950763296,1.0109188223369692,1.0151276805493858,51.96343614998617,51.15631195198502,50.40696269136552,0.25802033980886563,0.293923666693864,-0.035903326884998366,153.18769662619277,134.359002897733,143.7733497619629,0.1309609448457126,0.5833746453939592,-0.08144515679911968,67994360.0,0.9625415990385084,0.0018916305855647408,-0.36029965640428474,0.04859343725332699,0.32970209087935354,-0.02114803462843129,0.20965543136065623,-0.019593756532287898,-0.39631123780904065,0
2022-12-05,-0.007983130242469216,-0.00801516603789882,0.0351223741730097,-0.007714687397223675,143.94690856933593,144.59860779013366,144.89481658935546,144.69657385503035,144.17896575927733,144.5320447065947,143.10741302490234,145.2247199229232,1.0016393771753251,0.9950866099946833,1.0000272306463367,1.007515185957653,48.23562402789203,49.53163752675801,49.37275448391153,0.19145519387225818,0.27342997212954284,-0.08197477825728466,152.90472172163624,135.45320979691843,144.17896575927733,0.1210406235945334,0.5002249711338896,0.051629247303941694,67394040.0,1.0212535114381034,-0.003371511642141556,-0.08144515679911968,0.0018916305855647408,-0.36029965640428474,0.04859343725332699,0.32970209087935354,-0.026264010098334678,0.9674450717271046,0
2022-12-06,-0.025369635639955646,-0.025696993342849753,0.03764610415610071,-0.028285873767168342,144.28909912109376,143.24074666477662,144.3933349609375,143.9381103203089,144.37513885498046,144.15042372635352,142.9577474975586,145.040418138262,0.9739129654980223,0.9732099092529342,0.9733325663168001,0.9829829223943415,38.16551552352161,44.710781774747566,46.2328428812512,-0.1546745041163149,0.18780907688037132,-0.3424835809966862,152.57097505520088,136.17930265476005,144.37513885498046,0.1135352840554194,0.26511765566920303,-0.05955854148989337,67994350.0,0.951949684054631,-0.007983130242469216,0.051629247303941694,-0.003371511642141556,-0.08144515679911968,0.0018916305855647408,-0.36029965640428474,-0.02114803462843129,0.20965543136065623,0
2022-12-07,-0.013785299618391922,-0.013881199217616696,0.023910849005331348,-0.008791054072279881,142.89476318359374,141.6897793927287,143.48475494384766,142.96533478000416,144.4459373474121,143.62065430942775,142.74990112304687,144.78737604847262,0.96985950892107,0.9658715652604959,0.9594443941701886,0.9708437186879277,33.8050172610412,42.35942716677809,44.65370946594513,-0.5786289108468736,0.034521479334922334,-0.613150390181796,152.4129213228578,136.47895337196638,144.4459373474121,0.11031094569706085,0.13235193413003235,0.07715303612700697,69786050.0,0.9990692982336727,-0.025369635639955646,-0.05955854148989337,-0.007983130242469216,0.051629247303941694,-0.003371511642141556,-0.08144515679911968,0.04859343725332699,0.32970209087935354,1
2022-12-08,0.012132902276940971,0.012059888603335817,0.01696458655793141,0.002037041900038677,141.78165283203126,141.2162921374702,142.65680541992188,142.47514984308577,144.8284454345703,143.30147938728732,142.61338104248046,144.61019728684442,0.9893333504380162,0.9832641156799986,0.9685204947554527,0.9835635099708554,40.66952730016297,45.060256483005055,46.324617820052474,-0.7700582795492892,-0.12639447244191998,-0.6436638071073693,151.02536905990638,138.63152180923424,144.8284454345703,0.08557605664745847,0.13214587727229424,-0.10890246998397901,70168740.0,0.8854127920780678,-0.013785299618391922,0.07715303612700697,-0.025369635639955646,-0.05955854148989337,-0.007983130242469216,0.051629247303941694,0.0018916305855647408,-0.36029965640428474,0
2022-12-09,-0.003434794385538953,-0.0034407068343540828,0.032850403119250186,-0.0012645263482652961,140.67052001953124,140.74003521241502,142.07173919677734,141.98649011930738,144.5968780517578,142.96681671824138,142.61172912597655,144.42107274078404,0.9937229303118809,0.9839220815667717,0.96673955375626,0.9801965253420559,39.3069104414196,44.418032616862625,45.90764094056302,-0.9496968513018089,-0.29105494821389777,-0.6586419030879112,151.1722868709474,138.02146923256822,144.5968780517578,0.09094814366373735,0.13429219218905758,0.22483634672122044,74258850.0,1.0247532785654505,0.012132902276940971,-0.10890246998397901,-0.013785299618391922,0.07715303612700697,-0.025369635639955646,-0.05955854148989337,-0.003371511642141556,-0.08144515679911968,1
2022-12-12,0.016389817178367405,0.016256953895747876,0.02380789196917163,0.012543858326578136,140.24966430664062,141.1862279020267,142.0982864379883,142.0032397851151,144.34072570800782,142.8822259147184,142.73993103027342,144.32921158550818,1.0130406656133635,0.9998615524702553,0.9843279683148196,0.9953669744391066,48.82017001091727,48.19893316217329,48.2341864777145,-0.8968513985846016,-0.41221423828803855,-0.48463716029656306,150.88938194995103,137.79206946606462,144.34072570800782,0.09073885710108905,0.3272842287651841,-0.07404102658449085,74380520.0,0.94732733785674,-0.003434794385538953,0.22483634672122044,0.012132902276940971,-0.10890246998397901,-0.013785299618391922,0.07715303612700697,-0.007983130242469216,0.051629247303941694,1
2022-12-13,0.00678243039827886,0.00675953319139372,0.03938953515815018,-0.026956513573892164,140.75310974121095,141.80490246365582,142.52110443115234,142.1921510218058,144.20257034301758,142.8974664549275,142.80396240234376,144.27874256595547,1.0162635258994415,1.00365663147112,0.9919535501111842,1.001668645467266,52.4754953057837,49.747310733204586,49.19914249621893,-0.7683563055641969,-0.4834426517432703,-0.2849136538209266,150.73837388157605,137.66676680445912,144.20257034301758,0.09064753177438682,0.41123365709677984,0.3324241052358199,75392760.0,1.245294641023886,0.016389817178367405,-0.07404102658449085,-0.003434794385538953,0.22483634672122044,0.012132902276940971,-0.10890246998397901,-0.025369635639955646,-0.05955854148989337,0
2022-12-14,-0.015535792785834057,-0.015657737872481058,0.03840513750543275,-0.014723077397907867,141.1995361328125,141.47659391131742,142.04714965820312,141.94266480086668,143.86676864624025,142.6996102979478,142.75188507080077,144.14310469304118,0.997311893958243,0.9913608062216289,0.9788221291944668,0.9864666707329156,44.0172448585865,46.30953918615417,47.074325259159366,-0.8362027957202542,-0.5539946805386671,-0.28220811518158717,150.3730501959354,137.36048709654509,143.86676864624025,0.09044870627064289,0.2658576702892321,-0.12350057835975892,72483790.0,1.1353048729929822,0.00678243039827886,0.3324241052358199,0.016389817178367405,-0.07404102658449085,-0.003434794385538953,0.22483634672122044,-0.013785299618391922,0.07715303612700697,0
2022-12-15,-0.04685441561168768,-0.04798762268428824,0.04227109357114239,-0.03266955276317528,139.99006042480468,139.0583756365163,140.88585662841797,140.5388964892389,143.26252288818358,141.89221303975413,142.56195739746093,143.75403937515387,0.9587962079565716,0.9526998827208059,0.9368949839845715,0.9414989912961492,28.246494021251877,37.92886477886031,41.48837790706638,-1.4061686924791843,-0.7244294829267706,-0.6817392095524137,150.8969836914262,135.62806208494098,143.26252288818358,0.10658001338146615,-0.09209052441723782,0.20221724801679897,75251940.0,1.314675741249993,-0.015535792785834057,-0.12350057835975892,0.00678243039827886,0.3324241052358199,0.016389817178367405,-0.07404102658449085,0.012132902276940971,-0.10890246998397901,0
2022-12-16,-0.014578628977479191,-0.014685941445056564,0.029142802237986005,-0.0159485543612071,138.48558959960937,136.79397283645358,139.57805480957032,139.03458207961876,142.46554794311524,140.97535153466595,142.35193878173828,143.3034953697097,0.9550825296605533,0.9476071823524168,0.9284010706163148,0.9291420149824883,25.131098604037504,35.85640849920151,40.009965467464916,-1.99279421571336,-0.9781024294840885,-1.0146917862292715,151.12855699256926,133.80253889366122,142.46554794311524,0.1216154947568524,-0.0887319664885949,0.6188600441313672,84722890.0,1.8903616248218162,-0.04685441561168768,0.20221724801679897,-0.015535792785834057,-0.12350057835975892,0.00678243039827886,0.3324241052358199,-0.003434794385538953,0.22483634672122044,0
2022-12-19,-0.015909659868968307,-0.016037577067827217,0.029311700288184434,-0.020279812602962397,136.10204162597657,134.58293969533105,138.17585296630858,137.4211805038855,141.53533477783202,139.9454012373726,142.20467834472657,142.78809843023427,0.9563476922027546,0.9419943544319792,0.9196351823903157,0.9153065491808606,22.07626720333313,33.722452056003476,38.4623589269547,-2.597555096275528,-1.3019929628423763,-1.2955621334331515,151.22711371510803,131.843555840556,141.53533477783202,0.13695207564230086,-0.08680978169024392,-0.5030335876880734,85799510.0,0.9276579784663106,-0.014578628977479191,0.6188600441313672,-0.04685441561168768,0.20221724801679897,-0.015535792785834057,-0.12350057835975892,0.016389817178367405,-0.07404102658449085,0
2022-12-20,-0.0005287083350575816,-0.0005288481505926257,0.02539682942438856,0.006925973562193841,133.51200256347656,133.0859785550254,137.13255615234374,136.0886124621634,140.76294555664063,139.00698743137656,142.0495620727539,142.2902144241237,0.9743847277892748,0.9486591654420251,0.9241924837532418,0.9158215933660145,21.974354360540858,33.65191724772781,38.41133999440111,-3.0472585197863964,-1.6510460742311803,-1.396212445555216,151.46466268899908,130.06122842428218,140.76294555664063,0.15205304336363526,0.0014403226019996382,-0.027135688493653887,87070070.0,0.8893159268161838,-0.015909659868968307,-0.5030335876880734,-0.014578628977479191,0.6188600441313672,-0.04685441561168768,0.20221724801679897,0.00678243039827886,0.3324241052358199,1
2022-12-21,0.02380926967633079,0.02353024918704455,0.029974142857641724,0.018574231463835113,131.98589782714845,133.12047007835028,136.59271697998048,135.56149258267916,140.03873596191406,138.452936545055,141.9846661376953,141.93332182415807,1.0091188173711387,0.9750845877421175,0.9510900838266861,0.9380551910854528,37.19814426547796,39.75935286509158,42.0444616149855,-3.1177778803844944,-1.9443924354618434,-1.173385444922651,150.73213745731218,129.34533446651594,140.03873596191406,0.15272062293259167,0.17974255713387227,0.10971061359010648,88690760.0,0.9688495171312096,-0.0005287083350575816,-0.027135688493653887,-0.015909659868968307,-0.5030335876880734,-0.014578628977479191,0.6188600441313672,-0.015535792785834057,-0.12350057835975892,0
2022-12-22,-0.023772257599753654,-0.02405937716599691,0.03221655179974227,-0.015779756454518536,131.14615783691406,132.0880597641476,135.56810913085937,134.5545374105088,139.11245727539062,137.65010822035853,141.86901153564452,141.46625975794566,0.9914376546008441,0.9590990091204643,0.9346628021841697,0.9165020445855007,30.176425825086085,36.10105925051796,39.54089914820926,-3.390073334350774,-2.2335286152396296,-1.1565447191111442,149.905724633932,128.31918991684924,139.11245727539062,0.15517326873429824,0.0789403783991521,-0.09398449865003256,90263140.0,0.8625015704084746,0.02380926967633079,0.10971061359010648,-0.0005287083350575816,-0.027135688493653887,-0.015909659868968307,-0.5030335876880734,-0.04685441561168768,0.20221724801679897,0
2022-12-23,-0.0027983138061609125,-0.0028022364057251367,0.02108295742779344,0.007179975974283341,130.6250030517578,131.27850427961403,134.5552963256836,133.6645112105157,138.31351776123046,136.88908775275743,141.6547836303711,141.00324538745943,0.9926077724887913,0.9636141932065873,0.9374311015238357,0.9153195535484028,29.43159129359678,35.69461242237679,39.25883139698451,-3.5938016523245153,-2.5055832226566066,-1.0882184296679087,149.41741193183876,127.20962359062216,138.31351776123046,0.1605612285818204,0.11031128729636085,-0.1803059904614005,89034930.0,0.7167400479789224,-0.023772257599753654,-0.09398449865003256,0.02380926967633079,0.10971061359010648,-0.0005287083350575816,-0.027135688493653887,-0.014578628977479191,0.6188600441313672,0
2022-12-27,-0.013878372548267404,-0.013975577573509791,0.02068755261600866,-0.010275582686420053,130.1648147583008,130.13898016834295,133.13342819213867,132.60913316238572,137.61585731506347,136.02916815209488,141.49507736206056,140.4878213309238,0.982292581779647,0.9603893904187072,0.9291075493798141,0.9036351958635996,25.762548731528867,33.675293138914355,37.85646535628671,-3.8560096268155917,-2.7756685034884034,-1.0803411233271882,149.47990233605492,125.75181229407201,137.61585731506347,0.17242264448971772,0.08884489430033364,0.0813744125588225,88889440.0,0.7763329367357923,-0.0027983138061609125,-0.1803059904614005,-0.023772257599753654,-0.09398449865003256,0.02380926967633079,0.10971061359010648,-0.015909659868968307,-0.5030335876880734,0
2022-12-28,-0.03068508789113722,-0.03116573319165592,0.04093935254866502,-0.027994118182129483,128.93371124267577,128.07149967765832,131.22285690307618,131.03229780491358,136.87198066711426,134.87748915630385,141.17777938842772,139.83875142368322,0.9612423120514917,0.9444737115259658,0.9054924031362896,0.8778756772714055,19.55995906927066,29.726614660495756,34.99469461327982,-4.330477334690585,-3.08663026972884,-1.2438470649617446,150.12640492637306,123.61755640785546,136.87198066711426,0.19367622496082415,0.012033049576286925,0.2380977222864662,88044660.0,0.9703984318867266,-0.013878372548267404,0.0813744125588225,-0.0027983138061609125,-0.1803059904614005,-0.023772257599753654,-0.09398449865003256,-0.0005287083350575816,-0.027135688493653887,1
2022-12-29,0.028324287255895975,0.02793057181673641,0.02121743968563683,0.01265726051739091,127.78521118164062,127.86331739171362,129.88555450439452,130.3804168985337,135.96635208129882,134.1698190290201,140.90438049316407,139.35279853725737,0.997352914639429,0.9812249969299873,0.9373418560469978,0.9044924818785692,35.71586546680871,36.86044978308325,39.3052359760373,-4.372828089299901,-3.3438698336430526,-1.0289582556568484,149.1977789201495,122.73492524244814,135.96635208129882,0.19462795958428247,0.17806195940790084,-0.1139382291803217,87385910.0,0.8663147182423345,-0.03068508789113722,0.2380977222864662,-0.013878372548267404,0.0813744125588225,-0.0027983138061609125,-0.1803059904614005,0.02380926967633079,0.10971061359010648,1
2022-12-30,0.0024690616015454747,0.002466018477027997,0.01939503413468691,0.011836998445008143,127.33288879394532,127.82942066023097,129.2395233154297,129.90427331648496,135.06268997192382,133.55951504504347,140.6351156616211,138.89824279843418,1.0033670672783848,0.9885646737139612,0.9459431559065209,0.9084617778156484,37.03833318711395,37.47320367897664,39.681700822157296,-4.331073851670311,-3.5413106372485044,-0.7897632144218067,147.93864472063848,122.18673522320915,135.06268997192382,0.19066634540436375,0.21648460571877134,0.017575098707196535,85196140.0,0.9041982418452291,0.028324287255895975,-0.1139382291803217,-0.03068508789113722,0.2380977222864662,-0.013878372548267404,0.0813744125588225,-0.023772257599753654,-0.09398449865003256,0
2023-01-03,-0.037404875632181867,-0.03812238719159222,0.053809832445514544,-0.039990782417021246,125.99755401611328,126.21385358061623,128.31127853393554,128.64580897192164,133.94466667175294,132.5522011761238,140.27950119018556,138.27410462678526,0.97607227681308,0.9584716232787008,0.9181606291407649,0.8766977240291971,27.14428964490895,32.340121718609936,36.1101333396708,-4.630226862980237,-3.7590938823948514,-0.8711329805853856,146.93842388978175,120.95090945372415,133.94466667175294,0.19401679127503477,0.07818408230851959,0.4554249930550327,80392200.0,1.3946315687342803,0.0024690616015454747,0.017575098707196535,0.028324287255895975,-0.1139382291803217,-0.03068508789113722,0.2380977222864662,-0.0027983138061609125,-0.1803059904614005,1
2023-01-04,0.010314281547217918,0.010261452298602152,0.02833176490790088,-0.004176836487084986,125.2758071899414,125.55963499205797,127.72031097412109,127.84678876156158,132.94808197021484,131.76162942743974,139.87307708740235,137.7241867125953,0.9918211712382224,0.9728382030021631,0.9345843578456299,0.8883138942979046,32.71063357201935,34.88957474752753,37.673584980890006,-4.710650725198974,-3.9494052509556763,-0.7612454742432977,145.70321502027787,120.19294892015184,132.94808197021484,0.19188141507630962,0.1590829699251754,-0.20517671193167886,81344300.0,1.0955113019596947,-0.037404875632181867,0.4554249930550327,0.0024690616015454747,0.017575098707196535,0.028324287255895975,-0.1139382291803217,-0.013878372548267404,0.0813744125588225,0
2023-01-05,-0.01060460265728791,-0.010661232167499573,0.02407610452453865,-0.01659718914447494,125.07521209716796,124.68427773884594,127.00446166992188,126.95347502899072,132.06850891113282,130.92086121839043,139.39749908447266,137.1441622623924,0.9828771118686388,0.9679468076634972,0.9308317648618435,0.8818921719529996,29.93861085457118,33.47841155346825,36.69420512947882,-4.825088695341151,-4.124541939832771,-0.7005467555083795,145.03673661618964,119.10028120607602,132.06850891113282,0.19638637267848558,0.14779513876252773,-0.09146639794599254,81697290.0,0.9910083920776319,0.010314281547217918,-0.20517671193167886,-0.037404875632181867,0.4554249930550327,0.0024690616015454747,0.017575098707196535,-0.03068508789113722,0.2380977222864662,1
2023-01-06,0.03679405166513705,0.03613330939372194,0.041660192099238394,0.028648463770790448,125.07717895507812,125.6084475290223,126.43119506835937,127.04498631633332,131.51195602416993,130.59094939848418,138.9556442260742,136.7642651975682,1.0190251185242314,1.0081118591061415,0.9691650171027062,0.9172480025497121,47.69183397024585,42.13133411508868,42.11796445104845,-4.498934331959504,-4.199420418258118,-0.2995139137013858,144.26692261481304,118.75698943352683,131.51195602416993,0.19397425110609617,0.3410356904513667,0.08389048290138534,81879960.0,1.0717482031012229,-0.01060460265728791,-0.09146639794599254,0.010314281547217918,-0.20517671193167886,-0.037404875632181867,0.4554249930550327,0.028324287255895975,-0.1139382291803217,1
2023-01-09,0.004088706726965929,0.004080370680324405,0.02704575057652778,-0.0024527272263715635,125.12043762207031,126.39827186342373,126.2266632080078,127.214610719223,130.8973861694336,130.34208950645964,138.58291717529298,136.41970266167246,1.0228378589818183,1.0138739096773308,0.977696532202499,0.9234754408463476,49.41477259553263,43.05046199235115,42.711727020522645,-4.15055848267852,-4.189648031142198,0.039089548463678625,143.07679474400328,118.7179775948639,130.8973861694336,0.1860909362820227,0.38014747927486403,-0.19331044377110285,81173830.0,0.8720889478788915,0.03679405166513705,0.08389048290138534,-0.01060460265728791,-0.09146639794599254,0.010314281547217918,-0.20517671193167886,0.0024690616015454747,0.017575098707196535,1
2023-01-10,0.004456454335382443,0.0044465537462120355,0.02401896651318396,0.0036081778022679966,126.2335433959961,127.11493067262103,126.11554870605468,127.45709027773074,130.33542251586914,130.17124748594117,138.3109295654297,136.11101817654867,1.0183366863731163,1.0192894501107947,0.9862878855927604,0.9294149688308204,51.45630156472127,44.096935763930226,43.3791638700984,-3.7848183979802883,-4.108682104509817,0.32386370652952845,141.84070693823134,118.83013809350695,130.33542251586914,0.176548849119837,0.4223324622301435,-0.09739401165123152,81181960.0,0.7870738770042014,0.004088706726965929,-0.19331044377110285,0.03679405166513705,0.08389048290138534,-0.01060460265728791,-0.09146639794599254,-0.037404875632181867,0.4554249930550327,1
2023-01-11,0.0211123743521604,0.020892596154598396,0.022848061034239153,0.017066708519345223,127.63574523925782,128.49735612549736,126.45577621459961,128.1489296874615,129.79460220336915,130.2751483950182,137.87842864990233,135.9208687198703,1.0284125875960082,1.0380087882145748,1.0113071329852479,0.9520140918094441,60.34194315713172,48.908134706594254,46.493862838531285,-3.238639931853527,-3.934673669978559,0.6960337381250321,139.98248241639504,119.60672199034326,129.79460220336915,0.15698465175097148,0.572026996646683,0.08705838531868881,81227070.0,0.8551200972779148,0.004456454335382443,-0.09739401165123152,0.004088706726965929,-0.19331044377110285,0.03679405166513705,0.08389048290138534,0.010314281547217918,-0.20517671193167886,0
2023-01-12,-0.0005996001115967653,-0.000599779943632144,0.021137785683388054,-0.0035106155031479043,129.28573303222657,129.39273814942013,127.18047256469727,128.70067014378952,129.20166473388673,130.3616582809465,137.49147430419922,135.73508964055247,1.0146788753911926,1.0314751907415032,1.0153391016087976,0.954120994491795,59.970545732906395,48.77703071616864,46.416113618569455,-2.7800932009112955,-3.7037575761651063,0.9236643752538107,137.4279864918075,120.97534297596596,129.20166473388673,0.1273408012948488,0.6204570840832155,0.02765232389225858,79821190.0,0.8942437465540165,0.0211123743521604,0.08705838531868881,0.004456454335382443,-0.09739401165123152,0.004088706726965929,-0.19331044377110285,-0.01060460265728791,-0.09146639794599254,1
2023-01-13,0.010119291744957293,0.01006843451722736,0.024191114868816338,0.020677086668027245,130.29657287597655,130.43215420898844,127.68687591552734,129.3934549045778,128.78621520996094,130.5663561902016,137.18388458251954,135.6086542165357,1.0169951780255668,1.0377807850494292,1.0289221258043149,0.9659369738026067,64.29492934977033,51.15532007754151,47.957376853777234,-2.2832547978434263,-3.4196570205007704,1.136402222657344,135.28046368349186,122.29196673643004,128.78621520996094,0.10085316138754907,0.7867746078199329,-0.19010893868836476,78031790.0,0.7408480569265423,-0.0005996001115967653,0.02765232389225858,0.0211123743521604,0.08705838531868881,0.004456454335382443,-0.09739401165123152,0.03679405166513705,0.08389048290138534,1
2023-01-17,0.008756667250098937,0.00871854999787351,0.023245463782320945,0.008232593601403652,131.4352569580078,131.5118831201199,128.27784729003906,130.17125236599688,128.75868530273436,130.86206902374266,137.00984313964844,135.5326811469611,1.0170128170791297,1.0420454019636682,1.0381539748413704,0.9756331215278976,67.83811731853437,53.200751400407256,49.29593152091621,-1.7754100421902876,-3.090807624838674,1.3153975826483864,135.16459691028948,122.35277369517925,128.75868530273436,0.09950259421325536,0.8834470361606674,0.1009674846954749,76693030.0,0.8298876703658729,0.010119291744957293,-0.19010893868836476,-0.0005996001115967653,0.02765232389225858,0.0211123743521604,0.08705838531868881,0.004088706726965929,-0.19331044377110285,0
2023-01-18,-0.00537014492108423,-0.005384615980362523,0.0264773437858836,-0.011767289315636368,132.31630859375,131.99242423665547,129.27492599487306,130.67711674849318,128.7931022644043,131.0612535424078,136.94219177246094,135.4315370419715,1.00481571684359,1.02845548312284,1.0323030048362467,0.9708732184646068,63.30416501279573,51.756797620976464,48.48587550385896,-1.414556530113373,-2.755557405893614,1.341000875780241,135.2808743958291,122.3053301329795,128.7931022644043,0.10074719868313757,0.8206342732947204,0.09468219826353641,72448560.0,0.9616864710630549,0.008756667250098937,0.1009674846954749,0.010119291744957293,-0.19010893868836476,-0.0005996001115967653,0.02765232389225858,0.004456454335382443,-0.09739401165123152,1
2023-01-19,0.000443577768593828,0.0004434794170587275,0.018333670800688807,0.008875316416729267,132.66636352539064,132.33244338758803,130.15105438232422,131.10172855594044,128.93568267822266,131.24708479450734,136.8810299682617,135.33667212618644,1.0026089368462734,1.0219854331623264,1.0316188577634067,0.9717378786548758,63.537746657198866,51.87237156326596,48.55879600680933,-1.1110116637488545,-2.426648257464662,1.3156365937158077,135.65850526216354,122.21286009428178,128.93568267822266,0.10428180072879657,0.8032059049846787,-0.16351287733520115,69365240.0,0.8401960405528763,-0.00537014492108423,0.09468219826353641,0.008756667250098937,0.1009674846954749,0.010119291744957293,-0.19010893868836476,0.0211123743521604,0.08705838531868881,1
2023-01-20,0.019220828563975223,0.019038441816089446,0.027562219383034412,0.01914544915184459,133.5434814453125,133.4113261906837,131.41460723876952,131.91397641792855,129.20953445434571,131.65870450901855,136.86038055419922,135.34578662307618,1.0151681709181142,1.0316135675127585,1.0492189478848122,0.9905649191380639,72.41744409269072,56.71359307260517,51.67266550498506,-0.6565844047373162,-2.072635486919193,1.4160510821818768,136.51907258218205,121.8999963265094,129.20953445434571,0.11314239554696397,0.9350177282960388,0.3765107995140733,69291330.0,1.1577725524968274,0.000443577768593828,-0.16351287733520115,-0.00537014492108423,0.09468219826353641,0.008756667250098937,0.1009674846954749,-0.0005996001115967653,0.02765232389225858,1
2023-01-23,0.023500515945693357,0.02322863021843854,0.038409846249669435,0.02164788299208378,134.79229125976562,135.19256259391935,132.5444320678711,133.15780532383073,129.48781356811523,132.33454554629208,136.89204376220704,135.4794826535591,1.0293988929455038,1.046856765204134,1.0715682933931114,1.0136092031865618,79.62971634343253,61.86203975817926,55.219501352761874,-0.03891986130264513,-1.6658923617958836,1.6269725004932385,137.7446263744489,121.23100076178154,129.48781356811523,0.1275303455794363,1.061186383271682,0.01915521118473862,68691890.0,1.1902467671219994,0.019220828563975223,0.3765107995140733,0.000443577768593828,-0.16351287733520115,-0.00537014492108423,0.09468219826353641,0.010119291744957293,-0.19010893868836476,1
2023-01-24,0.010063067372669376,0.010012771846925663,0.020065955481976844,0.015822117164359932,136.08829040527343,136.8454872859202,133.76177368164062,134.42935647766546,129.9942184448242,133.07900184378062,137.0426873779297,135.6626926149851,1.0298559578678563,1.047768228638241,1.0781351535984567,1.022683802773214,82.03200437199881,63.889197544433024,56.6824936609976,0.5568347382318848,-1.22134694179033,1.7781816800222148,139.47229752252116,120.51613936712728,129.9942184448242,0.14582308645857034,1.0358215595076947,-0.18744060381383143,68256320.0,0.9733179286548117,0.023500515945693357,0.01915521118473862,0.019220828563975223,0.3765107995140733,0.000443577768593828,-0.16351287733520115,0.008756667250098937,0.1009674846954749,0
2023-01-25,-0.0047009469177757834,-0.004712031119877276,0.025518081923110808,0.006884812441658659,137.39608764648438,137.7278224158739,134.8561981201172,135.34992669550468,130.48587341308593,133.68981049444733,136.94415985107423,135.8128808526634,1.0152581129871097,1.0343795436939018,1.0690237113574939,1.0186085542273458,77.03114543406498,62.208958152992835,55.77963136948275,0.9646909891809514,-0.7841393555960737,1.748830344777025,140.8245438145928,120.14720301157905,130.48587341308593,0.15846420966624036,0.9355791853748717,-0.009570242236408122,68446630.0,0.9613227123088456,0.010063067372669376,-0.18744060381383143,0.023500515945693357,0.01915521118473862,0.019220828563975223,0.3765107995140733,-0.00537014492108423,0.09468219826353641,1
2023-01-26,0.01480357217084638,0.01469506881054912,0.01632402051902141,0.0055179755187929926,139.10508728027344,139.00437489671543,135.88572540283204,136.47857272512172,131.1707508087158,134.43911233863315,136.83127624511718,136.03815924504516,1.0176297835404384,1.0417391483818668,1.0791847952813003,1.0345403751465039,81.21797477628351,65.29013161021734,57.9822023840471,1.4379711776925035,-0.3397172489383583,1.7776884266308617,142.49103603572624,119.85046558170536,131.1707508087158,0.17260380316826313,0.9587662254701711,-0.17772529494994627,66911250.0,0.8086099123839414,-0.0047009469177757834,-0.009570242236408122,0.010063067372669376,-0.18744060381383143,0.023500515945693357,0.01915521118473862,0.000443577768593828,-0.16351287733520115,1
2023-01-27,0.013684109201668404,0.013591327246716788,0.02843825193429966,0.01934890292549652,140.6901824951172,140.5011058881749,137.11683197021483,137.75420820620755,132.14865226745604,135.30153667505797,136.7850604248047,136.33056742645883,1.019933056637224,1.0465131509329526,1.085857217678427,1.0490514638473805,84.34167894771939,67.93146420498093,59.94719873887448,1.9469131477362964,0.11760883039657266,1.8293043173397239,144.15832424418883,120.13898029072325,132.14865226745604,0.18176003721061612,0.9723657576001649,0.3040508196085028,66828870.0,1.0557682630276406,0.01480357217084638,-0.17772529494994627,-0.0047009469177757834,-0.009570242236408122,0.010063067372669376,-0.18744060381383143,0.019220828563975223,0.3765107995140733,0
2023-01-30,-0.02007824280151338,-0.020282550098250435,0.018881097540155142,-0.01352101699150704,141.061865234375,140.53855362434317,137.9270782470703,138.2740701862934,132.80697708129884,135.8074330961648,136.64660919189453,136.49852357038907,0.9968211384632532,1.0194767473055382,1.0587805865847097,1.0290299183290708,65.45252581958177,60.550935505225645,55.86696843014667,2.0936369753360395,0.512814459384466,1.5808225159515734,145.15234124277544,120.46161291982223,132.80697708129884,0.18591439143922825,0.8161701798858536,-0.09269967883575836,67449430.0,0.949085855877507,0.013684109201668404,0.3040508196085028,0.01480357217084638,-0.17772529494994627,-0.0047009469177757834,-0.009570242236408122,0.023500515945693357,0.01915521118473862,1
2023-01-31,0.009021140299827035,0.00898069288620645,0.014276787403466603,0.011142231057421221,141.40798645019532,140.9863499992366,138.74813842773438,138.93004701588066,133.51299285888672,136.3859578250085,136.55811096191405,136.70963804798257,1.0033516939935712,1.0225862801245529,1.0626826626452908,1.0389858335737685,69.01679511698251,62.483570402718414,57.21326688325372,2.2859228071144173,0.8674361289304564,1.418486678183961,146.23282274966246,120.79316296811098,133.51299285888672,0.19054070496673914,0.8289725555294484,0.029043056894211272,67672220.0,0.973434889530741,-0.02007824280151338,-0.09269967883575836,0.013684109201668404,0.3040508196085028,0.01480357217084638,-0.17772529494994627,0.010063067372669376,-0.18744060381383143,1
2023-02-01,0.007900950434887921,0.007869901363554588,0.03637484392869499,0.010140942159470973,142.11007690429688,141.65854831492078,139.75308227539062,139.67057391231856,134.51400413513184,137.01614707465427,136.45407653808593,136.95643439693578,1.00628293264941,1.0232543183877292,1.0631082307432413,1.0479932045590097,71.99562094831477,64.1548398821653,58.39106709649741,2.4999483741629263,1.1939385779769505,1.3060097961859758,146.90837723505615,122.11963103520753,134.51400413513184,0.18428375810555764,0.8424513988210126,0.17896302818237708,68471300.0,1.1342504085653404,0.009021140299827035,0.029043056894211272,-0.02007824280151338,-0.09269967883575836,0.013684109201668404,0.3040508196085028,-0.0047009469177757834,-0.009570242236408122,1
2023-02-02,0.03706272865704818,0.036392417926156446,0.019957527918463374,0.012894650815561294,143.4591857910156,143.87337364061125,141.28213653564453,141.24011034498648,135.7165954589844,138.09108776201978,136.44483428955078,137.40139870654585,1.0337645754384306,1.0496940938784312,1.092740528823622,1.0869083103379131,81.70036223927593,70.78210689434871,63.39354704153752,3.0619411351925123,1.567539089420063,1.4944020457724494,148.55396114028434,122.87922977768443,135.7165954589844,0.18917901142280868,0.9902263106574235,0.5237382763611267,74477160.0,1.588930082726033,0.007900950434887921,0.17896302818237708,0.009021140299827035,0.029043056894211272,-0.02007824280151338,-0.09269967883575836,0.01480357217084638,-0.17772529494994627,1
2023-02-03,0.024399674581834896,0.024106757676094517,0.061812317487105535,0.04370736522364951,145.14458618164062,146.55610570181375,142.9173843383789,143.18219388666506,137.1659957885742,139.40827652984825,136.57246887207032,137.9708171817487,1.0466912602175675,1.0630027307561203,1.1075745774367327,1.1123879584144165,85.65892962407555,74.27861576810568,66.29819133840721,3.7560138407330044,2.0052340396826516,1.7507798010503528,150.44131004580635,123.89068153134208,137.1659957885742,0.193565674654446,1.0557523441528318,0.3043654247543075,81890530.0,1.8849224690571669,0.03706272865704818,0.5237382763611267,0.007900950434887921,0.17896302818237708,0.009021140299827035,0.029043056894211272,0.013684109201668404,0.3040508196085028,0
2023-02-06,-0.01792889188508373,-0.0180915617269409,0.015290367030555934,-0.005505745273346117,146.8614532470703,147.43666527581854,143.96165924072267,144.2759376206947,138.25304565429687,140.3406106149892,136.60295166015624,138.4110904069283,1.015908402954636,1.0363716645857073,1.079164540048533,1.0922002973625753,71.98421008285025,67.71016236350505,62.38574140772689,4.039717394720924,2.412130710690306,1.627586684030618,151.72918382157007,124.77690748702366,138.25304565429687,0.19494887947670136,0.9060784563678097,-0.5474247087763261,80700330.0,0.8656507352572165,0.024399674581834896,0.3043654247543075,0.03706272865704818,0.5237382763611267,0.007900950434887921,0.17896302818237708,-0.02007824280151338,-0.09269967883575836,1
2023-02-07,0.019244768724663297,0.019061930228865227,0.029679899896814427,0.02661971935132322,148.898876953125,148.980797276978,145.15343170166017,145.69286919498597,139.45760269165038,141.45760591635184,136.67335662841796,138.9466971078055,1.0212908545117494,1.0476435830456332,1.090432205517911,1.112645983318725,76.5819596033929,70.65597962784103,64.69201849360672,4.445003319851736,2.8187052325225923,1.6262980873291437,153.34512542155778,125.57007996174298,139.45760269165038,0.1991647993636259,0.9540571717836743,0.19273729821653252,82389080.0,1.0113306277967906,-0.01792889188508373,-0.5474247087763261,0.024399674581834896,0.3043654247543075,0.03706272865704818,0.5237382763611267,0.009021140299827035,0.029043056894211272,0
2023-02-08,-0.017652722788023878,-0.017810390362488077,0.022446048599324173,-0.012737241042849115,150.1752136230469,149.11540761661814,146.14264526367188,146.3640981224246,140.49942169189453,142.2125604286896,136.74828552246095,139.35602774263268,0.994735580472468,1.0221836892741154,1.0632401649558996,1.0924058588753711,64.95470150918628,64.71187926789582,61.01925730367311,4.4977369169925225,3.1545115694165786,1.343225347575944,154.0798526511228,126.91899073266626,140.49942169189453,0.19331653889663986,0.8271327187877707,-0.23045968320719712,82221160.0,0.7798491288617188,0.019244768724663297,0.19273729821653252,-0.01792889188508373,-0.5474247087763261,0.024399674581834896,0.3043654247543075,0.007900950434887921,0.17896302818237708,0
2023-02-09,-0.006911594410295874,-0.006935590108549267,0.025916376938120024,-0.018923160913050734,150.1850372314453,148.86098585574024,146.82211151123047,146.72556070634454,141.35391845703126,142.79728251490818,136.8790655517578,139.70881655013665,0.987795755614214,1.0104209836448026,1.0495085240886366,1.0838190758826323,60.811688662526954,62.532856580092805,59.65157634176628,4.405432599648236,3.40469577546291,1.000736824185326,154.6496043555107,128.05823255855182,141.35391845703126,0.1881190991181621,0.7631764893661287,-0.12652818694917822,82411360.0,0.6796041225384462,-0.017652722788023878,-0.23045968320719712,0.019244768724663297,0.19273729821653252,-0.01792889188508373,-0.5474247087763261,0.03706272865704818,0.5237382763611267,1
2023-02-10,0.0024562849977669554,0.0024532732605536144,0.014038773553438633,0.010370585597096225,149.54403076171874,148.8128363956888,147.34430847167968,147.08755648257025,142.23057022094727,143.36102108259178,137.07711486816407,140.06206050799742,0.9944665575622251,1.009313077770968,1.0456017805775726,1.0849114939325668,61.81454533112738,63.006311335558834,59.98395244836754,4.311978600493177,3.5861523404689635,0.7258262600242134,155.03116976289888,129.42997067899566,142.23057022094727,0.17999786574808205,0.7533462293458248,0.0257753034883077,81100850.0,0.7083859170403269,-0.006911594410295874,-0.12652818694917822,-0.017652722788023878,-0.23045968320719712,0.019244768724663297,0.19273729821653252,0.024399674581834896,0.3043654247543075,1
2023-02-13,0.018806546534080093,0.018631889832869494,0.0217094325991991,0.01921172052933392,150.00715026855468,149.71301824979514,148.4343017578125,147.89225202355888,143.1806900024414,144.13743640405997,137.19619201660157,140.5111319374096,1.0100410659542332,1.0207437240835286,1.0581970372920002,1.1043555927534328,68.93351263100531,66.50487606105278,62.475144942693305,4.412730399177491,3.7514679522106693,0.6612624469668216,155.77372358358798,130.5876564212948,143.1806900024414,0.17590407730165095,0.8308453003747066,0.08264999382078897,80919220.0,0.7686554566393498,0.0024562849977669554,0.0257753034883077,-0.006911594410295874,-0.12652818694917822,-0.017652722788023878,-0.23045968320719712,-0.01792889188508373,-0.5474247087763261,0
2023-02-14,-0.004224850978102657,-0.004233800877886535,0.018994802350371372,0.0070996704294048136,149.7679901123047,150.09976566587906,149.33343353271485,148.43425356437487,144.0407859802246,144.77894346063016,137.2969598388672,140.9174899201797,1.0073798839452501,1.010311334367027,1.0474343046056436,1.098882747841707,65.66468689722794,64.98996433707393,61.55424076510459,4.390315647503911,3.879237491269318,0.5110781562345932,156.2626933055423,131.81887865490688,144.0407859802246,0.1697006475234822,0.7795175227547663,-0.007900448560266282,80502530.0,0.7665299463259105,0.018806546534080093,0.08264999382078897,0.0024562849977669554,0.0257753034883077,-0.006911594410295874,-0.12652818694917822,0.019244768724663297,0.19273729821653252,1
2023-02-15,0.013903230602277716,0.013807467283854274,0.016867283115319535,0.01449938744597609,150.48524169921876,151.05680585407563,150.33022766113282,149.25909586730103,145.04165496826172,145.5591284863291,137.44951385498047,141.39017212842634,1.0165175302453788,1.0175657192197458,1.0546686485612848,1.112924170774911,70.93405163919472,67.59490278151074,63.410011646606634,4.49005411248271,4.001400815511997,0.48865329697071314,156.73489440183602,133.34841553468743,145.04165496826172,0.16123974090247423,0.8390519499429802,0.06265354672682144,79293550.0,0.8269752079456651,-0.004224850978102657,-0.007900448560266282,0.018806546534080093,0.08264999382078897,0.0024562849977669554,0.0257753034883077,-0.017652722788023878,-0.23045968320719712,0
2023-02-16,-0.010429222651145653,-0.010483988100527355,0.0193871289921051,0.0013029262861600625,151.0899169921875,151.16304350232647,150.6374771118164,149.64390003666958,145.95980682373047,146.1130704208528,137.59336639404296,141.78175435079507,1.0018902770768972,1.0048994559731235,1.0371041322467491,1.1001658202424929,62.43233998217449,63.71210924171975,61.05642962581496,4.389762298617484,4.079073112133095,0.3106891864843888,156.56373069098854,135.3558829564724,145.95980682373047,0.1452992313159742,0.7553635825234397,0.03956000719799668,74276440.0,0.9177593864218586,0.013903230602277716,0.06265354672682144,-0.004224850978102657,-0.007900448560266282,0.018806546534080093,0.08264999382078897,-0.006911594410295874,-0.12652818694917822,0
2023-02-17,-0.007546762043137534,-0.0075753829394601116,0.014093699465577278,0.0013127465719056698,151.3932342529297,150.85307026131662,150.46863250732423,149.75103162623816,146.69300842285156,146.50545645499034,137.78752838134767,142.11318060289318,0.9923371048953572,0.9984348317379976,1.024132815834281,1.090324542026069,56.750087716327144,61.00959044857366,59.398775662601544,4.170029083363119,4.0972643063791,0.07276477698401873,156.30298859189836,137.08302825380477,146.69300842285156,0.13102165225687426,0.684189524544901,-0.1323760890389758,64755120.0,0.9133501721562712,-0.010429222651145653,0.03956000719799668,0.013903230602277716,0.06265354672682144,-0.004224850978102657,-0.007900448560266282,0.0024562849977669554,0.0257753034883077,0
2023-02-21,-0.026679625313767108,-0.027041986155074967,0.01946389731147073,-0.011451406495672639,150.3355499267578,149.31036694992724,150.17135009765624,149.10992775367637,147.06650466918944,146.478742538053,137.94027069091797,142.27442686658947,0.9726572350876954,0.9737207545384557,0.994277797354782,1.0600599780958377,41.34640500282872,52.58209659698643,53.99797252903805,3.630612196786018,4.0039338844604835,-0.3733216876744656,155.96792319256386,138.16508614581502,147.06650466918944,0.1210529691094137,0.4527297621254873,-0.004681785672619898,63656010.0,0.9247704969255849,-0.007546762043137534,-0.1323760890389758,-0.010429222651145653,0.03956000719799668,0.013903230602277716,0.06265354672682144,0.018806546534080093,0.08264999382078897,1
2023-02-22,0.0028957531979290074,0.0028915685811026354,0.01873610380443984,0.00026874821142012427,149.490576171875,148.42304187449577,149.62928314208983,148.6623757482139,147.391357421875,146.49489960334634,138.06785217285156,142.445954900199,0.9809875343247428,0.9800781547845395,0.9949592315910654,1.062147266114048,43.245060263503845,53.31575349434718,54.45730433499875,3.2003956341242485,3.843226234393237,-0.6428306002689883,155.7150698436249,139.0676450001251,147.391357421875,0.112947089535584,0.45537053296670754,-0.13345122580995872,60424880.0,0.8442101995072229,-0.026679625313767108,-0.004681785672619898,-0.007546762043137534,-0.1323760890389758,-0.010429222651145653,0.03956000719799668,-0.004224850978102657,-0.007900448560266282,1
2023-02-23,0.0032905864048682343,0.003285184272968162,0.020749604895395554,-0.004597258033459281,148.3225891113281,147.992344892242,149.40391540527344,148.38393487176307,147.77328033447264,146.55547591995474,138.21472076416015,142.62968023461218,0.9919659022220862,0.9847864463834605,0.995653277742198,1.0645099893432355,45.58696263495985,54.18572239990558,54.99503746701899,2.865354381834692,3.6476518638815283,-0.7822974820468365,155.27233877459344,140.27422189435185,147.77328033447264,0.10149410533686862,0.45717266295047543,-0.051304318847000596,58852290.0,0.822299353177251,0.0028957531979290074,-0.13345122580995872,-0.026679625313767108,-0.004681785672619898,-0.007546762043137534,-0.1323760890389758,0.013903230602277716,0.06265354672682144,0
2023-02-24,-0.0180051095300805,-0.018169173828662472,0.010019774749040153,-0.0027190122685393165,146.94385375976563,146.82217727516655,149.01688537597656,147.6744634479908,147.91949844360352,146.3579869791034,138.26278533935547,142.70231403094172,0.9832452215199482,0.9695669163697872,0.9767599509276422,1.044979975532794,36.05770278497249,48.80844726973672,51.49062866481013,2.358879137575144,3.389897318620252,-1.0310181810451078,155.03215172088687,140.80684516632016,147.91949844360352,0.09616924546286452,0.2583421918254332,0.14620347066383999,58798540.0,0.9433839683774461,0.0032905864048682343,-0.051304318847000596,0.0028957531979290074,-0.13345122580995872,-0.026679625313767108,-0.004681785672619898,-0.010429222651145653,0.03956000719799668,1
2023-02-27,0.00824754070278666,0.008213715594338072,0.011627915373137284,0.0014216467776952447,146.03192138671875,146.43927215479854,148.71257781982422,147.31064498727656,148.02844314575196,146.29279411576616,138.31540954589843,142.81882963420136,0.9975453348195906,0.9795638274158368,0.984091022092486,1.0531976328040469,42.378708964913784,51.15649449392219,52.90794290029113,2.0302442308048683,3.117966701057175,-1.0877224702523067,154.93027585557948,141.12661043592445,148.02844314575196,0.09325008847160306,0.3293945006566004,-0.18877186783391264,57553320.0,0.7818575887542195,-0.0180051095300805,0.14620347066383999,0.0032905864048682343,-0.051304318847000596,0.0028957531979290074,-0.13345122580995872,-0.007546762043137534,-0.1323760890389758,0
2023-02-28,-0.003447836649049685,-0.0034537941353971597,0.015263550261876428,0.002448150988646068,145.8211700439453,146.01658264095946,148.07835998535157,146.92165564655014,148.25633087158204,146.18597597267237,138.40243408203125,142.91107959416527,0.995542715570941,0.9803674461794559,0.9791905867347204,1.0489064341689116,40.414139060383455,50.11313454422434,52.232543973789205,1.7095638641185076,2.836286133669442,-1.1267222695509345,154.42592564690855,142.08673609625552,148.25633087158204,0.08322875305298834,0.24997326642595327,0.12330411013700449,56388120.0,0.8964122230001639,0.00824754070278666,-0.18877186783391264,-0.0180051095300805,0.14620347066383999,0.0032905864048682343,-0.051304318847000596,-0.026679625313767108,-0.004681785672619898,0
2023-03-01,-0.014246043174541811,-0.014348492207137686,0.015277690854051248,-0.010352136848774856,145.112109375,145.04541788694172,147.3013427734375,146.2273706887967,148.31738815307617,145.89236763040893,138.58005706787108,142.91860935042965,0.9861553869987376,0.9714988722065586,0.9648436380986677,1.0326383998299262,33.05327687659124,45.956756437840525,49.50051013427197,1.2738584998514852,2.523800606905851,-1.2499421070543657,154.25317829218176,142.38159801397057,148.31738815307617,0.08004172960461454,0.06077458501964409,0.09757255623479133,55765260.0,0.9948666965777618,-0.003447836649049685,0.12330411013700449,0.00824754070278666,-0.18877186783391264,-0.0180051095300805,0.14620347066383999,0.0028957531979290074,-0.13345122580995872,1
2023-03-02,0.004129380649415371,0.004120878155793009,0.01925853434895465,0.010597026787322135,144.42472229003906,144.5949504256044,146.3736557006836,145.76676065500268,148.3519416809082,145.6830007611252,138.80863403320313,142.9490174348414,0.9949405699002007,0.9816931524670434,0.9686021893262624,1.035195083531749,36.88533108666939,47.30169969694369,50.28073199066733,0.9651164779136536,2.2120637811074118,-1.2469473031937581,154.17047091114773,142.53341245066866,148.3519416809082,0.0784422389665067,0.09973336957982808,-0.05841669821013351,54431690.0,0.9597001305673221,-0.014246043174541811,0.09757255623479133,-0.003447836649049685,0.12330411013700449,0.00824754070278666,-0.18877186783391264,0.0032905864048682343,-0.051304318847000596,1
2023-03-03,0.03508988034678495,0.03448826386164651,0.025028132224384617,0.020197282010037437,145.27559814453124,145.97537405489513,146.10972595214844,146.306662592907,148.37360153198242,145.97378367087293,139.18014099121095,143.1759666065526,1.0238210904869407,1.0179761842971926,1.0024439642749792,1.0686597976852823,59.794899418342965,57.10992969245391,56.326176979981476,1.1144533461494177,1.992541694115813,-0.8780883479663952,154.19446584852264,142.5527372154422,148.37360153198242,0.07846226358919403,0.5311482764220897,0.35403661312337165,54688130.0,1.2933757288830319,0.004129380649415371,-0.05841669821013351,-0.014246043174541811,0.09757255623479133,-0.003447836649049685,0.12330411013700449,-0.0180051095300805,0.14620347066383999,1
2023-03-06,0.018539479093112154,0.01836971792967947,0.018461914477578136,0.00026015050828071803,146.4396484375,147.8148204962322,146.23578491210938,147.24976273581595,148.3522087097168,146.49949126211422,139.6081741333008,143.50215275448804,1.0345129546221445,1.0359551423747408,1.0211759885242861,1.0851349809521675,67.35522883649074,61.3469116872437,59.17651659688687,1.4387257199735188,1.8817784992873543,-0.44305277931383547,154.1236933165674,142.58072410286618,148.3522087097168,0.07780786894981477,0.7721574155686539,0.2378785929483418,57529520.0,1.5219664617399902,0.03508988034678495,0.35403661312337165,0.004129380649415371,-0.05841669821013351,-0.014246043174541811,0.09757255623479133,0.00824754070278666,-0.18877186783391264,0
2023-03-07,-0.01449655187417942,-0.01460265353620301,0.019129246568131253,-0.013662920536255573,147.26492309570312,148.30907263225376,146.5430465698242,147.62209258463065,148.35719833374023,146.76597560898875,139.9303366088867,143.72942428977467,1.0138027017287259,1.0187967317382076,1.0063386110085553,1.0669421693852716,57.33708978827788,56.555083425981884,56.11398309108417,1.5011991633714388,1.805662632104171,-0.30446346873273233,154.13177013853473,142.58262652894572,148.35719833374023,0.0778468705212967,0.5814240953568081,-0.3583453253843166,57261000.0,0.9811564590209741,0.018539479093112154,0.2378785929483418,0.03508988034678495,0.35403661312337165,0.004129380649415371,-0.05841669821013351,-0.003447836649049685,0.12330411013700449,1
2023-03-08,0.008377139612316231,0.008342246114640677,0.010728065951668515,0.0003926284899699796,148.75395812988282,149.05546960477074,146.93303375244142,148.15412366920773,148.28115844726562,147.12619350811408,140.34083709716796,143.99682975095232,1.012062236477467,1.0246046086780891,1.0152892324707952,1.072733116488178,61.173941551002535,58.54117557431865,57.43132959751771,1.6328077854659284,1.7710916627765227,-0.13828387731059433,153.89605998890264,142.66625690562861,148.28115844726562,0.07573317608836838,0.70188289017425,-0.15978783240183692,56880350.0,0.8298964405106508,-0.01449655187417942,-0.3583453253843166,0.018539479093112154,0.2378785929483418,0.03508988034678495,0.35403661312337165,-0.014246043174541811,0.09757255623479133,0
2023-03-09,-0.01491435874186664,-0.015026696149854543,0.028620742834225624,-0.019340982468887165,149.67574157714844,148.8046239829331,147.05023193359375,148.18117986376228,148.2270736694336,147.23826391108014,140.7137078857422,144.16569653480744,0.9908281140054814,1.0085188631747943,1.0005117760740079,1.0539337991127202,51.477345570301296,53.78721081896237,54.35565950457996,1.5381977491092584,1.7245128800430698,-0.18631513093381136,153.81920960770395,142.63493773116323,148.2270736694336,0.07545363744738803,0.5067826560961322,0.1404263973155273,57424290.0,0.9374708855782109,0.008377139612316231,-0.15978783240183692,-0.01449655187417942,-0.3583453253843166,0.018539479093112154,0.2378785929483418,0.004129380649415371,-0.05841669821013351,0
2023-03-10,-0.013879152986244425,-0.013976368995444088,0.022424254754576864,-0.011384106500471334,149.17742004394532,147.9512872044424,147.22650909423828,147.82907691534385,148.12169723510743,147.14363055264022,141.0814015197754,144.247222696088,0.980340145340894,0.9933307156923157,0.9873274231750999,1.0365973974745482,44.01562669503025,49.7951375411516,51.69108310656709,1.2823473628846784,1.6360797766113915,-0.35373241372671305,153.77947671950088,142.463917750714,148.12169723510743,0.07639366264367178,0.3341148154656532,0.27378440230636625,58734570.0,1.1674964165056456,-0.01491435874186664,0.1404263973155273,0.008377139612316231,-0.15978783240183692,-0.01449655187417942,-0.3583453253843166,0.03508988034678495,0.35403661312337165,1
2023-03-13,0.013266192884249017,0.013178967532804507,0.03615340198892596,0.017996101116603592,148.5156219482422,148.02909910309182,147.4776351928711,147.893739821716,148.09510650634766,147.24278220480693,141.56636520385743,144.40163446880575,0.9977719579697354,1.0047945419425446,1.0006051273141772,1.0467509191678595,51.71255190905098,53.31250861238119,53.92639626033895,1.2220476860149745,1.5532733584921081,-0.33122567247713364,153.7464486381919,142.44376437450342,148.09510650634766,0.07632044387100687,0.5079287708965621,0.23164859331159482,62680430.0,1.3474237493265442,-0.013879152986244425,0.27378440230636625,-0.01491435874186664,0.1404263973155273,0.008377139612316231,-0.15978783240183692,0.018539479093112154,0.2378785929483418,1
2023-03-14,0.014089371353396496,0.013991038714501504,0.02162650155427853,0.00865942338157289,148.7106170654297,148.776916898806,147.9877700805664,148.32625121599207,148.03306503295897,147.5313317558,142.02287719726561,144.63186654807745,1.0105031870328227,1.0154389947792586,1.0151282921607871,1.0580869466650096,58.82054073416191,56.81859579792796,56.21562098714468,1.3274283886713647,1.5081043645279595,-0.18067597585659478,153.55878707657837,142.50734298933958,148.03306503295897,0.07465524060302495,0.7026420655614916,-0.12741616749805518,64995320.0,1.13386471518257,0.013266192884249017,0.23164859331159482,-0.013879152986244425,0.27378440230636625,-0.01491435874186664,0.1404263973155273,-0.01449655187417942,-0.3583453253843166,1
2023-03-15,0.002621173157253631,0.0026177438740830204,0.0217661396920694,0.011905569301484703,148.7342529296875,149.4067588895686,148.74410552978514,148.75174060782874,148.02272415161133,147.82991376678038,142.4809735107422,144.86851659996043,1.0129908874610052,1.0129237883710536,1.0178602220343858,1.0574495608688022,60.11286771631396,57.46754048295893,56.642368911156744,1.4262856830869737,1.4917406282397625,-0.06545494515278882,153.52788264885078,142.51756565437188,148.02272415161133,0.07438261292368631,0.7401128614923721,0.047112525934278615,67164210.0,1.1489437603747592,0.014089371353396496,-0.12741616749805518,0.013266192884249017,0.23164859331159482,-0.013879152986244425,0.27378440230636625,0.008377139612316231,-0.15978783240183692,1
2023-03-16,0.018694204905856493,0.018521615882532986,0.030927219348437462,0.024250804104870797,149.77027282714843,150.7655166685666,149.72300720214844,149.6119754475985,148.048331451416,148.36830600104534,143.0909797668457,145.20634074218012,1.0247896951065785,1.0251132080144334,1.0367089633626163,1.0726254895776781,68.38896272205871,61.87923441443264,59.598902663397425,1.7121692021327704,1.535826343018364,0.17634285911440628,153.64924909118375,142.44741381164826,148.048331451416,0.0756633672917247,0.9851616399926084,-0.013046875708682015,69556510.0,1.094952866381594,0.002621173157253631,0.047112525934278615,0.014089371353396496,-0.12741616749805518,0.013266192884249017,0.23164859331159482,-0.01491435874186664,0.1404263973155273,0
2023-03-17,-0.005454004627254649,-0.005468932011246428,0.0158710110572077,-0.006919540097287451,151.050537109375,151.39232279857566,150.11397857666014,150.16360446777944,148.1118522644043,148.7756992446214,143.65887451171875,145.4980895389022,1.010562014407559,1.0168668934495038,1.03061255885245,1.062558338824671,63.799034549191006,59.89092964464502,58.35709986421241,1.8498631344004082,1.598633701294773,0.2512294331056353,153.8883300397897,142.33537448901888,148.1118522644043,0.07800156013272243,0.8924608533516721,0.29914877805073714,72377740.0,1.3670584353697697,0.018694204905856493,-0.013046875708682015,0.002621173157253631,0.047112525934278615,0.014089371353396496,-0.12741616749805518,-0.013879152986244425,0.27378440230636625,1
2023-03-20,0.015483909920666283,0.015365257423034365,0.02331647757335997,0.015025385066205092,152.41549072265624,152.59804552131607,150.4655563354492,151.04467474032805,148.3506706237793,149.3693936943524,144.30039306640626,145.87108567332945,1.0170192690509445,1.030199168115375,1.0448856773954496,1.0742139205086043,70.35341125364663,63.46094455005266,60.77982005609379,2.1252077049579157,1.7039485020274014,0.4212592029305142,154.81248801675733,141.8888532308013,148.3506706237793,0.08711544566408246,1.0152436178600177,-0.255730984813724,70986080.0,1.0374062069633934,-0.005454004627254649,0.29914877805073714,0.018694204905856493,-0.013046875708682015,0.002621173157253631,0.047112525934278615,0.013266192884249017,0.23164859331159482,1
2023-03-21,0.011944045607401366,0.01187327843489824,0.017955805074524486,0.012458628043658923,153.73316650390626,154.01900747970552,151.22189178466797,152.10217595053828,148.8824691772461,150.08287347550782,144.88847595214844,146.30206001541396,1.0203454138342922,1.037289836446737,1.0535889971689,1.0826322132637383,74.562402226029,66.01288360806078,62.57086012159926,2.4644078705269408,1.8560403757273094,0.6083674947996314,156.24487530874708,141.5200630457451,148.8824691772461,0.09890225722594606,1.041837958728018,0.004031699560301583,72761710.0,1.0161704555871487,0.015483909920666283,-0.255730984813724,-0.005454004627254649,0.29914877805073714,0.018694204905856493,-0.013046875708682015,0.014089371353396496,-0.12741616749805518,0
2023-03-22,-0.009103468294572425,-0.009145158069309031,0.027434592794908782,-0.009227879425874882,154.68646850585938,154.49032261342347,151.71036071777343,152.7077717560512,149.32169723510742,150.59240484744606,145.4375765991211,146.66013424543144,1.0048257897553057,1.0245374946409302,1.040926775940202,1.0687262295994466,66.11605523534291,62.39338712683471,60.33935636729086,2.5881657497630783,2.002465450534463,0.5857002992286153,157.13302784099173,141.5103666292231,149.32169723510742,0.10462418724835877,0.8911789139451042,0.02385096763111938,75611410.0,1.0011954544955584,0.011944045607401366,0.004031699560301583,0.015483909920666283,-0.255730984813724,-0.005454004627254649,0.29914877805073714,0.002621173157253631,0.047112525934278615,1
2023-03-23,0.006969648122889582,0.006945472391305166,0.024350409326900496,0.0006295463298736482,155.293115234375,155.16563703199586,152.5316940307617,153.40022523115834,149.79096298217775,151.15658208760746,145.9969369506836,147.0466492110671,1.007876399626085,1.026122910806821,1.0448979214304341,1.0720517097013507,69.20369552060876,64.00577399992736,61.43492908047297,2.742050414899097,2.15038244340739,0.5916679714917072,158.12934017190958,141.45258579244592,149.79096298217775,0.1113335147024048,0.9032740864280314,-0.1067306193511911,76990260.0,0.8783201927100909,-0.009103468294572425,0.02385096763111938,0.011944045607401366,0.004031699560301583,0.015483909920666283,-0.255730984813724,0.018694204905856493,-0.013046875708682015,1
2023-03-24,0.008305378042301026,0.008271078174801586,0.015538160588923423,0.008749838753040105,156.32716674804686,156.0491555636483,153.68885192871093,154.2031283940301,150.45768051147462,151.7908307104023,146.52801666259765,147.4689842469842,1.0095250615096616,1.0268551729448578,1.0489075206427718,1.0770376629770957,72.68787093949993,65.89536601060333,62.732023221659105,2.935064746726937,2.3073189040712996,0.6277458426556373,159.11758779963031,141.79777322331893,150.45768051147462,0.11511419368844049,0.9248609061636762,-0.12459831918854936,76052670.0,0.7783618905161384,0.006969648122889582,-0.1067306193511911,-0.009103468294572425,0.02385096763111938,0.011944045607401366,0.004031699560301583,-0.005454004627254649,0.29914877805073714,0
2023-03-27,-0.012293377262792227,-0.012369565879228408,0.018322019065195684,-0.010378914822872494,156.50048828125,155.99146992003637,154.45798950195314,154.50730480108143,150.96781234741212,152.17990384586994,147.0218685913086,147.79867500721278,0.9960103022342307,1.0091811963591655,1.032512137581389,1.060223898161143,60.72536378977979,60.76795210517087,59.591136878449156,2.8980734374101758,2.4254698107390746,0.4726036266711011,159.6423243077052,142.29330038711905,150.96781234741212,0.11491869459340115,0.7829142612211322,-0.11497639218534883,72845990.0,0.7191926419010848,0.008305378042301026,-0.12459831918854936,0.006969648122889582,-0.1067306193511911,-0.009103468294572425,0.02385096763111938,0.015483909920666283,-0.255730984813724,0
2023-03-28,-0.00398022768546924,-0.0039881698731652065,0.01592140731241071,-0.0020257474314484625,156.17943725585937,155.746205369868,154.9563018798828,154.64337234079957,151.4720359802246,152.4728345528853,147.4767623901367,148.0911064292645,0.9940852585810335,1.0019319923489172,1.024979134035015,1.052746709063331,57.21248979573294,59.182026929541166,58.60586078054228,2.786572782186113,2.4976904050284823,0.28888237715763054,159.90928746997662,143.0347844904726,151.4720359802246,0.11140342090408738,0.7242223248828307,-0.12212375191590807,70075620.0,0.6563224128448667,-0.012293377262792227,-0.11497639218534883,0.008305378042301026,-0.12459831918854936,0.006969648122889582,-0.1067306193511911,0.011944045607401366,0.004031699560301583,1
2023-03-29,0.019790687535405915,0.019597397939454236,0.01057409282244685,0.00878464703625049,156.75850524902344,156.6069011954719,155.7224868774414,155.31335788732324,152.2332962036133,153.0304972475324,147.96990142822267,148.49256472014355,1.01001405056244,1.016733652419057,1.0400372112741636,1.0700033677016516,67.93120632399945,64.16935893433441,61.88307172051989,2.912567918496137,2.5806659077220133,0.33190201077412373,160.24971304928116,144.21687935794543,152.2332962036133,0.10531752311197201,0.8801571674981061,0.11553045951270002,67489400.0,0.760203824600604,-0.00398022768546924,-0.12212375191590807,-0.012293377262792227,-0.11497639218534883,0.008305378042301026,-0.12459831918854936,-0.009103468294572425,0.02385096763111938,1
2023-03-30,0.009890130329948343,0.009841543084457052,0.007390964176712825,0.0051383757650412115,157.43408813476563,157.70266089626512,156.3636016845703,156.14623468923747,153.04330444335938,153.6841813475628,148.50871490478517,148.93968689966152,1.015626172147547,1.0225792868368653,1.0447642964807236,1.0766653014293879,72.08847672084741,66.42110835686336,63.43226318695997,3.1030044981088736,2.6851336257993856,0.41787087230948794,160.71092804482407,145.37568084189468,153.04330444335938,0.10020201314069835,0.9467404903119858,-0.035161785142781454,64823460.0,0.7636386579796882,0.019790687535405915,0.11553045951270002,-0.00398022768546924,-0.12212375191590807,-0.012293377262792227,-0.11497639218534883,0.006969648122889582,-0.1067306193511911,1
2023-03-31,0.015644024974174053,0.015522918642781929,0.018738607957926052,0.015144000357704133,158.34996337890624,159.26696354672885,157.33856506347655,157.28247726349542,153.72627182006835,154.51383729995266,149.09637664794923,149.4673685446809,1.025548509026614,1.032140904438397,1.0563943750469342,1.0891986277514274,77.51967480059444,69.69718295611725,65.76601450500301,3.4163860388370892,2.8313841084069264,0.5850019304301628,162.135162996863,145.3173806432737,153.72627182006835,0.1094008340570046,1.0154839589024462,0.38883715104733785,61803980.0,1.1123846716667762,0.009890130329948343,-0.035161785142781454,0.019790687535405915,0.11553045951270002,-0.00398022768546924,-0.12212375191590807,0.008305378042301026,-0.12459831918854936,1
2023-04-03,0.007701764467775041,0.007672257287875813,0.012457074611778706,0.01156628627910065,159.90400390625,160.726742787663,158.20224609375,158.43953617368373,154.33390121459962,155.38359577324584,149.65792083740234,150.023405122126,1.0234033999891292,1.0344119967333152,1.0603393031708752,1.0934690282603001,79.81133273833629,71.20970420991796,66.87588752390286,3.722753239285538,3.009657934582649,0.7130953047028892,163.71031472488073,144.9574877043185,154.33390121459962,0.12150815130686432,0.9965864637220142,-0.17125286182650712,60137460.0,0.9474327648690184,0.015644024974174053,0.38883715104733785,0.009890130329948343,-0.035161785142781454,0.019790687535405915,0.11553045951270002,-0.012293377262792227,-0.11497639218534883,0
2023-04-04,-0.0032499670854000406,-0.003255259698751992,0.010444941595956936,-0.005822336045416553,161.47575988769532,161.5226472506946,158.82759857177734,159.2895216287881,155.02474517822264,156.11986819262793,150.1451092529297,150.53677967328807,1.010148249435099,1.0269906341437451,1.0521833529817122,1.0863787504525397,75.96936900048084,69.61841884106366,65.9216555063407,3.877933594181627,3.1833130665024445,0.6946205276791826,164.84079251737455,145.20869783907074,155.02474517822264,0.12663845798123374,0.9120656064009013,-0.18776085453224334,57371460.0,0.8066432334125714,0.007701764467775041,-0.17125286182650712,0.015644024974174053,0.38883715104733785,0.009890130329948343,-0.035161785142781454,-0.00398022768546924,-0.12212375191590807,0
2023-04-05,-0.011289848360162336,-0.011354062467315984,0.01984611693342683,-0.005948834245782486,162.06468505859374,161.4394044008537,159.4115951538086,159.65013927831242,155.56097793579102,156.61063490772736,150.56754089355468,150.95780473320508,0.9951145040812833,1.0116762117935485,1.0367183392723238,1.0711001703560097,63.60141954170039,64.26349478825418,62.67053881176168,3.808417394475896,3.3083339320971348,0.5000834623787611,165.51109150318197,145.61086436840006,155.56097793579102,0.12792557233084434,0.7870289231723111,0.11308539855612665,54952450.0,0.9373867771136682,-0.0032499670854000406,-0.18776085453224334,0.007701764467775041,-0.17125286182650712,0.015644024974174053,0.38883715104733785,0.019790687535405915,0.11553045951270002,1
2023-04-06,0.005495694936467066,0.005480648706204635,0.01797647666728624,0.01372905920632135,162.51769409179687,161.67934475519155,159.97589111328125,160.1063367665951,156.2537925720215,157.1390721035502,151.0208755493164,151.3970761344075,0.9977942793864205,1.013647896163553,1.037793853157988,1.073753710366442,66.65004920881242,65.63359231778264,63.57827115608428,3.78125490119524,3.402918125916756,0.3783367752784841,166.01372707982665,146.49385806421634,156.2537925720215,0.12492412948385294,0.8025344528246083,-0.11883902103793897,52729250.0,0.8608144435962962,-0.011289848360162336,0.11308539855612665,-0.0032499670854000406,-0.18776085453224334,0.007701764467775041,-0.17125286182650712,0.009890130329948343,-0.035161785142781454,0
2023-04-10,-0.015972309719893163,-0.016101241797257016,0.012034789624964994,0.0037789655387872466,161.9524139404297,160.97595253373447,160.15118865966798,160.00866973463602,156.92002029418944,157.37050981662355,151.38110931396486,151.71755032877667,0.9852842832556605,0.9963658055009226,1.0168821530335284,1.0540890393389402,51.84528215614184,58.56711106880555,59.16381810188654,3.51026825816885,3.424388152367175,0.08588010580167493,165.61728966467936,148.22275092369952,156.92002029418944,0.11084970998836877,0.6522976743493483,0.051262279660102106,51581290.0,0.9250815557346472,0.005495694936467066,-0.11883902103793897,-0.011289848360162336,0.11308539855612665,-0.0032499670854000406,-0.18776085453224334,0.015644024974174053,0.38883715104733785,0
2023-04-11,-0.007591279963471309,-0.007620240386762136,0.011505012863215845,-0.009547292845616024,160.89472045898438,160.10324630992454,160.39936218261718,159.70851775784848,157.42867584228514,157.464540678117,151.67837463378908,151.9779536046013,0.9842326299493065,0.9872722167187412,1.0059020887716186,1.0440369910650904,46.24088808706932,55.55454935084682,57.21304327967089,3.161323077931314,3.371775137480003,-0.21045205954868873,165.15913185057713,149.69821983399316,157.42867584228514,0.09820899485982451,0.5600972322346115,-0.001523569217614762,51106680.0,0.9322499524523996,-0.015972309719893163,0.051262279660102106,0.005495694936467066,-0.11883902103793897,-0.011289848360162336,0.11308539855612665,0.007701764467775041,-0.17125286182650712,0
2023-04-12,-0.004353188948423181,-0.004362691663537469,0.014241091145384951,-0.006946998565359522,159.80552368164064,159.29165496996274,160.64064178466796,159.33760040006493,157.7984718322754,157.4839627363953,152.01947509765625,152.20111120010867,0.986627174440735,0.9814980227817256,0.9991761672928334,1.0371596941033636,43.144371304177994,53.85673599825385,56.10757863928092,2.796914699297446,3.2568030498434917,-0.4598883505460458,164.79721700413327,150.79972666041752,157.7984718322754,0.08870485360969617,0.49071265355116334,0.05223930719793812,51520770.0,0.9730658140396582,-0.007591279963471309,-0.001523569217614762,-0.015972309719893163,0.051262279660102106,0.005495694936467066,-0.11883902103793897,-0.0032499670854000406,-0.18776085453224334,1
2023-04-13,0.03410348689015663,0.0335348551111982,0.02645569550254654,0.024314746996577985,160.16004333496093,160.5429423025663,161.11236419677735,160.01176704873922,158.41742553710938,158.01363456795514,152.44274658203125,152.6263820145269,1.018016189136374,1.011998785944417,1.0292145350486075,1.0695524754274661,64.67241560816788,63.28264015514709,62.10444000615983,2.9084739245255378,3.1871372247799012,-0.2786633002543635,164.9583083778165,151.87654269640225,158.41742553710938,0.08257782019282874,0.8537818627373335,0.3652776309464205,53234760.0,1.2857313529731327,-0.004353188948423181,0.05223930719793812,-0.007591279963471309,-0.001523569217614762,-0.015972309719893163,0.051262279660102106,-0.011289848360162336,0.11308539855612665,0
2023-04-14,-0.0021138285490106545,-0.002116065837964141,0.015132255301761672,0.0037669991480145486,160.26837158203125,161.2622504347838,161.39303283691407,160.5006942579173,158.8783172607422,158.4600376280755,152.83670501708986,153.02145984529912,1.015177636692605,1.0081034096659316,1.0240596042580385,1.0645405282783733,62.8916535591155,62.402730744956244,61.53858359509953,2.9352394052095576,3.1367576608658325,-0.2015182556562749,165.2605887828118,152.4960457386726,158.8783172607422,0.0803416304012759,0.7994662186698228,-0.2784561754152203,53223240.0,0.9279123180024366,0.03410348689015663,0.3652776309464205,-0.004353188948423181,0.05223930719793812,-0.007591279963471309,-0.001523569217614762,0.005495694936467066,-0.11883902103793897,1
2023-04-17,0.00012107554851636948,0.00012106821946371861,0.008230954702644764,0.0008480186125990309,160.89865112304688,161.74835555515534,161.42553253173827,160.90430726482296,159.3820487976074,158.8658022154872,153.12505584716797,153.40181694140108,1.011323368220522,1.0080224809783764,1.0209466312139737,1.0626645319124495,62.959664096321326,62.43488145066566,61.559603388348314,2.9243309273585396,3.094272314164374,-0.1699413868058346,165.28987962752637,153.47421796768845,159.3820487976074,0.07413420613536059,0.7825501520273576,-0.1593613639354885,50499880.0,0.8221049238136804,-0.0021138285490106545,-0.2784561754152203,0.03410348689015663,0.3652776309464205,-0.004353188948423181,0.05223930719793812,-0.015972309719893163,0.051262279660102106,1
2023-04-18,0.007504649966640242,0.007476630179554256,0.010572534106560097,0.0022275442720749703,162.0154296875,162.47947926496033,161.4550750732422,161.45656534114065,159.8286605834961,159.3492235934951,153.365458984375,153.81514673525083,1.0118895897803426,1.0154015078819918,1.0257342211719627,1.0689612104983353,67.29473001478684,64.46358716304697,62.88006637107729,2.9798732343794825,3.071392498207396,-0.09151926382791364,165.69712689553856,153.96019427145362,159.8286605834961,0.07343446776839785,0.8504379068031751,0.2024944479504387,49794560.0,1.0025793982314535,0.00012107554851636948,-0.1593613639354885,-0.0021138285490106545,-0.2784561754152203,0.03410348689015663,0.3652776309464205,-0.007591279963471309,-0.001523569217614762,1
2023-04-19,0.006968206226961149,0.006944040474302048,0.015629722004769784,0.01103740529174436,163.4985565185547,163.34768832507774,161.65204010009765,162.1161182691719,160.2398193359375,159.8954029127158,153.6831854248047,154.2570667238807,1.009697638685745,1.0212311972251613,1.0302314813474616,1.074184569957955,70.99911748637675,66.29725977597013,64.09166980113659,3.080560626955048,3.073226123956927,0.007334502998121106,166.36559681414786,154.11404185772716,160.2398193359375,0.07645761838220576,0.8954018185125334,-0.04412395088436194,49938750.0,0.9555745788591024,0.007504649966640242,0.2024944479504387,0.00012107554851636948,-0.1593613639354885,-0.0021138285490106545,-0.2784561754152203,-0.004353188948423181,0.05223930719793812,0
2023-04-20,-0.005846130013332118,-0.005863285526313794,0.013861371996380855,0.00337165133928052,163.7132537841797,163.60479331535132,161.9366485595703,162.48027918312215,160.67412185668945,160.297650568257,153.92418426513672,154.64380933454808,1.002478415780885,1.013476595667134,1.0214401759250415,1.066232730609772,63.86896867758627,63.32444716249159,62.28818893715219,3.047352371305095,3.0680513734265604,-0.02069900212146525,166.60363242756088,154.74461128581802,160.67412185668945,0.07380791010216511,0.7904861537925134,0.09924937447873217,50033220.0,1.0484314221631148,0.006968206226961149,-0.04412395088436194,0.007504649966640242,0.2024944479504387,0.00012107554851636948,-0.1593613639354885,0.03410348689015663,0.3652776309464205,0
2023-04-21,-0.00978113657470836,-0.009829286119832857,0.01187729611157938,-0.0001817557027700355,163.6758270263672,163.24110651361963,161.97209930419922,162.4863616789465,160.97399520874023,160.50870602939028,154.18676635742187,154.9524337884935,0.9929000260006401,1.0033439932450328,1.0095651331720965,1.0540057149485291,53.45221086667083,58.61630528673895,59.37046522987524,2.8585510875736873,3.0261513162559863,-0.16760022868229907,166.6325003102634,155.31549010721707,160.97399520874023,0.07030334426607966,0.6360551659661443,0.11211024774860645,51327940.0,1.1365603217273088,-0.005846130013332118,0.09924937447873217,0.006968206226961149,-0.04412395088436194,0.007504649966640242,0.2024944479504387,-0.0021138285490106545,-0.2784561754152203,1
2023-04-24,0.0018785972489554492,0.0018768348919710263,0.01034299095704728,0.0020000110973012156,163.69552001953124,163.10041459631935,162.29708557128907,162.54684696672325,161.22413711547853,160.7287369562787,154.47610412597658,155.2609277874435,0.9946456124290517,1.0032159862180667,1.0098923999518625,1.054007878324912,55.077855042038266,59.23703725721067,59.74699697718376,2.7024080176799714,2.9614026565407836,-0.2589946388608122,166.74273149259847,155.7055427383586,161.22413711547853,0.06845866228041507,0.644501800390752,-0.2809128979229413,50751210.0,0.8265733959840563,-0.00978113657470836,0.11211024774860645,-0.005846130013332118,0.09924937447873217,0.006968206226961149,-0.04412395088436194,0.00012107554851636948,-0.1593613639354885,0
2023-04-25,-0.00943553952632803,-0.009480336239533087,0.01575381183212524,-0.008596150783695298,163.16372375488282,162.4945248513223,162.5895767211914,162.31701031119684,161.4944694519043,160.7814996615215,154.7274282836914,155.49707749622328,0.9884718346071799,0.9919623915246164,0.9986889700229689,1.0423668715388819,45.70655455497437,54.78395162839314,56.957976170955554,2.4267243495818605,2.854466995148999,-0.4277426455671387,166.43845058795156,156.55048831585705,161.4944694519043,0.06122786932365699,0.4785876923121254,0.16125302744245484,50858200.0,0.9578416066632323,0.0018785972489554492,-0.2809128979229413,-0.00978113657470836,0.11211024774860645,-0.005846130013332118,0.09924937447873217,0.007504649966640242,0.2024944479504387,0
2023-04-26,-6.09281552979013e-05,-6.093001149335206e-05,0.015144087754811873,0.00429287966836045,162.4014862060547,162.08732280127217,162.95002136230468,162.12717547301048,161.79533157348632,160.82830147482153,154.92261901855468,155.72358107288792,0.9930507563000323,0.9897078708728493,0.9967711499013359,1.0409901389664515,45.64859419483787,54.755597587787264,56.940124559823275,2.1822940002665803,2.7200323961725155,-0.5377383959059352,165.8334234844419,157.75723966253074,161.79533157348632,0.04991604976094768,0.435314390579235,-0.06600347743261192,50394770.0,0.9028476566119857,-0.00943553952632803,0.16125302744245484,0.0018785972489554492,-0.2809128979229413,-0.00978113657470836,0.11211024774860645,0.006968206226961149,-0.04412395088436194,1
2023-04-27,0.02839491268103811,0.02799924956834398,0.020010658772675455,0.01949271247117551,162.74813537597657,163.34229824935073,163.23069458007814,162.80446159528273,162.17152938842773,161.30677268155355,155.2221987915039,156.12078374240244,1.0190731141856721,1.0160604264545574,1.0226964607842117,1.0684827971563675,67.8287128153898,64.08439255173377,62.665666686820245,2.3312220070432943,2.642270318346671,-0.31104831130337685,166.2492409559688,158.09381782088667,162.17152938842773,0.05028887108506281,0.9513217396712087,0.4264617967946407,50040440.0,1.2969969888354298,-6.09281552979013e-05,-0.06600347743261192,-0.00943553952632803,0.16125302744245484,0.0018785972489554492,-0.2809128979229413,-0.005846130013332118,0.09924937447873217,1
2023-04-28,0.0075412448629363915,0.007512951829988195,0.011610097275683759,0.0070626573910668455,163.66598510742188,164.59585935536143,163.67090606689453,163.5860106811191,162.5319694519043,161.85879257544207,155.5048406982422,156.5514581669115,1.0210000658212828,1.0209693682460923,1.0281237723931669,1.0745837931286453,71.53073149254459,66.13801325868934,64.03702571915048,2.5211103878066012,2.6180383322386573,-0.0969279444320561,166.99679238380395,158.06714652000466,162.5319694519043,0.054940858059569095,1.0118917575454311,-0.1483214000120181,50629380.0,1.0917751708592915,0.02839491268103811,0.4264617967946407,-6.09281552979013e-05,-0.06600347743261192,-0.00943553952632803,0.16125302744245484,-0.00978113657470836,0.11211024774860645,0
2023-05-01,-0.0005305325112788806,-0.000530673293446856,0.010672784938254925,0.0018312710351440467,164.50504455566406,165.40201557121753,164.10028228759765,164.20934110326647,162.76290740966797,162.3497959494885,155.81761688232422,156.96176678793182,1.015253534954161,1.017757712995429,1.0261203284023495,1.071857799808743,70.85647014412544,65.85059576083174,63.86243973730287,2.6340806537724006,2.6212467965454063,0.012833857226994372,167.6348578469051,157.89095697243084,162.76290740966797,0.05986561084184396,0.936316075874602,-0.05070926027436917,51725050.0,1.0144581783874544,0.0075412448629363915,-0.1483214000120181,0.02839491268103811,0.4264617967946407,-6.09281552979013e-05,-0.06600347743261192,0.0018785972489554492,-0.2809128979229413,0
2023-05-02,-0.006191339214802527,-0.006210585034827382,0.016672676689930898,-0.009112840761538177,165.44455261230468,165.59477226232212,164.30413818359375,164.53133101986003,162.87960662841797,162.6955568728259,156.13256011962892,157.315434194073,1.0032381424698944,1.0102014926676075,1.0190366312904164,1.063072849874216,62.80099699684896,62.44207311310709,61.79900320969347,2.61008439875917,2.6190143169881592,-0.008929918228989031,167.93882137293843,157.8203918838975,162.87960662841797,0.06212213854447961,0.8064387629988984,-0.07712933723884141,51575320.0,0.938931644049906,-0.0005305325112788806,-0.05070926027436917,0.0075412448629363915,-0.1483214000120181,0.02839491268103811,0.4264617967946407,-0.00943553952632803,0.16125302744245484,0
2023-05-03,-0.0064671854780852245,-0.006488188323926498,0.022454431623537944,-0.012094413284706838,166.1713409423828,165.36546829206893,164.28641357421876,164.59960908016956,162.9692268371582,162.90615720413416,156.50619812011718,157.61313718064122,0.9923905013725637,1.0037766164824302,1.011889566834237,1.0536762270910056,55.20061006006595,59.0264397818236,59.696590703122226,2.4759099944093066,2.5903934524723886,-0.11448345806308202,168.10483268004023,157.83362099427617,162.9692268371582,0.06302546735419712,0.6886470237089812,0.34507090243403815,53316900.0,1.2216764290497009,-0.006191339214802527,-0.07712933723884141,-0.0005305325112788806,-0.05070926027436917,0.0075412448629363915,-0.1483214000120181,-6.09281552979013e-05,-0.06600347743261192,0
2023-05-04,-0.009913451381543092,-0.009962916827729651,0.016466589288217315,0.0054581472485642785,165.65530395507812,164.66766693104074,164.20171966552735,164.3582372854086,163.06918411254884,162.94100549031037,156.8386715698242,157.83505588763506,0.9856132602506948,0.9943383330062764,1.0012441351046162,1.0410191732355756,45.43131842711587,54.166805197151724,56.61651982618024,2.2121610110302754,2.514746964183966,-0.30258595315369075,168.14632222197056,157.99204600312711,163.06918411254884,0.062269743201971636,0.5199797693171915,0.2471659297469908,56194800.0,1.4456035077978746,-0.0064671854780852245,0.34507090243403815,-0.006191339214802527,-0.07712933723884141,-0.0005305325112788806,-0.05070926027436917,0.02839491268103811,0.4264617967946407,1
2023-05-05,0.046926795186406745,0.04585901080635303,0.0203952779601451,0.015148038726161581,166.4214874267578,166.7564109292876,165.04373626708986,165.55381212911269,163.50791778564454,163.7022334365457,157.31473052978515,158.34873600677804,1.0271143562576879,1.0356884956188785,1.0454166455099259,1.0865727471936744,72.26760869806054,67.62136337367042,65.40127641133878,2.5915107477737536,2.530099720901924,0.061411026871829755,169.60812477465265,157.40771079663642,163.50791778564454,0.07461665553108393,1.10866632505401,0.39659803484687717,61706390.0,1.8385972668308743,-0.009913451381543092,0.2471659297469908,-0.0064671854780852245,0.34507090243403815,-0.006191339214802527,-0.07712933723884141,0.0075412448629363915,-0.1483214000120181,0
2023-05-08,-0.0004033984376813349,-0.00040347982471943537,0.010028850104692047,0.005913754045264521,167.19161071777344,168.12592210552768,165.84832763671875,166.51947255254814,164.0727066040039,164.38439639097066,157.842392578125,158.83956771074781,1.0219708017912161,1.0302482207253707,1.041397731497154,1.0825035129484446,71.89636220684557,67.4295169649838,65.27637128032865,2.8536885526617652,2.5948174872538923,0.25887106540787297,170.6802022060642,157.46521100194363,164.0727066040039,0.08054350706857953,1.013979748385002,-0.5067322913765324,63107710.0,0.8867822964896048,0.046926795186406745,0.39659803484687717,-0.009913451381543092,0.2471659297469908,-0.0064671854780852245,0.34507090243403815,-0.0005305325112788806,-0.05070926027436917,0
2023-05-09,-0.009971061292815886,-0.010021105263361613,0.01129409753952146,-0.007396698969800179,167.8278015136719,168.47102794502626,166.63617706298828,166.9997938382709,164.61287689208984,164.83933384173758,158.3121481323242,159.24433915832728,1.00794527544498,1.0151531474469717,1.0276306618158142,1.0685297472094881,62.6231105921903,62.696584961990894,62.19481922336845,2.890669768564919,2.653987943516098,0.23668182504882118,171.02681031387755,158.19894347030214,164.61287689208984,0.07792748104381028,0.8545689074728394,-0.19005303523054595,62768990.0,0.7221225002983162,-0.0004033984376813349,-0.5067322913765324,0.046926795186406745,0.39659803484687717,-0.009913451381543092,0.2471659297469908,-0.006191339214802527,-0.07712933723884141,1
2023-05-10,0.010420839478011867,0.010366916819690552,0.012272441304301154,0.0031209875898654343,169.03123779296874,169.2886992126998,167.60128936767578,167.71329345823014,165.27565536499023,165.41882983281465,158.82720489501952,159.7023667108653,1.0111979535841562,1.019825339010858,1.034175549754033,1.0761635065039583,67.65858249654246,65.40252699289627,64.03916271808367,3.0273239417038553,2.7286551431536497,0.29866879855020567,171.415903734151,159.13540699582947,165.27565536499023,0.07430311930212351,0.959947712492016,0.18526746810392947,63591560.0,0.8448369563508114,-0.009971061292815886,-0.19005303523054595,-0.0004033984376813349,-0.5067322913765324,0.046926795186406745,0.39659803484687717,-0.0064671854780852245,0.34507090243403815,1
2023-05-11,0.0010946574254322439,0.0010940587248675633,0.013928047015512604,-0.000575243600831863,170.59905395507812,169.8961811483103,168.12717895507814,168.33108465119398,165.67893676757814,165.96095508869243,159.38736602783203,160.14976978179337,1.003001722767982,1.0177482670142846,1.0327875610378503,1.0735552590137667,68.18926567524994,65.68703249821982,64.23362373177753,3.1148153760284742,2.805887189728615,0.3089281862998594,172.22630195701052,159.13157157814575,165.67893676757814,0.07903678424273475,0.9148392593650373,-0.07835903544937595,62052800.0,0.7979446535853337,0.010420839478011867,0.18526746810392947,-0.009971061292815886,-0.19005303523054595,-0.0004033984376813349,-0.5067322913765324,-0.009913451381543092,0.2471659297469908,0
2023-05-12,-0.005417275284155254,-0.005432001929515032,0.01773191996709328,-0.006047620219434175,170.44911193847656,169.99218371313134,168.4352996826172,168.6680126860266,166.05310287475587,166.36316782717634,159.9171694946289,160.54327641163573,0.9984457349604805,1.0103831510583094,1.024878101622307,1.0642021077573498,62.28228661995458,62.926198488585214,62.476168548634796,3.0739211024841495,2.8594939722797217,0.21442713020442783,172.73095199004348,159.37525375946825,166.05310287475587,0.08043028404382573,0.809312616734651,-0.08041248356548658,61078520.0,0.7454846646578863,0.0010946574254322439,-0.07835903544937595,0.010420839478011867,0.18526746810392947,-0.009971061292815886,-0.19005303523054595,0.046926795186406745,0.39659803484687717,0
2023-05-15,-0.002897646063803605,-0.0029018523677109107,0.010112195147905675,-0.0062947350129279505,170.2143341064453,169.89180757470476,168.70297241210938,168.85402043363115,166.40162734985353,166.68010949105016,160.3362661743164,160.90201283854614,0.9969257653220527,1.005856938212852,1.0197680034768057,1.0583448108574807,59.10451829058519,61.44658450156447,61.53570139321976,2.9675127010811764,2.881097718040013,0.08641498304116357,173.07497511973102,159.72827957997603,166.40162734985353,0.08020772243827902,0.7464601022927373,-0.18154705038752028,59557900.0,0.6257221963836871,-0.005417275284155254,-0.08041248356548658,0.0010946574254322439,-0.07835903544937595,0.010420839478011867,0.18526746810392947,-0.0004033984376813349,-0.5067322913765324,0
2023-05-16,0.0,0.0,0.007787506717343016,0.0004651539537154581,170.32029724121094,169.82489014908703,169.0740493774414,169.00620859076213,166.68909378051757,166.96686623455506,160.70021301269531,161.2466811702836,0.9963055375457205,1.0036493236110573,1.0180093457181232,1.055947917657371,59.10451829058519,61.44658450156447,61.53570139321976,2.8503264868642475,2.8749434718048597,-0.024616984940612152,173.408979765495,159.96920779554014,166.68909378051757,0.08062778232900605,0.7233640216549062,0.12997126120638525,58926360.0,0.714625848262136,-0.002897646063803605,-0.18154705038752028,-0.005417275284155254,-0.08041248356548658,0.0010946574254322439,-0.07835903544937595,-0.009971061292815886,-0.19005303523054595,1
2023-05-17,0.003603134394215335,0.0035966586561253402,0.014534683371074534,0.005707272082122227,170.19598388671875,169.98408509125335,169.61361083984374,169.2418933880028,166.95001220703125,167.2845432575104,161.12031097412108,161.601810339119,1.0006256968374652,1.00406137297786,1.0200806380558833,1.0569894878302444,62.346643787297104,62.707490677189725,62.311224490248996,2.7748057920478857,2.854915935853465,-0.08011014380557935,173.80425628007532,160.09576813398718,166.95001220703125,0.08211133359540299,0.7445537927179334,0.3761858737648509,58207920.0,0.9955964755311648,0.0,0.12997126120638525,-0.002897646063803605,-0.18154705038752028,-0.005417275284155254,-0.08041248356548658,0.010420839478011867,0.18526746810392947,1
2023-05-18,0.013666139142543887,0.013573599615154688,0.015195679038765173,0.011849728622877606,170.49972534179688,170.8660074924762,170.5493896484375,169.85788591653352,167.37555465698242,167.79362030869245,161.56194274902344,162.0342825726799,1.0124934333404632,1.0121985933269708,1.031392264233015,1.0685056725462367,72.15132046203362,67.11622251069848,65.12187432551201,2.8696751672578955,2.8578677821343517,0.011807385123543845,174.5243664953117,160.22674281865312,167.37555465698242,0.08542241252589113,0.8674944701836921,0.13019657783391647,56634050.0,1.1564897795584106,0.003603134394215335,0.3761858737648509,0.0,0.12997126120638525,-0.002897646063803605,-0.18154705038752028,0.0010946574254322439,-0.07835903544937595,1
2023-05-19,0.000628454399932199,0.0006282570051638792,0.008278128099604782,-0.006973160223341061,171.01055603027345,171.49011909003622,170.729833984375,170.3816052562831,167.88678512573242,168.2645462112128,162.05065093994142,162.454049620228,1.0101033894923828,1.0117642491292123,1.028897790590191,1.0659527825604098,72.54018368698269,67.31022689210076,65.24872059067889,2.9199546465749506,2.8702851550224717,0.049669491552478906,175.03412871762166,160.73944153384318,167.88678512573242,0.0851448026303739,0.8393958256693683,-0.14790363483961788,50869680.0,1.0971073535355442,0.013666139142543887,0.13019657783391647,0.003603134394215335,0.3761858737648509,0.0,0.12997126120638525,-0.005417275284155254,-0.08041248356548658,0
2023-05-22,-0.005480549583148586,-0.0054956228935919066,0.007233121628580522,0.001264520209827208,171.43067321777343,171.590626471808,170.82250366210937,170.63797543429553,168.33541564941407,168.60046002303554,162.56159149169923,162.8202296835662,1.0021056209533727,1.0056733600811705,1.0205317792016841,1.056778785560325,63.511678813487784,63.774453255302234,63.144587696491946,2.850551252932121,2.8663383746044016,-0.01578712167228069,175.27750441447427,161.39332688435388,168.33541564941407,0.08247924227089827,0.7489326845929145,-0.2192924143738969,49630490.0,0.8779059001835364,0.000628454399932199,-0.14790363483961788,0.013666139142543887,0.13019657783391647,0.003603134394215335,0.3761858737648509,-0.002897646063803605,-0.18154705038752028,0
2023-05-23,-0.015155077431463826,-0.015271089221585677,0.012240651278853076,-0.009068372205507994,171.33008728027343,170.78979285132255,170.8251922607422,170.37436637539662,168.73068466186524,168.6564281742085,162.98165954589842,163.06995109245975,0.9874980413310717,0.9904167141349276,1.002711071488882,1.0380807636990914,45.387224763915995,55.18857728613059,57.76552598914456,2.556002604033239,2.804271220490169,-0.24826861645693032,174.8760111194397,162.58535820429077,168.73068466186524,0.07284183632502468,0.5372186043853293,0.16470626037102742,50172530.0,1.0114558703736884,-0.005480549583148586,-0.2192924143738969,0.000628454399932199,-0.14790363483961788,0.013666139142543887,0.13019657783391647,0.0,0.12997126120638525,1
2023-05-24,0.0016320474376017025,0.001630717095440067,0.011056761737519967,0.004383657817835148,171.16244201660157,170.34794478662388,170.67921295166016,170.20889042663842,169.14025115966797,168.73336345830546,163.3654934692383,163.3207078597055,0.9900784696726266,0.9928815918856053,1.0019155552586518,1.0373319668583296,47.24984509161787,55.86719708945327,58.162414724461435,2.318129545483856,2.7070428854889066,-0.3889133400050504,174.2469161190948,164.03358620024113,169.14025115966797,0.060383793028735165,0.5317230031863064,-0.11042557929190322,49314430.0,0.91542171327946,-0.015155077431463826,0.16470626037102742,-0.005480549583148586,-0.2192924143738969,0.000628454399932199,-0.14790363483961788,0.003603134394215335,0.3761858737648509,1
2023-05-25,0.006692413089166349,0.0066701183080008185,0.012775255129785161,0.003364084558523609,170.7561462402344,170.43142099544457,170.62793579101563,170.2797055150834,169.37755737304687,168.91098345399885,163.76413208007813,163.60610650885766,0.9990760342709627,0.9998267436232371,1.0072076611504692,1.0417322233275474,54.65984284095544,58.63785977554208,59.79194423174157,2.1958158243472496,2.604797473260575,-0.40898164891332556,174.2883416998488,164.46677304624495,169.37755737304687,0.05798624567463945,0.6242994966584196,0.24178010123273563,49968790.0,1.121866268925063,0.0016320474376017025,-0.11042557929190322,-0.015155077431463826,0.16470626037102742,-0.005480549583148586,-0.2192924143738969,0.013666139142543887,0.13019657783391647,1
2023-05-26,0.014104496868832639,0.014005953970556076,0.015162764482498895,0.01217392835447715,170.80939331054688,171.2891398758693,170.90997467041015,170.77513680992618,169.67263717651366,169.30084956663885,164.15456298828124,163.9746740040679,1.0128516604598017,1.0122555922809533,1.0196374649186293,1.0539126935452248,66.3575430320769,63.82666149639152,63.00215128163253,2.266910358967664,2.5372200504019933,-0.2703096914343295,174.70888881063425,164.63638554239307,169.67263717651366,0.05936433496794514,0.8307956693060374,-0.021821924674847448,50898980.0,1.077330036869108,0.006692413089166349,0.24178010123273563,0.0016320474376017025,-0.11042557929190322,-0.015155077431463826,0.16470626037102742,0.000628454399932199,-0.14790363483961788,1
2023-05-30,0.010659790221015486,0.010603375217842203,0.013649171614728417,0.0019213173880604187,171.4208190917969,172.47568329778005,171.42574615478514,171.5157974156853,170.06435928344726,169.8292229547305,164.59861968994142,164.4011091467163,1.0199972854403934,1.0199679690104757,1.0281329426007486,1.0622736112305717,72.66385312367187,67.22073848360375,65.2358019512304,2.4438925405102623,2.518554548423647,-0.07466200791338462,175.4211488675099,164.7075696993846,170.06435928344726,0.06299720419531833,0.9465744624717691,0.020596334457919196,52768750.0,1.0605595167594457,0.014104496868832639,-0.021821924674847448,0.006692413089166349,0.24178010123273563,0.0016320474376017025,-0.11042557929190322,-0.005480549583148586,-0.2192924143738969,0
2023-05-31,-0.0002820517765727004,-0.0002820915606559911,0.014612195185781003,-0.0004511466205864859,172.54308471679687,173.25027344363724,171.93658599853515,172.11282583744278,170.50531768798828,170.3025782671706,164.9944189453125,164.80888736587846,1.0130771338779423,1.016650718753022,1.0251847631827016,1.059426463347763,72.2413736918372,67.0395901682438,65.12540332366511,2.5507690943198895,2.5249974576028955,0.025771636716994006,175.8965800434904,165.11405533248617,170.50531768798828,0.06323864180433018,0.8982495901892863,0.7801548841763692,58520250.0,1.702407286366685,0.010659790221015486,0.020596334457919196,0.014104496868832639,-0.021821924674847448,0.006692413089166349,0.24178010123273563,-0.015155077431463826,0.16470626037102742,1
2023-06-01,0.01602238963684055,0.01589538595761246,0.01771337945624189,0.013449631011218207,174.1702667236328,174.7002351928936,172.66635437011718,173.1105227199816,171.13998260498047,170.9975859266216,165.40920349121095,165.3105058492325,1.0196927525707695,1.028574207982137,1.0377479066439836,1.0737017949599346,79.96086709993152,71.7032623030279,68.32208569443658,2.8288537515560677,2.58576871639353,0.24308503516253754,176.73044952837887,165.54951568158208,171.13998260498047,0.06533209643128365,1.077785020012129,-0.30839053935094796,59615270.0,1.1557743511016556,-0.0002820517765727004,0.7801548841763692,0.010659790221015486,0.020596334457919196,0.014104496868832639,-0.021821924674847448,0.0016320474376017025,-0.11042557929190322,1
2023-06-02,0.004775412476660801,0.004764046365382689,0.01392652287903467,-0.00044192582220709177,175.74024658203126,175.94958103028844,173.24819641113282,174.08102271727188,171.89879302978517,171.70717514361746,165.8695098876953,165.825712392599,1.0154092541447688,1.0300151828513415,1.038100789190289,1.0758352926098322,81.75354776288131,72.95137050117859,69.21919717323613,3.082144515420822,2.6850438761989883,0.3971006392218337,177.11909381026413,166.6784922493062,171.89879302978517,0.06073691023036369,1.127308650469374,-0.100213637379575,59265290.0,1.0460912281033299,0.01602238963684055,-0.30839053935094796,-0.0002820517765727004,0.7801548841763692,0.010659790221015486,0.020596334457919196,0.006692413089166349,0.24178010123273563,0
2023-06-05,-0.007570895269054079,-0.007599699973672884,0.03847869245825125,-0.01670044883213404,176.55878295898438,176.33214052735377,173.68408813476563,174.62942940894686,172.20696105957032,172.2205165129381,166.28112976074217,166.26773384863372,1.0030498429671726,1.0196516066806902,1.0283977978115668,1.0650472472511179,70.09917160064029,67.81966705327851,66.08871119036311,3.137694409610333,2.775573982881258,0.3621204267290752,177.87178910171053,166.5421330174301,172.20696105957032,0.06579092978919268,0.9316369734028559,0.966977381127121,65878990.0,1.8510681478267959,0.004775412476660801,-0.100213637379575,0.01602238963684055,-0.30839053935094796,-0.0002820517765727004,0.7801548841763692,0.014104496868832639,-0.021821924674847448,0
2023-06-06,-0.0020604422825434288,-0.002062567914072558,0.015010336145465266,-0.00422289549192115,176.9355010986328,176.46554729818376,174.17816009521485,175.0117805782008,172.5003318786621,172.65021597264342,166.659453125,166.6781113777008,0.9988518965525419,1.0146642997218058,1.0245334540234883,1.060440062210505,67.08566830590598,66.45983662143337,65.25179936550563,3.1163504784927056,2.843729282003548,0.27262119648915784,178.45698009049448,166.54368366682974,172.5003318786621,0.06906245509164956,0.8552357643661981,-0.46822254021230625,68006740.0,0.9535584267088821,-0.007570895269054079,0.966977381127121,0.004775412476660801,-0.100213637379575,0.01602238963684055,-0.30839053935094796,0.010659790221015486,0.020596334457919196,0
2023-06-07,-0.007756296400413976,-0.007786532917744066,0.0218760501036073,-0.0034745298627256224,177.0479248046875,176.0975556206642,174.79550476074218,175.07537906682336,172.8103485107422,172.90844038149882,167.04916259765625,167.0186392556586,0.9904751634851251,1.0032384557352185,1.0147631422358032,1.049760259427277,56.449939872236506,61.4733054986885,62.14750021138826,2.9547634042777986,2.865936106458398,0.08882729781940046,178.68441427171734,166.93628274976703,172.8103485107422,0.06798280093289684,0.7171599585956356,-0.04477828288747299,69126470.0,0.8961053558788695,-0.0020604422825434288,-0.46822254021230625,-0.007570895269054079,0.966977381127121,0.004775412476660801,-0.100213637379575,-0.0002820517765727004,0.7801548841763692,1
2023-06-08,0.015465134814926174,0.015346768425696582,0.018718444298197242,0.015008507697240252,177.14260559082032,176.7562246211329,175.65643615722655,175.62050334959554,173.16782455444337,173.40035678536276,167.50552032470702,167.45216566218454,1.0052554100587208,1.0137605345851388,1.0283293855555977,1.0630907105442096,68.11699384398511,66.78334243891905,65.55191966704867,3.0108324383355125,2.8949153728338213,0.11591706550169123,179.39856656424595,166.9370825446408,173.16782455444337,0.07196189044742153,0.8936720586335413,-0.1893579101326024,69633610.0,0.7211302128383118,-0.007756296400413976,-0.04477828288747299,-0.0020604422825434288,-0.46822254021230625,-0.007570895269054079,0.966977381127121,0.01602238963684055,-0.30839053935094796,1
2023-06-09,0.002159683413238911,0.0021573546493419645,0.008841682058823417,-0.0029751696205665315,177.144580078125,177.32353146128912,176.44241333007812,176.13643822086934,173.53517456054686,173.88205091452835,167.90811737060548,167.88377270059306,1.0074152145264466,1.0114243042445386,1.028368718869367,1.0628321485357979,69.47014221269569,67.46809145777561,66.00714543037338,3.051128635370816,2.9261580253412203,0.12497061002959553,180.09519545425584,166.97515366683788,173.53517456054686,0.07560450969460572,0.8752252211403623,-0.026185454914776307,68917780.0,0.7095411372798137,0.015465134814926174,-0.1893579101326024,-0.007756296400413976,-0.04477828288747299,-0.0020604422825434288,-0.46822254021230625,0.004775412476660801,-0.100213637379575,1
2023-06-12,0.01563875403330517,0.01551772887706012,0.01588768853372399,0.01390185333633107,177.9749298095703,178.63202370042973,177.26685638427733,177.06599639502235,174.08841552734376,174.58366589206955,168.33521392822266,168.40789958208788,1.0183962897057683,1.0224641643432832,1.0411319307472384,1.0767147523630716,77.5403526755459,71.98194209970919,69.11686658274638,3.270561982044029,2.9950388166817823,0.27552316536224675,181.26228454051432,166.9145465141732,174.08841552734376,0.08241638585128915,0.9990746721344504,0.10991615541922295,68861770.0,0.7881717243108912,0.002159683413238911,-0.026185454914776307,0.015465134814926174,-0.1893579101326024,-0.007756296400413976,-0.04477828288747299,-0.007570895269054079,0.966977381127121,0
2023-06-13,-0.002611561300468468,-0.0026149773755039284,0.009328413495458845,0.002789904257778086,178.7835906982422,179.34657089468755,177.8595458984375,177.74048164741885,174.64264602661132,175.17338011979655,168.7028158569336,168.89291000173947,1.011142379326765,1.0163956304399362,1.0351175351274584,1.0715628210764885,73.68618773370274,70.20278616700074,68.00890115866632,3.367451786410811,3.0695214106275883,0.2979303757832228,182.0798644108407,167.20542764238192,174.64264602661132,0.08517070204142628,0.9123194277578873,0.012053453806455616,68758240.0,0.7988729787149874,0.01563875403330517,0.10991615541922295,0.002159683413238911,-0.026185454914776307,0.015465134814926174,-0.1893579101326024,-0.0020604422825434288,-0.46822254021230625,1
2023-06-14,0.0034913398935825235,0.0034852593152566516,0.012883909521642208,0.003163013832683117,179.99263916015624,180.03331878819014,178.52028198242186,178.40708763428728,175.22843399047852,175.76704054412022,169.0580261230469,169.38365135756126,1.0078568513781319,1.016169213720252,1.0352590070230983,1.0730446742774609,75.57480352426727,71.22410243980943,68.71112828934645,3.4553351745333316,3.1466841634087372,0.30865101112459437,182.8564594376028,167.60040854335423,175.22843399047852,0.08706378609237328,0.9049790229164743,0.04612855480974565,64542000.0,0.8903179325090639,-0.002611561300468468,0.012053453806455616,0.01563875403330517,0.10991615541922295,0.002159683413238911,-0.026185454914776307,-0.007756296400413976,-0.04477828288747299,1
2023-06-15,0.011198722952940887,0.011136481507107915,0.014730420805766815,0.011143660133462227,181.0655944824219,181.16832560325958,179.1041000366211,179.32186065230746,175.88522720336914,176.49764041928955,169.4645037841797,169.93481558798624,1.01310433800391,1.0241995531977834,1.0429434134414024,1.0824587753610928,80.760343125961,74.27994621920303,70.87204366433946,3.646871588964217,3.2467216485198334,0.40014994044438357,183.9529875679464,167.8174668387919,175.88522720336914,0.0917389196677538,0.9681046342918415,0.1387034068938393,64195140.0,1.019285883635428,0.0034913398935825235,0.04612855480974565,-0.002611561300468468,0.012053453806455616,0.01563875403330517,0.10991615541922295,0.015465134814926174,-0.1893579101326024,0
2023-06-16,-0.005859930468069874,-0.005877167231089616,0.014709070125655576,-0.00969312697481525,181.84664611816407,181.56668484227723,179.49561309814453,179.87486841012654,176.37190475463868,177.05628450510127,169.8863134765625,170.42221118533237,1.0028417197302206,1.0159769376681085,1.0339708219061814,1.073443761233134,71.4024845471491,70.0415350688059,68.25313568334212,3.6696260677283874,3.331302532361544,0.33832353536684323,184.76328111052467,167.98052839875268,176.37190475463868,0.09515547691747994,0.8570033276764653,0.5474743708087026,68121070.0,1.4864152897187317,0.011198722952940887,0.1387034068938393,0.0034913398935825235,0.04612855480974565,-0.002611561300468468,0.012053453806455616,0.002159683413238911,-0.026185454914776307,1
2023-06-20,0.000486638851719734,0.0004865204814345619,0.0091346548380327,0.0032535699409556662,182.08727416992187,181.86183937401816,180.0311019897461,180.3434647787399,176.85759506225585,177.5701763081869,170.29217193603515,170.89397343051544,1.0020038427684828,1.013447934390202,1.0316330965219491,1.071406550067565,71.71812683067645,70.19275184117247,68.35450543065248,3.652713932886485,3.395584812466532,0.2571291204199526,185.47298444702184,168.24220567748986,176.85759506225585,0.09742741759813342,0.8246837215005405,-0.5081871529842124,60906330.0,0.8176342261961934,-0.005859930468069874,0.5474743708087026,0.011198722952940887,0.1387034068938393,0.0034913398935825235,0.04612855480974565,0.01563875403330517,0.10991615541922295,0
2023-06-21,-0.005675165657733405,-0.005691330598511162,0.015329458693731188,-0.005083759944002059,182.21548156738282,181.7134603395147,180.4995361328125,180.53859886815223,177.33884811401367,177.9365121141222,170.7291226196289,171.30662946345632,0.9956162929186694,1.0050812658987691,1.0229947030775368,1.0625996285044468,62.35036724791779,66.00641387085105,65.78125508323046,3.515237620952462,3.4195153741637183,0.09572224678874353,185.84313117161682,168.83456505641053,177.33884811401367,0.09590998416923992,0.7397529649985243,-0.005690865899182884,59373060.0,0.8339758806435107,0.000486638851719734,-0.5081871529842124,-0.005859930468069874,0.5474743708087026,0.011198722952940887,0.1387034068938393,-0.002611561300468468,0.012053453806455616,1
2023-06-22,0.016525244284263385,0.016390188292662502,0.018074892421457184,0.01774243174798003,182.81705017089843,182.6138594239343,181.40484466552735,181.24333681808335,178.10017471313478,178.5534783501842,171.2502590942383,171.82066978225308,1.0087388316373203,1.0165916898900664,1.0354546697655371,1.0768722836868283,73.87648094474828,71.33669999517323,69.29529546568463,3.6066217028833876,3.4569366399076524,0.14968506297573514,186.26907415255252,169.93127527371703,178.10017471313478,0.09173376109905962,0.8864953245212638,0.034930335227008724,58303130.0,0.8789459502431516,-0.005675165657733405,-0.005690865899182884,0.000486638851719734,-0.5081871529842124,-0.005859930468069874,0.5474743708087026,0.0034913398935825235,0.04612855480974565,0
2023-06-23,-0.0017112646007102494,-0.0017127304865614855,0.013659755473563663,0.006089946674418682,182.9491973876953,183.10893138841715,182.00739593505858,181.76256199977416,178.83191604614257,179.08163044229835,171.77887115478515,172.30217588166994,1.0062852307968904,1.0114922768472032,1.0294531277620556,1.071721301227415,71.19957095750001,70.09079012749517,68.51757876478275,3.6119431615971678,3.487937944245556,0.12400521735161174,186.37317949870135,171.2906525935838,178.83191604614257,0.0843391226721853,0.8492226007203791,0.03652432515762416,58593340.0,0.9065364766712394,0.016525244284263385,0.034930335227008724,-0.005675165657733405,-0.005690865899182884,0.000486638851719734,-0.5081871529842124,0.011198722952940887,0.1387034068938393,0
2023-06-26,-0.007553014197873131,-0.007581682656353466,0.015221067950490394,-0.008349823600625026,183.0182312011719,182.97547838817655,182.43243865966798,181.9345638884871,179.43742599487305,179.4270534847171,172.17213226318358,172.7102698622984,0.9983080438957134,1.0015136218649277,1.0182300117976264,1.061197128629421,60.01990197956842,64.72664299075501,65.13549768926588,3.464027339570549,3.483155823310555,-0.019128483740005642,186.13455472955334,172.74029726019276,179.43742599487305,0.07464584043767596,0.7442200622397337,-0.0946646083174878,58512210.0,0.8218575234126347,-0.0017112646007102494,0.03652432515762416,0.016525244284263385,0.034930335227008724,-0.005675165657733405,-0.005690865899182884,-0.005859930468069874,0.5474743708087026,1
2023-06-27,0.015059058430736849,0.014946796447077769,0.014463475784400399,0.011673560579215068,183.6197998046875,183.80364941047708,182.8535369873047,182.57555071877638,180.06019668579103,180.00161900570384,172.62731475830077,173.21025894436818,1.0100217495735646,1.014254328960311,1.0299888307836842,1.0743374634237035,70.65636265195502,69.67254209418408,68.37844141167048,3.528149201311635,3.492154498910771,0.035994702400863776,186.56235873388738,173.55803463769467,180.06019668579103,0.07222209203117518,0.9152307132108468,0.054942221353457166,58157800.0,0.8722957195767378,-0.007553014197873131,-0.0946646083174878,-0.0017112646007102494,0.03652432515762416,0.016525244284263385,0.034930335227008724,0.000486638851719734,-0.5081871529842124,1
2023-06-28,0.006327716284253437,0.006307780342690477,0.012153171957562657,0.007023931121500255,184.6631652832031,184.74694282801337,183.43932342529297,183.3133650722872,180.64943466186523,180.63322954450214,173.10557403564454,173.73666171765123,1.0106700455224031,1.0174128762478447,1.0331254565640993,1.0781485847743748,74.0868845434329,71.507611483467,69.64301573076017,3.6317958822169487,3.5200827755720066,0.11171310664494216,187.29016155663322,174.00870776709723,180.64943466186523,0.07352059426256084,0.9505602395677027,0.009579979026548058,57786570.0,0.8863097429039308,0.015059058430736849,0.054942221353457166,-0.007553014197873131,-0.0946646083174878,-0.0017112646007102494,0.03652432515762416,-0.005675165657733405,-0.005690865899182884,1
2023-06-29,0.0017966326321627868,0.0017950206182643584,0.0059602558396519515,0.002697241918220558,185.17400207519532,185.48757573625372,183.9955261230469,183.97799715964123,181.25790405273438,181.23662116433377,173.5661163330078,174.25557073079176,1.0096927185102917,1.0161597159036306,1.0315072467037822,1.0772197102919085,75.05887240505572,72.02841035336617,70.00291515815283,3.6983610862917544,3.555738437715956,0.1426226485757982,187.87310163215363,174.64270647331512,181.25790405273438,0.0729921005540775,0.9316528290679835,-0.09507622498867563,56675010.0,0.8177731243452803,0.006327716284253437,0.009579979026548058,0.015059058430736849,0.054942221353457166,-0.007553014197873131,-0.0946646083174878,0.016525244284263385,0.034930335227008724,1
2023-06-30,0.02310263694597081,0.022839811307285206,0.016600511421554016,0.012211012254169784,186.61184997558593,187.42115543061448,184.78052368164063,185.30714582504027,181.94231185913085,182.193925321953,174.0902005004883,174.92352147936214,1.025059849330907,1.035219031789885,1.0513679466018946,1.0987885261169505,84.05021666516728,77.68655788138355,74.14844740421321,4.052940112617222,3.6551787726962095,0.39776133992101226,189.6451159353499,174.2395077829118,181.94231185913085,0.08467303726670201,1.1066623834467695,0.838579593633286,58653010.0,1.45283592436262,0.0017966326321627868,-0.09507622498867563,0.006327716284253437,0.009579979026548058,0.015059058430736849,0.054942221353457166,-0.0017112646007102494,0.03652432515762416,0
2023-07-03,-0.007784850853974068,-0.007815310993462346,0.01101532942960143,-0.006811807584605594,188.02996826171875,188.21382489319612,185.52409973144532,186.12387636928008,182.5098564147949,182.9182337501822,174.6038037109375,175.50688000246006,1.009409114796946,1.0230431738685293,1.0399392534011855,1.0870276579574307,73.40640386439526,72.25972958117164,70.61579935129389,4.165764168918344,3.7572958519406368,0.4084683169777068,190.75298239744237,174.26673043214745,182.5098564147949,0.09033074864639735,0.9421446074528724,-0.6308294958996963,51673210.0,0.6087912866260873,0.02310263694597081,0.838579593633286,0.0017966326321627868,-0.09507622498867563,0.006327716284253437,0.009579979026548058,-0.007553014197873131,-0.0946646083174878,0
2023-07-05,-0.005871363500204785,-0.00588866772103884,0.012334712735932828,-0.0012528343894556563,188.6749267578125,188.3708112406464,186.14736328125,186.58949592678314,183.08923263549804,183.4674290059312,175.12722473144532,176.02366054885562,1.000052244237768,1.0136312468227826,1.0305618807807704,1.0774154859411027,66.0985229675961,68.40858336391051,68.06766123722636,4.11778958797359,3.8293945991472276,0.2883949888263624,191.35803688380057,174.8204283871955,183.08923263549804,0.09032540176477143,0.8383531120111791,0.4915125468081454,51385330.0,0.9131069120311186,-0.007784850853974068,-0.6308294958996963,0.02310263694597081,0.838579593633286,0.0017966326321627868,-0.09507622498867563,0.015059058430736849,0.054942221353457166,1
2023-07-06,0.0025088054437270024,0.0025056636450270864,0.014702087274451247,0.010377166343791782,189.1798522949219,188.63325994330853,186.9215087890625,187.05652527621035,183.7105224609375,184.00940313380755,175.6540072631836,176.53873885472922,0.9998853210528188,1.011965709960614,1.0296533634258953,1.0768792599488828,67.69248668753633,69.1604773399644,68.573459757217,4.071038270180708,3.8777233333539236,0.19331493682678413,191.84154485282835,175.57950006904667,183.7105224609375,0.0885199419496479,0.8349907690039257,-0.038917057222566775,50943190.0,0.885187990779533,-0.005871363500204785,0.4915125468081454,-0.007784850853974068,-0.6308294958996963,0.02310263694597081,0.838579593633286,0.006327716284253437,0.009579979026548058,0
2023-07-07,-0.0058911793159920345,-0.00590860076848879,0.012743826143905203,-0.0038138601554847363,189.39484252929688,188.43677087040882,187.2844223022461,187.23602844864652,184.34463348388672,184.3936307138839,176.18922821044922,176.98991743786178,0.9928664910477776,1.0040546373960444,1.0200665415141905,1.0672831400339666,59.950966584743036,65.22489476331147,65.9897938670347,3.8991209626410352,3.8820028592113465,0.01711810342968878,191.71481600147547,176.97445096629798,184.34463348388672,0.07996091210578106,0.7509543849080199,0.038157815954566354,50500160.0,0.9270267658557914,0.0025088054437270024,-0.038917057222566775,-0.005871363500204785,0.4915125468081454,-0.007784850853974068,-0.6308294958996963,0.0017966326321627868,-0.09507622498867563,0
2023-07-10,-0.010856047540507063,-0.010915404402788173,0.015640804822039455,-0.0034343966783793654,188.33765563964843,187.62530737063713,187.4747528076172,187.0117287981824,184.7410743713379,184.5468449669515,176.68381744384766,177.34334735681205,0.9876005928786603,0.9921462894897941,1.0068274259205647,1.0527414624726887,48.175846529639195,58.64157733919334,61.530525257801116,3.5571457793863033,3.817031443246338,-0.25988566386003464,191.55101474047643,177.93113400219937,184.7410743713379,0.07372416115162611,0.5926077125044933,0.2799786393250028,51180680.0,1.1707972617792495,-0.0058911793159920345,0.038157815954566354,0.0025088054437270024,-0.038917057222566775,-0.005871363500204785,0.4915125468081454,0.02310263694597081,0.838579593633286,0
2023-07-11,-0.0028099602849976923,-0.0028139156347207392,0.014355576998917168,-0.00570946188489113,187.47376708984376,186.91011193687007,187.75186767578126,186.73318193839214,185.0921531677246,184.63569031003576,177.0763668823242,177.66242083573457,0.9893635997640555,0.9878981411233204,1.002093918596647,1.0474561023301103,45.50607981972157,57.0538035093144,60.43269283570499,3.206985611403951,3.695022276877861,-0.4880366654739099,191.26437662397205,178.91992971147715,185.0921531677246,0.0666935183433128,0.5313961333673882,-0.22168912356355408,51035620.0,0.9138342984762408,-0.010856047540507063,0.2799786393250028,-0.0058911793159920345,0.038157815954566354,0.0025088054437270024,-0.038917057222566775,-0.007784850853974068,-0.6308294958996963,1
2023-07-12,0.008985571175883722,0.008945441146214976,0.017020580991828627,0.0004745444968122735,187.16608276367188,186.98886205947588,187.92050476074218,186.8083056413549,185.38702087402345,184.87480192857402,177.4772344970703,178.03434010902686,0.9998946365778821,0.9958804790512866,1.009490100344509,1.0544809470071883,54.82049612567503,60.70725609875998,62.66315947908449,3.029048192455434,3.561827459993376,-0.5327792675379417,191.35682463054172,179.41721711750517,185.38702087402345,0.06440368617363944,0.6473533722731732,0.30258736955407706,52037560.0,1.1674298333742013,-0.0028099602849976923,-0.22168912356355408,-0.010856047540507063,0.2799786393250028,-0.0058911793159920345,0.038157815954566354,-0.005871363500204785,0.4915125468081454,1
2023-07-13,0.004057457326742009,0.004049248045143944,0.0074000404733507805,0.00020993850988359304,186.91559143066405,187.29447493418184,188.04772186279297,187.00783201267106,185.74352264404297,185.16345895286162,177.89506195068358,178.42145228842165,1.0052970929035472,0.9992447599056645,1.0116406645506253,1.0562727184393985,58.583391505959035,62.28163596872744,63.64360304753011,2.915693467750941,3.4326006615448894,-0.5169071937939482,191.4132679966017,180.07377729148425,185.74352264404297,0.06104918515435032,0.6906768210123408,-0.31947055318336404,51050110.0,0.8098376281657376,0.008985571175883722,0.30258736955407706,-0.0028099602849976923,-0.22168912356355408,-0.010856047540507063,0.2799786393250028,0.0025088054437270024,-0.038917057222566775,1
2023-07-14,0.0007872776580102325,0.0007869679175120198,0.008128311778930532,0.0024181607748445764,186.9175598144531,187.54752817063945,188.156201171875,187.197977945559,186.07586364746095,185.4387137805467,178.33652893066406,178.79918492979942,1.0060779459684221,0.9994548862717172,1.0106288422223357,1.0544874668760014,59.35285853751016,62.59607149182564,63.83785306866702,2.8054565096716146,3.3071718311702347,-0.5017153214986201,191.46196857661207,180.68975871830983,186.07586364746095,0.057891494614859054,0.683599374883089,0.00662517566753662,50577000.0,0.8228285584356526,0.004057457326742009,-0.31947055318336404,0.008985571175883722,0.30258736955407706,-0.0028099602849976923,-0.22168912356355408,-0.0058911793159920345,0.038157815954566354,1
2023-07-17,0.017305672062220667,0.017157634406288796,0.012938861253413668,0.010891149886159334,187.97868957519532,188.80102850536122,188.15817260742188,187.94525998724004,186.46934814453124,185.99769619904745,178.86455230712892,179.28972784136826,1.0177112608196877,1.0167404717197948,1.025948935191874,1.0695692729899273,72.47678432273848,68.76497072027409,67.81054981456572,2.9467273283739246,3.2350829306109725,-0.2883556022370479,192.16799801307354,180.77069827598893,186.46934814453124,0.06112157226103795,0.9245462646322546,0.21395514246855796,47107700.0,1.072440386603464,0.0007872776580102325,0.00662517566753662,0.004057457326742009,-0.31947055318336404,0.008985571175883722,0.30258736955407706,-0.010856047540507063,0.2799786393250028,0
2023-07-18,-0.0013402923678229595,-0.001341191363005953,0.009859101348433406,0.00196529408858664,189.09306945800782,189.55122583137364,188.28341827392578,188.5100528047234,186.90375900268555,186.4790223213666,179.42014343261718,179.7509785332126,1.010357603433084,1.0147023154500272,1.0221924989783286,1.0648281560155455,70.38777525100566,67.81596328106076,67.19981716271258,3.0033744009387817,3.1887412246765345,-0.18536682373775282,192.60879594622165,181.19872205914945,186.90375900268555,0.06104785665069612,0.8635262594935941,-0.04418034766291501,48790700.0,0.9897009061153048,0.017305672062220667,0.21395514246855796,0.0007872776580102325,0.00662517566753662,0.004057457326742009,-0.31947055318336404,-0.0028099602849976923,-0.22168912356355408,1
2023-07-19,0.007071616025833505,0.007046729406090455,0.02860072607119285,0.010357327482050302,190.1443298339844,190.50170528243922,188.65520629882812,189.21780032833192,187.40128479003906,187.04317868929078,179.84951873779298,180.24712306855997,1.0118769481717267,1.0198640576067974,1.0266880742046924,1.0697980485845997,74.84486611060632,70.15329366732001,68.75663442378004,3.12130508750397,3.1752539972420215,-0.053948909738051665,193.2014178234998,181.6011517565783,187.40128479003906,0.06190067522705744,0.9311435070263461,0.6672251191802552,52149400.0,1.543781903531009,-0.0013402923678229595,-0.04418034766291501,0.017305672062220667,0.21395514246855796,0.0007872776580102325,0.00662517566753662,0.008985571175883722,0.30258736955407706,0
2023-07-20,-0.010097308328193555,-0.01014863192500154,0.02055610790830789,-0.010046601526833187,190.6551727294922,190.48777524200375,188.78538208007814,189.44363938884118,187.85344543457032,187.36858216279956,180.24141815185547,180.6476247192491,0.9989758601061592,1.008870035712534,1.0138750168810202,1.056693389976926,59.75601508561696,63.061209634913354,64.1587913074992,3.023153366134096,3.144833871020437,-0.12168050488634075,193.10051552889635,182.60637534024428,187.85344543457032,0.05586344271927232,0.7483738238394245,-0.25992798168613285,53598090.0,1.1116291643974627,0.007071616025833505,0.6672251191802552,-0.0013402923678229595,-0.04418034766291501,0.017305672062220667,0.21395514246855796,0.004057457326742009,-0.31947055318336404,0
2023-07-21,-0.006161682188107753,-0.006180743692761794,0.019485284180434312,-0.011128302906685282,190.90171813964844,190.08730405944783,188.90963897705078,189.41504344438567,188.09703063964844,187.5512278324697,180.64392059326173,180.98639871827214,0.9915382823106347,1.0019941953164757,1.0063229656026096,1.0478424132552655,52.322179488897945,59.16988555870397,61.54824908665055,2.818185178351854,3.0795041324867203,-0.2613189541348664,193.1309165147514,183.06314476454548,188.09703063964844,0.05352435238328398,0.6181325008349713,0.20762421703490364,56111760.0,1.2822926958626855,-0.010097308328193555,-0.25992798168613285,0.007071616025833505,0.6672251191802552,-0.0013402923678229595,-0.04418034766291501,0.0007872776580102325,0.00662517566753662,1
2023-07-24,0.0042200483979495385,0.0042111689660319146,0.01380027840264276,-0.003412458764348173,190.65714416503906,190.08658914021782,189.3179168701172,189.5368826911806,188.39633483886718,187.79255463906856,181.02714294433594,181.343212858801,0.9969999295552958,1.0040526667751526,1.0089642108183,1.0500367857001816,56.60878752683396,60.93682319462155,62.63483635063967,2.689203242893967,3.00144395456817,-0.31224071167420275,193.14770061646578,183.64496906126857,188.39633483886718,0.05044010841996885,0.6777198959142424,-0.3693297031202877,54657320.0,0.8302236553127742,-0.006161682188107753,0.20762421703490364,-0.010097308328193555,-0.25992798168613285,0.007071616025833505,0.6672251191802552,0.017305672062220667,0.21395514246855796,1
2023-07-25,0.004513534542984532,0.004503379092467524,0.007850450938917576,0.0014999911208101796,190.63544311523438,190.37209783827024,189.8642562866211,189.79256133539775,188.80806198120118,188.09260802909773,181.4237823486328,181.71967961862742,1.0016139292573976,1.0056822646287105,1.0113080619056745,1.0524701489656376,61.002295689101224,62.798947876595356,63.78884327163541,2.6259437582523617,2.926343915305009,-0.3004001570526471,192.8976205796313,184.71850338277105,188.80806198120118,0.04331974551846531,0.7610371268421745,-0.1783823808117626,53721830.0,0.6940046532294227,0.0042200483979495385,-0.3693297031202877,-0.006161682188107753,0.20762421703490364,-0.010097308328193555,-0.25992798168613285,-0.0013402923678229595,-0.04418034766291501,1
2023-07-26,0.004545117458953696,0.004534819604112413,0.011927979770846746,0.004285650017565756,190.51710510253906,190.8517232658781,190.33071746826172,190.15954547825157,189.12561111450196,188.44673813309734,181.85631805419922,182.11541665793982,1.006791353552524,1.0077772872005217,1.0141988332027967,1.0547391268744797,65.1648358450711,64.63539659713965,64.93895443854038,2.6156871073084176,2.864212553705691,-0.24852544639727325,193.1109242434992,185.14029798550473,189.12561111450196,0.042144616009562166,0.8369074047222312,0.2732785812376619,52394000.0,0.9060560369507958,0.004513534542984532,-0.1783823808117626,0.0042200483979495385,-0.3693297031202877,-0.006161682188107753,0.20762421703490364,0.007071616025833505,0.6672251191802552,0
2023-07-27,-0.0065810303532295444,-0.006602780812960177,0.024065799953975734,-0.014284271965762705,190.53485412597655,190.7507022700255,190.5950134277344,190.2302936237186,189.32136764526368,188.64692119454716,182.2734701538086,182.44613209403317,1.0000724599832775,0.9997567976801678,1.0064825890934628,1.0453998605366366,55.171719705647476,59.99612599636445,61.93468497182923,2.4771454690278176,2.7867991367701164,-0.30965366774229874,193.1804294549844,185.46230583554296,189.32136764526368,0.04076731388240906,0.6590143788271502,-0.0002464615909621992,53005790.0,0.8953776559126843,0.004545117458953696,0.2732785812376619,0.004513534542984532,-0.1783823808117626,0.0042200483979495385,-0.3693297031202877,-0.010097308328193555,-0.25992798168613285,1
2023-07-28,0.01350782688091412,0.013417409505568627,0.012715137976213747,0.005958820943238864,191.30209350585938,191.54132104460035,191.1019058227539,190.7561599819061,189.62905349731446,189.0731723754236,182.74210021972655,182.86481548617894,1.009516179643036,1.0105736924092752,1.0184228367542056,1.056803869286509,67.1540297910725,65.44274772876791,65.36520208347767,2.5456970941810084,2.7385787282522953,-0.1928816340712869,193.66595954516853,185.59214744946038,189.62905349731446,0.04257687283042042,0.9326958634933562,0.01751362194006778,53673310.0,0.8997283752390155,-0.0065810303532295444,-0.0002464615909621992,0.004545117458953696,0.2732785812376619,0.004513534542984532,-0.1783823808117626,-0.006161682188107753,0.20762421703490364,1
2023-07-31,0.003166125178564627,0.0031611235586305785,0.00626119117045439,0.001989183895260841,192.0318634033203,192.2722169594211,191.3445037841797,191.29758703775272,189.75133819580077,189.51706155767494,183.2107308959961,183.29105836080183,1.0088638695452703,1.012487973041431,1.0209888933123206,1.0574381087920017,69.41945723297226,66.6059329210062,66.1266621918551,2.619171493067455,2.7146972812153276,-0.0955257881478726,194.11669021044565,185.38598618115589,189.75133819580077,0.04601129094689557,0.9561683204356334,-0.19604525857606114,52503700.0,0.7394545527267602,0.01350782688091412,0.01751362194006778,-0.0065810303532295444,-0.0002464615909621992,0.004545117458953696,0.2732785812376619,0.0042200483979495385,-0.3693297031202877,0
2023-08-01,-0.004275885295472293,-0.004285053035806306,0.007412693337343935,-0.0032103794597296152,192.424365234375,192.4833527694969,191.5299041748047,191.58995746537013,189.90666122436522,189.83978182738667,183.61624633789063,183.66810016585464,1.0025010302343327,1.0071827959230228,1.0157917744746199,1.0505912643190816,62.59560637682695,63.48806811177784,64.12128156731333,2.5808068507253097,2.687919195117324,-0.10711234439201434,194.48369564191765,185.3296268068128,189.90666122436522,0.048202989700765565,0.8276098551698147,-0.09398801260042089,51192390.0,0.6871157998288417,0.003166125178564627,-0.19604525857606114,0.01350782688091412,0.01751362194006778,-0.0065810303532295444,-0.0002464615909621992,0.004513534542984532,-0.1783823808117626,0
2023-08-02,-0.015489869179275861,-0.015611090635206899,0.017291445324561495,-0.012612753997941385,192.0456787109375,191.62808234763335,191.2813919067383,191.28588183601306,189.9682991027832,189.84718751086473,183.95983032226562,183.91317629675862,0.9889185884248171,0.9928699263988155,0.9997328101629763,1.032385935403418,44.278742756223856,53.71967453426756,57.515077980067716,2.282972591899778,2.606929874473815,-0.3239572825740371,194.51092763718336,185.42567056838303,189.9682991027832,0.04782512193723813,0.49441319067885836,0.43252755500339735,48180590.0,1.0458423194900686,-0.004275885295472293,-0.09398801260042089,0.003166125178564627,-0.19604525857606114,0.01350782688091412,0.01751362194006778,0.004545117458953696,0.2732785812376619,0
2023-08-03,-0.007321855027415114,-0.007348791371145048,0.008787951518922865,-0.002088057315759494,191.64134521484374,190.59438583103943,191.08809967041014,190.7842656472564,189.93674087524414,189.72145468105396,184.29453735351564,184.09411027719364,0.983749057837698,0.9865972455795207,0.9925778021098164,1.022965712956631,38.208481368345225,49.87390989231572,54.75841609570895,1.9126829186400585,2.4680804833070638,-0.5553975646670053,194.51010912580176,185.36337262468652,189.93674087524414,0.048156751868892386,0.3458742003532418,0.21524212481618132,48345990.0,1.2666034970015094,-0.015489869179275861,0.43252755500339735,-0.004275885295472293,-0.09398801260042089,0.003166125178564627,-0.19604525857606114,-0.0065810303532295444,-0.0002464615909621992,0
2023-08-04,-0.04801993961298401,-0.04921118938174258,0.030001684428062073,-0.01902759108453124,188.91162109375,186.88756988345338,190.1068572998047,188.72784243653365,189.50824813842775,188.74550071031368,184.5002536010742,183.91292705017747,0.9500418076409117,0.9440687229143188,0.9470507999059922,0.9727571343958105,18.71789616226542,33.206552530368285,41.24485491455398,0.8785919599820886,2.1501827786420686,-1.27159081865998,195.93931891733232,183.07717735952318,189.50824813842775,0.06787114378480186,-0.2801430348940803,0.8936298076923077,52746500.0,2.198379039367541,-0.007321855027415114,0.21524212481618132,-0.015489869179275861,0.43252755500339735,-0.004275885295472293,-0.09398801260042089,0.01350782688091412,0.01751362194006778,0
2023-08-07,-0.01725369248301567,-0.017404271983604197,0.03231757663989958,-0.018009107183669736,185.44028930664064,183.38416320680747,188.73607635498047,186.48229833053037,189.02699661254883,187.56758158109483,184.638515625,183.61741421893583,0.9511274519306929,0.9345184728847484,0.9330802108390827,0.9552576246428304,15.55206196698066,29.56680912750147,37.88682371677669,-0.18862698373388298,1.6824208261668785,-1.8710478099007615,197.5392310684348,180.51476215666287,189.02699661254883,0.09006369046145933,-0.2430273933706293,-0.15851334290011454,57966330.0,1.683323750183943,-0.04801993961298401,0.8936298076923077,-0.007321855027415114,0.21524212481618132,-0.015489869179275861,0.43252755500339735,0.003166125178564627,-0.19604525857606114,1
2023-08-08,0.005311674836011804,0.00529761764740181,0.01496108117768991,0.0006121687843342187,182.32200622558594,181.36084513266331,187.37318572998046,184.81537299486575,188.61872100830078,186.59106990521673,184.77283233642578,183.37022969993345,0.9725332265430712,0.9463158151129413,0.9400668610014152,0.9596335497067531,20.309522553300226,31.995434779292708,39.45281398105113,-0.9478823852236076,1.1563601838887814,-2.104242569112389,198.45297876394866,178.7844632526529,188.61872100830078,0.10427658191166607,-0.07475166427448585,-0.3049220044662576,61020310.0,1.1114823900435773,-0.01725369248301567,-0.15851334290011454,-0.04801993961298401,0.8936298076923077,-0.007321855027415114,0.21524212481618132,-0.004275885295472293,-0.09398801260042089,0
2023-08-09,-0.008954375660042535,-0.008994707023746117,0.02199897926503655,-0.014817231979493686,179.48379211425782,179.48272040419744,185.76473541259764,183.16284534984752,188.0477264404297,185.55634619493566,184.82727020263673,183.0704744547308,0.9790659584203552,0.9459624861358306,0.9344780406208887,0.9507605168577484,18.274020259304436,30.101107852968838,37.75879862947483,-1.658595692653364,0.5933690085803524,-2.2519647012337165,199.37101839618168,176.72443448467772,188.0477264404297,0.12042997987895385,-0.04406684651918503,-0.10976364949943229,62310970.0,0.9689866808364562,0.005311674836011804,-0.3049220044662576,-0.01725369248301567,-0.15851334290011454,-0.04801993961298401,0.8936298076923077,-0.015489869179275861,0.43252755500339735,0
2023-08-10,-0.0012348466232098287,-0.0012356096745335056,0.01769957787761107,-0.00841316326488104,176.88028869628906,178.15830550546758,184.2608169555664,181.77132359678575,187.42791519165038,184.5995013866568,184.84048431396485,182.77396469995736,0.9922500522902528,0.9525056851904171,0.9364105423065949,0.9495185882000414,17.986585845897324,29.841069539280113,37.52756531622443,-2.2138311441399594,0.03192897803629002,-2.2457601221762493,200.0024047956637,174.85342558763708,187.42791519165038,0.1341794747186462,0.026086550668479987,-0.09426534279586274,63033640.0,0.8675827700891143,-0.008954375660042535,-0.10976364949943229,0.005311674836011804,-0.3049220044662576,-0.01725369248301567,-0.15851334290011454,-0.007321855027415114,0.21524212481618132,1
2023-08-11,0.00033776179473310464,0.00033770476605915744,0.011642905357998773,0.002650495953650132,176.09925231933593,177.29512237148361,182.50543670654298,180.64358405255481,186.80367126464844,183.73943040731004,184.85587036132813,182.4914075000969,0.9969875157967263,0.9619919234834572,0.9398570965705696,0.9497602416430733,18.395682075383178,30.018930652308683,37.63711436790896,-2.618886909120107,-0.4982341993949894,-2.1206527097251175,200.39074941886847,173.21659311042842,186.80367126464844,0.14546906987680067,0.08655882325798814,-0.04846133169003908,63408170.0,0.8206623846737731,-0.0012348466232098287,-0.09426534279586274,-0.008954375660042535,-0.10976364949943229,0.005311674836011804,-0.3049220044662576,-0.04801993961298401,0.8936298076923077,1
2023-08-14,0.009393038841919443,0.009349198567690599,0.013262034959171767,0.008372228369635753,176.2673583984375,177.26937499733023,180.85382385253905,180.0207288155491,186.0991638183594,183.11833039223512,184.84822479248047,182.28460250985873,1.00539250068318,0.9798956774810567,0.9522766067987041,0.9587210288223043,29.76609977309785,34.95877959607533,40.6757857946322,-2.7748393639886046,-0.9535552323137125,-1.8212841316748922,200.13280196546384,172.06552567125493,186.0991638183594,0.15081892749181694,0.18357159147756655,-0.16067698374416517,63893320.0,0.683570676872011,0.00033776179473310464,-0.04846133169003908,-0.0012348466232098287,-0.09426534279586274,-0.008954375660042535,-0.10976364949943229,-0.01725369248301567,-0.15851334290011454,0
2023-08-15,-0.011200216012345665,-0.011263410737822034,0.013693957270058512,-0.007994230185241367,175.8511169433594,176.59058390121496,179.08656158447266,179.15023297799186,185.30823287963867,182.36734670811603,184.7839193725586,182.00806914511855,0.9964850081983039,0.9784821382386606,0.9456298783163166,0.9483130474989125,24.895227375407174,32.02833987726808,38.316332638410906,-3.023740123971436,-1.3675922106452574,-1.6561479133261785,199.90789188381365,170.70857387546368,185.30823287963867,0.15757161759410598,0.15494977767038481,-0.0012134922015953897,64738070.0,0.6738322597507155,0.009393038841919443,-0.16067698374416517,0.00033776179473310464,-0.04846133169003908,-0.0012348466232098287,-0.09426534279586274,0.005311674836011804,-0.3049220044662576,0
2023-08-16,-0.00495913034316231,-0.004971467635102631,0.011553453030032275,-0.0031615059174432266,175.57862243652343,175.8483887385053,177.5312072753906,178.28000851164532,184.40629959106445,181.6051230609703,184.72925415039063,181.708301665431,0.9930821645221837,0.9821597063923999,0.9455425264741599,0.9438894733539811,22.974910393351863,30.810615300966347,37.32114013277692,-3.2536114652379524,-1.7447960615637963,-1.5088154036741561,199.36575048050992,169.446848701619,184.40629959106445,0.162244466947379,0.1643492715008747,0.07661854176504845,64395630.0,0.7293181229844323,-0.011200216012345665,-0.0012134922015953897,0.009393038841919443,-0.16067698374416517,0.00033776179473310464,-0.04846133169003908,-0.008954375660042535,-0.10976364949943229,0
2023-08-17,-0.01455528729507416,-0.014662254719105122,0.023160912524694804,-0.017726088971816534,174.841943359375,174.50761926642542,175.86111602783203,177.1065670226672,183.4746078491211,180.67378565728413,184.63112854003907,181.32076357354217,0.9827509178909635,0.9770555549930218,0.9365115006190146,0.9306452366996363,18.193325397327726,27.51981848155667,34.567914418673055,-3.5990869054952555,-2.1156542303500885,-1.483432675145167,199.11545514016913,167.83376055807307,183.4746078491211,0.17049604274298447,0.12762479199184895,0.40664411081467233,64878400.0,1.0182572319909247,-0.00495913034316231,0.07661854176504845,-0.011200216012345665,-0.0012134922015953897,0.009393038841919443,-0.16067698374416517,-0.0012348466232098287,-0.09426534279586274,1
2023-08-18,0.0028162312533202005,0.002812273103719095,0.017995296525860058,0.012710402801028345,174.1901885986328,173.7750736108852,175.14472045898438,176.23446070941947,182.62578887939452,179.8772329565718,184.57009674072265,180.96739960202305,0.989206014908449,0.9838148809067668,0.943513965673258,0.9335747520458825,21.81307693542064,29.07529238884925,35.52022697146123,-3.79014144417809,-2.450551673115689,-1.3395897710624012,198.74809037726476,166.50348738152428,182.62578887939452,0.17656106070011127,0.18007648967014564,-0.07403096140193666,59399940.0,1.0298360570734584,-0.01455528729507416,0.40664411081467233,-0.00495913034316231,0.07661854176504845,-0.011200216012345665,-0.0012134922015953897,0.00033776179473310464,-0.04846133169003908,1
2023-08-21,0.007736900229506238,0.007707123902623461,0.013591898540852083,0.004398177765800256,173.47523803710936,173.7310915543922,174.87129821777344,175.76330920614433,181.80368728637694,179.2835086217941,184.4814880371094,180.68017324278318,1.0009678003973166,0.9929767160827175,0.9551133424916944,0.9412496033557419,31.54820541638307,33.32088212315645,38.1252498421828,-3.7902877928852945,-2.71849889706961,-1.0717888958156845,197.99734040584192,165.61003416691196,181.80368728637694,0.17814438597119056,0.24803215232634593,-0.24292570808308345,54273520.0,0.8533056267586845,0.0028162312533202005,-0.07403096140193666,-0.01455528729507416,0.40664411081467233,-0.00495913034316231,0.07661854176504845,0.009393038841919443,-0.16067698374416517,1
2023-08-22,0.007904831300446613,0.007873751799537915,0.008068570277345219,0.0009601161825898246,173.431787109375,174.15931005969898,174.64145202636718,175.62738881781127,181.00731887817383,178.87705514070063,184.41264007568358,180.45803888307847,1.0091330429521468,1.0021432199492295,0.9668987318026961,0.9490442032524746,40.4541256723421,37.47117004828237,40.7146404503521,-3.637711568137604,-2.902341431283209,-0.735370136854395,196.8883449350527,165.12629282129498,181.00731887817383,0.17547385548058977,0.311360683295835,-0.0922657027675392,51695110.0,0.8132084446672035,0.007736900229506238,-0.24292570808308345,0.0028162312533202005,-0.07403096140193666,-0.01455528729507416,0.40664411081467233,-0.011200216012345665,-0.0012134922015953897,1
2023-08-23,0.021948708577423037,0.02171130322015351,0.017778275770268887,0.014564142855152477,174.33041076660157,175.7252456062056,174.9545166015625,176.21461206897624,180.35962600708007,178.8751562415119,184.36480224609375,180.39525762096633,1.0259662437133683,1.0223063695265664,0.9916693700185298,0.970126154885447,58.207330365617885,47.34811975808129,47.20677477582544,-3.170282343956586,-2.9559296138178848,-0.21435273013870138,195.46293176968396,165.25632024447617,180.35962600708007,0.16747989665947755,0.45025892571209275,0.25414318642971145,50929540.0,1.0352106066538203,0.007904831300446613,-0.0922657027675392,0.007736900229506238,-0.24292570808308345,0.0028162312533202005,-0.07403096140193666,-0.00495913034316231,0.07661854176504845,0
2023-08-24,-0.026170277385813123,-0.026518813400927304,0.028858212131593373,-0.02374491243488707,174.80046997070312,175.2089558517282,174.82120666503906,175.84402375512116,179.54101181030273,178.427653394013,184.23281646728515,180.15137992378232,0.9964296799200009,0.9963114868352263,0.9701202782949815,0.9454145015131034,40.88057280217912,39.21886556432342,41.40558918385354,-3.1413266857083215,-2.993009028195972,-0.1483176575123495,194.1119609747247,164.97006264588077,179.54101181030273,0.16231332348530103,0.3159133146717654,0.04216392149127124,50955430.0,1.0783109866799279,0.021948708577423037,0.25414318642971145,0.007904831300446613,-0.0922657027675392,0.007736900229506238,-0.24292570808308345,-0.01455528729507416,0.40664411081467233,1
2023-08-25,0.012642946806971977,0.012563692064889326,0.01864389765906891,0.0069342411415067,175.61416931152343,175.59879690245424,174.9021789550781,175.94119743671843,178.70380783081055,178.23249392828853,184.13224975585936,180.00342302496364,1.0043522097071051,1.0084407184498674,0.9869878048199968,0.9578902079226543,49.18321961185251,44.08293770110241,44.75899643562092,-2.907175724817108,-2.9758423675201993,0.06866664270309109,191.91810151920615,165.48951414241495,178.70380783081055,0.14789045458848143,0.41201463802237376,-0.06362997717750951,50896720.0,1.0108627825132936,-0.026170277385813123,0.04216392149127124,0.021948708577423037,0.25414318642971145,0.007904831300446613,-0.0922657027675392,0.0028162312533202005,-0.07403096140193666,1
2023-08-28,0.008846332858672978,0.008807433300117053,0.011321345571301345,0.0005553118193638143,176.47330017089843,176.37879184772993,174.9742691040039,176.30439458245712,177.91404647827147,178.20452133876404,184.02225860595703,179.9224566999957,1.0083042679315435,1.0169425633234979,1.000139029270029,0.9669416248134297,54.469027449557174,47.30096594604895,47.01501929036694,-2.566125315395851,-2.8938989570953297,0.32777364169947854,189.18606184921006,166.64203110733288,177.91404647827147,0.12671304592372626,0.5010971977590427,-0.14827909254882443,50911230.0,0.8607275840713335,0.012642946806971977,-0.06362997717750951,-0.026170277385813123,0.04216392149127124,0.021948708577423037,0.25414318642971145,0.007736900229506238,-0.24292570808308345,1
2023-08-29,0.021810167496241428,0.021575728438787942,0.029328666302904382,0.02459654003343337,177.83408203125,178.1924133558434,175.6329345703125,177.3071694532959,177.35974807739257,178.54881991336464,184.01138366699217,179.9968566871359,1.022411757607408,1.0352252942586975,1.02514611315715,0.9880891755105311,65.02558309124464,54.33963170170618,52.12161494671971,-1.9600915444599138,-2.707137474568247,0.747045930108333,186.52111368126072,168.19838247352442,177.35974807739257,0.10330828390521284,0.7434084877474306,0.20956306038013994,51849360.0,1.022267198669376,0.008846332858672978,-0.14827909254882443,0.012642946806971977,-0.06362997717750951,-0.026170277385813123,0.04216392149127124,0.007904831300446613,-0.0922657027675392,1
2023-08-30,0.019172299345747268,0.01899082664551939,0.01657341173198853,0.014653354705868643,179.12377014160157,180.5634613208878,176.72709045410156,178.76142178014692,177.1291488647461,179.19231870742294,184.06845184326173,180.2050410229728,1.0345112605908648,1.0485407572479837,1.0461607162832012,1.0067208986402965,71.86215462859644,59.56391683601514,56.11102643727788,-1.184863972395533,-2.4026827741337042,1.2178188017381713,185.17933254440518,169.07896518508701,177.1291488647461,0.09089620461967124,1.0078398650014855,0.14734764800326006,53234260.0,1.1423827437443481,0.021810167496241428,0.20956306038013994,0.008846332858672978,-0.14827909254882443,0.012642946806971977,-0.06362997717750951,0.021948708577423037,0.25414318642971145,1
2023-08-31,0.0011723306257274135,0.001171643982775384,0.008729437548691344,0.0001597038963039101,181.39305419921874,182.21657309087834,178.09676208496094,179.99076266209462,176.97893905639648,179.79522136679782,184.15057373046875,180.4135804585762,1.022766816788393,1.0416966286133593,1.0482761260747544,1.007451635216728,72.25644869548628,59.87205295448626,56.34902596746149,-0.5466595825265586,-2.031478135812275,1.4848185532857165,184.24693056917232,169.71094754362065,176.97893905639648,0.08213397087276925,1.087772946586709,-0.0003190060167165276,52707420.0,1.1534334255025194,0.019172299345747268,0.14734764800326006,0.021810167496241428,0.20956306038013994,0.008846332858672978,-0.14827909254882443,-0.026170277385813123,0.04216392149127124,1
2023-09-01,0.008463433823895805,0.008427819771546248,0.008656177195883219,-0.00015831325361351475,183.53594970703125,183.84203424157516,179.57505950927734,181.28207064043536,177.35988998413086,180.49024376452837,184.20413970947266,180.67551677561121,1.0193804365935686,1.0418649285387152,1.0548774954681621,1.0156826922459634,75.18827648389643,62.118961603498775,58.07444325082924,0.08484276243964928,-1.6082139561618902,1.6930567186015395,185.81310666194838,168.90667330631334,177.35988998413086,0.09532275508937074,1.0757019445851235,-0.24719341387790017,51166850.0,0.8944560784961357,0.0011723306257274135,-0.0003190060167165276,0.019172299345747268,0.14734764800326006,0.021810167496241428,0.20956306038013994,0.012642946806971977,-0.06362997717750951,1
2023-09-05,0.0012666658184712354,0.0012658642741112242,0.01249338510972218,0.0075419491085181095,185.4141815185547,185.00466975968294,180.94374084472656,182.3816833959741,177.90751953125,181.1416434818017,184.26875701904297,180.93647458032837,1.010332323351178,1.0352938428340115,1.0529624677443348,1.0166126033863632,75.6415378100591,62.46061513439462,58.3354380946931,0.5975474145706414,-1.1670616820153838,1.7646090965860253,187.39143145275224,168.42360760974773,177.90751953125,0.10661620089460443,0.9967581596411502,-0.010630045994340809,51063660.0,0.8867362817314701,0.008463433823895805,-0.24719341387790017,0.0011723306257274135,-0.0003190060167165276,0.019172299345747268,0.14734764800326006,0.008846332858672978,-0.14827909254882443,0
2023-09-06,-0.03579320599616109,-0.03644949077549499,0.04034773787685009,-0.029140076498046282,185.17521057128906,183.54471371836937,181.50464630126953,182.0622503486592,178.07304916381835,181.09242044884365,184.2270816040039,180.9242521119132,0.9754264681459884,0.9951524950823191,1.01432980725554,0.9804465231881336,47.18709564951843,48.99590977900304,49.2307132989483,0.4575465404776651,-0.8421400375167741,1.2996865779944393,187.6250806767402,168.5210176508965,178.07304916381835,0.10728216939930589,0.6335711920794996,0.8055609540636042,55035350.0,1.4855143103478037,0.0012666658184712354,-0.010630045994340809,0.008463433823895805,-0.24719341387790017,0.0011723306257274135,-0.0003190060167165276,0.021810167496241428,0.20956306038013994,0
2023-09-07,-0.02924951511844598,-0.029685810878799273,0.026301044671918752,0.013586054243176868,183.182421875,180.81034706875667,181.1530960083008,180.8403164251814,178.05380630493164,180.54472457462342,184.02471405029297,180.7053251180943,0.9571967221242487,0.9679194981105746,0.9847675677836646,0.9528155752037268,35.06249193165698,41.419427218683666,43.60074640670088,-0.07880584354336406,-0.6894731987220922,0.6106673551787282,187.62619821451895,168.48141439534433,178.05380630493164,0.1075224631052684,0.35833255883077814,0.37591216769941704,61011950.0,1.843717501243609,-0.03579320599616109,0.8055609540636042,0.0012666658184712354,-0.010630045994340809,0.008463433823895805,-0.24719341387790017,0.019172299345747268,0.14734764800326006,1
2023-09-08,0.0034917190459333725,0.003485637148391974,0.01375020938231435,-0.0009532572016604656,181.2686340332031,179.1915171864628,181.33084411621093,179.95186933367114,178.076025390625,180.1074991315045,183.81112060546874,180.5189930515759,0.9706801088910142,0.97034709279305,0.9880827979842045,0.9572536027324564,37.24263033393391,42.52853308977169,44.37477855989057,-0.4492869260675434,-0.6414359441911825,0.19214901812363916,187.62672931989943,168.5253214613506,178.076025390625,0.1072654660651161,0.3888999185575618,-0.41726376314797564,62072500.0,1.0560441419308066,-0.02924951511844598,0.37591216769941704,-0.03579320599616109,0.8055609540636042,0.0012666658184712354,-0.010630045994340809,0.0011723306257274135,-0.0003190060167165276,1
2023-09-11,0.00662257685855705,0.006600743936890492,0.016503159588506087,-0.003942948214517566,179.27386779785155,178.50071991304551,181.4049087524414,179.43682497595108,178.15354385375977,179.82289210623847,183.6141262817383,180.3856649070518,0.9879807221314024,0.9763744905487692,0.9941936687580127,0.9646268996451755,41.596501810895994,44.6754891920798,45.85967881044842,-0.6414739561201657,-0.6414435465769792,-3.0409543186449284e-05,187.6465813429873,168.66050636453224,178.15354385375977,0.10657141344345131,0.4455169913358782,-0.10065704265209086,62822850.0,0.9384021896491483,0.0034917190459333725,-0.41726376314797564,-0.02924951511844598,0.37591216769941704,-0.03579320599616109,0.8055609540636042,0.008463433823895805,-0.24719341387790017,0
2023-09-12,-0.01706060272686727,-0.017207811525760994,0.030119100775255616,-0.01777259091748001,176.62735290527343,177.0329353863663,181.02076721191406,178.46601431359773,177.99751815795898,179.27760393735934,183.2703073120117,180.13906496297164,0.9856761337887316,0.9617535546581719,0.9780887291839087,0.9499485698826965,34.38040048839356,40.455008725648504,42.75220567983501,-1.025789598199026,-0.7183127569013886,-0.3074768412976373,187.64820759657442,168.34682871934353,177.99751815795898,0.10843622471242781,0.2979340310472829,0.5329168440675724,67477800.0,1.3392582449338895,0.00662257685855705,-0.10065704265209086,0.0034917190459333725,-0.41726376314797564,-0.02924951511844598,0.37591216769941704,0.0012666658184712354,-0.010630045994340809,0
2023-09-13,-0.011854707135936282,-0.011925534491451107,0.0190575006961095,-0.013030354453269699,174.90909118652343,175.36645460490826,180.04215087890626,177.2964649914876,177.83754272460936,178.58768861399102,182.91499389648436,179.82119939744302,0.983559470093726,0.9555178729102133,0.967363192306334,0.9405106130301694,30.205029499327495,37.82657244249443,40.77095356470441,-1.4798411518381442,-0.8706184358887398,-0.6092227159494045,187.76824496367323,167.9068404855455,177.83754272460936,0.11168285489011809,0.20777244434003356,-0.06752557812199156,70604200.0,1.1935253143580693,-0.01706060272686727,0.5329168440675724,0.00662257685855705,-0.10065704265209086,0.0034917190459333725,-0.41726376314797564,-0.03579320599616109,0.8055609540636042,1
2023-09-14,0.008782561748146511,0.00874421938529043,0.014339388834029363,0.010000031569908372,174.54964599609374,174.75909900906646,178.86603393554688,176.61426914165037,177.79656219482422,178.1073742524093,182.6121859741211,179.57504992371517,0.9942408466486754,0.970247866511751,0.9760840461426807,0.9503439592031205,36.76414818379122,40.8560739742666,42.80825392008989,-1.6981880433836238,-1.0361323573877166,-0.6620556859959073,187.7908237053275,167.80230068432093,177.79656219482422,0.11242356305575668,0.28726920578510684,-0.2773547222607897,70612390.0,0.8623953954822943,-0.011854707135936282,-0.06752557812199156,-0.01706060272686727,0.5329168440675724,0.00662257685855705,-0.10065704265209086,-0.02924951511844598,0.37591216769941704,0
2023-09-15,-0.004154076989256961,-0.004162729136510296,0.015313369292612495,-0.008329562875628142,173.92356872558594,174.11388969582296,177.59610137939453,175.9250331285023,177.84643173217773,177.6041453778309,182.28549224853515,179.31028212550422,0.9936748212774674,0.9731264916685141,0.9717567532060133,0.9480922970748636,34.93647663804258,39.85810152017964,42.083037556995556,-1.9074140033459912,-1.2103886865793716,-0.6970253167666196,187.73037383883113,167.96248962552434,177.84643173217773,0.11115142441022158,0.24590297026018687,0.794204197990666,75458890.0,1.4479341002763226,0.008782561748146511,-0.2773547222607897,-0.011854707135936282,-0.06752557812199156,-0.01706060272686727,0.5329168440675724,0.0034917190459333725,-0.41726376314797564,1
2023-09-18,0.016913412569963038,0.016771973392602623,0.01803678536747564,0.008442914376904427,173.6490447998047,174.65809504298355,176.46145629882812,175.89257360283,178.01825790405275,177.4272273168284,182.03954650878907,179.17052618871207,1.0120787358198147,0.9959484038241603,0.9872386563406745,0.9654303644885176,47.323944252798256,45.65450979841544,45.979218296840244,-1.8164240098221853,-1.3315957512279344,-0.48482825859425094,187.6268841330022,168.4096316751033,178.01825790405275,0.1079510196547171,0.3817857978540373,-0.3844233224570861,77608000.0,0.8666323059478405,-0.004154076989256961,0.794204197990666,0.008782561748146511,-0.2773547222607897,-0.011854707135936282,-0.06752557812199156,0.00662257685855705,-0.10065704265209086,1
2023-09-19,0.0061808223726165235,0.006161799434708031,0.013961020258817397,0.008731427526211847,174.1961242675781,175.38298458594738,175.41173858642577,176.06351725174727,178.17773971557617,177.37061173159475,181.8561541748047,179.07884922726748,1.0151360394232813,1.0081010831823498,0.9924514922804154,0.9723771212158095,51.34053914922369,47.67284205548215,47.360968395651376,-1.6377825100321388,-1.3928331029887753,-0.24494940704336354,187.59456966076993,168.7609097703824,178.17773971557617,0.10570153106920972,0.428586581071923,-0.2294268603102103,78262690.0,0.6622172072030746,0.016913412569963038,-0.3844233224570861,-0.004154076989256961,0.794204197990666,0.008782561748146511,-0.2773547222607897,-0.01706060272686727,0.5329168440675724,0
2023-09-20,-0.01999221324659295,-0.020194761682344204,0.024502837296482522,-0.02103084418831718,174.44892272949218,174.68781817448576,174.67900695800782,175.56060236080458,178.09182662963866,176.98269493349645,181.61250946044922,178.85212907527907,0.9933995730101748,0.9920910839229958,0.9730793862424326,0.9542155761539238,39.81360679894407,42.182081683534975,43.55402126048153,-1.7611735370588235,-1.4665011898027849,-0.29467234725603864,187.65273134713854,168.53092191213878,178.09182662963866,0.10737050541216384,0.24927366082308097,0.12752643897281146,75930730.0,0.7695988172377639,0.0061808223726165235,-0.2294268603102103,0.016913412569963038,-0.3844233224570861,-0.004154076989256961,0.794204197990666,-0.011854707135936282,-0.06752557812199156,0
2023-09-21,-0.008889408186366632,-0.008929154699292863,0.014028646835825545,-0.0035520502156206495,174.09143981933593,173.7108698718577,174.32054290771484,174.86903343458584,177.7368194580078,176.48500715569693,181.3047216796875,178.57388767101722,0.9865905724304597,0.9852939326693675,0.9663556138247481,0.9473386665022766,35.734801434967494,40.019090050154226,42.00901731299123,-1.9606669178650975,-1.5653343354152476,-0.3953325824498499,187.6774290116313,167.7962099043843,177.7368194580078,0.11185762841865259,0.19922135261682708,0.08065035029656276,70996760.0,0.8894645333110975,-0.01999221324659295,0.12752643897281146,0.0061808223726165235,-0.2294268603102103,0.016913412569963038,-0.3844233224570861,0.008782561748146511,-0.2773547222607897,1
2023-09-22,0.004944535332101818,0.004932351263808599,0.017335081501700916,0.0006869818425911662,174.04799194335936,173.34265714438953,173.98578033447265,174.45761493547081,177.6583122253418,176.11559996843562,180.9987322998047,178.33986194625,0.9917163063026005,0.9920709115287039,0.9715629374578285,0.9536322685594819,39.707505837175376,41.79113763305116,43.17582301091682,-2.026874257495905,-1.6576423198313792,-0.36923193766452567,187.73404048140705,167.58258396927656,177.6583122253418,0.11342816589730058,0.2492945220685415,-0.10172274822602378,70114170.0,0.8090433075083111,-0.008889408186366632,0.08065035029656276,-0.01999221324659295,0.12752643897281146,0.0061808223726165235,-0.2294268603102103,-0.004154076989256961,0.794204197990666,1
2023-09-25,0.007380089784918997,0.007352990172339469,0.01601548895327985,0.010792221100733333,173.67470703125,173.5217984885123,173.66187591552733,174.35260879752298,177.53339233398438,175.90269341684726,180.71526123046874,178.16496858274053,1.0011825219055694,1.001256494898953,0.9794218365953725,0.9621770734404443,45.59308911988717,44.442493437459895,44.92120331004917,-1.9540301997294307,-1.7169198958109897,-0.237110303918441,187.7307101837625,167.33607448420625,177.53339233398438,0.11487774458333387,0.32086901619399577,-0.1860313016743822,68836130.0,0.6707625777335245,0.004944535332101818,-0.10172274822602378,-0.008889408186366632,0.08065035029656276,-0.01999221324659295,0.12752643897281146,0.016913412569963038,-0.3844233224570861,0
2023-09-26,-0.02339811529296243,-0.023676197490539737,0.02058614298627699,-0.01635968705256624,172.27047729492188,172.285070655753,173.23330078125,173.52697355983415,177.12703399658204,175.3225907095508,180.28533294677734,177.83738608891676,0.9857267342420024,0.9802481060189672,0.9586995906763232,0.9419047695930154,33.432502427280895,38.422910074666554,40.72619658116717,-2.1992405032563624,-1.8133840173000644,-0.38585648595629807,187.86095610787783,166.39311188528626,177.12703399658204,0.12120026931070174,0.15923830401893233,0.3988547345076203,66258000.0,0.9748090796583054,0.007380089784918997,-0.1860313016743822,0.004944535332101818,-0.10172274822602378,-0.008889408186366632,0.08065035029656276,0.0061808223726165235,-0.2294268603102103,0
2023-09-27,-0.00889765575255641,-0.008937476273670452,0.023411314943640217,-0.012686841057546623,171.2711181640625,170.95694366959054,172.86002044677736,172.57674013027622,176.4510856628418,174.6538382321903,179.8303143310547,177.4633979951265,0.9826565710632457,0.9736241454922452,0.9538093181180549,0.9358860897470053,29.9692049139243,36.448468596062355,39.29525160584411,-2.4868239210911725,-1.9480719980582861,-0.5387519230328863,187.61200807445488,165.2901632512287,176.4510856628418,0.12650443458238722,0.13486906973318027,0.03611920933782731,64523390.0,1.0371711715704957,-0.02339811529296243,0.3988547345076203,0.007380089784918997,-0.1860313016743822,0.004944535332101818,-0.10172274822602378,-0.01999221324659295,0.12752643897281146,1
2023-09-28,0.0015256913254819704,0.001524528640919911,0.025836332526992724,0.00797216329697976,170.63121643066407,170.15711731293015,172.361328125,171.84596276106407,175.61368103027343,174.07323121956355,179.35341033935546,177.11414570510624,0.9878465859035978,0.9779308759872634,0.9598196655905888,0.9398062979715912,31.378613064722487,37.04058752241507,39.67348182237568,-2.6633152229560437,-2.0911206430378377,-0.572194579918206,186.50141358946235,164.7259484710845,175.61368103027343,0.12399640501029098,0.17595565043941053,-0.1588032599242698,64063250.0,0.8787315660694704,-0.00889765575255641,0.03611920933782731,-0.02339811529296243,0.3988547345076203,0.007380089784918997,-0.1860313016743822,-0.008889408186366632,0.08065035029656276,1
2023-09-29,0.003046462697692265,0.0030418316334005205,0.01594539383957058,-0.004708740486430817,169.92416381835938,169.79506775126333,171.98607788085937,171.34141837322144,174.79108963012695,173.59682525845557,178.9256314086914,176.79872699619736,0.994978964902592,0.9830503184394432,0.9672745274698983,0.9449231353653728,34.45624792495268,38.27907414638975,40.45255326235858,-2.730277429018855,-2.2189520002340415,-0.5113254287848137,185.026293416708,164.5558858435459,174.79108963012695,0.1171135646358133,0.22056633548925175,-0.07875206059572537,58323410.0,0.8891986939721117,0.0015256913254819704,-0.1588032599242698,-0.00889765575255641,0.03611920933782731,-0.02339811529296243,0.3988547345076203,0.004944535332101818,-0.10172274822602378,1
2023-10-02,0.014835425421933834,0.014726456905799408,0.019395743171088248,0.014776303943811365,169.4639892578125,170.3897812921834,171.56934814453126,171.3846529188218,174.0154022216797,173.40467126946203,178.57148834228516,176.59403999140622,1.0124818206243982,1.0000574708104846,0.9860001251811448,0.9608432452841579,47.79809438353827,44.06682708295807,44.15163538953514,-2.5515389220689144,-2.285469384601016,-0.2660695374678985,182.62636517960462,165.40443926375477,174.0154022216797,0.09896782523831249,0.358541149255894,0.00585024228178721,56814100.0,0.9181611606977845,0.003046462697692265,-0.07875206059572537,0.0015256913254819704,-0.1588032599242698,-0.00889765575255641,0.03611920933782731,0.007380089784918997,-0.1860313016743822,0
2023-10-03,-0.0077698525027313226,-0.007800195080447863,0.016299290360073743,0.0008127214333730906,169.55087890625,170.34187527226288,170.91067810058593,171.17763661220363,173.16120834350585,173.10385145641058,178.17470642089845,176.34509972634802,1.004100151710545,0.9961113320972672,0.9831651376253907,0.955500736621129,42.44104240910934,41.82203665221748,42.672273920347656,-2.4887720242493856,-2.32612991253069,-0.16264211171869558,179.3754090267017,166.94700766031,173.16120834350585,0.07177358881521007,0.265444885054407,-0.049265304948767796,56590870.0,0.8763710471318077,0.014835425421933834,0.00585024228178721,0.003046462697692265,-0.07875206059572537,0.0015256913254819704,-0.1588032599242698,-0.02339811529296243,0.3988547345076203,1
2023-10-04,0.007308792868777836,0.007282213074411561,0.018657177385923134,0.015021376931607204,170.18881225585938,170.7247023299461,170.72996520996094,171.23449476367796,172.70448608398436,172.9501852648774,177.78565124511718,176.15471763689564,1.00764764835127,1.0044537655379737,0.9929699009782441,0.9645905349744721,48.70157648503957,44.65581575113205,44.49488949493143,-2.3119737480148785,-2.323298679627528,0.011324931612649358,177.91977260424554,167.4891995637232,172.70448608398436,0.060395495664484766,0.3835989514713123,0.06907405241699704,56049280.0,0.9459586278360756,-0.0077698525027313226,-0.049265304948767796,0.014835425421933834,0.00585024228178721,0.003046462697692265,-0.07875206059572537,-0.00889765575255641,0.03611920933782731,1
2023-10-05,0.007197926609906036,0.00717214517748003,0.015836740120433818,0.006444619478939396,171.022265625,171.3913787017349,170.82674102783204,171.50544688761153,172.57364196777343,172.9287134725379,177.40392639160157,176.02020837448063,1.0099546442920215,1.0111106165583947,1.0008755072664415,0.9736240620967982,54.4371930429928,47.393335817567,46.274101628935654,-2.048640639876538,-2.26836707167733,0.21972643180079166,177.64709505678343,167.50018887876342,172.57364196777343,0.05879754325353374,0.5148902014947532,-0.0847298110346415,54587160.0,0.8889984384606197,0.007308792868777836,0.06907405241699704,-0.0077698525027313226,-0.049265304948767796,0.014835425421933834,0.00585024228178721,0.0015256913254819704,-0.1588032599242698,1
2023-10-06,0.014750494889965271,0.014642764433193876,0.027100189692472937,0.021231314019639964,172.2625732421875,172.68508803911234,171.09336853027344,172.19036685602165,172.53957443237306,173.15193187647404,177.0984033203125,175.9908867407311,1.017472939217319,1.0244260675880859,1.0158394518503076,0.9896899318558909,64.10224459943208,52.60435251862207,49.764002487929105,-1.615737862619909,-2.137841229865846,0.5221033672459368,177.5302544199924,167.54889444475373,172.53957443237306,0.05784968467712814,0.7738035987354301,0.1800778521221813,54641290.0,1.0480480969611077,0.007197926609906036,-0.0847298110346415,0.007308792868777836,0.06907405241699704,-0.0077698525027313226,-0.049265304948767796,0.003046462697692265,-0.07875206059572537,1
2023-10-09,0.008451021310896367,0.008415511353637899,0.018157438405822866,0.012329664411922507,173.29747924804687,174.04130482718168,171.3807342529297,173.02007077371232,172.52130508422852,173.494961069507,176.7710269165039,176.02080249220518,1.0199440821082364,1.0313512727892795,1.0245328153356215,0.9999021982646978,68.61756895994222,55.37214950017364,51.68005331819572,-1.1399951204525394,-1.9382720079831846,0.7982768875306452,177.44704664324078,167.59556352521625,172.52130508422852,0.0571029943995313,0.9296239732013575,-0.2597652737105508,54263100.0,0.7812085929480623,0.014750494889965271,0.1800778521221813,0.007197926609906036,-0.0847298110346415,0.007308792868777836,0.06907405241699704,0.014835425421933834,0.00585024228178721,0
2023-10-10,-0.003352028227860515,-0.0033576588606952632,0.0099221048181899,0.0016282609556131384,174.480517578125,174.7479548457253,172.0156982421875,173.59119515718507,172.62449951171874,173.74889381363133,176.4195718383789,176.02631042909175,1.0096328078803123,1.0240998739242293,1.0204881426512329,0.9985357806230079,64.81317878255915,54.013412655709374,50.86524451586684,-0.8015344480775752,-1.7109244960020629,0.9093900479244876,177.76000208128116,167.48899694215632,172.62449951171874,0.05949911610563473,0.8443436473049138,0.030836879700312236,52174010.0,0.8375434435651007,0.008451021310896367,-0.2597652737105508,0.014750494889965271,0.1800778521221813,0.007197926609906036,-0.0847298110346415,-0.0077698525027313226,-0.049265304948767796,1
2023-10-11,0.0079040068241365,0.007872933789124905,0.012513904125754212,0.008978710050036356,175.69317321777345,175.68318144500176,172.9409927368164,174.31163870016135,172.90050659179687,174.11125008314784,176.11253204345704,176.08620549632562,1.010589264179748,1.0266717672527637,1.0269121713029068,1.0081828509497668,69.45620315062473,56.70231340350605,52.705238994586075,-0.4161513825613383,-1.4519698733139181,1.0358184907525798,178.45551189414334,167.3455012894504,172.90050659179687,0.0642566688998935,0.918823007224881,0.08817566021328216,50236940.0,0.946536552584612,-0.003352028227860515,0.030836879700312236,0.008451021310896367,-0.2597652737105508,0.014750494889965271,0.1800778521221813,0.007308792868777836,0.06907405241699704,1
2023-10-12,0.005061207933376721,0.005048443072796558,0.01826131884872846,0.0035541698429329377,176.83868103027345,176.60621113260535,173.93047332763672,175.064480847007,173.14590072631836,174.52468059978256,175.88322662353517,176.1789923595212,1.0091246409899586,1.0259977282512074,1.0306468114996359,1.0146065314674728,72.21664412572946,58.393215535873125,53.875741801848676,-0.03778456561994403,-1.1691328117751234,1.1313482461551794,179.20384680509537,167.08795464754135,173.14590072631836,0.06997504478436888,0.9379677296967129,0.19330783094397397,50281810.0,1.1285015396223803,0.0079040068241365,0.08817566021328216,-0.003352028227860515,0.030836879700312236,0.008451021310896367,-0.2597652737105508,0.007197926609906036,-0.0847298110346415,0
2023-10-13,-0.010292732445390529,-0.010346068916991786,0.021190903868011236,-0.014165979998723145,177.10728149414064,176.60931043280462,174.68492736816407,175.3464859717699,173.33550262451172,174.7238071172512,175.64499694824218,176.1961106604499,0.9972233074959497,1.0110517930431981,1.0189228770738141,1.0055254183257318,59.41253589216526,53.77094710119723,51.15845690827898,0.11256498319005459,-0.9127932527820879,1.0253582359721425,179.57583589750894,167.0951693515145,173.33550262451172,0.07200294433062972,0.7628069900436605,-0.09368539963449296,50238410.0,1.0236609797165157,0.005061207933376721,0.19330783094397397,0.0079040068241365,0.08817566021328216,-0.003352028227860515,0.030836879700312236,0.014750494889965271,0.1800778521221813,0
2023-10-16,-0.0007269319205015501,-0.0007271962636241381,0.014380076693514725,0.011145692903553852,177.0539581298828,176.56858081588018,175.17571868896485,175.55387426454467,173.37253341674804,174.89174182818263,175.5852606201172,176.2075228534531,0.9967985095965167,1.0074862138593241,1.0179647150785784,1.0051363135990399,58.56575243333789,53.45244314508345,50.96978214953829,0.21883568791133712,-0.6864674646434029,0.90530315255474,179.67810456046544,167.06696227303064,173.37253341674804,0.07274013962246541,0.7469711382438726,0.021193106358320835,50273660.0,1.0446225717403508,-0.010292732445390529,-0.09368539963449296,0.005061207933376721,0.19330783094397397,0.0079040068241365,0.08817566021328216,0.008451021310896367,-0.2597652737105508,0
2023-10-17,-0.008784862176710484,-0.008823676565008418,0.02043463303364717,0.002830455801164534,176.80904846191407,176.0246227249097,175.64478302001953,175.44166195153085,173.27773056030273,174.8960241819718,175.55644775390624,176.15768691970862,0.9894103727426109,0.9959687019171525,1.0095740865101455,0.996469846486036,48.77222714781991,49.629342384555,48.692718937184274,0.17592252538418052,-0.5139894666378862,0.6899119920220668,179.42744323262974,167.12801788797572,173.27773056030273,0.07098099279626517,0.6348823978501645,0.0958242093036541,51069140.0,1.1268918959669185,-0.0007269319205015501,0.021193106358320835,-0.010292732445390529,-0.09368539963449296,0.005061207933376721,0.19330783094397397,-0.003352028227860515,0.030836879700312236,0
2023-10-18,-0.007394555020073912,-0.007422030270674796,0.014046868017199088,0.0014807751687240548,176.02694702148438,175.2307909637419,175.8600601196289,175.1146556769627,173.2950126647949,174.7767006828703,175.48302612304687,176.05907674408894,0.9864576440118161,0.9873937682227869,1.0020087985872086,0.9895152327704304,41.94468936713781,46.63248260839464,46.858768893882726,0.03710479136631761,-0.40377061503704553,0.44087540640336315,179.4467925855516,167.14323274403822,173.2950126647949,0.07099777225160082,0.5282938256159625,-0.0483932065321272,51243550.0,1.0687081593683498,-0.008784862176710484,0.0958242093036541,-0.0007269319205015501,0.021193106358320835,-0.010292732445390529,-0.09368539963449296,0.0079040068241365,0.08817566021328216,0
2023-10-19,-0.0021610956042051876,-0.0021634341411191395,0.015103122051088673,-0.003294629597735343,174.9900665283203,174.57648332315867,175.91437377929688,174.77887610696808,173.37055740356445,174.63300233612003,175.4338540649414,175.94961757930085,0.9901583071513982,0.9849557163496769,0.9994076885769408,0.9876535459219438,40.04732635812557,45.76906048661135,46.32728729366579,-0.10201361092418892,-0.34341921421447424,0.24140560329028532,179.48190770372176,167.25920710340714,173.37055740356445,0.07050044011719449,0.4915984719801108,0.08287318038725888,52321050.0,1.133442467228773,-0.007394555020073912,-0.0483932065321272,-0.008784862176710484,0.0958242093036541,-0.0007269319205015501,0.021193106358320835,0.005061207933376721,0.19330783094397397,0
2023-10-20,-0.014704257040533464,-0.014813436215699322,0.016080510763412593,-0.01386111864481125,173.81098327636718,173.29101980658496,175.4591323852539,174.0409155008716,173.27625045776367,174.26034428253124,175.33806640625,175.74453817514936,0.9822169436898298,0.9729906357828618,0.9852480782705462,0.973662458315738,29.483364642786626,40.311729577022625,42.86163542389259,-0.41308829384647083,-0.35735303014087355,-0.05573526370559728,179.4892353348407,167.06326558068662,173.27625045776367,0.07171190351434194,0.2942890788486248,0.08331970274640876,53018780.0,1.2117215824279624,-0.0021610956042051876,0.08287318038725888,-0.007394555020073912,-0.0483932065321272,-0.008784862176710484,0.0958242093036541,-0.010292732445390529,-0.09368539963449296,1
2023-10-23,0.0006941172180396915,0.000693876430100429,0.023583825613032922,0.012228636669054027,172.6812774658203,172.47354404748893,174.86761779785155,173.45867496058526,173.12417602539062,173.93446316317556,175.24346313476562,175.55214814982182,0.9893289824839977,0.9769595690769216,0.9867980108349597,0.974864280089687,30.47848508171647,40.66609573391023,43.069623175344304,-0.6426472438868984,-0.4144118728900785,-0.2282353709968199,179.41895064237772,166.82940140840353,173.12417602539062,0.07271976406188235,0.3184539054086331,-0.12863302409563537,54377710.0,1.0294677727326143,-0.014704257040533464,0.08331970274640876,-0.0021610956042051876,0.08287318038725888,-0.007394555020073912,-0.0483932065321272,-0.0007269319205015501,0.021193106358320835,1
2023-10-24,0.002543390640901144,0.0025401616967437534,0.012799822356166678,0.0022536803396170607,171.94855651855468,172.07339663387285,174.37880249023436,173.0612980235044,173.19725036621094,173.6810001768389,175.12456756591797,175.38434241087356,0.9960717628249403,0.9821899185036114,0.988890420861175,0.978007278973993,34.4364755458365,42.02524895243782,43.85645279357614,-0.780515798074731,-0.48763265792700905,-0.292883140147722,179.369244458225,167.02525627419686,173.19725036621094,0.07127127109655511,0.34412261816161144,-0.21728257005614493,54389570.0,0.8056066631892843,0.0006941172180396915,-0.12863302409563537,-0.014704257040533464,0.08331970274640876,-0.0021610956042051876,0.08287318038725888,-0.008784862176710484,0.0958242093036541,0
2023-10-25,-0.013491671918545722,-0.01358351150598355,0.014085351117119995,-0.004538042571203599,171.01239929199218,171.03637819211315,173.5196731567383,172.3160331662479,173.23033294677734,173.23160409414888,174.99915435791016,175.132499230392,0.9880122260614677,0.973735935728579,0.9753623308021069,0.965503758738343,25.447605363260237,37.15130898080636,40.71428996557945,-1.063971875438483,-0.6029005014293038,-0.4610713740091792,179.3032863396196,167.15737955393507,173.23033294677734,0.07011420332151758,0.1486065871002773,0.30445995353359234,55350160.0,1.032643808075713,0.002543390640901144,-0.21728257005614493,0.0006941172180396915,-0.12863302409563537,-0.014704257040533464,0.08331970274640876,-0.007394555020073912,-0.0483932065321272,0
2023-10-26,-0.02460563042959185,-0.024913408154249774,0.03421419338935737,-0.020426106869025684,169.31980895996094,168.9592242553541,172.15493774414062,170.9503755690821,173.04270553588867,172.42906240726194,174.80797271728517,174.72749598142903,0.9733351188744098,0.957305776653189,0.9523944732108673,0.9427768872325575,16.440065056621734,30.334759371884473,35.86060507695696,-1.6055742450182322,-0.8034352501470896,-0.8021389948711426,179.86695171190928,166.21845935986806,173.04270553588867,0.07887354921881148,-0.10356770122091338,0.23563692985985973,56738380.0,1.2447535512998433,-0.013491671918545722,0.30445995353359234,0.002543390640901144,-0.21728257005614493,0.0006941172180396915,-0.12863302409563537,-0.0021610956042051876,0.08287318038725888,1
2023-10-27,0.007969424076595288,0.007937835931768375,0.012662019185328319,0.007848526330666784,168.39945373535156,168.01225505369962,171.10521850585937,170.07181940204728,172.89507293701172,171.82803900184564,174.69381744384765,174.38988110570205,0.9864540113737789,0.9708547646938193,0.960804225525328,0.9509112519324648,26.083272295410353,34.42799114733165,38.3004849636812,-1.9068367724678694,-1.0241155546112457,-0.8827212178566237,180.16952465574903,165.6206212182744,172.89507293701172,0.08414874519168633,0.03420844974709696,-0.17169767774437772,57445580.0,1.018339444044259,-0.02460563042959185,0.23563692985985973,-0.013491671918545722,0.30445995353359234,0.002543390640901144,-0.21728257005614493,-0.014704257040533464,0.08331970274640876,1
2023-10-30,0.012305256031884593,0.012230161777305253,0.013506389937388723,0.007513838489937935,167.86422424316407,168.06231839191955,170.2727508544922,169.72466043228582,172.7242347717285,171.4789348177041,174.61086669921875,174.14566792776702,1.0017765597555992,0.987606321178565,0.9735891740415121,0.9630697576115507,38.8889122215184,40.306571727137246,41.91153779184508,-1.9580739583814193,-1.2109072353652803,-0.747166723016139,180.26970748669964,165.17876205675736,172.7242347717285,0.08737016811732529,0.197713458408114,-0.1259523650791209,57306980.0,0.8922298819445729,0.007969424076595288,-0.17169767774437772,-0.02460563042959185,0.23563692985985973,-0.013491671918545722,0.30445995353359234,0.0006941172180396915,-0.12863302409563537,1
2023-10-31,0.002818788000102268,0.0028148226670818453,0.017567487995219244,0.008384990361779789,167.33689575195314,168.253698711475,169.6427261352539,169.52680569015854,172.6437545776367,171.20822286845475,174.51073333740234,173.92962053258344,1.0077661509901508,0.9940683175306575,0.9767886464421814,0.9663386092392439,41.62491251149037,41.61374317993763,42.72768663185678,-1.938089714479304,-1.356343731188085,-0.5817459832912188,180.32632999144838,164.96117916382505,172.6437545776367,0.08899916979454778,0.2391958418106448,-0.12291955956269196,56036640.0,0.8002978051503445,0.012305256031884593,-0.1259523650791209,0.007969424076595288,-0.17169767774437772,-0.02460563042959185,0.23563692985985973,0.002543390640901144,-0.21728257005614493,1
2023-11-01,0.018738555554821623,0.018565151698617645,0.02362476623275712,0.017368428191246392,167.90372009277343,169.43462014521512,169.45805969238282,169.93947065789249,172.65905990600587,171.26424573933483,174.44634765625,173.8459672965094,1.02318437565154,1.0137993042323121,0.9950040450018659,0.9848097442041244,56.701728450180305,49.545774477167626,47.85594338488692,-1.648265986644418,-1.4147281822793518,-0.23353780436506621,180.33359853223428,164.98452127977745,172.65905990600587,0.08889818617576588,0.443801384335825,0.26956473264059233,56253690.0,1.012109605609872,0.002818788000102268,-0.12291955956269196,0.012305256031884593,-0.1259523650791209,0.007969424076595288,-0.17169767774437772,-0.013491671918545722,0.30445995353359234,1
2023-11-02,0.020693315740067053,0.02048211770406725,0.013065224811269458,0.011679597777217438,170.013037109375,171.40691391842466,169.66642303466796,170.92347625915633,172.79039840698243,171.65350818938327,174.3762353515625,173.90500785213038,1.031400323447162,1.0335073866030295,1.0148220218338118,1.005592884324604,67.66345964646621,56.676570507069385,52.843757324074076,-1.118819645444006,-1.3555464749122828,0.23672682946827672,180.55432329568745,165.0264735182774,172.79039840698243,0.0898652351089351,0.6649361047778306,0.3583022012860302,58056880.0,1.3320522907879306,0.018738555554821623,0.26956473264059233,0.002818788000102268,-0.12291955956269196,0.012305256031884593,-0.1259523650791209,-0.02460563042959185,0.23563692985985973,0
2023-11-03,-0.005181156431400491,-0.005194625164936416,0.01964337017037496,0.013831429794203348,171.67796936035157,172.41893524737426,170.03871154785156,171.56338564935945,172.74892196655273,171.919171971849,174.3815673828125,173.92610471695951,1.016105785472789,1.0259015509899487,1.009806463157256,1.0003521617759412,62.914504683179736,54.55455730984258,51.52132444297045,-0.7637359909029158,-1.2371843781104095,0.4734483872074937,180.46809808627066,165.0297458468348,172.74892196655273,0.08936873274627438,0.6097303593315742,0.032254560689366274,59615400.0,1.3390701060464243,0.020693315740067053,0.3583022012860302,0.018738555554821623,0.26956473264059233,0.002818788000102268,-0.12291955956269196,0.007969424076595288,-0.17169767774437772,1
2023-11-06,0.014605116470489898,0.01449948898269104,0.01796566444608416,0.016158242237378915,173.4436279296875,173.9428694699292,170.65392608642577,172.5501769703921,172.76077194213866,172.40217825215282,174.39381256103516,174.04628641100183,1.020451082739053,1.0371325288197828,1.024484528086718,1.0148911553447173,69.8399151991098,59.17112241349973,54.84841464379736,-0.2735928876668936,-1.0444660800217065,0.7708731923548129,180.50518979303382,165.0163540912435,172.76077194213866,0.0896548187859329,0.7730977366111172,-0.2002763399858698,60401520.0,1.0569485668572578,-0.005181156431400491,0.032254560689366274,0.020693315740067053,0.3583022012860302,0.018738555554821623,0.26956473264059233,0.012305256031884593,-0.1259523650791209,1
2023-11-07,0.014450743215195017,0.014347326335363378,0.01908481509691869,0.014733869607944898,175.62601318359376,175.81137485332522,171.48145446777343,173.8225785430694,172.9301284790039,173.08276943005419,174.42600463867188,174.26205500743774,1.0223336643895862,1.0470425864848247,1.0382712786911323,1.0293670716820948,75.25246987677933,63.21137965943576,57.894382892926416,0.31756910858027254,-0.7720590423013107,1.0896281508815833,181.10098916471392,164.7592677932939,172.9301284790039,0.09449898357881652,0.9049914320952701,0.10477073618488353,63072860.0,1.1182305669982302,0.014605116470489898,-0.2002763399858698,-0.005181156431400491,0.032254560689366274,0.020693315740067053,0.3583022012860302,0.002818788000102268,-0.12291955956269196,1
2023-11-08,0.00588490596872604,0.005867657546741014,0.010170050940777869,0.002961301168403964,177.38772277832032,177.4092535643262,172.64572143554688,175.05574807820733,173.08269729614258,173.79917338779455,174.40171173095703,174.51079837915893,1.0181370399124432,1.0461018638898194,1.043460806930429,1.0355690273553089,77.22262536026147,64.76272636532434,59.0914970390884,0.8614003985733234,-0.4453671541263839,1.3067675526997073,181.6952031927413,164.47019139954386,173.08269729614258,0.09951897019333847,0.9367087686498002,-0.3004352757691763,62291190.0,0.7920911448312353,0.014450743215195017,0.10477073618488353,0.014605116470489898,-0.2002763399858698,-0.005181156431400491,0.032254560689366274,0.018738555554821623,0.26956473264059233,0
2023-11-09,-0.002624337515725106,-0.0026277871260395737,0.012663765759649318,-0.003006138126229843,178.3436309814453,178.31651653637374,174.17833404541017,175.97852887861848,173.1666358947754,174.4022085394778,174.29822143554688,174.73120010862206,1.0100222894935307,1.034175940811942,1.0402179470064041,1.0334646044972913,74.13402674457359,63.469794630003236,58.31065853016059,1.2398530623617603,-0.10832311082875506,1.3481761731905153,182.01629383946297,164.31697795008782,173.1666358947754,0.10220973455954954,0.8934845069279804,0.08964679987758495,60605010.0,0.8871131281060757,0.00588490596872604,-0.3004352757691763,0.014450743215195017,0.10477073618488353,0.014605116470489898,-0.2002763399858698,0.020693315740067053,0.3583022012860302,1
2023-11-10,0.02321985777633806,0.022954378616003933,0.016309059251418945,0.01320863542782742,180.31776733398436,180.3155642469054,175.99786834716798,177.49400720395488,173.55154342651366,175.34615626600075,174.27403869628907,175.10698283643958,1.0221602806704189,1.0472493865914176,1.062011066159213,1.0576082418631265,81.67843153978133,69.2953568252699,62.85829741167322,1.8558882519411384,0.2845191617252236,1.5713690902159148,183.56134427973,163.5417425732973,173.55154342651366,0.11535248440420541,1.0375789388455718,0.23007988691212433,61368440.0,1.0776451218248337,-0.002624337515725106,0.08964679987758495,0.00588490596872604,-0.3004352757691763,0.014450743215195017,0.10477073618488353,-0.005181156431400491,0.032254560689366274,0
2023-11-13,-0.008583695250836576,-0.008620747344534403,0.009848441749862751,-0.005489205856510479,181.46593322753907,181.12089862554112,177.45478057861328,178.44629087283806,173.86376571655273,176.04952875331617,174.18681091308594,175.40598615198363,1.0069745000219212,1.029735951812589,1.0510043115062675,1.0490551289442354,72.36413580614607,65.06843268424764,60.24807735603553,2.1911803890983776,0.6658514071998545,1.5253289818985232,184.5846437698502,163.14288766325527,173.86376571655273,0.12332504140943941,0.9135762771563406,-0.3403106448481402,60618090.0,0.7197108981823743,0.02321985777633806,0.23007988691212433,-0.002624337515725106,0.08964679987758495,0.00588490596872604,-0.3004352757691763,0.014605116470489898,-0.2002763399858698,1
2023-11-14,0.014285921852422723,0.014184839635169163,0.00965641023804171,-0.0013851598884555096,182.62466735839843,182.52795117516544,179.1253402709961,179.7000664003973,174.384033203125,176.9345313743731,174.14705322265624,175.7956359607064,1.0148796378677738,1.0347059550257534,1.0628384541291405,1.0642847687893082,77.33878679169915,68.48444904692846,62.916041169724544,2.6371470703710145,1.0601105398340867,1.5770365305369278,186.21511530182073,162.55295110442927,174.384033203125,0.13568996979115305,0.963103162495047,0.37776402498424155,62144330.0,0.9672386845268104,-0.008583695250836576,-0.3403106448481402,0.02321985777633806,0.23007988691212433,-0.002624337515725106,0.08964679987758495,0.014450743215195017,0.10477073618488353,1
2023-11-15,0.0030408566956765526,0.0030362426423715338,0.009148456310606368,0.0008516816509025952,183.68479614257814,183.65385241918582,180.53625946044923,180.8283552198208,174.997159576416,177.78892409178772,174.25267028808594,176.19210729194248,1.012090596561539,1.0297413686470758,1.062335270796479,1.0668740662617975,78.32168806798309,69.185090031595,63.47180135747005,3.0014576424144366,1.4483799603501568,1.5530776820642798,187.8389107380183,162.1554084148137,174.997159576416,0.14676525256393885,0.9247277179543739,-0.10510843742305565,61829890.0,0.8699756703432595,0.014285921852422723,0.37776402498424155,-0.008583695250836576,-0.3403106448481402,0.02321985777633806,0.23007988691212433,0.00588490596872604,-0.3004352757691763,1
2023-11-16,0.009042219596269163,0.0090015835052641,0.012176547022461171,0.0007385102296747358,185.17591857910156,184.96478650048587,181.75977478027343,182.05713693677808,175.7130989074707,178.7220412890542,174.49757110595704,176.6389522868893,1.0130186263013168,1.0320581376702107,1.0675735379402065,1.075010118904068,81.16450156336282,71.23889237216166,65.10936156737111,3.3867783543983307,1.8360596391597916,1.550718715238539,189.64009728683305,161.78610052810836,175.7130989074707,0.1585197514124568,0.9262783491527506,0.01157081640810187,59537700.0,0.913923446824449,0.0030408566956765526,-0.10510843742305565,0.014285921852422723,0.37776402498424155,-0.008583695250836576,-0.3403106448481402,-0.002624337515725106,0.08964679987758495,0
2023-11-17,-0.00010558271449900847,-0.00010558828874617517,0.009541871133418487,-0.0029434825681668667,185.82655639648436,185.83214058528486,183.07216186523436,183.05890272188802,176.55543670654296,179.56440390484738,174.72983093261718,177.06749724641844,1.0093651434549824,1.0245514492419505,1.0623680145666778,1.0734678088666847,81.01845855027372,71.17869748944372,65.07327146843426,3.6484920778977425,2.198546126907382,1.4499459509903607,191.19235602127185,161.91851739181408,176.55543670654296,0.16580536502036197,0.876151969262386,-0.06414287788373718,56647050.0,0.8989470766791916,0.009042219596269163,0.01157081640810187,0.0030408566956765526,-0.10510843742305565,0.014285921852422723,0.37776402498424155,0.02321985777633806,0.23007988691212433,1
2023-11-20,0.009278267570782317,0.009235488850911848,0.010603284469341962,0.008215269701447927,187.14167175292968,186.9904751118696,184.30380249023438,184.19494662064272,177.47886428833007,180.49228392962755,174.97359130859374,177.54748340008985,1.0115712999238797,1.02714725147936,1.0666461323388507,1.081918378363543,83.97444673103124,73.31254086009766,66.7725298631891,3.9507871694507912,2.548994335416064,1.4017928340347274,192.86760303400686,162.09012554265328,177.47886428833007,0.17341488866726604,0.8843160921824067,-0.0867510952875633,54913430.0,0.8468802622600701,-0.00010558271449900847,-0.06414287788373718,0.009042219596269163,0.01157081640810187,0.0030408566956765526,-0.10510843742305565,-0.008583695250836576,-0.3403106448481402,0
2023-11-21,-0.00423086958193386,-0.004239845035571962,0.00933696383233171,-0.0040228005732667925,187.77450256347657,187.49572018362923,185.1995849609375,184.9788127490983,178.34051971435548,181.25551501510571,175.26176818847657,177.9772373972294,1.0038967365306932,1.017854388641899,1.0570015755761795,1.0755694882892475,77.49462230608853,70.71755773184043,65.23872556508965,4.078712679531577,2.8549380042391665,1.2237746752924106,194.1665000765965,162.51453935211447,178.34051971435548,0.17748047821761623,0.8211709600325026,-0.17999316204029236,51673880.0,0.7379840646763897,0.009278267570782317,-0.0867510952875633,-0.00010558271449900847,-0.06414287788373718,0.009042219596269163,0.01157081640810187,0.014285921852422723,0.37776402498424155,1
2023-11-22,0.0035145863956147494,0.0035084246699063474,0.010976900692727273,-0.0009400382756620032,188.42711791992187,188.05339068557055,186.05595703125,185.74061619279917,179.35083923339843,182.0091546983769,175.60447296142578,178.41611952633622,1.0039358123062012,1.0167303144057909,1.0547412685550814,1.0772432415830715,79.05438736935807,71.61265247991655,65.91868193236927,4.185308869556138,3.121012177302561,1.0642966922535773,195.23286244132984,163.46881602546702,179.35083923339843,0.177105646963417,0.8090882165173918,0.03889391495889538,50701620.0,0.7813892337167925,-0.00423086958193386,-0.17999316204029236,0.009278267570782317,-0.0867510952875633,-0.00010558271449900847,-0.06414287788373718,0.0030408566956765526,-0.10510843742305565,0
2023-11-24,-0.007004393354005489,-0.007029039271027228,0.008685549749338824,-0.004715219361386739,188.47853088378906,187.983500284521,186.8272247314453,186.1229986090942,180.50277938842774,182.5648275349526,175.89045959472656,178.78582932853564,0.9966319166517772,1.0054408277617874,1.0406694019829856,1.0679585459907097,68.049958008287,67.18915705668084,63.31780100215054,4.115429595999586,3.3198956610419663,0.79553393495762,195.30277348836998,165.7027852884855,180.50277938842774,0.16398632918658632,0.7480048317729662,-0.39299101159330296,47730100.0,0.5038392963769194,0.0035145863956147494,0.03889391495889538,-0.00423086958193386,-0.17999316204029236,0.009278267570782317,-0.0867510952875633,0.009042219596269163,0.01157081640810187,0
2023-11-27,-0.0009474818541466146,-0.0009479309988052708,0.009326120106830007,-0.0006845244527480705,188.49830932617186,187.8775805119463,187.1624328613281,186.40349721958557,181.58015060424805,183.05062881417587,176.1873049926758,179.13406115748705,0.9955831521123389,1.0026891513311418,1.0335146233897134,1.0651490524507328,66.59720415055381,66.59411989377202,62.96740049977324,3.999583678479496,3.4558332645294727,0.5437504139500233,195.11809581295148,168.0422053955446,181.58015060424805,0.14911261130308495,0.7247604887127351,0.6862979919578516,45172020.0,0.8977371390520061,-0.007004393354005489,-0.39299101159330296,0.0035145863956147494,0.03889391495889538,-0.00423086958193386,-0.17999316204029236,-0.00010558271449900847,-0.06414287788373718,1
2023-11-28,0.0032141185095011515,0.003208964271871911,0.0088235713677789,0.003266914960351105,188.29066467285156,188.00802730744337,187.71616821289064,186.742665161195,182.58547439575196,183.54760901267696,176.43775329589843,179.4922909512498,0.9998845201675195,1.0029446194795537,1.031127593920022,1.067055759787971,69.197243118043,67.64008280734383,63.68259199940217,3.9113588239324883,3.5469383764100764,0.364420447522412,194.92136601374716,170.24958277775676,182.58547439575196,0.1351245673711951,0.7303622096677111,-0.0527019229346577,44650810.0,0.8603516935079117,-0.0009474818541466146,0.6862979919578516,-0.007004393354005489,-0.39299101159330296,0.0035145863956147494,0.03889391495889538,0.009278267570782317,-0.0867510952875633,0
2023-11-29,-0.005409700064643808,-0.005424385478439529,0.01647565716657886,-0.008014661226896234,188.03951110839844,187.7554990399232,187.9070068359375,186.83498831459278,183.51617355346679,183.90025982145846,176.6461068725586,179.79653218864718,0.9958037084926222,0.9965059082036897,1.0203484460203616,1.0600315275556835,59.997385807340756,63.99641612479425,61.57429481922019,3.7164167575060105,3.5808340526292635,0.13558270487674706,194.20012411812348,172.8322229888101,183.51617355346679,0.11643606509203906,0.6747606809305757,0.11971240700344143,42941390.0,1.0016955669110852,0.0032141185095011515,-0.0527019229346577,-0.0009474818541466146,0.6862979919578516,-0.007004393354005489,-0.39299101159330296,-0.00423086958193386,-0.17999316204029236,1
2023-11-30,0.0030628330594635322,0.0030581521417658956,0.011213503116785357,0.0005794385402104076,187.770556640625,187.77831914347746,188.09883728027344,187.01480123022787,184.31754837036132,184.27394549089917,176.93663635253907,180.11133325382124,1.000284404066944,0.9985386516277188,1.0190237501053288,1.0615323271792865,63.21071211182069,65.13535089481775,62.31202501026386,3.567082673125327,3.5780837767284766,-0.011001103603149431,193.68873153697885,174.9463652037438,184.31754837036132,0.10168519763280917,0.6870847532206669,0.13437887953280536,42441780.0,1.1496784536369586,-0.005409700064643808,0.11971240700344143,0.0032141185095011515,-0.0527019229346577,-0.0009474818541466146,0.6862979919578516,0.0035145863956147494,0.03889391495889538,1
2023-12-01,0.006791325956918115,0.006768368783942776,0.012183652813887611,0.004781188742472296,188.02171936035157,188.21872378933654,188.2501251220703,187.39384338492366,185.00494995117188,184.73352526139018,177.28348754882813,180.46381167841864,1.0057323894514412,1.0045121242731372,1.0221322896007026,1.0666505702002964,69.5562782740156,67.59098166026922,63.929282527378966,3.511187688954209,3.5647045591736233,-0.053516870219414425,193.63191154499884,176.37798835734492,185.00494995117188,0.09326195430018348,0.7373131655537155,-0.06331874149492567,41570970.0,1.0994403065408385,0.0030628330594635322,0.13437887953280536,-0.005409700064643808,0.11971240700344143,0.0032141185095011515,-0.0527019229346577,-0.007004393354005489,-0.39299101159330296,0
2023-12-04,-0.009464749245672532,-0.009509824628412326,0.013725419437489398,-0.0028950577120056653,187.95052185058594,187.9157336655473,188.22441558837892,187.37855430002276,185.64828872680664,184.9788803239215,177.57755798339844,180.73227998193042,0.9965907600239249,0.9951405763829789,1.008949528716675,1.0548053230661059,54.24120397833412,61.08935547336937,60.127948252900175,3.284607341463385,3.508685115631576,-0.2240777741681912,192.82605302530996,178.47052442830332,185.64828872680664,0.07732647952457951,0.6157369218371068,-0.0506576989725368,40817650.0,1.0630082819564575,0.006791325956918115,-0.06331874149492567,0.0030628330594635322,0.13437887953280536,-0.005409700064643808,0.11971240700344143,-0.0009474818541466146,0.6862979919578516,1
2023-12-05,0.021063282634105063,0.020844518294207835,0.021817812328883968,0.016876038808551885,188.54776000976562,189.0288596751435,188.4192123413086,188.08338291717058,186.36150741577148,185.57661664491334,177.92505859375,181.14494004908357,1.0143589702918248,1.0150510094898937,1.0262586643906397,1.074919481302642,70.78468780801921,68.3228872581439,64.95164549412326,3.3843851386498613,3.4838251202352333,-0.09943998158537193,192.74760421098918,179.9754106205538,186.36150741577148,0.06853450461709724,0.8831451695368199,0.5355881031125043,42829980.0,1.5556486367726532,-0.009464749245672532,-0.0506576989725368,0.006791325956918115,-0.06331874149492567,0.0030628330594635322,0.13437887953280536,0.0032141185095011515,-0.0527019229346577,0
2023-12-06,-0.005687127790239388,-0.005703361077936062,0.013779085875433339,-0.010953919554909486,189.13115539550782,189.40837959462692,188.58533325195313,188.46229864742932,186.8924591064453,186.013835958121,178.3321746826172,181.49876277004475,1.0054790763368358,1.0083892323669037,1.017523234178663,1.0663662896055637,63.411021008650756,64.74916797172793,62.753979838855955,3.3372226610740654,3.454504628403,-0.11728196732893448,192.6602889430103,181.1246292698803,186.8924591064453,0.0617235159100765,0.7838988336988487,-0.3833005144953203,43125500.0,0.9527935907989472,0.021063282634105063,0.5355881031125043,-0.009464749245672532,-0.0506576989725368,0.006791325956918115,-0.06331874149492567,-0.005409700064643808,0.11971240700344143,1
2023-12-07,0.010139284777785251,0.010088227065627795,0.007257958671436759,0.0033052697077385045,189.98547973632813,190.30411341464713,188.87801818847657,189.12289544874898,187.46698760986328,186.5930497768416,178.80807250976562,181.9143242714033,1.0111066452093491,1.0170351367357116,1.0246901788087446,1.0743115697094503,69.89654064979355,67.94960770714276,64.96073019434846,3.4160544371794117,3.4468145901582825,-0.030760152978870803,192.8942911620551,182.03968405767145,187.46698760986328,0.057901432368311884,0.9264174097056861,0.15546475150706862,43911500.0,1.0812133495781286,-0.005687127790239388,-0.3833005144953203,0.021063282634105063,0.5355881031125043,-0.009464749245672532,-0.0506576989725368,0.0030628330594635322,0.13437887953280536,1
2023-12-08,0.007412478783361154,0.0073851413713762635,0.011854311198357146,0.007775539595026052,190.86947021484374,191.3759041009757,189.44559478759766,189.9222754532733,188.13640975952148,187.25271031939315,179.3073129272461,182.36942863227503,1.0138839137333289,1.021504277735266,1.0286126206032742,1.0792615332546605,73.88470954352289,70.10793956083151,66.49976312232333,3.5524756463267977,3.4679468013919856,0.08452884493481205,193.05844670368515,183.21437281535782,188.13640975952148,0.05232412960845888,1.04683414358504,0.12487336159923501,46847310.0,1.1400099600169145,0.010139284777785251,0.15546475150706862,-0.005687127790239388,-0.3833005144953203,0.021063282634105063,0.5355881031125043,0.006791325956918115,-0.06331874149492567,0
2023-12-11,-0.012927269110260875,-0.013011553418824526,0.01071543328864756,0.00036244661181943164,191.6110809326172,191.25653840292912,189.78080139160156,190.1214630084665,188.47161712646485,187.61129095629246,179.74624969482423,182.70858072539508,0.9969037598301014,1.006518075622844,1.0135096728048054,1.0627081640431926,58.105883521799804,62.184684416316955,61.515325742331854,3.419310212879253,3.4582194836894393,-0.038909270810186136,193.21659322031113,183.72664103261857,188.47161712646485,0.05035215557854939,0.768303762760072,0.14113102549507173,48886420.0,1.2466386370693538,0.007412478783361154,0.12487336159923501,0.010139284777785251,0.15546475150706862,-0.005687127790239388,-0.3833005144953203,-0.009464749245672532,-0.0506576989725368,1
2023-12-12,0.007920011138676353,0.007888812471388411,0.015407528614636568,0.008442121749298337,191.86619262695314,191.68124899062462,190.20697631835938,190.5595006734754,188.961572265625,188.07980326198037,180.16527893066407,183.09376070345863,1.0034632340901997,1.012216659412991,1.0188879561997586,1.0686335974875065,63.5916362218914,64.7771542899662,63.263755766266605,3.3966960630428673,3.4459147995601254,-0.049218736517258055,193.23475867406447,184.68838585718552,188.961572265625,0.04522809963109975,0.9176155167653958,-0.13531833479096278,50314570.0,1.0473487103238683,-0.012927269110260875,0.14113102549507173,0.007412478783361154,0.12487336159923501,0.010139284777785251,0.15546475150706862,0.021063282634105063,0.5355881031125043,1
2023-12-13,0.016691327810399503,0.016553558519705663,0.01591227414453152,0.014711212414017325,192.98156127929687,193.03558689218727,191.05635833740234,191.5021846774458,189.48168258666993,188.80975177944057,180.67524291992189,183.58985882078625,1.0143158828112975,1.024536761815754,1.0330511109208567,1.0834038993492288,72.5117164937775,69.5522020852392,66.64376528080116,3.5966245968409964,3.4760567590163,0.1205678378246966,194.35598887453395,184.60737629880592,189.48168258666993,0.05144883897296492,1.1424073230928324,0.33602166351341345,53053570.0,1.327039820317464,0.007920011138676353,-0.13531833479096278,-0.012927269110260875,0.14113102549507173,0.007412478783361154,0.12487336159923501,-0.005687127790239388,-0.3833005144953203,1
2023-12-14,0.0007578559147685127,0.0007575688869827198,0.01746500148613562,0.00045448104206064887,193.740966796875,193.9879274756509,191.86322326660155,192.3004435801971,189.9810302734375,189.48430957592987,181.1632879638672,184.07231959811142,1.011105766019837,1.0210013430785407,1.0311166770736644,1.0813041143393725,72.86969255295206,69.75602905831954,66.79186078891243,3.7241104513439893,3.525667497481838,0.1984429538621515,195.31243432160588,184.64962622526915,189.9810302734375,0.05612564623420494,1.0544110252881294,-0.05074413174214043,54857290.0,1.2182811072147384,0.016691327810399503,0.33602166351341345,0.007920011138676353,-0.13531833479096278,-0.012927269110260875,0.14113102549507173,0.010139284777785251,0.15546475150706862,0
2023-12-15,-0.002725654380606124,-0.0027293757401388214,0.007086064911598345,0.0002025441460493008,194.10880432128906,194.44484268233498,192.4891372680664,192.8564853102891,190.36963119506837,190.04377276828924,181.615966796875,184.51492169605618,1.0064390112482755,1.0149075208521534,1.0262071311969008,1.0756690424372126,69.09144363093262,67.99177954231169,65.68965099068174,3.7389593769008513,3.568325873365641,0.17063350353521045,196.0667381777167,184.67252421242003,190.36963119506837,0.05985310731427128,0.9378574876538103,0.92331771198056,63140650.0,2.0357471771354905,0.0007578559147685127,-0.05074413174214043,0.016691327810399503,0.33602166351341345,0.007920011138676353,-0.13531833479096278,0.007412478783361154,0.12487336159923501,0
2023-12-18,-0.008503380372733793,-0.008539740380325967,0.011435017102166654,-0.0010199242795515566,194.64473571777344,194.19571645130927,193.1279083251953,193.00939052464702,190.6761619567871,190.39174336076246,181.98446594238283,184.87502139382877,0.9951333298328235,1.0029491111305544,1.015845200582312,1.0643626256022498,58.14785867142043,62.6801425819356,62.3294974920753,3.5754658214594315,3.569753862984399,0.005711958475032475,196.39673534413518,184.95558856943902,190.6761619567871,0.060003026373527855,0.7640733566282694,-0.5662626888151712,64376890.0,0.8660235062613307,-0.002725654380606124,0.92331771198056,0.0007578559147685127,-0.05074413174214043,0.016691327810399503,0.33602166351341345,-0.012927269110260875,0.14113102549507173,1
2023-12-19,0.005360261417910683,0.005345946348899338,0.005382337490876816,0.003976339542899034,195.08574829101562,194.37572197828172,193.47597045898436,193.32327098057056,190.94759140014648,190.80545666280668,182.34410583496094,185.2617159678836,0.9982058389100421,1.0065112094812274,1.0198386457996305,1.0679573772923663,62.48114435533032,64.54448654467546,63.55298361006643,3.489451411689913,3.553693372725502,-0.06424196103558888,196.89329956903856,185.0018832312544,190.94759140014648,0.06227581217751377,0.8185610127906734,-0.26972713037582574,61785460.0,0.6589592438091422,-0.008503380372733793,-0.5662626888151712,-0.002725654380606124,0.92331771198056,0.0007578559147685127,-0.05074413174214043,0.007920011138676353,-0.13531833479096278,0
2023-12-20,-0.010714060999352681,-0.010771869833268137,0.01462809022194598,-0.010512910764831851,194.46676025390624,193.80025548877637,193.72416076660156,193.20073489496966,191.15474700927734,190.98106293394562,182.6738671875,185.55142602834957,0.9906542498997377,0.994451707765399,1.0078186679842993,1.0546080042857287,50.277038277331684,58.24743284788812,59.477057825590926,3.2158580699170045,3.486126312163803,-0.27026824224679835,197.03410932922526,185.27538468932943,191.15474700927734,0.0615141649572801,0.6271035376929722,0.28316234424928965,62900770.0,0.8305589899773882,0.005360261417910683,-0.26972713037582574,-0.008503380372733793,-0.5662626888151712,-0.002725654380606124,0.92331771198056,0.016691327810399503,0.33602166351341345,0
2023-12-21,-0.000770110188408113,-0.0007704068755902518,0.018389161525277083,-0.007241271716150826,193.7884307861328,193.3671574270879,193.76469879150392,193.0735033329226,191.32135848999025,191.12581515963757,182.97281372070313,185.8239568234618,0.9933563140111149,0.993477978725357,1.00616555737964,1.0520741163086225,49.47533597424896,57.81548857456251,59.19360875905798,2.953021274940511,3.3795053047191446,-0.42648402977863364,197.15483695162823,185.48788002835227,191.32135848999025,0.0609809433476627,0.6011062971671169,-0.11026016982244446,62801250.0,0.7401524651181306,-0.010714060999352681,0.28316234424928965,0.005360261417910683,-0.26972713037582574,-0.008503380372733793,-0.5662626888151712,0.0007578559147685127,-0.05074413174214043,0
2023-12-22,-0.005547275336854951,-0.005562718607214661,0.01260331799835601,-0.00809502321731407,193.0033172607422,192.72247344097528,193.55606079101562,192.7752491758003,191.50082778930664,191.15508090336255,183.23243041992188,186.04392343700252,0.9918643274412176,0.9890318323611793,0.9996463601680555,1.0447555873708287,43.63286889919964,54.672814683811154,57.13575232334104,2.6282572661166057,3.229255696998637,-0.6009984308820311,197.1119183169016,185.88973726171167,191.50082778930664,0.05860121433802271,0.4939653156348497,-0.20078309041036946,61175570.0,0.607262016520647,-0.000770110188408113,-0.11026016982244446,-0.010714060999352681,0.28316234424928965,0.005360261417910683,-0.26972713037582574,-0.002725654380606124,0.92331771198056,0
2023-12-26,-0.00284103952251602,-0.0028450829354467848,0.005490792757509445,-0.0028923999629583666,192.4416717529297,192.11139444404864,193.54320373535157,192.43233777114483,191.66200256347656,191.1297623840133,183.51790496826172,186.23393571202968,0.991932956679323,0.9862874684621566,0.9959680786856784,1.040166824502538,40.77199959899088,53.08998531121663,56.092908651213854,2.3004753173684946,3.0434996210726086,-0.743024303704114,197.0018207517231,186.32218437523002,191.66200256347656,0.05572119790909567,0.42764115873999387,-0.22154478110127696,57973130.0,0.49883972109147806,-0.005547275336854951,-0.20078309041036946,-0.000770110188408113,-0.11026016982244446,-0.010714060999352681,0.28316234424928965,-0.008503380372733793,-0.5662626888151712,1
2023-12-27,0.0005179807670863124,0.0005178466613562375,0.012477368564665699,0.0034286892019635452,191.69214782714843,191.73696743047256,193.38894805908203,192.16975152244947,191.7979621887207,191.11627200489968,183.8079248046875,186.42037405286462,0.9963272651915667,0.9875854609073719,0.9957775944219702,1.0390635420440246,41.5843824837151,53.3543837834221,56.245357956479516,2.0253374755232016,2.8398671919627274,-0.8145297164395258,196.9192845655735,186.67663981186791,191.7979621887207,0.05340330333451232,0.42093362555531333,0.6628237889575475,57512210.0,0.8361302756405987,-0.00284103952251602,-0.22154478110127696,-0.005547275336854951,-0.20078309041036946,-0.000770110188408113,-0.11026016982244446,0.005360261417910683,-0.26972713037582574,1
2023-12-28,0.0022264038699975064,0.0022239291054375683,0.007697104448136464,-0.0028845037619979978,191.4449493408203,191.62908831302337,192.9558547973633,192.0322203507541,192.0061065673828,191.14456324996874,184.13745727539063,186.61617624993363,0.9998348388776817,0.9920058154189817,0.996912720642821,1.039513268567909,45.34553823034238,54.54100763209004,56.92076146224523,1.8206132888707316,2.6360164113443285,-0.8154031224735969,196.69100228397033,187.32121085079527,192.0061065673828,0.04879944497956279,0.43673535921418777,-0.2919208030327922,53876780.0,0.6319958245463073,0.0005179807670863124,0.6628237889575475,-0.00284103952251602,-0.22154478110127696,-0.005547275336854951,-0.20078309041036946,-0.010714060999352681,0.28316234424928965,0
2023-12-29,-0.005424065946540213,-0.005438829602466155,0.01386795920570281,-0.007065472719503437,191.019775390625,191.21108939292705,192.40410308837892,191.7309242056596,192.13366317749023,191.07128023118452,184.4720965576172,186.76358469318072,0.996625041378191,0.9894544268907169,0.9908471446613115,1.0319993923486064,38.317649884587226,51.12139826369771,54.75390364673751,1.5566466700791466,2.420142463091292,-0.8634957930121456,196.48304658749,187.78427976749046,192.13366317749023,0.045274558742804775,0.2978366748821587,0.25322247642430673,51460830.0,0.8292151525733261,0.0022264038699975064,-0.2919208030327922,0.0005179807670863124,0.6628237889575475,-0.00284103952251602,-0.22154478110127696,-0.000770110188408113,-0.11026016982244446,0
2024-01-02,-0.03578670230936398,-0.03644274568211502,0.024509820441270338,-0.008068365247562525,189.44559326171876,188.6614578700243,191.22445526123047,190.24570068176124,191.85679626464844,190.35612924004494,184.67798309326173,186.63803999243711,0.9689441261936766,0.9599305411719209,0.9567667051575902,0.9939581955014123,17.524563521098287,35.42543729174169,43.376603382606945,0.7886167121120877,2.0938373128954515,-1.3052206007833638,197.4660154398352,186.24757708946169,191.85679626464844,0.05847297864235532,-0.239372199710268,0.933082740244797,46855860.0,1.76047777161704,-0.005424065946540213,0.25322247642430673,0.0022264038699975064,-0.2919208030327922,0.0005179807670863124,0.6628237889575475,-0.005547275336854951,-0.20078309041036946,0
2024-01-03,-0.0074875734958435025,-0.007515746091960641,0.01329721686312761,0.00016284214036540852,187.7052978515625,186.5035583798209,190.0734848022461,188.78062044860718,191.6006965637207,189.57818925522295,184.90733642578124,186.46351918486758,0.9706053131408592,0.9585122279888938,0.95087211407305,0.9852922167452303,15.5398159169753,33.21013477030958,41.54785250665769,0.06825518167354971,1.6887208866510712,-1.6204657049775215,198.36560059691774,184.83579253052366,191.6006965637207,0.07061460792703575,-0.19571845499323068,-0.29184845924350855,47122120.0,1.2396407462143044,-0.03578670230936398,0.933082740244797,-0.005424065946540213,0.25322247642430673,0.0022264038699975064,-0.2919208030327922,-0.00284103952251602,-0.22154478110127696,0
2024-01-04,-0.012700152103999218,-0.012781488425313412,0.012148817605342394,-0.0013175418194709646,185.4824645996094,184.29368796773218,188.5873062133789,187.161225302234,191.03163833618163,188.65397572077836,185.0880435180664,186.20510459501216,0.9697625461891425,0.9537966831130967,0.9415924435878449,0.9718291021105165,12.712152371956108,29.828423095198488,38.66631135954805,-0.6814860854528035,1.2146794922302964,-1.8961655776831,199.5138586896816,182.54941798268166,191.03163833618163,0.08880435123079218,-0.15771052434537433,0.23228992801444837,50249070.0,1.4325359653422443,-0.0074875734958435025,-0.29184845924350855,-0.03578670230936398,0.933082740244797,-0.005424065946540213,0.25322247642430673,0.0005179807670863124,0.6628237889575475,0
2024-01-05,-0.004013074409289441,-0.004021148400654817,0.014295156433334061,-0.004450864294375972,183.03021850585938,182.57982518161313,187.23758392333986,185.70502063080508,190.4808723449707,187.74903513873994,185.2456234741211,185.92851616420285,0.9788115922707035,0.9568169800926545,0.9405254050124324,0.9671057067342951,11.922538539529071,28.841714182475258,37.807378014405955,-1.3187072680025835,0.7080021401837204,-2.0267094081863037,200.42119440348833,180.54055028645305,190.4808723449707,0.10437081619948906,-0.06983932054235219,-0.1334178896304158,51262760.0,1.2168619091129702,-0.012700152103999218,0.23228992801444837,-0.0074875734958435025,-0.29184845924350855,-0.03578670230936398,0.933082740244797,0.0022264038699975064,-0.2919208030327922,1
2024-01-08,0.024174868187411658,0.023887281752097384,0.0220953123381077,0.019056517603878147,181.65181579589844,182.88090945538534,186.3357955932617,185.30103106210046,190.0502471923828,187.34275350675802,185.53603820800782,185.83261662846667,1.0100811665383451,0.9846904477948026,0.9654450899882,0.9889349787518017,38.61314197732112,41.372667551933034,45.44242349717899,-1.4574354762921473,0.27491461688854685,-1.732350093180694,200.41077897536286,179.68971540940277,190.0502471923828,0.10902939549973177,0.18306794829578815,-0.05186302595235304,52528960.0,1.125940814362211,-0.004013074409289441,-0.1334178896304158,-0.012700152103999218,0.23228992801444837,-0.0074875734958435025,-0.29184845924350855,-0.005424065946540213,0.25322247642430673,0
2024-01-09,-0.0022634156045029385,-0.002265981001372861,0.013071179523189657,0.006633325537457047,181.5529327392578,182.94319948392877,185.49926300048827,184.89498533099413,189.52766189575195,186.93561312906826,185.90129547119142,185.72419164464506,1.0083438299723497,0.9868922203778985,0.9659158864193158,0.9847579548975499,37.34703380058034,40.63373571782771,44.88759002224925,-1.582645938708282,-0.09659749423081895,-1.486048444477463,200.18562067345326,178.86970311805064,189.52766189575195,0.11246863567138425,0.19694561175017142,-0.2756418601898739,53098180.0,0.8068412137666489,0.024174868187411658,-0.05186302595235304,-0.004013074409289441,-0.1334178896304158,-0.012700152103999218,0.23228992801444837,-0.03578670230936398,0.933082740244797,1
2024-01-10,0.005671500717230993,0.005655478309224867,0.013319704038993772,0.009980994179395021,181.93659057617188,183.330815850614,184.8209442138672,184.75154228608324,189.18207397460938,186.66613079144122,186.26105010986328,185.6607350540309,1.0119242533947794,0.9961319555371626,0.9731685709751429,0.9884302084380615,42.816015349157354,43.35748810552823,46.59913510678184,-1.5798845717751533,-0.39325490973968585,-1.1866296620354675,200.0700964283092,178.29405152090956,189.18207397460938,0.11510628068451273,0.2668986534418773,0.09222535000863652,54885540.0,0.8525542428843735,-0.0022634156045029385,-0.2756418601898739,0.024174868187411658,-0.05186302595235304,-0.004013074409289441,-0.1334178896304158,-0.0074875734958435025,-0.29184845924350855,0
2024-01-11,-0.003222722764785191,-0.00322792691983511,0.018481642342001756,-0.005092725326654242,182.66434631347656,183.39145251043539,184.07340545654296,184.52630293044592,188.7311767578125,186.36580650940664,186.56805572509765,185.57649939818964,1.0046444724092223,0.996954043279233,0.9723498204304056,0.9836235100208073,40.46133009095629,42.16688981705596,45.74668500395904,-1.6070473151246176,-0.6360133908166723,-0.9710339243079453,199.77298286632438,177.68937064930063,188.7311767578125,0.11701093903188206,0.2636957723921816,0.04991141818523759,54989610.0,0.8934124100898333,0.005671500717230993,0.09222535000863652,-0.0022634156045029385,-0.2756418601898739,0.024174868187411658,-0.05186302595235304,-0.012700152103999218,0.23228992801444837,1
2024-01-12,0.0017782116276381377,0.001776632481102481,0.008336935601458663,-0.0007524421771765616,183.60173645019532,183.54065177127984,183.31597747802735,184.40134790545008,188.13591613769532,186.1251630602221,186.8721075439453,185.50836413916136,1.001292546831864,1.0028533945711529,0.9771608423689726,0.9837693420872706,42.49074017081394,43.09247029374341,46.31383950597541,-1.583983156149344,-0.8256073438832068,-0.7583758122661373,198.88087061460092,177.3909616607897,188.13591613769532,0.11422544612950405,0.30005192883962756,-0.17608145186898005,55632400.0,0.7275939919902791,-0.003222722764785191,0.04991141818523759,0.005671500717230993,0.09222535000863652,-0.0022634156045029385,-0.2756418601898739,-0.004013074409289441,-0.1334178896304158,0
2024-01-16,-0.012317070377046102,-0.012393554174829855,0.018134301271623885,0.008069835261037073,183.22005920410157,182.88533177167355,182.4359375,183.88741042672478,187.42002029418944,185.69178484234007,187.06767211914064,185.3541024777221,0.9910197200088897,0.995279188194272,0.9688116108804534,0.9706363997346302,33.301545989060614,38.48929195481619,43.035970714674484,-1.7284944445579526,-1.006184764018156,-0.7223096805397966,197.9071884814031,176.9328521069758,187.42002029418944,0.11191086385277473,0.22131044256278135,0.620715552722727,57925490.0,1.1325411317193863,0.0017782116276381377,-0.17608145186898005,-0.003222722764785191,0.04991141818523759,0.005671500717230993,0.09222535000863652,0.024174868187411658,-0.05186302595235304,0
2024-01-17,-0.005173416862757407,-0.005186845317794569,0.01439670313919454,0.007778387874923849,182.7335693359375,182.1353312478475,182.14325103759765,183.29612311281033,186.68385314941406,185.21021773356438,187.17334869384766,185.16905258448577,0.988517494933376,0.9917212368352255,0.9676001815519751,0.9650697145759446,30.1461795441342,36.73612977520126,41.74889912081782,-1.8969524233544348,-1.1843382958854118,-0.712614127469023,196.9022136147936,176.46549268403453,186.68385314941406,0.10947235438944125,0.2040365247579816,-0.2787311555873969,54408360.0,0.8696714990122841,-0.012317070377046102,0.620715552722727,0.0017782116276381377,-0.17608145186898005,-0.003222722764785191,0.04991141818523759,-0.0022634156045029385,-0.2756418601898739,1
2024-01-18,0.032570636022603905,0.03205145612570614,0.01754756652129719,0.013649355660741044,183.2161071777344,183.59646676288793,182.57634887695312,183.88205305465732,186.3249168395996,185.3348386916029,187.41486389160156,185.221981416191,1.0180258748322304,1.0215930975740597,1.0010402309935604,0.9952184897183443,58.72387728329773,51.604620889212775,51.32267491633832,-1.5379858190181324,-1.255067800511956,-0.28291801850617637,196.02372371034667,176.62610996885255,186.3249168395996,0.10410638614798273,0.5099919998383374,0.6485647985730407,56367490.0,1.3838792538039213,-0.005173416862757407,-0.2787311555873969,-0.012317070377046102,0.620715552722727,0.0017782116276381377,-0.17608145186898005,0.005671500717230993,0.09222535000863652,1
2024-01-19,0.015532868465599536,0.015413468295011145,0.016339474127765246,0.011778353699742491,184.39674377441406,185.53628077975083,183.53054504394532,184.8882086471699,186.0589256286621,185.72351203654324,187.6633673095703,185.386449157261,1.0272193799973106,1.032067489191633,1.018042580722595,1.0093387512386223,66.57893448608311,56.9679347199602,55.13525369684807,-1.008103915762348,-1.2056750235620346,0.19757110779968667,195.0892262820263,177.02862497529793,186.0589256286621,0.09706925505296021,0.6858732789568768,-0.11669388686482285,56059430.0,1.2291063251980978,0.032570636022603905,0.6485647985730407,-0.005173416862757407,-0.2787311555873969,-0.012317070377046102,0.620715552722727,-0.003222722764785191,0.04991141818523759,1
2024-01-22,0.012163310753457557,0.01208993210815802,0.01583375797556811,0.008268311558282641,185.972900390625,187.5974649778417,184.78731842041014,186.13032223387054,186.012451171875,186.2945902591604,187.90679626464845,185.63481716576152,1.0309019914800885,1.037516183539398,1.030682796588035,1.0202921724236345,71.59424381179113,60.698049718401045,57.8892807489418,-0.39767705891424043,-1.0440754306324758,0.6463983717182353,194.91527092068614,177.10963142306386,186.012451171875,0.09572283675338442,0.8205378949130463,-0.12726731782360712,55834850.0,1.0769958189195459,0.015532868465599536,-0.11669388686482285,0.032570636022603905,0.6485647985730407,-0.005173416862757407,-0.2787311555873969,0.0017782116276381377,-0.17608145186898005,1
2024-01-23,0.006653321714401139,0.006631286055701204,0.009837064458418565,0.0008203691919563081,188.25704345703124,189.39677902005855,185.7385513305664,187.37851948307446,186.03717346191405,186.93276329204915,188.15460418701173,185.92346775159407,1.0251696486912185,1.0390702722829492,1.037402383153293,1.0257277941105765,74.10433027375613,62.62948901351132,59.34023739311547,0.18686470268696098,-0.7978874039685885,0.9847521066555495,195.01436326042614,177.05998366340197,186.03717346191405,0.09650963440755475,0.8875507702717514,-0.29564521842089075,54155960.0,0.782104130367184,0.012163310753457557,-0.12726731782360712,0.015532868465599536,-0.11669388686482285,0.032570636022603905,0.6485647985730407,-0.012317070377046102,0.620715552722727,0
2024-01-24,-0.0034840676661964665,-0.003490151164270601,0.010488475809366942,-0.004707799496292937,190.59457702636718,190.3721853623307,186.66407318115233,188.27751558558361,186.0816680908203,187.44611898298493,188.39844329833986,186.17442972395804,1.009068573972431,1.030316090125339,1.0335408104414052,1.0208311421253113,70.2847285888311,60.92964800722841,58.22972401351206,0.5890700360667154,-0.5204959159615277,1.109565952028243,195.17348415190537,176.98985202973523,186.0816680908203,0.09771855717294682,0.8432389037636241,0.2662150931635958,55234910.0,0.9709674551836873,0.006653321714401139,-0.29564521842089075,0.012163310753457557,-0.12726731782360712,0.015532868465599536,-0.11669388686482285,-0.005173416862757407,-0.2787311555873969,0
2024-01-25,-0.0016965141446262377,-0.00169795485443465,0.016274417736564555,-0.005378562878763394,191.69017333984374,190.91369669500432,187.45314025878906,188.95373445372326,186.1370422363281,187.8795094951151,188.5521044921875,186.40275480773818,1.0015991744134132,1.024238479522348,1.0314804460929583,1.0182687691417773,68.29200842708718,60.0775656098433,57.67974979252761,0.8714471965012365,-0.24210729346897486,1.1135544899702112,195.35788155294486,176.91620291971137,186.1370422363281,0.09907581216327212,0.8177409844602652,0.02220345208861252,56037830.0,0.9783051913323553,-0.0034840676661964665,0.2662150931635958,0.006653321714401139,-0.29564521842089075,0.012163310753457557,-0.12726731782360712,0.032570636022603905,0.6485647985730407,0
2024-01-26,-0.009012853126797893,-0.009053714591755734,0.014655400126101828,-0.009522860260614559,191.86024780273436,190.69789150597944,188.1284957885742,189.19237930357897,186.1009506225586,188.10682107919268,188.70279876708983,186.55426564382412,0.9916920430727081,1.0113634318415963,1.0223821022484674,1.0082854222144824,58.09968279769078,55.63387025340162,54.797604498149404,0.9447111846085647,-0.004743597853466924,0.9494547824620316,195.25093487149945,176.95096637361775,186.1009506225586,0.09833355733360472,0.7276140806391684,-0.18656892019824123,55584390.0,0.8022756029165743,-0.0016965141446262377,0.02220345208861252,-0.0034840676661964665,0.2662150931635958,0.006653321714401139,-0.29564521842089075,0.015532868465599536,-0.11669388686482285,0
2024-01-29,-0.003585769230985192,-0.00359221351122075,0.013665024647007681,-0.0014582510666491075,191.43308715820314,190.32660438777538,188.70299377441407,189.26358854863136,186.0094856262207,188.24750765749502,188.7876382446289,186.6730799382376,0.9903409748320683,1.0046689051367481,1.0192170012895438,1.0042184536770693,54.3673816647824,53.93986575226987,53.68705117377745,0.9369212263388533,0.18358936698499714,0.7533318593538562,194.98003978293042,177.038931469511,186.0094856262207,0.09645265268606476,0.6992376648477633,0.05721845988249541,56251170.0,0.8381265669674071,-0.009012853126797893,-0.18656892019824123,-0.0016965141446262377,0.02220345208861252,-0.0034840676661964665,0.2662150931635958,0.012163310753457557,-0.12726731782360712,0
2024-01-30,-0.019245883502370553,-0.019433496605714574,0.02302702608835938,-0.015188064932403907,190.0210693359375,188.86284225623828,189.13905639648436,188.6584484476373,185.7874969482422,188.02729911803493,188.78823150634764,186.64414809725434,0.9784984299001588,0.9830614656519993,1.000795645817668,0.984888287313144,38.81122026536187,45.89181601582057,48.201467538951256,0.6290754603581945,0.27268658565963666,0.35638887469855784,194.531816426183,177.04317747030137,185.7874969482422,0.09413248600229396,0.5084524041747774,0.18482742822235787,55276810.0,1.0105395011036273,-0.003585769230985192,0.05721845988249541,-0.009012853126797893,-0.18656892019824123,-0.0016965141446262377,0.02220345208861252,0.006653321714401139,-0.29564521842089075,0
2024-01-31,-0.019357583388132316,-0.019547394926627208,0.014913232597739424,-0.014114625130518315,188.023681640625,186.68724802759635,189.3091293334961,187.5089231972146,185.72619018554687,187.48527630396612,188.6832196044922,186.47520344913897,0.9697505015289328,0.9631656973557811,0.9817466205932103,0.9663607603925549,29.196860106493588,39.613014025019986,43.588427569118544,0.09359647652357239,0.2368685638324238,-0.1432720873088514,194.54889833791165,176.9034820331821,185.72619018554687,0.09500769001453799,0.30787471620458734,-0.007010458400913744,56091850.0,0.9888744978102879,-0.019245883502370553,0.18482742822235787,-0.003585769230985192,0.05721845988249541,-0.009012853126797893,-0.18656892019824123,-0.0034840676661964665,0.2662150931635958,1
2024-02-01,0.013340473335623049,0.013252272780088477,0.01675045281922175,0.015598646836793073,186.57803955078126,186.0476683221085,189.1341064453125,187.01066605429062,185.8552276611328,187.2265365522677,188.6272528076172,186.4082742515701,0.9903014811174713,0.9769179783793147,0.994152874989444,0.9795430202208376,40.7662371718829,45.08159808894082,47.17582701537779,-0.13296342352674628,0.1629021663605898,-0.2958655898873361,194.54159103485853,177.16886428740708,185.8552276611328,0.09347451221079936,0.43744685185016174,0.16978499237395384,54779810.0,1.1844765434564304,-0.019357583388132316,-0.007010458400913744,-0.019245883502370553,0.18482742822235787,-0.003585769230985192,0.05721845988249541,-0.0016965141446262377,0.02220345208861252,0
2024-02-02,-0.005404827768858311,-0.005419486693631696,0.043475929866551834,0.033303711068815155,185.27875671386718,185.2884011958588,188.5695022583008,186.4214298523031,186.05002365112304,186.89732992284786,188.5165072631836,186.30480729830694,0.9918561102348175,0.974547128472732,0.9877443890464676,0.9748210892046841,37.80723569832977,43.34606880024242,45.91707253058862,-0.3886161127500145,0.05259851053846892,-0.44121462328848343,194.35759425197824,177.74245305026784,186.05002365112304,0.08930469814326254,0.3627663358329485,0.5805050134544905,58144680.0,1.7637331566705672,0.013340473335623049,0.16978499237395384,-0.019357583388132316,-0.007010458400913744,-0.019245883502370553,0.18482742822235787,-0.009012853126797893,-0.18656892019824123,1
2024-02-05,0.009846438863251317,0.009798278564350556,0.01816924443299706,-0.002498013478340613,184.47781982421876,185.38538269828086,187.95545349121093,186.2683236433616,186.37138595581055,186.77180761620758,188.45796997070312,186.27635782398607,1.0059710477929316,0.9873581333025964,0.9957502046324141,0.9847253779289589,46.080565702433326,47.304596924899954,48.52989291601936,-0.4401392461174396,-0.04594904079271279,-0.3941902053247268,194.06103293689483,178.68173897472627,186.37138595581055,0.08251960934504751,0.44849956996505247,-0.3206470492444299,59098170.0,1.1788656061600553,-0.005404827768858311,0.5805050134544905,0.013340473335623049,0.16978499237395384,-0.019357583388132316,-0.007010458400913744,-0.003585769230985192,0.05721845988249541,1
2024-02-06,0.008631713134412022,0.00859467289313586,0.013417819573084511,0.013057917336167827,184.72699890136718,185.983992925156,187.37403411865233,186.4343035952788,186.55629272460936,186.8107986412265,188.41821960449218,186.3118423555516,1.0132856295621924,0.9989709313744936,1.0033497699014602,0.993434784448221,52.59378507837631,50.59559187848214,50.741914399568756,-0.34770622551832275,-0.10630047773783478,-0.24140574778048796,194.13630645586426,178.97627899335447,186.55629272460936,0.08126248244484958,0.5412216043699323,-0.37574925935282366,59211690.0,0.7344968535773932,0.009846438863251317,-0.3206470492444299,-0.005404827768858311,0.5805050134544905,0.013340473335623049,0.16978499237395384,-0.019245883502370553,0.18482742822235787,1
2024-02-07,0.0005812290883882021,0.0005810602401847648,0.01288212023774091,-0.006451928931373336,185.71778869628906,186.41933146507796,186.87073516845703,186.5898863133957,186.76740417480468,186.85643767967372,188.40714538574218,186.35020181395825,1.008465639504269,1.0022436545566478,1.0027981562008972,0.9940706238156037,53.04323191496252,50.82024295766285,50.892420829680916,-0.26264591151470995,-0.1375695644932098,-0.12507634702150014,194.18036977050068,179.3544385791087,186.76740417480468,0.07938179179015455,0.5352493454455407,0.22874263062532774,59192460.0,0.9028007959121821,0.008631713134412022,-0.37574925935282366,0.009846438863251317,-0.3206470492444299,-0.005404827768858311,0.5805050134544905,-0.019357583388132316,-0.007010458400913744,0
2024-02-08,-0.00575465458629687,-0.005771276410245658,0.01162907337215024,-0.005649675636928864,186.00653076171875,186.35029405614574,186.29228515625,186.52121957246578,186.87271270751953,186.79508354239826,188.37807495117187,186.34479073255918,1.0011058131976345,0.999570213453007,0.9964655435260255,0.9885026125601294,47.80497056331218,48.46890543035349,49.324746112092825,-0.2789875941041089,-0.16585317041538963,-0.11313442368871926,194.19068938972566,179.5547360253134,186.87271270751953,0.07832044150458432,0.4548718520213187,-0.23348116544097008,57806450.0,0.7086060465570884,0.0005812290883882021,0.22874263062532774,0.008631713134412022,-0.37574925935282366,0.009846438863251317,-0.3206470492444299,0.013340473335623049,0.16978499237395384,1
2024-02-09,0.0040938725969803524,0.004085515501385619,0.010537492342326258,0.0010602290670680384,186.64746704101563,186.5583788173784,185.9631118774414,186.60364298471632,187.04580383300782,186.81217542786925,188.3521875,186.36948710931546,1.001752401487218,1.0054389091050968,0.9996190478925275,0.9926858340301662,51.73792230795646,50.22318441193613,50.45812013488295,-0.22779898296997203,-0.17824233292630615,-0.049556650043665884,194.1996218560154,179.89198581000025,187.04580383300782,0.07649268656563303,0.4950197577758543,0.10236804843513503,57862570.0,0.7803870446819074,-0.00575465458629687,-0.23348116544097008,0.0005812290883882021,0.22874263062532774,0.008631713134412022,-0.37574925935282366,-0.005404827768858311,0.5805050134544905,0
2024-02-12,-0.009001952411559655,-0.009042714796935058,0.010045444531792883,-0.0067402838594775305,186.58988037109376,186.13605666275748,185.53385009765626,186.36505559722525,187.11842193603516,186.66734084935936,188.31300689697267,186.32720966791155,0.9930410587380424,0.9986932964307428,0.9902360785025,0.9839544033986448,43.328168232161445,46.46228877438949,47.9708620593133,-0.3193652041193502,-0.20646690716491498,-0.11289829695443523,194.16930436237809,180.06753950969224,187.11842193603516,0.07536278206485952,0.3704410687878148,-0.07470457444546807,57326200.0,0.7288447516144451,0.0040938725969803524,0.10236804843513503,-0.00575465458629687,-0.23348116544097008,0.0005812290883882021,0.22874263062532774,0.009846438863251317,-0.3206470492444299,0
2024-02-13,-0.011274404282606842,-0.011338442159473924,0.014591506187833354,-0.003929649402696044,185.7941101074219,185.15815846202062,185.26055450439452,185.79002040873826,187.19980545043944,186.33734286947245,188.22057495117187,186.20466662448547,0.9860504294491547,0.9888902823952261,0.9786461135455032,0.9733386592197648,35.07303418293283,42.2348938927799,45.07520902880839,-0.5541135180871777,-0.2759962293493675,-0.27811728873781016,194.0268814020326,180.3727294988463,187.19980545043944,0.07293892143921689,0.20723605404157425,0.352966236576125,57393210.0,0.9849510072707207,-0.009001952411559655,-0.07470457444546807,0.0040938725969803524,0.10236804843513503,-0.00575465458629687,-0.23348116544097008,0.008631713134412022,-0.37574925935282366,0
2024-02-14,-0.004809788153768646,-0.004821392409103071,0.01677977974643651,-0.006313476049498574,184.80034790039062,184.21250481126896,185.25906829833986,185.15932533619775,187.28409881591796,185.95485283521467,188.0850082397461,186.05237371802588,0.986584709288744,0.9841418246590601,0.9735006797825886,0.9693552889519322,32.06653717654467,40.55860809755456,43.90153860553059,-0.8020107821631939,-0.38119913991213283,-0.42081164225106105,193.82032407125567,180.74787356058025,187.28409881591796,0.06980010899656981,0.12035417138512383,-0.03359307971943848,57309480.0,0.9532541562059191,-0.011274404282606842,0.352966236576125,-0.009001952411559655,-0.07470457444546807,0.0040938725969803524,0.10236804843513503,0.0005812290883882021,0.22874263062532774,0
2024-02-15,-0.0015747448948421061,-0.001575986108818747,0.01707820830645449,0.0016888997735746711,183.9647216796875,183.4863659191012,184.98562622070312,184.5911003904828,187.05986633300782,185.58144667326715,187.97949493408203,185.89479389123136,0.9895054142593522,0.984044500395852,0.9731327820512007,0.9683720461032133,31.054606833171903,40.00151454486944,43.51390968416884,-1.0099958733092365,-0.5069584865915535,-0.5030373867176829,193.9820398857511,180.13769278026453,187.05986633300782,0.07401024803920572,0.13697976076817267,0.1977649847612597,57364390.0,1.1406815273377786,-0.004809788153768646,-0.03359307971943848,-0.011274404282606842,0.352966236576125,-0.009001952411559655,-0.07470457444546807,-0.00575465458629687,-0.23348116544097008,0
2024-02-16,-0.00843032724979309,-0.00846606344551592,0.017442860935524253,-0.00605168804619194,182.66970825195312,182.49073767979144,184.65858764648436,183.84716962878989,186.6140449523926,185.09744996163903,187.76438232421876,185.68321300142512,0.9881193928016357,0.9774767775584052,0.9672341717217446,0.961308417320052,25.948328197570447,37.07056238169359,41.459443571978106,-1.2838560177894465,-0.6623379928311321,-0.6215180249583143,194.00451200544762,179.22357789933756,186.6140449523926,0.07920590387438874,0.08632088423335116,-0.2396595068350793,52084470.0,0.9552271531226103,-0.0015747448948421061,0.1977649847612597,-0.004809788153768646,-0.03359307971943848,-0.011274404282606842,0.352966236576125,0.0040938725969803524,0.10236804843513503,0
2024-02-20,-0.0041137982625050196,-0.004122283208810531,0.013383965126993512,-0.001265172649943668,181.56281433105468,181.57947270286877,184.07634735107422,183.10349201428687,186.0159004211426,184.5888302271042,187.55617279052734,185.450810246429,0.9900537365611745,0.9765347114704926,0.9663525663239068,0.9584165643526193,23.744349780093927,35.70725061633438,40.48823870033691,-1.5430218078778921,-0.8384747558404843,-0.7045470520374079,193.59073050408387,178.4410703382013,186.0159004211426,0.08144282360585041,0.08685821308292474,0.0786513240540676,50484150.0,1.063018789065479,-0.00843032724979309,-0.2396595068350793,-0.0015747448948421061,0.1977649847612597,-0.004809788153768646,-0.03359307971943848,-0.009001952411559655,-0.07470457444546807,1
2024-02-21,0.00418605207854883,0.004177314936813531,0.012231217847493186,0.002088627447033787,181.02422485351562,181.22278669286305,183.40916748046874,182.63184158857135,185.39160079956054,184.20031446003253,187.3244494628906,185.25703002785735,0.9971561254794454,0.9841897062864866,0.9736655484625356,0.9636190854446413,30.70308042036318,38.18806561107261,41.935538287465484,-1.6684613838768314,-1.0044720814477537,-0.6639893024290777,192.61244736115177,178.1707542379693,185.39160079956054,0.07789831395218577,0.1619381062133313,-0.22908902537193288,50272210.0,0.8229477080876293,-0.0041137982625050196,0.0786513240540676,-0.00843032724979309,-0.2396595068350793,-0.0015747448948421061,0.1977649847612597,-0.011274404282606842,0.352966236576125,1
2024-02-22,0.011243915294046003,0.011181172357921671,0.013559690113410043,0.004850661709029304,181.0677947998047,181.66154020897903,182.93407135009767,182.61496988905128,184.90240325927735,184.04209853443047,187.10484069824219,185.15044246759672,1.0081254230937806,0.997840620361361,0.9872183596513214,0.9755976732617259,46.163152965422526,44.41793400104597,45.67711684699793,-1.585818437865811,-1.1207413527313652,-0.4650770851344457,191.47522053446474,178.32958598408996,184.90240325927735,0.07109499021460235,0.3202174258678876,0.26396979555925104,50157530.0,1.042559312629629,0.00418605207854883,-0.22908902537193288,-0.0041137982625050196,0.0786513240540676,-0.00843032724979309,-0.2396595068350793,-0.004809788153768646,-0.03359307971943848,0
2024-02-23,-0.010034290240668708,-0.010084973060098625,0.015395559351396066,-0.013458679575729549,180.80245666503907,181.34349262629854,182.3835891723633,182.26813853848515,184.33793716430665,183.72450795600258,186.8986325073242,184.97620540851204,0.9994742372097427,0.990809525577207,0.9803049781329976,0.9668738344238871,37.382321021738214,40.455236010939885,43.04855981213553,-1.6491121983876553,-1.2264155218626234,-0.42269667652503196,190.2861461035374,178.3897282250759,184.33793716430665,0.06453591735627266,0.1948207653379206,-0.137161947670972,50573300.0,0.892164442502269,0.011243915294046003,0.26396979555925104,0.00418605207854883,-0.22908902537193288,-0.0041137982625050196,0.0786513240540676,-0.0015747448948421061,0.1977649847612597,0
2024-02-26,-0.007451168807481978,-0.007479067437108602,0.011647165862764208,-0.005926260966312266,180.57474365234376,180.68263379676415,181.62222595214843,181.73955264743245,183.79266891479492,183.30892778283047,186.6352374267578,184.75599798612708,0.9932779773621864,0.987549377271431,0.9758872168119277,0.9610238592167398,32.13930310017696,37.786464126011204,41.217721884393306,-1.7873196411247818,-1.3385963457150551,-0.44872329540972666,189.45985648524842,178.1254813443414,183.79266891479492,0.061669353885717586,0.10899893271531859,-0.09424486421673905,50144520.0,0.8149923461227667,-0.010034290240668708,-0.137161947670972,0.011243915294046003,0.26396979555925104,0.00418605207854883,-0.22908902537193288,-0.00843032724979309,-0.2396595068350793,1
2024-02-27,0.008114357302083652,0.008081612918693911,0.02387340794930833,0.00844836404048677,180.7866180419922,180.72719409693133,181.17471618652343,181.57169120194757,183.35428314208986,183.07153606039574,186.33667846679688,184.60150060225018,1.0001642635699204,0.9980217908061254,0.98615811749073,0.9703742504430499,42.337770389349394,42.22313277518502,43.92439701336947,-1.7591333406126637,-1.422703744694577,-0.33642959591808674,188.49354870314116,178.21501758103855,183.35428314208986,0.05605830933405188,0.25308062847942653,0.32914988474921336,51398220.0,1.0568245359469648,-0.007451168807481978,-0.09424486421673905,-0.010034290240668708,-0.137161947670972,0.011243915294046003,0.26396979555925104,-0.0041137982625050196,0.0786513240540676,0
2024-02-28,-0.006625581920911561,-0.006647628523813975,0.016481039932491878,-0.005972255606252905,180.6083953857422,180.35756319515474,180.8163101196289,181.21652941824829,183.0384323120117,182.74265656812963,186.01119232177734,184.40608102536203,0.9945180068067933,0.9933744432278553,0.9813146841501564,0.9656316867260502,36.99801345575432,39.7126058721219,42.24321147203068,-1.8125709661263727,-1.5006771889809363,-0.3118937771454364,188.27982213409783,177.7970424899256,183.0384323120117,0.05727092125823632,0.1737381652096903,-0.09876856858294258,50640660.0,0.9666915873529295,0.008114357302083652,0.32914988474921336,-0.007451168807481978,-0.09424486421673905,-0.010034290240668708,-0.137161947670972,0.00418605207854883,-0.22908902537193288,0
2024-02-29,-0.0036929133289697047,-0.0036997489675337342,0.01681885778656632,-0.0028686724786487023,179.89158325195314,179.8900376541917,180.4796890258789,180.80533980988778,182.86937866210937,182.38192609233306,185.68311859130858,184.1923126154367,0.9947935491880366,0.9915519443664674,0.978594600591516,0.9637655158417945,34.21085131158655,38.35286854277792,41.32370156641063,-1.8866959749388172,-1.5778809461725127,-0.3088150287663045,188.4005712142739,177.33818610994484,182.86937866210937,0.060493370652115554,0.14615297217306947,1.7920676391462171,58845870.0,2.3227220533913426,-0.006625581920911561,-0.09876856858294258,0.008114357302083652,0.32914988474921336,-0.007451168807481978,-0.09424486421673905,0.011243915294046003,0.26396979555925104,0
2024-03-01,-0.00603035779179284,-0.0060486138299709795,0.017533083782012144,0.0006126461068333882,179.3252685546875,179.21863309433093,180.0638626098633,180.2727005671099,182.5247444152832,181.95277350969272,185.3666857910156,183.9446071785415,0.9919172317891379,0.9878485410479356,0.9745299167213376,0.9595889531905883,29.93108321121433,36.182294490226994,39.84220932481639,-2.009357360289357,-1.6641762289958817,-0.3451811312934754,188.38859797208679,176.66089085847963,182.5247444152832,0.06425269708595831,0.10359511065211614,-0.461796161325582,59658730.0,1.233065135647373,-0.0036929133289697047,1.7920676391462171,-0.006625581920911561,-0.09876856858294258,0.008114357302083652,0.32914988474921336,-0.010034290240668708,-0.137161947670972,0
2024-03-04,-0.025381328561490002,-0.025708990703186736,0.017761282135609884,-0.005960759746524821,178.12530517578125,177.26612181060864,179.3500244140625,179.01604578093793,182.00430603027343,181.13451881764237,184.9391931152344,183.52956765166394,0.9732536265528602,0.9666076144095086,0.952510976384967,0.9373951314643398,18.583959544225962,28.830976868298052,34.421418828923066,-2.442709907328407,-1.8198829646623866,-0.6228269426660202,189.06020899384848,174.94840306669838,182.00430603027343,0.07753556075097934,-0.11248055930817859,0.10802970511030674,62834490.0,1.2972190909801289,-0.00603035779179284,-0.461796161325582,-0.0036929133289697047,1.7920676391462171,-0.006625581920911561,-0.09876856858294258,-0.007451168807481978,-0.09424486421673905,0
2024-03-05,-0.0284408786845064,-0.028853156313245493,0.014225242407738653,-0.003747946885901433,175.64815368652344,174.32093362406462,178.2173858642578,177.09141150276312,181.14686660766603,179.92461771605517,184.4548178100586,182.937449596735,0.9589087827906918,0.945084882903986,0.9298011078257794,0.9131263647687266,12.531079994057748,23.270388090595233,29.775876241471025,-3.1477135728203507,-2.0854490862939796,-1.062264486526371,190.1545359305165,172.13919728481557,181.14686660766603,0.09945156095202655,-0.20586013434302064,0.16712407419448638,66981170.0,1.4202857310494874,-0.025381328561490002,0.10802970511030674,-0.00603035779179284,-0.461796161325582,-0.0036929133289697047,1.7920676391462171,0.008114357302083652,0.32914988474921336,0
2024-03-06,-0.005878278878066467,-0.005895623965593457,0.015137256925823114,-0.01134106435808719,173.21258850097655,172.0274475706655,176.91049194335938,175.33669585932748,180.15982971191406,178.73565178727537,183.95360809326172,182.32972512093627,0.9666761342979594,0.9464700121769818,0.9293996099553056,0.9102320807916818,11.642696356973701,22.338679681959178,28.9520184862465,-3.7431763755498935,-2.4169945441451626,-1.326181831404731,190.52956947440396,169.79008994942416,180.15982971191406,0.11511711327737943,-0.11329187324720282,-0.2790290164024034,69702800.0,0.9840020773914391,-0.0284408786845064,0.16712407419448638,-0.025381328561490002,0.10802970511030674,-0.00603035779179284,-0.461796161325582,-0.006625581920911561,-0.09876856858294258,0
2024-03-07,-0.000709535321800181,-0.0007097871611195967,0.01325438008505909,-0.0008867508241009101,170.88592529296875,170.4588552245192,175.38875427246094,173.87941852712729,179.1614128112793,177.64860595346119,183.47137939453125,181.74117396059472,0.9791424907895042,0.9540045553450798,0.9339157796688945,0.9119769583920943,11.52828035590916,22.223694802691284,28.85143935869712,-4.176527097300237,-2.768901054776178,-1.4076260425240594,190.4015166230034,167.92130899955518,179.1614128112793,0.1254746056681741,-0.026674062685397883,0.04632609053809933,71650090.0,1.0016051619753723,-0.005878278878066467,-0.2790290164024034,-0.0284408786845064,0.16712407419448638,-0.025381328561490002,0.10802970511030674,-0.0036929133289697047,1.7920676391462171,1
2024-03-08,0.010236655692035912,0.010184615972638245,0.027880247325913397,0.010236661109698607,169.11765747070314,169.98406510410655,174.22146301269532,172.9985214973371,178.3025260925293,176.82821346868212,183.03428436279296,181.24287242736673,0.9995081967863924,0.970227674250238,0.9480206958793257,0.9235126930003854,24.077737608153654,27.979423672759367,32.40612717245814,-4.331816381695148,-3.081484120159972,-1.2503322615351764,189.87652055400767,166.7285316310509,178.3025260925293,0.12982423429572845,0.09961786485664999,0.06273104893604264,74764820.0,1.0200920700404281,-0.000709535321800181,0.04632609053809933,-0.005878278878066467,-0.2790290164024034,-0.0284408786845064,0.16712407419448638,-0.00603035779179284,-0.461796161325582,1
2024-03-11,0.011831634386618939,0.011762187841203225,0.01348770958642363,-0.001098661031132031,168.65232543945314,170.3341897650424,173.3888153076172,172.64141560453288,177.50552062988282,176.27642543232326,182.63521087646484,180.8425417081333,1.0141244043997253,0.9864214066142264,0.963544336423983,0.9364811870948719,36.37254154995624,34.11084820791508,36.30754447432818,-4.244575838732487,-3.314102463874475,-0.9304733748580123,188.7723170129295,166.23872424683614,177.50552062988282,0.12694587011227787,0.2128251313431964,-0.21146105130659398,76692030.0,0.7841688373615876,0.010236655692035912,0.06273104893604264,-0.000709535321800181,0.04632609053809933,-0.005878278878066467,-0.2790290164024034,-0.025381328561490002,0.10802970511030674,1
2024-03-12,0.0027785923577068328,0.002774739205870258,0.0174334950467291,0.0004620377353436779,169.26814880371094,170.72601786745014,172.4581512451172,172.43564441684794,176.81643371582032,175.82244911231777,182.23713775634766,180.47654689888358,1.0132424516035443,0.9945002473585405,0.969987180874354,0.9411345908075843,39.10629897793377,35.5157041395922,37.21175809850126,-4.08994326819257,-3.4692706247380944,-0.6206726434544758,187.7757836435567,165.85708378808394,176.81643371582032,0.12396302422149594,0.2578889405600542,-0.005222856857805547,77242680.0,0.7745122256244864,0.011831634386618939,-0.21146105130659398,0.010236655692035912,0.06273104893604264,-0.000709535321800181,0.04632609053809933,-0.0284408786845064,0.16712407419448638,0
2024-03-13,-0.012122624278273264,-0.012196702578981637,0.014199777159092233,-0.009492384957414977,169.6661590576172,170.29418748943291,171.4393737792969,171.88925938349345,176.1278419494629,175.21369460003973,181.81824645996093,180.04336963749202,0.9986112002209071,0.9882824639310422,0.961974693257264,0.931867565727016,32.072740239095864,32.27360088488733,34.93355716356737,-4.088041261118548,-3.593024752014185,-0.4950165091043628,187.1262520428171,165.12943185610868,176.1278419494629,0.12489121505854855,0.1955325742894736,-0.12263520177048548,77596160.0,0.6764342462307413,0.0027785923577068328,-0.005222856857805547,0.011831634386618939,-0.21146105130659398,0.010236655692035912,0.06273104893604264,-0.005878278878066467,-0.2790290164024034,1
2024-03-14,0.010927431233220375,0.0108681582664569,0.013063552062635594,0.0005204808049537923,170.45821838378907,170.6234473806506,170.6720718383789,171.77884261614662,175.5758804321289,174.83924436794888,181.57264190673828,179.699785226731,1.0048325553740225,1.0035734922423898,0.9755438317696329,0.9433247507136125,42.76690561427498,37.725246187446956,38.456516932838724,-3.892270466186744,-3.652873894848697,-0.23939657133804726,186.38195966489909,164.76980119935874,175.5758804321289,0.12309298072348156,0.3013195546437699,0.3891275645996186,71219250.0,1.023789214292484,-0.012122624278273264,-0.12263520177048548,0.0027785923577068328,-0.005222856857805547,0.011831634386618939,-0.21146105130659398,-0.000709535321800181,0.04632609053809933,0
2024-03-15,-0.0021964991957780233,-0.002198915038382396,0.013497867552787925,0.008471092853614666,170.832470703125,170.71754707375405,169.97506408691407,171.62009786047648,175.01946334838868,174.46462551956907,181.3470016479492,179.35492096136747,1.000428933425445,1.0054754053369321,0.9764956604841194,0.942423888494953,41.22812699615291,37.072212267046694,38.0173249330341,-3.724544338598406,-3.667207983598639,-0.05733635499976719,185.58134241501858,164.45758428175878,175.01946334838868,0.1206937658768354,0.30525639128812915,0.6698238323492907,76038210.0,1.6012041840543063,0.010927431233220375,0.3891275645996186,-0.012122624278273264,-0.12263520177048548,0.0027785923577068328,-0.005222856857805547,0.010236655692035912,0.06273104893604264,1
2024-03-18,0.006372227473485648,0.00635201067059158,0.02411928627655869,-0.010537142030752969,171.02454223632813,171.1432969668126,169.83843383789062,171.6882249318316,174.59422912597657,174.2294037322701,181.18941864013672,179.06628863946796,1.0056731887945112,1.012696554403565,0.985111579082197,0.9492540902431581,47.5958744173468,40.29410304419903,40.09668581127646,-3.463814222802654,-3.6265292314394424,0.16271500863678856,184.92155188223074,164.2669063697224,174.59422912597657,0.11830084886485691,0.3741478099213721,-0.3790347154518955,75447620.0,1.0020753471083648,-0.0021964991957780233,0.6698238323492907,0.010927431233220375,0.3891275645996186,-0.012122624278273264,-0.12263520177048548,0.011831634386618939,-0.21146105130659398,1
2024-03-19,0.013584902781273556,0.01349345526239932,0.020331677611462175,0.009980529595697297,171.58887329101563,172.2059744264428,170.4285110473633,172.16878937071732,174.32294845581055,174.23911093354945,181.0930032348633,178.8806039612811,1.0159827149749756,1.0229000316575858,1.0000480768020896,0.9626618711469995,58.775806434755786,46.61002373566946,44.30572810837244,-3.0336747603163303,-3.50795833721482,0.47428357689848966,184.3749295228439,164.2709673887772,174.32294845581055,0.11532596432169054,0.5004168775207936,-0.26968078492993774,71455900.0,0.7727171584151904,0.006372227473485648,-0.3790347154518955,-0.0021964991957780233,0.6698238323492907,0.010927431233220375,0.3891275645996186,0.0027785923577068328,-0.005222856857805547,1
2024-03-20,0.014709349987369835,0.014602216794170687,0.020036950062928584,0.016788054448833207,173.08189392089844,173.76919291189938,171.3740264892578,173.028214918371,174.1422592163086,174.49211273824116,180.96125427246093,178.80276184055685,1.0220342860568479,1.0322196047246448,1.0158110425286482,0.9775331774418015,67.62057839380518,52.54335062827708,48.477457280066474,-2.457539528794797,-3.2978745755308156,0.8403350467360187,183.86753525665625,164.41698317596092,174.1422592163086,0.1116934635408346,0.6415574558028423,-0.03245664237383905,69939440.0,0.7638479804813993,0.013584902781273556,-0.26968078492993774,0.006372227473485648,-0.3790347154518955,-0.0021964991957780233,0.6698238323492907,-0.012122624278273264,-0.12263520177048548,0
2024-03-21,-0.04085738743755729,-0.0417155054964453,0.03880497954572496,-0.0320813772192359,172.75912780761718,172.4021741401595,171.60867309570312,172.41729158715438,173.49871368408202,174.03268643904482,180.69326141357422,178.44454124275774,0.9821080874269081,0.9886920837739871,0.9779215822062098,0.9389843056091615,39.64842222134389,39.2900377341891,39.681191345300626,-2.554697549387697,-3.149239170302192,0.5945416209144949,182.59963316888306,164.39779419928098,173.49871368408202,0.10491051249374216,0.2895499958108862,0.9875540730507963,73381060.0,1.44698509397384,0.014709349987369835,-0.03245664237383905,0.013584902781273556,-0.26968078492993774,0.006372227473485648,-0.3790347154518955,0.010927431233220375,0.3891275645996186,1
2024-03-22,0.0053101924560301494,0.00529614309865073,0.01735549985111431,0.003027505176359481,172.69179992675782,171.79115177866103,171.76213531494142,172.08125803597432,172.99179916381837,173.7028217358657,180.4225225830078,178.13570068640112,0.9877082011306035,0.9930541835830706,0.9859953355022333,0.9453869983288232,43.073208049346846,41.278473482800635,41.0805510014487,-2.5298328559800893,-3.0253579074377717,0.49552505145768233,181.54296170384347,164.44063662379327,172.99179916381837,0.09886205682995866,0.35834136020602436,-0.32982455479448824,72870370.0,0.9765299668438626,-0.04085738743755729,0.9875540730507963,0.014709349987369835,-0.03245664237383905,0.013584902781273556,-0.26968078492993774,-0.0021964991957780233,0.6698238323492907,0
2024-03-25,-0.008300459716255038,-0.008335100353999966,0.014574219515423321,0.0016415475597925998,172.12350158691407,170.911869537011,171.5740219116211,171.54890294829008,172.48141860961914,173.26953443280334,180.13533416748047,177.783449877276,0.9827438060124327,0.9858911224966384,0.9807045096060997,0.9390345644038998,39.01431561257464,39.11065297632219,39.56601307430909,-2.594463437016259,-2.939179013353469,0.3447155763372103,180.66152281108197,164.30131440815632,172.48141860961914,0.09485200513079069,0.29657266741705773,-0.23709635034239696,72285250.0,0.7510287368446537,0.0053101924560301494,-0.32982455479448824,-0.04085738743755729,0.9875540730507963,0.014709349987369835,-0.03245664237383905,0.006372227473485648,-0.3790347154518955,0
2024-03-26,-0.006672601676891432,-0.006694963011154204,0.010842002622702566,-0.0017058428596046773,170.862158203125,169.94945050025996,171.22551574707032,170.908122853466,171.84183349609376,172.7700180512752,179.81904541015626,177.40075036941255,0.9833927780954642,0.9813059209876127,0.977786427253043,0.9344094339034218,35.87049571906073,37.4233234937146,38.38153057621651,-2.705571555510744,-2.8924575217849244,0.18688596627418042,179.28201857369507,164.40164841849244,171.84183349609376,0.08659340890669025,0.2434727073639813,0.05710438529112172,72041550.0,0.7966014057165621,-0.008300459716255038,-0.23709635034239696,0.0053101924560301494,-0.32982455479448824,-0.04085738743755729,0.9875540730507963,0.013584902781273556,-0.26968078492993774,1
2024-03-27,0.021212785246476518,0.020990926132981227,0.020137358157795538,0.017017744464312753,169.80080871582032,170.495927815603,171.44135131835938,171.03189732488838,171.44036254882812,172.65752894603844,179.6193292236328,177.17283398027047,1.0105304194013662,1.0008605340939931,1.0008663064826326,0.955291856327191,50.550788961053,45.42977641377192,43.945690145951616,-2.4774601190921146,-2.8094580412463626,0.33199792215424795,177.96950832478643,164.9112167728698,171.44036254882812,0.07616812842540203,0.511373608627933,0.05026974092325287,72820010.0,0.827702440579176,-0.006672601676891432,0.05710438529112172,-0.008300459716255038,-0.23709635034239696,0.0053101924560301494,-0.32982455479448824,0.014709349987369835,-0.03245664237383905,0
2024-03-28,-0.010559125902859012,-0.010615269037458689,0.010030331604602996,-0.0015720772777929248,169.82259216308594,170.25630315473796,171.29085998535157,170.80374396272828,170.98146591186523,172.38319798289268,179.40216369628905,176.88280338626018,0.999731847632885,0.9911623646908351,0.9929558910234267,0.9463489755922028,44.508357637875,42.4560664077425,41.92500961923542,-2.415040505645919,-2.730574534126274,0.31553402848035494,176.55343184896057,165.4094999747699,170.98146591186523,0.06517625647176858,0.3919221606471921,0.08958195419862536,72095930.0,0.9109071760361507,0.021212785246476518,0.05026974092325287,-0.006672601676891432,0.05710438529112172,-0.008300459716255038,-0.23709635034239696,-0.04085738743755729,0.9875540730507963,0
2024-04-01,-0.008455841809861475,-0.00849179526148303,0.010409952862250186,-0.006776118030060856,169.37705993652344,169.61801741077585,171.03442993164063,170.3560534100234,170.50474700927734,171.99826921526972,179.0386178588867,176.5478481916167,0.9938857480814699,0.9842547257305713,0.9873123703335481,0.9402521530608198,40.07968478130727,40.210132700431124,40.38025859959614,-2.4531358497031306,-2.6750867972416454,0.22195094753851485,175.1978554935152,165.81163852503948,170.50474700927734,0.0550495932407383,0.2695236436903835,-0.2958946411522596,64544710.0,0.716410376621105,-0.010559125902859012,0.08958195419862536,0.021212785246476518,0.05026974092325287,-0.006672601676891432,0.05710438529112172,0.0053101924560301494,-0.32982455479448824,0
2024-04-02,-0.0069988239213046866,-0.007023430568385549,0.006574275257209684,-0.0014194788890756977,168.9790496826172,168.79976286857715,170.55127563476563,169.7755443871427,170.19485473632812,171.5377915551659,178.59356475830077,176.17982488152114,0.989254313467569,0.9801348782764817,0.9821874700216696,0.9359981923783744,36.59340731584955,38.41410567491977,39.1376076060111,-2.5490135024089398,-2.6498721382751045,0.10085863586616473,174.91105025171544,165.4786592209408,170.19485473632812,0.05542112918388525,0.17859676912700356,0.06680291086817824,61917240.0,0.7967005635264104,-0.008455841809861475,-0.2958946411522596,-0.010559125902859012,0.08958195419862536,0.021212785246476518,0.05026974092325287,-0.008300459716255038,-0.23709635034239696,1
2024-04-03,0.004797442970290611,0.004785971913959819,0.012378372651212267,0.005095092390303467,168.96716918945313,168.5215785660306,169.91466369628907,169.4463926732872,170.17158737182618,171.1975456890489,178.11847229003905,175.85768311992965,0.9940700951946931,0.988526865822269,0.987034396017781,0.9429971400576102,40.690212613233015,40.36658411752287,40.44740635524879,-2.5311090224523696,-2.6261195151105574,0.09501049265818784,174.9268001641077,165.41637457954465,170.17158737182618,0.05588727079205474,0.2680043452030178,-0.03320122847383411,61164890.0,0.7797234655371734,-0.0069988239213046866,0.06680291086817824,-0.008455841809861475,-0.2958946411522596,-0.010559125902859012,0.08958195419862536,-0.006672601676891432,0.05710438529112172,0
2024-04-04,-0.0048923632838192566,-0.00490437007011761,0.018362698200652332,-0.008632250982851877,168.07808532714844,168.06220675560894,168.93944702148437,169.0276782117378,170.1567367553711,170.81144258864097,177.60143341064452,175.5159490028644,0.9944393572156438,0.9893690673292523,0.9822911882417118,0.9411155074874971,37.77263524385041,39.002110370641475,39.53206774822782,-2.553789202096084,-2.611653452507663,0.057864250411578944,174.94769483960613,165.36577867113607,170.1567367553711,0.056312293895513954,0.1855249443195032,0.12607434836669684,61193020.0,0.8776229707244388,0.004797442970290611,-0.03320122847383411,-0.0069988239213046866,0.06680291086817824,-0.008455841809861475,-0.2958946411522596,0.021212785246476518,0.05026974092325287,1
2024-04-05,0.004501861161225085,0.004491758094654825,0.008491581706909496,-5.893335132827708e-05,167.7018585205078,168.00677777034088,168.76222534179686,168.82190395502266,170.18544921875,170.53377375160895,177.11289184570313,175.2171243282346,1.0011571802543449,0.9948667094177169,0.9865468556245227,0.947959903145119,42.20004928712235,40.96975169571223,40.81972662541866,-2.4824305296532145,-2.5858088679367732,0.10337833828355869,174.91458447861265,165.45631395888734,170.18544921875,0.05557625850590794,0.25793360803431553,-0.2159897513052934,54785370.0,0.7685409444163652,-0.0048923632838192566,0.12607434836669684,0.004797442970290611,-0.03320122847383411,-0.0069988239213046866,0.06680291086817824,-0.010559125902859012,0.08958195419862536,0
2024-04-08,-0.006663499716946686,-0.006685799951462834,0.005698969857346376,-0.003431354405983276,167.38899841308594,167.596900308808,168.38302917480468,168.45012966969892,170.07258224487305,170.17599962152642,176.60850036621093,174.88614476186237,0.996344723768322,0.9904629118686578,0.9806233502447441,0.9443324927164735,37.56399678807639,38.957563361978075,39.50633927597549,-2.487479893053063,-2.5661430729600316,0.07866317990696858,175.00939576221546,165.13576872753063,170.07258224487305,0.05805537203209295,0.1662384706699577,-0.1111345974805723,51411910.0,0.7279538923957504,0.004501861161225085,-0.2159897513052934,-0.0048923632838192566,0.12607434836669684,0.004797442970290611,-0.03320122847383411,-0.008455841809861475,-0.2958946411522596,1
2024-04-09,0.0072423306072046945,0.007216230870413107,0.010196238263741062,0.005749859147897408,167.5533477783203,167.7262670759892,168.26619873046874,168.36556074981758,169.92011032104492,169.96733304903356,176.16287475585938,174.61551165788154,1.0025762113246603,0.9983288496308899,0.9886116498686519,0.9535777662754348,45.153348065731755,42.25500187720131,41.635143932108654,-2.3667354744595457,-2.5262615532599346,0.15952607880038894,174.91667940933274,164.9235412327571,169.92011032104492,0.05881080325156773,0.3063561539427791,0.13221733844571215,50220460.0,0.8437557123132683,-0.006663499716946686,-0.1111345974805723,0.004501861161225085,-0.2159897513052934,-0.0048923632838192566,0.12607434836669684,-0.0069988239213046866,0.06680291086817824,0
2024-04-10,-0.011139274770382457,-0.011201781108572253,0.011801142817646717,-0.006042679229977231,167.1830596923828,167.18876789440947,168.07511444091796,167.95614416462348,169.65031509399415,169.60032699972083,175.69346954345704,174.2821100058568,0.9936040758968026,0.9883305454457542,0.9791539110270161,0.9454749226758394,37.020062243741606,38.761635309663106,39.38083857145093,-2.39443579697749,-2.4998964020034458,0.10546060502595589,174.85289601634875,164.44773417163955,169.65031509399415,0.06133299451253159,0.16011623696728855,0.17311404688746346,49452550.0,1.005191845516561,0.0072423306072046945,0.13221733844571215,-0.006663499716946686,-0.1111345974805723,0.004501861161225085,-0.2159897513052934,0.004797442970290611,-0.03320122847383411,1
2024-04-11,0.043271110314196504,0.042361075429006606,0.041704772233535956,0.039800386681689164,168.41470642089843,169.22641085538757,168.24639587402345,168.9280628214817,169.8438735961914,169.9528384071135,175.44079711914063,174.24366242826804,1.0290175986426735,1.0300470085974711,1.020358833721453,0.9878072809920931,65.15118735629042,54.367858639498465,50.2462061973635,-1.8154554055640801,-2.363008202715573,0.5475527971514929,175.2820575700347,164.4056896223481,169.8438735961914,0.06403744637587276,0.8179207615799557,0.8320575827863197,52532250.0,1.7336074506612604,-0.011139274770382457,0.17311404688746346,0.0072423306072046945,0.13221733844571215,-0.006663499716946686,-0.1111345974805723,-0.0048923632838192566,0.12607434836669684,1
2024-04-12,0.008626546335020802,0.008589550297288771,0.02350605394930377,0.01314133258986202,169.79486083984375,171.0831712017688,168.74835968017578,169.9950862893089,170.01960983276368,170.41415778686758,175.290009765625,174.26534985831756,1.0294580827119697,1.0358423170798146,1.0280972416444576,0.9971857045832027,68.55891792886152,56.83195344934329,52.120383045692726,-1.2218904695464232,-2.134784656081743,0.9128941865353197,175.84565233448242,164.19356733104493,170.01960983276368,0.06853377098617523,0.9099765887700169,0.1164001875474221,56132070.0,1.8112800757214191,0.043271110314196504,0.8320575827863197,-0.011139274770382457,0.17311404688746346,0.0072423306072046945,0.13221733844571215,0.004501861161225085,-0.2159897513052934,0
2024-04-15,-0.02186360479477234,-0.022106155271407312,0.023915715006222235,-0.015225810673199126,170.63443298339843,171.04711616901776,169.0117156982422,170.17325352825554,170.0230728149414,170.46757191226263,175.01413970947266,174.13631676989397,1.001995922594066,1.0116162977055314,1.005598847690574,0.9769211012740908,53.07918388462679,49.476854303952216,47.33445414458587,-1.0477858623253553,-1.9173848973304655,0.8695990350051102,175.85129999353288,164.19484563634992,170.0230728149414,0.06855807370256278,0.5816657672568866,-0.2767665084109613,58861200.0,1.2492405863285152,0.008626546335020802,0.1164001875474221,0.043271110314196504,0.8320575827863197,-0.011139274770382457,0.17311404688746346,-0.006663499716946686,-0.1111345974805723,0
2024-04-16,-0.019167215974128737,-0.01935328855756438,0.03241226872187974,-0.013799098207787403,170.57701110839844,169.9307078577957,169.06517944335937,169.72318765681845,169.8082275390625,170.20379280017585,174.6927001953125,173.88382949402956,0.9831212901765687,0.9919126563346187,0.9875722376100682,0.9599593517523027,43.298745334955335,44.19495612965181,43.71983039287846,-1.1608608078338989,-1.7660800794311522,0.6052192715972533,175.64666507774422,163.96979000038078,169.8082275390625,0.06876507249731052,0.3192721691609089,0.002439760756570708,61299370.0,1.2024789161780944,-0.02186360479477234,-0.2767665084109613,0.008626546335020802,0.1164001875474221,0.043271110314196504,0.8320575827863197,0.0072423306072046945,0.13221733844571215,0
2024-04-17,-0.00814731313184991,-0.008180683865628159,0.015773773193359375,-0.009492368401378931,170.62057800292968,168.7310065731659,168.90181884765624,169.1065360835617,169.40824127197266,169.83501291481684,174.30774536132813,173.58766378853454,0.9748625045746253,0.9847827876497396,0.981838916188693,0.9542410387967105,39.73727516914837,42.17350756103847,42.305590352576324,-1.3452146803808773,-1.6819069996210974,0.33669231924022003,175.04500355967286,163.77147898427245,169.40824127197266,0.06654649437804852,0.22709180279077631,-0.3094509382563301,61620320.0,0.8260456940178175,-0.019167215974128737,0.002439760756570708,-0.02186360479477234,-0.2767665084109613,0.008626546335020802,0.1164001875474221,-0.011139274770382457,0.17311404688746346,0
2024-04-18,-0.005714399468364828,-0.00573078911682976,0.01251195175942408,-0.005891837769185637,169.03646240234374,167.6143773069153,168.7255844116211,168.4291874818985,168.83251571655273,169.41083252049276,173.87174346923828,173.26583849386316,0.9783754133517705,0.9801780764377267,0.9795572735056965,0.9511673114595162,37.25050142138683,40.77622247036157,41.32904439657946,-1.5501435768329088,-1.6555543150634597,0.10541073823055092,173.57367537506525,164.09135605804022,168.83251571655273,0.056164058663584565,0.13601764223001211,-0.152811721531123,60562170.0,0.7120435083485285,-0.00814731313184991,-0.3094509382563301,-0.019167215974128737,0.002439760756570708,-0.02186360479477234,-0.2767665084109613,0.043271110314196504,0.8320575827863197,0
2024-04-19,-0.01221257679973009,-0.012287763088404152,0.014060557972301187,-0.007279987154745859,166.74940185546876,166.19671459132894,168.27213134765626,167.50776960521807,168.51717834472657,168.83469505760357,173.39317108154296,172.87742871607074,0.9796820099046046,0.9708166637685581,0.9694049637240935,0.942144307882408,32.247517291748935,37.90249459147378,39.30473469999965,-1.854152982577034,-1.6952740485661748,-0.15887893401085917,173.80185780363286,163.2324988858203,168.51717834472657,0.06271977148935756,0.012194710704614212,0.5803528983440354,63166630.0,1.0788829481642443,-0.005714399468364828,-0.152811721531123,-0.00814731313184991,-0.3094509382563301,-0.019167215974128737,0.002439760756570708,0.008626546335020802,0.1164001875474221,1
2024-04-22,0.005090858889906347,0.005077944280213801,0.015014413225756293,0.0019332531245162068,165.39300842285155,165.52882270769587,168.013720703125,166.90509130252926,168.19837493896483,168.39263257025365,172.95278747558595,172.53686441114365,0.9927447387657768,0.9772597038699814,0.9761868329584719,0.9493517932667446,36.35393028759236,39.78432355166024,40.563405203189454,-2.0048646087926443,-1.7571921606114689,-0.2476724481811754,173.7137034484817,162.68304642944796,168.19837493896483,0.06558123420060696,0.13689053230249035,-0.29395710013587795,64235720.0,0.7490598688704665,-0.01221257679973009,0.5803528983440354,-0.005714399468364828,-0.152811721531123,-0.00814731313184991,-0.3094509382563301,-0.02186360479477234,-0.2767665084109613,1
2024-04-23,0.006391770684690545,0.006371429947986639,0.012762162736408398,0.00937398086334747,164.9019348144531,165.4333895362504,167.73947296142578,166.6028061917711,168.00283584594726,168.09262215340658,172.51814697265624,172.25081181436778,1.002065399531482,0.9851141193901294,0.9835698448857197,0.9578269074473074,41.567929114381684,42.166140083644045,42.1529159233761,-2.0163765167473287,-1.809029031838641,-0.2073474849086876,173.64472737484846,162.36094431704606,168.00283584594726,0.06716424160928587,0.2553734737323568,0.02954086340623996,64952120.0,0.7626818031497663,0.005090858889906347,-0.29395710013587795,-0.01221257679973009,0.5803528983440354,-0.005714399468364828,-0.152811721531123,-0.019167215974128737,0.002439760756570708,1
2024-04-24,0.012702258513773712,0.012622261543971582,0.01828183800604771,0.014891383969658434,165.10390930175782,166.06941850431016,167.86224365234375,166.73710987334536,167.96867904663085,168.02108446645641,172.15914825439452,172.05828885852708,1.0135524782431546,0.9968976513086968,0.9962659549996994,0.9720161730421325,50.94480148088028,46.70644431521749,45.22885345307688,-1.8349793022247525,-1.8142190859158636,-0.020760216308888912,173.617896486674,162.3194616065877,167.96867904663085,0.0672651290955837,0.4444876557808354,-0.025959973999652775,64806370.0,0.7445533517769936,0.006391770684690545,0.02954086340623996,0.005090858889906347,-0.29395710013587795,-0.01221257679973009,0.5803528983440354,-0.00814731313184991,-0.3094509382563301,1
2024-04-25,0.005147311120353049,0.005134108998707086,0.014479997190564885,0.0021235215769700782,165.66825256347656,166.78055736387606,167.35235748291015,167.00360536601124,167.79937667846679,168.0383940489851,171.85915771484375,171.90709459282044,1.0152991444064403,1.0050819576902854,1.0024044094354065,0.9787248891449668,54.4448363992014,48.49347082545507,46.45567124854057,-1.6032351620686427,-1.7720223011464193,0.16878713907777665,173.20204229798452,162.39671105894905,167.79937667846679,0.06439434670690337,0.5373388279929345,0.04780132554640448,60755170.0,0.8321645713442988,0.012702258513773712,-0.025959973999652775,0.006391770684690545,0.02954086340623996,0.005090858889906347,-0.29395710013587795,-0.005714399468364828,-0.152811721531123,0
2024-04-26,-0.003472812825077276,-0.0034788570372051675,0.012758438412130684,-0.003414185391946468,166.51971435546875,167.05993761595644,166.63455810546876,167.1154404122123,167.69145889282225,167.99842300814055,171.5651077270508,171.7389221821262,1.0065997216539926,1.0059059778826043,0.9995661032876363,0.9769975978261729,51.53564358737082,47.334299553643675,45.72635681703417,-1.4499965745180248,-1.7076171558207407,0.2576205813027159,173.01747976822784,162.36543801741666,167.69145889282225,0.06352167141451902,0.4931693120992953,-0.11313473752084224,55071920.0,0.8141789863146228,0.005147311120353049,0.04780132554640448,0.012702258513773712,-0.025959973999652775,0.006391770684690545,0.02954086340623996,-0.01221257679973009,0.5803528983440354,1
2024-04-29,0.024807968714596784,0.024505247443103177,0.01688756585464695,0.0007498695649417553,168.0365020751953,168.6322842569918,166.71475524902343,167.96299261709416,167.8632354736328,168.35828534441882,171.3599655151367,171.7404145490649,1.022259898401083,1.030364572604732,1.0233150639232402,1.0024335440467216,66.43216607692639,55.490703627528845,51.42624134858508,-0.9816990770679865,-1.56243354007019,0.5807344630022035,173.47592337554846,162.25054757171716,167.8632354736328,0.06687215203590263,0.8486513176773913,0.5203352483585497,54535680.0,1.249996332676149,-0.003472812825077276,-0.11313473752084224,0.005147311120353049,0.04780132554640448,0.012702258513773712,-0.025959973999652775,0.005090858889906347,-0.29395710013587795,0
2024-04-30,-0.018270807143562662,-0.018439779681449553,0.02929610426537481,-0.017308024971488315,168.71569213867187,168.63434734157528,166.8088134765625,168.08580732503015,167.93699645996094,168.3849699316877,171.12274536132813,171.61876980246402,0.9995423150807679,1.010968605291571,1.004177025108035,0.985482515224143,52.28177143347619,49.286417416066726,47.47494272726112,-0.853976868196014,-1.4207422056953551,0.5667653374993411,173.5497236653056,162.32426925461627,167.93699645996094,0.06684324864274728,0.5624898578816796,-0.03278010368288409,53758040.0,1.2265104903378174,0.024807968714596784,0.5203352483585497,-0.003472812825077276,-0.11313473752084224,0.005147311120353049,0.04780132554640448,0.006391770684690545,0.02954086340623996,0
2024-05-01,-0.006047109947067031,-0.006065467761653652,0.02126406402021769,-0.0016511308896896542,168.77113647460936,168.29579760108925,166.9375228881836,168.00087837868233,167.91967086791993,168.31199166391906,170.87998046875,171.46190424629356,0.99317159095705,1.0040804201484999,0.9982076385318819,0.9809147780817471,48.37565134459674,47.430758377325795,46.26224405901877,-0.8255272842214367,-1.3016992214005716,0.47617193717913486,173.5340817491576,162.30525998668227,167.91967086791993,0.06687019873512938,0.47319640883351255,-0.23586482403829234,53706230.0,0.9381239383214945,-0.018270807143562662,-0.03278010368288409,0.024807968714596784,0.5203352483585497,-0.003472812825077276,-0.11313473752084224,0.012702258513773712,-0.025959973999652775,1
2024-05-02,0.022031925363350302,0.021792729418221544,0.014621734942759404,0.0030143428729883215,169.3929016113281,169.3010853229267,167.53057708740235,168.60283881284946,168.12808074951172,168.59767443560312,170.696025390625,171.45601234512918,1.0113272701336449,1.0225695138459805,1.0189354449470756,1.0036066181070573,60.76148053483688,54.16141188605601,51.01964811666661,-0.49923469495803374,-1.141206316112064,0.6419716211540303,173.91845985920128,162.33770163982217,168.12808074951172,0.06888057109646592,0.7749025544599033,0.8699702876559798,58815430.0,1.6018738620120605,-0.006047109947067031,-0.23586482403829234,-0.018270807143562662,-0.03278010368288409,0.024807968714596784,0.5203352483585497,0.005147311120353049,0.04780132554640448,1
2024-05-03,0.05981608220337953,0.05809538571453091,0.023666682420823756,-0.0175193630892128,172.1809326171875,173.38700793175582,169.35032348632814,170.95847778313393,168.81122741699218,169.83207240834702,170.67642150878908,171.85220218059135,1.0544654996908203,1.072090382892428,1.0755140871106463,1.0637606035117428,77.91480947718726,66.84599458792968,61.06288223647509,0.5795367795320487,-0.7970576969832415,1.3765944765152902,177.0409347305637,160.58152010342067,168.81122741699218,0.09750189533593931,1.2744884019994203,0.732465883846398,68322900.0,2.3890101269120603,0.022031925363350302,0.8699702876559798,-0.006047109947067031,-0.23586482403829234,-0.018270807143562662,-0.03278010368288409,-0.003472812825077276,-0.11313473752084224,0
2024-05-06,-0.009106586205937295,-0.009148304630196528,0.02080236992808623,-0.0035097305633492544,173.80663146972657,175.5598292217565,170.92156677246095,172.58520396833825,169.46764373779297,170.79144377914804,170.66038299560546,172.16801667553906,1.0350898022731287,1.0525615649267752,1.0615918639909496,1.0541724367651888,71.99064885287066,63.77925283063111,59.012872681994644,1.2862300291966449,-0.38040015174726427,1.6666301809439092,178.94358731476765,159.99170016081828,169.46764373779297,0.11183189153955832,1.0507540214426463,-0.5186390980253528,71368230.0,1.100905823221341,0.05981608220337953,0.732465883846398,0.022031925363350302,0.8699702876559798,-0.006047109947067031,-0.23586482403829234,0.024807968714596784,0.5203352483585497,1
2024-05-07,0.0037971940457757203,0.0037900029028264683,0.01962712002225909,-0.0057236471475879255,176.1966583251953,177.23608874386633,172.4561752319336,174.04036829920145,170.0978240966797,171.7245070180945,170.68493682861327,172.49823593485465,1.0249264061227807,1.0471565169830257,1.06167500229423,1.0580231105537863,72.98092915771103,64.50385858132985,59.60126872144637,1.8797443629805741,0.07162875119830342,1.8081156117822708,180.7044503127775,159.49119788058186,170.0978240966797,0.12471207403651749,0.9945391436291138,-0.016086353899785744,74145030.0,1.042629559931394,-0.009106586205937295,-0.5186390980253528,0.05981608220337953,0.732465883846398,0.022031925363350302,0.8699702876559798,-0.018270807143562662,-0.03278010368288409,1
2024-05-08,0.0018639541599088094,0.001862219153001362,0.00886511068884229,-0.0006015893173625989,178.85796203613282,178.46579805417912,173.8145492553711,175.29215891294746,170.83839645385743,172.60076508063833,170.68711486816406,172.82870576779388,1.011558080026956,1.0409095064244966,1.0590430513884603,1.059981691146097,73.5191399266914,64.87671582623915,59.899109385093034,2.3501788734272395,0.5273387756440907,1.822840097783149,182.26549923081944,159.4112936768954,170.83839645385743,0.13377675059187782,0.9413551018935055,-0.417157574205299,73825560.0,0.6103184317193124,0.0037971940457757203,-0.016086353899785744,-0.009106586205937295,-0.5186390980253528,0.05981608220337953,0.732465883846398,-0.006047109947067031,-0.23586482403829234,1
2024-05-09,0.010014409069997177,0.00996459715734168,0.013815912394034987,0.01101013251810473,181.1430450439453,179.8895573046741,175.26797332763672,176.64578016616863,171.31016540527344,173.56612800683126,170.7494903564453,173.21726929869075,1.0087998452346434,1.042615329750319,1.0667030492519674,1.0702056880181268,76.46337090470197,66.89261958276595,61.503200524948866,2.836506025971943,0.9891722257096611,1.8473338002622817,183.83176907524546,158.7885617353014,171.31016540527344,0.14618634732328115,0.95628781670328,0.08713166182466248,73668030.0,0.6649152963639723,0.0018639541599088094,-0.417157574205299,0.0037971940457757203,-0.016086353899785744,-0.009106586205937295,-0.5186390980253528,0.022031925363350302,0.8699702876559798,0
2024-05-10,-0.0068902793344977065,-0.0069141269166176815,0.01617039828314668,-0.01000535914437225,181.12686767578126,180.41902697264732,176.65390014648438,177.5243594647914,171.64422912597655,174.31963641652294,170.79994995117187,173.5412182010399,1.001938412767348,1.0273080082472517,1.057291394139443,1.06251767849156,70.14076450002106,64.13768244340497,59.758959805086775,3.084764934598553,1.4082907674874396,1.6764741671111134,184.85747346034614,158.43098479160696,171.64422912597655,0.15396083400708874,0.872116678302777,0.036267684706939196,74260140.0,0.6835362820484853,0.010014409069997177,0.08713166182466248,0.0018639541599088094,-0.417157574205299,0.0037971940457757203,-0.016086353899785744,0.05981608220337953,0.732465883846398,1
2024-05-13,0.017645337642747894,0.017491466112370933,0.01331335088350747,0.004529747232698799,182.08181457519532,181.83942008137427,177.94422302246093,178.82542252552534,172.3294891357422,175.30635735769488,170.93603759765625,173.97804126369826,1.0142704625922965,1.0378544645167658,1.071669203135381,1.0804053311070803,76.02335140473822,67.7728952618817,62.592000812782814,3.4995651051412437,1.8265456350182006,1.6730194701230432,186.70339845072246,157.95557982076193,172.3294891357422,0.16681891633367618,0.9296227592800451,0.4193362818782691,74647680.0,0.9651311333453364,-0.0068902793344977065,0.036267684706939196,0.010014409069997177,0.08713166182466248,0.0018639541599088094,-0.417157574205299,-0.009106586205937295,-0.5186390980253528,1
2024-05-14,0.006173572910705749,0.006154594479231205,0.010724056149870964,-0.0004266536899278185,183.12816162109374,183.16639439344223,179.66240997314452,180.0972262513531,173.23561172485353,176.30768932530282,171.18522247314453,174.44244525404648,1.014701078046394,1.034275021944513,1.0726451747849204,1.0854928967173527,77.83705757866232,68.97859907680102,63.55130857469312,3.8756209872029785,2.2363607054551564,1.6392602817478221,188.57951358452775,157.8917098651793,173.23561172485353,0.17714489194109367,0.910089018028684,-0.27276361375144353,73293560.0,0.7148458882335638,0.017645337642747894,0.4193362818782691,-0.0068902793344977065,0.036267684706939196,0.010014409069997177,0.08713166182466248,0.0037971940457757203,-0.016086353899785744,1
2024-05-15,0.012217930119769127,0.012143893649810385,0.017288629338986887,0.009632257587778038,184.5612548828125,184.80782392342763,181.70960845947266,181.55058202081588,174.3235656738281,177.4298791975024,171.57842498779297,174.9776702630407,1.0191233425608583,1.0351168800484702,1.0789745050036985,1.0962373794769373,81.1497188897603,71.28260225053117,65.40618587629434,4.30719478395838,2.6505275211558015,1.6566672628025785,190.6116690930745,158.03546225458172,174.3235656738281,0.18687207729243682,0.9226126564650486,0.3436755634275943,75295250.0,0.9349859386880315,0.006173572910705749,-0.27276361375144353,0.017645337642747894,0.4193362818782691,-0.0068902793344977065,0.036267684706939196,0.0018639541599088094,-0.417157574205299,1
2024-05-16,0.000632447698335703,0.000632247787574431,0.007585348025624857,-0.003307633111644198,185.65576782226563,185.94176278326165,183.39940643310547,182.76131992665475,175.4649917602539,178.45652313135264,171.99380828857423,175.49657105676184,1.0137559565782464,1.0262281877753991,1.0726335698923317,1.094281488244904,81.32039202640519,71.40245173133033,65.50277045035735,4.605727050393625,3.0415674270033666,1.5641596233902586,192.27754785607365,158.65243566443414,175.4649917602539,0.1916343075294649,0.8790217463079454,-0.2493579545454545,71158280.0,0.7426430206013973,0.012217930119769127,0.3436755634275943,0.006173572910705749,-0.27276361375144353,0.017645337642747894,0.4193362818782691,0.010014409069997177,0.08713166182466248,1
2024-05-17,0.00015801199026443946,0.00015799950768482,0.008584847130829906,0.00189963917886437,187.00805053710937,186.7076351497786,184.0674591064453,183.75733082777433,176.70889129638672,179.3882237743488,172.41216247558594,175.99628904994032,1.0065843654439828,1.022665172848149,1.0652513209824068,1.091798729161394,81.36959105468392,71.43454817121508,65.52803459937253,4.789505305962962,3.3911550027952857,1.398350303167676,193.43642720135654,159.9813553914169,176.70889129638672,0.18932308139394513,0.8446559209895351,-0.21879565220682295,58964160.0,0.7001354721240836,0.000632447698335703,-0.2493579545454545,0.012217930119769127,0.3436755634275943,0.006173572910705749,-0.27276361375144353,-0.0068902793344977065,0.036267684706939196,1
2024-05-20,0.006162061454278334,0.006143153588128391,0.01523243176495964,0.009031803932500854,187.95187377929688,187.60486426977428,185.0168441772461,184.78314749722728,177.9692054748535,180.3416617491504,172.81945922851563,176.5218982052276,1.0077011668006481,1.0236869153833428,1.064225251803617,1.0959374792356384,83.36348688114091,72.72058215010217,66.53183251297568,4.971440897451259,3.7072121817264807,1.2642287157247787,194.53232676811686,161.40608418159016,177.9692054748535,0.1861346882913816,0.8450471934767826,0.07456840483590055,55543320.0,0.7986793011292808,0.00015801199026443946,-0.21879565220682295,0.000632447698335703,-0.2493579545454545,0.012217930119769127,0.3436755634275943,0.017645337642747894,0.4193362818782691,1
2024-05-21,0.006857375894604001,0.006833971028911167,0.009409916824331465,0.006593802866566687,188.92742614746095,188.63594446598233,186.02779388427734,185.85859429016747,179.24198455810546,181.32798966431687,173.21273254394532,177.07782787790094,1.0093722692731517,1.0251054472915286,1.0639142683481013,1.1009473845117994,85.40408738491628,74.12524514636232,67.63968553015653,5.160934999534447,3.997956745288074,1.1629782542463731,195.60867048167472,162.8752986345362,179.24198455810546,0.18262111930883718,0.8499828967755562,-0.04625428019467415,52043680.0,0.8129594217780142,0.006162061454278334,0.07456840483590055,0.00015801199026443946,-0.21879565220682295,0.000632447698335703,-0.2493579545454545,0.006173572910705749,-0.27276361375144353,0
2024-05-22,-0.007538492818335962,-0.007567050868954945,0.013357795355093367,-0.007125450385049025,189.16139526367186,188.8441391654726,186.8613250732422,186.47712779458305,180.33793716430665,182.08346955956796,173.56774963378905,177.55558084600102,1.0005240672952485,1.0128394866635486,1.049477062566248,1.0904129883793177,73.72632617252687,69.83865353618715,65.13391543964981,5.135906514760308,4.225546699182521,0.9103598155777863,196.30082492843803,164.37504940017527,180.33793716430665,0.17703305266919547,0.7794792374659033,-0.18106850959833987,51002820.0,0.6793447891704811,0.006857375894604001,-0.04625428019467415,0.006162061454278334,0.07456840483590055,0.00015801199026443946,-0.21879565220682295,0.012217930119769127,0.3436755634275943,0
2024-05-23,-0.021058053701177193,-0.021282937189632662,0.023383962986986355,-0.021468169109061044,188.57448120117186,187.65444950712498,187.11512451171876,186.25857186655514,181.19154891967773,182.38743152441194,173.8846405029297,177.85830591833155,0.9825034066660252,0.9901661913963891,1.0225370404695981,1.0655056688995372,51.118702297247516,59.55603344313549,58.79365925441076,4.739840150530711,4.3284053894521595,0.41143476107855115,196.26875322463565,166.1143446147198,181.19154891967773,0.16642282043343695,0.6354203733051874,0.4720954731085041,51205110.0,0.9961095679708529,-0.007538492818335962,-0.18106850959833987,0.006857375894604001,-0.04625428019467415,0.006162061454278334,0.07456840483590055,0.000632447698335703,-0.2493579545454545,1
2024-05-24,0.016588115468819664,0.016452035492942524,0.013369873681672568,0.006143355356027018,188.5962921142578,187.88577782083073,187.8021713256836,186.63854688140734,182.228035736084,182.95514608858625,174.22596984863281,178.26968350773984,0.9986857765694277,1.002908715691105,1.0335864823842047,1.081058321052131,61.688068049877295,63.96243266315948,61.8041728802856,4.620685131879696,4.386861337937667,0.23382379394202957,196.2431923994779,168.2128790726901,182.228035736084,0.15381998282296883,0.7183492792536534,-0.28778827547401375,49761860.0,0.7300169246085255,-0.021058053701177193,0.4720954731085041,-0.007538492818335962,-0.18106850959833987,0.006857375894604001,-0.04625428019467415,0.00015801199026443946,-0.21879565220682295,1
2024-05-28,5.2658854954978906e-05,5.265746852614795e-05,0.02052736345978314,-0.00793686521471668,188.38809814453126,188.0433027675981,188.16998596191405,186.95123884135742,183.0571044921875,183.46973719073355,174.57502197265626,178.66531759218663,0.9998421052938513,1.0010010454018787,1.0289595325111873,1.078953624251214,61.71923203733918,63.976073004112955,61.8136264026008,4.475463876336619,4.404581845617457,0.07088203071916155,196.4491330884416,169.6650758959334,183.0571044921875,0.1463153110981896,0.6979255095986027,0.4391526963415642,47785390.0,1.09406033936314,0.016588115468819664,-0.28778827547401375,-0.021058053701177193,0.4720954731085041,-0.007538492818335962,-0.18106850959833987,0.006162061454278334,0.07456840483590055,1
2024-05-29,0.001579115398882447,0.0015778699071719818,0.014399104471268824,0.003586270099637944,187.9796356201172,188.24746592384145,188.45353088378906,187.261157640443,184.0579704284668,183.9636471950759,174.9082418823242,179.05710091156473,1.0035969673735157,1.0010732691056015,1.0249802917915378,1.0785986423856062,62.77854533968506,64.41111793697868,62.10893033179329,4.334411475555385,4.390547771605043,-0.056136296049658085,195.89136286042515,172.22457799650846,184.0579704284668,0.12858331974878895,0.6942731906466663,0.015070743935072795,47852830.0,1.1089835230225673,5.2658854954978906e-05,0.4391526963415642,0.016588115468819664,-0.28778827547401375,-0.021058053701177193,0.4720954731085041,0.006857375894604001,-0.04625428019467415,1
2024-05-30,0.0052551225170753835,0.0052413625465757285,0.008102816913429832,0.002778353924086921,188.05697021484374,188.71404446192295,188.60918273925782,187.6949838036508,185.15939559936524,184.5049380848864,175.21455932617187,179.47239897534988,1.0084561147689737,1.0055035432726684,1.0242375274783846,1.0823712496690807,66.39474203193657,65.88977207393751,63.10741954529114,4.253592114678327,4.3631566402196995,-0.10956452554137286,194.50683337097445,175.81195782775603,185.15939559936524,0.10096638889267634,0.7400554060039546,-0.05990238938720127,45801740.0,1.0892402777711065,0.001579115398882447,0.015070743935072795,5.2658854954978906e-05,0.4391526963415642,0.016588115468819664,-0.28778827547401375,-0.007538492818335962,-0.18106850959833987,1
2024-05-31,0.005018457654405006,0.005005907167667982,0.013836169893936835,0.0042310778743416926,189.12174377441406,189.3423423040424,188.84811248779297,188.2229754735836,186.1237594604492,185.08531902806686,175.48862548828126,179.9087338386021,1.0078108110912365,1.0092710775735259,1.0240441013055241,1.086104227313633,69.6925037051179,67.29459065394443,64.06200190735623,4.217720114409275,4.334069335057615,-0.11634922064834008,193.28060056168252,178.9669183592159,186.1237594604492,0.07690411070548057,0.8126504043146111,0.5065074334874753,48033050.0,1.5647205413772391,0.0052551225170753835,-0.05990238938720127,0.001579115398882447,0.015070743935072795,5.2658854954978906e-05,0.4391526963415642,-0.021058053701177193,0.4720954731085041,1
2024-06-03,0.009258838218467957,0.00921623792680524,0.01272999657909939,0.005857982988941436,189.92478942871094,190.34944910927047,189.2605407714844,188.97582770015504,186.66399993896485,185.77849461774875,175.94253601074217,180.39716242217563,1.0128412583652282,1.0163960323456378,1.0305343439689785,1.0933323293008679,74.99969154377467,69.77987894526156,65.78558815389334,4.282325846457269,4.323720637337546,-0.0413947908802772,193.99015445966103,179.33784541826867,186.66399993896485,0.07849563411361242,0.888994169086956,-0.3336664081013009,48912810.0,1.0238728872865819,0.005018457654405006,0.5065074334874753,0.0052551225170753835,-0.05990238938720127,0.001579115398882447,0.015070743935072795,0.016588115468819664,-0.28778827547401375,1
2024-06-04,0.0016491171987693676,0.0016477588981279854,0.011782909560096307,-0.0014898956383177463,190.78929748535157,191.1265970542923,189.5886978149414,189.64947592636975,187.30277099609376,186.4358658869475,176.38477172851563,180.87887734461327,1.0099145784586245,1.0163100182924028,1.0287135204655053,1.0923896153626156,75.88529780330116,70.21799919405879,66.0925337190141,4.309447553626569,4.320866020595351,-0.011418466968781793,194.3841187476695,180.221423244518,187.30277099609376,0.07561391338650758,0.8797385848651083,-0.05209812202354214,49223820.0,0.9643989434383597,0.009258838218467957,-0.3336664081013009,0.005018457654405006,0.5065074334874753,0.0052551225170753835,-0.05990238938720127,5.2658854954978906e-05,0.4391526963415642,1
2024-06-05,0.007821003861798737,0.007790578346845174,0.010364010976169886,0.002405328737891955,191.8957092285156,192.14701502024434,189.93767242431642,190.47463502196587,187.98273315429688,187.1741501788714,176.88546264648437,181.40079787824212,1.011944726293506,1.0223767011229727,1.0330089774402758,1.0978169039263779,79.84263038937188,72.27431884486248,67.5448198797086,4.401799415380992,4.337052699552479,0.06474671582851332,194.9656379593113,180.99982834928247,187.98273315429688,0.0742930447689876,0.9443077752825494,0.14083005767683288,50408560.0,1.0743572123464744,0.0016491171987693676,-0.05209812202354214,0.009258838218467957,-0.3336664081013009,0.005018457654405006,0.5065074334874753,0.001579115398882447,0.015070743935072795,0
2024-06-06,-0.007096488019490366,-0.007121787854967978,0.011980676070761408,-0.006183283247847572,192.52822875976562,192.3679430782749,190.2925994873047,190.89921032603314,188.57696228027345,187.7108786565347,177.38116638183592,181.84820969455953,1.001462489092556,1.0132280483519234,1.0224462037296551,1.086980106891889,67.94665870764094,67.67281232203945,64.8767356972397,4.314061851569562,4.332454529955896,-0.018392678386334183,195.06132285311145,182.09260170743545,188.57696228027345,0.06877150309803577,0.8263881508836198,-0.23958210233987232,51061890.0,0.8065075538723694,0.007821003861798737,0.14083005767683288,0.0016491171987693676,-0.05209812202354214,0.009258838218467957,-0.3336664081013009,0.0052551225170753835,-0.05990238938720127,1
2024-06-07,0.012391991980362782,0.012315839721122683,0.014221154250788355,0.01150786315644745,193.44826049804686,193.31166094541243,191.28500213623047,191.6810078448794,189.2000633239746,188.42404227778735,177.8533706665039,182.37177389005475,1.0090506690374623,1.0204621088937724,1.0317073538471313,1.097528238841809,75.36975774895856,71.10752321656943,67.23307163844223,4.386757726599285,4.343315169284574,0.043442557314710584,195.7149378729928,182.6851887749564,189.2000633239746,0.06886757260606757,0.9604105044982759,0.2894992448120286,51271690.0,1.0357353151417479,-0.007096488019490366,-0.23958210233987232,0.007821003861798737,0.14083005767683288,0.0016491171987693676,-0.05209812202354214,0.005018457654405006,0.5065074334874753,0
2024-06-10,-0.01914783646254603,-0.019333530531070463,0.026667405165106416,-0.01919755660979914,193.2678192138672,192.69492606321768,191.59630432128907,191.64108938196097,189.69923782348633,188.71331980360077,178.2870587158203,182.72823202373215,0.9906535763564436,0.9992961867247981,1.009289539038536,1.073894301010412,52.97823933137751,60.31212084788648,60.55973701226722,4.095562296578549,4.29376459474337,-0.19820229816482016,195.2258563954475,184.17261925152516,189.69923782348633,0.05826716686235336,0.6594300793872644,0.826799914883841,57340010.0,1.691841351265896,0.012391991980362782,0.2894992448120286,-0.007096488019490366,-0.23958210233987232,0.007821003861798737,0.14083005767683288,0.009258838218467957,-0.3336664081013009,1
2024-06-11,0.07264916735590776,0.07013144593051472,0.06531498516991502,0.06971340266200274,195.8058349609375,196.920274602041,193.29756622314454,194.13743161791123,190.7337760925293,190.29976283941855,179.02764923095702,183.6161825984755,1.0488501107265686,1.062460204194218,1.0767414974265352,1.1471466701478379,79.46536118775606,75.32533579919888,71.58175267944594,4.930335624846464,4.421078800763989,0.5092568240824749,199.12096561240458,182.34658657265402,190.7337760925293,0.08794655767530615,1.3725923953710697,0.7768574850891967,69349330.0,2.4855798895245274,-0.01914783646254603,0.826799914883841,0.012391991980362782,0.2894992448120286,-0.007096488019490366,-0.23958210233987232,0.0016491171987693676,-0.05209812202354214,1
2024-06-12,0.02857853576945768,0.028177786718685566,0.06242081285293158,0.027487159865197043,199.21629943847657,201.6935741813086,195.5560043334961,197.24702102189895,192.00476760864257,192.29408764898284,179.9091876220703,184.69947635303896,1.0603558741692243,1.080202952907548,1.1001819172032652,1.1741488921821464,83.92340053221511,78.94467634939129,74.71272728939019,5.9963725743013185,4.736137555471455,1.2602350188298637,203.96960655460023,180.0399286626849,192.00476760864257,0.12463064428009653,1.3038305328673014,0.14944889956855256,83855960.0,2.3627932945970684,0.07264916735590776,0.7768574850891967,-0.01914783646254603,0.826799914883841,0.012391991980362782,0.2894992448120286,0.007821003861798737,0.14083005767683288,1
2024-06-13,0.005491035866070693,0.00547601508995544,0.02403843243295989,-0.0023283970718530637,203.13435974121094,205.26241635687504,197.83129425048827,200.00212641937327,193.22023849487306,194.20894603555664,180.79788543701173,185.78577534735146,1.0456138537005815,1.0736425776958873,1.0992642507976393,1.1747930579752603,84.6897681566437,79.58209650441925,75.27793498126375,6.855781796841143,5.160066403745393,1.6957153930957496,207.96397627935997,178.47650071038615,193.22023849487306,0.15261069854106535,1.1504409700406992,-0.5060789575555571,88653320.0,1.1038808247677583,0.02857853576945768,0.14944889956855256,0.07264916735590776,0.7768574850891967,-0.01914783646254603,0.826799914883841,-0.007096488019490366,-0.23958210233987232,0
2024-06-14,-0.008168477066532231,-0.008202021873541467,0.01821259832059251,-0.006359600521560215,206.2275634765625,207.06331602339847,199.8379119873047,201.94085168065908,194.34301223754883,195.77620025659365,181.6683184814453,186.76143573986494,1.0215177438218008,1.054179926428717,1.0839860560509667,1.159613944343089,78.18574135114513,75.88168082530092,72.72497522345651,7.312576153443246,5.590568353684964,1.7220077997582814,210.7191792996073,177.96684517549036,194.34301223754883,0.1685284886090126,0.9983493102214605,-0.2834583554306186,88149760.0,0.7954950756530704,0.005491035866070693,-0.5060789575555571,0.02857853576945768,0.14944889956855256,0.07264916735590776,0.7768574850891967,0.012391991980362782,0.2894992448120286,1
2024-06-17,0.019671597054327083,0.019480611782520574,0.028753384318032375,0.015466106422064509,210.897119140625,209.6452888886459,202.08246917724608,204.28055766947392,195.67150497436523,197.58887019588383,182.60658477783204,187.86134942140515,1.018549876330492,1.062978077681404,1.0978053991422134,1.176349882894354,82.03124033616815,78.45822577073345,74.86301232048073,7.917714281099336,6.055997539167839,1.861716741931497,214.04109021648623,177.30191973224424,195.67150497436523,0.18775943124194375,1.0209080497063445,0.3366327879559685,92514540.0,1.0131196674598393,-0.008168477066532231,-0.2834583554306186,0.005491035866070693,-0.5060789575555571,0.02857853576945768,0.14944889956855256,-0.01914783646254603,0.826799914883841,0
2024-06-18,-0.010984648243915318,-0.0110454249762732,0.026272831486325997,-0.015166152430249236,212.31285095214844,210.58006950486552,204.05934295654296,205.76584368180676,196.8240203857422,199.0041807236382,183.5200344848633,188.82559574751886,1.0006442369575974,1.0411169008936216,1.079388736806305,1.1576372646923598,73.43215670548386,73.63469850849869,71.51163780486281,8.113364478505645,6.4674709270354,1.6458935514702446,216.33200698413975,177.31603378734462,196.8240203857422,0.19822770168158513,0.9004926462489478,-0.14707404273842584,95761730.0,0.8348147010293152,0.019671597054327083,0.3366327879559685,-0.008168477066532231,-0.2834583554306186,0.005491035866070693,-0.5060789575555571,0.07264916735590776,0.7768574850891967,0
2024-06-20,-0.021512811192393344,-0.02174758491683958,0.02570583545366075,-0.01986631209042778,211.64066467285156,209.67979365103014,205.42848205566406,206.15009791117996,197.68307723999024,199.84942464932595,184.31791931152344,189.57279755912046,0.9822273156469883,1.0119299907353219,1.0515783386505606,1.1278297992937625,59.36872128341471,65.2650766897028,65.54413232256255,7.809602256688692,6.735897192966059,1.0737050637226329,217.54630565170385,177.81984882827663,197.68307723999024,0.20096033195192878,0.7566593026075339,0.07792022596014925,98963300.0,0.870752086884734,-0.010984648243915318,-0.14707404273842584,0.019671597054327083,0.3366327879559685,-0.008168477066532231,-0.2834583554306186,0.02857853576945768,0.14944889956855256,0
2024-06-21,-0.010444322466336642,-0.010499247171168374,0.023037248314374106,-0.013783896121001055,210.30226135253906,208.35589046950187,206.718310546875,206.06973176486457,198.50545501708984,200.40739221667064,185.10980560302735,190.20555389430967,0.9781544087232028,0.9951130287502974,1.0362842879493432,1.1112759987852372,53.67184599487762,61.67850048912736,62.92494537019165,7.309415819480677,6.850600918268983,0.458814901211694,218.26741099077344,178.74349904340625,198.50545501708984,0.1991074348257305,0.6822347215768265,1.8060587774522032,119025630.0,2.0315380813359276,-0.021512811192393344,0.07792022596014925,-0.010984648243915318,-0.14707404273842584,0.019671597054327083,0.3366327879559685,0.005491035866070693,-0.5060789575555571,1
2024-06-24,0.0031326390622259392,0.0031277425717719546,0.02935524468275479,0.0020219438016422344,209.43973693847656,207.68809140837888,207.83365020751953,206.1211429505497,199.559326171875,200.9735923185242,185.77082153320313,190.83876720379294,0.9852595133212442,0.9928733536657428,1.0340408401079038,1.1107906590661822,55.16170516098211,62.340007489030704,63.38098123994151,6.885639533216079,6.857608641258402,0.02803089195767683,218.62235089643318,180.49630144731682,199.559326171875,0.19105120357181116,0.6781765279228336,-0.6661484807392399,121787940.0,0.662848883066747,-0.010444322466336642,1.8060587774522032,-0.021512811192393344,0.07792022596014925,-0.010984648243915318,-0.14707404273842584,-0.008168477066532231,-0.2834583554306186,1
2024-06-25,0.0044680684765656675,0.004458116292292261,0.013249170973459254,-0.00038243640736224175,207.9327880859375,207.55022439106773,209.41495361328126,206.33084247889437,200.50562896728516,201.57367784594524,186.4203775024414,191.48330536664204,0.9968340840540256,0.9897788423419435,1.033758959406893,1.1118660584931537,57.446015298122255,63.315725649598676,64.0453803239196,6.548701872569666,6.795827287520655,-0.2471254149509896,219.12241947365018,181.88883846092014,200.50562896728516,0.18569843253031632,0.6817945307717219,-0.31188202212394867,117641890.0,0.47219319580805785,0.0031326390622259392,-0.6661484807392399,-0.010444322466336642,1.8060587774522032,-0.021512811192393344,0.07792022596014925,0.019671597054327083,0.3366327879559685,1
2024-06-26,0.019993314164129528,0.019796072533647822,0.019788985794621954,0.008274231678486989,207.72658081054686,208.83968104749567,210.01971588134765,207.25588827552292,201.65864105224608,202.51128894255535,187.22924926757813,192.26508140561106,1.0177734285877065,1.0066607007496107,1.0483983887681603,1.1291964006019344,66.41754199539035,67.40361712756038,66.881252373592,6.54067408892675,6.744796647801875,-0.20412255887512565,219.9773320450018,183.33995005949038,201.65864105224608,0.18168019874744337,0.7663933059399589,0.19196323292475026,107025880.0,0.6186653172111268,0.0044680684765656675,-0.31188202212394867,0.0031326390622259392,-0.6661484807392399,-0.010444322466336642,1.8060587774522032,-0.010984648243915318,-0.14707404273842584,1
2024-06-27,0.003985989997206119,0.00397806698612721,0.01583371925738951,-0.0027481314042634877,208.60299377441407,209.98022295256223,210.1218292236328,208.1659643640997,202.83891677856445,203.43986206828296,188.120517578125,193.04924710588887,1.0175372027126197,1.010182081257181,1.04645257494851,1.1283261894840622,68.01723854643932,68.18013451945066,67.42977025930082,6.527071839377243,6.701251686116949,-0.17417984673970643,220.6902675704543,184.9875659866746,202.83891677856445,0.17601504755991018,0.7639125210740804,-0.2482964121957555,92189720.0,0.5398942528516195,0.019993314164129528,0.19196323292475026,0.0044680684765656675,-0.31188202212394867,0.0031326390622259392,-0.6661484807392399,-0.021512811192393344,0.07792022596014925,0
2024-06-28,-0.016254111835897977,-0.016387659016207666,0.027395330007725857,-0.023868049558780812,209.22361450195314,209.59054454975504,209.7629379272461,208.28327770592531,203.7971160888672,203.9514168945551,188.9701092529297,193.667362425036,0.9980287752948238,0.9954627343013494,1.0246032512701848,1.1049958565915543,55.41012322821024,61.69969895317165,62.94806527703687,6.166809051618941,6.594363159217347,-0.4275541075984064,220.74785280802266,186.84637936971174,203.7971160888672,0.16634913235733884,0.6479012900249697,0.6583930548272448,90657720.0,0.9104872701409212,0.003985989997206119,-0.2482964121957555,0.019993314164129528,0.19196323292475026,0.0044680684765656675,-0.31188202212394867,-0.010444322466336642,1.8060587774522032,1
2024-07-01,0.029104580679812697,0.028689085001312196,0.025790063842632587,0.0219718220688037,210.93082580566406,211.35654630139922,210.1852813720703,209.4842362693366,205.0115966796875,204.993048600282,189.96025787353517,194.499565851689,1.018763137080162,1.02237677349201,1.0481775337832808,1.1312289855267947,67.70983258193485,67.55055408607441,67.00426826839217,6.299078666591328,6.535306260692144,-0.23622759410081606,221.47954197470648,188.54365138466852,205.0115966796875,0.16065379287542145,0.7998841976960981,-0.2682223867162087,89685740.0,0.6734950283066182,-0.016254111835897977,0.6583930548272448,0.003985989997206119,-0.2482964121957555,0.019993314164129528,0.19196323292475026,0.0031326390622259392,-0.6661484807392399,1
2024-07-02,0.016239866459664354,0.016109410326762216,0.02397057555220195,0.0190608859232708,213.1515899658203,213.69713458667502,210.5421890258789,211.1013407944075,206.3123291015625,206.26783551046722,191.06059631347657,195.4359872362199,1.0245211456890582,1.0372187739075158,1.0584840571972034,1.1429793236849808,72.74615736214464,70.35138487405621,69.04730942032907,6.609309855543302,6.550106979662376,0.05920287588092599,222.6880845772703,189.93657362585472,206.3123291015625,0.15874723092914536,0.8684099360656378,-0.03901633861950338,86117530.0,0.6740346593777132,0.029104580679812697,-0.2682223867162087,-0.016254111835897977,0.6583930548272448,0.003985989997206119,-0.2482964121957555,0.0044680684765656675,-0.31188202212394867,1
2024-07-03,0.005811003783563251,0.005794185025533637,0.011374426710669967,0.007045468417080873,214.79733276367188,215.6805258409865,211.26195678710937,212.65515307717146,207.66064987182617,207.54207101895696,192.16968170166015,196.38545080929399,1.022579310103788,1.0396917253348648,1.0577223392355832,1.1429862734050198,74.43759819769085,71.32077072838669,69.76217458961723,6.878279254193814,6.615741434568664,0.26253781962515,223.76327747633638,191.55802226731595,207.66064987182617,0.15508597911495703,0.8721957301684677,-0.35620591873369833,81860180.0,0.4565076695409172,0.016239866459664354,-0.03901633861950338,0.029104580679812697,-0.2682223867162087,-0.016254111835897977,0.6583930548272448,0.019993314164129528,0.19196323292475026,1
2024-07-05,0.02162036779099341,0.021389962686034176,0.021207047492358154,0.021159497272968984,217.22430419921875,218.58573854080092,212.9136489868164,214.78988232503656,209.17106552124022,209.1472227257639,193.35275451660155,197.4839101477699,1.0330159176600862,1.0539303844927492,1.0727877843967069,1.1605532308109048,79.88731772769344,74.65976646093624,72.27793304023845,7.389451402783777,6.770483428211687,0.6189679745720902,225.599133518288,192.74299752419245,209.17106552124022,0.1570778248522102,0.9633867604494183,0.6166102039614876,79284170.0,0.7619730395109137,0.005811003783563251,-0.35620591873369833,0.016239866459664354,-0.03901633861950338,0.029104580679812697,-0.2682223867162087,0.003985989997206119,-0.2482964121957555,1
2024-07-08,0.00653895168287133,0.006517665480891578,0.020191405300804776,0.0032146329565391485,220.6347625732422,221.01165223195324,214.92918853759767,216.8032636503495,210.82374954223633,210.73924719133475,194.52319458007813,198.59683444057336,1.0236985186741816,1.0508739234119773,1.0713379308767508,1.1611133577249475,81.32270121046867,75.60485200879995,73.00655228118674,7.8227829529783435,6.980943333165019,0.8418396198133244,226.98373378446803,194.66376530000463,210.82374954223633,0.15330326186987978,0.965338636677547,-0.02195741271659457,61012250.0,0.968426832316461,0.02162036779099341,0.6166102039614876,0.005811003783563251,-0.35620591873369833,0.016239866459664354,-0.03901633861950338,-0.016254111835897977,0.6583930548272448,1
2024-07-09,0.0037748470851168836,0.0037677402291072513,0.013249951357103478,0.0032904840262371394,223.0002685546875,222.91312805860684,216.96554718017578,218.60559384336122,212.39959869384765,212.2608502885328,195.69345947265626,199.69954994141025,1.0166628102347568,1.044940464780987,1.0674035219751152,1.1585266074954974,82.1846111110652,76.16120610826198,73.43257775304578,8.141152888095064,7.212985244151028,0.9281676439440361,228.30240236942691,196.4967950182684,212.39959869384765,0.14974419700765568,0.9501244343489932,-0.18633548782366016,57747160.0,0.8325275216997684,0.00653895168287133,-0.02195741271659457,0.02162036779099341,0.6166102039614876,0.005811003783563251,-0.35620591873369833,0.029104580679812697,-0.2682223867162087,1
2024-07-10,0.018803592527021573,0.018628990350773394,0.01643918748944321,0.016048812153528807,225.52043762207032,225.60180420378478,219.3360137939453,220.85533250713928,214.37548370361327,214.0435461176383,196.96066864013673,200.92620117877223,1.0242049852759603,1.0530835885033154,1.0774513601260622,1.1727171627151534,85.96327429785664,78.76850527393827,75.46550314304798,8.637885852502649,7.4979653658213525,1.1399204866812962,229.16201509798742,199.58895230923912,214.37548370361327,0.13794983585732595,1.0614458302521366,0.3026784618552669,58454960.0,1.0713838483509355,0.0037748470851168836,-0.18633548782366016,0.00653895168287133,-0.02195741271659457,0.02162036779099341,0.6166102039614876,0.016239866459664354,-0.03901633861950338,0
2024-07-11,-0.02322081988710123,-0.023494670793531035,0.029089927952394862,-0.016508890079545015,226.71410217285157,225.60641317036175,220.7557174682617,221.72084134284407,215.3877166748047,215.14564944962663,198.03744171142577,201.89441411699747,0.9951548180778872,1.0220148936163007,1.0474860618173187,1.1392574512867923,65.55441263743225,68.6023355130894,68.53737410309634,8.500767080037036,7.69852570866449,0.8022413713725465,230.3408094546093,200.43462389500007,215.3877166748047,0.1388481479877611,0.8419999654695037,0.033258446342433245,58304700.0,1.1098693587309427,0.018803592527021573,0.3026784618552669,0.0037748470851168836,-0.18633548782366016,0.00653895168287133,-0.02195741271659457,0.005811003783563251,-0.35620591873369833,1
2024-07-12,0.013050838952069821,0.012966410534460718,0.01717709217138857,0.007076686747096328,227.54689025878906,226.59097690361358,222.3855972290039,222.96434371143914,216.25371322631835,216.42321658491144,199.23587432861328,202.9401274602571,1.0044527706363107,1.0277648697489838,1.0569071899862348,1.1471834835986288,70.10082752794368,70.8282534209949,70.11867293818699,8.531349760141495,7.8650905189598905,0.6662592411816046,232.12372015601306,200.38370629662364,216.25371322631835,0.14677211034139423,0.887724819476042,-0.18025022175655925,58632080.0,0.9047350870035653,-0.02322081988710123,0.033258446342433245,0.018803592527021573,0.3026784618552669,0.0037748470851168836,-0.18633548782366016,0.02162036779099341,0.6166102039614876,1
2024-07-15,0.016743268788159904,0.016604645461826724,0.017662113896968524,-0.008795677725955124,228.8515838623047,228.5229671463544,224.74317321777343,224.67754442423853,217.25305557250977,217.94357192271377,200.53123931884767,204.09490472188764,1.0154482818509065,1.0340111528400278,1.069660203486874,1.158856587238945,75.0867517656296,73.46157935016197,72.03659682189672,8.763362436256273,8.044744902419167,0.7186175338371061,234.48525113887365,200.02086000614588,217.25305557250977,0.15863708357015505,0.9391167684072289,0.1806867559593941,56640940.0,1.105760250447821,0.013050838952069821,-0.18025022175655925,-0.02322081988710123,0.033258446342433245,0.018803592527021573,0.3026784618552669,0.00653895168287133,-0.02195741271659457,1
2024-07-16,0.0017918265159464486,0.001790223109879437,0.01677881917432295,-0.0007659262799202274,230.06903686523438,229.94975967309045,226.53465270996094,226.15496266102468,218.35996704101564,219.3587883802232,201.76107299804687,205.22072589854156,1.0118847277260077,1.0276721108298938,1.0661448061257213,1.153856595165987,75.60320743077587,73.73935822722773,72.24016257653375,8.878488233518027,8.21149356863894,0.6669946648790877,236.57341425283727,200.146519829194,218.35996704101564,0.16682038799172844,0.8965031308343496,-0.3097013793422777,54924080.0,0.787164755422394,0.016743268788159904,0.1806867559593941,0.013050838952069821,-0.18025022175655925,-0.02322081988710123,0.033258446342433245,0.0037748470851168836,-0.18633548782366016,0
2024-07-17,-0.02529599528085469,-0.025621438978956017,0.02105910180614775,-0.002484166803271991,229.25607604980468,228.93795725439105,227.3882568359375,226.293033525746,218.9652229309082,220.07836590753453,202.66818298339842,206.0714563502455,0.9897855547684425,0.9979158799775344,1.0363031598337067,1.11963480935525,56.33434667029446,63.600226076947514,65.19264903328714,8.397729990341219,8.248740852979395,0.1489891373618235,237.4686896940477,200.4617561677687,218.9652229309082,0.16900827003910152,0.7148010853274085,0.32639825323874794,54854050.0,1.0454269101369909,0.0017918265159464486,-0.3097013793422777,0.016743268788159904,0.1806867559593941,0.013050838952069821,-0.18025022175655925,0.018803592527021573,0.3026784618552669,0
2024-07-18,-0.020534650558511003,-0.02074841798490292,0.03644392200851358,-0.026489517699545957,228.58389892578126,226.71021999739352,227.6490005493164,225.55879933622828,219.4554786682129,220.2856401528549,203.51516845703125,206.70609513978093,0.9723114643151755,0.9763045080237486,1.0127555111960438,1.0920795101831622,45.60479829116944,56.93006820367881,60.30491559187379,7.553660386422081,8.109724759667934,-0.556064373245853,237.76095552353587,201.1500018128899,219.4554786682129,0.16682633731827123,0.576459816843601,0.15151388329418491,57720530.0,1.1440400841780212,-0.02529599528085469,0.32639825323874794,0.0017918265159464486,-0.3097013793422777,0.016743268788159904,0.1806867559593941,-0.02322081988710123,0.033258446342433245,1
2024-07-19,0.0005797872767689949,0.0005796192650634061,0.01569258753855338,-0.0022685248154516143,227.34859924316407,225.26801531727278,227.44774475097657,224.98149144910153,220.1806968688965,220.48544641991933,204.35106842041014,207.32089948555546,0.9781613200931911,0.9777349351188782,1.0100050055225616,1.0882429324985123,45.93701801057997,57.064175493138094,60.391146091074845,6.816550160320276,7.851089839798403,-1.0345396794781276,237.72776647291553,202.63362726487745,220.1806968688965,0.15938790142413983,0.5627714238857923,-0.25567051212546155,56594440.0,0.8684863742798763,-0.020534650558511003,0.15151388329418491,-0.02529599528085469,0.32639825323874794,0.0017918265159464486,-0.3097013793422777,0.013050838952069821,-0.18025022175655925,0
2024-07-22,-0.0015602987539841129,-0.0015615172877677308,0.020941249780360306,-0.013435478026395551,225.27853393554688,224.19088390943188,227.06505889892577,224.44606047540125,220.99712371826172,220.63317734123652,205.17329650878906,207.89798660744543,0.9856093131237954,0.9778546385359357,1.004703669251431,1.0821906401656833,45.072226488087914,56.55353710176548,60.02249264062383,6.133680960915314,7.507608064021786,-1.3739271031064728,237.24615530165576,204.74809213486768,220.99712371826172,0.1470519734375288,0.5319864408581313,-0.019321892515996475,55506030.0,0.8684065497027981,0.0005797872767689949,-0.25567051212546155,-0.020534650558511003,0.15151388329418491,-0.02529599528085469,0.32639825323874794,0.016743268788159904,0.1806867559593941,1
2024-07-23,0.00468827999410637,0.00467732423854306,0.018932535752297825,0.0028524285937349667,223.33338317871093,223.81978625374887,226.70121002197266,224.19724783303425,221.83337860107423,220.86597863658378,205.98010681152343,208.49326520881553,0.9988546618840076,0.9840158811713505,1.0056087697404008,1.0830055115298294,48.46771623879603,57.77432119187077,60.7767260952809,5.611810311575425,7.128448513532515,-1.5166382019570896,236.63899804631959,207.02775915582887,221.83337860107423,0.1334841450697146,0.5420182467174025,-0.17097909206710127,54694450.0,0.7306097785058631,-0.0015602987539841129,-0.019321892515996475,0.0005797872767689949,-0.25567051212546155,-0.020534650558511003,0.15151388329418491,0.0017918265159464486,-0.3097013793422777,0
2024-07-24,-0.02875418111272854,-0.02917568218751605,0.03509654253033236,-0.024375029972621327,221.28314819335938,221.43424999924406,225.26961212158204,222.8274168616161,222.30281295776368,220.46571186074098,206.68381103515625,208.81365392573395,0.979121904488235,0.9617949596028841,0.9746308407325426,1.0482832516252598,33.555558497935905,48.694666820506626,54.164971885237335,4.627293939851967,6.628217598796406,-2.000923658944439,235.7667961432052,208.83882977232216,222.30281295776368,0.12113191917188744,0.2905658604198426,0.5459743795717249,54609440.0,1.1312622872529,0.00468827999410637,-0.17097909206710127,-0.0015602987539841129,-0.019321892515996475,0.0005797872767689949,-0.25567051212546155,-0.02529599528085469,0.32639825323874794,0
2024-07-25,-0.004804624022782034,-0.004816203333158976,0.028645044962877377,-0.0065773865198528484,219.95663757324218,219.49689746043356,224.27026824951173,221.51737604728817,222.51299285888672,220.00442429141447,207.30265075683593,209.0806554338547,0.9802940923345113,0.9614390443539408,0.9690319185970222,1.040132345609682,31.70843032522285,47.39293850290331,53.179151781821645,3.720174962669148,6.046609071570955,-2.3264341089018066,235.4100869584329,209.61589875934052,222.51299285888672,0.11592216646625461,0.2328545320795681,-0.1681256636709746,53277500.0,0.9645948101919196,-0.02875418111272854,0.5459743795717249,0.00468827999410637,-0.17097909206710127,-0.0015602987539841129,-0.019321892515996475,-0.020534650558511003,0.15151388329418491,1
2024-07-26,0.0021609203471286698,0.0021585889168413237,0.015966282249644907,-0.0033835859382756323,218.69754333496093,218.36064322883072,223.0230712890625,220.53024126880393,222.7043342590332,219.63144433657737,207.90800659179686,209.3554585449045,0.9880684138946211,0.9689048470037028,0.9702915548751165,1.0393449406202468,33.61664079981979,48.06219854893698,53.57624857451846,3.0042432479762624,5.4381359068520165,-2.433892658875754,235.09081627886638,210.31785223920002,222.7043342590332,0.11123700902404658,0.23292660971798235,-0.19049759491897444,52132980.0,0.7979843085893037,-0.004804624022782034,-0.1681256636709746,-0.02875418111272854,0.5459743795717249,0.00468827999410637,-0.17097909206710127,0.0005797872767689949,-0.25567051212546155,1
2024-07-29,0.0012848168053896103,0.0012839921345696125,0.016266509175234634,0.005899699205784831,217.56337280273436,217.69568496342623,221.42095336914062,219.77306438949725,223.08206329345703,219.32042758381925,208.47350830078125,209.63037265814813,0.9944953768886317,0.9771693470757679,0.9698931650457044,1.0378573766814014,34.881523104549984,48.482758633121556,53.821283602214486,2.4312391116324363,4.8367565478081005,-2.405517436175664,234.14035426739014,212.0237723195239,223.08206329345703,0.09914101394504585,0.1963231083052679,-0.12714746894928763,49501030.0,0.7335564532697603,0.0021609203471286698,-0.19049759491897444,-0.004804624022782034,-0.1681256636709746,-0.02875418111272854,0.5459743795717249,-0.0015602987539841129,-0.019321892515996475,1
2024-07-30,0.0025659132000028784,0.0025626268651607947,0.019241346687144636,-0.0017792754473492317,216.33204345703126,217.43743804690655,219.83271331787108,219.25449708483723,223.183683013916,219.09190535810956,209.047734375,209.91627742503908,1.0027222077110038,0.9867546141788571,0.9719390830213231,1.0376622586339244,37.653002218216976,49.365701002030434,54.32744719911067,1.998885345062405,4.269182307258962,-2.270296962196557,233.97301283546994,212.39435319236208,223.183683013916,0.09668565081329172,0.2097716492298856,0.14683931944987583,49341980.0,0.8439831559252385,0.0012848168053896103,-0.12714746894928763,0.0021609203471286698,-0.19049759491897444,-0.004804624022782034,-0.1681256636709746,0.00468827999410637,-0.17097909206710127,1
2024-07-31,0.014990787577857878,0.01487953617458846,0.014364203958504117,0.0028901706222560154,217.0339599609375,218.34921203452626,219.15855407714844,219.42145398027873,223.27340545654297,219.19484389636253,209.68640197753905,210.3184924283617,1.0144622530473713,1.0046277268842545,0.9861127865164361,1.0500097189580746,51.70033092084419,54.305649014747175,57.211858553910986,1.896771427963131,3.794700131399796,-1.8979287034366652,233.93043361933775,212.6163772937482,223.27340545654297,0.09546168869510985,0.35452579277203417,0.20153059999327638,48611020.0,1.0293201006685315,0.0025659132000028784,0.14683931944987583,0.0012848168053896103,-0.12714746894928763,0.0021609203471286698,-0.19049759491897444,-0.02875418111272854,0.5459743795717249,0
2024-08-01,-0.01675070665527678,-0.01689258636386748,0.03416372702979594,-0.026786088325655752,217.2064636230469,217.72771158747065,218.58155059814453,218.88750065538426,223.11527557373046,218.93673597226697,210.22810974121094,210.560304909342,0.996677111179619,0.9904070590630948,0.9702818874085565,1.029761010360842,39.82698327181032,48.523548981849885,53.210055559058695,1.5009486536795862,3.335949835855754,-1.835001182176168,234.07245533382388,212.15809581363703,223.11527557373046,0.09821989760152057,0.1974328693355968,0.24911314385755934,48257660.0,1.2951518992010802,0.014990787577857878,0.20153059999327638,0.0025659132000028784,0.14683931944987583,0.0012848168053896103,-0.12714746894928763,-0.004804624022782034,-0.1681256636709746,1
2024-08-02,0.006869406976909742,0.006845920100064433,0.03588647033450866,0.00323982082428232,217.583203125,217.80908515011066,218.14037322998047,218.72101549538542,222.7940589904785,218.84484038208828,210.77358428955077,210.8509530413439,1.0017861174245484,0.9992273738598029,0.9783556763724388,1.034151566051803,45.69408407956679,50.79840650266555,54.555873954197814,1.292357048990624,2.9272312784827283,-1.6348742294921044,233.9569409979457,211.6311769830113,222.7940589904785,0.1002080760864837,0.2840061951805036,0.6890705748708021,53899370.0,1.958624006180406,-0.01675070665527678,0.24911314385755934,0.014990787577857878,0.20153059999327638,0.0025659132000028784,0.14683931944987583,0.0021609203471286698,-0.19049759491897444,0
2024-08-05,-0.04816709161118771,-0.04936577599388375,0.08362402467013728,0.0511326943684958,215.80460205078126,214.36364445391493,216.68398742675782,216.67587868922868,221.8745231628418,217.76178539917734,211.13782897949218,210.71847500291958,0.9613917455416578,0.957490055104566,0.9350905191996812,0.9826413583217968,25.34187328290338,38.02286214087466,44.96783971427508,0.27667027556128687,2.39711907789844,-2.1204488023371533,234.76994496109222,208.97910136459137,221.8745231628418,0.11624067165914317,-0.05840593377381056,0.13242574022957587,61034050.0,1.958719763803975,0.006869406976909742,0.6890705748708021,-0.01675070665527678,0.24911314385755934,0.014990787577857878,0.20153059999327638,0.0012848168053896103,-0.12714746894928763,0
2024-08-06,-0.009748152800612808,-0.009795977094941297,0.04304395286806403,0.00940084095027841,213.51047058105468,211.3925252576881,214.92125701904297,214.63486199395697,220.8112335205078,216.589261729278,211.5413333129883,210.511879389677,0.9622492344572843,0.9559328365878234,0.9304340344901575,0.9712063531397818,23.035987172063287,36.13745894050397,43.42421420676002,-0.6835857850979892,1.7809781052991545,-2.4645638903971436,235.3381925116102,206.28427452940542,220.8112335205078,0.1315780792443533,-0.028704826133324125,-0.4173039249309486,64004070.0,1.0883760985824809,-0.04816709161118771,0.13242574022957587,0.006869406976909742,0.6890705748708021,-0.01675070665527678,0.24911314385755934,0.0025659132000028784,0.14683931944987583,1
2024-08-07,0.012498301074166829,0.012420842045709223,0.034553425540573494,0.014113163431001843,211.07953186035155,210.2677056405421,214.05674591064454,213.4318082507375,219.66317901611328,215.77295741279914,211.93472595214843,210.41408280209166,0.9854961519616834,0.9717893520304409,0.9469865060588555,0.9815195007410784,32.17705417892218,40.19231486019767,45.89993314270705,-1.2232958887802852,1.1801233064832668,-2.403419195263552,234.42177361018113,204.90458442204542,219.66317901611328,0.1343747701382875,0.10548030045679387,-0.08820063019932389,64177950.0,0.9896919424818026,-0.009748152800612808,-0.4173039249309486,-0.04816709161118771,0.13242574022957587,0.006869406976909742,0.6890705748708021,0.014990787577857878,0.20153059999327638,1
2024-08-08,0.016633276293891663,0.016496458422253012,0.025174605872434246,0.000938468151045924,210.07820739746094,210.67116655333018,213.6423355102539,213.0765864558591,218.9563018798828,215.36392226671413,212.3971206665039,210.45580851098634,1.0066636182723931,0.9898697646878899,0.965846091495101,0.995673047333628,42.84811634699978,45.237938223241656,49.054139258593196,-1.3561918424074406,0.6728602767051253,-2.029052119112566,233.8603354891593,204.0522682706063,218.9563018798828,0.13613706005550547,0.24912115414440564,-0.25749727629399655,63754940.0,0.7397246393769643,0.012498301074166829,-0.08820063019932389,-0.009748152800612808,-0.4173039249309486,-0.04816709161118771,0.13242574022957587,-0.01675070665527678,0.24911314385755934,1
2024-08-09,0.013735848261558825,0.013642366558736178,0.022243791326326923,0.01951909132726713,209.3604248046875,211.90841747272793,213.47181396484376,213.3141015205253,218.24744262695313,215.27049341383884,212.9116632080078,210.60981285610544,1.0239897034576684,1.0042680358111808,0.9822929273813519,1.0069101714830824,50.479523266734816,49.118913692578886,51.544523934613665,-1.2131330212238538,0.2956616171193295,-1.5087946383431832,232.59515510085,203.89973015305625,218.24744262695313,0.13148115094682866,0.3653261513826504,-0.10516082110044078,63814970.0,0.6613119147435155,0.016633276293891663,-0.25749727629399655,0.012498301074166829,-0.08820063019932389,-0.009748152800612808,-0.4173039249309486,0.006869406976909742,0.6890705748708021,1
2024-08-12,0.007130066415896863,0.007104767675633462,0.017974479038577785,0.006757029692174551,211.0481689453125,213.24277290336812,213.42638549804687,213.78635283763856,217.42366943359374,215.33154011391593,213.43694885253908,210.81772151918554,1.023043624797314,1.0116438193000477,0.9930449813818124,1.011593751341615,54.231422471690365,51.08346933181633,52.81884337554096,-0.9652882559877298,0.04347164249791763,-1.0087598984856474,230.23962295028073,204.60771591690676,217.42366943359374,0.1178892210776645,0.4410037783386009,-0.09889435471640884,63986600.0,0.5943134968884111,0.013735848261558825,-0.10516082110044078,0.016633276293891663,-0.25749727629399655,0.012498301074166829,-0.08820063019932389,-0.04816709161118771,0.13242574022957587,1
2024-08-13,0.017192963238450876,0.017046836766094323,0.013015794401423662,0.01031920835719875,213.88283996582032,215.3697292581699,213.6966552734375,214.84767813402672,216.7646842956543,215.74031171904522,214.01744293212892,211.16305173285565,1.0268408723339868,1.0277355145626963,1.0131892225959636,1.026195056621728,62.31991716225798,55.57000971018983,55.783995372789285,-0.46398086809202255,-0.05801885962007041,-0.40596200847195213,227.54302889492277,205.9863396963858,216.7646842956543,0.09944742275976515,0.6326250819774858,0.16112295907499985,64237750.0,0.6873730789138786,0.007130066415896863,-0.09889435471640884,0.013735848261558825,-0.10516082110044078,0.016633276293891663,-0.25749727629399655,-0.009748152800612808,-0.4173039249309486,1
2024-08-14,0.0020337303827382414,0.0020316651527100722,0.015018950986473876,0.005213736493166958,216.2932861328125,216.93658525251695,213.68640899658203,215.79724524442383,216.42248153686523,216.15269129258482,214.57157562255858,211.51235547828134,1.0174624519139222,1.0298750317093448,1.0168550682833029,1.0256265146149872,63.23205900553865,56.09184303925802,56.13229943238327,-0.03030051823466806,-0.052475191342989946,0.022174673108321885,226.28587670194884,206.55908637178163,216.42248153686523,0.09114945078756506,0.6849168386388372,-0.04970411253009266,63430180.0,0.6615242144985242,0.017192963238450876,0.16112295907499985,0.007130066415896863,-0.09889435471640884,0.013735848261558825,-0.10516082110044078,0.012498301074166829,-0.08820063019932389,1
2024-08-15,0.013530569226876787,0.013439848494398134,0.011525505440594866,0.0005342614155237489,218.60726318359374,218.9737147126155,214.34273529052734,217.1155594968581,216.46214294433594,216.80938484879698,215.17891723632812,211.96473266081196,1.0203136455054072,1.0406136383884705,1.0304248613586446,1.0365698298771617,69.05782672999551,59.50638069215005,58.424791322120505,0.5473582773452961,0.06749150239466727,0.4798667749506288,226.424905644908,206.49938024376388,216.46214294433594,0.09205085531407697,0.8305223102472574,0.10613289609776788,61821480.0,0.7507746498466229,0.0020337303827382414,-0.04970411253009266,0.017192963238450876,0.16112295907499985,0.007130066415896863,-0.09889435471640884,0.016633276293891663,-0.25749727629399655,1
2024-08-16,0.005918452678374431,0.005901007436040393,0.014067719051709891,0.00951234771449681,220.6042938232422,220.7718339783322,214.98235931396485,218.43419822647763,216.56136627197264,217.5292598641273,215.78252166748047,212.45113814508466,1.017061221344763,1.0436580621114762,1.036048471489549,1.0397879808611905,71.40152891253928,60.95600220353405,59.41215510413138,1.0990092865469876,0.27379505922513137,0.8252142273218562,226.79392505115803,206.32880749278726,216.56136627197264,0.09450031605669343,0.8814640309554359,-0.04468048433662253,55698640.0,0.7960732973013345,0.013530569226876787,0.10613289609776788,0.0020337303827382414,-0.04970411253009266,0.017192963238450876,0.16112295907499985,0.013735848261558825,-0.10516082110044078,0
2024-08-19,-0.0007078256491043211,-0.0007080762759528058,0.013059507791412375,0.0007531373738523529,222.26384887695312,221.91764232995587,216.6560089111328,219.4842092822459,216.6699981689453,218.16545026118217,216.41051086425782,212.91224092501088,1.0087527061466797,1.034862869301578,1.0347960535744278,1.0360368271291454,70.65043518872646,60.6745915946518,59.23445513872136,1.5060212895114375,0.5202403052823926,0.9857809842290449,227.17525519950394,206.1647411383867,216.6699981689453,0.0969701123306172,0.8588327654586148,-0.08237220400449252,47812560.0,0.8509855987631701,0.005918452678374431,-0.04468048433662253,0.013530569226876787,0.10613289609776788,0.0020337303827382414,-0.04970411253009266,0.007130066415896863,-0.09889435471640884,1
2024-08-20,0.0027446991508923713,0.002740939342302288,0.007593489304734446,0.003277628650269947,223.30404968261718,222.88664355200183,218.59344482421875,220.4551977756728,216.75735092163086,218.7996593787928,217.00302185058592,213.37939406505336,1.006809533081186,1.0285058921912584,1.037218092213074,1.036043848969501,71.9827880686218,61.41787721400406,59.724575116673435,1.8568333995345938,0.7875589241328329,1.069274475401761,227.5006330305311,206.0140688127306,216.75735092163086,0.09912726893201888,0.8754576577571002,-0.2553296074007442,43876410.0,0.6905533064350524,-0.0007078256491043211,-0.08237220400449252,0.005918452678374431,-0.04468048433662253,0.013530569226876787,0.10613289609776788,0.017192963238450876,0.16112295907499985,0
2024-08-21,-0.00048554008155765604,-0.00048565799431217927,0.01294166411117887,-0.0005298003430735224,224.23308715820312,223.4962572410481,220.2631866455078,221.229795383576,217.15996627807618,219.36307130644497,217.66810241699218,213.8239466358019,1.0021513214978715,1.020213536548885,1.0347924088889824,1.0323767337698733,71.31282212629165,61.19691530282883,59.59113058191421,2.1018176676357996,1.0504106728334262,1.0514069948023734,228.44864727422828,205.8712852819241,217.15996627807618,0.10396650164972665,0.8346501838274926,0.14741410607610805,41001320.0,0.8479117257688289,0.0027446991508923713,-0.2553296074007442,-0.0007078256491043211,-0.08237220400449252,0.005918452678374431,-0.04468048433662253,0.0020337303827382414,-0.04970411253009266,0
2024-08-22,-0.008259684928736744,-0.008293985129443042,0.01977465134077943,-0.014311403498489021,224.19537353515625,223.2839733332248,221.401318359375,221.52608813521275,217.52182693481444,219.69605551702907,218.01787109375,214.17827835665585,0.9940410544762261,1.0065857203064905,1.0245381286925437,1.0222070530252367,60.198478022133045,57.41460499684999,57.30522281488607,2.1217412807798155,1.264676794422704,0.8570644863571115,229.05154149813598,205.9921123714929,217.52182693481444,0.10600972533001651,0.7314705430672002,0.25685809207403887,40654740.0,1.0747898031078296,-0.00048554008155765604,0.14741410607610805,0.0027446991508923713,-0.2553296074007442,-0.0007078256491043211,-0.08237220400449252,0.013530569226876787,0.10613289609776788,1
2024-08-23,0.010288036258583766,0.010235474610262045,0.017148648617742242,0.005229073192554289,224.352197265625,223.90671260951967,222.4782455444336,222.18537959464848,217.97502975463868,220.21568748322719,218.29611145019533,214.60862787843837,1.0035657947915582,1.0120189082358695,1.0329265302339887,1.031407246177531,67.49862648534275,60.64997733288153,59.32880249636047,2.2960718407181844,1.4709558036818002,0.8251160370363841,229.9477547464323,206.00230476284506,217.97502975463868,0.10985409663914807,0.7997296527060498,-0.11484072657700028,40302310.0,0.9596794823919522,-0.008259684928736744,0.25685809207403887,-0.00048554008155765604,0.14741410607610805,0.0027446991508923713,-0.2553296074007442,0.005918452678374431,-0.04468048433662253,1
2024-08-26,0.0014988911986750786,0.0014977689825090108,0.014922086006431287,0.0018521704847398006,224.6082794189453,224.43436500628135,223.43606414794922,222.7861596319496,218.43122482299805,220.71797151337745,218.55790283203126,215.03533540476644,1.0039241224016298,1.0091910214212136,1.032314267259758,1.031715929179192,68.49104672379835,61.11822666735913,59.62455945067118,2.433410924694357,1.6634468278843115,0.7699640968100454,230.8122468554762,206.0502027905199,218.43122482299805,0.1133631150263511,0.7850509819904523,-0.20878137822443654,39559720.0,0.7735696814840954,0.010288036258583766,-0.11484072657700028,-0.008259684928736744,0.25685809207403887,-0.00048554008155765604,0.14741410607610805,-0.0007078256491043211,-0.08237220400449252,1
2024-08-27,0.0037414505419013366,0.0037344687251517376,0.017366165570609576,0.00898229548361446,224.91001586914064,225.06735275321103,224.1070327758789,223.43109938015337,218.9018440246582,221.25276739277675,218.87126708984374,215.4783939476019,1.006328363689938,1.009934072320782,1.0339489338498902,1.0340933794391727,71.06763482650234,62.32517446648208,60.380805840544056,2.5805819814410995,1.8468738585956692,0.7337081228454303,231.72511330507604,206.07857474424037,218.9018440246582,0.11715999321571138,0.7897655839513792,0.17424891020906985,38737650.0,0.9276401640264704,0.0014988911986750786,-0.20878137822443654,0.010288036258583766,-0.11484072657700028,-0.008259684928736744,0.25685809207403887,0.0027446991508923713,-0.2553296074007442,0
2024-08-28,-0.006753463784521796,-0.006776371617467972,0.018455595537068728,-0.006274099189493917,224.9278778076172,224.9798332726485,224.58048248291016,223.6808620949479,219.1334457397461,221.5910556707526,219.0711782836914,215.84413513834392,0.9994527868341913,1.0009988037523714,1.0258807985820335,1.0261723886855036,60.59403225815725,58.76590429005134,58.30332471826486,2.5445442677210792,1.9864079404207513,0.5581363273003279,232.2050790175726,206.0618124619196,219.1334457397461,0.11930295016079857,0.7169334333069799,0.05892927707557627,38346810.0,0.9923172227363893,0.0037414505419013366,0.17424891020906985,0.0014988911986750786,-0.20878137822443654,0.010288036258583766,-0.11484072657700028,-0.00048554008155765604,0.14741410607610805,1
2024-08-29,0.0145700680121581,0.014464944445971585,0.017581241151359634,-0.0013472959980858638,225.97203979492187,226.01329399979954,225.08370666503907,224.48074452388494,219.7132209777832,222.20907088821443,219.38378997802735,216.32398142523638,1.0093293650891186,1.0133128640604883,1.0380814337848354,1.0396402372160003,71.20366405413807,63.567281016301315,61.299300882386824,2.748599092929908,2.138846170922583,0.609752922007325,233.2826283870464,206.14381356852002,219.7132209777832,0.12351926159814745,0.8083036061916234,0.3640814460136339,38896040.0,1.3344880352858544,-0.006753463784521796,0.05892927707557627,0.0037414505419013366,0.17424891020906985,0.0014988911986750786,-0.20878137822443654,-0.008259684928736744,0.25685809207403887,0
2024-08-30,-0.0034377066612967244,-0.0034436291519271463,0.012751083707184818,-0.005169653020483166,226.400830078125,226.4409101925747,225.376513671875,224.9926350792013,220.17943649291993,222.69355390630113,219.77212799072265,216.75426225476144,1.0039545460133297,1.008517431009004,1.0323223012946257,1.034235526844059,66.22410929838159,61.71472200462884,60.2118799355068,2.8146009163868086,2.273997120015428,0.5406037963713808,234.11331760656418,206.2455553792757,220.17943649291993,0.12656841470381638,0.7553741497850261,0.020893417562030114,39761100.0,1.3327297283022854,0.0145700680121581,0.3640814460136339,-0.006753463784521796,0.05892927707557627,0.0037414505419013366,0.17424891020906985,0.010288036258583766,-0.11484072657700028,0
2024-09-03,-0.02720527816714191,-0.027582193532427093,0.035148366839721126,-0.02528986524663468,225.5253936767578,224.66476939270606,225.06683654785155,224.28715375443173,220.86142272949218,222.54297618122186,220.0802160644531,216.92517306018132,0.9804327760530861,0.9824303357369931,1.0011367538086724,1.0046904340016338,40.295460374749055,49.469889587141324,52.49970083323951,2.340953519807698,2.287388399973882,0.053565119833816066,233.5174422059685,208.20540325301585,220.86142272949218,0.11460597618242492,0.5099188004547254,-0.05284313503476079,40711380.0,1.2328395647605166,-0.0034377066612967244,0.020893417562030114,0.0145700680121581,0.3640814460136339,-0.006753463784521796,0.05892927707557627,0.0014988911986750786,-0.20878137822443654,0
2024-09-04,-0.008618762157690418,-0.008656118486674984,0.01947024194213666,-0.003654234165891647,224.10008239746094,222.84543687866605,224.5050491333008,223.36344795373248,221.54924697875975,222.225242435447,220.3373016357422,217.01464752255015,0.9781646195997541,0.9764001865295734,0.9894268422929987,0.9948690948978525,35.32290231835009,46.413517887214915,50.410324630462206,1.791161797513638,2.1881430794818333,-0.39698128196819527,232.10052047432967,210.99797348318984,221.54924697875975,0.09524991521710278,0.3889956208055201,-0.1265256840922404,42065500.0,1.042188967205905,-0.02720527816714191,-0.05284313503476079,-0.0034377066612967244,0.020893417562030114,0.0145700680121581,0.3640814460136339,0.0037414505419013366,0.17424891020906985,1
2024-09-05,0.006927777412329972,0.00690389062052107,0.017807317960825204,0.0033840183345055976,223.2842010498047,222.1387537768581,224.10603942871094,222.88380061182514,222.1846130371094,222.082399115237,220.60631958007812,217.16016674022435,0.9885401051013378,0.9849149453353123,0.9934323738988016,1.0005397306540933,41.97935442543795,49.11161929475208,52.00842425309603,1.461144331455131,2.042743329876493,-0.5815989984213621,230.74217060879676,213.62705546542202,222.1846130371094,0.07703105498361473,0.414740540648243,-0.16479851825493497,42250490.0,0.8666266355727472,-0.008618762157690418,-0.1265256840922404,-0.02720527816714191,-0.05284313503476079,-0.0034377066612967244,0.020893417562030114,-0.006753463784521796,0.05892927707557627,0
2024-09-06,-0.007015055657756841,-0.007039776842194427,0.02477131165325881,-0.01397628786191424,221.50355529785156,221.15149808268404,223.73779754638673,222.2098344450089,222.56955795288087,221.80569317038928,220.7614874267578,217.23925771881696,0.9894964728652453,0.979615376114064,0.9847572539131197,0.9928225672381032,37.40054539487467,46.53863652832066,50.27390154366043,1.0624132627904714,1.8466773164592887,-0.7842640536688172,229.74746088007603,215.3916550256857,222.56955795288087,0.06450031166180203,0.263679497134784,0.3224763350939768,42723260.0,1.1334106994644135,0.006927777412329972,-0.16479851825493497,-0.008618762157690418,-0.1265256840922404,-0.02720527816714191,-0.05284313503476079,0.0145700680121581,0.3640814460136339,1
2024-09-09,0.0004074775081535087,0.00040739451173903255,0.02064187896881511,0.0004075551802627322,219.8975860595703,220.52309751736232,223.14920806884766,221.67464570713796,222.81372680664063,221.56384585765875,220.90158721923828,217.3187494312837,0.9971291650619551,0.9825994825805928,0.9840789413167512,0.9925971974529249,37.856659334459486,46.7120494713139,50.37413641915584,0.7450342726274357,1.6263487076929182,-0.8813144350654825,229.14317493911747,216.4842786741638,222.81372680664063,0.056813807867139014,0.21976779446854403,0.38735724758895573,45573530.0,1.4741013039806221,-0.007015055657756841,0.3224763350939768,0.006927777412329972,-0.16479851825493497,-0.008618762157690418,-0.1265256840922404,-0.0034377066612967244,0.020893417562030114,0
2024-09-10,-0.003621196511915614,-0.0036277689154450145,0.02158011897155309,0.005435786823311974,219.36954650878906,219.83949502459572,222.44747009277344,221.09239922203332,222.94176712036133,221.2694119701734,221.09480926513672,217.36398631786324,0.9959098403401649,0.9821298032652246,0.979952266733017,0.9881384857709197,35.196689091983316,45.30503673366796,49.44375591034143,0.42454556288464573,1.385988078731264,-0.9614425158466182,228.79307118126894,217.09046305945373,222.94176712036133,0.05249177071202292,0.11807854840775756,-0.23204822863947605,47672410.0,1.082198277787928,0.0004074775081535087,0.38735724758895573,-0.007015055657756841,0.3224763350939768,0.006927777412329972,-0.16479851825493497,-0.02720527816714191,-0.05284313503476079,1
2024-09-11,0.011585089888111355,0.011518496567161739,0.023353978544495578,0.005418571804671765,219.72885437011718,220.2274337354727,221.91446838378906,221.07620139206847,223.010750579834,221.24406903560703,221.2171044921875,217.50670493901475,1.0058001339458251,0.9958941062599547,0.990998463449013,0.9990335587501169,48.622145033389586,50.43057484641043,52.38708520019663,0.37051711239399765,1.1828938854638107,-0.812376773069813,228.73510694024918,217.2863942194188,223.010750579834,0.05133704402618891,0.32465806667023833,-0.13575817487546282,48537660.0,0.9186083548321036,-0.003621196511915614,-0.23204822863947605,0.0004074775081535087,0.38735724758895573,-0.007015055657756841,0.3224763350939768,-0.008618762157690418,-0.1265256840922404,1
2024-09-12,0.0004940045249570701,0.000493882544892547,0.016743707213728098,0.0012135023481389807,219.8062744140625,220.52245175463807,221.54523773193358,221.08279891950488,223.06286010742187,221.23153748868907,221.27178802490235,217.6481081881894,1.0059425663911925,0.9980466746051727,0.9912564004894681,0.9992800698482371,49.152277113172616,50.645426232530646,52.51230366935379,0.33267395987630266,1.0128499003463092,-0.6801759404700065,228.69746934709764,217.4282508677461,223.06286010742187,0.05052037113630007,0.3269292304495858,-0.15994536536352444,48478000.0,0.7726308841123809,0.011585089888111355,-0.13575817487546282,-0.003621196511915614,-0.23204822863947605,0.0004074775081535087,0.38735724758895573,0.006927777412329972,-0.16479851825493497,0
2024-09-13,-0.0012120080370838782,-0.0012127431128300253,0.009572987074262565,-0.004830493882323098,220.13977661132813,220.62980039664674,220.82166595458983,221.0394714215338,222.95268630981445,221.19467655459144,221.29573181152344,217.77345679573745,1.003201243683372,1.0001033944109403,0.9905442331104239,0.9979609451697709,47.74155797769549,50.07171873829335,52.158755005986215,0.27785548145351413,0.8658510165677502,-0.5879955351142361,228.66971790593036,217.23565471369855,222.95268630981445,0.051284706999865703,0.31562209393921536,-0.01839511314729969,46964030.0,0.7828672283873424,0.0004940045249570701,-0.15994536536352444,0.011585089888111355,-0.13575817487546282,-0.003621196511915614,-0.23204822863947605,-0.007015055657756841,0.3224763350939768,0
2024-09-16,-0.02777534992968067,-0.028168379754628763,0.015255191105886995,-0.0010159137745208882,219.22861022949218,218.65668842361086,219.56309814453124,219.888742886262,222.4698059082031,220.57713254725311,221.10201782226562,217.65333944992574,0.9793907111520552,0.9778986828478898,0.9651218222671271,0.97109228849343,27.02718287282164,39.142071725535445,44.894401560961164,-0.2575844991151257,0.6411639134311751,-0.8987484125463008,229.17338233198106,215.76622948442517,222.4698059082031,0.0602650449251888,-0.07874639894767589,0.6144381041488742,47600690.0,1.2469861256212882,-0.0012120080370838782,-0.01839511314729969,0.0004940045249570701,-0.15994536536352444,0.011585089888111355,-0.13575817487546282,0.0004074775081535087,0.38735724758895573,1
2024-09-17,0.0021727257641726005,0.002170368808943591,0.011070593527426842,0.0048203628557720694,218.56954650878907,217.49678276092288,218.96954650878905,219.03205716795014,222.0181915283203,220.06283148899539,220.8882876586914,217.55622697877362,0.9844782810440348,0.9826798971194383,0.9691862182748175,0.9741438702627391,29.732322228811256,40.21095901083629,45.50052816402591,-0.6369390912396113,0.38554331249701784,-1.0224824037366291,229.37713589359868,214.65924716304193,222.0181915283203,0.06629136391591299,0.03517653122557375,-0.2331318420281212,47133560.0,0.9657513669665521,-0.02777534992968067,0.6144381041488742,-0.0012120080370838782,-0.01839511314729969,0.0004940045249570701,-0.15994536536352444,-0.003621196511915614,-0.23204822863947605,1
2024-09-18,0.017989782608479832,0.017829881347589237,0.02342658648122055,0.014433460563553274,218.17847595214843,218.01384129862308,218.95366516113282,219.0349482963271,221.7293571472168,219.96617690661708,220.7349252319336,217.6147262491756,1.0039851888142517,1.0004306537313328,0.9879068842859042,0.9923574991309707,48.28967952047062,48.321872669144526,50.266680804002085,-0.6180989835243338,0.1848148532927475,-0.8029138368170813,229.07847822627602,214.3802360681576,221.7293571472168,0.0662891118579285,0.3175701050269933,0.3158132923836703,48739030.0,1.228889865062969,0.0021727257641726005,-0.2331318420281212,-0.02777534992968067,0.6144381041488742,-0.0012120080370838782,-0.01839511314729969,0.011585089888111355,-0.13575817487546282,1
2024-09-19,0.03706551490586163,0.03639510459591479,0.022676639804832612,0.01724516435971789,219.38939514160157,221.06492211249352,219.59783477783202,220.51351837703749,221.8519371032715,220.65197755743776,220.65868377685547,217.9893285037269,1.0354515248725347,1.0344686866792663,1.0239580808099444,1.029495326682727,68.58886150526675,60.4430160122883,58.29834876170522,0.05138516408163696,0.15812891545052538,-0.10674375136888842,229.47295146466286,214.23092274188014,221.8519371032715,0.06870360891051222,0.8487164821450683,0.11497473073667375,51755620.0,1.2903197759006655,0.017989782608479832,0.3158132923836703,0.0021727257641726005,-0.2331318420281212,-0.02777534992968067,0.6144381041488742,0.0004940045249570701,-0.15994536536352444,0
2024-09-20,-0.002927465514640293,-0.002931758923060741,0.023970207247390064,-0.007696674623062123,220.52090759277343,222.87730138717018,220.3303421020508,221.60234411512582,222.03406982421876,221.20912826020782,220.67641235351562,218.32316110893464,1.0271228356940882,1.0280112025225019,1.02012299335792,1.0263990497256923,66.10894935849953,59.217830262149995,57.49972666318292,0.5222738633164568,0.23095790502371166,0.2913159582927451,229.91245167178593,214.1556879766516,222.03406982421876,0.07096552212734175,0.7835601395535546,3.5733529931413472,78781310.0,4.045120600304818,0.03706551490586163,0.11497473073667375,0.017989782608479832,0.3158132923836703,0.0021727257641726005,-0.2331318420281212,-0.0012120080370838782,-0.01839511314729969,0
2024-09-23,-0.007580955560679947,-0.007609837063132509,0.01607276623847909,-0.0038268458309221156,222.53580627441406,223.5131868866942,220.88220825195313,222.1810011643288,222.01570816040038,221.54968346263965,220.6009094238281,218.57656490410358,1.0101069200906692,1.0176689180386014,1.0124732152886278,1.0189665966148649,59.61587562333046,56.05818420254969,55.440699912080795,0.7482751152094238,0.33442134706085413,0.41385376814856967,229.86659937243024,214.16481694837051,222.01570816040038,0.07072374542397519,0.6763653100362992,-0.8300928298270459,77477910.0,0.6988572613794047,-0.002927465514640293,3.5666890541487524,0.03706551490586163,0.11497473073667375,0.017989782608479832,0.3158132923836703,-0.02777534992968067,0.6144381041488742,1
2024-09-24,0.003973931519701379,0.00396605631063945,0.01592123170918301,-0.005598070472183607,224.6360595703125,224.2348705628092,221.6028030395508,222.81686239173064,222.0251365661621,221.94287912477293,220.4667352294922,218.85506188492457,1.0046394080572818,1.0183907189782293,1.016453548482734,1.0236384989332836,61.887792765070316,57.3335896067605,56.29557456591255,0.9880730771184005,0.4651516930723635,0.522921384046037,229.89312742724596,214.15714570507825,222.0251365661621,0.07087477555712925,0.7321495673657739,-0.1955804676245706,76674420.0,0.568065594757678,-0.007580955560679947,-0.8300928298270459,-0.002927465514640293,3.5443639589891736,0.03706551490586163,0.11497473073667375,0.0021727257641726005,-0.2331318420281212,0
2024-09-25,-0.0043980922578417125,-0.004407792317215072,0.014445328816564578,0.0064020027932953985,225.76360473632812,224.38514177657333,221.97104034423828,223.15664817579807,221.94275436401367,222.20409865613755,220.30438201904298,219.0837137405786,0.9952254459549161,1.0122297208485096,1.0123587266813368,1.019887494496954,57.68121068715319,55.40915629022939,55.063093159163074,1.0855108073470205,0.5892235159272949,0.4962872914197256,229.6616747882722,214.22383393975514,221.94275436401367,0.0695577600303053,0.6776757428064417,-0.028638927727689167,76446580.0,0.553441370431483,0.003973931519701379,-0.1955804676245706,-0.007580955560679947,-0.8300928298270459,-0.002927465514640293,3.532854366217357,0.017989782608479832,0.3158132923836703,1
2024-09-26,0.005080271301849182,0.005067410263583831,0.013581207277889636,0.000967889211391768,225.49561767578126,224.86581066354893,222.4425064086914,223.6421936779257,221.9938720703125,222.5491510162673,220.28263793945314,219.3481621600657,1.0014702315066513,1.015215806023108,1.0172674873024123,1.0251699841163644,61.21800347700952,57.18884345316383,56.22047004336472,1.2405373917305553,0.719486291087947,0.5210511006426083,229.80096688002536,214.18677726059965,221.9938720703125,0.07033612898323695,0.7454995398812433,-0.13406226142613697,76364690.0,0.47975968998237273,-0.0043980922578417125,-0.028638927727689167,0.003973931519701379,-0.1955804676245706,-0.007580955560679947,-0.8300928298270459,0.03706551490586163,0.11497473073667375,1
2024-09-27,0.0011866370158315487,0.001185933518603447,0.009745824163199782,-0.0029327383701494365,225.4142303466797,225.27558153937116,222.96756896972656,224.08818088030569,221.8946174621582,222.88686266148142,220.35944549560546,219.61274887108337,1.0030206298124513,1.0140269472181118,1.0189301835118816,1.0260287358343554,62.085875986908874,57.61651568460695,56.49666466502453,1.369236699528301,0.8494363727760179,0.519800326752283,229.43561611067096,214.35361881364545,221.8946174621582,0.06796918947165352,0.7785112439773375,-0.071259147248524,76090630.0,0.4471772674243859,0.005080271301849182,-0.13406226142613697,-0.0043980922578417125,-0.028638927727689167,0.003973931519701379,-0.1955804676245706,-0.002927465514640293,3.5328667234431927,1
2024-09-30,0.022872007650480475,0.022614364430828277,0.014377708598779508,0.012867356982511307,226.71051330566405,227.27251191980216,224.62315979003907,225.39330666218902,222.09312896728517,223.6849112347369,220.53710083007812,220.06975372636106,1.0200954923023686,1.0295749240498377,1.0413035907775883,1.0486506434073999,74.78809625581394,64.90289131662247,61.42742098221386,1.8669869723385943,1.0529464926885332,0.8140404796500611,230.36595785501362,213.82030007955672,222.09312896728517,0.07449873777001952,1.0544200078274362,0.6029477458414154,75609080.0,0.7213670633209662,0.0011866370158315487,-0.071259147248524,0.005080271301849182,-0.13406226142613697,-0.0043980922578417125,-0.028638927727689167,-0.007580955560679947,-0.8300928298270459,0
2024-10-01,-0.029141662993270145,-0.029574715251223918,0.02612611391146746,-0.014421390279622356,226.48024291992186,226.3573032753108,225.5581512451172,225.23577563021428,222.26384887695312,223.765099306317,220.5869061279297,220.24454322675194,0.9913751552523529,0.9954279406304036,1.010181759745499,1.0178613496492555,49.54831331711713,52.28684305607027,53.17931289958249,1.6980631822875125,1.1819698306083293,0.5160933516791832,230.5894371371544,213.93826061675185,222.26384887695312,0.0749162610318188,0.6359085411533609,0.16030061292327558,77385650.0,0.8177872770985318,0.022872007650480475,0.6029477458414154,0.0011866370158315487,-0.071259147248524,0.005080271301849182,-0.13406226142613697,0.003973931519701379,-0.1955804676245706,1
2024-10-02,0.0025198792436951223,0.0025167096715032204,0.01918154541027223,0.003939968090899112,226.56163940429687,225.93575772553277,226.1626220703125,225.20975581126194,222.55814361572266,223.89153428914173,220.62720764160156,220.43466571299604,0.9935162334533653,0.9952690880812158,1.0113881387087327,1.020239838196334,51.16257502934352,53.110862551013206,53.72699721715323,1.5914978344725625,1.263875431381176,0.32762240309138657,230.84670683788252,214.2695803935628,222.55814361572266,0.07448447482084694,0.6528927838468879,-0.48043612230386346,74684220.0,0.4402616777680747,-0.029141662993270145,0.16030061292327558,0.022872007650480475,0.6029477458414154,0.0011866370158315487,-0.071259147248524,-0.0043980922578417125,-0.028638927727689167,0
2024-10-03,-0.004894766851190391,-0.004906785457343298,0.015465016451864537,0.002354085372362486,226.19438781738282,225.28746865133175,225.84500274658203,224.98814393701971,222.72141876220704,223.90099678569297,220.77376190185547,220.5741255086797,0.9902583908658595,0.9917903330996753,1.0056998188489363,1.0145720604358066,47.69546661677911,51.254506212790794,52.471966271064645,1.4019787648648503,1.2914960980779109,0.11048266678693941,230.987760091974,214.45507743244008,222.72141876220704,0.07423032212804538,0.576785586880577,0.0353886486256334,71410510.0,0.4767393483116141,0.0025198792436951223,-0.48043612230386346,-0.029141662993270145,0.16030061292327558,0.022872007650480475,0.6029477458414154,0.005080271301849182,-0.13406226142613697,1
2024-10-04,0.005007334394361962,0.004994839389247269,0.017063470304735137,-0.0048266383246424755,225.99786071777345,225.22914169854408,225.70604553222657,225.01075191082862,223.01819381713867,224.01637688162398,220.9635678100586,220.75210050022048,0.9960823836031335,0.9973702178075994,1.0093906866519926,1.0187764889209092,51.59153626599739,53.05341951497893,53.62976757061506,1.3269903458321153,1.2985949476287517,0.028395398203363564,231.1797463491339,214.85664128514344,223.01819381713867,0.07319180908340782,0.6283024257713195,0.09402188919111043,43267030.0,0.860819427633466,-0.004894766851190391,0.0353886486256334,0.0025198792436951223,-0.48043612230386346,-0.029141662993270145,0.16030061292327558,0.0011866370158315487,-0.071259147248524,0
2024-10-07,-0.022530850055161755,-0.022788547779381756,0.019667105247580717,-0.012516692911330726,223.7526885986328,223.49959849401637,225.23160095214843,224.10707194248903,223.0569046020508,223.6377230914656,221.0426153564453,220.72419507217109,0.9834094663312369,0.9769522178715483,0.9864770269161974,0.9954664702556635,37.0367158134183,44.97112916161881,48.06964216518976,0.8485142875940994,1.2085788156218213,-0.36006452802772193,231.1539976895109,214.95981151459068,223.0569046020508,0.07260114276135853,0.3137360850055365,0.060687177642159584,41802970.0,0.9450381157128309,0.005007334394361962,0.09402188919111043,-0.004894766851190391,0.0353886486256334,0.0025198792436951223,-0.48043612230386346,0.022872007650480475,0.6029477458414154,1
2024-10-08,0.01840412050143625,0.018236814306916337,0.012091932833754468,0.006553728045932892,223.66534423828125,223.69645372420104,225.07279357910156,224.1039978046856,223.33779830932616,223.68081271938033,221.19710327148437,220.85619386089263,1.001899355252088,0.9956341707102601,1.0033687350772666,1.0130791084977961,50.139709613956946,51.34461745129379,52.22236696982505,0.7870193748397583,1.1242669274654087,-0.3372475526256504,231.1644897113547,215.51110690729763,223.33779830932616,0.07008837251264066,0.5480641075901596,-0.19363681927027698,40632930.0,0.7839872733765446,-0.022530850055161755,0.060687177642159584,0.005007334394361962,0.09402188919111043,-0.004894766851190391,0.0353886486256334,-0.029141662993270145,0.16030061292327558,1
2024-10-09,0.01669838287187364,0.01656049773203383,0.021434165343083775,0.019135983840303215,224.213232421875,225.07500499744913,225.38743591308594,224.78183593909645,223.67923812866212,224.07617413124368,221.41532653808594,221.12975910336527,1.0161403280394312,1.0108465302023406,1.0185661818684058,1.0289807444958226,59.275827846673494,56.372769612155075,55.66232795392337,1.028373322291884,1.105088206430704,-0.07671488413881988,231.66300733551472,215.69546892180952,223.67923812866212,0.07138587625428401,0.7600820056095006,0.05447690680160844,39761170.0,0.8448217192803934,0.01840412050143625,-0.19363681927027698,-0.022530850055161755,0.060687177642159584,0.005007334394361962,0.09402188919111043,0.0025198792436951223,-0.48043612230386346,0
2024-10-10,-0.002178256878798468,-0.0021806327310848785,0.010172903856768343,0.0055316292632734505,224.88222045898436,225.82861356112497,225.5383041381836,225.24619862080192,223.9904052734375,224.3866176128849,221.55858795166014,221.37313445964415,1.0109106456903725,1.0079699391070691,1.0149355746330078,1.0260754628842323,57.6415856170852,55.55280518833738,55.10977533911479,1.1661599043632407,1.1173025460172112,0.048857358346029445,232.03464315858724,215.94616738828773,223.9904052734375,0.07182662913913396,0.7079392394160154,-0.1609831175519706,38915850.0,0.7242164824872128,0.01669838287187364,0.05447690680160844,0.01840412050143625,-0.19363681927027698,-0.022530850055161755,0.060687177642159584,-0.004894766851190391,0.0353886486256334,0
2024-10-11,-0.0065054752162289065,-0.006526728043427087,0.00909693384512031,-0.007631923143084258,225.031103515625,225.83804339947397,225.5144821166992,225.35723579450553,224.24102554321288,224.5266447998646,221.7460317993164,221.5489685230374,1.0036697129758756,1.0015183989793413,1.0072059852966004,1.0185386464122879,52.599713090170184,53.075239492901794,53.449544502842265,1.1428456516784422,1.1224111671494574,0.020434484528984775,232.18935473666343,216.29269634976234,224.24102554321288,0.07089094579545478,0.6016488807666949,0.1268721060194795,38689170.0,0.8208808821693513,-0.002178256878798468,-0.1609831175519706,0.01669838287187364,0.05447690680160844,0.01840412050143625,-0.19363681927027698,0.005007334394361962,0.09402188919111043,1
2024-10-14,0.016479934342934044,0.016345613943503746,0.013532164214122632,0.011368631999169035,226.93880310058594,227.0850322695712,225.3457458496094,226.12483110637098,224.9844528198242,225.0078224389028,221.9781753540039,221.86387211075223,1.0116340038508507,1.0187856404574924,1.0204216652855604,1.0342413601861542,62.28582127140627,58.13569574863216,56.88218123602514,1.4084758284465124,1.1796240994088685,0.22885172903764395,231.9484816317077,218.02042400794073,224.9844528198242,0.061906755996695734,0.8298778131202745,0.25576525857074484,37223190.0,1.0714315457648846,-0.0065054752162289065,0.1268721060194795,-0.002178256878798468,-0.1609831175519706,0.01669838287187364,0.05447690680160844,-0.022530850055161755,0.060687177642159584,1
2024-10-15,0.011024619010494119,0.010964290889717551,0.02189442053600008,0.0010273767926758412,228.54277648925782,228.76003188902405,226.10406036376952,227.2130492921089,225.83110580444335,225.68422326642917,222.47092071533203,222.2656822682886,1.0156086956388208,1.0265628611644453,1.027803633609816,1.0433275071708432,67.54693590634905,61.19986305784781,59.03879728442309,1.8024444512557238,1.3041881697782396,0.49825628147748424,231.87658735777592,219.7856242511108,225.83110580444335,0.053539848124975316,1.019307293231677,0.6235704739720325,37369830.0,1.7327186128489211,0.016479934342934044,0.25576525857074484,-0.0065054752162289065,0.1268721060194795,-0.002178256878798468,-0.1609831175519706,0.01840412050143625,-0.19363681927027698,0
2024-10-16,-0.008851884582800618,-0.008891295258006396,0.009836909100460848,0.0007771704276243085,228.98743896484376,229.19182789997438,226.60033569335937,227.72984395206635,226.38147888183593,226.10052770980496,222.96302337646483,222.57116217627237,1.0046639281257483,1.015247480626821,1.016228982415813,1.0318097433287623,59.66435025057005,57.51940758133739,56.62475129111205,1.9266680401388498,1.4286841438503617,0.49798389628848816,231.8315204646492,220.93143729902266,226.38147888183593,0.04814918260745193,0.8370562393161235,-0.47364535747489633,37489990.0,0.9091013361166541,0.011024619010494119,0.6235704739720325,0.016479934342934044,0.25576525857074484,-0.0065054752162289065,0.1268721060194795,0.01669838287187364,0.05447690680160844,1
2024-10-17,0.0015963481116025857,0.0015950753023402755,0.014344182289918685,-0.005483437516423564,229.60480651855468,229.60210808566003,227.24351348876954,228.2194484075145,226.54425811767578,226.51216016192174,223.41111541748046,222.87906438336094,1.0035620418878752,1.01399008015434,1.0171198792305778,1.0313840832245458,60.62261847705121,58.00554402606509,56.95508252296334,2.031334062266154,1.5492141275335203,0.4821199347326339,232.26612604465006,220.8223901907015,226.54425811767578,0.05051434959787968,0.838911207743165,-0.031934558215138686,37384950.0,0.8825423064628948,-0.008851884582800618,-0.47364535747489633,0.011024619010494119,0.6235704739720325,0.016479934342934044,0.25576525857074484,-0.002178256878798468,-0.1609831175519706,1
2024-10-18,0.012276554236877235,0.012201808470105017,0.009234034761469364,-0.004996158490872258,231.0837188720703,230.81856033835672,228.05741119384766,229.13436048683005,226.8817283630371,227.15399870304825,223.84658294677735,223.28582518572915,1.0093807819186076,1.0227752021857663,1.0280751408527733,1.0420148557693587,67.55042105589939,61.646373592001616,59.452562350340344,2.3158472208532146,1.702540746197459,0.6133064746557555,233.30677281297523,220.45668391309897,226.8817283630371,0.05663783061152735,0.9956959076582141,0.40727954949111655,38303590.0,1.2121970812657508,0.0015963481116025857,-0.031934558215138686,-0.008851884582800618,-0.47364535747489633,0.011024619010494119,0.6235704739720325,-0.0065054752162289065,0.1268721060194795,1
2024-10-21,0.006297898886118647,0.00627814999523567,0.010148888695171589,0.008658557499341867,232.11200866699218,232.11919322036283,229.52540588378906,230.15001475911095,227.37850341796874,227.8746139679365,224.25333374023438,223.73424219744075,1.0112378947231684,1.022633891357614,1.0322895764377085,1.0466754499010718,70.67604274568787,63.41997274543814,60.696001447336066,2.629549687136773,1.887942534385322,0.7416071527514512,234.56904613926315,220.18796069667434,227.37850341796874,0.063247339684321,1.0105286103553386,-0.21918309768153088,37978500.0,0.9546058954408415,0.012276554236877235,0.40727954949111655,0.0015963481116025857,-0.031934558215138686,-0.008851884582800618,-0.47364535747489633,0.016479934342934044,0.25576525857074484,0
2024-10-22,-0.002621721629057161,-0.002625164359778162,0.015348067106842113,0.00842276807834439,232.51101989746093,232.7811579069997,230.5268981933594,230.86911885386775,227.79984588623046,228.46799237863527,224.61720581054686,224.14094200461065,1.0068558788461532,1.0155217855918608,1.0276788659338778,1.0422402257008268,67.49853972409814,62.12395695801093,59.8881917496742,2.7962721138165136,2.06960845027156,0.7266636635449535,235.51120064786278,220.08849112459814,227.79984588623046,0.06770289709048868,0.9088283828812138,0.07149733136576142,38677590.0,1.0043697138317047,0.006297898886118647,-0.21918309768153088,0.012276554236877235,0.40727954949111655,0.0015963481116025857,-0.031934558215138686,0.011024619010494119,0.6235704739720325,0
2024-10-23,-0.02162301363855812,-0.02186021659325295,0.03198130117217475,-0.014183216414253717,232.30854187011718,231.53511519971858,230.64799041748046,230.53710265955655,228.0177131652832,228.522757845923,224.80559356689454,224.33318074110264,0.9859432113056494,0.9930415147800803,1.004496653376792,1.0188493362243711,47.153320664808454,52.60135916957109,53.71355098955013,2.491217894495634,2.153930339116375,0.3372875553792589,235.6101191277857,220.4253072027807,228.0177131652832,0.06659487859172593,0.5675225103173422,0.3459865213429232,40547180.0,1.2895348085859486,-0.002621721629057161,0.07149733136576142,0.006297898886118647,-0.21918309768153088,0.012276554236877235,0.40727954949111655,-0.008851884582800618,-0.47364535747489633,0
2024-10-24,-0.000823286853178895,-0.000823625939923417,0.010452372752543246,0.0025654909454763636,231.99490051269532,230.64156402311968,230.799853515625,230.2311679341684,228.1690788269043,228.55434868630383,224.98127685546876,224.51048587556613,0.9864633281342251,0.9915710871732792,1.0030038375337331,1.0172155873083666,46.54362074984481,52.27987709738115,53.497807863339844,2.208782882764069,2.1649008478459137,0.043882034918155455,235.70122970776518,220.63692794604341,228.1690788269043,0.06602253837010923,0.5454971530614933,-0.4050241933941515,40839780.0,0.7617450436804508,-0.02162301363855812,0.3459865213429232,-0.002621721629057161,0.07149733136576142,0.006297898886118647,-0.21918309768153088,0.0015963481116025857,-0.031934558215138686,1
2024-10-25,0.003643102381711616,0.0036364823576416627,0.015772844037519957,0.007269078649843568,231.2822479248047,230.3237766501788,231.1829833984375,230.13244683782813,228.34873275756837,228.66233470706507,225.11408142089843,224.71353356296734,0.993107789141577,0.9935342062284731,1.0058658926220123,1.0203191219959544,49.886118930249644,53.629307703053804,54.349053095072506,2.0288397682491848,2.137688631926568,-0.10884886367738345,235.84576439847302,220.85170111666372,228.34873275756837,0.06566300193891635,0.5893332995568679,0.2472813770713127,41544090.0,0.9340028870532487,-0.000823286853178895,-0.4050241933941515,-0.02162301363855812,0.3459865213429232,-0.002621721629057161,0.07149733136576142,0.012276554236877235,0.40727954949111655,1
2024-10-28,0.008599436943685035,0.008562672405012827,0.009340157381272774,0.0003428191743302964,230.67083435058595,230.7703148045463,231.39142150878905,230.41080034245596,228.36858367919922,228.94814960289517,225.25998779296876,224.986076996313,1.004302914000765,1.0011753659782148,1.0144275862336232,1.028426723196832,57.270646204326006,56.74964342052891,56.337250880856175,2.0223029656479525,2.114611498670845,-0.09230853302289255,235.898442552194,220.83872480620443,228.36858367919922,0.06594478760329278,0.7187828145025786,-0.0699752334268845,41164590.0,0.8766539397088614,0.003643102381711616,0.2472813770713127,-0.000823286853178895,-0.4050241933941515,-0.02162301363855812,0.3459865213429232,0.006297898886118647,-0.21918309768153088,1
2024-10-29,0.0011566764754622483,0.0011560080406200566,0.008601850997502391,0.0024452683419345193,230.2360870361328,231.15732677236682,231.37355346679686,230.68726404528357,228.7388069152832,229.23226399385828,225.41442962646485,225.25844067128142,1.007363153594636,1.0024108081189624,1.0139571585415632,1.028910842541634,58.244482438678695,57.17070341044827,56.60645692991349,2.0155110456320244,2.094791408063081,-0.07928036243105652,236.20455853295059,221.2730552976158,228.7388069152832,0.06527752521182333,0.713812617685378,-0.018563420169534273,38231170.0,0.9263959224894242,0.008599436943685035,-0.0699752334268845,0.003643102381711616,0.2472813770713127,-0.000823286853178895,-0.4050241933941515,-0.002621721629057161,0.07149733136576142,0
2024-10-30,-0.015277779331155372,-0.015395687055451449,0.01703606286382197,-0.010790570053952573,230.10507202148438,230.2342027522159,231.2068069458008,230.26920780285275,228.90357131958007,229.15185358605407,225.48569580078126,225.38116671209056,0.99253768161438,0.9878080915042111,0.9977474505762685,1.0128711442241418,43.092783829283576,50.209627863346995,52.14263947472792,1.704556885866964,2.016744503623858,-0.31218761775689385,236.1833109875126,221.62383165164752,228.90357131958007,0.06360529567945494,0.4645855050327342,0.32904069209310727,39530040.0,1.1907627718059481,0.0011566764754622483,-0.018563420169534273,0.008599436943685035,-0.0699752334268845,0.003643102381711616,0.2472813770713127,-0.02162301363855812,0.3459865213429232,0
2024-10-31,-0.018209559253624108,-0.018377393862728672,0.01974240468137018,-0.014955928885286096,229.18000183105468,228.23250540740176,230.587451171875,229.1710083328383,228.91548233032228,228.6830209319321,225.4759683227539,225.33598804564676,0.9783973685586629,0.9724254705891945,0.9795279394611394,0.9944701086583396,31.774415328567883,43.512955963883385,47.52417818945865,1.1097470473632711,1.8353450123717405,-0.7255979650084694,236.16374225712366,221.6672224035209,228.91548233032228,0.06332695240195445,0.17672436833974645,0.367513686800125,42667670.0,1.5086387421670788,-0.015277779331155372,0.32904069209310727,0.0011566764754622483,-0.018563420169534273,0.008599436943685035,-0.0699752334268845,-0.000823286853178895,-0.4050241933941515,0
2024-11-01,-0.013279615577432402,-0.013368578142622366,0.02278947444079292,0.008779483326646666,227.49264831542968,225.9054817136585,229.3874481201172,227.7310857861717,228.72242965698243,227.97525077900255,225.4438088989258,225.17580946841247,0.9725652057968746,0.9645315649979028,0.967335974254843,0.9814039046216013,26.05747924199288,39.45537032827401,44.55718718239873,0.39354581447776127,1.546985172792945,-1.1534393583151836,236.54823105361243,220.89662826035243,228.72242965698243,0.06843055496014483,0.022668992467163487,0.014084178834583128,44552190.0,1.4651737658687485,-0.018209559253624108,0.367513686800125,-0.015277779331155372,0.32904069209310727,0.0011566764754622483,-0.018563420169534273,0.003643102381711616,0.2472813770713127,0
2024-11-04,-0.0040375356191276746,-0.004045708472273717,0.013873188813446775,0.004615543636897263,225.23159484863282,224.05636240220463,227.9512145996094,226.39054723946717,228.73831024169922,227.24981011236392,225.34792755126952,224.98688061785893,0.9783624003878711,0.9666898426768659,0.9633634328523835,0.9778573345395537,24.513762893166103,38.30145478251886,43.69782604700234,-0.24332660037674714,1.1889228181590066,-1.4322494185357537,236.49455564429152,220.98206483910693,228.73831024169922,0.0678176331231665,-0.04022184880854314,-0.311477142686441,45421190.0,0.989505118646165,-0.013279615577432402,0.014084178834583128,-0.018209559253624108,0.367513686800125,-0.015277779331155372,0.32904069209310727,0.008599436943685035,-0.0699752334268845,1
2024-11-05,0.006486148494016186,0.006465203950369564,0.01257550949640266,0.0074391067348152495,223.2028045654297,223.30004136546717,226.71944580078124,225.55361124901717,228.6231719970703,226.72958051042377,225.2738821411133,224.86141076194258,0.9936586582046169,0.9782460366759944,0.9701002630426031,0.9845233596723071,32.03018984754699,41.26143888734735,45.46482953872627,-0.6255114816531204,0.8260359581965813,-1.4515474398497017,236.71318409447784,220.53315989966276,228.6231719970703,0.07077158475879433,0.07751776988883292,-0.37453303518784276,44347660.0,0.6338846288620414,-0.0040375356191276746,-0.311477142686441,-0.013279615577432402,0.014084178834583128,-0.018209559253624108,0.367513686800125,0.0011566764754622483,-0.018563420169534273,0
2024-11-06,-0.0032669286034545664,-0.0032722766657062178,0.021910941343686055,0.0004941404701044429,221.73778076171874,222.55430614143125,225.92142639160156,224.7371066025339,228.28470840454102,226.1898905278462,225.16847229003906,224.71244703376286,0.9969561115564485,0.9784943341769606,0.9683646234491369,0.981766378947621,30.24879926333614,40.20832419975184,44.717791954467174,-0.9756156901605948,0.4657056285251461,-1.4413213186857408,237.0195035214039,219.54991328767815,228.28470840454102,0.0765254508539751,0.08660319935612837,0.9408956540608224,44575070.0,1.224027242133327,0.006486148494016186,-0.37453303518784276,-0.0040375356191276746,-0.311477142686441,-0.013279615577432402,0.014084178834583128,-0.015277779331155372,0.32904069209310727,1
2024-11-07,0.021372177287929617,0.021146995079634842,0.0145507192753698,0.012687489572968572,222.04944458007813,223.63201403081095,225.6147232055664,224.9280744583587,228.2072883605957,226.15156093562945,225.188125,224.75460322104945,1.0168340219745253,1.0007654934994936,0.9893962258242966,1.0026613517456584,50.98614887989818,49.29588242312165,50.3080310410383,-0.8619050329668312,0.20018349622675063,-1.0620885291935818,237.0015976895268,219.4129790316646,228.2072883605957,0.07707299264723744,0.36241906780191074,-0.22769702223745492,45677890.0,0.9224966389647158,-0.0032669286034545664,0.9408956540608224,0.006486148494016186,-0.37453303518784276,-0.0040375356191276746,-0.311477142686441,-0.018209559253624108,0.367513686800125,0
2024-11-08,-0.0011881973656511224,-0.0011889038318105918,0.00991364087698771,-0.0009243802296548847,222.90298767089843,224.2610592806318,225.19781799316405,225.03554269870682,228.19040069580078,226.091331301786,225.13690368652342,224.78458543905825,1.0117367745345685,1.0014268867699203,0.988293762983096,1.0016978384595812,50.00133582206283,48.841932607114416,50.00653272971707,-0.7843944630527631,0.003267904370847896,-0.787662367423611,237.00397496555036,219.3768264260512,228.19040069580078,0.07724754628481416,0.3484581377673444,-0.0903917394637106,45630540.0,0.8399812932303672,0.021372177287929617,-0.22769702223745492,-0.0032669286034545664,0.9408956540608224,0.006486148494016186,-0.37453303518784276,-0.013279615577432402,0.014084178834583128,0
2024-11-11,-0.012028520619233651,-0.01210144867444562,0.018730754262447552,-0.0034222412109375915,223.39266052246094,223.77620219945769,224.31212768554687,224.63026003296181,227.85177459716797,225.77848908610252,225.04711059570312,224.707012991923,0.9973760441189936,0.9932877474616612,0.9778571548587741,0.9900437621586752,40.722558862860815,44.39069176625712,47.01508521216708,-0.9311225092921234,-0.18361017836174637,-0.7475123309303771,236.9419933408291,218.76155585350685,227.85177459716797,0.07979063371116804,0.22248816544833838,0.09592786625200889,46222390.0,0.908771701333488,-0.0011881973656511224,-0.0903917394637106,0.021372177287929617,-0.22769702223745492,-0.0032669286034545664,0.9408956540608224,-0.0040375356191276746,-0.311477142686441,0
2024-11-12,0.0,0.0,0.009945126744990583,-0.0014251049649062317,223.5964782714844,223.4529641453416,223.39964141845704,224.29866512462502,227.38659744262696,225.4954413671508,225.08099060058595,224.63248260153816,0.9964668932154833,0.9973448776480505,0.9798576105318907,0.9898947371903443,40.722558862860815,44.39069176625712,47.01508521216708,-1.0354692975504065,-0.3539820021994784,-0.6814872953509281,236.50969731193933,218.2634975733146,227.38659744262696,0.08024307476270025,0.2489828308838406,-0.038263945759613005,46720500.0,0.8646803865540823,-0.012028520619233651,0.09592786625200889,-0.0011881973656511224,-0.0903917394637106,0.021372177287929617,-0.22769702223745492,0.006486148494016186,-0.37453303518784276,1
2024-11-13,0.003969155680726866,0.0039612993640855704,0.01727967072682042,0.004955138777603566,224.12207946777343,223.53225665516266,222.9299301147461,224.1881517701122,227.06836853027343,225.3235747297845,225.17067199707031,224.59555550637214,0.9980758799222602,1.0034132319499087,0.9851255070121383,0.9934279615140782,45.232356805247036,46.243040038132534,48.13034721942235,-1.0348755303861878,-0.4901607078368203,-0.5447148225493675,236.24077672642053,217.89596033412633,227.06836853027343,0.08078983660750802,0.31588658162381583,0.2021842503273652,46870030.0,1.036188796977514,0.0,-0.038263945759613005,-0.012028520619233651,0.09592786625200889,-0.0011881973656511224,-0.0903917394637106,-0.0032669286034545664,0.9408956540608224,1
2024-11-14,0.013770376041206012,0.013676425916223377,0.016957300396493156,0.01422094430487846,224.3188232421875,224.61188733065535,223.18413391113282,224.65778757220826,226.88579254150392,225.46143891567556,225.2915872192383,224.68087288579443,1.0109323212560073,1.0160719971785095,0.999494706748364,1.0065673178508991,58.165794799292556,52.2138092511086,51.83790060601874,-0.7768943785824547,-0.5475074419859471,-0.22938693659650755,235.9283109118475,217.84327417116035,226.88579254150392,0.07970986873221192,0.4936608445143288,-0.07499660257545371,44925410.0,0.9999663887319002,0.003969155680726866,0.2021842503273652,0.0,-0.038263945759613005,-0.012028520619233651,0.09592786625200889,0.021372177287929617,-0.22769702223745492,0
2024-11-15,-0.014109245028521067,-0.014209726692821893,0.011777750651041734,-0.0061837187907544415,223.92930908203124,224.26511788026764,223.41614837646483,224.46029510080533,226.40179824829102,225.28145225508666,225.3794790649414,224.63737116397866,0.9984024864632257,1.0006956999489824,0.9874991307900524,0.991978417498568,45.22379709771541,46.44345637735879,48.088977870852716,-0.8211552258753443,-0.6022369987638265,-0.21891822711151776,235.0575814080957,217.74601508848633,226.40179824829102,0.07646390820899783,0.3365128136560961,0.0667751464142694,43190110.0,1.1095989336447627,0.013770376041206012,-0.07499660257545371,0.003969155680726866,0.2021842503273652,0.0,-0.038263945759613005,-0.0011881973656511224,-0.0903917394637106,1
2024-11-18,0.01342227508118854,0.013332994360030487,0.020042133315452612,0.01229746624843923,224.6824951171875,225.034217991142,224.0375778198242,224.8443174848208,225.9943962097168,225.40440139392513,225.52560150146485,224.7132553619752,1.0084115279862698,1.0113143536800107,1.002557682902179,1.0046416757319634,55.94863952967074,51.82129708907191,51.54026114830399,-0.6070914468636204,-0.6032078883837853,-0.0038835584798351253,233.76771437967946,218.22107803975413,225.9943962097168,0.06879213202038188,0.537179875475019,-0.06865079282275788,43159030.0,1.034168284134282,-0.014109245028521067,0.0667751464142694,0.013770376041206012,-0.07499660257545371,0.003969155680726866,0.2021842503273652,-0.012028520619233651,0.09592786625200889,1
2024-11-19,0.0011402383381653447,0.0011395887601670345,0.01533204844364762,0.0057273904142561135,225.4873504638672,225.63306691759726,224.5419143676758,225.20548971858204,225.63068008422852,225.54024552502824,225.69277099609374,224.79629494662356,1.005957825589227,1.0101934216125197,1.0053188009974146,1.0050422251868836,56.798225480579546,52.265693602579816,51.829761484634716,-0.4118503966386413,-0.5649363900347565,0.15308599339611517,232.47747190501622,218.78388826344082,225.63068008422852,0.06069025558254556,0.5876384675984812,-0.18868926394181973,43969080.0,0.8235742025987353,0.01342227508118854,-0.06865079282275788,-0.014109245028521067,0.0667751464142694,0.013770376041206012,-0.07499660257545371,0.0,-0.038263945759613005,1
2024-11-20,0.00315399714279585,0.0031490337274675513,0.017641892079182583,0.004121733102995047,226.2584197998047,226.27077406322894,225.19024963378905,225.6310712887475,225.55583801269532,225.73128769926288,225.82362854003907,224.90413390379487,1.0056915829069561,1.0104619925797607,1.0088242022877052,1.0076278989297514,59.332220845430754,53.543620918146644,52.65222650640723,-0.1971194828210514,-0.4913730085920155,0.2942535257709641,232.28347958942376,218.82819643596687,225.55583801269532,0.059653890016801804,0.6479233338382414,-0.028780673703047044,42029930.0,0.8367751266775842,0.0011402383381653447,-0.18868926394181973,0.01342227508118854,-0.06865079282275788,-0.014109245028521067,0.0667751464142694,0.003969155680726866,0.2021842503273652,0
2024-11-21,-0.0020960314614610898,-0.0020982312097700866,0.01947311773605831,-0.0015728792497006283,226.3180389404297,226.53693083707452,225.31843109130858,225.89255730620533,225.4665771484375,225.85871214550124,225.942763671875,224.9890401971663,1.0033192468786531,1.0077703953687993,1.0071082253369776,1.0049856905996182,56.743579645209536,52.53389402518477,52.03037172541166,-0.06468344840851614,-0.40603509655531567,0.3413516481467995,232.06287818313677,218.8702761137382,225.4665771484375,0.05851245109696733,0.6214822692216013,0.19729254810973118,42026990.0,1.001934709100033,0.00315399714279585,-0.028780673703047044,0.0011402383381653447,-0.18868926394181973,0.01342227508118854,-0.06865079282275788,0.013770376041206012,-0.07499660257545371,1
2024-11-22,0.0059075169290669916,0.005890135969549004,0.011571774127168335,0.007936497316363951,227.28585510253907,227.16150715472938,225.60758209228516,226.3503941214478,225.4027000427246,226.10175477831436,226.0940869140625,225.12322135767113,1.004948854767018,1.0124245722229641,1.0133448257130209,1.010246056885411,62.16068451261238,55.098594948227905,53.64709043129836,0.1468216074453892,-0.2954637557551747,0.4422853632005639,231.85746321468503,218.94793687076418,225.4027000427246,0.057273166388308004,0.7330031069444248,-0.09356825138986846,42010940.0,0.9085323965614671,-0.0020960314614610898,0.19729254810973118,0.00315399714279585,-0.028780673703047044,0.0011402383381653447,-0.18868926394181973,-0.014109245028521067,0.0667751464142694,1
2024-11-25,0.013050866513805381,0.012966437741126095,0.015072764119179937,0.006091715036815682,228.24969482421875,228.5715437102493,226.46609497070312,227.26698006687346,225.389111328125,226.60555116335956,226.4277099609375,225.36904078761694,1.0137652845472147,1.021749489040393,1.026631745685467,1.0219227004557345,71.43513291845277,60.23994537458449,57.02657021281266,0.548654658172012,-0.12664007296973737,0.6752947311417493,231.79203279362522,218.9861898626248,225.389111328125,0.05681659977068493,0.9687317754486248,1.361981015659592,46825660.0,1.9252862639843198,0.0059075169290669916,-0.09356825138986846,-0.0020960314614610898,0.19729254810973118,0.00315399714279585,-0.028780673703047044,0.01342227508118854,-0.06865079282275788,1
2024-11-26,0.009404344270008247,0.009360398728918761,0.009529505302601333,0.007414373265173548,229.59708251953126,230.23693022252297,227.5422164916992,228.4125660996365,225.47092895507814,227.2686132665701,226.79552459716797,225.69055696249748,1.0172938640333171,1.0264807421157862,1.0359105022076054,1.0298602834510557,76.36812306538882,63.52343962968881,59.30096914726674,1.0308195876278887,0.10485185914978785,0.9259677284781008,232.2376357413688,218.70422216878748,225.47092895507814,0.06002287583282034,1.0982802674704508,-0.4899082446690508,47384450.0,0.9704913742799589,0.013050866513805381,1.361981015659592,0.0059075169290669916,-0.09356825138986846,-0.0020960314614610898,0.19729254810973118,0.0011402383381653447,-0.18868926394181973,0
2024-11-27,-0.0005530116005697527,-0.0005531645678826672,0.008002404722359309,0.001961835000995056,230.77555236816406,231.30413268090075,228.51698608398436,229.32637909927644,225.72345809936525,227.85622510762593,227.08333618164062,225.99439934034683,1.011539286558586,1.0215369176620557,1.0341793430033965,1.0279862077194963,75.46562784284372,63.18986555114612,59.10600335832993,1.3865330892411976,0.3611881051680698,1.0253449840731277,233.24196769235124,218.20494850637925,225.72345809936525,0.06661699812942158,1.0130723983838759,-0.27155537965737553,45877670.0,0.7301678572604058,0.009404344270008247,-0.4899082446690508,0.013050866513805381,1.361981015659592,0.0059075169290669916,-0.09356825138986846,0.00315399714279585,-0.028780673703047044,1
2024-11-29,0.010215883411244464,0.010164053964483975,0.016179986972840277,0.010732099564168257,232.5263671875,232.81052794774897,229.42220306396484,230.50764080512533,226.30316848754882,228.61499590513253,227.25646087646484,226.3798471498017,1.014178827690912,1.0279010284619043,1.0420681250621566,1.0376968715078132,80.44375973357744,66.66988183208032,61.55626756217932,1.8396639876251868,0.6568832816594932,1.1827807059656936,234.97141808543643,217.6349188896612,226.30316848754882,0.07660740815800407,1.049139124709589,-0.14976834714493825,44233420.0,0.6438887158171356,-0.0005530116005697527,-0.27155537965737553,0.009404344270008247,-0.4899082446690508,0.013050866513805381,1.361981015659592,-0.0020960314614610898,0.19729254810973118,1
2024-12-02,0.00952260047724618,0.00947754631336291,0.01515083968240516,0.00977785655015034,234.4580291748047,234.56334187402015,230.87194213867187,231.88242788175026,227.14404525756837,229.51537436431636,227.48779907226563,226.83824411359623,1.015401223683688,1.0311732448786166,1.0480969001701361,1.046513134759089,84.00845555755573,69.58575986716009,63.70640618468224,2.3528565117516393,0.9960779276779224,1.356778584073717,236.8853525760752,217.40273793906152,227.14404525756837,0.08577206862245282,1.0607524797127907,0.6901240809791653,44254760.0,1.087727060320743,0.010215883411244464,-0.14976834714493825,-0.0005530116005697527,-0.27155537965737553,0.009404344270008247,-0.4899082446690508,0.0059075169290669916,-0.09356825138986846,1
2024-12-03,0.012771623900595941,0.012690754539562976,0.015907688882935922,0.011842693660829235,236.40160522460937,236.7453936061176,232.32565002441407,233.56007682512518,228.18161392211914,230.61957652679217,227.81428985595704,227.397901092291,1.0199148048983426,1.0378083394794133,1.0566561123220286,1.05835984750018,87.5835527542568,73.02656476449624,66.37965271563195,2.970666436859233,1.3909956295141845,1.5796708073450483,239.15357346196097,217.2096543822773,228.18161392211914,0.09616865575844934,1.0891328299766827,-0.19270167916222625,43677490.0,0.8897260350812284,0.00952260047724618,0.6901240809791653,0.010215883411244464,-0.14976834714493825,-0.0005530116005697527,-0.27155537965737553,0.013050866513805381,1.361981015659592,1
2024-12-04,0.0014838603684039775,0.001482760535472087,0.01176906577918999,0.0005764375693295756,237.9815185546875,238.31935236989872,233.78930053710937,234.99774829282256,229.16560745239258,231.6526901811416,228.13007049560548,227.9496410454349,1.0146471514424444,1.0328414060981925,1.0536802296898933,1.0584631362839665,87.95327176827206,73.40778912618842,66.6828495246236,3.44939208591137,1.8026749207936217,1.6467171651177483,241.15040857152871,217.18080633325644,229.16560745239258,0.10459511139014076,1.0132192984590411,0.14211934844702911,44494700.0,0.9975098157758115,0.012771623900595941,-0.19270167916222625,0.00952260047724618,0.6901240809791653,0.010215883411244464,-0.14976834714493825,0.009404344270008247,-0.4899082446690508,1
2024-12-05,0.00012341388980674495,0.00012340627493916017,0.009916015758291348,-0.0038936521400171694,239.59322509765624,239.37859168409918,235.18438873291015,236.1794432054912,230.18731918334962,232.5902501936519,228.46629821777344,228.48091278139825,1.0079461562991514,1.0268414141499798,1.0491328156966888,1.0570358612906035,87.98802942164055,73.44145952293269,66.70910694973406,3.7875299684378376,2.199645930322465,1.5878840381153725,242.7069793879554,217.66765897874382,230.18731918334962,0.10877801825941241,0.951679636041148,-0.09800851209560224,44981130.0,0.8900154353614504,0.0014838603684039775,0.14211934844702911,0.012771623900595941,-0.19270167916222625,0.00952260047724618,0.6901240809791653,-0.0005530116005697527,-0.27155537965737553,0
2024-12-06,-0.0008229736587772596,-0.000823312487509616,0.010500753954096165,-0.0002882027218447618,240.68822631835937,240.0185026510531,236.6072967529297,237.11014891084932,230.96286392211914,233.41959061187183,228.77572174072264,228.98355638153797,1.002534807273018,1.0198262179417472,1.0447494479732764,1.0547374640497496,86.05612603081713,72.77960331918167,66.34296964480008,3.9934357161584444,2.558403887489661,1.4350318286687833,244.19748125614453,217.72824658809375,230.96286392211914,0.11460385543615453,0.8904707027784613,-0.07901553433465136,44457360.0,0.8293474916189355,0.00012341388980674495,-0.09800851209560224,0.0014838603684039775,0.14211934844702911,0.012771623900595941,-0.19270167916222625,0.010215883411244464,-0.14976834714493825,1
2024-12-09,0.016101264426785722,0.01597301390099775,0.022249262383643668,0.02034486263777343,242.11113891601562,241.74017933898332,238.28458404541016,238.57803687521192,231.94608306884766,234.5399660502501,229.15748992919922,229.61884957107935,1.0126900142330664,1.0289525598018496,1.0570712359995615,1.0699346235228704,90.70875915569025,77.12042099328275,69.75080399595348,4.4191797771135555,2.9305590654144402,1.4886207116991153,246.29205448478734,217.60011165290797,231.94608306884766,0.12370091554149183,0.9613647017060161,0.21097025814605685,45105450.0,0.9898848143627876,-0.0008229736587772596,-0.07901553433465136,0.00012341388980674495,-0.09800851209560224,0.0014838603684039775,0.14211934844702911,0.00952260047724618,0.6901240809791653,1
2024-12-10,0.004133654561128575,0.004125134482417836,0.011583364921044045,0.00356436018059871,243.12864685058594,243.22579847371026,239.76512603759767,239.96330957847593,233.1156105041504,235.65016325909903,229.4561032104492,230.26897455821992,1.012620437502224,1.0268258808604125,1.0561156166707282,1.0729591991604628,91.56529087393034,78.10146400836595,70.56707907009533,4.783228239926018,3.301092900316756,1.482135339609262,248.09049664181177,218.14072436648902,233.1156105041504,0.12847604761668038,0.9367788215135168,-0.17322594805730007,39781650.0,0.9279353671856245,0.016101264426785722,0.21097025814605685,-0.0008229736587772596,-0.07901553433465136,0.00012341388980674495,-0.09800851209560224,0.012771623900595941,-0.19270167916222625,0
2024-12-11,-0.005166110528139534,-0.005179501014866014,0.018418631359265285,-0.005928380306907417,243.82022399902343,243.79225086235633,240.90087127685547,240.86546340778,234.22154388427734,236.5334958667704,229.86406860351562,230.84372675749162,1.0045317472952098,1.0167051465669796,1.045698664511662,1.0655217108425552,80.67639066213862,73.82346978474571,68.14403733501229,4.912481070169008,3.6233705342872065,1.2891105358818016,249.25458517086298,219.1885025976917,234.22154388427734,0.12836599944890698,0.8560028723170673,0.22459826411087147,39703610.0,1.1385816050480044,0.004133654561128575,-0.17322594805730007,0.016101264426785722,0.21097025814605685,-0.0008229736587772596,-0.07901553433465136,0.0014838603684039775,0.14211934844702911,1
2024-12-12,0.005963773287277263,0.005946060380318725,0.012340751470110671,0.004333943565409594,244.7979766845703,244.6567784883157,242.1956008911133,241.86916710458988,235.35629348754884,237.47181375948128,230.2899319458008,231.45322114897172,1.0064863977928629,1.0173010279034957,1.04686316260869,1.0698940750836723,83.33214365710407,75.48427409267288,69.41060092951665,5.074286172313009,3.9135536618923674,1.1607325104206416,250.4644553681589,220.24813160693878,235.35629348754884,0.12838545047370342,0.8650192637544128,-0.274927111122909,39631520.0,0.8270563430320109,-0.005166110528139534,0.22459826411087147,0.004133654561128575,-0.17322594805730007,0.016101264426785722,0.21097025814605685,0.00012341388980674495,-0.09800851209560224,1
2024-12-13,0.0006856940999218075,0.000685459119132965,0.01229189430117178,0.0012508980285364365,245.849267578125,245.28944534312194,243.26874694824218,242.72109654970706,236.34547500610353,238.33685807312443,230.74120971679687,232.045439105982,1.0028696911793125,1.0135078268199873,1.0431965284986615,1.0685337888075843,83.63562861905294,75.6764986138122,69.55759376636142,5.156707047385254,4.162184338990945,0.9945227083943085,251.6648388514846,221.02611116072245,236.34547500610353,0.12963534711198055,0.8332156657963654,0.011526199374571,40098910.0,0.8268379364925381,0.005963773287277263,-0.274927111122909,-0.005166110528139534,0.22459826411087147,0.004133654561128575,-0.17322594805730007,-0.0008229736587772596,-0.07901553433465136,1
2024-12-16,0.011727471860442096,0.01165923801784766,0.014858234090520776,0.012298833523163185,246.70180969238282,246.6750446574589,244.4064743041992,243.94385050178448,237.63920822143555,239.3948947600776,231.22788482666016,232.727823583635,1.0111244972105071,1.020620439766505,1.0496847096616115,1.078789625538157,87.99878744874408,78.74781143426614,71.97747200993729,5.393174030264106,4.408382277245578,0.984791753018528,252.79438780014803,222.48402864272308,237.63920822143555,0.12754780401886096,0.8895379465275969,0.5591715351693394,40454680.0,1.2778447388534528,0.0006856940999218075,0.011526199374571,0.005963773287277263,-0.274927111122909,-0.005166110528139534,0.22459826411087147,0.016101264426785722,0.21097025814605685,1
2024-12-17,0.009719649401637831,0.009672717472275582,0.015977604229215306,0.013595624886396505,247.83655700683593,248.40695421011586,245.48260192871095,245.3851091951745,238.9041259765625,240.58307367011113,231.86449005126954,233.47852749468578,1.016277728989281,1.026022908900786,1.0542755269958763,1.0862843778266194,90.48150137209757,80.923024974315,73.81038833271317,5.7103893151385705,4.668783684824177,1.0416056303143932,254.373195797995,223.43505615513,238.9041259765625,0.12950023159457763,0.9191152890428421,-0.006546112955268191,41704220.0,1.2314437244000727,0.011727471860442096,0.5591715351693394,0.0006856940999218075,0.011526199374571,0.005963773287277263,-0.274927111122909,0.004133654561128575,-0.17322594805730007,0
2024-12-18,-0.021421730443265674,-0.021654506017711135,0.026365624695308645,-0.016299177310684435,248.14657897949218,247.76305797438715,245.9834014892578,245.58331943294814,239.8863510131836,241.14423479704624,232.31219207763672,233.98820349500906,0.9932648135491701,1.0019995821290948,1.02746681694026,1.0609656914629766,58.865168676633154,64.9830460238374,64.02498228676225,5.463433267645485,4.827713601388439,0.6357196662570459,254.64251168028338,225.13019034608382,239.8863510131836,0.12302626310147019,0.7232597841129733,0.1054922073977147,42943240.0,1.3220730433940242,0.009719649401637831,-0.006546112955268191,0.011727471860442096,0.5591715351693394,0.0006856940999218075,0.011526199374571,-0.005166110528139534,0.22459826411087147,1
2024-12-19,0.0070146708943221725,0.006990182542238278,0.01965652665871613,0.009252498125789085,248.51025390625,247.91010810759926,246.65411529541015,246.05984469496184,240.91925201416015,241.8166132329488,232.71963409423827,234.5456938824214,0.9987684792582361,1.0062844809086473,1.0302381661032016,1.066537464017818,63.6178158036356,67.21181960691649,65.56118042674743,5.34560920570658,4.931292722252067,0.4143164834545132,254.94986736233543,226.88863666598488,240.91925201416015,0.11647566751826556,0.7596092964949936,0.07236046013939457,45028080.0,1.3520962919138457,-0.021421730443265674,0.1054922073977147,0.009719649401637831,-0.006546112955268191,0.011727471860442096,0.5591715351693394,0.005963773287277263,-0.274927111122909,1
2024-12-20,0.01881588271612422,0.018641053632708144,0.036582959478319556,0.02600392026132131,249.77417602539063,249.56486862121204,247.8117218017578,247.29885286832103,242.20950927734376,242.8697347963287,233.2304052734375,235.26446626540243,1.0124120662607319,1.0204294930436328,1.0440316336171667,1.0842256581082108,73.32888265844582,72.33416786516315,69.28156395828613,5.564928356212505,5.058019849044155,0.5069085071683501,255.64154682686333,228.77747172782418,242.20950927734376,0.11091255326510839,0.8969941392650139,1.422630222577005,56090550.0,2.6295926853988774,0.0070146708943221725,0.07236046013939457,-0.021421730443265674,0.1054922073977147,0.009719649401637831,-0.006546112955268191,0.0006856940999218075,0.011526199374571,1
2024-12-23,0.003064859257357,0.003060172150662865,0.008618313595098506,0.001962554427974533,250.61481018066405,250.92638376830806,248.65830993652344,248.45350035817174,243.4714469909668,243.89637091691642,233.78625549316405,235.98544461038665,1.0121086374729744,1.0200721388609562,1.0418035346539458,1.0849629013794473,74.6394670361963,73.08562197290695,69.84912210562767,5.735166921904863,5.193449263616297,0.5417176582885661,256.2049586991908,230.7379352827428,243.4714469909668,0.1045996305981328,0.899652794325375,-0.7229823594378939,55711510.0,0.7333996152680119,0.01881588271612422,1.422630222577005,0.0070146708943221725,0.07236046013939457,-0.021421730443265674,0.1054922073977147,0.011727471860442096,0.5591715351693394,1
2024-12-24,0.011478076862364572,0.011412703502856704,0.011309055115783548,0.010607094820152057,251.55281982421874,252.80452968993976,249.69468841552734,249.92755875363198,244.7299072265625,245.1025090708485,234.32589172363282,236.79232213677162,1.0199083505105762,1.0274981144422646,1.0483427401281527,1.0948889158001989,79.13325761480279,75.75025935027199,71.89716172316369,6.0354357169404125,5.3618465542811204,0.673589162659292,257.41412251805417,232.04569193507078,244.7299072265625,0.10365889020461311,0.9663636667605515,-0.4313415959352698,54343500.0,0.4275525131800491,0.003064859257357,-0.7229823594378939,0.01881588271612422,1.422630222577005,0.0070146708943221725,0.07236046013939457,0.009719649401637831,-0.006546112955268191,1
2024-12-26,0.0031756925937183045,0.003170660732275668,0.00953594828765424,0.00321463482093572,253.73288269042968,254.32821307128796,250.93973083496093,251.28174440460512,245.9203010559082,246.27137295305192,234.8312026977539,237.5995087131329,1.0143564251701622,1.0256469909233155,1.046581265267205,1.0960024770015204,80.27444329506937,76.45285037253076,72.4471085164734,6.266904116338935,5.542858066692684,0.7240460496462511,258.659406805057,233.18119530675938,245.9203010559082,0.1036035308549226,0.9496107891576917,0.1722595944858336,52546630.0,0.5183415187615267,0.011478076862364572,-0.4313415959352698,0.003064859257357,-0.7229823594378939,0.01881588271612422,1.422630222577005,-0.021421730443265674,0.1054922073977147,0
2024-12-27,-0.013242079409434782,-0.01333053752377513,0.0220666486531085,-0.008687857700939468,254.8855194091797,254.2079393701165,251.69788665771483,251.7700439615448,246.94674377441407,247.00432714493016,235.30944213867187,238.24138648782468,0.996397883082827,1.0090167833357493,1.028429806710765,1.0792911226150719,63.36305414557294,67.62630833915459,66.71301113307875,6.104958056838484,5.655278064721844,0.4496799921166401,258.7731010873704,235.12038646145777,246.94674377441407,0.09578062971957779,0.7968220901658336,0.555059092194103,53504410.0,0.791622597090595,0.0031756925937183045,0.1722595944858336,0.011478076862364572,-0.4313415959352698,0.003064859257357,-0.7229823594378939,0.0070146708943221725,0.07236046013939457,0
2024-12-30,-0.013263452725055913,-0.013352197899286681,0.01090404454114392,-0.00011893422592481665,254.4304229736328,253.0049287369787,252.10229949951173,251.55711005411902,247.68552322387694,247.34666812833711,235.7129669189453,238.72599515381992,0.9849408122733548,0.9940365794687585,1.0117624324946632,1.0631528284011489,50.97926916845626,60.22559288800341,61.64926163477746,5.639794055391292,5.652181262855733,-0.012387207464441552,258.4373179055646,236.93372854218927,247.68552322387694,0.08681811146442647,0.6354836254354924,-0.16049467244949278,53744630.0,0.6616009822748803,-0.013242079409434782,0.555059092194103,0.0031756925937183045,0.1722595944858336,0.011478076862364572,-0.4313415959352698,0.01881588271612422,1.422630222577005,0
2024-12-31,-0.007057799156683364,-0.007082823233938198,0.015374195877592157,-0.00800191828919735,253.46658630371093,251.61336272894937,252.0406982421875,251.0613138102593,248.22358627319335,247.4879598030565,236.02454223632813,239.12223968554818,0.9817082178032536,0.9872621066689321,1.0024439435784704,1.05425574965734,45.52846012844349,56.71595831210166,59.17304408938588,5.069987144171108,5.535742439118808,-0.46575529494769974,258.032230028104,238.41494251828271,248.22358627319335,0.07903071502734071,0.5309239714916532,0.11033396611122837,52523220.0,0.7516808756203447,-0.013263452725055913,-0.16049467244949278,-0.013242079409434782,0.555059092194103,0.0031756925937183045,0.1722595944858336,0.003064859257357,-0.7229823594378939,0
2025-01-02,-0.026236041713245895,-0.0265863473307225,0.029854412946811567,-0.020407290088511183,250.61480407714845,248.50954528609648,251.08381195068358,249.46869500846498,248.28320693969727,246.99405033613596,236.17617126464845,239.2469326547577,0.9668299975040628,0.9650240233248576,0.9759093794017274,1.025937159972324,31.174615435082956,46.049038067439824,51.202398361774485,4.045001907953889,5.237594332885824,-1.1925924249319353,257.93133990967897,238.6350739697156,248.28320693969727,0.07771877195323174,0.19002829055547277,0.41184680109521876,52961650.0,1.0524728742401341,-0.007057799156683364,0.11033396611122837,-0.013263452725055913,-0.16049467244949278,-0.013242079409434782,0.555059092194103,0.011478076862364572,-0.4313415959352698,0
2025-01-03,-0.002009446394338199,-0.002011468040457724,0.009409900067346648,0.0,247.50269165039063,246.2780360907961,250.61778717041017,248.0771173160523,248.30059432983398,246.50080913271304,236.33036987304686,239.34764187222584,0.977019749109519,0.9648757194387431,0.973880140532312,1.0232075455646885,30.34225443189628,45.36377169400192,50.667927732178875,3.1570134657971494,4.821478159468089,-1.66446469367094,257.9006649220724,238.7005237375956,248.30059432983398,0.07732619906246371,0.16221203441554696,-0.27801229622161183,51308650.0,0.7843531256425573,-0.026236041713245895,0.41184680109521876,-0.007057799156683364,0.11033396611122837,-0.013263452725055913,-0.16049467244949278,0.0031756925937183045,0.1722595944858336,1
2025-01-06,0.006739006166805561,0.006716400567433074,0.016857162786989798,0.0028242906483626983,245.39813537597655,245.3335609257651,250.14182739257814,247.2348433668979,248.39797134399413,246.20974260537878,236.61840148925782,239.5083073123622,0.9920393658359286,0.9732263217763887,0.9800587713277604,1.0288490204628282,36.91887380229891,48.145142223580265,52.41355671817723,2.5553146783838656,4.368245463251244,-1.8129307848673788,257.75649441330125,239.039448274687,248.39797134399413,0.07535104267294492,0.2353556372299601,0.1193094142992388,49724980.0,0.905894783668088,-0.002009446394338199,-0.27801229622161183,-0.026236041713245895,0.41184680109521876,-0.007057799156683364,0.11033396611122837,-0.013242079409434782,0.555059092194103,0
2025-01-07,-0.011387714951863415,-0.011453051473828165,0.017340311431491732,-0.003168939942427591,243.4128204345703,243.7798182050674,248.92162170410157,246.0416596208568,248.36667175292968,245.68237023950192,236.85475891113282,239.55395536927634,0.988741399627161,0.9668598939539459,0.9690202435980945,1.0161177840381557,31.092556371753474,44.0379282394617,49.29757385406326,1.833627485936347,3.861321867788265,-2.027694381851918,257.8236341011308,238.90970940472857,248.36667175292968,0.07615323168326468,0.09319183549877337,-0.09300797414175854,39061050.0,1.045952425754044,0.006739006166805561,0.1193094142992388,-0.002009446394338199,-0.27801229622161183,-0.026236041713245895,0.41184680109521876,-0.013263452725055913,-0.16049467244949278,1
2025-01-08,0.0020229888322240708,0.002020945345819096,0.01508036138496493,0.003224201327713916,241.8786163330078,242.90628220507097,247.67260131835937,245.15394154526066,248.16545562744142,245.2515930933663,237.08417907714843,239.6169065393078,0.9970257555676636,0.973701608177043,0.9717678457517415,1.0171881191895291,33.25090102374254,44.92652539170643,49.847389597775404,1.286146233778453,3.346286740986303,-2.06014050720785,258.0465087446077,238.28440251027513,248.16545562744142,0.07963278444361915,0.1454707135319722,-0.07898717446641867,38738060.0,0.9713676936841958,-0.011387714951863415,-0.09300797414175854,0.006739006166805561,0.1193094142992388,-0.002009446394338199,-0.27801229622161183,-0.007057799156683364,0.11033396611122837,0
2025-01-10,-0.02410378997014162,-0.024399040406297503,0.030230118123704405,-0.013166070062262768,240.4875061035156,240.38630788769055,245.55115509033203,243.37074476483684,247.6229217529297,244.3082374895152,237.1578384399414,239.44943409670475,0.9786219794371648,0.9584412631508564,0.9504223501883675,0.9923617148860527,23.15061756832978,37.309509080572646,43.88206209784834,0.37884778381064166,2.752798949551171,-2.3739511657405292,258.9608558890631,236.28498761679631,247.6229217529297,0.09157418914106853,-0.04139327114607537,0.6399868186420543,42585680.0,1.4490997912913448,0.0020229888322240708,-0.07898717446641867,-0.011387714951863415,-0.09300797414175854,0.006739006166805561,0.1193094142992388,-0.026236041713245895,0.41184680109521876,0
2025-01-13,-0.01034410835976085,-0.010397980476670161,0.02111773497071078,0.0037254105328442433,238.706884765625,237.8948422620411,243.10478820800782,241.4691386277287,247.0222595214844,243.2228730629654,237.1774496459961,239.1930606423533,0.975723474584436,0.9580720837610804,0.9428782307388983,0.9820154123352768,20.158692863545937,34.65919940349659,41.688217528511814,-0.5305169331626871,2.0961357730083994,-2.6266527061710865,260.0196726880001,234.02484635496864,247.0222595214844,0.10523272835163514,-0.04281372493003566,-0.19575472080296996,44825040.0,1.1072092741021535,-0.02410378997014162,0.6399868186420543,0.0020229888322240708,-0.07898717446641867,-0.011387714951863415,-0.09300797414175854,-0.002009446394338199,-0.27801229622161183,0
2025-01-14,-0.004778134860750183,-0.004789586640451314,0.01564640738847737,-0.006261986030684331,236.37776794433594,235.86290367111334,240.88795166015626,239.71093642073401,246.29291915893555,242.13488767499325,237.24567108154298,238.9030985187025,0.9806295596455739,0.9622690752764544,0.9411518093204918,0.9770421750270287,18.858825423558812,33.48807895927253,40.71126759440218,-1.3257135030674476,1.4117659177932302,-2.737479420860678,260.8899516244414,231.69588669342969,246.29291915893555,0.11853391900468094,0.003532902871589019,-0.20542527105199004,44533040.0,0.8855290364188028,-0.01034410835976085,-0.19575472080296996,-0.02410378997014162,0.6399868186420543,0.0020229888322240708,-0.07898717446641867,0.006739006166805561,0.1193094142992388,1
2025-01-15,0.019675955411234902,0.019484886048476428,0.019044075045506304,0.013765750664596852,235.5152801513672,236.02856704701827,239.46405029296875,239.10165594402383,245.78317489624024,241.5848882582156,237.48828674316405,238.80336500027605,1.0035862371516535,0.9870370667733095,0.9616601864574732,0.9952486374809877,37.97993328551248,42.119759894601,46.14242524112841,-1.5697930416531278,0.8154541259039587,-2.3852471675570865,261.0066201168774,230.55972967560308,245.78317489624024,0.12387703289343452,0.19050103439667665,0.010059515205919523,44960490.0,0.8859334050852203,-0.004778134860750183,-0.20542527105199004,-0.01034410835976085,-0.19575472080296996,-0.02410378997014162,0.6399868186420543,-0.011387714951863415,-0.09300797414175854,0
2025-01-16,-0.04040030259362082,-0.041239063349724395,0.0437220536568451,-0.03829792021456804,232.64561462402344,232.956005554132,237.26211547851562,236.8669698757212,244.65140686035156,240.17784009727694,237.59947570800782,238.33307157157344,0.9749200857918877,0.9559506881700099,0.9270777776390403,0.9545933630219503,24.10488341241259,32.58500847004534,38.407790142632756,-2.5048785556063535,0.15138758960189636,-2.65626614520825,261.85418716083234,227.44862655987077,244.65140686035156,0.14063095341446558,-0.018536073250135503,0.8015439847358907,48188330.0,1.4891385528404906,0.019675955411234902,0.010059515205919523,-0.004778134860750183,-0.20542527105199004,-0.01034410835976085,-0.19575472080296996,0.0020229888322240708,-0.07898717446641867,1
2025-01-17,0.007535313857827575,0.007507065199941147,0.01656664766229286,-0.009219366856216047,231.28033752441405,231.4773282877156,235.88392181396483,235.3493342173869,243.4838668823242,239.067567112287,237.76271270751954,237.94824420621302,0.9880648575703507,0.9687814752169087,0.9385425682652172,0.9611262049991558,29.484122989786385,35.403545120267495,40.28880113186753,-3.0726120282332943,-0.49341233396514184,-2.5791996942681523,261.7075829707114,225.26015079393702,243.4838668823242,0.14969136412799564,0.0894390294804656,-0.045580281803980216,49463090.0,1.384634481994554,-0.04040030259362082,0.8015439847358907,0.019675955411234902,0.010059515205919523,-0.004778134860750183,-0.20542527105199004,-0.02410378997014162,0.6399868186420543,0
2025-01-21,-0.03191592574526991,-0.03243634190817683,0.022637411516122887,-0.006071431296212265,228.94326477050782,228.06040127221405,233.8250747680664,232.78155476717308,242.22143096923827,237.3684223626607,237.7514956665039,237.2924913840561,0.9662941928558934,0.9461198610142557,0.9133235913766291,0.9304948707936935,21.79368740977243,29.69746746653614,35.43920872598851,-4.064213735476272,-1.207572614267368,-2.8566411212089045,262.78880349738125,221.6540584410953,242.22143096923827,0.16982289672588885,-0.010392946383875066,0.43192924922943043,55245720.0,1.7751673794820666,0.007535313857827575,-0.045580281803980216,-0.04040030259362082,0.8015439847358907,0.019675955411234902,0.010059515205919523,-0.01034410835976085,-0.19575472080296996,1
2025-01-22,0.0053450393470186874,0.005330805322627118,0.019345046667706957,0.018381221476550184,227.0652618408203,226.17660479508282,231.7215148925781,230.89563787147256,240.93167114257812,235.9437165986759,237.77841918945313,236.70882551961546,0.979493780940987,0.9598116598880561,0.9231206955319855,0.935362479904507,25.470683666698392,31.62166936618982,36.73557082049143,-4.700466173541372,-1.9061513261221688,-2.794314847419203,263.01584095533144,218.84750132982484,240.93167114257812,0.18332309495072044,0.08063491951911075,-0.3461176868861553,57153810.0,1.1219986909009216,-0.03191592574526991,0.43192924922943043,0.007535313857827575,-0.045580281803980216,-0.04040030259362082,0.8015439847358907,-0.004778134860750183,-0.20542527105199004,0
2025-01-23,-0.0007594095883745045,-0.0007596980859037356,0.02114815188273366,-0.00480556111353994,224.24130554199218,224.86444063161775,229.8782928466797,229.3219059502389,239.39995727539062,234.63861142781985,237.70747283935546,236.141425001383,0.9910757153662311,0.9667729368988894,0.9283214367872108,0.9349311136502598,25.272672516375167,31.489093394635987,36.62527273992245,-5.158861452132413,-2.556693351324218,-2.6021681008081954,262.1963415529643,216.60357299781688,239.39995727539062,0.19044601792764898,0.12362792358294393,-0.06068785915339214,59091690.0,1.0193446828141148,0.0053450393470186874,-0.3461176868861553,-0.03191592574526991,0.43192924922943043,0.007535313857827575,-0.045580281803980216,0.019675955411234902,0.010059515205919523,0
2025-01-24,-0.0039347113107776055,-0.003942472653111138,0.018942460022561412,-0.008897588801767518,223.15226135253906,223.6981809614431,227.89893798828126,227.8753160722125,237.7857696533203,233.37452097003643,237.6244030761719,235.5619833001952,0.9919938085295814,0.9713325721266702,0.9309457918521944,0.931577980861392,24.139163658798736,30.769815901550075,36.03707032480416,-5.528969357957578,-3.15114855265089,-2.3778208053066883,260.88751178714233,214.68402751949824,237.7857696533203,0.1943071880836538,0.14461320845178333,-0.09192194545345878,60798590.0,0.8996573769227214,-0.0007594095883745045,-0.06068785915339214,0.0053450393470186874,-0.3461176868861553,-0.03191592574526991,0.43192924922943043,-0.04040030259362082,0.8015439847358907,1
2025-01-27,0.031780426843642795,0.03128587973536141,0.03554336616745559,0.026069084128700494,223.12841796875,225.26570625294124,227.20437774658203,227.97085075652612,236.37776641845704,232.9008291477413,237.73628845214844,235.28115088983216,1.0236291679705536,1.0052656515742397,0.9662531307263563,0.9607315665732284,46.61349161063078,42.2072590375258,43.6780272460668,-5.194727564950341,-3.5598643551107805,-1.6348632098395606,258.1234734816476,214.63205935526648,236.37776641845704,0.18399113751412946,0.31658426742944606,0.7343152113700893,64113840.0,1.4796087708987637,-0.0039347113107776055,-0.09192194545345878,-0.0007594095883745045,-0.06068785915339214,0.0053450393470186874,-0.3461176868861553,0.007535313857827575,-0.045580281803980216,1
2025-01-28,0.03654387702365347,0.035891983906703104,0.03936877822157163,0.03209871434873426,226.2325897216797,229.09293950391398,227.58792724609376,229.5665880745867,235.3463577270508,233.26716980089537,238.01510681152342,235.3386510904607,1.0464779026625448,1.040245890327308,1.0059531334682201,0.9946738640977613,62.139109200478686,52.28025076567343,50.97391430773261,-4.207828476361726,-3.6894571793609696,-0.5183712970007566,254.85190189176245,215.84081356233912,235.3463577270508,0.1657603232367313,0.5359141038818923,-0.2019303545940795,66721530.0,1.134680214917134,0.031780426843642795,0.7343152113700893,-0.0039347113107776055,-0.09192194545345878,-0.0007594095883745045,-0.06068785915339214,-0.03191592574526991,0.43192924922943043,1
2025-01-29,0.004616809098630492,0.004606184324655427,0.024440199233783984,0.022381708536006194,229.3188720703125,232.00876753060413,228.19206695556642,231.07092180356807,234.54000930786134,233.70271778023718,238.29809844970703,235.43675981569694,1.0371602713581247,1.0422817355447185,1.0140718604295391,0.998079401939419,63.74971965307375,53.425070382329714,51.831868945742414,-3.2994721930146795,-3.6114601820917116,0.31198798907703207,252.14003634562212,216.93998227010056,234.54000930786134,0.15008123423972988,0.5937616251680186,-0.39918713576972453,67326610.0,0.675603598636557,0.03654387702365347,-0.2019303545940795,0.031780426843642795,0.7343152113700893,-0.0039347113107776055,-0.09192194545345878,0.0053450393470186874,-0.3461176868861553,0
2025-01-30,-0.007394699851351549,-0.0074221761809042195,0.015067917957178307,-0.004525084172038201,232.0871826171875,233.3664000334236,228.16424407958985,231.98196602820343,233.81414718627929,233.9292841858396,238.48430877685547,235.46205021661325,1.0172111289250456,1.0347005333434753,1.0096979497608274,0.989925359240129,59.03520867135061,51.29272080782319,50.343372556418345,-2.690496046477108,-3.4272673549687913,0.7367713084916834,249.83136126643456,217.79693310612402,233.81414718627929,0.13700808332520945,0.5707837780476627,0.22363315386458726,68909240.0,0.8077044529877271,0.004616809098630492,-0.39918713576972453,0.03654387702365347,-0.2019303545940795,0.031780426843642795,0.7343152113700893,-0.0007594095883745045,-0.06068785915339214,0
2025-01-31,-0.006692219313426562,-0.006714712622701451,0.058262711864406694,-0.04526883098380447,234.7144012451172,233.74485160919647,228.93333129882814,232.44010943411956,233.09772338867188,233.9838051929732,238.70291229248048,235.42439157128499,0.9990940202933993,1.0243233409059407,1.0060233594376604,0.9824000574966146,54.78878759946495,49.3858269557068,49.01566829835528,-2.308749788098851,-3.2035638415948036,0.8948140534959528,247.57170358066014,218.62374319668362,233.09772338867188,0.12418808713849215,0.5485019100982146,0.8139217331467186,71829310.0,1.405551577761223,-0.007394699851351549,0.22363315386458726,0.004616809098630492,-0.39918713576972453,0.03654387702365347,-0.2019303545940795,-0.0039347113107776055,-0.09192194545345878,0
2025-02-03,-0.03385590878682998,-0.03444229314672258,0.026884807817618386,-0.008609117522661186,234.34674682617188,231.35072931986798,228.73758239746093,231.37145039904524,232.31075210571288,233.27701276899586,238.70271362304686,235.07686581324288,0.9667831442493419,0.990490860166256,0.9752561286449359,0.9491408007157913,38.53743016542455,41.11412836281194,43.02812204587608,-2.616682381661434,-3.08618754960813,0.46950516794669594,246.40391585711288,218.21758835431288,232.31075210571288,0.1213302752770299,0.2960618543181649,-0.27631294832200537,72286810.0,1.0107417936965264,-0.006692219313426562,0.8139217331467186,-0.007394699851351549,0.22363315386458726,0.004616809098630492,-0.39918713576972453,0.031780426843642795,0.7343152113700893,1
2025-02-04,0.02100788126400066,0.020790258314342846,0.027835098373634654,0.02442245567330176,233.26168212890624,231.34118038642242,229.74713592529298,231.36247442095177,231.78610534667968,233.09082893571352,238.79253997802735,234.92961940956792,0.9916848768658749,1.0068551304802789,0.9979980558953074,0.9687156999997425,49.097635818156775,46.860386428145894,47.09611766074935,-2.44843735576427,-2.9586375108393583,0.5102001550750885,245.1892963193083,218.38291437405104,231.78610534667968,0.11565137567311591,0.48268983751346856,-0.38317458970509133,66986500.0,0.6727818291745352,-0.03385590878682998,-0.27631294832200537,-0.006692219313426562,0.8139217331467186,-0.007394699851351549,0.22363315386458726,0.03654387702365347,-0.2019303545940795,0
2025-02-05,-0.0014176192440015223,-0.001418625016809639,0.0189271470442635,0.017240635638436662,231.89242858886718,231.2255055522113,230.60565032958985,231.2955074141949,231.163582611084,232.8911457879112,238.8614993286133,234.7752875065962,0.9961263387918943,1.001684718278342,0.9992670699883555,0.9670631580772222,48.428801403187954,46.52353541926371,46.85409100657321,-2.314878422020655,-2.829885693075618,0.5150072710549631,243.45328064990792,218.87388457226007,231.163582611084,0.10632901515028391,0.4931069613443836,-0.12086368608725173,64535880.0,0.613926702479303,0.02100788126400066,-0.38317458970509133,-0.03385590878682998,-0.27631294832200537,-0.006692219313426562,0.8139217331467186,0.004616809098630492,-0.39918713576972453,1
2025-02-06,0.0032262255941548634,0.003221032494771673,0.014449920068336827,0.008344537120473991,231.023974609375,231.3968020820081,231.55557861328126,231.37621427372338,230.71693572998046,232.78145525016743,238.95490234375,234.65623290404739,1.0030967371825208,1.0007938332966155,1.0044316617173596,0.9698038954992079,50.22652058896276,47.44807253501256,47.49790886768417,-2.12440856536449,-2.688790267533393,0.5643817021689026,242.21570741486346,219.21816404509747,230.71693572998046,0.09967860962179718,0.5444595057472655,-0.24469779380771983,61504930.0,0.486551240689161,-0.0014176192440015223,-0.12086368608725173,0.02100788126400066,-0.38317458970509133,-0.03385590878682998,-0.27631294832200537,-0.007394699851351549,0.22363315386458726,0
2025-02-07,-0.023968687466143557,-0.024260610569480243,0.029609477435252513,-0.0213671585996919,229.36060485839843,229.65950338995853,232.03750305175782,230.43234004320266,229.96822052001954,232.15321246499522,238.91038726806642,234.32402400607924,0.9861541224374619,0.9747773658614445,0.9835485333338446,0.9467353370118288,38.54337981995529,41.66608163418816,43.38481494437944,-2.394063411401163,-2.629844896306947,0.2357814849057842,240.56440341009687,219.3720376299422,229.96822052001954,0.09215345377823538,0.32147748140025934,0.32687725770501874,60005860.0,0.6617220384809084,0.0032262255941548634,-0.24469779380771983,-0.0014176192440015223,-0.12086368608725173,0.02100788126400066,-0.38317458970509133,-0.006692219313426562,0.8139217331467186,1
2025-02-10,0.0011873236470210102,0.0011866193357414547,0.014891278192565747,-0.008363520348817897,229.33880004882812,228.59082249109218,231.8427734375,229.7089074341402,229.52357559204103,231.61037896293465,238.8116241455078,234.01537446440398,0.9874188782933615,0.976754450163643,0.9866239670989679,0.948251415749266,39.339299678791754,42.033877108576256,43.632614170305125,-2.5566255132942786,-2.6152010197044135,0.05857550641013498,239.92425285238298,219.12289833169908,229.52357559204103,0.09062840044656925,0.35240793354928535,-0.16600515775476488,53831080.0,0.6151762141870458,-0.023968687466143557,0.32687725770501874,0.0032262255941548634,-0.24469779380771983,-0.0014176192440015223,-0.12086368608725173,-0.03385590878682998,-0.27631294832200537,1
2025-02-11,0.02183169513021288,0.0215967963512886,0.030521842463068497,0.019368966818819916,229.35384826660157,229.5263228635276,231.3077651977539,230.01589219309622,229.44784622192384,231.59008797678834,238.76821655273437,233.91270580338414,1.0089097059292484,1.000387182897072,1.0084963856430758,0.9691295053807633,52.54028306356536,48.47447286122252,48.02951589084495,-2.2604714231128753,-2.544255100386106,0.2837836772732305,239.7704994984626,219.12519294538507,229.44784622192384,0.08997821026879126,0.594427146502409,0.622147869886096,51632160.0,1.0404058245868466,0.0011873236470210102,-0.16600515775476488,-0.023968687466143557,0.32687725770501874,0.0032262255941548634,-0.24469779380771983,0.02100788126400066,-0.38317458970509133,1
2025-02-12,0.018270204363971754,0.018105309592566548,0.02651249279157955,0.02452421385721136,230.28001708984374,231.55921524235174,231.08622283935546,231.03572997616962,229.63914489746094,231.97436531233228,238.81194580078125,233.9798545954083,1.0232107977830787,1.0196410547754713,1.0260663533876677,0.9866549983917479,61.00624048450837,53.257308974315386,51.43125030705934,-1.6654309688189244,-2.3684902740726694,0.703059305253745,240.26630942824184,219.01198036668004,229.63914489746094,0.09255533968763184,0.7816299251414343,-0.15776903258473818,51607880.0,0.8766742598223372,0.02183169513021288,0.622147869886096,0.0011873236470210102,-0.16600515775476488,-0.023968687466143557,0.32687725770501874,-0.0014176192440015223,-0.12086368608725173,1
2025-02-13,0.01967333077751987,0.019482312057122607,0.028029599005869592,0.019501055446255956,231.98424377441407,234.45965301638557,231.50410919189454,232.71296608313025,229.83417663574218,232.76352371729618,238.9006900024414,234.22615553537085,1.0356760642679124,1.037824034325457,1.0453646715267912,1.0056920662807538,68.25101803197451,57.87461967377172,54.83481681553854,-0.8104661579619403,-2.056885450850524,1.2464192928885836,241.07310636636083,218.59524690512353,229.83417663574218,0.09780033496437668,0.9638498584213953,0.1850174500975834,51403460.0,1.043005665377389,0.018270204363971754,-0.15776903258473818,0.02183169513021288,0.622147869886096,0.0011873236470210102,-0.16600515775476488,0.0032262255941548634,-0.24469779380771983,1
2025-02-14,0.012710633509537939,0.012630531458513212,0.018642671483270295,0.013886035662240935,235.41014099121094,237.41123270753832,232.3853729248047,234.64049808435087,230.65935211181642,233.76836832420545,239.00559844970704,234.5825569688796,1.0335765106182402,1.0470297206209078,1.0548646298628834,1.0180280029760198,72.21824282954168,60.63352598071077,56.922971734257416,0.11222719340119625,-1.62306292200018,1.7352901154013762,243.23333571124712,218.0853685123857,230.65935211181642,0.10902643646840066,1.0032231781581256,-0.23721185285214152,45397100.0,0.9008549004231547,0.01967333077751987,0.1850174500975834,0.018270204363971754,-0.15776903258473818,0.02183169513021288,0.622147869886096,-0.023968687466143557,0.32687725770501874,0
2025-02-18,-0.0005314861821118511,-0.0005316274709570028,0.013662192993877161,0.0013106997018990344,238.75646362304687,239.3358464225386,234.0476318359375,236.19405731493055,231.39260711669922,234.665197422142,239.04710998535157,234.91991057216038,1.0185486506303936,1.0390409505318419,1.0509630229019913,1.017310244275453,71.77515675980743,60.45297260494037,56.80619559987239,0.8235401626511134,-1.1337423050699216,1.957282467721035,245.04609623210078,217.73911800129767,231.39260711669922,0.11801145495124339,0.9318481025680672,0.19381507328309233,42973020.0,1.1361198258814484,0.012710633509537939,-0.23721185285214152,0.01967333077751987,0.1850174500975834,0.018270204363971754,-0.15776903258473818,0.0011873236470210102,-0.16600515775476488,1
2025-02-19,0.0016361538037281687,0.0016348167622983812,0.01163879161006495,0.0008582990760032495,241.19359130859374,240.75155162707003,235.27371978759766,237.5374945369673,232.51042785644532,235.51450833776016,239.089423828125,235.25963808055144,1.0099064436769467,1.0353173412484686,1.0476216670442144,1.0187943830223043,72.38337554368907,60.83936490548594,57.09058258201892,1.4031919433740256,-0.6263554553811321,2.0295473987551578,246.31154622176314,218.7093094911275,232.51042785644532,0.11871397332629564,0.9011462653458849,-0.3403819960059399,41686710.0,0.7725291825620204,-0.0005314861821118511,0.19381507328309233,0.012710633509537939,-0.23721185285214152,0.01967333077751987,0.1850174500975834,0.02183169513021288,0.622147869886096,1
2025-02-20,0.003920455054429617,0.003912790097394392,0.010128973170960995,0.003633540380409476,242.9761749267578,242.0136737816535,236.6280960083008,238.81029881948604,233.61687316894532,236.3738806951945,239.1502407836914,235.6234921986012,1.0064275567945429,1.033427231237334,1.0467476718343764,1.0225284210021013,73.95490788239282,61.80394903367418,57.790917549015916,1.917523115614955,-0.11757974118191472,2.0351028567968696,247.5487921458398,219.68495419205084,233.61687316894532,0.11927151312242158,0.8919433116136801,0.0034995435377993545,40956370.0,0.7890567450191509,0.0016361538037281687,-0.3403819960059399,-0.0005314861821118511,0.19381507328309233,0.012710633509537939,-0.23721185285214152,0.018270204363971754,-0.15776903258473818,0
2025-02-21,-0.00113895905768846,-0.0011396081644735152,0.014131546233260295,-0.0016263220225553616,243.77594909667968,242.7622489924565,237.88009643554688,239.8010443821363,234.71783752441405,237.1248824779438,239.20946228027344,235.96215522665852,1.001983174792978,1.0268173044912317,1.0406512005661095,1.0211109422079307,72.5501268637647,61.32947196221375,57.50350367060498,2.2764190043743895,0.3612200079293461,1.9151989964450433,248.35662089221492,221.07905415661318,234.71783752441405,0.11621428956273712,0.8497951991881714,0.646117047117762,43283580.0,1.2290434386434763,0.003920455054429617,0.0034995435377993545,0.0016361538037281687,-0.3403819960059399,-0.0005314861821118511,0.19381507328309233,0.01967333077751987,0.1850174500975834,1
2025-02-24,0.0063123665336812795,0.006292526993913915,0.017968443268861108,0.008859729280304516,244.27332153320313,243.77525075245802,239.84173126220702,240.89199163492256,235.93961715698242,237.95120360123113,239.2218167114258,236.34800224806256,1.0062550127441983,1.0248477317891718,1.041797292181402,1.027503501359042,75.54971431423682,63.02192697807915,58.69749990114823,2.6546601138516053,0.8199080291137979,1.8347520847378074,248.9379914769927,222.94124283697215,235.93961715698242,0.11018390617597555,0.8793411726994612,-0.035170891810502036,44445500.0,1.1548165731063886,-0.00113895905768846,0.646117047117762,0.003920455054429617,0.0034995435377993545,0.0016361538037281687,-0.3403819960059399,0.012710633509537939,-0.23721185285214152,0
2025-02-25,-0.00024291023973121995,-0.00024293974720204436,0.02060393651320722,-0.003870994813980658,244.78461608886718,244.43068271192516,241.77053985595703,241.77372890691106,236.80665664672853,238.6931410326243,239.2127069091797,236.716376537584,1.003909275661526,1.0164246925091378,1.037730738276754,1.0272930305669692,75.17856519654404,62.9071095353876,58.630519261075314,2.915987323783213,1.239123888047681,1.676863435735532,249.98995617113107,223.62335712232598,236.80665664672853,0.11134230524667701,0.8388715384791263,-0.06454962748215343,45935270.0,1.0452382232650423,0.0063123665336812795,-0.035170891810502036,-0.00113895905768846,0.646117047117762,0.003920455054429617,0.0034995435377993545,-0.0005314861821118511,0.19381507328309233,0
2025-02-26,-0.027040125258632197,-0.02741243635010092,0.024338454109966483,-0.01624852122519219,243.88735656738282,242.65267661752046,242.54047393798828,241.28698991087464,236.9241195678711,238.7315718322516,239.09613708496093,236.80972116076546,0.9803569475429191,0.9858010935108594,1.0091697918506668,1.00000220557202,45.900713722130384,51.63292855026778,51.73228387162749,2.5574241664495787,1.5027839437280606,1.0546402227215181,250.14502427213995,223.70321486360223,236.9241195678711,0.11160454856502273,0.5821632448548836,-0.07455642499057558,45006790.0,0.9872643661100914,-0.00024291023973121995,-0.06454962748215343,0.0063123665336812795,-0.035170891810502036,-0.00113895905768846,0.646117047117762,0.0016361538037281687,-0.3403819960059399,0
2025-02-27,-0.012730832290805072,-0.012812563750172512,0.022756043345248687,-0.008813335190995255,242.19032592773436,240.45270604253972,242.5832504272461,240.3353126348207,236.8347366333008,238.4764473618065,238.8894757080078,236.78003660122872,0.9746581081979815,0.9730794046037133,0.996698238814801,0.9881254257558966,37.99318631887959,47.43875616458934,48.96150809158447,2.0045359842722235,1.6031343518368932,0.4014016324353302,250.05382484495254,223.61564842164904,236.8347366333008,0.11163132908260254,0.4704226294505921,-0.07381801159482915,44597820.0,0.9227715614799109,-0.027040125258632197,-0.07455642499057558,-0.00024291023973121995,-0.06454962748215343,0.0063123665336812795,-0.035170891810502036,0.003920455054429617,0.0034995435377993545,1
2025-02-28,0.01913186037915815,0.018951147614888475,0.04916473523691318,0.020637262935760084,241.4522247314453,240.49143517256556,242.6140869140625,240.37778187078368,237.05909805297853,238.67572793997894,238.76975799560546,236.92861922206748,0.9963415897293528,0.9915701783541953,1.0148055713046469,1.0075350222411534,52.236225678864955,53.47696612170445,52.892106670493774,1.9087787338027908,1.6642632282300729,0.24451550557271795,250.3714345494782,223.74676155647884,237.05909805297853,0.11231238628541994,0.6318249197111836,0.38100676490027596,44919750.0,1.2652207547904875,-0.012730832290805072,-0.07381801159482915,-0.027040125258632197,-0.07455642499057558,-0.00024291023973121995,-0.06454962748215343,-0.00113895905768846,0.646117047117762,0
2025-03-03,-0.01575423145222765,-0.015879648331593207,0.03327310931211145,-0.015550662191327301,239.64775695800782,239.25392858346822,241.96053924560547,239.72344251341818,237.17295608520507,238.49507912714986,238.51641143798827,236.922748484154,0.9880289238290803,0.9785848392614452,0.9983385935460952,0.9927154025912109,42.6454605488147,48.44700539080276,49.53088870233744,1.5096683532331951,1.6333442532306974,-0.12367589999750228,250.43471116929456,223.9112010011156,237.17295608520507,0.11183193314270758,0.4851437205168878,-0.16978396506279758,45548530.0,1.0359060983965893,0.01913186037915815,0.38100676490027596,-0.012730832290805072,-0.07381801159482915,-0.027040125258632197,-0.07455642499057558,0.0063123665336812795,-0.035170891810502036,0
2025-03-04,-0.008822401845446803,-0.008861549654492162,0.022845822132688955,-0.007488174615335229,237.43743896484375,237.73260461065854,241.11102752685548,238.80826326825832,237.57932968139647,238.13268651171072,238.17279510498048,236.8351880206593,0.9884286053969294,0.9733688212949894,0.9878382811323183,0.9853768418915927,38.14219916717912,45.88518781492294,47.77386094847639,1.013130254098911,1.50930145340434,-0.49617119930542897,249.98619176281787,225.17246759997508,237.57932968139647,0.1044439522416323,0.3835574620965566,0.14017675483214642,46046090.0,1.1683532738610378,-0.01575423145222765,-0.16978396506279758,0.01913186037915815,0.38100676490027596,-0.012730832290805072,-0.07381801159482915,-0.00024291023973121995,-0.06454962748215343,0
2025-03-05,-0.0008052980366682894,-0.0008056224633173428,0.031051188400990425,0.0013593039109154818,236.51829833984374,236.65539017500936,240.20282745361328,238.02511745652242,237.73827362060547,237.78680792047265,237.9333090209961,236.74364971803388,0.9914706935983694,0.9762622854595521,0.9863828727802542,0.9855743286578582,37.721749277292325,45.64999289130424,47.61340997029901,0.5974824808923245,1.326937658901937,-0.7294551780096126,249.89943376135602,225.57711347985492,237.73827362060547,0.1023071292269745,0.3668995277002111,-0.12213256601998956,47548430.0,0.993252563754471,-0.008822401845446803,0.14017675483214642,-0.01575423145222765,-0.16978396506279758,0.01913186037915815,0.38100676490027596,-0.027040125258632197,-0.07455642499057558,0
2025-03-06,-0.0017392345454965152,-0.001740748769880917,0.019971941153582105,0.0037962778552302354,236.1263671875,235.80129649362604,239.1583465576172,237.3102068518564,237.893221282959,237.43502708336663,237.65108703613282,236.6397069499094,0.9913891104968126,0.9788205701382974,0.98402597547082,0.9850285645664542,36.703134223049126,45.11260282550958,47.25380166247797,0.23248838290021467,1.1080478037015926,-0.8755594208013779,249.78265360239953,226.00378896351845,237.893221282959,0.09995604124674755,0.3401895040065955,-0.04355927466142684,48833780.0,0.924982665687563,-0.0008052980366682894,-0.12213256601998956,-0.008822401845446803,0.14017675483214642,-0.01575423145222765,-0.16978396506279758,-0.012730832290805072,-0.07381801159482915,1
2025-03-07,0.01589261720118329,0.015767651839406743,0.02764880749506695,0.016843208300739636,235.57528076171874,236.4720180969877,238.51375274658204,237.4017076612845,238.19692459106446,237.47106843768515,237.3498684692383,236.6857365324114,1.0095009142502354,0.9970639368388323,0.9983901417366666,1.001953204513921,50.832545146164655,50.80195385973466,50.81200010604349,0.24065513606382183,0.9345692701740386,-0.6939141341102167,249.74755293658697,226.64629624554195,238.19692459106446,0.0969838579180028,0.4834007607256203,0.024423073517170435,48141400.0,0.961201793051303,-0.0017392345454965152,-0.04355927466142684,-0.0008052980366682894,-0.12213256601998956,-0.008822401845446803,0.14017675483214642,0.01913186037915815,0.38100676490027596,0
2025-03-10,-0.04847958752014636,-0.04969413952822101,0.052488142542904015,-0.034219231503511596,233.47637023925782,233.0761329956481,236.56206359863282,235.38037223068162,238.20189743041993,236.40566790009314,236.80256744384766,236.2778395230215,0.9691959942716303,0.9565538926685138,0.9499687669745269,0.9555823876218189,28.130141136382463,37.744918798048204,41.666169133065985,-0.675389085375059,0.612577599064219,-1.287966684439278,249.73190280250412,226.67189205833574,238.20189743041993,0.09680867781880005,-0.016805250859000354,0.5575014695204177,50215880.0,1.4352272627702631,0.01589261720118329,0.024423073517170435,-0.0017392345454965152,-0.04355927466142684,-0.0008052980366682894,-0.12213256601998956,-0.01575423145222765,-0.16978396506279758,0
2025-03-11,-0.029189322667941164,-0.02962380670226798,0.037991303789063346,-0.013270190130472478,230.47423400878907,228.61051383466386,233.9558364868164,232.5256273728659,237.86318817138672,234.8126781489124,236.0649365234375,235.6269154441852,0.9531619725627026,0.9389775387162629,0.9235530609066359,0.9305883319562143,21.66338697703948,32.578771831840655,37.59550464031618,-1.912292357175204,0.10760360781633443,-2.0198959649915382,251.0349184836928,224.69145785908066,237.86318817138672,0.11075047310654465,-0.19026286704726142,0.05641920767241282,53028290.0,1.435788331096477,-0.04847958752014636,0.5575014695204177,0.01589261720118329,0.024423073517170435,-0.0017392345454965152,-0.04355927466142684,-0.008822401845446803,0.14017675483214642,0
2025-03-12,-0.017478831034539954,-0.01763338945000845,0.03152362647513177,-0.014354518355912945,226.74194946289063,224.35352208118218,231.6301239013672,229.49179304583913,237.08529891967774,233.00571247513204,235.2342156982422,234.8509398806571,0.9519170982057019,0.9318284467443777,0.9103876940397858,0.9175516322468034,18.74135404887228,30.007512660821504,35.47970772282932,-3.1658874129976766,-0.5470945963464677,-2.618792816651209,253.20115384812664,220.96944399122884,237.08529891967774,0.13594984591523573,-0.15915709839117517,-0.17849177933577975,54839680.0,1.1405518777644217,-0.029189322667941164,0.05641920767241282,-0.04847958752014636,0.5575014695204177,0.01589261720118329,0.024423073517170435,-0.0008052980366682894,-0.12213256601998956,0
2025-03-13,-0.03364363751532318,-0.03422260753479495,0.04015642151402004,-0.029034518921358082,221.63890991210937,219.09498517977252,228.88263854980468,225.68926910604165,235.7329444885254,230.67925522768644,234.32642608642578,233.8206250373746,0.9410708230773398,0.9112876044181338,0.8848059478046605,0.8901168974429887,14.443051550479439,25.85201777496472,31.913295856436108,-4.691245396537937,-1.3759247563847616,-3.3153206401531756,256.09253840294906,215.37335057410175,235.7329444885254,0.17273439619225292,-0.16688543066505931,-0.018852871817418793,56861150.0,1.0792658959588401,-0.017478831034539954,-0.17849177933577975,-0.029189322667941164,0.05641920767241282,-0.04847958752014636,0.5575014695204177,-0.0017392345454965152,-0.04355927466142684,1
2025-03-14,0.01817063590824497,0.018007522852252683,0.020469319428292585,0.010603576299001478,216.54979858398437,216.85262500754368,226.06253967285156,223.26720284368605,234.33831329345702,228.9353170786769,233.56180603027343,232.97934188544173,0.9806885347008227,0.9394210335353043,0.9062449143650787,0.9092578460176814,24.927131046524792,31.206635591617953,35.46813124685539,-5.530529305015676,-2.2068456661109446,-3.3236836389047317,256.9617147480385,211.7149118388755,234.33831329345702,0.19308324905668053,0.014431800309104062,-0.02054317945910189,57188570.0,1.0510421925220372,-0.03364363751532318,-0.018852871817418793,-0.017478831034539954,-0.17849177933577975,-0.029189322667941164,0.05641920767241282,0.01589261720118329,0.024423073517170435,1
2025-03-17,0.0023888212334428616,0.0023859725357845284,0.02453271028037385,0.0032347402808287386,213.86796875,215.52682121271144,223.67216949462892,221.37775025811527,232.81635437011718,227.40578341623595,232.84270568847657,232.19094469868116,0.9953580934407547,0.951728657633281,0.9143481960233382,0.9142447172378056,26.33676607141024,31.915391773439396,35.93821969410223,-6.084592856959887,-2.9823951042807333,-3.1021977526791535,256.8698736323463,208.76283510788804,232.81635437011718,0.20663083851910435,0.0854839258722619,-0.200210955020663,57277510.0,0.8393067366231528,0.01817063590824497,-0.02054317945910189,-0.03364363751532318,-0.018852871817418793,-0.017478831034539954,-0.17849177933577975,-0.04847958752014636,0.5575014695204177,0
2025-03-18,-0.006121429375262943,-0.006140242137349673,0.017208088585774595,-0.006864032478363389,212.2465362548828,214.20858515417746,221.36038513183593,219.59490712702328,231.2357063293457,225.89781480870008,232.22810974121094,231.38236306489404,0.9968224535972472,0.9557812835892161,0.9149629890453433,0.9110529869656172,24.933747489750644,31.031016872822406,35.24574057386508,-6.5532991867691806,-3.696575920778423,-2.8567232659907575,256.4812898085453,205.99012285014615,231.2357063293457,0.21835367798468497,0.11055379630188303,-0.11734139877770244,56140940.0,0.755819193622337,0.0023888212334428616,-0.200210955020663,0.01817063590824497,-0.02054317945910189,-0.03364363751532318,-0.018852871817418793,-0.029189322667941164,0.05641920767241282,1
2025-03-19,0.011989248203646552,0.011917946504138393,0.02327631657208381,0.0047614800982568916,211.9003692626953,214.17529130721206,219.32115936279297,218.59741557907017,229.76199340820312,224.77504231389827,231.67398345947265,230.70496465502686,1.0104215691471885,0.9762336850459127,0.9318717183694011,0.9241810427571634,33.03526467331682,34.817403871477566,37.6993445850007,-6.643488667731191,-4.285958470168977,-2.3575301975622143,255.39065052906923,204.13333628733702,229.76199340820312,0.22308874275244772,0.19461353903366593,0.2816951197669706,56856720.0,0.9565342496014543,-0.006121429375262943,-0.11734139877770244,0.0023888212334428616,-0.200210955020663,0.01817063590824497,-0.02054317945910189,-0.017478831034539954,-0.17849177933577975,0
2025-03-20,-0.005296316345952956,-0.005310391549187254,0.024614685297640486,0.0005140455513239411,212.77973022460938,213.77509960031585,217.20932006835938,217.57510659860714,228.18383331298827,223.65120173033876,231.06458557128906,230.00966079351693,1.0009163747021779,0.9805045019223704,0.933347087277637,0.9217107661044646,31.27482493336491,33.92084183122468,37.040534049722226,-6.72890120489032,-4.774547017113246,-1.9543541877770743,253.86578522347662,202.50188140249992,228.18383331298827,0.2250987858132939,0.2038948367422664,-0.10154379668072677,57225970.0,0.8538588336728936,0.011989248203646552,0.2816951197669706,-0.006121429375262943,-0.11734139877770244,0.0023888212334428616,-0.200210955020663,-0.03364363751532318,-0.018852871817418793,1
2025-03-21,0.019476753412553283,0.019289508822971636,0.03463598941958506,0.03171680275714114,213.73070373535157,214.89099047247623,215.14025115966797,217.49286398373252,226.827001953125,223.02944653857284,230.59359436035157,229.50429261403772,1.0158707589605165,1.0092150169317111,0.9572174844583382,0.9415819759394372,44.008377605250466,40.00652118254285,41.00057937122917,-6.388238168000129,-5.097285247290623,-1.2909529207095058,251.82666871084274,201.82733519540727,226.827001953125,0.22042937165729543,0.30591281815121985,0.926365401971639,62011390.0,1.5179114675545895,-0.005296316345952956,-0.10154379668072677,0.011989248203646552,0.2816951197669706,-0.006121429375262943,-0.11734139877770244,0.01817063590824497,-0.02054317945910189,1
2025-03-24,0.011270431174758455,0.01120739306756486,0.013138195771380519,-0.0012217387894160054,215.06962890625,216.4506068074972,214.468798828125,217.87049589169732,225.51543121337892,222.69996015180772,230.16180694580078,229.11470621652796,1.0209244354685278,1.023784534987311,0.9736355436794291,0.9539803427475004,50.340950778113154,43.322712643755516,43.21305363860858,-5.853328848576808,-5.24849396754786,-0.6048348810289479,249.1084661601455,201.92239626661234,225.51543121337892,0.20923654598556712,0.37399688617308013,-0.5293685818642314,59234220.0,0.7478700656478637,0.019476753412553283,0.926365401971639,-0.005296316345952956,-0.10154379668072677,0.011989248203646552,0.2816951197669706,0.0023888212334428616,-0.200210955020663,1
2025-03-25,0.013681842097234664,0.013589090744291274,0.017966499541724915,0.013498191193860476,217.2699981689453,218.49172432186015,214.75826721191407,218.7256710660407,224.35705184936523,222.68796007550088,229.90635894775392,228.8582063394322,1.0244118434498093,1.0363929744830715,0.9920524339035419,0.968107017001499,57.2636125647607,47.182550088259944,45.8314669868299,-5.127890858032572,-5.2243733456448025,0.09648248761223055,246.06362295958738,202.6504807391431,224.35705184936523,0.19350023483813714,0.45892735684219615,-0.2213546428289258,55069840.0,0.6263609990513864,0.011270431174758455,-0.5293685818642314,0.019476753412553283,0.926365401971639,-0.005296316345952956,-0.10154379668072677,-0.006121429375262943,-0.11734139877770244,0
2025-03-26,-0.009921772760450698,-0.009971321561526665,0.02053899280833216,-0.008858645144293633,218.5213836669922,219.1163599157453,215.21087646484375,219.02384561830883,223.42050018310547,222.46678588769277,229.65543334960938,228.52516417331782,1.0084396657460943,1.0239521102434335,0.9863268183667738,0.9595489550993915,51.148546293651684,44.768936252486,44.25639154667187,-4.677253194460405,-5.114949315407923,0.43769612094751764,244.09419761208687,202.74680275412408,223.42050018310547,0.1850653580314981,0.4261170119645027,-0.0007972493448059614,52261700.0,0.6594906021044091,0.013681842097234664,-0.2213546428289258,0.011270431174758455,-0.5293685818642314,0.019476753412553283,0.926365401971639,0.011989248203646552,0.2816951197669706,1
2025-03-27,0.0104727347862279,0.01041827559373815,0.019790072878183112,0.011111643347256854,220.4611328125,220.30206058185107,216.62043151855468,219.68741221753675,222.75153503417968,222.4864693187756,229.47292205810547,228.29568565334702,1.0100350074107804,1.0279430262098308,0.9996495058042801,0.9703692266474854,56.7762588615578,47.77559998617047,46.28214191821904,-4.086787003703961,-4.90931685306713,0.8225298493631694,242.5961438436324,202.90692622472696,222.75153503417968,0.1781770779393974,0.4980328884064474,0.07626914562425102,49834350.0,0.744362071543022,-0.009921772760450698,-0.0007972493448059614,0.013681842097234664,-0.2213546428289258,0.011270431174758455,-0.5293685818642314,-0.005296316345952956,-0.10154379668072677,0
2025-03-28,-0.02658045622569749,-0.026940103939361405,0.028132193917015897,-0.017007282463130796,220.38751831054688,219.11960695691113,217.05911102294922,219.1541917610812,221.5608253479004,221.94058649860946,229.08081817626953,227.8430979691778,0.9835162234623621,0.9985975649007159,0.9783078726425466,0.9461931445532302,42.22257724995474,41.531239679167946,42.15667228671592,-4.049749941949102,-4.737403470843525,0.6876535288944225,239.77724912702683,203.34440156877395,221.5608253479004,0.16443722621562323,0.3680826242531668,0.07342808156399272,47805450.0,0.8329301366266817,0.0104727347862279,0.07626914562425102,-0.009921772760450698,-0.0007972493448059614,0.013681842097234664,-0.2213546428289258,0.019476753412553283,0.926365401971639,1
2025-03-31,0.01941270106318549,0.01922667819794853,0.04227253942844081,0.023593431203995967,220.66604919433593,219.73390260343558,217.86783905029296,219.48297396751815,220.77000427246094,221.8474348222166,228.96385040283204,227.57327035848394,1.0013434087537743,1.0142042756731848,1.0008719011654585,0.965054062061455,52.35270139318452,46.84981001234807,45.765362354346614,-3.6389168107380954,-4.517706138822438,0.8787893280843431,237.59528437454463,203.94472417037724,220.77000427246094,0.1524236062551229,0.5057202502084824,0.6399195350916407,49528040.0,1.3184309332652777,-0.02658045622569749,0.07342808156399272,0.0104727347862279,0.07626914562425102,-0.009921772760450698,-0.0007972493448059614,0.011270431174758455,-0.5293685818642314,1
2025-04-01,0.004771908676459935,0.004760559211670022,0.02141672443662325,0.015376938812400983,220.554638671875,220.49490398171747,218.91231842041014,219.94368901674778,220.13635177612304,221.86357500469896,228.8337890625,227.35537374592698,1.0066299583414415,1.014181880399754,1.008542682510114,0.9702103332198162,54.67591241195153,48.123267682809676,46.64124812872058,-3.1914571586118825,-4.252456342780327,1.0609991841684447,235.7261537889338,204.54654976331227,220.13635177612304,0.1416376885237516,0.5603136255551189,-0.4423722765787689,48926070.0,0.7442392164341015,0.01941270106318549,0.6399195350916407,-0.02658045622569749,0.07342808156399272,0.0104727347862279,0.07626914562425102,0.013681842097234664,-0.2213546428289258,1
2025-04-02,0.0031364045607933377,0.00313149630418324,0.018625209613262018,0.011612109074552984,221.02416076660157,221.23434984686114,219.77277221679688,220.4472440277297,219.5469657897949,221.94449563064654,228.86352294921875,227.17332934715134,1.0076420641285933,1.013379588975885,1.014421860834939,0.9731268605288622,56.31694646024786,48.99244093815687,47.2321789307487,-2.7489653966248966,-3.951758153549241,1.2027927569243446,233.74950409350774,205.34442748608208,219.5469657897949,0.12938041072552137,0.6114686586173754,-0.01391822084053096,47078120.0,0.7626876349352948,0.004771908676459935,-0.4423722765787689,0.01941270106318549,0.6399195350916407,-0.02658045622569749,0.07342808156399272,-0.009921772760450698,-0.0007972493448059614,0
2025-04-03,-0.09245604966108245,-0.09701328389030289,0.03071019941034494,-0.011433253485880614,216.91387939453125,214.8635849158111,218.68750610351563,217.115391486999,217.9484130859375,220.05664414712888,228.45778381347657,226.19092643368307,0.931807847510226,0.9242505831953498,0.9273848439264103,0.8847238718674285,25.03972661570684,31.946910027145478,35.14661298772866,-4.013558349682825,-3.964118192775958,-0.04944015690686676,232.43627203378517,203.4605541380898,217.9484130859375,0.13294759748615462,-0.04619381956978931,1.8802787285655005,52533730.0,1.9686209222151179,0.0031364045607933377,-0.01391822084053096,0.004771908676459935,-0.4423722765787689,0.01941270106318549,0.6399195350916407,0.0104727347862279,0.07626914562425102,0
2025-04-04,-0.07288753189482533,-0.0756803959587411,0.06656761981040811,-0.02841814701212543,211.0409149169922,205.70568238365274,215.71421661376954,211.71075254742388,215.42723388671874,216.94552349686288,227.76077911376953,224.669316664493,0.8879315055710462,0.8686950737922501,0.8698523113278885,0.8227486665987045,17.10858752502662,25.193290263928546,29.479914482133765,-6.1338142051092746,-4.398057395242621,-1.7357568098666531,232.52441120273426,198.33005657070322,215.42723388671874,0.15872809586373818,-0.319941094636693,0.21748324775911576,55712040.0,2.2600303273762727,-0.09245604966108245,1.8802787285655005,0.0031364045607933377,-0.01391822084053096,0.004771908676459935,-0.4423722765787689,-0.02658045622569749,0.07342808156399272,0
2025-04-07,-0.03673413983456919,-0.03742583034754272,0.10762701453049378,0.024040687578957966,202.94967041015624,197.30587870987006,211.8078598022461,206.03721051376584,213.13832931518556,213.47511853166685,226.94359130859374,222.93743253499542,0.889413966514486,0.8522170590403677,0.8468972800071773,0.7953794611316235,14.589505064154636,22.771013096274174,27.318943760623853,-8.274201869550097,-5.173286290104117,-3.1009155794459806,235.3121068628623,190.96455176750882,213.13832931518556,0.20806935682494263,-0.2358254109548399,0.27444327695219406,67328720.0,2.383326164525332,-0.07288753189482533,0.21748324775911576,-0.09245604966108245,1.8802787285655005,0.0031364045607933377,-0.01391822084053096,0.01941270106318549,0.6399195350916407,0
2025-04-08,-0.049818342185518616,-0.05110209391544016,0.12254952933777019,-0.07648633643660765,192.84903869628906,188.70850186289516,206.70183868408202,199.7602173601621,210.73005294799805,209.47879754474098,225.8058511352539,220.920817461817,0.8893679187017162,0.8297640178764093,0.8139026482913182,0.7595629046220395,11.915547126518518,20.057862814799336,24.823015670429015,-10.574203150624385,-6.25346966220817,-4.320733488416215,239.1279681211068,182.3321377748893,210.73005294799805,0.26951936637264085,-0.19047858865689565,-0.24682316473926302,75965310.0,1.5909827788499777,-0.03673413983456919,0.27444327695219406,-0.07288753189482533,0.21748324775911576,-0.09245604966108245,1.8802787285655005,0.004771908676459935,-0.4423722765787689,1
2025-04-09,0.15328862822026945,0.14261753799154478,0.13695173666462715,0.1511974314114832,187.86736145019532,191.74061969082334,204.44576110839844,199.40469699407436,209.82831878662108,208.366993525878,225.02700012207032,220.01430914357633,1.052896329728455,0.9675175179680164,0.9426985665735219,0.8790272066879822,45.799372048049634,41.866552321145,41.289490127253316,-10.158398417622607,-7.034455413291058,-3.123943004331549,238.66197734951623,180.99466022372593,209.82831878662108,0.2748309544644135,0.29150298576029654,0.5257046405123305,90958290.0,2.0272577683683366,-0.049818342185518616,-0.24682316473926302,-0.03673413983456919,0.27444327695219406,-0.07288753189482533,0.21748324775911576,0.0031364045607933377,-0.01391822084053096,0
2025-04-10,-0.042393938783827245,-0.043318795167581754,0.06186324384293593,0.007140163920402184,185.32677612304687,190.96678926653848,201.12032775878907,197.58913907114606,208.87037963867186,206.56243494417237,224.05857421875,218.81449813472898,1.0220818188312129,0.9418199071609807,0.9068740562718748,0.8454000436200111,40.06440998470116,38.27950843016664,38.4676493041663,-10.385807132032681,-7.704725757039384,-2.6810813749932976,239.04824541873774,178.692513858606,208.87037963867186,0.2889626172200293,0.1777232133898659,-0.33903085697675495,99436810.0,1.225703036933707,0.15328862822026945,0.5257046405123305,-0.049818342185518616,-0.24682316473926302,-0.03673413983456919,0.27444327695219406,-0.09245604966108245,1.8802787285655005,1
2025-04-11,0.04059459123302722,0.039792272121779416,0.0680292512881991,0.06475006661883768,187.2705047607422,193.01403301362984,199.15570983886718,197.5017538778127,208.1074104309082,205.66206214070954,223.279111328125,217.9632833258303,1.052533717253763,0.9897206596149766,0.9471480140936772,0.8827897931667558,47.14479490567394,43.09413384677763,42.26657586269124,-9.8322207771011,-8.130224761051728,-1.701996016049371,238.66222715062105,177.55259371119536,208.1074104309082,0.2936446775868855,0.32001381281401003,-0.2826066622907778,104198540.0,0.8391278802946759,-0.042393938783827245,-0.33903085697675495,0.15328862822026945,0.5257046405123305,-0.049818342185518616,-0.24682316473926302,-0.07288753189482533,0.21748324775911576,1
2025-04-14,0.022053996592583225,0.021814324625151652,0.05816708735325039,-0.04218689966870013,191.46036071777343,195.82787239157355,197.20501556396485,198.22062610865783,207.53642730712892,205.26144204611444,222.61818725585937,217.31592127961974,1.052205012004658,1.0215538918791718,0.9706997164855834,0.9049375238866904,50.96531883070123,45.67416480816187,44.30757813937704,-8.939679498967905,-8.292115708634963,-0.6475637903329421,238.14027992071735,176.9325746935405,207.53642730712892,0.2949251175871734,0.4006517866157804,0.1591680305229317,107803900.0,0.9401598643462806,0.04059459123302722,-0.2826066622907778,-0.042393938783827245,-0.33903085697675495,0.15328862822026945,0.5257046405123305,-0.03673413983456919,0.27444327695219406,0
2025-04-15,-0.0018764498574560529,-0.001878212594960682,0.018353574088652763,0.0013870939188063813,197.37311706542968,197.57775823012457,195.11107788085937,198.74006316294304,207.01169815063477,204.8629742233632,222.1084881591797,216.67912161795726,1.0187685785018477,1.030579770719172,0.9713341405513705,0.9053122263527328,50.594290593354785,45.481053998361325,44.16501496549681,-8.168673872882607,-8.267427341484492,0.09875346860188472,237.6805838706247,176.34281243064484,207.01169815063477,0.2963009916248628,0.40325425746491456,-0.49341459395833764,109297020.0,0.46976486641630305,0.022053996592583225,0.1591680305229317,0.04059459123302722,-0.2826066622907778,-0.042393938783827245,-0.33903085697675495,-0.049818342185518616,-0.24682316473926302,0
2025-04-16,-0.038933307390746186,-0.03971147324269287,0.0428784765936998,-0.02061905790131958,196.46192932128906,196.13481102874192,192.16464538574218,197.74167288349457,205.96870880126954,203.7568734998026,221.34702484130858,215.76029004964428,0.9836456217934314,1.005642407520165,0.9382440553746163,0.873058568392882,43.02628425613381,41.561963039505954,41.27702507073199,-8.096024098552135,-8.233146692898021,0.13712259434588603,237.01767944324047,174.91973815929862,205.96870880126954,0.30149211326977593,0.2951656381468118,0.16337870711028968,111679670.0,0.534854732289234,-0.0018764498574560529,-0.49341459395833764,0.022053996592583225,0.1591680305229317,0.04059459123302722,-0.2826066622907778,0.15328862822026945,0.5257046405123305,1
2025-04-17,0.013949572360662854,0.013853172532603585,0.022388078778361103,-0.001115624868700473,197.76703491210938,196.07142614318474,191.54690551757812,197.41494260869015,205.11720581054686,203.01285282097095,220.6460348510742,214.98320637601392,0.9907852259561409,1.0229591328693566,0.9552814236025201,0.8880497512875036,46.25589879749058,43.37150091823186,42.63333612862191,-7.731797610729615,-8.13287687646434,0.40107926573472596,236.28478265054767,173.94962897054606,205.11720581054686,0.3039001698257164,0.3528510977038099,-0.12669338583415368,106554240.0,0.4895600588019773,-0.038933307390746186,0.16337870711028968,-0.0018764498574560529,-0.49341459395833764,0.022053996592583225,0.1591680305229317,-0.042393938783827245,-0.33903085697675495,0
2025-04-21,-0.01939270154435302,-0.01958320694582564,0.020656478657681603,-0.000569155109017763,196.77428283691407,194.76253747273518,192.02239379882812,196.45672761289848,203.86830520629883,201.97779637438666,219.8541421508789,214.08758103310498,0.9764729280760989,1.0006372503257928,0.9424945183970623,0.8739647033803579,42.31154721125787,41.424321703444186,41.22409453140101,-7.661448950138293,-8.038591291199133,0.3771423410608392,235.0132723700419,172.72333804255575,203.86830520629883,0.30554006060163985,0.31179069779032115,-0.10394385475235168,98637400.0,0.4738821177362745,0.013949572360662854,-0.12669338583415368,-0.038933307390746186,0.16337870711028968,-0.0018764498574560529,-0.49341459395833764,0.04059459123302722,-0.2826066622907778,1
2025-04-22,0.03406499428742693,0.03349763125532333,0.02813655233117446,0.0184581402513982,196.22120666503906,196.07174841118544,193.84078369140624,196.8628080992962,202.82432174682617,201.66468912807233,219.30424743652344,213.48376100388856,1.0125825524417529,1.0250173699483174,0.979617082294989,0.9060023807591591,50.75105875493542,45.92758223761921,44.539771534831786,-6.996881537493977,-7.830249340458102,0.8333678029641254,233.18390597204376,172.46473752160858,202.82432174682617,0.2993682805271618,0.43191356923613133,0.13336685029683903,87888410.0,0.6027688975144732,-0.01939270154435302,-0.10394385475235168,0.013949572360662854,-0.12669338583415368,-0.038933307390746186,0.16337870711028968,0.022053996592583225,0.1591680305229317,1
2025-04-23,0.024331638502555597,0.024040339909284596,0.025415429096376868,-0.0067960868761376735,196.71062622070312,198.5560415026393,197.0418716430664,198.07404802406904,201.87185516357422,201.8418261335461,218.8456707763672,213.09320675611048,1.0346397222954222,1.032900398217003,1.008187236009861,0.9299915642083845,56.26447098600147,49.04362782702938,46.864426138114716,-6.010817800297161,-7.466363032425914,1.4555452321287525,230.85743834806144,172.886271979087,201.87185516357422,0.28716814596071905,0.5285102513110241,-0.0008909627683270083,81095380.0,0.6526783646614641,0.03406499428742693,0.13336685029683903,-0.01939270154435302,-0.10394385475235168,0.013949572360662854,-0.12669338583415368,-0.0018764498574560529,-0.49341459395833764,1
2025-04-24,0.018426113288234847,0.018258409417234913,0.028267022736819192,0.016984702708310453,199.51580200195312,201.46229284583507,197.9888656616211,199.74691120737037,201.21731338500976,202.3592517905633,218.36322021484375,212.86503376693855,1.0388891178163295,1.0469012731578344,1.03010417963203,0.9492202731224265,60.287898612156,51.38405122777115,48.618609162114886,-4.8706027044642894,-6.947210966833589,2.0766082623693,229.07202099444936,173.36260577557016,201.21731338500976,0.27686193738351256,0.6087335439335935,-0.10614556804183706,67386890.0,0.7020801820650872,0.024331638502555597,-0.0008909627683270083,0.03406499428742693,0.13336685029683903,-0.01939270154435302,-0.10394385475235168,-0.038933307390746186,0.16337870711028968,1
2025-04-25,0.004367282856598376,0.004357773952154758,0.016962935170415295,0.014100904835787516,201.96287536621094,203.70153629500984,199.86495513916014,201.280204295732,200.4926414489746,202.91361097178196,217.81432067871094,212.6813078620923,1.0307836171171318,1.041603431919366,1.0383424632885652,0.9557683009302096,61.29073623970401,51.957654900054976,49.04496580634225,-3.849554451804437,-6.32767966382776,2.478125212023323,226.78725576412987,174.19802713381935,200.4926414489746,0.26230004378337485,0.6461778760518658,-0.19210543002684366,59021120.0,0.6476037730222672,0.018426113288234847,-0.10614556804183706,0.024331638502555597,-0.0008909627683270083,0.03406499428742693,0.13336685029683903,0.013949572360662854,-0.12669338583415368,1
2025-04-28,0.004109273968162741,0.004100853960753172,0.01922524649218126,0.0006666637602306194,205.3410217285156,205.47952151112636,201.05765228271486,202.69025659530058,200.106681060791,203.49664725478934,217.18981994628905,212.53833468880865,1.0179918760691093,1.0396793634565402,1.0446202537328368,0.9624552936921894,62.339286890764654,52.52769381413663,49.46109543223057,-2.9374757843152963,-5.649638887925267,2.7121631036099707,225.65107440755062,174.56228771403138,200.106681060791,0.2553077509590938,0.6747704625700383,0.01362555366893159,54151840.0,0.715453066784065,0.004367282856598376,-0.19210543002684366,0.018426113288234847,-0.10614556804183706,0.024331638502555597,-0.0008909627683270083,-0.01939270154435302,-0.10394385475235168,1
2025-04-29,0.005091920419581841,0.005079000432605932,0.018323044614166405,0.01207534737160433,207.62296447753906,207.01964235181865,201.92208557128907,204.03746158401012,199.56355056762695,204.12552694797162,216.52552978515624,212.44270917290254,1.0119298920612996,1.0404997721709193,1.052796883176348,0.97032384237402,63.764099784356226,53.27063150181244,49.994608617824724,-2.104499957499371,-4.940611101840088,2.836111144340717,223.73617772823218,175.39092340702172,199.56355056762695,0.242254931743297,0.7179393533762751,-0.04944106176325591,47699310.0,0.7720782543814575,0.004109273968162741,0.01362555366893159,0.004367282856598376,-0.19210543002684366,0.018426113288234847,-0.10614556804183706,0.03406499428742693,0.13336685029683903,1
2025-04-30,0.006107586069858062,0.006089010362839866,0.03251766429227932,0.015289043963610735,209.1946563720703,208.47412395394682,202.95264129638673,205.37302987022701,199.03185958862304,204.81672315846984,215.88949005126952,212.40115536840452,1.0104612174330136,1.0415389807590865,1.0620565350447346,0.9791263442606853,65.5948668860424,54.20119215762356,50.654016615840035,-1.3255368814185147,-4.2175962577557735,2.892059376337259,221.6215645675499,176.44215460969616,199.03185958862304,0.226995869160016,0.773381781238447,0.4197639813618048,47793570.0,1.0940069971755615,0.005091920419581841,-0.04944106176325591,0.004109273968162741,0.01362555366893159,0.004367282856598376,-0.19210543002684366,0.024331638502555597,-0.0008909627683270083,1
2025-05-01,0.0038588912512789175,0.0038514648294726253,0.02653292456298727,0.02027934501641231,210.17945556640626,209.7156798039333,204.84762878417968,206.61407743998686,198.50613708496093,205.51977728660665,215.261806640625,212.39321953058106,1.0096076751748078,1.0358860034815023,1.06897849416658,0.9857707450080432,66.83745185331632,54.817149241378715,51.084553209962166,-0.6350619095449872,-3.5010893881136163,2.866027478568629,219.28355952054173,177.72871464938012,198.50613708496093,0.2093378344941349,0.8295080143217621,0.09714170961911783,47556900.0,1.2062539820720022,0.006107586069858062,0.4197639813618048,0.005091920419581841,-0.04944106176325591,0.004109273968162741,0.01362555366893159,0.018426113288234847,-0.10614556804183706,0
2025-05-02,-0.03736166699984034,-0.03807750054973233,0.023520826333065206,-0.0035906169514494522,209.39758911132813,207.9006835086118,205.68023223876952,206.1880071632563,198.61356887817382,205.4008166800697,214.45646209716796,212.07468899675314,0.9755159636024576,0.9931469285820114,1.0284830591975562,0.9525042468779321,47.41824480183598,48.052663239539314,46.9078866576792,-0.7192953896101244,-2.944730588412918,2.2254351988027934,219.48666544608122,177.74047231026643,198.61356887817382,0.21018802175304144,0.6355122854290056,0.7608187470910317,52441490.0,1.9261580858972542,0.0038588912512789175,0.09714170961911783,0.006107586069858062,0.4197639813618048,0.005091920419581841,-0.04944106176325591,0.004367282856598376,-0.19210543002684366,0
2025-05-05,-0.0314585312230804,-0.03196397952264492,0.02961435671840518,-0.02072873750541114,207.15941772460937,204.54866734232976,206.2502197265625,204.67103040807615,199.1363067626953,204.68118033051695,213.52816680908202,211.51664766393012,0.9550356782368132,0.9592456932751847,0.9935136300661188,0.9265505247682887,37.198146993452674,43.37996646228483,43.85622685586862,-1.2897130274709525,-2.613727076224525,1.3240140487535723,219.37283665709035,178.89977686830028,199.1363067626953,0.20324299695394363,0.4680856411729106,-0.31672022540208655,54669090.0,1.2624775718783685,-0.03736166699984034,0.7608187470910317,0.0038588912512789175,0.09714170961911783,0.006107586069858062,0.4197639813618048,0.004109273968162741,0.01362555366893159,0
2025-05-06,-0.0019106974531591936,-0.001912525164044045,0.018286180668341347,0.001513484601217946,204.632763671875,202.1879828180636,206.12786407470702,203.36113647379523,199.98432388305665,203.9940787532802,212.56147399902343,210.96566594258115,0.9649804372781938,0.9579811766640309,0.9874104626570748,0.9289859072507112,36.65593099875547,43.11436618195719,43.680701099854566,-1.7520793893752682,-2.441397538854674,0.6893181494794058,218.36318514145248,181.60546262466082,199.98432388305665,0.1838030191720737,0.43150527450727516,-0.25793084462861404,54493100.0,0.9398712864564505,-0.0314585312230804,-0.31672022540208655,-0.03736166699984034,0.7608187470910317,0.0038588912512789175,0.09714170961911783,0.005091920419581841,-0.04944106176325591,0
2025-05-07,-0.011384672114704952,-0.011449973591303604,0.031541413714172066,-0.014660833437717003,201.39985046386718,199.8648289180971,205.29725341796876,201.88066095458953,201.16956253051757,203.15831135945962,211.55101348876954,210.34813085142756,0.9693081731120148,0.9509066383889452,0.9704177841941137,0.922796435236778,33.28926510711665,41.48754528161614,42.615660618740364,-2.2737005466529467,-2.4078581404143287,0.13415759376138192,214.38285952444784,187.9562655365873,201.16956253051757,0.13136477335556968,0.274808610784757,0.3381761736940243,56053850.0,1.2226938916773782,-0.0019106974531591936,-0.25793084462861404,-0.0314585312230804,-0.31672022540208655,-0.03736166699984034,0.7608187470910317,0.006107586069858062,0.4197639813618048,1
2025-05-08,0.006318509038841347,0.006298630949919598,0.027191301972810136,-0.001163239561597751,198.25049438476563,198.72722298153087,204.21497497558593,200.8936337098275,201.1019203186035,202.5196160974538,210.69812042236327,209.80318497915192,0.9909282280382278,0.9619863143331405,0.9768778477955941,0.9323861585219306,36.993587122590554,42.76367719219456,43.41057890673874,-2.558068912288803,-2.4379002947892237,-0.12016861749957952,214.39702178387822,187.8068188533288,201.1019203186035,0.13222252123909542,0.3251269754371526,-0.2634763564630337,56370640.0,0.8954821162222036,-0.011384672114704952,0.3381761736940243,-0.0019106974531591936,-0.25793084462861404,-0.0314585312230804,-0.31672022540208655,0.0038588912512789175,0.09714170961911783,1
2025-05-09,0.0052660730415103885,0.005252255766164066,0.01511106643049472,-0.0023618151794126724,196.89366455078124,198.31366257036956,203.1456268310547,200.27416244404918,201.50529098510742,202.04027568322454,209.92679595947266,209.32017936224585,1.0030111542624711,0.9721427176588242,0.9800563587317538,0.9407400367610649,40.24052726581522,43.86938271897189,44.09259630518636,-2.669186197162162,-2.484157475263811,-0.18502872189835085,213.81080026008453,189.1997817101303,201.50529098510742,0.12213584283388937,0.33670934915174316,-0.2778388594046225,56193800.0,0.6487174741697482,0.006318509038841347,-0.2634763564630337,-0.011384672114704952,0.3381761736940243,-0.0019106974531591936,-0.25793084462861404,-0.03736166699984034,0.7608187470910317,1
2025-05-12,0.06314609922458425,0.061232530390413605,0.021443163415852184,-0.0008532394820532217,199.31614685058594,202.19479054984274,203.23778228759767,202.03468681945643,202.14771728515626,202.79425385708782,209.3145590209961,209.34515454446324,1.0533870427777228,1.0330610979196924,1.0386317952461304,1.00306948303452,65.35142938698128,55.1235135834507,51.49210086820261,-1.731027722093046,-2.333531524629658,0.6025038025366123,214.80452685443495,189.49090771587757,202.14771728515626,0.12522337367208136,0.8085030702598243,0.7494918239200743,58697070.0,1.086524421065651,0.0052660730415103885,-0.2778388594046225,0.006318509038841347,-0.2634763564630337,-0.011384672114704952,0.3381761736940243,-0.0314585312230804,-0.31672022540208655,1
2025-05-13,0.010152295700247338,0.010101107307854204,0.020664040049933365,0.011880435712659386,202.24054260253905,205.49272454299413,203.43665313720703,203.86266967579104,202.67936935424805,203.6794289687268,208.82075256347656,209.45274034779007,1.0486947364758217,1.0425289113769218,1.0464241782724475,1.0156490191980654,68.03029915651084,56.72081395055213,52.6176131344225,-0.8062386049802228,-2.0280729406997713,1.2218343357195485,216.0484603522997,189.3102783561964,202.67936935424805,0.13192355039041817,0.8519021291881427,-0.18606587451666623,60205240.0,0.8622056817645773,0.06314609922458425,0.7494918239200743,0.0052660730415103885,-0.2778388594046225,0.006318509038841347,-0.2634763564630337,-0.0019106974531591936,-0.25793084462861404,0
2025-05-14,-0.0028178117705190964,-0.0028217892757707217,0.015824426983356992,-0.0004707002220688107,205.49503173828126,207.4921386276211,203.44744110107422,205.2496327887154,203.20004119873047,204.42338495235995,208.3567727661133,209.5326707967738,1.0291780049759558,1.0395361359782584,1.040801790930918,1.0150424389337223,66.35225520489637,56.11771718470075,52.26063932044887,-0.12017467017074068,-1.6464932865939652,1.5263186164232245,217.0803823116504,189.31970008581055,203.20004119873047,0.13661750293982364,0.7986571270365709,-0.04976950180410833,59909170.0,0.8233430708520916,0.010152295700247338,-0.18606587451666623,0.06314609922458425,0.7494918239200743,0.0052660730415103885,-0.2778388594046225,-0.011384672114704952,0.3381761736940243,0
2025-05-15,-0.0041445074093784395,-0.004153119684206215,0.016174100151779655,0.0023702299465910067,208.3275177001953,208.532906057737,203.28900604248048,206.22505244857962,204.06831741333008,205.013009330037,207.87904235839844,209.57509315446774,1.0109775378837114,1.0360345845458927,1.0320780980978044,1.013158606700017,63.66514827185673,55.19082007122538,51.720269915849876,0.34878702824497054,-1.2474372236261781,1.5962242518711487,217.51591733519322,190.62071749146693,204.06831741333008,0.1317950781612582,0.7433937484262886,-0.0871004626382137,58675550.0,0.7674320905385633,-0.0028178117705190964,-0.04976950180410833,0.010152295700247338,-0.18606587451666623,0.06314609922458425,0.7494918239200743,0.006318509038841347,-0.2634763564630337,0
2025-05-16,-0.0008985115224213747,-0.0008989154258587225,0.013253825260642105,-0.0051799119436525915,210.91524963378907,209.16367117716322,203.90445709228516,206.98871589720434,204.79234466552734,205.5284561953683,207.40568420410156,209.60843073335198,0.9976765633655019,1.0319794104391709,1.0275052114847751,1.0145585075139147,63.022286999831664,54.97968251133232,51.599322557935224,0.6971363527368624,-0.8585225083535701,1.5556588610904325,217.9690021670662,191.61568716398847,204.79234466552734,0.1286831060317158,0.7137437642979807,0.21560088386502185,54048280.0,1.012759332951946,-0.0041445074093784395,-0.0871004626382137,-0.0028178117705190964,-0.04976950180410833,0.010152295700247338,-0.18606587451666623,0.0052660730415103885,-0.2778388594046225,0
2025-05-19,-0.011739086232724016,-0.011808533337582812,0.025002400858432878,0.004184479350985885,210.51484069824218,208.76078139512708,204.91549377441407,207.16440424881347,205.58285675048828,205.7595557797194,206.80851501464844,209.5435903842423,0.9878401025851814,1.014832983102716,1.0115386327345641,1.0055437118550223,54.62273726613241,52.1738823439917,49.99686003938652,0.7650620805015933,-0.5338055905825375,1.298867671084131,217.46279221533584,193.7029212856407,205.58285675048828,0.11557321123585707,0.599838298262879,-0.15706484903512918,51760480.0,0.891423340741817,-0.0008985115224213747,0.21560088386502185,-0.0041445074093784395,-0.0871004626382137,-0.0028178117705190964,-0.04976950180410833,0.06314609922458425,0.7494918239200743,0
2025-05-20,-0.009196290225973569,-0.00923883715308381,0.016629616316621652,-0.0039004072120942036,209.3056396484375,207.85471669017588,205.7730911254883,206.96043752726072,205.95047760009766,205.78651116072456,206.40367950439452,209.40629614487096,0.9844101077560792,1.0013096763688154,1.0004472418867347,0.9982505533574396,48.75370790190978,50.04453812518353,48.765746656025165,0.6570043009899678,-0.2956436122680365,0.9526479132580042,217.40179767207536,194.49915752811995,205.95047760009766,0.11120459836187604,0.5040217931031891,-0.07897400331595883,50888490.0,0.8350925720138287,-0.011739086232724016,-0.15706484903512918,-0.0008985115224213747,0.21560088386502185,-0.0041445074093784395,-0.0871004626382137,0.010152295700247338,-0.18606587451666623,0
2025-05-21,-0.023059188828253863,-0.02332921099382879,0.031322612138019894,-0.015011950375505052,207.26572875976564,205.66694857795582,206.38038024902343,205.9297056774889,205.83881683349608,205.35840651241892,206.03592224121093,209.08806540795507,0.9711755704042387,0.9753418038605833,0.9779079351993222,0.9769724141495054,37.17602715244685,45.11795525992039,45.822399873158005,0.1858453137567153,-0.19934582706308612,0.38519114081980144,217.42532998959632,194.25230367739584,205.83881683349608,0.11257850520460988,0.30376302953635914,0.3933302899526079,49956000.0,1.1852790455600928,-0.009196290225973569,-0.07897400331595883,-0.011739086232724016,-0.15706484903512918,-0.0008985115224213747,0.21560088386502185,-0.0028178117705190964,-0.04976950180410833,0
2025-05-22,-0.003612083050772208,-0.0036186223745579105,0.01514701550711568,0.0032384727952853233,205.25570678710938,203.96607607019973,206.79161224365234,204.95418301879772,205.50329360961913,204.90182789739686,205.7304180908203,208.75380131567007,0.9771437500771282,0.9698862003086105,0.97596650414609,0.9748890461407014,35.6639561674634,44.39765140191134,45.38226681130439,-0.24341502559192918,-0.20815966676885475,-0.03525535882307443,217.29094040034755,193.71564681889072,205.50329360961913,0.11471978461932217,0.29050260655857196,-0.21058978109093118,49582350.0,0.942722561556683,-0.023059188828253863,0.3933302899526079,-0.009196290225973569,-0.07897400331595883,-0.011739086232724016,-0.15706484903512918,-0.0041445074093784395,-0.0871004626382137,0
2025-05-23,-0.030244403151994836,-0.030711201244835125,0.021713474377042182,0.008261507299235296,202.07034301757812,200.81017823625297,206.4927963256836,203.05312839144528,204.81921157836913,203.91102358034567,205.44882751464843,208.19476528636378,0.9625280962255799,0.9419136455568821,0.9496100540057946,0.9466998907768978,25.549306374424916,38.828182080415,41.860088436992086,-1.0608494724172317,-0.3786976278985302,-0.6821518445187016,217.4629998205601,192.17542333617817,204.81921157836913,0.123462912924583,0.09186167894008772,0.677981875128363,53780250.0,1.4583959724991982,-0.003612083050772208,-0.21058978109093118,-0.023059188828253863,0.3933302899526079,-0.009196290225973569,-0.07897400331595883,-0.0008985115224213747,0.21560088386502185,1
2025-05-27,0.025298341226390075,0.024983634850397583,0.01653270419252001,0.009631889221962522,200.3631164550781,200.3464084970202,205.43897857666016,202.3923539600106,204.3383804321289,203.48319933636557,205.18984680175782,207.85061249154774,0.9952873190773356,0.9706963615190529,0.9759246823667166,0.9718749349777589,41.30331330004082,44.86960111554883,45.46503492355295,-1.2966826757842398,-0.5622946374756721,-0.7343880383085677,217.0355424251892,191.6412184390686,204.3383804321289,0.12427584055632329,0.3062751575405984,-0.2823356015141605,53031520.0,1.0614159277350526,-0.030244403151994836,0.677981875128363,-0.003612083050772208,-0.21058978109093118,-0.023059188828253863,0.3933302899526079,-0.011739086232724016,-0.15706484903512918,1
2025-05-28,0.001048808584207972,0.0010482589687455257,0.01412035653582392,-0.0008474907624952134,199.0802032470703,200.1069460780916,204.19292144775392,201.88974801096037,203.81478729248047,203.11603951768643,204.92490295410155,207.5281579326727,1.0027517451973071,0.9776441799492666,0.9794579867934805,0.9741520838243191,41.91285517329606,45.11771944435684,45.61553718979335,-1.449990761299233,-0.7398338622403844,-0.7101568990588487,216.3814032080228,191.24817137693816,203.81478729248047,0.12331407433660674,0.33341712357628706,-0.1945122005382982,52374560.0,0.865681735560165,0.025298341226390075,-0.2823356015141605,-0.030244403151994836,0.677981875128363,-0.003612083050772208,-0.21058978109093118,-0.009196290225973569,-0.07897400331595883,0
2025-05-29,-0.0023450598043754933,-0.00234781376342676,0.026506642323829325,-0.017830852000015905,198.65389709472657,199.79125791599338,202.9598129272461,201.39340866202156,203.20362701416016,202.7392625723636,204.67665832519532,207.19999023303055,1.0025470655470152,0.9812774199944135,0.9801000332435922,0.9730463806740813,40.806290484743144,44.63351758417059,45.321585920190245,-1.590924295851039,-0.9100519489625154,-0.6808723468885236,215.42261080457934,190.984643223741,203.20362701416016,0.12026344184858176,0.33453020759656127,0.13359373793827478,52581660.0,0.9774662876752084,0.001048808584207972,-0.1945122005382982,0.025298341226390075,-0.2823356015141605,-0.030244403151994836,0.677981875128363,-0.023059188828253863,0.3933302899526079,1
2025-05-30,0.0045011768949494435,0.004491076894813233,0.025790429560159513,0.007423438945555416,198.55229797363282,199.8796170937352,201.90400238037108,201.15030444151193,202.59650421142578,202.48374570349264,204.39561096191406,206.91984690817517,1.0075750192313848,0.9908487850197666,0.9874619319218058,0.9787702118833468,44.10326296932982,45.83234468072081,46.02099177288924,-1.6117001272200469,-1.0503815846140219,-0.561318542606025,214.1562474819123,191.03676094093927,202.59650421142578,0.1141159203657629,0.39012866883071684,0.3779048501073996,55160700.0,1.2838832719671796,-0.0023450598043754933,0.13359373793827478,0.001048808584207972,-0.1945122005382982,0.025298341226390075,-0.2823356015141605,-0.003612083050772208,-0.21058978109093118,1
2025-06-02,0.004231977503895257,0.00422304787156913,0.009965343559924759,0.007090064797284614,199.83321533203124,200.22073451594065,200.9517791748047,201.10533442675552,202.42811813354493,202.33319557557445,204.15417602539063,206.68389092590758,1.005353234328652,0.9997571068310339,0.9924657266626012,0.9840747481715255,47.33528290134267,46.99953506293581,46.69710766874076,-1.5420727870658482,-1.148719825104387,-0.3933529619614611,213.98351863838892,190.87271762870094,202.42811813354493,0.11416793883565833,0.43400710029245515,-0.4998114936620921,53229240.0,0.6654857367867736,0.0045011768949494435,0.3779048501073996,-0.0023450598043754933,0.13359373793827478,0.001048808584207972,-0.1945122005382982,-0.030244403151994836,0.677981875128363,1
2025-06-03,0.007783918081640806,0.0077537796867919355,0.013823965659130206,0.009535625084402735,200.4427978515625,200.96941688269743,200.4029571533203,201.35287027938375,202.6592254638672,202.34591805563508,203.8610562133789,206.5185140902332,1.010097562927391,1.0102983732985122,0.9990504066754634,0.9931606623498085,53.17033056824537,49.17788685727006,47.961265286076205,-1.3451994171093986,-1.1880157435053895,-0.1571836736040091,214.021983663293,191.29646726444136,202.6592254638672,0.11213659949027814,0.49153181629500947,0.3093528835540449,53253350.0,0.870961169579003,0.004231977503895257,-0.4998114936620921,0.0045011768949494435,0.3779048501073996,-0.0023450598043754933,0.13359373793827478,0.025298341226390075,-0.2823356015141605,0
2025-06-04,-0.0022138294743113685,-0.0022162836174873693,0.020412184400676027,-0.0004435283439276679,200.92090454101563,201.3191294842983,200.00055389404298,201.47390380813215,202.88682250976564,202.31474059200318,203.51003051757812,206.34204509404756,1.005463095783845,1.010089976023397,0.9957204326455266,0.9926712416764671,51.27076380638521,48.56180114071479,47.62136236457334,-1.2113799857630454,-1.1926885919569208,-0.018691393806124612,214.00412977387055,191.76951524566073,202.88682250976564,0.10959122062813907,0.4609497245313592,-0.05988581678941651,53364090.0,0.8171037864601458,0.007783918081640806,0.3093528835540449,0.004231977503895257,-0.4998114936620921,0.0045011768949494435,0.3779048501073996,0.001048808584207972,-0.1945122005382982,0
2025-06-05,-0.010797774052893838,-0.010856493087603674,0.0229278073646186,-0.014103170109029499,201.05636901855468,200.82515431602963,199.85513305664062,201.1763220211067,203.11775665283204,202.07878472414498,203.05529541015625,206.08695328563363,0.9939362028419504,0.9999102896339253,0.9838490109018535,0.9841516498047305,42.624659604093814,45.56980725145108,45.95705584767451,-1.266741684512084,-1.2074992104679534,-0.05924247404413063,213.77048700144852,192.46502630421557,203.11775665283204,0.10489216230193081,0.3460229177881181,0.2642441060453169,52955520.0,1.040988739228696,-0.0022138294743113685,-0.05988581678941651,0.007783918081640806,0.3093528835540449,0.004231977503895257,-0.4998114936620921,-0.0023450598043754933,0.13359373793827478,1
2025-06-06,0.01639831188885066,0.016265311589657865,0.01789914637729845,0.0045320106844595745,201.66794128417968,201.58816846980102,200.11011962890626,201.52866288587705,203.45086593627929,202.1773953958782,202.7102667236328,205.97037459903402,1.007171469515455,1.0150121200967168,0.9983452065569435,1.0019926472410086,55.71391050730175,50.50353080024625,48.78066588438784,-1.0342679012587723,-1.1728529486261172,0.1385850473673449,213.65627560485092,193.24545626770765,203.45086593627929,0.10032308903288682,0.4835053579489153,-0.1545257146796164,52942050.0,0.8803531408398428,-0.010797774052893838,0.2642441060453169,-0.0022138294743113685,-0.05988581678941651,0.007783918081640806,0.3093528835540449,0.0045011768949494435,0.3779048501073996,0
2025-06-09,-0.012112573294913775,-0.01218652830788699,0.029684764547678245,-0.014384277362814763,201.6181396484375,201.27676604041423,200.72567749023438,201.3696262123795,203.60923690795897,202.03230642309364,202.26987670898438,205.76188779835195,0.9952177990111499,0.9996427148260728,0.9854855517794889,0.9920110915493924,46.43524962177468,47.05505547551571,46.85102998877551,-1.0366019031961002,-1.1456027395401138,0.10900083634401359,213.5339516989003,193.68452211701765,203.60923690795897,0.09748786392660333,0.35111533235112485,0.5633167910023451,52385020.0,1.3909052626113343,0.01639831188885066,-0.1545257146796164,-0.010797774052893838,0.2642441060453169,-0.0022138294743113685,-0.05988581678941651,0.004231977503895257,-0.4998114936620921,1
2025-06-10,0.006056094961710334,0.006037830522308634,0.018651003174855123,0.01031900300322769,201.4986114501953,201.47422423527615,200.9707046508789,201.46044701467414,203.20484161376953,202.0167668232752,201.97216552734375,205.6092310464558,1.0018388671372869,1.0044704822808967,0.9934268249803403,0.9994899054427884,51.12568197416975,48.910654436004556,47.919484253331994,-0.929680018597594,-1.10241819535161,0.17273817675401593,212.71233713755467,193.6973460899844,203.20484161376953,0.09357548224029022,0.4297553711475343,-0.24964796754439178,52223430.0,1.0468979153609788,-0.012112573294913775,0.5633167910023451,0.01639831188885066,-0.1545257146796164,-0.010797774052893838,0.2642441060453169,0.007783918081640806,0.3093528835540449,0
2025-06-11,-0.019193789486923962,-0.019380381731049234,0.030636866763704286,-0.02319410919264434,200.6938018798828,200.31431843549663,200.8073532104492,200.83027607308566,202.50013732910156,201.63369444352875,201.51280578613282,205.3106144107492,0.9865501823242111,0.9859923138792442,0.977749987962519,0.9825405688910445,38.56388854708363,43.65670911472364,44.89769171715024,-1.144402262913161,-1.1108150088639202,-0.03358725404924079,211.33480485273066,193.66546980547247,202.50013732910156,0.0872559163678103,0.24500282658553033,0.1155478246873205,53788450.0,1.1338846908583535,0.006056094961710334,-0.24964796754439178,-0.012112573294913775,0.5633167910023451,0.01639831188885066,-0.1545257146796164,-0.0022138294743113685,-0.05988581678941651,1
2025-06-12,0.0021129385173963566,0.0021107094022437905,0.011646546691627086,0.0006027482222414617,200.4089324951172,199.68049797555247,200.73265075683594,200.39074534264537,201.84623184204102,201.32694802563688,201.04072479248046,205.0401141223145,0.9900399876662096,0.9884433663759962,0.9829901467317764,0.9869286795522203,40.408286106833835,44.35177727812582,45.288827161232184,-1.266217653177506,-1.1418955377266373,-0.12432211545086869,209.81587109435625,193.8765925897258,201.84623184204102,0.07896743158972658,0.2845965998160117,-0.2801332679673192,53039230.0,0.8277759688441932,-0.019193789486923962,0.1155478246873205,0.006056094961710334,-0.24964796754439178,-0.012112573294913775,0.5633167910023451,-0.010797774052893838,0.2642441060453169,0
2025-06-13,-0.013805233102505254,-0.01390141153604722,0.0237719431992442,-0.016422164168927694,198.92083740234375,198.34490575486052,200.2943893432617,199.5331046100692,201.0991958618164,200.7885454816216,200.49993438720702,204.67280460039927,0.983676340139774,0.9769306167539905,0.9730209038127238,0.9759291039746176,32.87030709279752,40.80257316408235,43.18156480360943,-1.5657337856311528,-1.2266631873075404,-0.3390705983236124,208.41538188694275,193.78300983669007,201.0991958618164,0.07276196201354874,0.12921428393791026,0.1717974881903035,51101970.0,1.0067576651154544,0.0021129385173963566,-0.2801332679673192,-0.019193789486923962,0.1155478246873205,0.006056094961710334,-0.24964796754439178,0.01639831188885066,-0.1545257146796164,1
2025-06-16,0.010027938173407858,0.00997799202842381,0.010734829666709855,0.005676609730683501,198.31723022460938,198.10857893422994,199.96768493652343,199.1881629160509,200.45973205566406,200.48829593984516,200.4102117919922,204.39684854912747,0.9965645701542474,0.9883393177037837,0.9859133466171092,0.9861569603952971,41.92459188840016,44.24465906908345,45.102873054592386,-1.6260252097235934,-1.306535591790751,-0.31948961793284236,206.5338488477546,194.38561526357353,200.45973205566406,0.06060186482144816,0.2675541268508076,-0.1637909083664254,51861710.0,0.829527217671766,-0.013805233102505254,0.1717974881903035,0.0021129385173963566,-0.2801332679673192,-0.019193789486923962,0.1155478246873205,-0.012112573294913775,0.5633167910023451,0
2025-06-17,-0.014010673651904004,-0.014109749642865382,0.016254307328266708,-0.00791073824916531,196.91678466796876,197.0280235700856,199.20769805908202,198.40248108436836,199.80532760620116,199.95292612098342,200.5597525024414,204.02312558021254,0.989590162008646,0.9782097516332038,0.975283868435493,0.9716152438881015,34.306539579559356,40.6523782976649,42.95083736404016,-1.8756217607758572,-1.4203528255877724,-0.45526893518808476,205.3009645684351,194.30969064396723,199.80532760620116,0.05500991418072046,0.05069678016023271,-0.09680223706262336,51109170.0,0.760258873309819,0.010027938173407858,-0.1637909083664254,-0.013805233102505254,0.1717974881903035,0.0021129385173963566,-0.2801332679673192,0.006056094961710334,-0.24964796754439178,1
2025-06-18,0.004804789802485221,0.004793283641698603,0.012717468596569534,0.003266302856354374,196.47852478027343,196.61975151254404,198.58616333007814,197.929885868567,199.29335861206056,199.55771481398128,200.86569122314452,203.70077584755563,0.9965628946798755,0.9859861538893244,0.9824873681747044,0.9747966723692022,38.700597026707136,42.35661978537536,43.901170668396354,-1.9751098432193714,-1.5313042291140924,-0.4438056141052791,204.25080636281953,194.33591086130158,199.29335861206056,0.04975025545541652,0.147989107493338,0.16827430371472252,51288240.0,0.8850898373584276,-0.014010673651904004,-0.09680223706262336,0.010027938173407858,-0.1637909083664254,-0.013805233102505254,0.1717974881903035,-0.019193789486923962,0.1155478246873205,1
2025-06-20,0.022484525012509637,0.022235474358199368,0.024079583770600026,0.01392249006435341,196.83710327148438,197.81508417893565,198.62301788330078,198.34367925823096,199.23907546997071,199.619432404242,201.43953125,203.5637159912483,1.0171138783504055,1.0079685206945546,1.004851829589491,0.9938751756885791,55.15536868403671,49.67459297748701,48.164367616826794,-1.6793480315380975,-1.5609129895988936,-0.11843504193920396,204.1311659478188,194.34698499212263,199.23907546997071,0.04910774120295917,0.5987996896342412,1.1327049192967462,55456980.0,1.745740572241763,0.004804789802485221,0.16827430371472252,-0.014010673651904004,-0.09680223706262336,0.010027938173407858,-0.1637909083664254,0.0021129385173963566,-0.2801332679673192,1
2025-06-23,0.0024875227541492073,0.0024844339906089923,0.016575664207893956,-0.0006447695266786667,197.84311218261718,198.77797807567066,198.38197479248046,198.77278591476,199.24604721069335,199.72270225804186,201.4975094604492,203.451561084499,1.014459202824726,1.0117036393003391,1.007316173539472,0.9960607771607997,56.68968135702948,50.44105075555082,48.62806739638543,-1.3887601445115365,-1.5264824205814223,0.13772227606988574,204.14606332728894,194.34603109409775,199.24604721069335,0.049185579189072265,0.6487463126407085,-0.4234863939429935,56377640.0,0.9900077406574663,0.022484525012509637,1.1327049192967462,0.004804789802485221,0.16827430371472252,-0.014010673651904004,-0.09680223706262336,-0.013805233102505254,0.1717974881903035,0
2025-06-24,-0.005955301634066323,-0.0059731051616175096,0.016175763573637345,-0.011303585209180044,198.2176300048828,199.02149018521274,198.2674301147461,198.90655473103942,199.49655380249024,199.70230341482807,201.6992971801758,203.29693180292244,1.006512460064134,1.0062596478344048,1.000059953926916,0.9891383717915392,51.733598385969515,48.53067993370292,47.55600798014654,-1.2406129408228708,-1.469308524629712,0.22869558380684119,203.8857288533503,195.1073787516302,199.49655380249024,0.044002515002895835,0.5013625113680863,-0.031359346977387514,54497780.0,0.9920404097194417,0.0024875227541492073,-0.4234863939429935,0.022484525012509637,1.1327049192967462,0.004804789802485221,0.16827430371472252,0.010027938173407858,-0.1637909083664254,1
2025-06-25,0.006290559304443111,0.00627085632161283,0.015131985953071777,0.0005460442393545365,199.39695434570314,199.60217163877468,198.15686950683593,199.24418742465014,199.56378707885742,199.8033730463586,201.7723974609375,203.1975828908823,1.0068535660671427,1.0131545529839558,1.0060118495675117,0.9949999954020748,56.402690500063024,50.64439351921916,48.800461281732545,-1.0102895882801022,-1.37750473735979,0.3672151490796878,203.98720401929955,195.14037013841528,199.56378707885742,0.04433085786946135,0.6356132016487125,-0.26890907073098547,52983090.0,0.7460059426507589,-0.005955301634066323,-0.031359346977387514,0.0024875227541492073,-0.4234863939429935,0.022484525012509637,1.1327049192967462,-0.014010673651904004,-0.09680223706262336,0
2025-06-26,-0.0027783184602787614,-0.0027821851506041706,0.01582085908348876,-0.002134700349581697,200.2774627685547,199.8033642630894,198.37799377441405,199.41901689502623,199.59267349243163,199.84169461448812,201.74740142822264,203.08025609169943,0.999641930470635,1.0092135004620681,1.0030716358900336,0.9923585042206733,53.70870560062206,49.66810949469401,48.26598371140155,-0.8628192197748206,-1.2745676338427963,0.4117484140679757,204.02492773570077,195.1604192491625,199.59267349243163,0.04441299538419389,0.5691607459362403,0.2852169601044383,51964010.0,0.9775823690281024,0.006290559304443111,-0.26890907073098547,-0.005955301634066323,-0.031359346977387514,0.0024875227541492073,-0.4234863939429935,0.004804789802485221,0.16827430371472252,1
2025-06-27,0.0003979213278819671,0.0003978421781865806,0.01601353287935879,-0.004012073708665754,200.29339599609375,199.96404805853098,198.56524963378905,199.57654394127854,199.6489501953125,199.88395376067155,201.73155914306642,202.97065450572745,0.9999601567159017,1.0086629761189205,1.0031879228690104,0.992831347262692,54.07422090269715,49.81690637541859,48.35081678832697,-0.7310919261180686,-1.1658724922978507,0.4347805661797821,204.0863735446437,195.2115268459813,199.6489501953125,0.04445225827624094,0.5717156561360655,0.4407459974684591,54892410.0,1.3333100149911437,-0.0027783184602787614,0.2852169601044383,0.006290559304443111,-0.26890907073098547,-0.005955301634066323,-0.031359346977387514,0.022484525012509637,1.1327049192967462,1
2025-06-30,0.02034015940234224,0.02013606131101909,0.039625700420964666,0.015642808514617548,201.0244934082031,201.4291163489165,199.43380279541014,200.44612739371652,199.86409606933594,200.31017272914926,201.95376586914062,203.02510934588275,1.0165888219139185,1.0246971680088262,1.0224910674240966,1.0119110780142895,68.78064002792254,56.843034754017424,52.53031893192236,-0.29457677709319796,-0.9916133492569202,0.6970365721637223,204.753858109929,194.97433402874287,199.86409606933594,0.04893086989367751,0.9596498585242349,0.2558349251112879,58938960.0,1.5594574454656138,0.0003979213278819671,0.4407459974684591,-0.0027783184602787614,0.2852169601044383,0.006290559304443111,-0.26890907073098547,0.0024875227541492073,-0.4234863939429935,1
2025-07-01,0.01291618357444646,0.01283348104812217,0.019488032475330607,0.005564470728515505,202.52254943847657,203.28567575116568,200.37008972167968,201.6375214231615,200.16888732910155,200.9471843316745,202.1748486328125,203.1809401384232,1.02210245293474,1.0330823070608586,1.03412072334365,1.0238602672660473,74.86484234105907,60.683976791456004,55.007270804354974,0.2613409967460143,-0.7410224800563333,1.0023634768023477,205.95707486240698,194.38069979579612,200.16888732910155,0.05783303899560536,1.089986691625227,-0.14278642365372396,62515780.0,1.260304198395989,0.02034015940234224,0.2558349251112879,0.0003979213278819671,0.4407459974684591,-0.0027783184602787614,0.2852169601044383,-0.005955301634066323,-0.031359346977387514,1
2025-07-02,0.02223078455769123,0.021987282881436514,0.024477484882709018,0.016897222332188048,204.68995056152343,206.05729722115473,202.04345245361327,203.4489793755199,200.62557525634764,201.96178964876577,202.56396423339845,203.51112053147065,1.0337612549157966,1.0473021401656841,1.0547037180616778,1.044610974918136,81.99987603312135,66.31294366260454,58.93017330759783,1.0610016827059212,-0.38061764750388244,1.4416193302098037,208.2248734563537,193.0262770563416,200.62557525634764,0.07575602652150512,1.2221038453772242,-0.137672946316042,65424340.0,1.0384789514116612,0.01291618357444646,-0.14278642365372396,0.02034015940234224,0.2558349251112879,0.0003979213278819671,0.4407459974684591,0.006290559304443111,-0.26890907073098547,1
2025-07-03,0.005225040243511225,0.005211437084864038,0.013298975871249627,0.006599147751833394,207.19003295898438,208.27358531377766,203.73374786376954,205.1321033979751,201.15995559692382,202.98506315831412,202.8442840576172,203.87171037333547,1.0266235226726907,1.0440398987862014,1.0573981330818916,1.0486179706133845,83.32656775344257,67.51629690129182,59.8140915003625,1.7636229914497505,0.048230480286844124,1.7153925111629065,210.401552763716,191.91835843013163,201.15995559692382,0.0918830702598695,1.1246867123568516,-0.48550376940263573,64380450.0,0.5429567516225811,0.02223078455769123,-0.137672946316042,0.01291618357444646,-0.14278642365372396,0.02034015940234224,0.2558349251112879,-0.0027783184602787614,0.2852169601044383,0
2025-07-07,-0.016857926854769723,-0.01700163912053269,0.035389344052302714,-0.012836166172437229,208.95702514648437,208.55584907148983,204.62521057128907,205.85724397778216,201.6241142272949,203.5693787229427,202.95619903564454,204.0775404209268,1.000781746583132,1.0219678015386033,1.0371793938852396,1.0303719599625873,65.15583467746931,60.027028110588795,55.72956271914304,2.0079659840414763,0.4401775810377706,1.5677884030037057,211.46632288978333,191.7819055648065,201.6241142272949,0.09762928110268693,0.8808221618075237,0.43692892166679065,59722000.0,0.8410468504068852,0.005225040243511225,-0.48550376940263573,0.02223078455769123,-0.137672946316042,0.01291618357444646,-0.14278642365372396,0.0003979213278819671,0.4407459974684591,1
2025-07-08,0.0002856639805011163,0.0002856231863150066,0.014189780512765367,-0.0004284226276287036,209.92119750976562,208.76393762969116,205.47284545898438,206.46140229929335,201.92741012573242,204.10373453467136,202.9943054199219,204.2776413748549,0.996469709717441,1.0180426239721754,1.0359173854398733,1.0304728219512151,65.30289536126133,60.10642181725354,55.78238178240631,2.1812854355616764,0.7883991519425517,1.3928862836191247,212.29445779200424,191.5603624594606,201.92741012573242,0.10268093529072309,0.8497960486840096,-0.14692906488283664,58425460.0,0.733394311315649,-0.016857926854769723,0.43692892166679065,0.005225040243511225,-0.48550376940263573,0.02223078455769123,-0.137672946316042,0.02034015940234224,0.2558349251112879,1
2025-07-09,0.005380766320796981,0.005366341718172793,0.01946576026443366,0.007683866843560786,210.58257141113282,209.27784644062746,206.55256042480468,207.16035898351274,202.40999526977538,204.69439448970266,203.0368182373047,204.51403442142924,0.9986850414695896,1.0181702111558266,1.0390082949322792,1.0358006291090498,68.24859800328097,61.65189312090722,56.80201130438442,2.3820064848071922,1.1071206185154798,1.2748858662917124,213.37625338240883,191.44373715714192,202.40999526977538,0.10835688324598244,0.8599983108015932,0.13770481856010308,57894000.0,0.8420458078557364,0.0002856639805011163,-0.14692906488283664,-0.016857926854769723,0.43692892166679065,0.005225040243511225,-0.48550376940263573,0.01291618357444646,-0.14278642365372396,1
2025-07-10,0.00601505145040937,0.0059970332459500465,0.016242158508364142,0.009025743218152645,210.57659606933595,210.04211877780114,207.63327331542968,207.96223252326467,202.89507141113282,205.34927724803083,203.08752166748047,204.79076497165354,1.0047206926190657,1.0189631944526405,1.0427590082926952,1.0417708666441732,71.42907689659963,63.36945278161697,57.94637886936396,2.61303282530136,1.4083030598726558,1.2047297654287044,214.55880516587,191.23133765639562,202.89507141113282,0.11497306143137005,0.8719045814764098,-0.08832518964335967,58385790.0,0.7612057659920334,0.005380766320796981,0.13770481856010308,0.0002856639805011163,-0.14692906488283664,-0.016857926854769723,0.43692892166679065,0.02223078455769123,-0.137672946316042,0
2025-07-11,-0.005884896283904761,-0.005902280522554529,0.010750162119211225,0.0028019011130213096,210.10048217773436,210.1366098655393,208.64525756835937,208.39193425376484,203.51162567138672,205.82321199021985,203.09203582763672,205.00781701358932,1.0010714390607196,1.008053547405005,1.0334819514469975,1.035617133797989,64.06069705004171,60.49739479553785,56.40222181448329,2.6649362806374484,1.6596297040256145,1.0053065766118339,215.37592292040821,191.64732842236523,203.51162567138672,0.11659576901202635,0.7871626623393511,-0.10525249979749618,57282460.0,0.6942055212014289,0.00601505145040937,-0.08832518964335967,0.005380766320796981,0.13770481856010308,0.0002856639805011163,-0.14692906488283664,0.005225040243511225,-0.48550376940263573,0
2025-07-14,-0.012028890521389557,-0.01210182308021833,0.016153822523500436,-0.0062401638846190715,209.8355285644531,209.35627608386216,209.39627685546876,208.28351139317266,203.98076324462892,206.01105927881872,203.02028625488282,205.11714217072338,0.9902784811614077,0.9923557937180241,1.0187019854970532,1.023521404455266,51.47299096206755,55.038691810022556,53.3679239768195,2.4734096895282107,1.822385701126134,0.6510239884020768,215.74308455011985,192.218441939138,203.98076324462892,0.11532775069955667,0.6621637930472973,-0.02327879735853422,53847610.0,0.7212966369352326,-0.005884896283904761,-0.10525249979749618,0.00601505145040937,-0.08832518964335967,0.005380766320796981,0.13770481856010308,-0.016857926854769723,0.43692892166679065,1
2025-07-15,0.0023488604461725515,0.002346106185547501,0.014203056821932349,-0.0005257652696194602,209.65624389648437,208.99874785799145,209.788720703125,208.28354412282306,204.61126174926758,206.2275004338122,202.9419842529297,205.2413205721166,0.9934533192776646,0.9928259760971383,1.0179483261360396,1.0263213507692073,53.52825032397454,55.86603614443406,53.8706192555642,2.334101625390417,1.9247288859789906,0.4093727394114266,215.8657603191653,193.35676317936986,204.61126174926758,0.11000859360018102,0.6631538550640107,0.08898535276685693,48885960.0,0.8652034244597018,-0.012028890521389557,-0.02327879735853422,-0.005884896283904761,-0.10525249979749618,0.00601505145040937,-0.08832518964335967,0.0002856639805011163,-0.14692906488283664,1
2025-07-16,0.005021289252517214,0.005008724622513407,0.01789110411741896,-0.0006657127323672892,209.46101989746094,209.1090132611219,210.02179565429688,208.47372593092484,205.1959426879883,206.52293316081892,203.04316131591796,205.40164306212702,0.9993723136164309,0.9967039059695807,1.0201446545445583,1.0309608199100277,57.97751792396736,57.66375313344763,54.9629550577148,2.2817875238868908,1.9961406135605708,0.28564691032631995,216.15120191497107,194.24068346100552,205.1959426879883,0.10677851699671127,0.688658309846903,0.12280506805559832,45756120.0,1.0379048748014472,0.0023488604461725515,0.08898535276685693,-0.012028890521389557,-0.02327879735853422,-0.005884896283904761,-0.10525249979749618,0.005380766320796981,0.13770481856010308,0
2025-07-17,-0.0006661019354642361,-0.0006663238799223456,0.010522839105365032,-0.002611972420701709,208.9849090576172,209.13604525839116,209.78075256347657,208.60397744401664,205.91210250854493,206.77694993149612,203.27007080078124,205.55021036372713,1.0009818900141538,0.9971844732973386,1.0159194467175563,1.0291240044775234,57.12679744424541,57.32847580778961,54.78136110636418,2.2036744104575234,2.0376473729399613,0.1660270375175621,215.90305176139722,195.92115325569264,205.91210250854493,0.09704091339106874,0.6640488136524627,0.012162432486497288,43768750.0,1.0982287591032414,0.005021289252517214,0.12280506805559832,0.0023488604461725515,0.08898535276685693,-0.012028890521389557,-0.02327879735853422,0.00601505145040937,-0.08832518964335967,1
2025-07-18,0.005523184207602894,0.005507987356699294,0.00989675352957964,0.0014700885179111767,208.9888916015625,209.5391984258415,209.54468688964843,208.92061877433036,206.63921737670898,207.11681229618623,203.52764862060548,205.7382611243944,1.006491317068498,1.0038217044916795,1.0179360308807042,1.0334984272964596,62.4529041340172,59.43329662064869,56.04490201563952,2.2095298816365982,2.0720238746792887,0.13750600695730952,215.6501741449788,197.62826060843918,206.63921737670898,0.08721439117573297,0.7056544870509265,0.01885866094145605,45170630.0,1.0842133483637488,-0.0006661019354642361,0.012162432486497288,0.005021289252517214,0.12280506805559832,0.0023488604461725515,0.08898535276685693,-0.005884896283904761,-0.10525249979749618,1
2025-07-21,0.00615594851958301,0.006137078072563709,0.019531221667595716,0.0017915587604366823,209.75784606933593,210.23959257035267,209.79668731689452,209.4151209716112,207.2109489440918,207.54762834982324,203.85608581542968,205.969716800276,1.0089748003486687,1.0087880012123147,1.0213764375765604,1.038185247267983,67.6994989385714,61.71266408838189,57.44422249556408,2.2922326332303555,2.116065626389502,0.17616700684085362,215.963906125591,198.4579917625926,207.2109489440918,0.08448353936992836,0.7530248819590669,0.04906216691917842,45285470.0,1.1345228392241484,0.005523184207602894,0.01885866094145605,-0.0006661019354642361,0.012162432486497288,0.005021289252517214,0.12280506805559832,-0.012028890521389557,-0.02327879735853422,1
2025-07-22,0.009036079429770583,0.008995498343452922,0.01268657321891707,0.005911581638566643,210.81166381835936,211.34398843069084,210.23395385742188,210.16742264065775,207.85339965820313,208.1195475690179,204.19810119628906,206.26709183365213,1.0130026787102713,1.01578634770003,1.0274201937641443,1.0458117822853101,73.96732713270208,64.85360958933592,59.44628767663308,2.4834619959971462,2.1895449003110308,0.29391709568611546,216.48696010792716,199.2198392084791,207.85339965820313,0.0830735553416126,0.8300712681838138,-0.09679937092963053,45640990.0,1.0167198388992,0.00615594851958301,0.04906216691917842,0.005523184207602894,0.01885866094145605,-0.0006661019354642361,0.012162432486497288,0.0023488604461725515,0.08898535276685693,0
2025-07-23,-0.001165954944465697,-0.0011666351987472624,0.012794724783879616,-0.003953516760537832,211.60651245117188,211.99725469760904,210.5337661743164,210.73767074807364,208.54316329956055,208.61328467972527,204.51444610595703,206.54304067278127,1.0080209004940954,1.0131571343992174,1.0228280028774974,1.042976627288884,71.84951762085413,64.11610371740781,59.06639765097118,2.585121326535784,2.268660185555982,0.3164611409798024,216.58363551671442,200.50269108240667,208.54316329956055,0.07711086846423433,0.7960413146959362,0.012610954635474014,45464980.0,1.0335273434630345,0.009036079429770583,-0.09679937092963053,0.00615594851958301,0.04906216691917842,0.005523184207602894,0.01885866094145605,0.005021289252517214,0.12280506805559832,0
2025-07-24,-0.001821293351485176,-0.0018229539227858852,0.010104807810707111,-0.000654508619183026,212.35155029296874,212.3032692857107,210.66822967529296,211.13360305968098,209.15075149536133,209.02300027802897,204.57361114501953,206.7929331351002,1.0026547871591591,1.0106663866216778,1.0179992036348777,1.0407759694430052,68.29038017542567,62.913965121736524,58.4544259753844,2.6043183209662857,2.3357918126380426,0.2685265083282431,216.55960621648623,201.74189677423644,209.15075149536133,0.070847029409686,0.7540572806630195,-0.02057276869414948,45622880.0,1.0087613934061155,-0.001165954944465697,0.012610954635474014,0.009036079429770583,-0.09679937092963053,0.00615594851958301,0.04906216691917842,-0.0006661019354642361,0.012162432486497288,1
2025-07-25,0.0005615031572101525,0.0005613455732988572,0.008603008952088998,-0.0038192458178160477,212.88941955566406,212.5471298818801,210.93915557861328,211.47928451686965,209.79220657348634,209.40508130623752,204.59253631591798,207.03771423075193,1.0006831317350493,1.0099350710391197,1.0154564583389163,1.041264040762781,68.84447409032524,63.14298483373915,58.593048560799524,2.5992168204792563,2.3884768142062853,0.21074000627297096,216.13727581029914,203.44713733667353,209.79220657348634,0.06048908432249359,0.7555247531358086,-0.1250211852437716,45673180.0,0.8816727891510948,-0.001821293351485176,-0.02057276869414948,-0.001165954944465697,0.012610954635474014,0.009036079429770583,-0.09679937092963053,0.005523184207602894,0.01885866094145605,1
2025-07-28,0.000794902994330382,0.0007945872262707551,0.008362571919651101,9.346480668615509e-05,213.20218200683593,212.76615095966486,211.48001403808593,211.79290426202687,210.43814544677736,209.76690147852293,204.62680084228515,207.27953693210418,1.0000094328696805,1.0081529173571833,1.0131442313492378,1.041917247582638,69.71888725026632,63.48693941831606,58.79751763544668,2.579107980686075,2.426603047502243,0.15250493318383196,215.21762985466538,205.65866103888933,210.43814544677736,0.045424125913491445,0.7893667425603438,-0.059867689129052715,45574970.0,0.8306752588098247,0.0005615031572101525,-0.1250211852437716,-0.001821293351485176,-0.02057276869414948,-0.001165954944465697,0.012610954635474014,0.00615594851958301,0.04906216691917842,0
2025-07-29,-0.012987750983177726,-0.013072829274272894,0.018885739355736324,-0.013586649093435023,212.5786560058594,211.98915068860472,211.69515991210938,211.54603987738278,210.7419403076172,209.83054420880498,204.62321502685546,207.40328646992302,0.989916645915214,0.9940479991788753,0.9985442377502788,1.0284031072372024,45.40709371049038,54.52634329112458,54.20210287495197,2.3130693311394452,2.4038963042296837,-0.09082697309023846,214.625716933899,206.85816368133538,210.7419403076172,0.03685812724902047,0.460503629501147,0.3580141581700036,46486510.0,1.1059488010607808,0.000794902994330382,-0.059867689129052715,0.0005615031572101525,-0.1250211852437716,-0.001821293351485176,-0.02057276869414948,0.009036079429770583,-0.09679937092963053,0
2025-07-30,-0.010507880529716407,-0.010563478124557005,0.02233914422756112,-0.013449697625375236,211.56268310546875,210.7340747022339,211.5845977783203,210.94201857776628,210.8031967163086,209.67753263934662,204.579189453125,207.43546828402378,0.9842185761356027,0.9841166366355781,0.9877645404481815,1.0178157577323002,34.27272316589996,48.62439837387204,50.868544606489735,1.9018805173911062,2.3034931468619684,-0.4016126294708622,214.48213215650136,207.12426127611585,210.8031967163086,0.03490398150976561,0.14945375792171073,-0.11474430917475986,46288710.0,0.9832311161836224,-0.012987750983177726,0.3580141581700036,0.000794902994330382,-0.059867689129052715,0.0005615031572101525,-0.1250211852437716,-0.001165954944465697,0.012610954635474014,0
2025-07-31,-0.007079572477626139,-0.0071047515593244985,0.012911271287836843,-0.004412672764668695,210.32958068847657,209.405978593807,211.34056549072267,210.17979454125478,210.5606590270996,209.39869966197583,204.55508514404298,207.408578797472,0.9829800720383428,0.9782778138067816,0.9819013073583892,1.0107291453124458,28.783227037518117,45.11825252445869,48.768980516124145,1.4404552646234379,2.130885570414262,-0.6904303057908243,214.61752279266983,206.50379526152938,210.5606590270996,0.03853391971999955,0.030317892051419756,0.77310409228234,49551740.0,1.6285684417943749,-0.010507880529716407,-0.11474430917475986,-0.012987750983177726,0.3580141581700036,0.000794902994330382,-0.059867689129052715,-0.001821293351485176,-0.02057276869414948,0
2025-08-01,-0.02500355362250295,-0.025321452731960625,0.0596897002648536,-0.040261727277305766,208.038671875,206.79742139815,210.46404571533202,208.61625135317863,210.00436630249024,208.6540908376768,204.46583953857422,207.18001911940783,0.9689559406914279,0.9577897560683025,0.959886265966869,0.9858874590579523,17.388531641169294,35.461577399950684,42.33502448387073,0.6501441878915841,1.8347372939097266,-1.1845931060181425,215.52061553006754,204.48811707491294,210.00436630249024,0.05253461463398052,-0.26356768413762244,0.29413346485184344,55097730.0,1.8954410644503865,-0.007079572477626139,0.77310409228234,-0.010507880529716407,-0.11474430917475986,-0.012987750983177726,0.3580141581700036,0.0005615031572101525,-0.1250211852437716,1
2025-08-04,0.004792908693340925,0.004781459275903073,0.03048936326992342,-0.005672037721762983,205.9071258544922,205.38043526966513,209.55465393066407,207.51265347309075,209.6756706237793,208.07241199720235,204.4909405517578,206.99831103679165,0.9836787443472367,0.9665567393206759,0.965998880128177,0.9904911311287635,23.952902664504848,38.12697401165943,43.79026801251564,0.1006178212569182,1.4879133993791651,-1.387295578122247,216.07603146333136,203.27530978422723,209.6756706237793,0.06105010486444296,-0.05693794379747261,-0.28079992722711367,57470920.0,1.3069096510026288,-0.02500355362250295,0.29413346485184344,-0.007079572477626139,0.77310409228234,-0.010507880529716407,-0.11474430917475986,0.000794902994330382,-0.059867689129052715,0
2025-08-05,-0.002114571362169193,-0.002116810224905518,0.015671164520382377,-0.0023598610714971376,204.2437286376953,204.29301153394343,208.41119232177735,206.5318372166197,209.32257308959962,207.50534076532594,204.52201721191406,206.80693272407433,0.9895929995531672,0.969804749019615,0.9655822641544932,0.9882464822996375,23.00739141390629,37.389781595970426,43.28185288947303,-0.36523571924172415,1.1172835756549873,-1.4825192948967114,216.5225712396737,202.12257493952552,209.32257308959962,0.068793327387507,-0.0003063109832518002,-0.4121220674403836,57246020.0,0.771321744288948,0.004792908693340925,-0.28079992722711367,-0.02500355362250295,0.29413346485184344,-0.007079572477626139,0.77310409228234,-0.012987750983177726,0.3580141581700036,1
2025-08-06,0.050906778309795175,0.0496533898731755,0.04590859810045432,0.03705682505590618,205.08041381835938,206.99779056689982,208.32154846191406,207.60011201956382,209.42765731811522,207.97219865746752,204.88019653320313,207.0265568773582,1.0357271310216032,1.0196129502735787,1.0142277832491398,1.0367392858215534,63.447237470854624,58.26617082466128,56.12979950267621,0.09473119588244572,0.912773099700479,-0.8180419038180333,216.74241480137746,202.11289983485298,209.42765731811522,0.0698547419852127,0.7036766988868366,1.4568645524526045,63395400.0,1.711214062849986,-0.002114571362169193,-0.4121220674403836,0.004792908693340925,-0.28079992722711367,-0.02500355362250295,0.29413346485184344,-0.010507880529716407,-0.11474430917475986,1
2025-08-07,0.031793575553679565,0.03129862336367004,0.019406464101033763,0.005253992465415341,207.56256408691405,211.0520396178421,208.94607238769532,209.7020076014116,209.80715103149413,209.03775475863506,205.27502990722655,207.50239926333344,1.0558770011530403,1.04888565367756,1.044580876496571,1.0676434333916576,73.93172995264149,66.22602304662121,62.05358933908293,0.9927405158517217,0.9287665829307276,0.06397393292099418,218.230743629031,201.38355843395726,209.80715103149413,0.08029843173717566,1.0551898777112896,-0.16830547799611184,67815620.0,1.330442750504972,0.050906778309795175,1.4568645524526045,-0.002114571362169193,-0.4121220674403836,0.004792908693340925,-0.28079992722711367,-0.007079572477626139,0.77310409228234,1
2025-08-08,0.04235793525056386,0.04148539226384542,0.05123174051583288,0.03858173346834978,212.93524780273438,216.84926827387392,210.4869598388672,213.1095926895072,210.71305770874022,210.88594245647337,205.85134399414062,208.32362774657284,1.0728318958144982,1.0853105853246996,1.0841460328562345,1.1097509550019744,82.14507744610361,73.66245988826424,68.2429728300805,2.425534992153814,1.2281202647753449,1.1974147273784692,222.42138255161834,199.0047328658621,210.71305770874022,0.11113051056439072,1.2571820954379485,0.26189251735664687,75174140.0,1.514536780866399,0.031793575553679565,-0.16830547799611184,0.050906778309795175,1.4568645524526045,-0.002114571362169193,-0.4121220674403836,-0.02500355362250295,0.29413346485184344,0
2025-08-11,-0.00833742561094275,-0.008372376345528211,0.02112863459155097,-0.003246777374118415,217.73377380371093,220.07920985510867,211.82044982910156,215.55132002188373,211.65023193359374,212.3767187003881,206.39892822265625,209.03795971798482,1.0404407596490073,1.0694864126686148,1.0703465380026411,1.0975788245043372,76.38440054861637,70.2450492831196,65.9264337086984,3.3685168414427267,1.6561995801088214,1.7123172613339053,225.1395634693509,198.1609003978366,211.65023193359374,0.1274681479204756,1.0518754226077622,-0.45714599399230593,77568950.0,0.7967891791754304,0.04235793525056386,0.26189251735664687,0.031793575553679565,-0.16830547799611184,0.050906778309795175,1.4568645524526045,0.004792908693340925,-0.28079992722711367,1
2025-08-12,0.010872486422021321,0.010813805893867726,0.016242089382420753,0.007192664484710936,223.11056823730468,223.05351864689538,213.6771484375,217.99692296889916,212.6861541748047,213.96009179849102,206.97784423828125,209.82086860082734,1.02640649450051,1.071720293466249,1.076713889152625,1.1064089350879134,78.643943728978,72.0508313977235,67.42777441358959,4.265414707965874,2.178042605680232,2.0873721022856424,228.03608978520265,197.33621856440675,212.6861541748047,0.1443435344435443,1.0314674429191646,-0.09998851246074414,77990400.0,0.7132441941572296,-0.00833742561094275,-0.45714599399230593,0.04235793525056386,0.26189251735664687,0.031793575553679565,-0.16830547799611184,-0.002114571362169193,-0.4121220674403836,1
2025-08-13,0.01602437758714026,0.015897342556576394,0.019586025321885928,0.009780561886878283,227.1634490966797,226.25959674115944,216.12193145751954,220.66507387086065,213.85326461791993,215.74215476336687,207.61321990966798,210.71698171176303,1.0242481959792022,1.0765763167141644,1.0879971991327304,1.1206981570389518,81.68920364166516,74.53084469301518,69.52815678514617,5.212236708080184,2.784881426160222,2.4273552819199615,231.39759137426014,196.30893786157972,213.85326461791993,0.16407817563772722,1.0363126375016611,0.2562155962478112,80427000.0,0.8688437962375819,0.010872486422021321,-0.09998851246074414,-0.00833742561094275,-0.45714599399230593,0.04235793525056386,0.26189251735664687,0.050906778309795175,1.4568645524526045,0
2025-08-14,-0.0023571690519698096,-0.0023599515483424664,0.018343453200720783,-0.005468678085312057,229.7560028076172,228.21416658557766,218.65928344726564,222.7483888533249,214.99992446899415,217.30226443108563,208.20635040283204,211.55644542010228,1.010303554370151,1.0615753541989246,1.0796436642836558,1.1148714043798766,79.70739194824586,73.48139677398919,68.83162340966376,5.850899377172652,3.3980850163627085,2.4528143608099438,234.10369286455875,195.89615607342955,214.99992446899415,0.17770953587771718,0.9481676455362471,-0.25704902080038927,77548790.0,0.6694662805183679,0.01602437758714026,0.2562155962478112,0.010872486422021321,-0.09998851246074414,-0.00833742561094275,-0.45714599399230593,0.031793575553679565,-0.16830547799611184,0
2025-08-15,-0.005112134265439328,-0.00512524592862372,0.021330811000138224,-0.010299160949185331,230.25458984375,229.121664645919,221.59491882324218,224.23716556482975,216.02948226928712,218.60077836780144,208.78471252441406,212.31645386506304,1.0029622468039157,1.0421568418308857,1.0690052965952686,1.1060994743070434,75.10783136401454,71.1471142030353,67.29993037940112,6.18993801612703,3.956455616315573,2.2334823998114572,236.20811448394875,195.85085005462548,216.02948226928712,0.18681368860115466,0.8693803013685687,0.07940473415863614,72709210.0,0.7707235438261535,-0.0023571690519698096,-0.25704902080038927,0.01602437758714026,0.2562155962478112,0.010872486422021321,-0.09998851246074414,0.04235793525056386,0.26189251735664687,0
2025-08-18,-0.0030225974608621975,-0.0030271747343979783,0.013036487135834298,-0.003495889379639044,230.99449768066407,229.49398716466214,224.3641357421875,225.32834131706952,216.9593948364258,219.709145399644,209.39274108886718,213.019284388086,0.9967277771284381,1.0261828675983724,1.061206095157734,1.0995540294514516,72.24671935187615,69.74359856737604,66.38747555313165,6.329342784911262,4.431033050034711,1.898309734876551,237.94142034994806,195.9773693229035,216.9593948364258,0.19341891628469418,0.8164431707788313,-0.33124430081354495,68945900.0,0.5435595155041851,-0.005112134265439328,0.07940473415863614,-0.0023571690519698096,-0.25704902080038927,0.01602437758714026,0.2562155962478112,-0.00833742561094275,-0.45714599399230593,0
2025-08-19,-0.0014292607707683258,-0.0014302831382129908,0.015267128083557947,-0.0031131149451025754,231.1759826660156,229.6325118288503,227.14327545166014,226.16129037891625,217.77723388671876,220.68061356703282,209.92864837646485,213.68164818295426,0.9945218292394211,1.012178593885581,1.0557098051709972,1.0951795428365259,70.76411261888171,69.05202632786981,65.9449037198827,6.3401831012024275,4.8128630602682545,1.527320040934173,239.42879984916485,196.12566792427268,217.77723388671876,0.19884140849826926,0.7801720506394529,0.051403290621781395,68470650.0,0.57546700666636,-0.0030225974608621975,-0.33124430081354495,-0.005112134265439328,0.07940473415863614,-0.0023571690519698096,-0.25704902080038927,0.010872486422021321,-0.09998851246074414,0
2025-08-20,-0.019734587754066668,-0.01993191516264375,0.02079552702303189,-0.017262376269484073,229.7161102294922,228.212471468257,228.43977966308594,226.01785408221699,218.3806640625,221.12744948894118,210.42301696777344,214.1401086756647,0.981090923583538,0.9865724397014409,1.0320162351121402,1.071044384757521,53.201962039874275,60.18991797523847,60.14060045129824,5.914483907729192,5.0331872297604425,0.8812966779687494,240.1721471067798,196.5891810182202,218.3806640625,0.19957337466510436,0.6604233789495486,0.07261703542405828,61848730.0,0.6833430532850068,-0.0014292607707683258,0.051403290621781395,-0.0030225974608621975,-0.33124430081354495,-0.005112134265439328,0.07940473415863614,0.01602437758714026,0.2562155962478112,0
2025-08-21,-0.004911305040181113,-0.004923405133202545,0.01218321728556919,-0.006054759137790361,228.1445526123047,226.89682037499688,228.95027770996094,225.69924755608236,218.94817504882812,221.4263131746112,210.87094451904298,214.53718355852007,0.982997470772752,0.9795380919894794,1.024285852752427,1.063520243151488,49.691939551891714,58.22664972516175,58.814563685824915,5.425259846542076,5.111601753116769,0.3136580934253068,240.7319468934356,197.16440320422063,218.94817504882812,0.19898564434025942,0.6220482655065251,-0.2754762338544242,55888370.0,0.5478993214509567,-0.019734587754066668,0.07261703542405828,-0.0014292607707683258,0.051403290621781395,-0.0030225974608621975,-0.33124430081354495,-0.0023571690519698096,-0.25704902080038927,1
2025-08-22,0.01271681885277487,0.012636639150230075,0.016157326855181325,0.0070300939592479895,227.380712890625,226.97036763606565,228.8176513671875,225.9571047564679,219.65230560302734,221.96832736352474,211.45340362548828,215.03052781733118,0.9988422468683679,0.9925696763391035,1.0339862426423485,1.074078062893033,58.01793556788013,61.69365614796545,61.13303185323307,5.207643820729288,5.130810166639273,0.07683365409001475,241.53616921797953,197.76844198807515,219.65230560302734,0.19925912960369652,0.6705630387422813,0.38720233041161034,48750750.0,0.8713260821628385,-0.004911305040181113,-0.2754762338544242,-0.019734587754066668,0.07261703542405828,-0.0014292607707683258,0.051403290621781395,-0.005112134265439328,0.07940473415863614,0
2025-08-25,-0.0026343069945183872,-0.00263778288690945,0.013514735317513285,0.0030025077154645133,226.6368194580078,226.81996677039794,228.81565856933594,226.05929753512146,220.31805419921875,222.4017404754807,212.01552978515625,215.48106261034025,0.9994808680282988,0.9899635647987022,1.0281461765009803,1.0684083626732597,55.759337550951614,60.558152427683844,60.38426523537203,4.930073160565826,5.090662765424584,-0.1605896048587585,242.18688413399835,198.44922426443915,220.31805419921875,0.19852054353208012,0.6417796667297154,-0.2706048806670779,45668450.0,0.6784355501445747,0.01271681885277487,0.38720233041161034,-0.004911305040181113,-0.2754762338544242,-0.019734587754066668,0.07261703542405828,-0.0030225974608621975,-0.33124430081354495,1
2025-08-26,0.00946463359101557,0.009420124567184027,0.020932375835603544,0.010755068955442482,226.3875244140625,227.43433982609866,228.78175354003906,226.53271360828117,221.22945098876954,222.9980590909111,212.67531707763672,215.99800470160142,1.0100516206859327,0.9994813065259669,1.0336014708507677,1.0751745387266871,61.95162882289984,63.17381272103257,62.129495651251304,4.827445129138596,5.0380192381673865,-0.2105741090287907,242.89316947668783,199.56573250085125,221.22945098876954,0.19584841341054562,0.6715687672196291,0.7614473696950919,45563340.0,1.1977853247808437,-0.0026343069945183872,-0.2706048806670779,0.01271681885277487,0.38720233041161034,-0.004911305040181113,-0.2754762338544242,-0.0014292607707683258,0.051403290621781395,1
2025-08-27,0.005145984855926322,0.005132789525146306,0.011453856248559791,0.008223633602174827,227.2810028076172,228.23615412234705,228.4985565185547,227.13399890038346,222.31024398803712,223.64965181699992,213.31939422607422,216.54081952565014,1.01125822165345,1.0058697359699957,1.0338695086278247,1.0774443812233094,65.08124515822982,64.56287912931899,63.06715044923371,4.785892481294098,4.987593886792729,-0.20170140549863103,243.42050343980006,201.19998453627417,222.31024398803712,0.18991710928893515,0.6783383748554032,-0.42722047233994986,41701440.0,0.7496024118111988,0.00946463359101557,0.7614473696950919,-0.0026343069945183872,-0.2706048806670779,0.01271681885277487,0.38720233041161034,-0.019734587754066668,0.07261703542405828,1
2025-08-28,0.008980745918084176,0.008940658848553532,0.017500891670732488,0.007538299017255144,228.80868225097657,229.45874121665588,228.47661743164062,228.0012564467271,223.5679504394531,224.43577215874026,214.06013427734376,217.14329387387068,1.0135276036024794,1.0150006508856788,1.0372860463650306,1.0833587308919963,70.11238241421692,66.92003865955765,64.67798064640631,4.8634570603528005,4.962766521504744,-0.09930946115194317,243.7990623735047,203.33683850540152,223.5679504394531,0.1809840086137982,0.7060184579323544,0.21802012188294762,40317280.0,0.9443767039839989,0.005145984855926322,-0.42722047233994986,0.00946463359101557,0.7614473696950919,-0.0026343069945183872,-0.2706048806670779,-0.004911305040181113,-0.2754762338544242,0
2025-08-29,-0.001805954775134011,-0.0018075874774794432,0.008658610196044707,-0.0015913084423414539,229.68221130371094,230.1341966183956,228.53146209716797,228.63468389675398,225.06319046020508,225.10713742189597,214.77377227783202,217.70571793457674,1.0078495243838457,1.0129244581800785,1.0285338395343038,1.0778090125568272,67.79999185446485,65.96134017645281,64.08253344668405,4.8353938337561715,4.9372919839550296,-0.10189815019885806,242.8452010721233,207.28117984828685,225.06319046020508,0.1580179377672368,0.6805734205716223,0.03529115134196714,38655250.0,1.019742467064629,0.008980745918084176,0.21802012188294762,0.005145984855926322,-0.42722047233994986,0.00946463359101557,0.7614473696950919,0.01271681885277487,0.38720233041161034,0
2025-09-02,-0.010424763463666054,-0.010479481927209851,0.016890148277009628,0.002050168901649488,230.19276428222656,229.7801077228106,228.4147918701172,228.71418317582427,226.38946380615235,225.48473670853832,215.35109588623047,218.15145173838317,0.9951308880012765,1.0028769505518587,1.0118489000344342,1.063713787891095,55.49592548761274,60.576315376921585,60.701497240338206,4.565798584822687,4.862993304128562,-0.2971947193058746,240.91452122051646,211.86440639178824,226.38946380615235,0.1283191997557033,0.5923392606639727,0.11814787003023963,39315190.0,1.1210832250842486,-0.001805954775134011,0.03529115134196714,0.008980745918084176,0.21802012188294762,0.005145984855926322,-0.42722047233994986,-0.0026343069945183872,-0.2706048806670779,1
2025-09-03,0.03808989840304622,0.037382388318206415,0.018828387093471687,0.005311725775362417,232.01959838867188,232.45249063844926,229.20356140136718,230.36565104744287,228.17341842651368,226.6573576381753,216.09296569824218,218.92187545333783,1.0249015950427434,1.0374937239884796,1.0421777352926513,1.100439598768767,74.79269608441706,70.08572948744896,67.2595702437213,4.998582787872266,4.890111200877303,0.10847158699496262,238.4911538845644,217.85568296846296,228.17341842651368,0.0904376638541153,0.9663735604746291,0.5071331984136347,42017710.0,1.5809476527873603,-0.010424763463666054,0.11814787003023963,-0.001805954775134011,0.03529115134196714,0.008980745918084176,0.21802012188294762,0.00946463359101557,0.7614473696950919,1
2025-09-04,0.005493227438596593,0.005478194691820946,0.013178698888179177,0.005577696993400981,233.87234802246093,234.66950405356255,230.57667541503906,231.9543564722331,229.5082275390625,227.8427074710909,216.88486602783203,219.71331292119865,1.022367684360982,1.0369805638553926,1.0418081018167136,1.1024445147459287,76.56732004816398,71.20553593244597,68.09648421521281,5.3848990507808026,4.989068770858003,0.39583027992279973,238.08193641167477,220.9345186664502,229.5082275390625,0.07471373871468755,1.0595771612550113,-0.28419426806246784,42546260.0,1.1175929447147646,0.03808989840304622,0.5071331984136347,-0.010424763463666054,0.11814787003023963,-0.001805954775134011,0.03529115134196714,0.005145984855926322,-0.42722047233994986,0
2025-09-05,-0.0003752419688486386,-0.00037531238973336324,0.011806924787138299,-0.0012916564941406554,235.29432678222656,236.1176057704089,232.05150451660157,233.2378933325728,230.50089111328126,228.90662192185383,217.6498715209961,220.47019512837133,1.0158077862426216,1.0300032732043842,1.0369322567461858,1.0981573640903552,76.13779351608315,71.00891710846287,67.97117774066106,5.619044831594124,5.115063983005227,0.5039808485888972,238.63865736604967,222.36312486051284,230.50089111328126,0.07060941251432346,1.0230500500013913,0.1539661909508847,44971180.0,1.2201236436313212,0.005493227438596593,-0.28419426806246784,0.03808989840304622,0.5071331984136347,-0.010424763463666054,0.11814787003023963,0.008980745918084176,0.21802012188294762,0
2025-09-08,-0.007551387387481734,-0.007580043466470937,0.016016468304978753,-0.005933966363711975,236.4390899658203,236.48137829355386,233.06065063476564,233.95989878844026,230.93915100097655,229.69731729499574,218.38993499755858,221.1266158425467,1.0032559479658576,1.0177991123502825,1.0271490230724918,1.0861715002685246,67.27988974540993,67.00090491175061,65.42812738914799,5.594478182585789,5.21094682292134,0.38353135966444896,239.51866765036817,222.35963435158493,230.93915100097655,0.07430110149972226,0.8653919326161452,-0.10699575727532518,45623350.0,1.0740004844010798,-0.0003752419688486386,0.1539661909508847,0.005493227438596593,-0.28419426806246784,0.03808989840304622,0.5071331984136347,-0.001805954775134011,0.03529115134196714,0
2025-09-09,-0.01483938605882873,-0.014950591264106123,0.02312779188301464,-0.011181408845925559,237.36248168945312,235.5505483789708,233.77762298583986,233.9106241995974,231.2966407775879,230.07746693831086,219.05800445556642,221.61925398792937,0.98452327801133,0.9996204322941528,1.0103427691996494,1.0667899998934118,53.197768267785925,59.89983678242414,60.772046298224026,5.230675574811585,5.214892573299389,0.015783001512195582,239.7071710487239,222.8861105064519,231.2966407775879,0.07272505335884634,0.6422174164467798,0.3533587077419158,49156430.0,1.3490381624540269,-0.007551387387481734,-0.10699575727532518,-0.0003752419688486386,0.1539661909508847,0.005493227438596593,-0.28419426806246784,-0.010424763463666054,0.11814787003023963,0
2025-09-10,-0.03225954103271722,-0.0327913485579626,0.028528600962301507,-0.023256854724553203,235.03306884765624,232.41709633956128,233.52633361816407,232.499636574351,231.15404357910157,229.70344077854242,219.4938232421875,221.79693784176519,0.9622058434991045,0.9684140917080362,0.9783527415705923,1.0303259969699017,34.93022127645459,48.13386676395951,52.38845287126276,4.284658721447215,5.028845802928954,-0.7441870814817388,239.80851755743146,222.49956960077168,231.15404357910157,0.07488057612427881,0.21090956360325167,0.2582701364269029,52043000.0,1.6033049593605289,-0.01483938605882873,0.3533587077419158,-0.007551387387481734,-0.10699575727532518,-0.0003752419688486386,0.1539661909508847,0.03808989840304622,0.5071331984136347,1
2025-09-11,0.01428643816309294,0.014185348673624379,0.016519597756481014,0.013883964336616556,233.0885772705078,231.4050885590565,233.48046264648437,231.93262501502298,230.98950958251953,229.6727390851619,219.94146881103515,222.0943549067174,0.9840940113158859,0.9824422583287218,0.9930367548406001,1.0429187103188888,44.465270700982444,52.44514747214406,55.171342971303915,3.752383482368998,4.773553338816963,-1.0211698564479645,239.64743258397604,222.33158658106302,230.98950958251953,0.07496377664167057,0.40711186827359913,-0.3982727874133517,53937910.0,0.9308592045928364,-0.03225954103271722,0.2582701364269029,-0.01483938605882873,0.3533587077419158,-0.007551387387481734,-0.10699575727532518,0.005493227438596593,-0.28419426806246784,1
2025-09-12,0.017562958341931223,0.017410511940727482,0.023454479696626063,0.021158738668907922,231.9677520751953,232.07328678188406,233.63103942871095,232.20118105366225,231.05382843017577,230.02863852729305,220.37765167236327,222.53809327223982,1.0062160845179735,0.9990525394155111,1.0101961296783932,1.0591349960228753,54.22343142778559,57.220220112140105,58.35802481537181,3.6139671340777966,4.541636097869129,-0.9276689637913327,239.76344565191368,222.34421120843786,231.05382843017577,0.0753903735844823,0.6352444508975336,0.11184538107017516,55712860.0,1.001998461396525,0.01428643816309294,-0.3982727874133517,-0.03225954103271722,0.2582701364269029,-0.01483938605882873,0.3533587077419158,-0.0003752419688486386,0.1539661909508847,1
2025-09-15,0.01123586030144863,0.011173206896220039,0.013350248005285517,-0.0012658356614253454,231.73241577148437,233.39293846168576,234.08575286865235,232.8977375568671,231.30860748291016,230.6004102695784,220.8441732788086,223.067275568281,1.0185551340993435,1.0083152815956677,1.0204213513270486,1.0687727836192717,59.61308363757925,60.03363890170646,60.28762819603646,3.6735434198573387,4.368017562266772,-0.6944741424094332,240.28368168943518,222.33353327638514,231.30860748291016,0.07760259597938335,0.7631529405597974,-0.23510771314232892,56040970.0,0.7619336353385746,0.017562958341931223,0.11184538107017516,0.01428643816309294,-0.3982727874133517,-0.03225954103271722,0.2582701364269029,-0.007551387387481734,-0.10699575727532518,1
2025-09-16,0.006125890181851501,0.006107203194049533,0.02057524258688081,0.0040897261601195375,232.49026794433593,234.75467544581136,234.92637481689454,233.7305397127208,231.67058334350585,231.25543304524356,221.41132873535156,223.6324078759587,1.0214541516676336,1.0108620183628034,1.0250682067042822,1.0725654860141112,62.45634135786091,61.535587144064586,61.32508665696036,3.793699310192352,4.253153911851888,-0.45945460165953644,241.01999674894344,222.32116993806827,231.67058334350585,0.08071299575893841,0.8105845157718122,0.48528905490696617,57975520.0,1.0939289548416298,0.01123586030144863,-0.23510771314232892,0.017562958341931223,0.11184538107017516,0.01428643816309294,-0.3982727874133517,-0.01483938605882873,0.3533587077419158,1
2025-09-17,0.003527257082143187,0.0035210509004652986,0.009916776105703465,8.37103919268299e-05,234.923388671875,235.94171559668675,234.9782287597656,234.56422265557836,232.0908950805664,231.92784855507156,221.99404235839845,224.20822701409514,1.014440483111287,1.0142037292403123,1.0268209608813401,1.073523385432517,64.16160339839965,62.41675679046189,61.930060514853814,3.911426302112176,4.184808389903946,-0.2733820877917701,241.8334005772271,222.3483895839057,232.0908950805664,0.08395422399727273,0.819471249977981,-0.2666793858826163,55983540.0,0.8307441794498883,0.006125890181851501,0.48528905490696617,0.01123586030144863,-0.23510771314232892,0.017562958341931223,0.11184538107017516,-0.03225954103271722,0.2582701364269029,0
2025-09-18,-0.004644562289381149,-0.004655381783017964,0.01912730350749442,-0.008709406706084213,236.48895874023438,236.3641181777391,234.78876800537108,235.0450773254448,232.68272171020507,232.4308080583832,222.5321075439453,224.71805824255586,1.0030443899091297,1.0103077986014106,1.0194522463738234,1.065953699706008,59.9628493636074,60.446191197339715,60.61450265164582,3.870790364587606,4.122004784840678,-0.2512144202530724,242.15513222025885,223.2103112001513,232.68272171020507,0.08141911389407934,0.7389149849890205,-0.04855938763223533,55653560.0,0.7950901972847739,0.003527257082143187,-0.2666793858826163,0.006125890181851501,0.48528905490696617,0.01123586030144863,-0.23510771314232892,0.01428643816309294,-0.3982727874133517,1
2025-09-19,0.032032924294809195,0.0315305699369118,0.024806502394666547,0.017700967326151947,238.768505859375,239.17855172624013,235.36812896728514,236.8200485068625,233.70981674194337,233.6095328931317,223.19684265136718,225.50587630454356,1.0252919158753033,1.0401043671348937,1.047484535463705,1.096822947471666,73.73079066565067,67.93112682068767,65.84436337198942,4.400989308341337,4.17780168954081,0.2231876188005275,243.7466816431678,223.67295184071895,233.70981674194337,0.08589168432156086,1.052842057281502,2.7004018115417994,66540650.0,2.460770972330448,-0.004644562289381149,-0.04855938763223533,0.003527257082143187,-0.2666793858826163,0.006125890181851501,0.48528905490696617,0.017562958341931223,0.11184538107017516,1
2025-09-22,0.04309567263758818,0.04219290013168558,0.03327093087317722,0.03133299808653676,242.6335693359375,244.57155421886063,237.18299255371093,240.19050499726958,235.12182159423827,235.68077349417644,224.0974819946289,226.6765305358988,1.0524411766392767,1.076626770135194,1.0860649065776002,1.1394932104155542,83.12870777183895,75.00386946396549,71.38401459695552,5.607840256953779,4.4638094030234035,1.1440308539303752,248.45586633632036,221.78777685215618,235.12182159423827,0.1134224348184349,1.2587996741153697,-0.35558469366006007,72192440.0,1.4616128780243471,0.032032924294809195,2.7004018115417994,-0.004644562289381149,-0.04855938763223533,0.003527257082143187,-0.2666793858826163,0.01123586030144863,-0.23510771314232892,0
2025-09-23,-0.006443219116596399,-0.006464066249566687,0.014778110344983024,-0.00566676637236779,245.88038635253906,247.61844764493054,239.1853271484375,242.6490012699606,236.48147506713866,237.39805549445202,225.01581451416016,227.73675422065062,1.0318522687421765,1.0607349435762732,1.0728630410692412,1.1275306806540226,78.04841361410409,72.32488632945098,69.53721400657457,6.3582207642008655,4.842691675258896,1.5155290889419692,251.4721945074011,221.49075562687622,236.48147506713866,0.12678134247941808,1.0747142256445965,-0.4287653031632698,71588570.0,0.8419668111822879,0.04309567263758818,-0.35558469366006007,0.032032924294809195,2.7004018115417994,-0.004644562289381149,-0.04855938763223533,0.006125890181851501,0.48528905490696617,0
2025-09-24,-0.008332388601025364,-0.008367296999735473,0.018627926964882913,-0.011401942042907974,248.5368682861328,248.9450336187558,241.7301284790039,244.27612932385978,237.62823104858398,238.75045073940004,225.88210479736327,228.67249741068025,1.0123174372534098,1.0408227023643826,1.0587892038592253,1.1138474461804428,71.49842698135133,68.91870765403132,67.1919857499211,6.705026879236641,5.215158716054446,1.4898681631821953,253.5322914953299,221.72417060183807,237.62823104858398,0.13385665816360237,0.9391952157312324,-0.29815745115735826,67474860.0,0.6269549873834492,-0.006443219116596399,-0.4287653031632698,0.04309567263758818,-0.35558469366006007,0.032032924294809195,2.7004018115417994,0.003527257082143187,-0.2666793858826163,1
2025-09-25,0.018072939472633998,0.01791156533826258,0.021255914733740156,0.014454359252303099,252.32414855957032,251.34513064818097,244.40655364990235,246.43416484807275,238.94350814819336,240.40710540298397,226.81842041015625,229.74986318700775,1.015143917731516,1.0480296902101243,1.0719911442338466,1.1292968368435117,76.45656259710638,71.97589153822963,69.51408993730512,7.263063660021231,5.624739704847803,1.638323955173428,256.33499713908753,221.55201915729916,238.94350814819336,0.1455698807276902,0.9945469754730146,0.30490004420417116,67974210.0,0.8121035904646777,-0.008332388601025364,-0.29815745115735826,-0.006443219116596399,-0.4287653031632698,0.04309567263758818,-0.35558469366006007,-0.004644562289381149,-0.04855938763223533,0
2025-09-26,-0.005489034797703463,-0.005504154904453376,0.0149534456424618,0.005352225807493755,254.31053161621094,252.47653180093576,246.53951873779297,247.9441956223223,240.08527908325195,241.7720795652184,227.72940490722655,230.72984243875038,1.0016861373672148,1.033259638903462,1.0610368743937522,1.1186053650393641,71.94190929360366,69.69321813122139,67.9525858422615,7.505343213466432,6.000860406571529,1.5044828068949032,258.4493683934045,221.72118977309938,240.08527908325195,0.15297971937533597,0.8989867064927612,-0.1653161745658227,66999420.0,0.6877119234763525,0.018072939472633998,0.30490004420417116,-0.008332388601025364,-0.29815745115735826,-0.006443219116596399,-0.4287653031632698,0.032032924294809195,2.7004018115417994,0
2025-09-29,-0.004031963155504692,-0.0040401134340737705,0.0078214265237979,-0.0005107042899878685,253.9814666748047,252.8884326996473,248.3075180053711,248.9929299631856,241.1966354370117,242.9092371777757,228.59673950195312,231.63111271554726,0.9989399534491267,1.021766221720207,1.0518896088139134,1.1098681243216184,68.49488221019448,67.9966966189534,66.80158276583917,7.527698527657492,6.306228030788722,1.2214704968687702,260.02866975781996,222.36460111620346,241.1966354370117,0.15615503331286076,0.8322954612032974,-0.12910324830769837,66742240.0,0.6012339412042509,-0.005489034797703463,-0.1653161745658227,0.018072939472633998,0.30490004420417116,-0.008332388601025364,-0.29815745115735826,0.04309567263758818,-0.35558469366006007,1
2025-09-30,0.0007860573749713939,0.0007857485936756352,0.011035610512150693,-0.0009024394843767514,254.02135314941407,253.2295107564706,249.95086975097655,249.88724576444588,242.43862228393556,243.95708762466538,229.44216522216797,232.5048599372951,0.999568200555044,1.0158463026077353,1.0473235018335685,1.1066477978197926,68.83316917411099,68.15877548494875,66.91583457144398,7.475336771923139,6.540049779015606,0.9352869929075336,261.1845044850738,223.69274008279734,242.43862228393556,0.15464435513235758,0.8060150614166616,-0.06039219790817818,64170560.0,0.5875638298933342,-0.004031963155504692,-0.12910324830769837,-0.005489034797703463,-0.1653161745658227,0.018072939472633998,0.30490004420417116,-0.006443219116596399,-0.4287653031632698,1
2025-10-01,0.0032203038937570483,0.0032151298202565005,0.015110651459208087,0.0016076053674036338,254.6475799560547,253.72945370418353,251.59222412109375,250.7676264617483,243.28522644042968,244.98301638418386,230.2656964111328,233.37640815934665,1.0003210697842437,1.0124690478391165,1.0470399017919072,1.1062409363173116,70.355733033012,68.85521822140123,67.39883988011661,7.414351035487641,6.714910030310014,0.6994410051776274,262.63580876268236,223.934644118177,243.28522644042968,0.1590773316191546,0.795704619339007,0.2919985253671331,64391150.0,0.7565309829068125,0.0007860573749713939,-0.06039219790817818,-0.004031963155504692,-0.12910324830769837,-0.005489034797703463,-0.1653161745658227,-0.008332388601025364,-0.29815745115735826,1
2025-10-02,0.006576637201686664,0.006555105475919997,0.015673000827474626,0.002143652425486244,254.69943542480468,254.62116981971613,253.5117919921875,251.79253111429975,244.1502799987793,246.07078644766932,231.12771270751952,234.27947458646173,1.0066948190251486,1.0114109487210081,1.0501917181993943,1.109363299827435,73.45536263728539,70.28905634093037,68.39156132625277,7.415715328852571,6.855071090018526,0.5606442388340449,264.2096432317046,224.09091676585396,244.1502799987793,0.16431980526932521,0.8054514221041622,-0.12488632607941474,64229210.0,0.663719824671672,0.0032203038937570483,0.2919985253671331,0.0007860573749713939,-0.06039219790817818,-0.004031963155504692,-0.12910324830769837,0.018072939472633998,0.30490004420417116,1
2025-10-03,0.0034612549164674267,0.0034552785601604428,0.020502261496695443,0.013154242230387124,255.2099853515625,255.51147445988892,254.76025848388673,252.79244977356058,245.06419372558594,247.1394814279136,232.01524841308594,235.181929847394,1.0081583735283857,1.0099380698991864,1.049896681472532,1.1089447159186059,75.0666501865531,71.049440433344,68.91802546754451,7.4030709033956725,6.964671052693956,0.4383998507017166,265.75964817290657,224.3687392782653,245.06419372558594,0.16889823137928223,0.7954245350295157,0.15306988942111466,52770640.0,0.9314952405352673,0.006576637201686664,-0.12488632607941474,0.0032203038937570483,0.2919985253671331,0.0007860573749713939,-0.06039219790817818,-0.005489034797703463,-0.1653161745658227,0
2025-10-06,-0.00515452178741016,-0.00516785216237478,0.01566093043837415,-0.005038907873083532,255.66071166992188,255.662938336215,254.8210891723633,253.36943455816177,246.0020408630371,247.9800894908616,232.8738687133789,235.99698617058903,1.0011935913694057,1.004492473210212,1.0405030185557587,1.0991609642725089,67.88278612798646,68.23890719415078,67.16277504873847,7.203003681593657,7.012337578473896,0.19066610311976095,266.8877259910109,225.11635573506334,246.0020408630371,0.16980090941279616,0.7385324006557193,-0.09137310906590501,46685310.0,0.95670565323439,0.0034612549164674267,0.15306988942111466,0.006576637201686664,-0.12488632607941474,0.0032203038937570483,0.2919985253671331,-0.004031963155504692,-0.12910324830769837,0
2025-10-07,-0.0008181232298413166,-0.0008184580752932713,0.007680915222699894,-0.0012849444157264317,256.0296691894531,255.69411038006783,255.0255111694336,253.80343817809114,247.10541915893555,248.7206956791389,233.7249139404297,236.77186728028255,0.9989328786677552,1.002866157565916,1.0350094924598705,1.0942626960725248,66.70676875355511,67.78295509355641,66.88036498581756,6.9474651456604875,6.999363091911214,-0.05189794625072697,267.60051714811596,226.61032116975514,247.10541915893555,0.16588141254804437,0.7110513283079902,-0.28453052899308395,43853370.0,0.7286965631147617,-0.00515452178741016,-0.09137310906590501,0.0034612549164674267,0.15306988942111466,0.006576637201686664,-0.12488632607941474,0.0007860573749713939,-0.06039219790817818,1
2025-10-08,0.0061602189096221505,0.0061413223261340645,0.009338927710259121,0.006003464099789077,256.5501953125,256.24006365832645,255.59888763427733,254.4449894575007,248.6645080566406,249.54081706349177,234.66285034179688,237.57814582673592,1.0030472590418085,1.0067804777892704,1.0348560485207197,1.0966029341245462,71.10119976841608,69.43751491893288,67.94513724012538,6.793765666896064,6.9582436069081846,-0.16447794001212035,267.19605335786105,230.13296275542018,248.6645080566406,0.14904857509459557,0.7338569724574541,0.1421056584407212,43272690.0,0.8434164827747016,-0.0008181232298413166,-0.28453052899308395,-0.00515452178741016,-0.09137310906590501,0.0034612549164674267,0.15306988942111466,0.0032203038937570483,0.2919985253671331,0
2025-10-09,-0.015577803989301087,-0.015700412963745435,0.019130848444314164,-0.014623188814095918,255.933935546875,255.26781017976973,255.31668548583986,254.24104650571078,249.8616195678711,249.90105384055508,235.56483795166017,238.1956029795171,0.9897995851209008,0.992192510805197,1.0138544033324208,1.0753867403361799,51.0855796163799,60.871606077731236,62.570976552612414,6.276144313309061,6.82182374818836,-0.5456794348792995,266.2218325346353,233.50140660110685,249.8616195678711,0.13095418972356604,0.6057958005136477,0.05000698689477745,41584680.0,0.9215412983820003,0.0061602189096221505,0.1421056584407212,-0.0008181232298413166,-0.28453052899308395,-0.00515452178741016,-0.09137310906590501,0.006576637201686664,-0.12488632607941474,0
2025-10-10,-0.03452204809648307,-0.03513201331059678,0.050475005777958964,-0.037930485903905235,253.39113159179686,251.70456144146107,254.3005584716797,252.4841405891895,250.42003860473633,249.39410242382067,236.32140350341797,238.445895567177,0.96521951036096,0.9617677028895762,0.9766712972634208,1.0349382677109327,29.76163880524159,47.19369785205203,52.97322140553557,5.1014515819460655,6.477749314939901,-1.3762977329938355,265.180092504629,235.65998470484368,250.42003860473633,0.11788237061323964,0.3021018527603388,0.6178461458170241,43176960.0,1.4359301812818688,-0.015577803989301087,0.05000698689477745,0.0061602189096221505,0.1421056584407212,-0.0008181232298413166,-0.28453052899308395,0.0034612549164674267,0.15306988942111466,1
2025-10-13,0.009744415443628807,0.009697244813388845,0.016676107654618324,-0.006897109579861344,251.59022521972656,250.1234857038126,253.6254684448242,251.4799939781579,250.96649322509765,249.162410214744,237.22902404785157,238.7798343382099,0.9816014672781175,0.9737245070174869,0.9840410608399836,1.041024955608724,37.991102625883265,50.46064109023441,54.95054248563449,4.313090499126133,6.044817551777148,-1.7317270526510145,264.29524142045875,237.63774502973655,250.96649322509765,0.10621934445572571,0.3497548705295532,-0.3847830049145875,42978480.0,0.887488343003289,-0.03452204809648307,0.6178461458170241,-0.015577803989301087,0.05000698689477745,0.0061602189096221505,0.1421056584407212,-0.00515452178741016,-0.09137310906590501,1
2025-10-14,0.0004441188177246591,0.00044402022615236544,0.01674944135170563,0.004744518004813727,249.85313720703124,249.1059952706407,252.9414031982422,250.67836132836496,251.44613647460938,248.9632296613681,238.11951507568358,239.10497865452703,0.9888649675011723,0.9767915069667562,0.9826001618809749,1.0375924641278065,38.378743312684406,50.61207256809226,55.04188735943554,3.6550260693537098,5.566859255292461,-1.9118331859387512,263.42040744047017,239.47186550874858,251.44613647460938,0.09524322889781159,0.317311547283915,-0.06986621363346779,42755850.0,0.8297811878374538,0.009744415443628807,-0.3847830049145875,-0.03452204809648307,0.6178461458170241,-0.015577803989301087,0.05000698689477745,-0.0008181232298413166,-0.28453052899308395,1
2025-10-15,0.006336506208048043,0.006316514957929752,0.01744608232696344,-0.0006012631847794257,248.1140594482422,248.9495239873933,252.3321273803711,250.30712861791648,251.96217575073243,248.9321203051329,239.04988342285156,239.4787669983063,1.0021059748642147,0.9853544374319727,0.9868012160161531,1.040103336846599,44.188880588942695,52.82859825779999,56.367858191829804,3.2226843428580594,5.098024272805581,-1.875339929947522,262.42236361790594,241.5019878835589,251.96217575073243,0.08302982648889203,0.3410356309053266,-0.04465866170584587,41273820.0,0.8211888310798467,0.0004441188177246591,-0.06986621363346779,0.009744415443628807,-0.3847830049145875,-0.03452204809648307,0.6178461458170241,0.0061602189096221505,0.1421056584407212,0
2025-10-16,-0.007580035333075941,-0.007608909806463546,0.015801125284063536,-0.003222570198420132,246.7997802734375,248.21698510780647,251.36685791015626,249.66072475077397,252.43932495117187,248.72448097594244,239.73677459716797,239.7639881885152,0.9998060252535409,0.9816405766460552,0.9774701599933404,1.0292618133502982,39.02149227171351,49.92384485576477,54.34197136218937,2.6968849520284834,4.617796408650162,-1.9209114566216785,260.82994666849106,244.04870323385265,252.43932495117187,0.06647634411906436,0.16108485198423617,0.1735843935138197,40988500.0,0.9704429291142638,0.006336506208048043,-0.04465866170584587,0.0004441188177246591,-0.06986621363346779,0.009744415443628807,-0.3847830049145875,-0.015577803989301087,0.05000698689477745,1
2025-10-17,0.01955948293789933,0.019370654536732482,0.02421816470311579,0.017216308927166697,248.19981689453124,249.33740576197516,250.79547424316405,250.00936517250824,252.7778663635254,248.9962682230253,240.3851287841797,240.22729245838963,1.0136117351658518,1.0031211600987244,0.9952542550086735,1.0465632726231666,54.8096707295548,56.51743109963932,58.3655070614435,2.63920728798513,4.222078584517155,-1.5828712965320255,260.4226805827141,245.13305214433663,252.7778663635254,0.06048642097638858,0.4215403240145594,0.23556326520350956,40987640.0,1.1990687924457226,-0.007580035333075941,0.1735843935138197,0.006336506208048043,-0.04465866170584587,0.0004441188177246591,-0.06986621363346779,-0.03452204809648307,0.6178461458170241,1
2025-10-20,0.039438767662544505,0.03868092101339173,0.033366383182747136,0.02481531462688113,251.1075866699219,253.39166487647304,251.34890594482422,252.09860479668288,253.08499755859376,250.1871172594485,241.04625793457032,241.06152346415743,1.0413870268651333,1.040387194535364,1.033250432179121,1.0848547716366144,72.1216721734018,66.33200040528882,65.01952849730614,3.3554352715193545,4.0487499219175955,-0.693314650398241,261.56737134197465,244.6026237752129,253.08499755859376,0.06703181828402971,0.9960395380926541,0.8410686308421673,45569530.0,1.985603099263916,0.01955948293789933,0.23556326520350956,-0.007580035333075941,0.1735843935138197,0.006336506208048043,-0.04465866170584587,0.009744415443628807,-0.3847830049145875,1
2025-10-21,0.002021044160246621,0.0020190045980656188,0.01316749293039027,0.003398442470846946,254.09912109375,256.2706720921279,251.97612915039062,253.90407420154733,253.5008201599121,251.31488576078078,241.7560498046875,241.88376515275667,1.0312065834606405,1.0398948797528638,1.0336403896371849,1.0838557576330687,72.769931355804,66.76235100287153,65.32943628890496,3.920503790291349,4.023100695592347,-0.10259690530099785,262.83775008802525,244.163890231799,253.5008201599121,0.07366390311655202,0.9566740046880031,-0.48392626239183056,47043540.0,0.9926102499939418,0.039438767662544505,0.8410686308421673,0.01955948293789933,0.23556326520350956,-0.007580035333075941,0.1735843935138197,0.0004441188177246591,-0.06986621363346779,0
2025-10-22,-0.016440069339527463,-0.01657670690332714,0.028709665611432036,-0.015990793021333195,255.91598815917968,256.7540869774342,252.01502380371093,254.59804557363816,253.80695571899415,251.92498395004424,242.33042541503906,242.50482992119944,1.0070528168320008,1.0226410824966536,1.0154210156217551,1.0635103549488205,59.59264230025333,60.0272667381093,60.725080068677435,3.9749034307192517,4.013461242617728,-0.0385578118984764,263.2748614612747,244.33904997671357,253.80695571899415,0.07460714160066677,0.7066962396749609,-0.03599031178326151,47895380.0,0.9398672690351345,0.002021044160246621,-0.48392626239183056,0.039438767662544505,0.8410686308421673,0.01955948293789933,0.23556326520350956,0.006336506208048043,-0.04465866170584587,1
2025-10-23,0.0043720549878099035,0.0043625253214555244,0.01005464784102647,-0.001384996021233027,258.33514404296875,257.4519535741489,252.5674621582031,255.37070760889998,253.94207382202148,252.58428898028555,242.85394409179688,243.14572626811628,1.0019840224469192,1.0248655331756122,1.0193178423398825,1.0658574549225182,61.70859057674827,61.13178645679961,61.47087806803444,4.062110974712596,4.023191189036702,0.03891978567589405,263.6145301560473,244.2696174879957,253.94207382202148,0.07617844643424358,0.7535867196577382,-0.2723607306849005,47338670.0,0.6919269172539068,-0.016440069339527463,-0.03599031178326151,0.002021044160246621,-0.48392626239183056,0.039438767662544505,0.8410686308421673,-0.007580035333075941,0.1735843935138197,1
2025-10-24,0.012481724364091562,0.012404469824879983,0.018834229012575913,0.006240686349310639,260.435205078125,258.99415313146386,254.31751098632813,256.5903157247534,254.3090347290039,253.48850452941014,243.45304901123046,243.88819003195854,1.006310003931595,1.030517132814275,1.0305514805062634,1.0765055246196735,67.41645121316887,64.18749938212423,63.554517201536626,4.341876969293139,4.086928345087989,0.2549486242051504,264.61102976596044,244.00703969204739,254.3090347290039,0.08101949699061624,0.877088005246465,0.16787717257570622,44964130.0,0.8507603727682488,0.0043720549878099035,-0.2723607306849005,-0.016440069339527463,-0.03599031178326151,0.002021044160246621,-0.48392626239183056,0.01955948293789933,0.23556326520350956,1
2025-10-27,0.022791195406501652,0.022535356074125084,0.01662885034522868,0.014836879354181402,261.74549560546876,262.0133140017051,256.4265411376953,258.6741920915596,255.02600479125977,254.8754694068175,244.19534851074218,244.83577613824204,1.0240926405328634,1.0453349897125108,1.0510756970121118,1.09769345475635,75.34375422009357,69.03437827561692,67.01703559168492,4.9880720648005195,4.267157089030495,0.7209149757700244,266.93295653714904,243.1190530453705,255.02600479125977,0.09337833414780725,1.046975885554616,0.17343420375022545,45638660.0,0.9835564847872396,0.012481724364091562,0.16787717257570622,0.0043720549878099035,-0.2723607306849005,-0.016440069339527463,-0.03599031178326151,0.039438767662544505,0.8410686308421673,1
2025-10-28,0.0007067784700340862,0.0007065288197559364,0.006468478631795936,3.7212409340134795e-05,262.98797607421875,264.0892389568659,258.5435485839844,260.41362786894643,255.7424758911133,256.14838554590034,244.95539764404296,245.75363153937718,1.019974726112521,1.0375083437057917,1.0488718697686954,1.0950609435313696,75.56374862564468,69.17687081267009,67.12106559238866,5.4526192172373555,4.5042495146718675,0.948369702565488,268.9485925102221,242.53635927200443,255.7424758911133,0.1032766776273142,0.9732130321335011,-0.07470560191765319,46244340.0,0.898159645050616,0.022791195406501652,0.17343420375022545,0.012481724364091562,0.16787717257570622,0.0043720549878099035,-0.2723607306849005,0.002021044160246621,-0.48392626239183056,1
2025-10-29,0.0026023570250897077,0.0025989767572192316,0.01594370825332431,0.0015597646674034326,265.23162231445315,265.7058752876502,260.5738052368164,261.96372242899594,256.4529663085938,257.36655339383543,245.73598937988282,246.66286747701804,1.0139784449622302,1.0321035443482116,1.0486879985065183,1.0944231190062528,76.46638039242035,69.72959146111384,67.51743392833296,5.8101281754938725,4.765425246836268,1.0447029286576042,270.84072052101277,242.06521209617478,256.4529663085938,0.11220579289463935,0.9339169774615468,0.2299734198792338,47963650.0,1.0651128510861871,0.0007067784700340862,-0.07470560191765319,0.022791195406501652,0.17343420375022545,0.012481724364091562,0.16787717257570622,-0.016440069339527463,-0.03599031178326151,1
2025-10-30,0.006303249053230431,0.006283466664280875,0.020854840786282972,-0.002169184010713709,267.5889526367188,267.3486963180689,262.96204833984376,263.54019805625234,257.164453125,258.6301519638422,246.64122833251952,247.60292515944505,1.0113808350912077,1.0291764157128374,1.0523784881239358,1.0972793973197355,78.6959047649195,71.08557529502527,68.48615386758794,6.159244365949235,5.044189070658861,1.1150552952903734,272.8234573160826,241.50544893391745,257.164453125,0.1217820270321047,0.9301003144752007,0.36799793292579097,50974600.0,1.3710063443361988,0.0026023570250897077,0.2299734198792338,0.0007067784700340862,-0.07470560191765319,0.022791195406501652,0.17343420375022545,0.0043720549878099035,-0.2723607306849005,0
2025-10-31,-0.0037951562818203666,-0.003802376160255665,0.030180877351321876,-0.023899762989940457,269.0946899414063,268.1015438018897,264.76494750976565,264.64329636775756,257.7802108764648,259.67558880247924,247.54806274414062,248.46583941866413,1.0019047155045555,1.018289019393653,1.045880278601891,1.0891106792792413,73.75660616605775,69.06681653689651,67.21097393864824,6.280643755832216,5.291480007693532,0.9891637481386839,274.35275162394066,241.20767012898898,257.7802108764648,0.1285788439006115,0.8568260314842732,0.2329577243101315,54676610.0,1.5759407907695813,0.006303249053230431,0.36799793292579097,0.0026023570250897077,0.2299734198792338,0.0007067784700340862,-0.07470560191765319,0.012481724364091562,0.16787717257570622,0
2025-11-03,-0.004882115436205092,-0.004894071892846057,0.01709721729129126,-0.005066287873444569,269.14255981445314,268.1646909037338,265.44402770996095,265.30651250224196,258.3964668273926,260.4961027362833,248.371533203125,249.24329611234091,0.9968359715846563,1.0107252644635565,1.0382920029887204,1.080200221206535,67.42907665159035,66.46193697999013,65.56819824481941,6.1991826579844655,5.473020537751719,0.7261621202327468,275.55941898673,241.2335146680552,258.3964668273926,0.13284200337616972,0.7882522245640071,-0.41747372256928683,50647770.0,0.9910525182056387,-0.0037951562818203666,0.2329577243101315,0.006303249053230431,0.36799793292579097,0.0026023570250897077,0.2299734198792338,0.022791195406501652,0.17343420375022545,1
2025-11-04,0.0036796358788213634,0.0036728825801045834,0.014331191655786429,0.006372832177650403,269.3499816894531,268.53586001655174,266.1689788818359,266.02863718223205,259.07255401611326,261.3324927844647,249.2267138671875,250.0289785488055,0.9997334937733601,1.0116813738904258,1.0393929965481388,1.0804547958116777,69.7033661942102,67.45340737877149,66.21844522675994,6.14346594924757,5.60710962005089,0.5363563291966802,276.82155494409943,241.32355308812708,259.07255401611326,0.13701953875733405,0.7874991180484486,-0.01832468034410073,50905660.0,0.9679630909411645,-0.004882115436205092,-0.41747372256928683,-0.0037951562818203666,0.2329577243101315,0.006303249053230431,0.36799793292579097,0.0007067784700340862,-0.07470560191765319,1
2025-11-05,0.00037025250608935245,0.00037018397954444794,0.01765758226324866,0.005696099848531137,269.43773193359374,268.8165397343418,267.3346771240234,266.63759390726653,259.6748504638672,262.09872196403205,250.04101013183595,250.78775974963358,0.999777934726356,1.0076429368156776,1.0373661472750317,1.0773348700994705,69.95058797292253,67.55771742471143,66.2859612650864,6.037755599609227,5.693238815962558,0.34451678364666893,277.95626428369314,241.39343664404126,259.6748504638672,0.1408023440635021,0.7653801506186532,-0.11347991265312085,50772440.0,0.860370311137302,0.0036796358788213634,-0.01832468034410073,-0.004882115436205092,-0.41747372256928683,-0.0037951562818203666,0.2329577243101315,0.0026023570250897077,0.2299734198792338,0
2025-11-06,-0.0013696651457605347,-0.0013706039944364156,0.02042473022367072,0.007017709740699235,269.11265258789064,268.8806737063581,268.3508026123047,267.06874804238,260.4591323852539,262.7568381246376,250.82439331054687,251.50231590260447,0.9996146188724213,1.002452532400422,1.0328259147100682,1.0724991221939462,67.57007418703299,66.70570595126458,65.77515564472777,5.856695260304775,5.725930104831002,0.13076515547377365,278.92819624639924,241.99006852410852,260.4591323852539,0.1418192842155916,0.7314629839773191,0.1721695575634512,52617350.0,0.9731390881524821,0.00037025250608935245,-0.11347991265312085,0.0036796358788213634,-0.01832468034410073,-0.004882115436205092,-0.41747372256928683,0.006303249053230431,0.36799793292579097,0
2025-11-07,-0.004818894404181151,-0.0048305427121975416,0.020561029188181375,-0.004929527918608308,268.7337280273438,268.4913211265044,268.914208984375,267.1858149377285,261.61585998535156,263.228816966748,251.54056732177733,252.1380139443375,0.9962002832021033,0.9955316863987356,1.0233042292687708,1.0642920099020523,59.29817540986718,63.66754336417,63.95692594002614,5.544685307340217,5.689681145332845,-0.14499583799262794,278.81571995346025,244.41600001724288,261.61585998535156,0.131489428577241,0.6772327214509212,-0.05813217717365826,53614720.0,0.8995178935934012,-0.0013696651457605347,0.1721695575634512,0.00037025250608935245,-0.11347991265312085,0.0036796358788213634,-0.01832468034410073,-0.0037951562818203666,0.2329577243101315,1
2025-11-10,0.004548580566314353,0.004538267036518442,0.023271423752718633,0.0017474763371325298,268.8615966796875,268.6376568740498,269.0020782470703,267.5029991979852,262.7143096923828,263.77181805269015,252.28947174072266,252.79653607864353,1.0002556396685205,0.9997332738899372,1.0236607540869633,1.065959377985934,64.11285233733696,65.2678210296738,64.91356049933133,5.334185218938501,5.618581960053976,-0.28439674111547486,278.8002687997216,246.62835058504402,262.7143096923828,0.12245971014044991,0.6932125599499354,-0.14338322198584208,53257140.0,0.775715706851701,-0.004818894404181151,-0.05813217717365826,-0.0013696651457605347,0.1721695575634512,0.00037025250608935245,-0.11347991265312085,-0.004882115436205092,-0.41747372256928683,1
2025-11-11,0.021601262506795837,0.021371261548658933,0.022198059470083853,0.020162345690043798,269.95386962890626,270.6716255787936,269.6519256591797,268.8187380689481,264.09773712158204,264.8163651894131,253.20282440185548,253.657046937845,1.0177278190749912,1.0188674244274893,1.0402950285855728,1.0850572604681734,78.36007082420016,71.67695552434361,69.03089693769496,5.571889789165596,5.6092435258763,-0.03735373671070441,279.2990989180655,248.8963753250986,264.09773712158204,0.1151192127745134,0.8500287016772726,0.11850921273031823,53724490.0,0.8600975086036182,0.004548580566314353,-0.14338322198584208,-0.004818894404181151,-0.05813217717365826,-0.0013696651457605347,0.1721695575634512,0.0036796358788213634,-0.01832468034410073,0
2025-11-12,-0.006466751071293797,-0.006487751089554257,0.01473652964240309,-0.00556363192471586,270.6708679199219,271.43538059419575,270.05429992675784,269.57222035186663,265.3140525817871,265.5922247547071,253.90613708496093,254.4141388471452,1.008467932743158,1.0107703920990372,1.0288293739769212,1.0750543242429087,68.63736854440754,67.57022832255397,66.52401857508669,5.552899394532915,5.597974699607624,-0.04507530507470925,279.20910312074983,251.4190020428244,265.3140525817871,0.10474417320717952,0.7752360641569817,0.047387590541093205,53455620.0,0.9053865617871423,0.021601262506795837,0.11850921273031823,0.004548580566314353,-0.14338322198584208,-0.004818894404181151,-0.05813217717365826,0.00037025250608935245,-0.11347991265312085,0
2025-11-13,-0.001901626573266424,-0.001903436960562969,0.016889597592851354,-0.0042317799661458055,271.35784301757815,271.7715261090211,270.23524780273436,270.09432885855847,266.59864807128906,266.24475736270375,254.5729428100586,255.12118505465605,1.004002000122854,1.0081727655955144,1.0219249764005547,1.0701994254823344,65.85232758644877,66.37371209130592,65.79108003318274,5.433332403879604,5.56504624046202,-0.1317138365824162,277.9003182394418,255.29697790313634,266.59864807128906,0.0847841521321641,0.75859757807541,0.02489359064424157,51427250.0,0.9645236717887891,-0.006466751071293797,0.047387590541093205,0.021601262506795837,0.11850921273031823,0.004548580566314353,-0.14338322198584208,-0.0013696651457605347,0.1721695575634512,0
2025-11-14,-0.001978282909578022,-0.0019802422957864835,0.023347106442725484,0.005017583214869685,272.1962890625,271.81596613648287,270.4650085449219,270.42351382816713,267.61497802734374,266.7838134416278,255.2307635498047,255.77936784433254,0.9989292915340707,1.0053235634961823,1.016030000247685,1.065329439169851,62.76710597079195,65.08497262881708,65.01017854413,5.234741410806578,5.498985274530932,-0.2642438637243547,276.7858395312253,258.4441165234622,267.61497802734374,0.06853772962546599,0.7338857784651328,-0.043777770609723654,47553670.0,0.9974266970351605,-0.001901626573266424,0.02489359064424157,-0.006466751071293797,0.047387590541093205,0.021601262506795837,0.11850921273031823,-0.004818894404181151,-0.05813217717365826,0
2025-11-17,-0.01817127205638569,-0.018338397301833606,0.01779697674463717,-0.005059206279614182,271.8030212402344,270.19864051025945,270.3323089599609,269.7945093608299,267.88816833496094,266.80097304316917,255.82586486816408,256.2179804487827,0.982196548219584,0.9875400771920041,0.9965501310382888,1.0435379135545513,41.81489177103372,54.61586948404063,58.344348285925484,4.625352570695668,5.32425873376388,-0.6989061630682123,276.6296088818597,259.14672778806215,267.88816833496094,0.06526186356964224,0.4471380562396944,-0.05087357926095215,47036040.0,0.9571022560572702,-0.001978282909578022,-0.043777770609723654,-0.001901626573266424,0.02489359064424157,-0.006466751071293797,0.047387590541093205,0.004548580566314353,-0.14338322198584208,0
2025-11-18,-7.47610048428271e-05,-7.47637995860424e-05,0.02015399372440656,-0.009444749380357251,270.24391479492186,269.11377059407926,270.09889221191406,269.27624052462784,268.133935546875,266.81459758779295,256.4909677124023,256.6386098728195,0.9877892383415653,0.9883196061103424,0.9955622745672629,1.0407541175525417,41.749213993516626,54.57767909930352,58.31898545740036,4.0936084703996585,5.0781286810910355,-0.9845202106913771,276.46956692528215,259.7983041684679,268.133935546875,0.062175131703535516,0.4286253955376051,0.01463849145791829,46676290.0,0.9785974849329284,-0.01817127205638569,-0.05087357926095215,-0.001978282909578022,-0.043777770609723654,-0.001901626573266424,0.02489359064424157,0.021601262506795837,0.11850921273031823,1
2025-11-19,0.004187958188325291,0.004179213098975278,0.024985074158761052,0.011411135439409765,269.26373291015625,268.7631741297768,269.96730041503906,269.0554661021813,268.65098876953124,266.93339602716236,257.32920349121093,257.08658521902936,0.9955368972419864,0.992942407428833,0.9978075361975881,1.0417083547624921,47.171668225554896,56.41608270988946,59.35808485696735,3.719530267669427,4.806408998406714,-1.0868787307372871,275.4867928715424,261.8151846675201,268.65098876953124,0.05088984882073447,0.4569174628493176,-0.11499804060222474,46350430.0,0.8721494061651639,-7.47610048428271e-05,0.01463849145791829,-0.01817127205638569,-0.05087357926095215,-0.001978282909578022,-0.043777770609723654,-0.006466751071293797,0.047387590541093205,0
2025-11-20,-0.008601462569680418,-0.008638668653641398,0.03571823191754692,-0.01691092862438092,267.926220703125,267.7608681210231,269.64203186035155,268.45560973878753,268.9964172363281,266.82128746300555,258.0567071533203,257.4265723125386,0.9919008875133061,0.9855891318945097,0.9879546308976828,1.0298366550326505,38.539304297882076,51.76280467931694,56.31763732006694,3.200128758963274,4.485152950518026,-1.2850241915547524,274.35420445043223,263.638630022224,268.9964172363281,0.03983537973590935,0.1976213310335545,0.13356009350764997,45812390.0,1.0002446936298237,0.004187958188325291,-0.11499804060222474,-7.47610048428271e-05,0.01463849145791829,-0.01817127205638569,-0.05087357926095215,-0.001901626573266424,0.02489359064424157,1
2025-11-21,0.019680647235321702,0.01948948732721377,0.02821456930297296,0.02083089969189812,267.7425537109375,268.83608249083835,269.96942138671875,268.91577364636595,269.4418151855469,267.21797544085916,258.8082437133789,257.9583346230457,1.0121159579400798,1.003767426097836,1.0057329484803914,1.0470551762276046,58.59268854747534,59.85222786989898,61.067436814207454,3.1739498804009827,4.222912336494618,-1.0489624560936353,273.81595397111664,265.06767639997713,269.4418151855469,0.032468151111271076,0.6765714487635602,0.2882182979949197,46892730.0,1.2588475868220936,-0.008601462569680418,0.13356009350764997,0.004187958188325291,-0.11499804060222474,-7.47610048428271e-05,0.01463849145791829,-0.001978282909578022,-0.043777770609723654,1
2025-11-24,0.016317581500066458,0.016185880529873065,0.022107878394668316,0.01853089569713401,269.4314270019531,271.02684023152244,270.6172241210937,270.0962431130068,269.80965118408204,267.9980116572431,259.59576599121095,258.64264917558864,1.022183487566557,1.017704459157607,1.0207505717613814,1.060912356029008,68.6740965035145,65.17026060156817,64.49459044077442,3.470008724792933,4.072331614154281,-0.6023228893613481,274.84207388334846,264.7772284848156,269.80965118408204,0.037303503986467604,1.0562633410767253,0.11104372632591808,49320070.0,1.3297994102603665,0.019680647235321702,0.2882182979949197,-0.008601462569680418,0.13356009350764997,0.004187958188325291,-0.11499804060222474,-0.01817127205638569,-0.05087357926095215,1
2025-11-25,0.0038052736187974556,0.0037980518798046425,0.018521879121214512,0.006175799305702175,271.3338928222656,272.8366801087754,270.7889038085938,271.252627976693,270.22041473388674,268.80356862924674,260.3753302001953,259.34122606530207,1.01887883223041,1.020929425005884,1.0230772539355906,1.0617609573484619,70.64996956513028,66.30931285103688,65.25570995144764,3.7460208715722842,4.007069465637882,-0.26104859406559733,275.9644587059966,264.4763707617769,270.22041473388674,0.04251376771637778,1.042818366265393,-0.2846896736793635,49390660.0,0.9498597508111858,0.016317581500066458,0.11104372632591808,0.019680647235321702,0.2882182979949197,-0.008601462569680418,0.13356009350764997,-7.47610048428271e-05,0.01463849145791829,1
2025-11-26,0.002094178534708613,0.002091988799439141,0.01044854629446987,0.002130258362555988,273.12855834960936,274.2362230184805,271.19614562988284,272.30402449691076,270.62522277832034,269.58754388721286,261.14972045898435,260.03511166422714,1.0143037055952258,1.0215311437942662,1.0236862107447429,1.0608294289995277,71.7964922113785,66.95229177649165,65.68242844162411,3.965763971763465,3.9988083668629986,-0.033044395099533386,277.051636269315,264.1988092873257,270.62522277832034,0.04749308601038114,0.9987296622410577,-0.2873927297065707,47894000.0,0.6980289806656366,0.0038052736187974556,-0.2846896736793635,0.016317581500066458,0.11104372632591808,0.019680647235321702,0.2882182979949197,0.004187958188325291,-0.11499804060222474,1
2025-11-28,0.0046837961187689015,0.00467286127681409,0.010794368656056739,0.005734676050955636,275.6438842773438,275.6017772597162,271.78505249023436,273.400181086961,271.01015014648436,270.42043358768666,261.9721997070312,260.7526714319903,1.0097553460033895,1.024091954991485,1.0270201525357818,1.0624519932017702,74.41032859056172,68.40757439514354,66.64644019605188,4.196243886252944,4.038295470740987,0.1579484155119566,278.2618886343417,263.75841165862704,271.01015014648436,0.05351636080004877,1.0048951784433964,-0.3977039549644945,44947280.0,0.4479826142983513,0.002094178534708613,-0.2873927297065707,0.0038052736187974556,-0.2846896736793635,0.016317581500066458,0.11104372632591808,-0.008601462569680418,0.13356009350764997,1
2025-12-01,0.01524119743713337,0.0151262172065036,0.025715290082455673,0.01830868011616456,277.9615844726562,277.92618890882125,272.85206909179686,275.06833219970105,271.6585388183594,271.5780125038147,262.72755157470704,261.60844950159975,1.0165973573043467,1.0356344855569457,1.0401845398865632,1.0755438876256591,81.09351255906012,72.64817602106037,69.5798142522598,4.66740212544164,4.164116801681118,0.5032853237605224,280.44839970728054,262.8686779294382,271.6585388183594,0.06471256841146734,1.1209696334575163,1.3136981267009675,44862920.0,1.0384455581580512,0.0046837961187689015,-0.3977039549644945,0.002094178534708613,-0.2873927297065707,0.0038052736187974556,-0.2846896736793635,0.019680647235321702,0.2882182979949197,1
2025-12-02,0.010914832876105063,0.010855696011275954,0.016667210499949212,0.011272093432530836,280.011767578125,280.5038830192923,274.7215972900391,276.99395747979804,272.526953125,272.9190847644261,263.3335858154297,262.5516189815462,1.0201688083002929,1.0398136661190411,1.0481872268582955,1.084781002604251,84.52229090049916,75.24942386973665,71.49372737928043,5.22939118585424,4.377171678515743,0.8522195073384973,283.0711979479,261.9827083021,272.526953125,0.07738129900174437,1.1227244499631506,0.1520100799137969,45728040.0,1.1736671853855971,0.01524119743713337,1.3136981267009675,0.0046837961187689015,-0.3977039549644945,0.002094178534708613,-0.2873927297065707,0.016317581500066458,0.11104372632591808,0
2025-12-03,-0.007128157809805358,-0.007153684504557431,0.018722531896857315,-0.007162886873198045,281.4451049804687,281.54360430452823,276.3894989013672,278.19924646074384,273.24419555664065,273.9385097273379,263.93180206298825,263.37794948717186,1.0077384252061603,1.026171573096611,1.0379837943024408,1.0746073215053955,74.16284523296667,70.48354861916152,68.5059203252182,5.447667951220296,4.591270933056654,0.8563970181636424,284.71751807918434,261.77087303409695,273.24419555664065,0.08397852696684566,0.952303650401449,-0.18876270507457682,45514180.0,0.9565963838082988,0.010914832876105063,0.1520100799137969,0.01524119743713337,1.3136981267009675,0.0046837961187689015,-0.3977039549644945,0.0038052736187974556,-0.2846896736793635,0
2025-12-04,-0.012141479874668626,-0.012215789741831256,0.02187393794592678,-0.011967595295459144,282.0739318847656,281.08888398947715,277.6012451171875,278.55928226049497,273.7842727661133,274.5328843589605,264.50342681884763,264.0368315998073,0.9932837163904796,1.0092874159879908,1.0233584293526055,1.0592658353393036,59.72089438110899,63.19419719813908,63.773313735522805,5.281897410574402,4.729396228560204,0.5525011820141978,285.4932556000156,262.07528993221104,273.7842727661133,0.08553437139104732,0.7730882214100219,0.010344819666181948,45870640.0,0.9589816056632303,-0.007128157809805358,-0.18876270507457682,0.010914832876105063,0.1520100799137969,0.01524119743713337,1.3136981267009675,0.002094178534708613,-0.2873927297065707,0
2025-12-05,-0.006840055245008081,-0.00686355564689062,0.011084105276559165,-0.006273649789752432,282.05995483398436,280.14692282241185,278.85191955566404,278.50541284736516,274.2469757080078,274.88813351413387,264.94578033447266,264.5947205758259,0.986538484883691,0.9978880580477223,1.0146438252232517,1.0502639450871671,53.01758936324017,59.505878690768284,61.298764746453195,4.938949009689679,4.771306784786099,0.16764222490358005,285.8957930687433,262.5981583472724,274.2469757080078,0.08495129129983921,0.6723790774594081,0.07448890747935288,46014860.0,1.0271855657063826,-0.012141479874668626,0.010344819666181948,-0.007128157809805358,-0.18876270507457682,0.010914832876105063,0.1520100799137969,0.0046837961187689015,-0.3977039549644945,0
2025-12-08,-0.003192433705098474,-0.003197540392983899,0.012666952195829022,-0.0008628707085239107,281.01988525390624,279.22283665048815,279.49073486328126,278.29982220359705,274.730078125,275.1249459705631,265.39848693847654,265.0958948397794,0.9870286013960468,0.9924288346886498,1.0096261253943857,1.0451252661848836,49.983570888540626,57.82124752343317,60.16256628237344,4.54310849866971,4.725667127562822,-0.18255862889311203,286.05166413894034,263.4084921110596,274.730078125,0.08241970512445405,0.6167939800300217,-0.19155499325093406,43932960.0,0.8697752211551418,-0.006840055245008081,0.07448890747935288,-0.012141479874668626,0.010344819666181948,-0.007128157809805358,-0.18876270507457682,0.01524119743713337,1.3136981267009675,0
2025-12-09,-0.0025549528865235205,-0.0025582223487182498,0.011220093202037994,-0.0035231915927014593,279.2212280273437,278.3705528027994,279.6164978027344,278.0027609133834,275.1168609619141,275.27171160264487,265.8575619506836,265.549623869883,0.9908486796008518,0.9894480021082517,1.0056307859143618,1.040654939725744,47.455971527421006,56.448303376578444,59.242753701058255,4.12467091432984,4.6054678849162265,-0.48079697058638615,286.14419217767636,264.0895297461518,275.1168609619141,0.08016470657019344,0.5702402111262197,-0.15750370304460926,40593710.0,0.7930612895446117,-0.003192433705098474,-0.19155499325093406,-0.006840055245008081,0.07448890747935288,-0.012141479874668626,0.010344819666181948,0.010914832876105063,0.1520100799137969,1
2025-12-10,0.005772358970110858,0.005755762741702212,0.011873152927352597,0.0037083664421129338,278.14921875,278.3347020312934,279.7971618652344,278.05007719972843,275.29303283691405,275.55659625841975,266.3445886230469,266.0481876588398,1.0004090672581882,0.9945168801330012,1.0107883865449172,1.0447480909105396,53.621920431917616,58.82122261255916,60.66571460882005,3.8772276417180933,4.4598198362766,-0.5825921945585071,286.4028958268727,264.1831698469554,275.29303283691405,0.0807129978951571,0.6336635588598856,0.026247697502275402,39206120.0,0.8426822138992586,-0.0025549528865235205,-0.15750370304460926,-0.003192433705098474,-0.19155499325093406,-0.006840055245008081,0.07448890747935288,-0.007128157809805358,-0.18876270507457682,0
2025-12-11,-0.002690246960942222,-0.0026938721785778564,0.020789119176614895,-0.00383377750203957,277.6162109375,278.06126945315395,279.84507141113284,277.95268212648233,275.52060852050784,275.74305416684405,266.8002899169922,266.4978432132726,0.9996332827961263,0.9916715806267185,1.0072364669455163,1.0401578063622652,50.388282332021966,57.24669071669529,59.64086559710943,3.579459824354899,4.28374783389226,-0.7042880095373611,286.6166834380486,264.4245336029671,275.52060852050784,0.08054624281736694,0.5898423898172929,0.006347178880269366,39187780.0,0.8484277496709434,0.005772358970110858,0.026247697502275402,-0.0025549528865235205,-0.15750370304460926,-0.003192433705098474,-0.19155499325093406,-0.012141479874668626,0.010344819666181948,1
2025-12-12,0.0008990946591842519,0.0008986907156853279,0.008624385176844145,0.001367415945154814,277.5163940429687,277.9621516406443,279.7881744384766,277.9183610154173,275.78661346435547,275.93551720006127,267.22747619628905,266.9396499898354,1.0008919183802092,0.9927650322358542,1.0071696828443963,1.0394287292957725,51.525011204166596,57.653566899548125,59.878074491790514,3.3252784541347182,4.0920539579407516,-0.7667755038060333,286.8298467190293,264.7433802096816,275.78661346435547,0.08008534653623536,0.5895255268846501,0.18903091915303172,41127510.0,0.9612276551631742,-0.002690246960942222,0.006347178880269366,0.005772358970110858,0.026247697502275402,-0.0025549528865235205,-0.15750370304460926,-0.006840055245008081,0.07448890747935288,0
2025-12-15,-0.014984890847580368,-0.015098298686657966,0.02666811845332177,-0.02155990960740006,276.7617919921875,276.50865244467434,278.8908386230469,277.13350520402037,275.8714538574219,275.71324451936346,267.55366760253906,267.2009050511256,0.9885817405765954,0.9810349289477327,0.9917722556177899,1.0226047600258645,35.634735842482385,49.23580362145823,54.28913030587534,2.756206301462271,3.8248844266450557,-1.0686781251827848,286.81975944512675,264.92314826971705,275.8714538574219,0.07937251523938568,0.3963401328861084,0.2751176867874605,41509650.0,1.214394725081999,0.0008990946591842519,0.18903091915303172,-0.002690246960942222,0.006347178880269366,0.005772358970110858,0.026247697502275402,-0.003192433705098474,-0.19155499325093406,1
2025-12-16,0.0018241281266524467,0.0018224664254049999,0.01351003842896875,0.006561021843301024,276.2487426757813,275.7060144715798,277.7349853515625,276.5820930806331,276.2282913208008,275.55967251993746,267.9163650512695,267.4714867559987,0.9922243839751639,0.9869146955988581,0.9922978461574766,1.0230832240238017,38.29676436582103,50.17519265712909,54.82006547126823,2.3187552987374715,3.523658601063539,-1.2049033023260676,286.43194580237974,266.02463683922184,276.2282913208008,0.07387841725255306,0.39574554884962443,-0.25313881818957296,39907560.0,0.9433951862754827,-0.014984890847580368,0.2751176867874605,0.0008990946591842519,0.18903091915303172,-0.002690246960942222,0.006347178880269366,-0.0025549528865235205,-0.15750370304460926,0
2025-12-17,-0.010087028861802017,-0.010138247658845124,0.016627387708075283,-0.011526901985989503,274.8633178710937,274.2493018026678,276.5062683105469,275.62823551412595,276.44788360595703,275.15740622897613,268.22795349121094,267.62303145046326,0.9871665617894335,0.9813009958967867,0.981508242803552,1.0115868720361938,30.21905493007553,45.186561858745215,51.35064737426919,1.7290396729837312,3.164734815447578,-1.4356951424638469,286.0118434287197,266.88392378319435,276.44788360595703,0.06919177457979711,0.23274630823174,0.33175470004196694,40567560.0,1.2359308767892374,0.0018241281266524467,-0.25313881818957296,-0.014984890847580368,0.2751176867874605,0.0008990946591842519,0.18903091915303172,0.005772358970110858,0.026247697502275402,1
2025-12-18,0.001287574790797219,0.001286746577224654,0.024541653315202933,-0.0051898066085991155,273.6974853515625,273.3946151015181,275.65684814453124,274.9113275477792,276.62904663085936,274.82672389280873,268.51501892089846,267.7823338131596,0.9926479278764325,0.9855922083124519,0.9821283954383946,1.0118065007725106,32.32340341147564,45.918263190044634,51.75574362344372,1.275177196597042,2.786823291677471,-1.5116460950804291,285.6739306590213,267.5841626026974,276.62904663085936,0.06539359577977852,0.22670711331136545,0.029757452825861064,41331720.0,1.2491785969710432,-0.010087028861802017,0.33175470004196694,0.0018241281266524467,-0.25313881818957296,-0.014984890847580368,0.2751176867874605,-0.002690246960942222,0.006347178880269366,1
2025-12-19,0.005437411303821804,0.005422681951884745,0.017174012410652195,0.005585227137018248,272.77720336914064,273.3172454355173,275.1467987060547,274.5933600124585,276.9993591308594,274.66822696049513,268.91180297851565,267.99332096180103,1.0014125180902804,0.9927882402707547,0.9861485129807425,1.01580705301113,41.08761328151585,49.01734123051758,53.475743610079455,1.0228994573593582,2.4340385248138485,-1.4111390674544904,284.74669851722416,269.2520197444946,276.9993591308594,0.05593759791122698,0.2523760844854325,1.8012790839558637,51068340.0,2.832126519091868,0.001287574790797219,0.029757452825861064,-0.010087028861802017,0.33175470004196694,0.0018241281266524467,-0.25313881818957296,0.0008990946591842519,0.18903091915303172,0
2025-12-22,-0.009865948891234266,-0.009914939859583293,0.01243678304611542,-0.006926571253840233,272.15037231445314,272.36732988344386,274.4560821533203,273.8432034246109,276.9734085083008,274.26815760990485,269.42959167480467,268.0903475428793,0.9938163834910657,0.9854673165093303,0.9765107063380457,1.0038522387167663,32.209723301856855,44.05729102773412,50.05720537070117,0.5986026448296684,2.0669513488170126,-1.4683487039873442,284.80416490753134,269.14265210907024,276.9734085083008,0.056545185629225246,0.08459250950245453,-0.7471389457381492,50904340.0,0.7184416888618927,0.005437411303821804,1.8012790839558637,0.001287574790797219,0.029757452825861064,-0.010087028861802017,0.33175470004196694,-0.014984890847580368,0.2751176867874605,1
2025-12-23,0.005129713035979311,0.005116600880012278,0.01079454618714007,0.005612129058573846,271.7012084960937,272.1965264001605,273.9749755859375,273.48169724442596,276.7957366943359,274.0383254026371,269.9274633789062,268.2379778131034,1.0005657351998942,0.9922618620630965,0.9821499517306573,1.0071406444922646,39.99670159215514,47.02900717018387,51.725374306668385,0.37003211575654404,1.727567502204919,-1.357535386448375,284.9163514938,268.67512189487184,276.7957366943359,0.05867586615636086,0.19578551730663085,-0.18948479429505793,50649210.0,0.5852411123490376,-0.009865948891234266,-0.7471389457381492,0.005437411303821804,1.8012790839558637,0.001287574790797219,0.029757452825861064,0.0018241281266524467,-0.25313881818957296,1
2025-12-24,0.005323781322749355,0.005309660095674185,0.011796429997260275,0.005397669238708824,272.0944763183594,272.565089458831,273.47889709472656,273.4490642138343,276.63802947998045,273.9682197048785,270.45208740234375,268.43657537243945,1.0044386761324746,0.9993539482554901,0.9879415931711226,1.0105383848252134,47.356149613456864,50.01207334059756,53.42917832439918,0.30218957454303563,1.4424919166725425,-1.1403023421295069,284.90016002199906,268.37589893796184,276.63802947998045,0.0597324276604314,0.29812628916696093,-0.3957695162269752,49136440.0,0.3645074816164948,0.005129713035979311,-0.18948479429505793,-0.009865948891234266,-0.7471389457381492,0.005437411303821804,1.8012790839558637,-0.010087028861802017,0.33175470004196694,0
2025-12-26,-0.0014972809650131147,-0.0014984030103084444,0.009180723561301011,-0.0027721394640835445,272.3360290527344,272.6743947629186,273.0167572021484,273.3479626060632,276.4309143066406,273.8658183397562,270.93721588134764,268.61133733317104,1.0020451804349821,0.9995467244123662,0.9872014714981469,1.0072186077626286,45.514708952190475,49.168953186584254,52.875151619391985,0.21294928145448466,1.1965833896289308,-0.9836341081744462,284.84903103491365,268.01279757836755,276.4309143066406,0.060905754693810835,0.2898633952375329,0.20162361953256736,47963820.0,0.44870904777809606,0.005323781322749355,-0.3957695162269752,0.005129713035979311,-0.18948479429505793,-0.009865948891234266,-0.7471389457381492,0.001287574790797219,0.029757452825861064,1
2025-12-29,0.0013167962364342145,0.0013159300206065142,0.00734212147993305,0.003923896419520136,272.3539978027344,272.8670464597843,272.5656005859375,273.33057846923634,276.17688751220703,273.807392769638,271.4672247314453,268.79333782416495,1.0032984720548581,1.0025195742459865,0.9894106357521966,1.0065758403204523,47.60211259332453,49.9666238664246,53.32144803909506,0.16927055718849715,0.9911208231408442,-0.821850265952347,284.6564939965833,267.69728102783074,276.17688751220703,0.061407068207338614,0.3275546356968405,0.10191526731035516,46382050.0,0.5113012469263433,-0.0014972809650131147,0.20162361953256736,0.005323781322749355,-0.3957695162269752,0.005129713035979311,-0.18948479429505793,0.005437411303821804,1.8012790839558637,0
2025-12-30,-0.0024841597541549465,-0.0024872503984942067,0.006591430648442706,0.000989659528932404,272.77520751953125,272.76921342761665,272.46278991699216,273.19293644997174,275.6768142700195,273.6898836833183,271.8871307373047,268.94158133550286,0.9992607093654743,1.000406504852728,0.9887430979099363,1.0025246381618547,43.895899782571526,48.420856370663174,52.33830916163687,0.07897083887382905,0.8086908262874412,-0.7297199874136121,283.758462942372,267.59516559766706,275.6768142700195,0.05863132664059776,0.30800533204600744,-0.06643840237484822,43555100.0,0.5083124593905192,0.0013167962364342145,0.10191526731035516,-0.0014972809650131147,0.20162361953256736,0.005323781322749355,-0.3957695162269752,-0.009865948891234266,-0.7471389457381492,0
2025-12-31,-0.004467463604312272,-0.004477472540670465,0.007099215698424509,-0.00439468328484756,272.675390625,272.29808727205693,272.18829956054685,272.85891799742006,274.9616424560547,273.46759332880583,272.08424377441406,269.036257948265,0.9951607086322021,0.9969415856561308,0.9868861435983985,0.9973228555855645,37.74532885343488,45.690163463551464,50.58161472415685,-0.08981620715940153,0.6289894195980726,-0.7188056267574742,281.8225057672454,268.10077914486396,274.9616424560547,0.04990414844708559,0.23721911284577224,0.23279553379464857,42519600.0,0.6419063208496787,-0.0024841597541549465,-0.06643840237484822,0.0013167962364342145,0.10191526731035516,-0.0014972809650131147,0.20162361953256736,0.005129713035979311,-0.18948479429505793,0
2026-01-02,-0.00312648029845064,-0.003131377948914837,0.03261870786815464,-0.004591199423947976,272.11643676757814,271.70120694439214,272.10545654296874,272.4313776868096,274.3058624267578,273.185674563116,272.2538189697266,269.0939516086885,0.9940871249909468,0.9941272392174396,0.9861526250146786,0.9935854979471995,33.88602459622231,43.83535225359662,49.369415629762265,-0.28871095258108426,0.4454493451622412,-0.7341602977433255,280.1637838144728,268.4479410390428,274.3058624267578,0.04271087271624848,0.1757880580591954,0.38633599085499903,41289540.0,0.9164088531865455,-0.004467463604312272,0.23279553379464857,-0.0024841597541549465,-0.06643840237484822,0.0013167962364342145,0.10191526731035516,0.005323781322749355,-0.3957695162269752,0
2026-01-05,-0.013837112595369017,-0.01393373781601678,0.0200927745303038,-0.012488932529814957,270.8907165527344,270.05560606188646,271.6133728027344,271.4010188886396,273.63511047363284,272.5741250139502,272.43468872070315,269.0025968121468,0.9847676129017285,0.9821475339898634,0.9748909920044054,0.979186628360527,22.20161098778722,36.747436183304266,44.43612620782943,-0.7398402601647831,0.2083914240968364,-0.9482316842616195,279.71709516653686,267.5531257807288,273.63511047363284,0.04445324784803215,-0.06484079816692259,0.20638192721093285,40691190.0,1.1217956515894472,-0.00312648029845064,0.38633599085499903,-0.004467463604312272,0.23279553379464857,-0.0024841597541549465,-0.06643840237484822,-0.0014972809650131147,0.20162361953256736,0
2026-01-06,-0.01833426835440255,-0.018504424048275635,0.020696725792635925,-0.017378332016619914,268.61494140625,267.3282287482889,270.4844696044922,269.66873802181306,272.8156341552734,271.55501540510676,272.4952044677734,268.723023373282,0.9749028581587331,0.9681645475025253,0.9598917412923926,0.9610204870671922,14.552194081163037,29.935992457002982,39.07849841870388,-1.4750175919788262,-0.12829037911829616,-1.34672721286053,280.41090352506205,265.2203647854848,272.8156341552734,0.05568060198093912,-0.220327318324206,0.1468852415920363,31463200.0,1.663915304228432,-0.013837112595369017,0.20638192721093285,-0.00312648029845064,0.38633599085499903,-0.004467463604312272,0.23279553379464857,0.0013167962364342145,0.10191526731035516,0
2026-01-07,-0.007737496605901173,-0.007767586346101093,0.014865729331235731,-0.010904352209938675,266.069677734375,264.83456216682805,269.4224426269531,267.88300910946634,271.9392623901367,270.43998812880193,272.45057800292966,268.3749530058555,0.9766134616185735,0.9644602226537421,0.9555340656588136,0.9537407881774144,12.474776001639427,27.649427837835347,37.131060943427826,-2.1958396978540122,-0.5418002428654394,-1.6540394549885729,281.10959292761027,262.7689318526632,271.9392623901367,0.06744396124982764,-0.15930193774464863,-0.0772137125349317,32637000.0,1.4802157061004382,-0.01833426835440255,0.1468852415920363,-0.013837112595369017,0.20638192721093285,-0.00312648029845064,0.38633599085499903,-0.0024841597541549465,-0.06643840237484822,0
2026-01-08,-0.0049552102640688656,-0.004967528026699398,0.013858907806734055,0.00785938688660731,263.51043701171875,262.7429185604375,268.09291381835936,266.1878495164099,271.03394470214846,269.30852557821663,272.26073791503904,267.9900384310242,0.9812121078762344,0.9644403787667354,0.9539750883668804,0.9496765245245963,11.280862856268072,26.275951596769687,35.936152238449054,-2.8382768907293894,-1.0010955724382293,-1.83718131829116,281.62408566150987,260.44380374278705,271.03394470214846,0.07814623346163813,-0.08895879678850002,0.04366608845410247,34714730.0,1.452389230738652,-0.007737496605901173,-0.0772137125349317,-0.01833426835440255,0.1468852415920363,-0.013837112595369017,0.20638192721093285,-0.004467463604312272,0.23279553379464857,1
2026-01-09,0.0012738888084979916,0.0012730781005779077,0.015383391716425259,0.0011193784157503264,261.18674926757814,261.4582815630781,266.65159301757814,264.8607873440371,270.0652450561523,268.3161905296588,272.0736962890625,267.63313525993925,0.991202686561772,0.9708886590124101,0.9586165280709513,0.9515400095616182,13.744549007680419,27.271215108356273,36.4851543029006,-3.2829908118067124,-1.457474620311926,-1.8255161914947864,281.3544265857171,258.77606352658756,270.0652450561523,0.08360336427012292,0.005002313120575976,-0.20671250890036152,36923370.0,1.0832434850881705,-0.0049552102640688656,0.04366608845410247,-0.007737496605901173,-0.0772137125349317,-0.01833426835440255,0.1468852415920363,-0.00312648029845064,0.38633599085499903,1
2026-01-12,0.003392793467145605,0.0033870509285561217,0.017291066282420726,0.0042058817814793585,259.78734130859374,260.89464254270314,265.3390289306641,263.9347104636582,269.1778930664062,267.5020166222582,271.8902606201172,267.32467366158687,0.9999231032330521,0.9790017154612904,0.9650397420930421,0.9554125400059765,20.604042449980923,29.985650083780797,37.97350839522383,-3.523932039465933,-1.8707661041427275,-1.6531659353232055,280.77131014229985,257.5844759905126,269.1778930664062,0.08613944439362654,0.09414344783555825,0.1316798759906994,39297570.0,1.1518218556516344,0.0012738888084979916,-0.20671250890036152,-0.0049552102640688656,0.04366608845410247,-0.007737496605901173,-0.0772137125349317,-0.013837112595369017,0.20638192721093285,1
2026-01-13,0.00307399257312313,0.003069277518178039,0.013100873664351729,0.00900582313416879,259.52582397460935,260.78505751219274,264.0703826904297,263.32219718866065,268.31799163818357,266.84143289167855,271.6888916015625,267.0596232219628,1.0040075529310881,0.986728934901548,0.971108518889538,0.9590597757426802,26.779922298881928,32.453819456661876,39.3305915089247,-3.608845050492448,-2.218381893412672,-1.3904631570797763,279.7870355284583,256.8489477479088,268.31799163818357,0.08548844466412307,0.162042265197662,0.010317295498831314,41499130.0,1.1019700894934423,0.003392793467145605,0.1316798759906994,0.0012738888084979916,-0.20671250890036152,-0.0049552102640688656,0.04366608845410247,-0.01833426835440255,0.1468852415920363,0
2026-01-14,-0.004175458991876879,-0.004184200562639289,0.01965693197841048,0.0018112499070913248,259.45195922851565,260.34934009927434,262.7608184814453,262.62323502225644,267.61180419921874,266.14014454708416,271.48630493164063,266.7623009494716,1.0001000032722782,0.9875060778582572,0.9696056048419819,0.9557679358403481,23.833050459379933,30.85768210303985,38.13688349918976,-3.721036500084722,-2.518912814747082,-1.2021236853376398,279.42663270606926,255.79697569236822,267.61180419921874,0.08829826129833333,0.15577583622711869,-0.12489175785247575,43287110.0,0.924510783926208,0.00307399257312313,0.010317295498831314,0.003392793467145605,0.1316798759906994,0.0012738888084979916,-0.20671250890036152,-0.007737496605901173,-0.0772137125349317,0
2026-01-15,-0.006731727764257678,-0.006754488045120549,0.015452619511229495,-0.009361221939545777,259.28626708984376,259.47661695094854,261.3983520507812,261.7337687735365,266.79332580566404,265.3392898906282,271.2751086425781,266.4081389771118,0.9940023956802616,0.985970908509125,0.9660330515240544,0.9500730529385716,19.760225320578115,28.43936026216042,36.28063158552739,-3.9058714629721294,-2.796304544392092,-1.1095669185800374,278.9594539997674,254.6271976115607,266.79332580566404,0.09120264277499451,0.1275661818293437,-0.015762355257699978,44496610.0,0.8852045133325888,-0.004175458991876879,-0.12489175785247575,0.00307399257312313,0.010317295498831314,0.003392793467145605,0.1316798759906994,-0.0049552102640688656,0.04366608845410247,0
2026-01-16,-0.010379221191344046,-0.0104334609449757,0.015536341093681268,-0.009189589659853871,258.5196899414062,258.003118576023,259.8532196044922,260.51965114674294,265.97933807373045,264.35994055115617,270.9906671142578,265.96296183393764,0.9866023043891962,0.9815392020709933,0.9589320872566025,0.941198914863856,15.138121515952903,25.184226208688642,33.647128643615815,-4.219568033142082,-3.08095724214209,-1.1386107909999916,278.9712512999416,252.98742484751924,265.97933807373045,0.09769114638979806,0.079614793550154,0.8315654783363715,47927080.0,1.505261743465281,-0.006731727764257678,-0.015762355257699978,-0.004175458991876879,-0.12489175785247575,0.00307399257312313,0.010317295498831314,0.0012738888084979916,-0.20671250890036152,0
2026-01-20,-0.034555586545020445,-0.03516675157780259,0.04608834721458441,-0.023859450327366874,255.8147186279297,254.0829150288721,257.80102996826173,257.92380692634794,264.707201385498,262.634470778148,270.5279592895508,265.1896107006291,0.9625814701175123,0.9551649501357136,0.9302448389984025,0.9102294216880285,7.97113086111807,17.910418925197447,26.893739575853772,-5.120335764278877,-3.488832946569448,-1.6315028177094293,279.9948927682724,249.41951000272365,264.707201385498,0.1155064259888466,-0.10390718875098029,0.11261969316411347,51389110.0,1.5619554415322623,-0.010379221191344046,0.8315654783363715,-0.006731727764257678,-0.015762355257699978,-0.004175458991876879,-0.12489175785247575,0.003392793467145605,0.1316798759906994,1
2026-01-21,0.0038508468560267684,0.0038434513252299496,0.02576218469635531,-0.0042219664842872515,253.1396911621094,251.78552672660487,256.3327575683594,255.97234205284292,263.40861358642576,261.1636402394739,270.0915954589844,264.4837730308817,0.9764993746625479,0.964335391492634,0.9384307777807946,0.9152108183966363,13.13327740668116,20.568545336081556,28.514600169661264,-5.692070812015288,-3.9294805196586164,-1.7625902923566716,279.96261504000967,246.85461213284185,263.40861358642576,0.12569066157855505,0.010152771526901387,-0.31925499112343103,51618070.0,1.0585769673294643,-0.034555586545020445,0.11261969316411347,-0.010379221191344046,0.8315654783363715,-0.006731727764257678,-0.015762355257699978,0.00307399257312313,0.010317295498831314,1
2026-01-22,0.002826561879143208,0.002822574664753265,0.011475764177463836,-0.003410878230881827,250.8220001220703,250.4868345088173,255.13697967529296,254.50272532927912,262.279711151123,259.89943165221376,269.6951321411133,263.833015267837,0.9883082423096822,0.9715935745132888,0.945133914420131,0.9191469200991672,17.12927845443582,22.558385143303113,29.720143158325058,-6.019407724398917,-4.347465960606677,-1.6719417637922405,279.80513829251066,244.7542840097354,262.279711151123,0.13363921337620854,0.08944620973325286,-0.2732967678531232,50757920.0,0.7823074704400811,0.0038508468560267684,-0.31925499112343103,-0.034555586545020445,0.11261969316411347,-0.010379221191344046,0.8315654783363715,-0.004175458991876879,-0.12489175785247575,0
2026-01-23,-0.0012482700788880585,-0.0012490498169329728,0.019069549727296194,0.0029111513043512754,248.7917694091797,249.51789536915948,254.0390182495117,253.24405110392723,261.0659660339355,258.7261540748452,269.2681259155273,263.19564279026866,0.9951294517410542,0.9745747672771902,0.9483427535616085,0.919455343063934,16.73159977671908,22.292045329808317,29.48888931613054,-6.231955141900471,-4.724363796865436,-1.507591345035035,279.12495731303534,243.0069747548357,261.0659660339355,0.13834810836087577,0.12661400253015662,0.04988125908185448,49884890.0,0.8357039576513048,0.002826561879143208,-0.2732967678531232,0.0038508468560267684,-0.31925499112343103,-0.034555586545020445,0.11261969316411347,-0.006731727764257678,-0.015762355257699978,1
2026-01-26,0.029713035188522863,0.029280156810427234,0.026467226850593474,0.015627517104096864,248.7678192138672,251.32405386264278,253.6437545776367,253.55174560314214,260.1476737976074,258.36522233910847,268.8720620727539,262.8717497729879,1.024796421238227,1.0050961880536942,0.9799679048752425,0.9481698056848551,49.347844596652706,40.32928291177234,40.956997802216485,-5.740629825581067,-4.927617002608562,-0.8130128229725049,277.47751367990776,242.81783391530706,260.1476737976074,0.13323078872335264,0.3496436498146603,0.34254119791791604,51482110.0,1.0871582380753237,-0.0012482700788880585,0.04988125908185448,0.002826561879143208,-0.2732967678531232,0.0038508468560267684,-0.31925499112343103,-0.010379221191344046,0.8315654783363715,1
2026-01-27,0.011197599163490057,0.01113537016267108,0.014481050493850291,-0.0034727181673487374,251.07752685546876,253.47971795595458,253.4461227416992,254.3225275194032,259.39257583618166,258.3105388918199,268.5686251831055,262.67250649336404,1.0267388299191507,1.0171433808253878,0.9938258460619359,0.9598702974586871,56.977281509283664,45.60567358998806,44.626598809523585,-5.062544670329572,-4.954602536152764,-0.10794213417680787,275.7224472997921,243.06270437257123,259.39257583618166,0.12590854931733675,0.45096318739641006,-0.11293532871650835,51920560.0,0.9562358341281373,0.029713035188522863,0.34254119791791604,-0.0012482700788880585,0.04988125908185448,0.002826561879143208,-0.2732967678531232,-0.034555586545020445,0.11261969316411347,0
2026-01-28,-0.007085580156587334,-0.007110802091642614,0.01696299642533543,-0.004696260367715148,252.83226623535157,254.30796097779785,252.98597869873046,254.6210583379634,258.5281806945801,258.08710157083556,268.2390377807617,262.40944533760404,1.012388374445915,1.0117732545419083,0.9900833492650286,0.9542401029289792,51.218212400471145,42.98641642602892,42.837832013477836,-4.619300166099208,-4.887542062142053,0.268241896042845,273.61485469670725,243.44150669245295,258.5281806945801,0.116712026995233,0.41503317189944416,-0.16839045848498335,51476280.0,0.8020781610481565,0.011197599163490057,-0.11293532871650835,0.029713035188522863,0.34254119791791604,-0.0012482700788880585,0.04988125908185448,0.0038508468560267684,-0.31925499112343103,1
2026-01-29,0.0071751307281611165,0.00714951195007178,0.02028802175600367,0.00108526658642197,254.81458129882813,255.47231578207357,252.81829071044922,255.19923416572004,257.78955459594727,258.0598562203393,267.9569613647461,262.2287229867421,1.0117200674960378,1.0197087586747529,1.0000444967395816,0.9620986298605739,56.38903110741893,46.324420857339206,45.15856033815425,-4.072879557370754,-4.724609561187794,0.6517300038170397,271.430549588531,244.14855960336354,257.78955459594727,0.10583047101318185,0.5004204530052233,0.6288752179810115,54199640.0,1.2408385000343176,-0.007085580156587334,-0.16839045848498335,0.011197599163490057,-0.11293532871650835,0.029713035188522863,0.34254119791791604,0.002826561879143208,-0.2732967678531232,1
2026-01-30,0.004646276870277299,0.004635516244257892,0.037459537571914454,0.01689075066939967,257.0983459472656,256.64782396539283,252.94505767822267,255.89007165050387,257.171704864502,258.1492832785957,267.79765838623047,262.1020609218515,1.0073920910605758,1.0239331920907098,1.0071047297699098,0.9671437827081029,59.64393010615668,48.44448332526465,46.64204927812469,-3.502805471931481,-4.4802487433365314,0.9774432714050505,269.33860558058825,245.00480414841567,257.171704864502,0.09462083492036387,0.5750863145087379,0.37456172958827105,59505120.0,1.5535369057318094,0.0071751307281611165,0.6288752179810115,-0.007085580156587334,-0.16839045848498335,0.011197599163490057,-0.11293532871650835,-0.0012482700788880585,0.04988125908185448,1
2026-02-02,0.040581019583889155,0.03977922983061694,0.04177622447807844,0.03838022933191932,260.01292724609374,260.9349750915119,254.39037322998047,258.3662908674577,257.12179641723634,259.23118747527707,267.8489633178711,262.39253999722007,1.0365226075420022,1.0594319035025015,1.048177482808234,1.0061986949858324,77.12300848511794,62.45701129590285,57.287240023822676,-2.177808800388334,-4.019760754746892,1.8419519543585583,269.075801967271,245.16779086720172,257.12179641723634,0.09298321431012911,1.018130967677096,-0.20044697620381768,59682180.0,1.2384500700209007,0.004646276870277299,0.37456172958827105,0.0071751307281611165,0.6288752179810115,-0.007085580156587334,-0.16839045848498335,0.029713035188522863,0.34254119791791604,0
2026-02-03,-0.0019627958800989553,-0.0019647246882501424,0.01584540358159113,0.0010401142890050221,262.2507751464844,263.6167452758517,256.6641510009766,260.2961080996528,257.23259048461915,260.15967301520607,267.8673294067383,262.6508829637813,1.0256605933549214,1.0479854104888524,1.045669544196479,1.0041548786119527,75.21024384772724,61.55026859526804,56.68955178240765,-1.157086429169567,-3.4472258896314276,2.2901394604618606,269.5767357930425,244.8884451761958,257.23259048461915,0.09597652680919867,0.9758407676834369,-0.12878179058195127,58094900.0,1.1084398114120173,0.040581019583889155,-0.20044697620381768,0.004646276870277299,0.37456172958827105,0.0071751307281611165,0.6288752179810115,0.011197599163490057,-0.11293532871650835,1
2026-02-04,0.02601286642781786,0.025680287047938025,0.024087684535934913,0.015424663254803949,266.2533325195312,267.73690814614076,259.5427993774414,263.14722187911934,257.9377784729004,261.66610738392154,268.07174896240235,263.1734849607593,1.0365212381575515,1.0633207106831637,1.0699372364940858,1.02949018296376,82.07177979624814,68.13906230702243,62.17094996032119,0.21397211380224235,-2.7149862889446936,2.928958402746936,272.64673948546414,243.22881746033661,257.9377784729004,0.11405045898779906,1.1132131086080739,0.40610485024388643,61685300.0,1.4678651153516316,-0.0019627958800989553,-0.12878179058195127,0.040581019583889155,-0.20044697620381768,0.004646276870277299,0.37456172958827105,-0.007085580156587334,-0.16839045848498335,0
2026-02-05,-0.002097593092373451,-0.0020997961220096443,0.02272476144558474,-0.007981883226293769,269.7727966308594,270.2907207465157,262.29368896484374,265.37469898241864,258.71533432006834,262.97393962804955,268.1599856567383,263.6528912739556,1.020852915440929,1.0499617700835278,1.064484046417434,1.0269926934579752,79.9361549146185,67.11435799474614,61.494847462038905,1.2395457564157937,-1.924079879872596,3.1636256362883897,275.2737232733017,242.15694536683495,258.71533432006834,0.12800469672005024,1.0037631279925814,-0.4149098190195669,63012210.0,0.8407481661093937,0.02601286642781786,0.40610485024388643,-0.0019627958800989553,-0.12878179058195127,0.040581019583889155,-0.20044697620381768,0.0071751307281611165,0.6288752179810115,1
2026-02-06,0.008009748840153375,0.00797784107081465,0.014310409377977862,0.0036085450982240893,273.4938720703125,272.72855300744277,265.2961090087891,267.59824780912373,259.6675636291504,264.36729942816834,268.2039028930664,264.20000210749845,1.0150290221417746,1.046393852388163,1.0690754503545274,1.0350491343892874,82.01651061501666,69.02584888043748,63.10039007156646,2.2048989558172707,-1.0982841127346228,3.3031830685518937,278.15827522155575,241.17685203674503,259.6675636291504,0.14241833931028255,0.9850179456455735,-0.04764295718551681,63888650.0,0.789708344126852,-0.002097593092373451,-0.4149098190195669,0.02601286642781786,0.40610485024388643,-0.0019627958800989553,-0.12878179058195127,0.004646276870277299,0.37456172958827105,0
2026-02-09,-0.01166048390953256,-0.011729000497211482,0.023669070408461244,-0.011838395529374133,274.4654602050781,273.2747746774879,267.23919372558595,268.82896966520633,260.4414741516113,265.3196726271597,268.16212005615233,264.59871645691334,0.9996420599246748,1.0266728251669235,1.0534697628760163,1.0231393530157298,69.65225897950437,63.21875389755065,59.29109870010073,2.677880573150617,-0.3430511755575749,3.0209317487081915,280.0017758651917,240.88117243803092,260.4414741516113,0.15020880815774917,0.8559695568575615,-0.11555217289617747,62754070.0,0.7110837591888463,0.008009748840153375,-0.04764295718551681,-0.002097593092373451,-0.4149098190195669,0.02601286642781786,0.40610485024388643,0.040581019583889155,-0.20044697620381768,0
2026-02-10,-0.003422959769044165,-0.003428831498793266,0.008878956229219012,-0.004401840402256112,275.3550170898437,273.32587314111174,268.8028961181641,269.66516973850685,261.12450942993166,266.091900954893,268.08997528076173,264.9449656181465,0.9930019541977126,1.0172065629388238,1.0471176017344674,1.0199115792450173,66.27063103941077,61.59955277463974,58.22039821296758,2.943015273708909,0.31416211429572183,2.628853159413187,281.48080340249953,240.7682154573638,261.12450942993166,0.15591254928163023,0.8022053192739304,-0.22962167831227565,61226930.0,0.5614669884640631,-0.01166048390953256,-0.11555217289617747,0.008009748840153375,-0.04764295718551681,-0.002097593092373451,-0.4149098190195669,-0.0019627958800989553,-0.12878179058195127,1
2026-02-11,0.006650117732854843,0.006628103245317512,0.02079847720054447,0.002912223361555031,275.20885009765624,273.96604840266826,270.73109130859376,270.6799386816476,261.8585350036621,266.9637579045014,268.0282455444336,265.3489433949165,1.0001364375749968,1.0166782012193816,1.0511263225463776,1.0269305698236606,69.60406136702662,63.546342621403845,59.69988964105817,3.262255130023732,0.9037807174413239,2.358474412582408,283.1199242106168,240.59714579670745,261.8585350036621,0.16238836138495405,0.8148398204793675,0.5106452297909352,62291260.0,0.8336851750951899,-0.003422959769044165,-0.22962167831227565,-0.01166048390953256,-0.11555217289617747,0.008009748840153375,-0.04764295718551681,0.02601286642781786,0.40610485024388643,0
2026-02-12,-0.04998173910671744,-0.05127407257936166,0.05937419437060129,-0.05029204809948648,272.427001953125,269.80706734331534,271.0998992919922,269.0088780530952,261.9590950012207,266.44236241117835,267.60652740478514,265.1975771921594,0.959850173991205,0.9645488836680409,0.9982058657798878,0.9771402355559046,37.17471555390462,44.97028070664381,46.59255092497116,2.3777471993504378,1.1985740138231469,1.179173185527291,283.19350193541635,240.72468806702506,261.9590950012207,0.16212002056349062,0.48893329636971256,0.5612395607273455,63673680.0,1.2733236087501147,0.006650117732854843,0.5106452297909352,-0.003422959769044165,-0.22962167831227565,-0.01166048390953256,-0.11555217289617747,-0.002097593092373451,-0.4149098190195669,0
2026-02-13,-0.022733450234726726,-0.022995839415095466,0.026507209595915893,-0.02377775945240045,268.01506958007815,265.0528967835644,270.7544708251953,266.5608194369074,261.84976425170896,265.4044760543102,267.00423309326175,264.8190273283124,0.9534708479804727,0.9438239556496459,0.9759205107338366,0.9570805402729458,30.10403720250514,39.58548002934548,42.37176972206623,1.1834507394419802,1.1955493589469137,-0.012098619504933517,283.19236060549844,240.50716789791946,261.84976425170896,0.16301405819310527,0.35228581183078683,-0.30571480021510367,60058410.0,0.9372659049748403,-0.04998173910671744,0.5612395607273455,0.006650117732854843,0.5106452297909352,-0.003422959769044165,-0.22962167831227565,0.008009748840153375,-0.04764295718551681,1
2026-02-17,0.03166790148756515,0.03117681438621338,0.040738271410761376,0.02259258812490684,265.8690490722656,264.58096968188147,270.16725463867186,266.029236899018,262.2788139343262,265.2361559994726,266.60451446533204,264.7726778440067,0.9916051394416229,0.9758292722451142,1.0051788458389534,0.9888696596426079,46.3199125563915,48.607352326637624,48.978490055746065,0.8798220937783867,1.1324039059132085,-0.2525818121348218,283.4017468272877,241.1558810413647,262.2788139343262,0.16107235331825634,0.5321522951162251,0.03869911015496341,58513980.0,0.9992330038052445,-0.022733450234726726,-0.30571480021510367,-0.04998173910671744,0.5612395607273455,0.006650117732854843,0.5106452297909352,-0.01166048390953256,-0.11555217289617747,1
2026-02-18,0.0017811375828364895,0.0017795532383034164,0.016531095200642085,0.002845219964469523,264.00477294921876,264.422876272296,269.6798950195313,265.6796828179465,263.1720230102539,265.12858775696327,266.283059387207,264.7465606522074,1.0003860403839209,0.9793339968261162,1.003551541809726,0.9918268554556552,47.14995172097737,49.08249630971832,49.332396445563084,0.6693688326857341,1.0397968912677136,-0.37042805858197947,282.976633785176,243.3674122353318,263.1720230102539,0.1505069615560955,0.5235971929338455,-0.4150192152778134,55494840.0,0.6163329779849802,0.03166790148756515,0.03869911015496341,-0.022733450234726726,-0.30571480021510367,-0.04998173910671744,0.5612395607273455,-0.003422959769044165,-0.22962167831227565,0
2026-02-19,-0.014261551090285374,-0.014364224365880748,0.01700062714574912,-0.007692381889944621,261.0235168457031,263.06195698426507,268.1161834716797,264.7088529252659,263.82949142456056,264.6725430570813,265.92460174560546,264.5737589955798,0.99738185108469,0.9709974050697394,0.9867741358347909,0.9789997491742239,41.189720005866384,45.45247939912682,46.60944159419628,0.19638845835800112,0.8711152046857711,-0.67472674632777,282.29614432086584,245.36283852825525,263.82949142456056,0.1399892998814778,0.40552232080304185,-0.09817766121982385,49524800.0,0.6228253319548993,0.0017811375828364895,-0.4150192152778134,0.03166790148756515,0.03869911015496341,-0.022733450234726726,-0.30571480021510367,0.006650117732854843,0.5106452297909352,1
2026-02-20,0.015350449692731916,0.015233823534795543,0.0249073878310545,0.02166268419167782,261.5929870605469,263.48679008911944,267.00999450683594,264.64114444773173,264.65184173583987,264.64053479439053,265.66383758544924,264.56445300747185,1.0104875488793064,0.98998712309273,0.9988083006150906,0.9950035304063761,49.14694704006615,49.70284372344179,49.70231108364721,0.1423779289104914,0.7253677495307153,-0.5829898206202239,281.6090422145503,247.69464125712946,264.65184173583987,0.1281472319821308,0.4907005452519206,0.36391930050931576,48434110.0,0.8686130497700897,-0.014261551090285374,-0.09817766121982385,0.0017811375828364895,-0.4150192152778134,0.03166790148756515,0.03869911015496341,-0.04998173910671744,0.5612395607273455,1
2026-02-23,0.006047257970275721,0.00602904668779855,0.02272893515455872,0.01020912573951486,263.6710693359375,264.3028490730849,265.8430694580078,264.87638491923786,265.56958923339846,264.76381405597385,265.44921722412107,264.61819865584613,1.008586067901874,1.0003456835763866,1.0013758269863349,1.0018299161774677,52.16714201665448,51.33625195302336,50.896981149727225,0.22595597297754466,0.6254853942200811,-0.39952942124253643,280.6101161177568,250.52906234904017,265.56958923339846,0.11326994877519492,0.5121464430876133,-0.1131980841682414,47119590.0,0.7917768384656997,0.015350449692731916,0.36391930050931576,-0.014261551090285374,-0.09817766121982385,0.0017811375828364895,-0.4150192152778134,-0.022733450234726726,-0.30571480021510367,1
2026-02-24,0.02239103564464129,0.022144036649487702,0.026383562897337353,0.015978606477027604,265.32155151367186,266.83174150445245,265.5953002929688,266.1515015461378,266.41724700927733,265.4424533237085,265.3217477416992,264.90334876217327,1.0247547732781037,1.023698559678111,1.0205402593838815,1.0247540153846804,61.98027668912186,56.94531675188707,55.070961873187905,0.7638699312662993,0.6531623016293248,0.11070762963697456,280.86434390016205,251.97015011839258,266.41724700927733,0.10845466690361567,0.6893902767885106,0.26016800596115597,47358710.0,0.9927339659378391,0.006047257970275721,-0.1131980841682414,0.015350449692731916,0.36391930050931576,-0.014261551090285374,-0.09817766121982385,0.03166790148756515,0.03869911015496341,1
2026-02-25,0.007679860855135612,0.007650520846136862,0.014185225878255365,0.009014689153122118,267.2957336425781,269.21369436885374,265.65025329589844,267.57442855550477,267.22657470703126,266.2553244450368,265.25101165771486,265.2592017557216,1.0249980288275493,1.0313470312880986,1.0252633009947696,1.0328993596872775,64.92423448283185,58.741216967810864,56.43450963431931,1.3431774049342948,0.7911653222903188,0.552012082643976,281.46202632511734,252.99112308894522,267.22657470703126,0.1065421852874687,0.7371201691292967,-0.2828972276697026,47292450.0,0.7128896895804722,0.02239103564464129,0.26016800596115597,0.006047257970275721,-0.1131980841682414,0.015350449692731916,0.36391930050931576,0.0017811375828364895,-0.4150192152778134,0
2026-02-26,-0.0046676776162442035,-0.0046786052410885525,0.019454102660256115,-0.007274049504293226,269.7674621582031,270.3753832413452,265.39548950195314,268.506125361109,268.06329040527345,266.8689850680169,265.1497085571289,265.55094917652974,1.0108660207004727,1.0275184461427,1.0172924482649097,1.028470906003552,61.52047267425814,57.16841966794178,55.354187940973134,1.6797282611216815,0.9688779100565914,0.7108503510650901,281.4971867375399,254.629394073007,268.06329040527345,0.10022928773243295,0.6725288950578281,-0.040611847198369855,45333830.0,0.713487036061149,0.007679860855135612,-0.2828972276697026,0.02239103564464129,0.26016800596115597,0.006047257970275721,-0.1131980841682414,-0.014261551090285374,-0.09817766121982385,0
2026-02-27,-0.03213044438249635,-0.032657957379533524,0.03755009154811604,-0.0316337559475215,269.6875366210937,268.2291983653239,265.6402618408203,267.67534413423124,268.3700805664063,266.5897320723278,264.95641204833987,265.4876503309122,0.9786764042570787,0.9935874433501357,0.9834808263880666,0.996151882390102,43.352771833181016,47.73742545156922,48.65382109550738,1.2253079362263293,1.020163915290539,0.2051440209357902,281.11511138599195,255.6250497468206,268.3700805664063,0.09498101124154197,0.3260791983997281,1.237324973489029,44462760.0,1.6275755261256837,-0.0046676776162442035,-0.040611847198369855,0.007679860855135612,-0.2828972276697026,0.02239103564464129,0.26016800596115597,0.015350449692731916,0.36391930050931576,1
2026-03-02,0.0020440108677830526,0.002041924719824955,0.02391200718901541,0.008803008751023921,269.39580688476565,266.97823836334095,266.53343811035154,267.09370308425736,268.6439544677734,266.38845457585614,264.76392364501953,265.447990253597,0.9817388081044076,0.9922819449388379,0.9844863953233001,0.9989137293265448,44.5294902499393,48.3029288405992,49.05251850521527,0.8983532120083737,0.995801774634106,-0.09744856262573232,280.7931944051397,256.4947145304072,268.6439544677734,0.09044863832082752,0.3284816116117507,-0.4219991294314358,43016480.0,0.9723691943180846,-0.03213044438249635,1.237324973489029,-0.0046676776162442035,-0.040611847198369855,0.007679860855135612,-0.2828972276697026,0.006047257970275721,-0.1131980841682414,0
2026-03-03,-0.003664168116717992,-0.0036708976244395467,0.02058764995556879,0.0010247039715125745,267.71934814453124,265.8212364642325,266.52044982910155,266.4416175536679,268.3438522338867,266.11405248920465,264.60735076904297,265.37188211290754,0.9842666751293535,0.988694236539755,0.9819760373580106,0.9958424507111008,42.671851955258745,47.312587780730674,48.344490303070955,0.5546484786123074,0.9075711154297463,-0.35292263681743896,280.68772565718274,255.9999788105907,268.3438522338867,0.09200041901863419,0.3040882548769834,-0.07791450204289485,41026460.0,0.9400981707902656,0.0020440108677830526,-0.4219991294314358,-0.03213044438249635,1.237324973489029,-0.0046676776162442035,-0.040611847198369855,0.02239103564464129,0.26016800596115597,0
2026-03-04,-0.0046635601744375865,-0.004674468498819032,0.01801760119875545,-0.008048384401798435,265.37949829101564,264.6402745861811,266.3376159667969,265.68465996756066,268.0087554931641,265.74874756928784,264.41921295166014,265.2505671606397,0.9883142914923413,0.9847589491931744,0.9786185915734678,0.9919035303914417,40.191343627165026,46.02395872857934,47.43288667640371,0.18101290310056584,0.7622594729639103,-0.5812465698633444,280.6261682131501,255.39134277317802,268.0087554931641,0.09415672034123422,0.272916809877791,0.03199987554739692,41586440.0,0.9571172718799685,-0.003664168116717992,-0.07791450204289485,0.0020440108677830526,-0.4219991294314358,-0.03213044438249635,1.237324973489029,0.007679860855135612,-0.2828972276697026,0
2026-03-05,-0.008494547048829904,-0.008530831338801404,0.016558444108890576,-0.0019172513655325116,262.8498291015625,263.11032140380826,266.3086456298828,264.6602517987428,267.21241455078126,265.20604923307593,264.1569711303711,265.0466396264602,0.9893497588639546,0.9765000847944005,0.9731973549067359,0.9844541066861269,35.79076744605989,43.700094146042574,45.78925508058327,-0.29151141891242105,0.5515052945886441,-0.8430167135010651,279.72761231731187,254.69721678425063,267.21241455078126,0.09367227782115056,0.2138679050333477,0.24760634221957578,43467770.0,1.1424234553555428,-0.0046635601744375865,0.03199987554739692,-0.003664168116717992,-0.07791450204289485,0.0020440108677830526,-0.4219991294314358,-0.0046676776162442035,-0.040611847198369855,0
2026-03-06,-0.010872595974432131,-0.01093213459894777,0.017090010263797018,-0.004523888975157896,261.50706176757814,261.14787825032533,265.59729919433596,263.30802273412763,266.30364685058595,264.44575806262674,263.89208099365237,264.73982991339744,0.9836177662076814,0.9684699081038126,0.9659011244696869,0.9747279682467872,30.798068102445157,40.87910728855898,43.76827609952669,-0.8839501356007986,0.26441420855075554,-1.148364344151554,278.9481143539664,253.65917934720548,266.30364685058595,0.09496278141827207,0.14092379118381704,-0.17194604761310228,43372720.0,0.9480613620727498,-0.008494547048829904,0.24760634221957578,-0.0046635601744375865,0.03199987554739692,-0.003664168116717992,-0.07791450204289485,-0.03213044438249635,1.237324973489029,1
2026-03-09,0.009399570490431275,0.009355669414157603,0.02874403986590502,0.016387040562395185,260.5399536132812,260.6455113628471,264.96788024902344,262.64125088935725,265.4054748535156,263.9881408745566,263.6477981567383,264.53986707710305,0.9965487979370518,0.9798952889832298,0.9782796595706751,0.9848016156521606,39.25219523954618,44.19646337150213,45.91174639877422,-1.1451662281934318,-0.017501878798081932,-1.12766434939535,277.2373763291114,253.57357337791984,265.4054748535156,0.08916094501913432,0.25639176519872436,-0.07056177042801559,43463750.0,0.879318972707141,-0.010872595974432131,-0.17194604761310228,-0.008494547048829904,0.24760634221957578,-0.0046635601744375865,0.03199987554739692,0.0020440108677830526,-0.4219991294314358,1
2026-03-10,0.0036555398041986376,0.003648874557014285,0.021201545312983953,0.01234229672467557,259.95648803710935,260.6269758369502,263.8379180908203,262.2682788704116,264.7166091918945,263.6644993422328,263.393551940918,264.3849665950659,1.0024366260401105,0.987689361221589,0.984410859525075,0.9893556727751991,42.470973041982845,45.489534181718945,46.748435983064475,-1.2610585331129869,-0.26621320966106293,-0.9948453234519239,275.97143588261235,253.46178250117669,264.7166091918945,0.08503302248450266,0.3166695711919902,-0.19958135457958837,41821370.0,0.7314633643039432,0.009399570490431275,-0.07056177042801559,-0.010872595974432131,-0.17194604761310228,-0.008494547048829904,0.24760634221957578,-0.003664168116717992,-0.07791450204289485,0
2026-03-11,-7.670678451010549e-05,-7.670972662595488e-05,0.00989232435104074,-0.0010724224720371142,259.61480102539065,260.60795581512826,262.4971496582031,261.95948557969757,264.0737014770508,263.3697770973996,263.14709014892577,264.23535675884705,1.0036789687734342,0.9926580769001561,0.986731788565205,0.9902063352629783,42.41575241658201,45.4656398151842,46.73245011588388,-1.3390808752874932,-0.48078674278634903,-0.8582941325011442,274.7169578238185,253.4304451302831,264.0737014770508,0.08060822631891394,0.33539879190119737,-0.14291551708356764,41071830.0,0.638366978047971,0.0036555398041986376,-0.19958135457958837,0.009399570490431275,-0.07056177042801559,-0.010872595974432131,-0.17194604761310228,-0.0046635601744375865,0.03199987554739692,0
2026-03-12,-0.01936274610273292,-0.0195526595655038,0.018650373919688587,-0.01121166440197584,258.7096313476562,258.9134927602157,260.77973022460935,260.78950031982356,263.0876098632813,262.62261419768447,262.79253448486327,263.8937571467507,0.9876886504739922,0.9798482666973677,0.9712527579051673,0.972343324559354,30.672176641895177,39.78510664703891,42.849153874163854,-1.7874273026022252,-0.7421148547495243,-1.0453124478527007,273.03954970336946,253.1356700231931,263.0876098632813,0.07565494889903718,0.12002165736445863,0.555900514514339,41916720.0,0.9732154615151185,-7.670678451010549e-05,-0.14291551708356764,0.0036555398041986376,-0.19958135457958837,0.009399570490431275,-0.07056177042801559,-0.008494547048829904,0.24760634221957578,0
2026-03-13,-0.022051876328148423,-0.02229865363447962,0.027226860837791328,-0.02098011860023605,257.24298706054685,255.905585342748,259.3750244140625,258.80773126309424,262.5076431274414,261.40996241769665,262.3388589477539,263.3445812001257,0.9714152885691549,0.9634303498277155,0.9519333133721246,0.9525457704212218,22.540632109191336,34.58757049390795,39.044476305858474,-2.567825736486384,-1.1072570310968963,-1.4605687053894876,273.9976914405075,251.0175948143753,262.5076431274414,0.08754067634890116,-0.049078310022433166,-0.09471981173702015,38373070.0,0.9623936786918534,-0.01936274610273292,0.555900514514339,-7.670678451010549e-05,-0.14291551708356764,0.0036555398041986376,-0.19958135457958837,-0.010872595974432131,-0.17194604761310228,1
2026-03-16,0.010794859745288043,0.010737011185857437,0.01586106475225859,0.00281625763416076,255.83229064941406,254.79948873924087,258.18612213134764,257.676742948391,262.3597801208496,260.56970842860426,261.9634881591797,262.92272686020806,0.9873159283022863,0.9783147655152713,0.9627515902623428,0.9642080173353939,32.53070553140502,38.71520903035648,41.64884023927636,-2.9347988581062623,-1.4727653964987697,-1.4620334616074926,274.2727771509493,250.44678309074993,262.3597801208496,0.09081420196809327,0.08983937610612829,-0.1314865962632007,37397700.0,0.8576516737660338,-0.022051876328148423,-0.09471981173702015,-0.01936274610273292,0.555900514514339,-7.670678451010549e-05,-0.14291551708356764,0.009399570490431275,-0.07056177042801559,1
2026-03-17,0.005577047742174601,0.005561553592463054,0.011603714182463358,0.005020513045401709,254.5135070800781,254.53165480565278,257.23499755859376,257.007514582952,261.87772369384766,259.94363971525877,261.633258972168,262.5726586279833,0.9979666299539901,0.9874083594734057,0.9699029889056721,0.9708092462567847,37.44597323059667,40.81552317886605,42.98457627865384,-3.0764941676163744,-1.7935111507222907,-1.2829830168940837,274.3137308826612,249.44171650503412,261.87772369384766,0.0949756780637979,0.1831082261491093,0.008960472903455141,36776970.0,0.8799419854327314,0.010794859745288043,-0.1314865962632007,-0.022051876328148423,-0.09471981173702015,-0.01936274610273292,0.555900514514339,0.0036555398041986376,-0.19958135457958837,0
2026-03-18,-0.01687444479508171,-0.017018440434935896,0.023765713304731113,-0.010647992674718389,252.34151306152344,252.92441843000552,255.97815704345703,255.68068387309,261.15788650512695,258.9690021879685,261.2921697998047,262.06823851232554,0.9895714052321986,0.975512710001729,0.9561646750185686,0.9556732827854437,29.752087646279747,36.69490407884218,40.05529631078205,-3.494355673936184,-2.1336800553650694,-1.3606756185711144,274.61890129529354,247.69687171496034,261.15788650512695,0.10308717818408551,0.0747742274683915,0.10494845743102932,36372450.0,0.9831039701752288,0.005577047742174601,0.008960472903455141,0.010794859745288043,-0.1314865962632007,-0.022051876328148423,-0.09471981173702015,-7.670678451010549e-05,-0.14291551708356764,0
2026-03-19,-0.003920930967820313,-0.003928637969992818,0.018195688693498694,-0.001764182812289092,250.98276977539064,251.52656235991253,254.84620056152343,254.41707775429663,260.5774230957031,257.99394009575497,261.02931732177734,261.5452036773217,0.9910275930189177,0.9760037609808487,0.9545372245406478,0.9528847287031359,28.20747262182921,35.80561768838818,39.41109045099984,-3.860022808961162,-2.478948606084288,-1.3810742028768739,275.0896133279881,246.06523286341815,260.5774230957031,0.11138486258615767,0.09184062893477896,-0.024995875037404303,34893000.0,0.9991717536468633,-0.01687444479508171,0.10494845743102932,0.005577047742174601,0.008960472903455141,0.010794859745288043,-0.1314865962632007,-0.01936274610273292,0.555900514514339,0
2026-03-20,-0.0038962445152316283,-0.0039038546496206693,0.012903733526996522,4.036521411988366e-05,250.55716247558593,250.27161957620473,253.90007476806642,253.20701525511345,259.74868698120116,257.0194442779487,260.787607421875,261.0046754550263,0.9888431508435954,0.9758237930221776,0.9538517283312403,0.9500517929442328,26.612039578887703,34.90395108166135,38.76316641851457,-4.179833705833744,-2.8191256260341793,-1.3607080797995645,275.17200576731716,244.32536819508513,259.74868698120116,0.11875570163888642,0.11140163350566698,1.5335832561287974,39614110.0,2.2297888302930446,-0.003920930967820313,-0.024995875037404303,-0.01687444479508171,0.10494845743102932,0.005577047742174601,0.008960472903455141,-0.022051876328148423,-0.09471981173702015,1
2026-03-23,0.014113480475494988,0.014014812591042392,0.017177650124693186,-0.00976491599645237,250.29140625,250.60058451890214,253.06184844970704,252.85274237314678,259.0148643493652,256.4707842899819,260.64158508300784,260.62247306088005,1.003863928725267,0.9928739394876879,0.9700544215307798,0.9640001012281955,40.725187305169,40.70601657735713,42.353699077872605,-4.103818921624082,-3.0760642851521602,-1.0277546364719221,274.58687043848596,243.44285826024446,259.0148643493652,0.1202402505218146,0.2509521284323397,-0.5409759416558834,39846870.0,1.01754792785481,-0.0038962445152316283,1.5335832561287974,-0.003920930967820313,-0.024995875037404303,-0.01687444479508171,0.10494845743102932,0.010794859745288043,-0.1314865962632007,1
2026-03-24,0.0005964238375686381,0.0005962460475602484,0.020982350946206808,0.00515275915591317,249.7738830566406,250.869846669828,252.14369506835936,252.59012939106185,257.99080657958984,255.98864968823884,260.4919723510742,260.26113572404864,1.0065438703800287,0.997083710157891,0.9744857745313514,0.965129054467935,41.28969210470481,40.9489279729036,42.50539362893786,-3.98554164176403,-3.257959756474534,-0.7275818852894957,272.7119804547463,243.2696327044334,257.99080657958984,0.11412169348456988,0.27642966302372357,0.11360402110190626,41303020.0,1.0931960907459066,0.014113480475494988,-0.5409759416558834,-0.0038962445152316283,1.5335832561287974,-0.003920930967820313,-0.024995875037404303,0.005577047742174601,0.008960472903455141,1
2026-03-25,0.0038944425565474727,0.0038868788463975487,0.01345892630117086,-0.005824521648083711,250.30938720703125,251.37571992344004,251.32545013427733,252.55328158008044,256.9112998962402,255.6456798541841,260.34437438964846,259.95236437921005,1.0083020427113027,1.0042256615707614,0.9823914578011819,0.9694369890740347,45.263189917028136,42.60339236795637,43.52490958325981,-3.7693504982308923,-3.360237904825806,-0.4091125934050863,269.8424867061219,243.98011308635853,256.9112998962402,0.10066654767699407,0.3250804998765017,-0.3693189494222886,41528800.0,0.6857096761765329,0.0005964238375686381,0.11360402110190626,0.014113480475494988,-0.5409759416558834,-0.0038962445152316283,1.5335832561287974,-0.01687444479508171,0.10494845743102932,1
2026-03-26,0.0010688333127273353,0.0010682625170895263,0.024635200057634622,0.0030541182269301624,251.09466247558595,251.80288880312673,251.0387161254883,252.57218066779308,255.90922317504882,255.3610652549761,260.186201171875,259.66628054326065,1.0062230079743968,1.0064472542801033,0.9872923821494141,0.9710631287306376,46.42863247134376,43.076606638451935,43.813142576412474,-3.5354950846812017,-3.3952893407968854,-0.14020574388431628,266.72447184269413,245.0939745074035,255.90922317504882,0.08452410220672193,0.3496568727875201,0.4677508278698024,41629070.0,1.0040267534201461,0.0038944425565474727,-0.3693189494222886,0.0005964238375686381,0.11360402110190626,0.014113480475494988,-0.5409759416558834,-0.003920930967820313,-0.024995875037404303,0
2026-03-27,-0.016173068672430957,-0.016305280196262602,0.02982314340004946,-0.02008661271101032,251.2565124511719,250.72558716432408,250.9068374633789,251.84469034396136,255.14093093872071,254.7143908389516,259.96806274414064,259.2311708704551,0.9893116061420496,0.9906903550326679,0.9742497331657854,0.9561596961676064,33.73501355463644,37.96988730244211,40.5236353517378,-3.6379525657552563,-3.4438219857885595,-0.1941305799666968,265.7470599808155,244.5348018966259,255.14093093872071,0.08313937715185458,0.19027592319844455,0.14602348989274283,42726070.0,1.1210953874297356,0.0010688333127273353,0.4677508278698024,0.0038944425565474727,-0.3693189494222886,0.0005964238375686381,0.11360402110190626,-0.0038962445152316283,1.5335832561287974,0
2026-03-30,-0.008721851736991693,-0.008760109701824332,0.021732962349404198,-0.013756157638473801,250.28540649414063,249.28471964926297,250.2884063720703,250.85528930308485,254.23726425170898,253.92282834182674,259.7414990234375,258.7281047429526,0.984488021377743,0.9844762216147009,0.9691851638837178,0.948646964561126,28.852294982726093,35.56111611374263,38.89672453719065,-3.8497131826342468,-3.5250002251576973,-0.3247129574765495,264.5844362736065,243.89009222981144,254.23726425170898,0.08139776088569975,0.12142894618989575,-0.17648851774530272,43463270.0,0.9075755229645629,-0.016173068672430957,0.14602348989274283,0.0010688333127273353,0.4677508278698024,0.0038944425565474727,-0.3693189494222886,0.014113480475494988,-0.5409759416558834,1
2026-03-31,0.029031290418426448,0.02861786495948073,0.0330193854986848,0.02371824265727338,250.7150085449219,250.70860684137062,250.24444580078125,251.34639692535777,253.7397216796875,253.88792861647048,259.7115042114258,258.52529205599706,1.0113330777329788,1.0132348009331695,0.9992774467754284,0.9763001527231959,54.30934783268391,47.414895443950975,46.3578447643908,-3.4011097978214764,-3.500222139690453,0.09911234186897655,263.172644443362,244.306798916013,253.7397216796875,0.07435117135962103,0.49028188512220205,0.2573606583143624,45186920.0,1.0976207274140393,-0.008721851736991693,-0.17648851774530272,-0.016173068672430957,0.14602348989274283,0.0010688333127273353,0.4677508278698024,0.0005964238375686381,0.11360402110190626,1
2026-04-01,0.007250134515282447,0.007223978636376895,0.011148890154866874,0.006100452773093314,251.316455078125,252.27063759314035,250.81292114257812,252.0824518655981,253.3955390930176,254.03143056696658,259.894548034668,258.4025237046513,1.0162275248442723,1.0182677109824696,1.0078894838118213,0.982685866356119,58.735983889594756,49.96230689050467,48.06890245297298,-2.864234383561012,-3.373024588464565,0.5087902049035531,262.02527476394937,244.76580342208584,253.3955390930176,0.06811276711358302,0.6158297356891252,-0.19231986709168292,45617070.0,0.8781668791967568,0.029031290418426448,0.2573606583143624,-0.008721851736991693,-0.17648851774530272,-0.016173068672430957,0.14602348989274283,0.0038944425565474727,-0.3693189494222886,1
2026-04-02,0.0011344553655323608,0.0011338123573076417,0.021412984626197507,0.006766330611142093,251.9218963623047,253.40856938989305,251.5082794189453,252.73735752337996,253.17723999023437,254.18885936853152,260.06442169189455,258.295931911661,1.014935329859865,1.016604437731041,1.0099029162070838,0.9831580626061753,59.45821272453931,50.370382510144076,48.34159133999428,-2.387851975344489,-3.1759900658405504,0.7881380904960613,261.3302794255544,245.02420055491433,253.17723999023437,0.06440578494049877,0.6537581789622272,-0.218924896528655,45259600.0,0.6913317837541648,0.007250134515282447,-0.19231986709168292,0.029031290418426448,0.2573606583143624,-0.008721851736991693,-0.17648851774530272,0.0010688333127273353,0.4677508278698024,1
2026-04-06,0.011487876222620041,0.01142239161475063,0.022019672910395853,0.009161340674715397,253.93204040527343,255.14628096044953,252.59427642822266,253.80723871941314,253.24717559814454,254.61103505739163,260.27906677246096,258.30870729165713,1.0184681841992227,1.0238620912499283,1.021222461773656,0.9936323627887165,66.41143763346761,54.42799811538078,51.07619389888665,-1.753093680559516,-2.8914107887843437,1.1383171082248276,261.56025590543936,244.93409529084968,253.24717559814454,0.0656519093463544,0.8232573429311008,-0.06262504234660937,39359480.0,0.7451800684358635,0.0011344553655323608,-0.218924896528655,0.007250134515282447,-0.19231986709168292,0.029031290418426448,0.2573606583143624,-0.016173068672430957,0.14602348989274283,0
2026-04-07,-0.0207060792616357,-0.020923456036972127,0.04142017853565706,-0.010384149063403679,255.30477600097657,254.5197415061851,252.7950912475586,253.70895215182097,252.9284698486328,254.48299958503588,260.3927996826172,258.11098004875515,0.9920169397719668,1.0018654292208382,1.0013371082710691,0.972633125441077,48.66037267320556,46.89959962475396,46.376601254293824,-1.6629804507056178,-2.6457247211685986,0.9827442704629807,260.70828073607856,245.14865896118704,252.9284698486328,0.061517874141267345,0.5217352808388434,1.118929829286837,41519670.0,1.4968327060402937,0.011487876222620041,-0.06262504234660937,0.0011344553655323608,-0.218924896528655,0.007250134515282447,-0.19231986709168292,-0.008721851736991693,-0.17648851774530272,1
2026-04-08,0.021301735790709264,0.02107802518992581,0.012437239461622182,0.0017410782286698115,256.3258361816406,255.9003883804255,253.52042236328126,254.609448511291,252.83205871582032,254.88096935111878,260.4673059082031,258.13257620876107,1.0091127994823368,1.0202794698655788,1.0230572951970396,0.9930677526954833,60.93366699662128,53.82856614864608,51.13298592451716,-1.1430556447579079,-2.3451909058864606,1.2021352611285527,260.26998212031424,245.39413531132644,252.83205871582032,0.05883686936120725,0.8918851469728585,-0.33975670978953465,41107720.0,0.9981774712876316,-0.0207060792616357,1.118929829286837,0.011487876222620041,-0.06262504234660937,0.0011344553655323608,-0.218924896528655,0.029031290418426448,0.2573606583143624,1
2026-04-09,0.006141348347641795,0.006122567123347408,0.01938649461510985,0.005752858047780022,257.29693908691405,257.350330127966,254.30669708251952,255.6350421679739,252.81607360839843,255.39232594844526,260.5164892578125,258.2156208132429,1.011478078777825,1.0233714511206866,1.0294053297661905,0.9989778933551414,63.89839304297743,55.663090887622985,52.43729725378438,-0.5959604138445229,-1.995344807478073,1.3993843936335502,260.18849522949586,245.443651987301,252.81607360839843,0.05832241214628627,1.0041857612547824,-0.3146555925990915,41072210.0,0.6846867991763774,0.021301735790709264,-0.33975670978953465,-0.0207060792616357,1.118929829286837,0.011487876222620041,-0.06262504234660937,0.007250134515282447,-0.19231986709168292,0
2026-04-10,-3.834482173115106e-05,-3.8345556912621514e-05,0.012169891331511019,0.0019232247821787966,258.2080993652344,258.313631543644,255.06499786376952,256.4723498419786,253.0518569946289,255.85403151287906,260.6020050048828,258.2950174235079,1.0078701443322704,1.0202898733835466,1.0284067363335874,0.9986117887700978,63.86287253663091,55.64813240724336,52.42806685221977,-0.16132904287235306,-1.6285416545569293,1.4672126116845763,261.03224990753114,245.07146408172665,253.0518569946289,0.06307318197685964,0.9503774099110677,0.11272118229403727,40021690.0,0.7818635344984183,0.006141348347641795,-0.3146555925990915,0.021301735790709264,-0.33975670978953465,-0.0207060792616357,1.118929829286837,0.0011344553655323608,-0.218924896528655,0
2026-04-13,-0.004913954203973225,-0.0049260673756055485,0.013580203888494945,-0.0020405758167266882,258.2760437011719,258.52956295617935,256.10404205322266,256.9249091036643,253.50543975830078,256.1499738241525,260.6252130126953,258.32115108459584,1.002653680419819,1.0111571207745074,1.0215221654736526,0.9936161693175699,58.962598741300916,53.658154295605634,51.21502792585165,0.07901939748046516,-1.2870294441494505,1.3660488416299157,261.74246374813106,245.26841576847053,253.50543975830078,0.06498498807507778,0.8311867265219434,0.15797261237077165,38855160.0,0.9325582496636226,-3.834482173115106e-05,0.11272118229403727,0.006141348347641795,-0.3146555925990915,0.021301735790709264,-0.33975670978953465,0.011487876222620041,-0.06262504234660937,0
2026-04-14,-0.00142758690909639,-0.0014286068821369137,0.018313141754352225,-0.0016201096537487938,259.3410583496094,258.5502872507342,257.32291717529296,257.22796851024236,253.80566177368163,256.38252258755165,260.61707092285155,258.3317622514683,0.9971106676492563,1.0049308420659884,1.018857239167619,0.9922286937082209,57.47518712490654,53.06735237577224,50.857845372608026,0.2369351386420817,-0.9822365275911442,1.219171666233226,262.3199741344546,245.29134941290872,253.80566177368163,0.06709316333821695,0.7810605168899171,0.3349275694293039,39747610.0,1.2169461258173762,-0.004913954203973225,0.15797261237077165,-3.834482173115106e-05,0.11272118229403727,0.006141348347641795,-0.3146555925990915,-0.0207060792616357,1.118929829286837,1
2026-04-15,0.02936295529114541,0.028940120889102108,0.032841647864502686,0.03203435426231235,260.8456726074219,261.09510930647906,258.58575439453125,258.8564748571017,254.41510009765625,257.3160683809247,260.55058044433594,258.63972268937033,1.0204683511026933,1.0293867658766829,1.0462616146439216,1.021624104479155,73.49611468136365,62.2587899601145,57.282692062999466,0.9636689860847696,-0.5930554248559615,1.5567244109407312,264.4972125721209,244.33298762319163,254.41510009765625,0.07925718615439604,1.083689844272318,0.03189534160142404,39779150.0,1.2547653733174289,-0.00142758690909639,0.3349275694293039,-0.004913954203973225,0.15797261237077165,-3.834482173115106e-05,0.11272118229403727,0.021301735790709264,-0.33975670978953465,0
2026-04-16,-0.011372633634406881,-0.011437796552710188,0.022361483617772005,-0.012743605892226294,261.42713623046876,261.78258345041314,259.3620376586914,259.6384851991343,255.08747940063478,257.8723982244825,260.43412536621094,258.8168916716806,1.0066190355475837,1.0146339615228677,1.0316364109936256,1.0104571794047372,62.5373558501615,57.429760081011864,54.3102753257584,1.2805776045210564,-0.21832881898055795,1.4989064235016143,265.6088359109159,244.56612289035365,255.08747940063478,0.08249214375399831,0.8835081688259819,-0.1320364230118104,40105520.0,1.0802278589082002,0.02936295529114541,0.03189534160142404,-0.00142758690909639,0.3349275694293039,-0.004913954203973225,0.15797261237077165,0.006141348347641795,-0.3146555925990915,1
2026-04-17,0.02593021154924191,0.025599724502604514,0.02064902618291329,0.012249099625103385,263.375341796875,264.51547636928586,260.7917205810547,261.51899010966105,256.15,259.02562336567763,260.3142059326172,259.2547101240473,1.0250817725193537,1.0352370911373332,1.0539967292876489,1.0371361072661411,73.0895430951938,64.17513511257563,59.307896745800164,2.0586175269623936,0.2370604502080324,1.8215570767543612,268.0859435767868,244.21405642321312,256.15,0.09319495277600501,1.079395425173192,0.41809334973720724,43120200.0,1.4247661188955525,-0.011372633634406881,-0.1320364230118104,0.02936295529114541,0.03189534160142404,-0.00142758690909639,0.3349275694293039,-3.834482173115106e-05,0.11272118229403727,1
2026-04-20,0.010435475371396441,0.010381401662850636,0.014612673183491603,0.010061781362815981,266.1427856445313,267.27653258603436,262.20941467285155,263.56983645691014,257.40184555053713,260.3373397136637,260.2622119140625,259.78584482583096,1.0250086034039252,1.0403846305819777,1.0598161968732707,1.0481684721468834,76.30453630488569,66.53303322838781,61.150142398286185,2.8694814224425045,0.7635446446549269,2.1059367777875777,270.72705304866076,244.07663805241347,257.40184555053713,0.10353622344566628,1.0777320717580643,-0.404419544177537,43846230.0,0.834511883917956,0.02593021154924191,0.41809334973720724,-0.011372633634406881,-0.1320364230118104,0.02936295529114541,0.03189534160142404,-0.004913954203973225,0.15797261237077165,0
2026-04-21,-0.025196703995697067,-0.02551957602598669,0.027801756483336937,-0.019631626417184495,267.60944213867185,266.82602782753855,263.4752502441406,263.9980513393895,258.1351707458496,260.8694995800335,260.0286279296875,260.0265967271924,0.9937056636915967,1.0092979058341771,1.0301773971450285,1.0226759277538233,56.94145661933203,56.7238867282626,54.795230399160864,2.9237495071026274,1.195585617144467,1.7281638899581604,271.64038761803096,244.62995387366828,258.1351707458496,0.10463678260625767,0.7884014243689466,0.37221988401265915,42652410.0,1.177185533009741,0.010435475371396441,-0.404419544177537,0.02593021154924191,0.41809334973720724,-0.011372633634406881,-0.1320364230118104,-0.00142758690909639,0.3349275694293039,1
2026-04-22,0.026298995241013978,0.025959122658055597,0.025149155395875485,0.01997612559631885,268.9562072753906,268.8568782522132,264.90093994140625,265.6199654779664,259.21068115234374,262.01703096303623,259.99965515136716,260.5321646634422,1.0147324051982733,1.0302665561018005,1.0528832295346746,1.0496882349427508,66.9090887799122,62.74259859782105,59.31248851879998,3.4908390438591823,1.6546363024874102,1.836202741371772,273.78544899642066,244.6359133082668,259.21068115234374,0.11245499436430263,0.9702612794889064,-0.13863030723085934,42874050.0,1.008750048106022,-0.025196703995697067,0.37221988401265915,0.010435475371396441,-0.404419544177537,0.02593021154924191,0.41809334973720724,0.02936295529114541,0.03189534160142404,1
2026-04-23,0.0009516944880663125,0.0009512419139857489,0.015067824406786149,-0.0058898207201772135,270.9603637695312,270.2973569044703,266.19375,266.99421070178784,260.25022354125974,263.0800103197932,259.9946600341797,261.02809209660074,1.0081855161714341,1.0262386483866897,1.0496756179180573,1.050707403656181,67.23770281256992,62.948697542551976,59.47042566630491,3.916077931153893,2.106924628220707,1.8091533029331863,275.67127950408826,244.82916757843125,260.25022354125974,0.11850945411682745,0.9191700846844397,-0.22774062872839262,43401850.0,0.7695432337561647,0.026298995241013978,-0.13863030723085934,-0.025196703995697067,0.37221988401265915,0.010435475371396441,-0.404419544177537,-0.011372633634406881,-0.1320364230118104,0
2026-04-24,-0.008667702544387201,-0.00870548556450589,0.012580254160786914,-0.006232629953679758,271.12620849609374,270.4683998829281,267.2507751464844,267.6880789087071,261.15788650512695,263.81624608360755,259.90594177246095,261.4117153806495,0.9988355140655665,1.0133197394522364,1.0369607805603347,1.0419557321122321,60.8145101992314,59.70614879670518,57.33988966346082,4.0157280392606935,2.4886853104287043,1.5270427288319892,276.81951688398186,245.49625612627204,261.15788650512695,0.11993993816110506,0.8081607438440436,0.1424418256506066,44088410.0,0.8654678179594139,0.0009516944880663125,-0.22774062872839262,0.026298995241013978,-0.13863030723085934,-0.025196703995697067,0.37221988401265915,0.02593021154924191,0.41809334973720724,0
2026-04-27,-0.012727861582674027,-0.012809554739298108,0.01229392850577544,0.005712311753884026,270.039208984375,269.43348240893124,268.09099731445315,267.629091372749,262.0975196838379,264.15409383382945,260.0234326171875,261.6451244818373,0.9900919517076784,0.9972869292113434,1.0200922457543742,1.0282290513969041,52.32529986499715,55.24498652462131,54.36307468874057,3.7730767371608067,2.745563595775125,1.0275131413856817,276.8545957622759,247.3404436053999,262.0975196838379,0.11260752178226718,0.6784272083815471,0.08673877207649427,44611620.0,0.9295067069969662,-0.008667702544387201,0.1424418256506066,0.0009516944880663125,-0.22774062872839262,0.026298995241013978,-0.13863030723085934,0.010435475371396441,-0.404419544177537,1
2026-04-28,0.011584102768505522,0.011517520751980868,0.016881561333051427,-0.005985183611408213,270.9463684082031,269.7759267491833,269.2779052734375,268.14395029219236,263.30041122436523,264.7547339858159,260.3217578125,261.9908378523412,0.9982079369383388,1.004392897200566,1.0271948082877116,1.0389481759127115,58.4112278396225,58.26272483851896,56.49404235315742,3.7870348229126307,2.9538578412026264,0.8331769817100043,276.5935959112197,250.00722653751075,263.30041122436523,0.10097352013268991,0.7693261386943313,-0.03491709029874501,43776440.0,0.9141652450496203,-0.012727861582674027,0.08673877207649427,-0.008667702544387201,0.1424418256506066,0.0009516944880663125,-0.22774062872839262,-0.025196703995697067,0.37221988401265915,0
2026-04-29,-0.001994705758897597,-0.0019966978339397375,0.014805492101994099,0.009792658397700972,270.3469177246094,269.8243930606535,269.6515625,268.4671094542653,264.1186584472656,265.24679033798526,260.44744201660154,262.30183737513545,0.9984257558969133,1.001000413945659,1.0219699254510892,1.036375414531383,56.934237774385835,57.53498689039618,56.01565724349986,3.7117773340223152,3.1054417397665643,0.6063355942557509,276.9174366147138,251.31988027981745,264.1186584472656,0.09691688003181032,0.7266883276048325,-0.24915727318841852,41789880.0,0.7190233616368364,0.011584102768505522,-0.03491709029874501,-0.012727861582674027,0.08673877207649427,-0.008667702544387201,0.1424418256506066,0.026298995241013978,-0.13863030723085934,1
2026-04-30,0.004367659937802859,0.0043581493936293405,0.028966225077452203,0.0031423515841612648,269.9313049316406,270.2496787884826,270.4458343505859,268.9458623251517,264.9039360046387,265.80426271000005,260.5873132324219,262.64687317391997,1.0043305288832507,1.0024197669567592,1.0233907971808822,1.0403432418919876,59.54237949041227,58.74759646124291,56.85397357540224,3.7045607212427285,3.2252655360617974,0.47929518518093106,277.3886911349805,252.41918087429693,264.9039360046387,0.09425873634526263,0.7481552170952466,2.0567260940032415,46642390.0,1.969200120319735,-0.001994705758897597,-0.24915727318841852,0.011584102768505522,-0.03491709029874501,-0.012727861582674027,0.08673877207649427,0.0009516944880663125,-0.22774062872839262,1
2026-05-01,0.03239351812191993,0.03187991038650981,0.03159136731902423,0.004590222205101373,271.7456359863281,273.4604995634155,271.43592224121096,270.93427665026616,266.1138214111328,267.1450130341221,260.97815368652346,263.3227660342871,1.02994162205189,1.031116805772541,1.051738461494178,1.0724351335915439,73.49331380660394,66.43620130220626,62.45147285181965,4.357239162657493,3.451660261380937,0.9055789012765558,279.45111117857755,252.77653164368803,266.1138214111328,0.10023748256832779,1.016158827701105,-0.129918713703698,48490310.0,1.6480694802734814,0.004367659937802859,2.0567260940032415,-0.001994705758897597,-0.24915727318841852,0.011584102768505522,-0.03491709029874501,-0.008667702544387201,0.1424418256506066,0
2026-05-04,-0.011815603186417278,-0.011885962197690256,0.020843188278462453,-0.010119491714170929,273.587939453125,274.498721307251,271.81357421875,271.95989267656716,267.0114944458008,268.04312272562686,261.2229278564453,263.84246794646884,1.0109187025852384,1.0175178542493977,1.0358174481176217,1.0587706334373272,63.8243642657072,61.7676004415953,59.404257410718216,4.555137390077391,3.672355687120228,0.8827817029571632,280.6247823497108,253.39820654189077,267.0114944458008,0.10196780428621816,0.8512623260679808,-0.41602744902734645,49498130.0,0.942831577677783,0.03239351812191993,-0.129918713703698,0.004367659937802859,2.0567260940032415,-0.001994705758897597,-0.24915727318841852,-0.012727861582674027,0.08673877207649427,1
2026-05-05,0.026550690927708454,0.026204338554427865,0.028397521050772038,0.026179901750432714,276.2794616699219,277.63862304272465,273.6129150390625,274.1341715560407,268.54408264160156,269.5550564197264,261.5825970458984,264.62976043930036,1.0276494126547722,1.0376645651874221,1.0572507266622175,1.0853872915095124,73.01994254281541,67.26803104254651,63.55088201131268,5.24406272086128,3.9866970938684383,1.2573656269928413,282.5194570954714,254.56870818773172,268.54408264160156,0.1040825351011093,1.0500512320016258,0.05664003908426252,49408320.0,0.9980444589089449,-0.011815603186417278,-0.41602744902734645,0.03239351812191993,-0.129918713703698,0.004367659937802859,2.0567260940032415,0.011584102768505522,-0.03491709029874501,1
2026-05-06,0.011717924952267644,0.011649801728447845,0.02420782309719168,0.01982830615650322,279.7442687988281,280.84086913785814,275.04559326171875,276.5180242418742,269.9732666015625,271.2398473633834,261.8897137451172,265.51664674866606,1.0268141061888605,1.044355439117316,1.0639770557432762,1.0968180354257253,76.21558006670976,69.41494374228962,65.2399206058277,5.989454145040213,4.387248504102794,1.6022056409374192,285.38611905929326,254.56041414383174,269.9732666015625,0.1141805827795363,1.060314671600557,0.18300727819158547,50917010.0,1.1457094593732036,0.026550690927708454,0.05664003908426252,-0.011815603186417278,-0.41602744902734645,0.03239351812191993,-0.129918713703698,-0.001994705758897597,-0.24915727318841852,0
2026-05-07,-0.00024350711440246364,-0.00024353676707370125,0.022091587982121887,-0.006326223396023108,282.9593017578125,282.9523844382596,276.44530334472654,278.45573165954477,271.3195266723633,272.7575204753528,262.15367004394534,266.36601021103456,1.0149000695685155,1.038814592125501,1.0584399086979326,1.09544686134252,75.99479704262147,69.31201046024675,65.1732504274858,6.499614626451375,4.8097217285725105,1.689892897878865,287.7688909913696,254.87016235335696,271.3195266723633,0.12125455562120326,0.9819605201514886,-0.22476305409514863,52099480.0,0.8680374545005056,0.011717924952267644,0.18300727819158547,0.026550690927708454,0.05664003908426252,-0.011815603186417278,-0.41602744902734645,0.004367659937802859,2.0567260940032415,1
2026-05-08,0.020456497888878378,0.020250074126795237,0.01622804325230901,0.011413390735267311,285.59287719726564,286.31826239568875,278.66925659179685,281.1092383233633,272.96001586914065,274.69013931679984,262.56069519042967,267.41244190121154,1.0261110892766783,1.0516051246363907,1.073600532215083,1.1161229524396405,81.30211452485115,72.9412020230034,68.05237182847395,7.293872647772787,5.306551912412566,1.9873207353602211,291.11791985296475,254.80211188531655,272.96001586914065,0.13304442356516533,1.0532026840571282,0.1651435179759555,53553050.0,0.983936489144876,-0.00024350711440246364,-0.22476305409514863,0.011717924952267644,0.18300727819158547,0.026550690927708454,0.05664003908426252,0.03239351812191993,-0.129918713703698,0
2026-05-11,-0.0012626705737772692,-0.0012634684139431265,0.012470937501107863,0.002397361679275714,288.8138427734375,288.4388391557196,281.2008911132813,283.2130118419847,274.6459442138672,276.4034586843219,263.1355584716797,268.4033262453123,1.013386304012362,1.04082171118681,1.0656628974206548,1.1122783799183162,80.00232700074925,72.36072860165768,67.682318062977,7.80351580304017,5.805944690538087,1.997571112502083,293.5383620504676,255.75352637726687,274.6459442138672,0.1375765288701209,0.977282701925441,-0.19823391431087356,53631100.0,0.7877388306411764,0.020456497888878378,0.1651435179759555,-0.00024350711440246364,-0.22476305409514863,0.011717924952267644,0.18300727819158547,-0.011815603186417278,-0.41602744902734645,1
2026-05-12,0.007243389265544797,0.007217281916175962,0.009192644393802653,0.007656515767937057,290.9901550292969,290.5592220348027,283.6348083496094,285.31973474216363,276.45635681152345,278.1555090756216,263.7420318603516,269.4384894432596,1.013092651754106,1.0393646305554893,1.066352719080181,1.117758840764001,81.93299069299927,73.65434682581684,68.70602270365714,8.282996337990653,6.3013550200286,1.981641317962053,295.78257345710716,257.13014016593974,276.45635681152345,0.13981387057603115,0.9745789441834973,0.08286446707836959,54204020.0,0.8439982864739553,-0.0012626705737772692,-0.19823391431087356,0.020456497888878378,0.1651435179759555,-0.00024350711440246364,-0.22476305409514863,0.026550690927708454,0.05664003908426252,1
2026-05-13,0.013805995565634221,0.013711560991706276,0.024826893127311,0.01829640585072402,293.31508178710936,293.329479728931,286.52967529296876,287.7834184467134,278.0906188964844,280.1283172700564,264.449287109375,270.5926661363548,1.0189383829028946,1.043068208595152,1.0747216008334246,1.1301599576389716,85.14518333401053,75.97879241473248,70.58431454362301,8.888937554052063,6.818871526833293,2.07006602721877,299.11899184227366,257.0622459506951,278.0906188964844,0.1512339612837987,0.9940795056819643,0.1516172256334143,56467660.0,0.9329995257462413,0.007243389265544797,0.08286446707836959,-0.0012626705737772692,-0.19823391431087356,0.020456497888878378,0.1651435179759555,0.011717924952267644,0.18300727819158547,0
2026-05-14,-0.00220833028705536,-0.002210772244144634,0.01700146698465832,-0.005369941397538522,295.5219970703125,294.9563169709801,289.2406494140625,289.6791589936888,279.8432418823242,281.85038147815374,265.167919921875,271.67569850179495,1.0090957506087983,1.0310099637073336,1.0656322784470789,1.1246081032084805,82.37438175298229,74.82587537365731,69.87025392180472,9.209729524597947,7.2970431263862245,1.9126863982117221,301.4363919869436,258.2500917777048,279.8432418823242,0.15432318436118914,0.9252911104624969,-0.3294985413111686,50815330.0,0.6951622669773079,0.013805995565634221,0.1516172256334143,0.007243389265544797,0.08286446707836959,-0.0012626705737772692,-0.19823391431087356,-0.00024350711440246364,-0.22476305409514863,1
2026-05-15,0.0067738157309671365,0.006750976522238501,0.022249685071168885,0.007821474110715808,296.95799560546874,296.7142149760961,291.2754364013672,291.5974957196232,281.3556793212891,283.60082238369415,265.9715118408203,272.7954754619727,1.0110184451312316,1.0307426355465892,1.0670835282606321,1.128805144988652,84.20924707586397,76.0249838864295,70.81894833721265,9.517249241625677,7.741084349434115,1.776164892191562,304.1764287763422,258.5349298662359,281.3556793212891,0.16221993108582963,0.9135344393972072,0.5530914454110274,48310070.0,1.1356390085959305,-0.00220833028705536,-0.3294985413111686,0.013805995565634221,0.1516172256334143,0.007243389265544797,0.08286446707836959,0.020456497888878378,0.1651435179759555,0
2026-05-18,-0.007960612067346995,-0.007992466908238653,0.01930566770984242,-0.007993585047118069,297.9899963378906,297.0894754300276,293.40191955566405,292.73249583203545,282.60774688720704,284.9569341888557,266.78385192871093,273.7776135355382,0.9994966273974181,1.0151262704379975,1.0538989097732094,1.1164093860428945,73.62889967829248,71.67486931291172,68.15300936786802,9.459068372850425,8.084681154117376,1.3743872187330481,306.1495795946299,259.06591417978416,282.60774688720704,0.16660429847890038,0.823514520725499,-0.37146846314807114,47091530.0,0.7322548237443124,0.0067738157309671365,0.5530914454110274,-0.00220833028705536,-0.3294985413111686,0.013805995565634221,0.1516172256334143,-0.0012626705737772692,-0.19823391431087356,1
2026-05-19,0.003793999787491842,0.003786820722815226,0.013914451768150518,0.006734686977738312,298.8239990234375,297.7163173602528,294.9070770263672,293.8665877208841,284.25999603271487,286.2915120014126,267.5704364013672,274.76555030750546,1.0004885892623843,1.0137769640366165,1.0517484183257897,1.1173506506983275,75.33810094542753,72.47674777643238,68.73725687551558,9.395832259785323,8.346911375250967,1.0489208845343558,307.52327536068714,260.9967167047426,284.25999603271487,0.16367606875851043,0.8161636195095812,0.2250558246092278,46384720.0,0.910722324075687,-0.007960612067346995,-0.37146846314807114,0.0067738157309671365,0.5530914454110274,-0.00220833028705536,-0.3294985413111686,0.007243389265544797,0.08286446707836959,1
2026-05-20,0.0109709963070026,0.010911251503184886,0.01561621578396402,0.013649498370751433,299.5,299.2275449068352,296.4075408935547,295.39084449890515,285.72656707763673,287.8113680012781,268.40363830566406,275.8433718640739,1.0091819699499165,1.0197108990170511,1.0578295294391493,1.1261024698025552,79.77679399100913,74.71437797399552,70.39268436590729,9.500865609324478,8.57770222206567,0.9231633872588088,309.63429268086776,261.8188414744057,285.72656707763673,0.16734688585492924,0.8455668095866509,-0.0950155763239875,44374090.0,0.8615342872383411,0.003793999787491842,0.2250558246092278,-0.007960612067346995,-0.37146846314807114,0.0067738157309671365,0.5530914454110274,0.013805995565634221,0.1516172256334143,1
2026-05-21,0.009065310949131433,0.009024467670268961,0.016853060143015068,0.013053852081482117,300.8559997558594,301.14836001601515,298.1889984130859,297.136143723536,287.31715087890626,289.44742726157307,269.2920397949219,276.9863765060465,1.0137407613006564,1.0228076550693783,1.061509865670766,1.1325622193163924,82.79474291707123,76.4376993453325,71.70678901229826,9.69345944194123,8.800853666040782,0.8926057759004475,311.89729897723817,262.73700278057436,287.31715087890626,0.17110115440822773,0.8594941593673328,0.12386410601154063,44148170.0,0.9732022867539016,0.0109709963070026,-0.0950155763239875,0.003793999787491842,0.2250558246092278,-0.007960612067346995,-0.37146846314807114,-0.00220833028705536,-0.3294985413111686,1
2026-05-22,0.012557845216167651,0.012479649444335736,0.018004006951390664,0.008820110577872063,302.5739990234375,303.7055757854164,299.7659973144531,299.2604825600238,289.217626953125,291.29243488658693,270.35794860839843,278.23475418519047,1.020642911555323,1.0302035924383646,1.0677772671659147,1.1422634655788535,86.16235806824962,78.63015301544033,73.43718691295169,10.039413700395585,9.048565672911742,0.9908480274838425,314.2719082683094,264.16334563794055,289.217626953125,0.17325556245743698,0.891198217272621,0.016410994039348203,43245910.0,1.0098111012116522,0.009065310949131433,0.12386410601154063,0.0109709963070026,-0.0950155763239875,0.003793999787491842,0.2250558246092278,0.0067738157309671365,0.5530914454110274,0
2026-05-26,-0.001586751960143129,-0.0015880121843198519,0.013459585759465889,-0.00397341709532514,304.6719970703125,305.2470460476995,301.33099670410155,300.9094832895223,291.2659439086914,292.91505885665157,271.5267529296875,279.41495937684044,1.0120063200331106,1.0232269163966456,1.058585780522709,1.1355418324179216,83.71649096965443,77.63482154789006,72.83873508721358,10.156961236631105,9.270244785655615,0.8867164509754897,315.52438114054615,267.0075066768366,291.2659439086914,0.16657242454311458,0.8517135605332138,0.09915915200754744,43821230.0,1.0953708967091977,0.012557845216167651,0.016410994039348203,0.009065310949131433,0.12386410601154063,0.0109709963070026,-0.0950155763239875,-0.007960612067346995,-0.37146846314807114,1
2026-05-27,0.008173125031610828,0.008139905925081868,0.015956319367111487,0.00817312503161078,307.047998046875,307.1146993996382,302.9359985351563,302.7168510738847,293.2854034423828,294.6231490706386,272.69200714111327,280.6477063072983,1.0123824551237106,1.026124355001147,1.0598891129765462,1.1399307569094106,86.08621042415442,79.10002678093679,73.98356175372332,10.334335237751418,9.483062876074776,0.8512723616766422,316.9981707609297,269.5726361238359,293.2854034423828,0.16170438105833249,0.8703617217083449,0.05063280590827168,44289510.0,1.1386646634835202,-0.001586751960143129,0.09915915200754744,0.012557845216167651,0.016410994039348203,0.009065310949131433,0.12386410601154063,0.003793999787491842,0.2250558246092278,1
2026-05-28,0.005340207912225559,0.005325999563197865,0.010335606437606296,0.005890360283848452,309.1,308.9131361883005,304.3,304.4974253814738,295.4148376464844,296.32665961301825,273.86228759765623,281.89720840370325,1.0110320600634908,1.026979986084867,1.057868359813389,1.1411210083249868,87.4858094373753,80.02820835501771,74.72053556096009,10.487955214663543,9.68404134379253,0.8039138708710141,317.9736152183773,272.8560600745915,295.4148376464844,0.15272609698019593,0.878902891893405,-0.04383225363814647,43843120.0,1.099839609954766,0.008173125031610828,0.05063280590827168,-0.001586751960143129,0.09915915200754744,0.012557845216167651,0.016410994039348203,0.0109709963070026,-0.0950155763239875,0
2026-05-29,-0.001439992937726231,-0.0014410307239461104,0.017528684430871515,0.0008980652395700367,310.5140014648438,309.96208997839824,305.68500061035155,305.8724385045865,297.462825012207,297.8250727506921,275.1092886352539,283.08006288036563,1.0049788289302795,1.020854791486378,1.0490722581747407,1.134312836569942,84.78834099594876,79.00388845028085,74.12286623754188,10.452893479607496,9.837811770955524,0.6150817086519726,318.1822331632183,276.7434168611957,297.462825012207,0.13930754641465554,0.8522584342177326,0.45222354024437794,47313310.0,1.4800655460376795,0.005340207912225559,-0.04383225363814647,0.008173125031610828,0.05063280590827168,-0.001586751960143129,0.09915915200754744,0.009065310949131433,0.12386410601154063,0
2026-06-01,-0.018425943872925732,-0.0185978161231111,0.01932686975586535,-0.010722498698003421,310.0119995117187,308.7447258384634,306.2929992675781,305.9519946962242,298.78421783447266,298.6331608276351,276.26087158203126,283.99104071088436,0.9880585204477382,1.000055496831649,1.0251880095229475,1.108770836074192,58.088896560977254,67.17304316302076,66.93937611667141,9.847612707359986,9.839771958236417,0.007840749123568358,318.17875214977835,279.38968351916697,298.78421783447266,0.12982301713171693,0.6940180568857983,-0.3024113625069259,46712020.0,1.0457672350714013,-0.001439992937726231,0.45222354024437794,0.005340207912225559,-0.04383225363814647,0.008173125031610828,0.05063280590827168,0.012557845216167651,0.016410994039348203,1
2026-06-02,0.029022933365852488,0.02860974364520492,0.02779190807857966,0.02517407456925657,311.38600463867186,310.8964879613194,308.0290008544922,307.6334524254618,300.7154602050781,300.2109561971014,277.6096371459961,285.21492194602735,1.0122484874449804,1.023280312349312,1.0481669681767447,1.1354073131159572,73.27096150422148,73.72449671760755,71.43367184569647,9.970341331174097,9.865885832823952,0.10445549835014489,318.50524453556375,282.92567587459246,300.7154602050781,0.11831639329985624,0.9071030804215976,-0.08833590242764056,47717190.0,0.9333051673830751,-0.018425943872925732,-0.3024113625069259,-0.001439992937726231,0.45222354024437794,0.005340207912225559,-0.04383225363814647,-0.001586751960143129,0.09915915200754744,0
2026-06-03,-0.015672595971098935,-0.0157967095998125,0.0260748922943757,-0.012476869952064342,311.26800537109375,310.6843285627546,309.1580017089844,308.11100830549145,302.0325393676758,301.16800891791314,278.7896670532227,286.19708225267823,0.9967616472362233,1.0035645464472822,1.0272403444184324,1.1128820269597526,59.33637107434539,65.85891278463134,66.184163041618,9.558799843609506,9.804468634981063,-0.24566879137155695,318.50461432924925,285.5604644061023,302.0325393676758,0.10907483674480108,0.7497399513158634,0.1415076333735268,48576500.0,1.046528671271088,0.029022933365852488,-0.08833590242764056,-0.018425943872925732,-0.3024113625069259,-0.001439992937726231,0.45222354024437794,0.008173125031610828,0.05063280590827168,1
2026-06-04,0.0031264139436979477,0.0031215368741391546,0.012498841728371698,-0.0063850842187892914,311.0120056152344,310.8662227039458,310.0560028076172,308.67809970200716,303.2317718505859,302.1262948291907,279.9860998535156,287.1787657324292,1.0007009548414778,1.0037864391209332,1.0263766527067066,1.1115909366542083,61.03398982747492,66.612159563479,66.68887020986398,9.204813877014033,9.684537683387658,-0.47972380637362555,318.6837357810362,287.7798079201356,303.2317718505859,0.10191520391249816,0.7588097918084232,-0.11738763531071061,49240430.0,0.9112247801247877,-0.015672595971098935,0.1415076333735268,0.029022933365852488,-0.08833590242764056,-0.018425943872925732,-0.3024113625069259,0.005340207912225559,-0.04383225363814647,0
2026-06-05,-0.012498841728371679,-0.012577609274253502,0.026094942496298998,-0.017643640197288358,310.06800537109376,309.6908139152608,310.29100341796874,308.4348081812587,304.24000091552733,302.62283783001925,281.0851504516602,287.9694022267611,0.9912019009186768,0.9904895499786597,1.010189309140924,1.09340531096731,51.06054437458919,60.817205030182095,62.745477615161015,8.512261721805771,9.450082491071282,-0.9378207692655103,317.8969137729118,290.5830880581429,304.24000091552733,0.08977723386989012,0.613495467633708,0.45557856074670533,51474970.0,1.2687817010869555,0.0031264139436979477,-0.11738763531071061,-0.015672595971098935,0.1415076333735268,0.029022933365852488,-0.08833590242764056,-0.001439992937726231,0.45222354024437794,0
2026-06-08,-0.01887156849768501,-0.01905190902330898,0.053823638684191856,-0.023320534809848813,309.1140075683594,306.9738787918145,309.56300354003906,307.18120824737923,304.6645004272461,302.5197112314385,282.0628060913086,288.5015828666889,0.9754977165770705,0.9740828364392081,0.9897444832662073,1.0690527146188433,39.75912671808019,53.363061017141774,57.429122543225255,7.409980958920926,9.04206218464121,-1.6320812257202846,317.40048562952654,291.9285152249656,304.6645004272461,0.08360662423367447,0.37733607441045286,0.19351559090804704,54902860.0,1.4197639248665734,-0.012498841728371679,0.45557856074670533,0.0031264139436979477,-0.11738763531071061,-0.015672595971098935,0.1415076333735268,-0.018425943872925732,-0.3024113625069259,0
2026-06-09,-0.03644631040831148,-0.03712706918079524,0.04463948293105727,-0.032403127167586,304.1840026855469,301.49924845886596,307.7850036621094,304.15734998294096,304.5580001831055,301.3797375706319,282.9023861694336,288.5819124716411,0.9551783960622268,0.9440030681674749,0.9540054361346119,1.0270326515342818,26.696711689747076,42.686763538287614,49.14459016873629,5.58522963503566,8.3506956747201,-2.7654660396844406,317.72151635608714,291.39448401012385,304.5580001831055,0.08644341087784602,-0.0320771519576373,-0.10058230306700144,57113690.0,1.2275305622872554,-0.01887156849768501,0.19351559090804704,-0.012498841728371679,0.45557856074670533,0.0031264139436979477,-0.11738763531071061,0.029022933365852488,-0.08833590242764056,1
2026-06-10,0.003544996808021894,0.0035387281174611347,0.025276066453761598,0.0028891668367102734,300.447998046875,298.1928278299992,305.8580017089844,301.8705566355454,304.3970001220703,300.4464279517399,283.8059262084961,288.6994840049989,0.9704840387279737,0.9533181572594465,0.9578937586616663,1.027392170655585,29.238665435947155,43.82118744139534,49.856423988602835,4.174096966123216,7.515375933000724,-3.3412789668775087,318.1016154122984,290.6923848318423,304.3970001220703,0.09004435184796288,0.032383314731068945,-0.24698040759505224,57349930.0,0.9205468951749375,-0.03644631040831148,-0.10058230306700144,-0.01887156849768501,0.19351559090804704,-0.012498841728371679,0.45557856074670533,-0.015672595971098935,0.1415076333735268,1
2026-06-11,0.013889904990249002,0.013794324313997033,0.025065127151239923,0.006502804215482029,297.3279968261719,297.3385535142703,304.1700012207031,300.73591086232125,304.23500061035156,299.98772099279444,284.64739868164065,288.9712691374622,0.9942891622669758,0.9719236075102158,0.9717159573675749,1.0385831953920477,38.95034736570666,48.16571454883228,52.59589665402507,3.344019019912082,6.681104550382996,-3.3370855304709144,318.2697428283689,290.2002583923342,304.23500061035156,0.09226250884915328,0.19343948061645755,-0.19360032428357388,56785140.0,0.7497119845086232,0.003544996808021894,-0.24698040759505224,-0.03644631040831148,-0.10058230306700144,-0.01887156849768501,0.19351559090804704,0.0031264139436979477,-0.11738763531071061,0
2026-06-12,-0.015221729613622226,-0.015338769356976291,0.025830451705852187,-0.01655235589869232,294.08599853515625,295.2690373037844,302.077001953125,298.98938250241054,303.8810012817383,299.14412898232,285.36210479736326,289.0559254412014,0.9899485399948738,0.9637609053336301,0.9580395077509175,1.020212564977908,33.06733286401523,44.08616262826678,49.444422131926494,2.296590212824583,5.804201682871314,-3.507611470046731,318.8329497356055,288.9290528278711,303.8810012817383,0.09840660252402386,0.07360084412182921,-0.08997357449057486,53656670.0,0.7220369806773324,0.013889904990249002,-0.19360032428357388,0.003544996808021894,-0.24698040759505224,-0.03644631040831148,-0.10058230306700144,-0.012498841728371679,0.45557856074670533,1
2026-06-15,0.018170605764429082,0.018007493246393634,0.02051139024642104,0.007819999825684985,293.06199951171874,295.6526960117677,301.08800354003904,298.52222448883305,303.6905014038086,298.8846894056928,286.17681640625,289.34471320537915,1.0114583737284621,0.9844962600388564,0.9760595476563594,1.0357932454142036,44.55302323574566,49.50100406408829,52.92600064197811,1.8717781229598245,5.017716970889016,-3.145938847929192,318.91820391197507,288.4627988956421,303.6905014038086,0.10028435158674026,0.2612742968883485,0.18043678582214184,53344940.0,0.8572996801571058,-0.015221729613622226,-0.08997357449057486,0.013889904990249002,-0.19360032428357388,0.003544996808021894,-0.24698040759505224,-0.01887156849768501,0.19351559090804704,1
2026-06-16,0.009513449426140408,0.009468481540986734,0.021755146297545786,0.013513938135055038,294.8,296.8484607526368,299.49200134277345,298.6527273516588,303.7605010986328,298.918527579853,286.98918212890624,289.7327632849476,1.0150610252183683,0.999158538100288,0.9851181741934579,1.0426873515391466,49.899825957123625,52.16066007051302,54.673192927493574,1.7425727479777606,4.362688126306765,-2.6201153783290048,318.8925548877489,288.62844730951673,303.7605010986328,0.09963147765681757,0.3506312848455099,-0.12809680621700936,52878910.0,0.7540700063598134,0.018170605764429082,0.18043678582214184,-0.015221729613622226,-0.08997357449057486,0.013889904990249002,-0.19360032428357388,-0.03644631040831148,-0.10058230306700144,0
2026-06-17,-0.010994446379867018,-0.011055331985774613,0.026051771091878582,-0.016287165687470184,295.67400512695315,296.54897790410166,298.0610015869141,298.1613245980902,303.60950164794923,298.63581183006045,287.84284912109376,289.97657696816657,1.0009334844297848,0.9929175928127342,0.9747719047021145,1.02816524054946,44.11021107756773,48.92330273622318,52.29547423406454,1.3590366970444165,3.7619578404542957,-2.402921143409879,318.98801971925093,288.23098357664753,303.60950164794923,0.10130459019121132,0.2509678954303283,0.07199355977770194,52069750.0,0.8209200159401572,0.009513449426140408,-0.12809680621700936,0.018170605764429082,0.18043678582214184,-0.015221729613622226,-0.08997357449057486,0.003544996808021894,-0.24698040759505224,1
2026-06-18,0.006960626705947437,0.0069365133751416366,0.016610221283923553,-0.00033536476753570773,296.15000610351564,297.0359885246095,296.73900146484374,298.1338128103692,303.39750213623046,298.57621163344754,288.62981567382815,290.2916135484591,1.0062806132830509,1.0042832532781567,0.9822427925982515,1.0324990475079578,48.47709348467928,50.975046591298096,53.621540897542744,1.2073881809354816,3.251043908550533,-2.0436557276150515,318.9609290024243,287.83407527003664,303.39750213623046,0.10259429795308986,0.3269181839923723,1.0110422013283396,56179060.0,1.5301466418270437,-0.010994446379867018,0.07199355977770194,0.009513449426140408,-0.12809680621700936,0.018170605764429082,0.18043678582214184,0.013889904990249002,-0.19360032428357388,0
2026-06-22,-0.0033555919842641613,-0.0033612346094813285,0.01905660912430449,-0.0010090067452562825,297.3260070800781,297.02732893828136,295.7060028076172,297.92948498405207,302.99850311279295,298.4270495507978,289.36501159667966,290.55508006677934,0.9989372025758648,1.0044098088832378,0.9802358979148531,1.026419912092209,46.42285456229898,49.926590561791,52.872410400115506,0.9950437517226192,2.7998438771849505,-1.8048001254623314,318.7857214562792,287.2112847693067,302.99850311279295,0.10420657647677792,0.31033728625034257,-0.4779112214438439,54136000.0,0.8290213536279001,0.006960626705947437,1.0110422013283396,-0.010994446379867018,0.07199355977770194,0.009513449426140408,-0.12809680621700936,-0.015221729613622226,-0.08997357449057486,0
2026-06-23,-0.00912434558954689,-0.009166227388095017,0.02534835977602606,-0.010889361628367213,296.902001953125,296.1182152231772,294.98200073242185,297.26957640385507,302.27250213623046,298.03399605005217,290.04620666503905,290.7019391932966,0.9912361178333614,0.9976879506622109,0.9736247449340641,1.0146658740234524,40.93805025395217,47.099336265557234,50.85088673627498,0.6011534147573911,2.3601057846994387,-1.7589523699420475,318.2563316163689,286.288672656092,302.27250213623046,0.10575774751045501,0.25060687574375196,0.15889072836615048,51542180.0,1.0090939110452837,-0.0033555919842641613,-0.4779112214438439,0.006960626705947437,1.0110422013283396,-0.010994446379867018,0.07199355977770194,0.018170605764429082,0.18043678582214184,0
2026-06-24,-0.004145434153267291,-0.004154050285409865,0.023065409019179698,-0.007719389532685097,295.6700012207031,295.10547233954003,295.23500061035156,296.5078327981115,301.51000213623047,297.5621856235963,290.72857788085935,290.79519595325615,0.9912401845376794,0.9927006823932434,0.9720406769120848,1.00808798608154,38.54614232477022,45.84082382331149,49.948181109411166,0.18837708853470758,1.9257600454664927,-1.7373829569317851,317.7186117246662,285.30139254779476,301.51000213623047,0.1075162314589631,0.23995253824919768,0.02059183748022053,49839490.0,1.0650570461294848,-0.00912434558954689,0.15889072836615048,-0.0033555919842641613,-0.4779112214438439,0.006960626705947437,1.0110422013283396,0.009513449426140408,-0.12809680621700936,0
2026-06-25,-0.06117781321571136,-0.06312918215256177,0.0546973946095408,-0.042623522129969844,291.50999755859374,288.45364619185483,293.5920013427734,292.624589361452,299.7250015258789,295.42769117339515,291.0597430419922,290.1816586176965,0.9438784130934618,0.9371849118438424,0.9180081491224126,0.9453385446601852,19.255676360675494,32.216265054265065,39.20761466190824,-1.5674827205457404,1.227111492264046,-2.7945942128097867,318.99925866156696,280.45074439019083,299.7250015258789,0.12861294211403235,-0.13750855497023623,1.0160111073642804,55261530.0,1.9364954245747448,-0.004145434153267291,0.02059183748022053,-0.00912434558954689,0.15889072836615048,-0.0033555919842641613,-0.4779112214438439,-0.010994446379867018,0.07199355977770194,1
2026-06-26,0.03136472859984596,0.030882904454319803,0.041370148715391485,0.031927268288352274,288.66399536132815,286.8957637210022,292.40700073242186,291.01648198287836,298.2885009765625,294.318387135862,291.4116479492188,289.9306131338377,0.9830806866789263,0.9704965957329474,0.9513608397582661,0.973811447745384,36.96879802059646,41.26490523985087,45.166607370648485,-2.236859871247134,0.53431721956181,-2.771177090808944,317.8179707133347,278.75903123979026,298.2885009765625,0.13094349713673153,0.12854848613868367,1.446186796643794,77181830.0,3.3916726255389382,-0.06117781321571136,1.0160111073642804,-0.004145434153267291,0.02059183748022053,-0.00912434558954689,0.15889072836615048,0.006960626705947437,1.0110422013283396,0
2026-06-29,-0.007188697419469814,-0.00721466060725805,0.03024060945904141,-0.017403203573940013,285.6099914550781,285.17717255879313,291.46799926757814,289.3298471195141,296.7725006103516,293.12044457381563,291.7832971191406,289.60941223581955,0.9864500495903982,0.9666240923269506,0.949346686956978,0.9655795688652297,34.859802022754536,39.90868304019356,44.09382485528643,-2.8985451026309192,-0.15225524487673586,-2.746289857754183,316.49677442951094,277.04822679119223,296.7725006103516,0.13292521226591947,0.11893374342190936,-0.7464682523765593,79944460.0,0.8301813534046012,0.03136472859984596,1.446186796643794,-0.06117781321571136,1.0160111073642804,-0.004145434153267291,0.02059183748022053,-0.0033555919842641613,-0.4779112214438439,0
