Date,daily_return,log_return,high_low_range,open_close,sma_5,ema_5,sma_10,ema_10,sma_20,ema_20,sma_50,ema_50,price_sma_5_ratio,price_sma_10_ratio,price_sma_20_ratio,price_sma_50_ratio,rsi_7,rsi_14,rsi_21,macd,macd_signal,macd_diff,bb_high,bb_low,bb_middle,bb_width,bb_pct,volume_change,volume_sma_10,volume_ratio,return_lag_1,volume_lag_1,return_lag_2,volume_lag_2,return_lag_3,volume_lag_3,return_lag_5,volume_lag_5,target
2021-09-09,0.0027654426729664117,0.0027616258715221454,0.012265058505423108,0.007457829645638287,657.1361572265625,656.6704467375137,654.8420288085938,658.3102418051627,669.5099487304688,665.6558686720075,675.2229968261719,669.9930108163779,1.0021528035598655,1.0056636766019893,0.9836311522090251,0.975308668959171,47.15288582920557,45.06518844444417,46.31997096526997,-8.53692998307747,-7.828677219292671,-0.7082527637847997,723.5473366239654,615.4725608369721,669.5099487304688,0.16142370399711872,0.39859700040542284,-0.2758270993693005,4277214.9,0.5567861460503188,0.004752899465703786,-0.07518602041043021,-0.004150765905395315,-0.3134600124722704,-0.006151252153834719,0.2494671752193236,0.012414097677045488,-0.15783956684591205,1
2021-09-13,0.007910602123488708,0.007879477346576028,0.018001151440839393,0.0016588884443743063,657.8052734375,659.0337564838633,656.4574645996094,659.3011752908717,666.9051849365235,665.4753455581556,675.5503271484375,669.7485937638362,1.0090529869241438,1.0111247289744925,0.9952844736688314,0.9825476345757369,53.78870248081818,47.72367005879625,48.00983473767231,-7.589719001074286,-7.780885575648995,0.19116657457470865,716.6035429617501,617.2068269112968,666.9051849365235,0.14904175030505112,0.4683610376185397,0.5868085327949597,4157284.7,0.9090007715853571,0.0027654426729664117,-0.2758270993693005,0.004752899465703786,-0.07518602041043021,-0.004150765905395315,-0.3134600124722704,0.008539590094455818,0.14026366554355607,0
2021-09-14,-0.0010800869881057995,-0.0010806707024027344,0.01405607966097325,-0.003948879815611391,659.1434814453125,660.3703233329923,657.1361389160156,659.9815901527586,664.2574096679688,665.2437371270217,675.9267443847656,669.4856472253034,1.0059167323894123,1.0089894890349187,0.9981724665482835,0.9809398171317484,52.72574996833632,47.383831940101395,47.79243519873789,-6.818299725899351,-7.588368405699066,0.7700686797997154,708.5612100266594,619.9536093092781,664.2574096679688,0.13339346980212397,0.48629967827939796,-0.15696505004663963,3886707.9,0.8196674620184347,0.007910602123488708,0.5868085327949597,0.0027654426729664117,-0.2758270993693005,0.004752899465703786,-0.07518602041043021,-0.006151252153834719,0.2494671752193236,1
2021-09-15,0.004325019349545878,0.00431569333382181,0.015718096351523273,-0.0005021170529948921,661.60009765625,662.2172598261616,658.0012145996094,661.059688818166,661.1508117675781,665.3072986208767,676.5356396484375,669.3454701895072,1.00651607394183,1.012021130109469,1.0072000532407956,0.9842957174562769,56.7173197148767,48.949791180920876,48.76681671939224,-5.907449522333195,-7.2521846290258924,1.3447351066926974,694.4831873234539,627.8184362117024,661.1508117675781,0.10083138358935703,0.5714068674304661,-0.09864687388568305,3633940.2,0.7901995745554645,-0.0010800869881057995,-0.15696505004663963,0.007910602123488708,0.5868085327949597,0.0027654426729664117,-0.2758270993693005,-0.004150765905395315,-0.3134600124722704,0
2021-09-16,-0.01033529087408147,-0.010389070868316643,0.01878310534156982,-0.015141740976749106,662.0589111328125,661.154422403639,659.2247375488281,660.6904267709709,658.5317138671875,664.7093413768498,676.85490234375,668.9408928314322,0.9954231209288703,0.9997026962444354,1.000754760448039,0.9736632552657453,45.87240169120549,45.453390948235345,46.57624100831653,-5.675521268884154,-6.936851956997545,1.2613306881133912,682.6003202106828,634.4631075236922,658.5317138671875,0.07309778963310316,0.5103253525424957,0.17445738137541622,3539510.0,0.952815220185845,0.004325019349545878,-0.09864687388568305,-0.0010800869881057995,-0.15696505004663963,0.007910602123488708,0.5868085327949597,0.004752899465703786,-0.07518602041043021,0
2021-09-17,-0.010370615419623364,-0.010424764953049141,0.03414918395109033,-0.014017358680680965,660.7875854492188,658.1676862248219,658.9618713378907,659.1456607884649,655.8958862304687,663.5174244711677,677.0298254394531,668.2841603230305,0.9869952587317613,0.9897298193339126,0.9943563110533361,0.9633168131756307,37.553316514014114,42.22770302407944,44.49233435656672,-5.97433776058017,-6.74434911771407,0.7700113571339005,667.2685260620382,644.5232463988992,655.8958862304687,0.034678186188755435,0.33725535943705526,1.3142290034778363,3956439.6,1.9726662830894726,-0.01033529087408147,0.17445738137541622,0.004325019349545878,-0.09864687388568305,-0.0010800869881057995,-0.15696505004663963,0.0027654426729664117,-0.2758270993693005,0
2021-09-20,-0.07196232295015226,-0.07468294675087261,0.06601397350330114,-0.05478431238919776,649.0876708984375,640.5320585574334,653.4464721679688,649.3484139583179,653.4392883300782,657.9691748284524,675.9363037109375,665.8126561230158,0.9324792787773675,0.9262591949032264,0.9262693780924218,0.8954405909251096,15.309587450316357,27.69348695081851,33.639826694990504,-9.88434540223534,-7.3723483746183245,-2.5119970276170154,678.2893968419194,628.589179818237,653.4392883300782,0.07605942573593286,-0.46938178528404884,0.324948765076585,4575991.1,2.2598107762928126,-0.010370615419623364,1.3142290034778363,-0.01033529087408147,0.17445738137541622,0.004325019349545878,-0.09864687388568305,0.007910602123488708,0.5868085327949597,1
2021-09-21,0.05645920932723558,0.05492294807848609,0.06472828612426718,0.056375858202970905,644.3656494140625,640.1658222414139,651.7545654296875,647.5456749857829,652.7104339599609,656.2038581409213,675.9496875,664.7781735146377,0.992345495435437,0.9810953133681704,0.9796585382126733,0.9459777279790147,43.65820973170747,43.06045130653003,44.069650409767426,-10.109084493455043,-7.919695598385669,-2.1893888950693743,678.2950191628763,627.1258487570456,652.7104339599609,0.0783949018485732,0.24052570629378414,0.38181443850877606,5486959.0,2.604205535342983,-0.07196232295015226,0.324948765076585,-0.010370615419623364,1.3142290034778363,-0.01033529087408147,0.17445738137541622,-0.0010800869881057995,-0.15696505004663963,1
2021-09-22,0.014350722513944536,0.014248725557494197,0.025348187335431982,0.010047633406745719,640.9053588867188,642.9804415528697,651.2527282714843,647.7391304748735,652.0843322753906,655.4806030966222,675.892333984375,664.1441149523296,1.0120209968324265,0.9959415938222353,0.994671468201843,0.959634615697203,49.0057873584066,46.35729049141535,46.443026124021216,-9.437943912977062,-8.223345261303947,-1.2145986516731142,677.425654892651,626.7430096581302,652.0843322753906,0.07772406531785267,0.43144296073081273,-0.42983290350894443,5946087.7,1.3701805979081,0.05645920932723558,0.38181443850877606,-0.07196232295015226,0.324948765076585,-0.010370615419623364,1.3142290034778363,0.004325019349545878,-0.09864687388568305,0
2021-09-23,-0.0019158128286906884,-0.0019176503453550424,0.019416795000461444,-0.011746662682563368,638.5730224609375,644.442649511809,650.315966796875,647.6714822848396,651.7688934326172,654.7078852235809,675.5635107421875,663.4861914416377,1.0137713975683775,0.9954654329314528,0.9932463361671849,0.9582623323134744,48.28181122210599,45.96913812309134,46.16448858060864,-8.903692567128928,-8.359414722468944,-0.5442778446599839,677.1800832082737,626.3577036569608,651.7688934326172,0.07797607413212203,0.4133879987164824,-0.5041725920050707,6021191.8,0.6708990735023588,0.014350722513944536,-0.42983290350894443,0.05645920932723558,0.38181443850877606,-0.07196232295015226,0.324948765076585,-0.01033529087408147,0.17445738137541622,0
2021-09-24,-0.026725688547227122,-0.02708931314491688,0.042858224916417546,-0.026725693002491734,634.1473266601563,639.6503446289664,647.4674560546875,644.4704372991016,651.1547424316407,652.3610137606952,674.7557946777343,662.17558530131,0.9935636537043033,0.9731234040743254,0.9676129095065703,0.9337685423868094,38.93771793963907,40.84153989399755,42.44311884807031,-9.76381611551244,-8.640295001077645,-1.123521114434796,678.0001788468691,624.3093060164123,651.1547424316407,0.08245485954683551,0.1072142906867323,0.8227837227931791,6519376.3,1.1294545154572533,-0.0019158128286906884,-0.5041725920050707,0.014350722513944536,-0.42983290350894443,0.05645920932723558,0.38181443850877606,-0.010370615419623364,1.3142290034778363,0
2021-09-27,-0.015929579365372315,-0.016057818804987894,0.026902045094030675,-0.017866587288774015,637.1009765625,633.109913997436,643.0943237304688,640.026549196424,649.7758941650391,649.2817793772361,673.7664624023438,660.5227801026067,0.9732037393503348,0.9641339222801774,0.9542198445682742,0.920243270232885,34.428243468012795,38.18088259166205,40.456637283390194,-11.127080534181232,-9.137652107698361,-1.9894284264828705,679.8477346317756,619.7040536983026,649.7758941650391,0.09256065279361819,0.005403710431889256,-0.20017739234877008,6730415.3,0.8750373843943925,-0.026725688547227122,0.8227837227931791,-0.0019158128286906884,-0.5041725920050707,0.014350722513944536,-0.42983290350894443,-0.07196232295015226,0.324948765076585,1
2021-09-28,0.01880828338200824,0.018633594618192657,0.029961488325046057,0.01669227013221161,635.5524536132813,632.6368542860512,639.9590515136719,638.510946590398,648.5475952148438,647.6064418044785,673.0352185058593,659.3921116618488,0.9939238394438648,0.9870799285816274,0.974008291024534,0.9385701037542091,43.325585732337565,42.84030860546293,43.67292419569644,-11.138084219046846,-9.53773852996806,-1.600345689078786,679.4554438686127,617.6397465610748,648.5475952148438,0.09531404905920632,0.22730453451494118,-0.19587612586416359,6885412.4,0.6877988891413388,-0.015929579365372315,-0.20017739234877008,-0.026725688547227122,0.8227837227931791,-0.0019158128286906884,-0.5041725920050707,0.05645920932723558,0.38181443850877606,1
2021-09-29,0.028675156317318207,0.028271718301652912,0.04516036004457947,0.03171947579982549,635.7914306640625,638.3594246672633,638.3483947753906,640.5643318339052,648.1748046875,647.8157869116412,672.5802221679687,659.0161294566661,1.0220404586941172,1.0179465801873409,1.0025143845925533,0.9661368919459644,54.510869504169236,49.240078336594785,48.23339336328536,-9.574797668056817,-9.545150357585811,-0.029647310471005994,678.8321480557539,617.5174613192461,648.1748046875,0.09459591192543972,0.5265802669626478,0.5509906606706099,7332773.5,1.001687697022143,0.01880828338200824,-0.19587612586416359,-0.015929579365372315,-0.20017739234877008,-0.026725688547227122,0.8227837227931791,0.014350722513944536,-0.42983290350894443,0
2021-09-30,-0.016916707415972954,-0.01706142937880651,0.02521328285032629,-0.021809168834656376,634.080419921875,638.5102870177589,636.3267211914062,640.2457281766042,647.7757293701172,646.9582845123183,672.00478515625,658.2238111140027,1.007462132007574,1.0039056831099133,0.98616231321281,0.9506063436292611,47.827807050530986,45.88272785077015,45.86708648135548,-9.117784880910904,-9.45967726225083,0.3418923813399264,678.7012276822295,616.850231058005,647.7757293701172,0.09548211490474809,0.3550756149359038,-0.32819620132961225,7488973.5,0.6589019175992544,0.028675156317318207,0.5509906606706099,0.01880828338200824,-0.19587612586416359,-0.015929579365372315,-0.20017739234877008,-0.0019158128286906884,-0.5041725920050707,1
2021-10-01,0.008903149691161127,0.008863750333519401,0.04123097929991664,0.0215909090909092,636.9671630859375,640.5066749063706,635.5572448730469,641.0191322687841,647.2595581054687,646.7241098619636,671.8566247558593,657.6856009010455,1.0118252368947314,1.0140698668494181,0.9957357023356228,0.9592812319411055,51.422736706396236,47.8634478623472,47.27238575885194,-8.202121214231624,-9.20816605264699,1.0060448384153649,678.0416155432437,616.4775006676938,647.2595581054687,0.09511503399926342,0.4551669438039602,0.05239620070852169,7227804.8,0.7184820486574292,-0.016916707415972954,-0.32819620132961225,0.028675156317318207,0.5509906606706099,0.01880828338200824,-0.19587612586416359,-0.026725688547227122,0.8227837227931791,1
2021-10-04,0.010233554136525047,0.010181545840254427,0.036262220247703404,0.009859191125370701,643.1803466796875,644.0361068386221,640.1406616210937,642.8511028932096,646.7935668945313,647.1403823230265,671.1798645019531,657.4271448148526,1.0123054506629368,1.0171123469243315,1.0066503503262194,0.9700752438189842,55.56515593358953,50.14240167621375,48.888051265950736,-6.8651110896145155,-8.739555060040495,1.874443970425979,677.0424758944853,616.5446578945773,646.7935668945313,0.09353497173816662,0.5711001479193886,0.08174043451938062,6755470.4,0.8315527516781066,0.008903149691161127,0.05239620070852169,-0.016916707415972954,-0.32819620132961225,0.028675156317318207,0.5509906606706099,-0.015929579365372315,-0.20017739234877008,0
2021-10-05,-0.002642596137441222,-0.0026460939581913713,0.02016626431767929,-0.0026426613280583614,646.7170776367187,645.815534441894,641.134765625,644.0371550305238,646.4446655273438,647.3531449254467,670.4495751953125,657.111350494601,1.004108925067248,1.0128516256880957,1.0045320570766931,0.9685655919153421,54.15953311181154,49.5341148648594,48.481138295908536,-5.876615479651832,-8.166967143962761,2.290351664310929,676.404094313803,616.4852367408846,646.4446655273438,0.09268984766706818,0.5488948594777261,-0.25475004138829704,5745199.9,0.728689005233743,0.010233554136525047,0.08174043451938062,0.008903149691161127,0.05239620070852169,-0.016916707415972954,-0.32819620132961225,0.01880828338200824,-0.19587612586416359,0
2021-10-06,-0.029587145831277306,-0.03003367518206932,0.04315511900952791,-0.030514705882352857,642.7884155273438,640.5974412555336,639.2899230957031,641.5142640945762,645.2713256835938,645.7158220642435,669.5835498046876,656.054484000021,0.9803556499471573,0.9857206130065591,0.9765833840752588,0.9411241585409704,40.73489131881092,43.22781866050899,44.17048253986493,-6.567854849393029,-7.847144685048816,1.2792898356557867,675.8453367477586,614.697314619429,645.2713256835938,0.0947632719671062,0.2528935479046205,0.43183937566404484,5529912.9,1.0839852468562388,-0.002642596137441222,-0.25475004138829704,0.010233554136525047,0.08174043451938062,0.008903149691161127,0.05239620070852169,0.028675156317318207,0.5509906606706099,1
2021-10-07,0.011073205817350829,0.011012346731793536,0.01650288830763074,0.0008258074969500563,642.4538452148438,639.4446808891057,638.2671325683593,640.7187906512441,644.2915496826172,644.8989971206252,668.7404663085938,655.3127065943829,0.9917275223766207,0.9982327581124687,0.9888988307701839,0.9527450367602531,46.36773340355144,45.920672399949666,46.00140166102013,-6.4779347913445235,-7.573302706307958,1.0953679149634343,674.5880021563545,613.9950972088799,644.2915496826172,0.0940457856033082,0.3819599500540981,-0.4924920892094281,5430169.4,0.5602361134442693,-0.029587145831277306,0.43183937566404484,-0.002642596137441222,-0.25475004138829704,0.010233554136525047,0.08174043451938062,-0.016916707415972954,-0.32819620132961225,0
2021-10-08,-0.0010502076466382126,-0.0010507595010970897,0.027784036462147808,-0.006268207273408631,640.8479614257812,638.4531311721643,638.9075622558594,639.9462890307054,643.1875091552735,644.0962385127829,667.6727514648437,654.5737781686535,0.9931685361411468,0.9961848463508999,0.9895559579106028,0.9532664472855825,45.87988820289975,45.69683513231242,45.850004277064116,-6.387039750246004,-7.336050115095567,0.9490103648495634,672.9292164706766,613.4458018398703,643.1875091552735,0.09248222918527822,0.3870697410583209,0.2579208902046133,5076517.3,0.7538274320467696,0.011073205817350829,-0.4924920892094281,-0.029587145831277306,0.43183937566404484,-0.002642596137441222,-0.25475004138829704,0.008903149691161127,0.05239620070852169,1
2021-10-11,0.00983723991110419,0.009789169264469723,0.016805454168172695,0.0020118272046079893,639.1751953125,639.8791341603492,641.1777709960937,640.452625595435,642.1360473632812,643.9662291436339,666.2198205566406,654.1093609909306,1.0055633335747334,1.0024226809020715,1.0009267393971746,0.9647433479233678,51.45552546834996,48.23927639053225,47.54612185916584,-5.743577270304968,-7.017555546137447,1.2739782758324791,670.3413651441882,613.9307295823743,642.1360473632812,0.08784841747079221,0.5105493009874956,-0.41002211236593955,4713354.6,0.4790087297908798,-0.0010502076466382126,0.2579208902046133,0.011073205817350829,-0.4924920892094281,-0.029587145831277306,0.43183937566404484,0.010233554136525047,0.08174043451938062,1
2021-10-12,0.0020075956456797606,0.002005583118651667,0.023153952632189317,0.0020076971102340594,638.1046142578125,641.2599175652329,642.4108459472657,641.1015090099014,641.1849487304687,643.9714915466211,665.0115930175781,653.7137579863843,1.0092725706490455,1.0025071781366943,1.004423896178704,0.9684364771036055,52.628936365203266,48.77159987509032,47.899260370022326,-5.071052684159895,-6.628254973741937,1.557202289582042,667.7407129903196,614.6291844706178,641.1849487304687,0.08283339873286386,0.5534071551617853,0.29815505607825177,4532866.1,0.6465873765827762,0.00983723991110419,-0.41002211236593955,-0.0010502076466382126,0.2579208902046133,0.011073205817350829,-0.4924920892094281,-0.002642596137441222,-0.25475004138829704,1
2021-10-13,0.011428736060945077,0.01136392142242268,0.030816640434104047,0.011353553803288388,642.34873046875,644.6338903559886,642.5685729980469,642.9706593603739,640.4584838867188,644.6772386314667,663.7641760253906,653.6223100628987,1.014062619010951,1.013715676909521,1.0170555193281088,0.9813452721084831,59.19315571047479,51.815697122924064,49.918675274152235,-3.899205630950405,-6.082445105183631,2.1832394742332255,664.9863471576774,615.9306206157602,640.4584838867188,0.07659470172713642,0.7226723120989228,0.9112796300377974,4358527.0,1.2852410917725186,0.0020075956456797606,0.29815505607825177,0.00983723991110419,-0.41002211236593955,-0.0010502076466382126,0.2579208902046133,-0.029587145831277306,0.43183937566404484,1
2021-10-14,0.016728821690666695,0.016590436171656384,0.02316517046766924,0.004130399399909449,647.3766357421875,650.5154890784715,644.9152404785157,646.4812097536582,640.620980834961,646.3535670021306,662.8570483398438,653.9617758064493,1.0230191359380238,1.0269236094219738,1.033807362444247,0.9991274712732484,67.0737862708791,55.98563242045558,52.76470874067522,-2.067392016811823,-5.27943448750927,3.2120424706974466,665.6761951756724,615.5657664942495,640.620980834961,0.07822164771455178,0.9321995691987671,-0.15186179053075843,4340183.6,1.0946691287437702,0.011428736060945077,0.9112796300377974,0.0020075956456797606,0.29815505607825177,0.00983723991110419,-0.41002211236593955,0.011073205817350829,-0.4924920892094281,1
2021-10-18,0.03312408865948191,0.03258730747247881,0.044425800971327,0.029187617243664612,656.9258422851562,661.7490142033561,648.8869018554688,653.3420924262884,642.2220733642578,649.9595191403206,662.2558020019532,655.1482184984758,1.0415423178863508,1.0544457940153111,1.065388582595555,1.0331597886870716,77.34826733223524,62.939189900145045,57.83037895658153,1.1413398748878762,-3.995279615029841,5.136619489917717,673.3801877982348,611.0639589302807,642.2220733642578,0.09703221276950627,1.1738853080768255,0.9981296825027652,4770203.2,1.9901131255792206,0.016728821690666695,-0.15186179053075843,0.011428736060945077,0.9112796300377974,0.0020075956456797606,0.29815505607825177,-0.0010502076466382126,0.2579208902046133,0
2021-10-19,-0.033878176617072486,-0.034465341558512365,0.04923720395345072,-0.04283738713775947,660.5868286132812,661.5113667280186,649.8810119628906,654.7409977628439,645.0108367919922,651.0144289152752,660.8850756835938,655.3791147054902,1.0006800667900169,1.0171647726416264,1.024844908133721,1.0002284755690598,55.860250025695706,53.34853355492747,51.681153833499415,1.7931806606314922,-2.837587559897574,4.630768220529067,672.1638384385645,617.8578351454199,645.0108367919922,0.08419393938129695,0.7950914081974889,-0.5613572136142293,4624864.5,0.9003816219913038,0.03312408865948191,0.9981296825027652,0.016728821690666695,-0.15186179053075843,0.011428736060945077,0.9112796300377974,0.00983723991110419,-0.41002211236593955,0
2021-10-20,-0.009254493018042265,-0.009297581888357878,0.029628529620690337,-0.00989880865019874,662.7662353515625,659.3137505074812,650.4354248046875,654.7732741816733,645.7850952148438,651.3862469296686,659.5047912597656,655.3610520921928,0.9881591474239881,1.0068924494127376,1.0141431304612627,0.9930458834353594,51.45860467412848,51.13398112078649,50.20191455377768,1.7954370410608362,-1.910982639705892,3.7064196807667282,673.1401377297067,618.4300526999808,645.7850952148438,0.084718717472915,0.6669422163500568,-0.21791854890670181,4531888.0,0.718618597811773,-0.033878176617072486,-0.5613572136142293,0.03312408865948191,0.9981296825027652,0.016728821690666695,-0.15186179053075843,0.0020075956456797606,0.29815505607825177,0
2021-10-21,-0.016127960515126216,-0.016259431559878943,0.05763245516709112,-0.024951183350198473,661.3610717773438,654.3278396937897,651.8549011230468,652.879227615261,645.572412109375,650.7167013236435,658.1044323730468,654.9294821303973,0.9742877915913041,0.9884960854881644,0.9981157899251081,0.9791090689709148,44.40964263936552,47.46997571814845,47.72543712413847,0.9341514469122103,-1.3419558223822716,2.276107269294482,672.9024360909868,618.2423881277632,645.572412109375,0.08466911989721604,0.47774619510419775,0.7843488145511759,4513562.3,1.2874724250510512,-0.009254493018042265,-0.21791854890670181,-0.033878176617072486,-0.5613572136142293,0.03312408865948191,0.9981296825027652,0.011428736060945077,0.9112796300377974,0
2021-10-22,-0.009345722686537217,-0.009389667967383934,0.04784368492222318,-0.012130195572531468,656.5721435546875,648.9965749325786,651.9743896484375,650.2346490325147,645.1207611083985,649.5374007604543,657.0653955078125,654.2786806903879,0.9722222480445332,0.9790784048348333,0.9894799297939477,0.971492411218552,40.701187006443156,45.46954353191915,46.35649207758774,-0.23167584241400618,-1.1198998263886186,0.8882239839746124,672.6152858490663,617.6262363677307,645.1207611083985,0.08523838139522506,0.3765805962777045,0.7488218641366065,5225600.2,1.9447633977050138,-0.016127960515126216,0.7843488145511759,-0.009254493018042265,-0.21791854890670181,-0.033878176617072486,-0.5613572136142293,0.016728821690666695,-0.15186179053075843,1
2021-10-25,0.009658587565192445,0.009612241593763875,0.037004096710465215,0.006343283582089662,648.6288208007812,647.4975335162503,652.7773315429688,649.1918856963472,645.8424468994141,649.0575959912294,655.6344494628906,653.8951814744352,0.9936336931311663,0.9873189823552717,0.9979205513321897,0.9830164525545921,46.07942440922743,47.89072525274044,47.96112661294767,-0.6506059094760985,-1.0260410430061147,0.3754351335300161,672.4622142062847,619.2226795925435,645.8424468994141,0.08243424517749744,0.4747744561336998,-0.6075839582089388,5241713.4,0.760810386924245,-0.009345722686537217,0.7488218641366065,-0.016127960515126216,0.7843488145511759,-0.009254493018042265,-0.21791854890670181,0.03312408865948191,0.9981296825027652,1
2021-10-26,0.02981094048295385,0.029375232464472795,0.03305251388201549,0.023058734488621665,649.1641235351562,652.9025508272398,654.8754760742188,651.832012924142,648.0266235351562,650.4533092729426,654.5915881347656,654.2801777087404,1.0224110689217325,1.0134943354849317,1.0242057368391617,1.0139338749225957,59.450419361706786,54.648465879588535,52.600493160138065,0.5612585595646351,-0.7085811224919647,1.2698396820565998,672.9290653403558,623.1241817299566,648.0266235351562,0.07685623059543514,0.8149482696670198,0.0628628744091575,5439804.0,0.7791905737780258,0.009658587565192445,-0.6075839582089388,-0.009345722686537217,0.7488218641366065,-0.016127960515126216,0.7843488145511759,-0.033878176617072486,-0.5613572136142293,0
2021-10-27,-0.013609836874522219,-0.013703299682257643,0.025405203378330053,-0.013609781096197971,649.1163330078125,653.4948890280557,655.9412841796875,652.349749743332,649.1760650634766,650.8558098592994,653.3652001953125,654.295839972307,1.0085704705597172,0.9980764760803584,1.008477669868609,1.0020116854004195,52.332367885567216,51.281296861115166,50.38311454617113,0.7837461213911183,-0.4101156737153481,1.1938617951064665,673.0575813466539,625.2945487802992,649.1760650634766,0.07357485147220333,0.6152251034011542,-0.21415103509518607,5479808.0,0.6078559686762748,0.02981094048295385,0.0628628744091575,0.009658587565192445,-0.6075839582089388,-0.009345722686537217,0.7488218641366065,-0.009254493018042265,-0.21791854890670181,0
2021-10-28,-0.02547819512281524,-0.025808384833658115,0.030489229528669875,-0.022624120156222925,647.8450317382812,648.3297632582871,654.6030517578125,649.7406155570443,648.5858123779296,649.6314005125804,651.5643286132813,653.6567682760891,0.9848026618447409,0.9746357124451577,0.9836778719837137,0.9791811548010905,41.60166488411395,45.683748787067856,46.57624266932083,-0.38147441675585014,-0.4043874223234485,0.022913005567598344,672.9545893977951,624.2170353580642,648.5858123779296,0.07514434190449358,0.2827896605038963,-0.07526327450498871,5227655.9,0.5892195391054716,-0.013609836874522219,-0.21415103509518607,0.02981094048295385,0.0628628744091575,0.009658587565192445,-0.6075839582089388,-0.016127960515126216,0.7843488145511759,1
2021-10-29,0.0025471195593527174,0.002543881148242434,0.03257862511782439,-0.0012686202775186314,648.1031372070313,645.4280330901602,652.3376403808594,647.9013350473829,648.6264404296875,648.6783692974686,650.1286059570313,653.1064860987486,0.9869178777784304,0.9805115221934292,0.9861216455039701,0.9838431456378351,42.931725855677215,46.29875583950416,46.98600807339724,-1.1604147054708847,-0.5555928789529357,-0.6048218265179489,672.9325305748408,624.3203502845341,648.6264404296875,0.07494634393581487,0.31482279498629673,0.17281624758094916,5113804.6,0.7064313720551623,-0.02547819512281524,-0.07526327450498871,-0.013609836874522219,-0.21415103509518607,0.02981094048295385,0.0628628744091575,-0.009345722686537217,0.7488218641366065,1
2021-11-01,0.02958965358344945,0.029160328282164957,0.026489585131926507,0.013161782657398983,650.9134155273438,649.8023028218256,649.7711181640625,649.8376090906144,649.3290100097656,649.6186048201056,649.2014074707031,653.3199902629215,1.0117333989062507,1.0135120258128754,1.0142020949830224,1.014401439533039,56.41867327364804,52.976708820074045,51.532114279716524,-0.2476835764103953,-0.49401101844442763,0.24632744203403234,673.9278706266683,624.7301493928629,649.3290100097656,0.07576701560440906,0.6874442970958987,-0.10455544999767474,4487964.2,0.7207811506161301,0.0025471195593527174,0.17281624758094916,-0.02547819512281524,-0.07526327450498871,-0.013609836874522219,-0.21415103509518607,0.009658587565192445,-0.6075839582089388,0
2021-11-02,-0.023368867540951355,-0.02364624944874829,0.03254815368759029,-0.029636642781329856,646.8031494140625,647.5886201754879,647.9836364746094,648.6237265073776,648.93232421875,649.003619111792,648.97677734375,652.9216084833093,0.994369392705417,0.9925578651676555,0.9911068240545957,0.9910389359620227,46.086311152867495,47.77434857346525,48.01657840273511,-0.7574176290268042,-0.546692340560903,-0.21072528846590122,673.6600216936413,624.2046267438586,648.93232421875,0.07621040454306548,0.38330758774047935,-0.009365532762053097,4392004.3,0.7296313439401687,0.02958965358344945,-0.10455544999767474,0.0025471195593527174,0.17281624758094916,-0.02547819512281524,-0.07526327450498871,0.02981094048295385,0.0628628744091575,1
2021-11-03,0.01099790330849082,0.010937866157341955,0.014700477765527289,0.004133128264101402,645.9141723632813,648.4706401755857,647.5152526855469,648.91662717436,648.9753387451171,649.1208630226481,648.9012622070312,652.8162387457593,1.0066889812878574,1.0041997890844356,1.0019405073744392,1.0020548857683138,50.907372019506774,50.195231841809125,49.67350161046224,-0.5838885286002551,-0.5541315781687735,-0.029756950431481632,673.7089548020299,624.2417226882044,648.9753387451171,0.07622359304049547,0.5254580937087066,-0.2929430833216832,4292913.9,0.5277988454415542,-0.023368867540951355,-0.009365532762053097,0.02958965358344945,-0.10455544999767474,0.0025471195593527174,0.17281624758094916,-0.013609836874522219,-0.21415103509518607,0
2021-11-04,0.0,0.0,0.0,0.0,648.3612060546875,649.0586535089842,648.1031188964844,649.1562731746184,649.9790100097656,649.2269408467561,648.6833215332031,652.7150011547798,1.0028895530818291,1.003288923038862,1.0003933514191663,1.0023915500693181,50.907372019506774,50.195231841809125,49.673501610462246,-0.4412786803617337,-0.5315609986073655,0.09028231824563182,673.1575685730818,626.8004514464494,649.9790100097656,0.07132094485010505,0.5055152300631043,-1.0,3711805.2,0.0,0.01099790330849082,-0.2929430833216832,-0.023368867540951355,-0.009365532762053097,0.02958965358344945,-0.10455544999767474,-0.02547819512281524,-0.07526327450498871,1
2021-11-08,0.008232360518123372,0.008198659471384023,0.02901512739292795,0.004172731458180727,651.5538208007813,651.2349845007811,649.8284790039063,650.3256137763923,650.9014343261719,649.832722336053,648.7215576171875,652.8276539128032,1.0061910859161811,1.008862596310486,1.0071995726404481,1.0105840306778262,55.04786635783583,52.14227741412706,50.97720538069169,0.1024987544749365,-0.4047490479909051,0.5072478024658416,673.4216723880527,628.381196264291,650.9014343261719,0.06919707616006193,0.6040444631474683,-1.0,2987454.1,0.9771012046678809,0.0,-1.0,0.01099790330849082,-0.2929430833216832,-0.023368867540951355,-0.009365532762053097,0.0025471195593527174,0.17281624758094916,0
2021-11-09,-0.013414115511675262,-0.013504897513386214,0.02394140336565156,-0.013629702020317108,649.2023559570313,649.7544956893229,650.0578857421875,649.6834145563948,651.4176086425781,649.5432743103723,648.8104528808594,652.5910211345131,0.996289542284433,0.9949783430870095,0.992901495884019,0.9968913342787596,47.38757206091531,48.769145564375464,48.796685150857854,-0.1741587843881689,-0.3586309952703579,0.184472210882189,673.0466931755121,629.7885241096441,651.4176086425781,0.06640620163156058,0.3931048013351912,-0.1452790210496926,2838156.0,0.8790809948431305,0.008232360518123372,-1.0,0.0,-1.0,0.01099790330849082,-0.2929430833216832,0.02958965358344945,-0.10455544999767474,0
2021-11-10,-0.0210595103455532,-0.021284425169042723,0.036005396598580215,-0.018666630497685154,647.2045776367188,644.2271182199653,647.0038635253907,646.6814052336413,650.9396697998047,647.9841399266464,648.5217797851562,651.8295051402674,0.9783187343842534,0.9786222292881287,0.9727051409787039,0.9763316869496793,37.86576084721761,44.01917391191667,45.622900789086124,-1.4755163970211242,-0.5820080756205113,-0.893508321400613,673.7078591046537,628.1714804949557,650.9396697998047,0.06995483717208786,0.1098217060508454,1.7540815136380452,3101426.4,2.2155444346511013,-0.013414115511675262,-0.1452790210496926,0.008232360518123372,-1.0,0.0,-1.0,-0.023368867540951355,-0.009365532762053097,1
2021-11-11,0.007548273088529234,0.007519927426387521,0.014384140297815672,0.007548308900536009,644.7479858398438,642.1353192104457,645.3310791015625,645.0941899532348,650.636181640625,647.0286714756712,648.1556799316406,651.2852783187435,0.989459037022683,0.9885650046168086,0.980504526481706,0.9842569323139919,42.588122809291626,46.006316968368786,46.89541900358948,-2.0970242500171707,-0.8850113104998432,-1.2120129395173276,673.9210936625088,627.3512696187411,650.636181640625,0.07157582894689114,0.22762490068037503,-0.43701163148773714,3155181.9,1.2260747946100985,-0.0210595103455532,1.7540815136380452,-0.013414115511675262,-0.1452790210496926,0.008232360518123372,-1.0,0.01099790330849082,-0.2929430833216832,1
2021-11-12,0.005918466359382091,0.005901021036553964,0.018470283555518215,-0.001041607350265867,643.046533203125,641.9993518043597,645.7038696289062,644.4820494148626,650.1534606933594,646.5237900962919,647.8450207519531,650.9104602275061,0.9979486457933817,0.9938416775494872,0.9870399156344013,0.9905569950160843,46.34650172511638,47.58910774066445,47.9066422941531,-2.2588677832136455,-1.1597826050426037,-1.0990851781710418,673.754669714537,626.5522516721818,650.1534606933594,0.07260196383791603,0.3214912699258089,-0.34265058011021876,3101453.1,0.8199217973020453,0.007548273088529234,-0.43701163148773714,-0.0210595103455532,1.7540815136380452,-0.013414115511675262,-0.1452790210496926,0.0,-1.0,0
2021-11-15,-0.014671969786748451,-0.01478066765355423,0.025699168556311425,-0.019999999999999934,638.39140625,638.7702384424898,644.9726135253907,642.2693152882966,648.655126953125,645.1702873936689,647.555390625,650.1811093055941,0.9904770106994998,0.9803703265206279,0.9748046156497026,0.9764601158033176,38.93182258063282,44.11611020803002,45.63148713104427,-3.1110126497449073,-1.5500286139830646,-1.5609840357618427,672.785943169935,624.524310736315,648.655126953125,0.07440260691427111,0.1613642263996431,0.23623006202641106,3054564.9,1.0291711267945232,0.005918466359382091,-0.34265058011021876,0.007548273088529234,-0.43701163148773714,-0.0210595103455532,1.7540815136380452,0.008232360518123372,-1.0,1
2021-11-16,0.005139964091970928,0.005126799567390731,0.02752291641002041,0.010486359291888393,636.1451171875,637.7008498796287,642.6737365722656,641.0498166456802,646.2224273681641,644.2552193327391,647.1701745605469,649.6078137545476,0.9990834725947887,0.9889342547957696,0.9835035830346005,0.9820632929900964,42.628174886277044,45.59214203687746,46.551497302060625,-3.483930252915002,-1.936808941769452,-1.5471213111455497,664.661346552426,627.7835081839021,646.2224273681641,0.057066788162574884,0.2109278882420435,-0.11073426918219786,3010636.7,0.9285603938861171,-0.014671969786748451,0.23623006202641106,0.005918466359382091,-0.34265058011021876,0.007548273088529234,-0.43701163148773714,-0.013414115511675262,-0.1452790210496926,0
2021-11-17,-0.0038352839787847426,-0.0038426575395546446,0.01977811897630871,0.0031046309720839933,636.135546875,636.1754038260025,641.6700622558594,639.6088521135109,644.8268493652344,643.1951519409306,646.6243688964844,648.9614097531438,0.9952666767781777,0.9866823293780193,0.9818519690084182,0.9791225666289488,40.48403571894073,44.6398278125633,45.939311938641794,-3.930848568711326,-2.3356168671578272,-1.595231701553499,662.788626993582,626.8650717368866,644.8268493652344,0.05571038999393163,0.17424333246350168,0.031127595993358126,2978440.0,0.9678143591947462,0.005139964091970928,-0.11073426918219786,-0.014671969786748451,0.23623006202641106,0.005918466359382091,-0.34265058011021876,-0.0210595103455532,1.7540815136380452,0
2021-11-18,-0.017815386549378864,-0.017975990893077436,0.03673818286454021,-0.01877829895479824,632.9142333984375,631.3986538201996,638.8311096191406,636.3790887853442,643.1731811523438,641.16181878547,645.9342236328125,647.898027167083,0.982510932752439,0.9734108819141986,0.9668393708432657,0.9627066209795497,31.838616025115343,40.43137600487398,43.180302741477234,-5.135980090231328,-2.8956895117725274,-2.2402905784588008,663.096792572809,623.2495697318785,643.1731811523438,0.06195411128545202,-0.035245013909530915,0.3911756737114047,3152877.6,1.2719082402691433,-0.0038352839787847426,0.031127595993358126,0.005139964091970928,-0.11073426918219786,-0.014671969786748451,0.23623006202641106,0.007548273088529234,-0.43701163148773714,1
2021-11-22,0.009914695379832805,0.009865867266252232,0.028082210360778233,0.0031299912279727643,630.1708618164063,630.2692889074768,636.6086975097656,634.8575379301963,642.355908203125,639.909317861333,645.4218737792969,647.1181264578653,0.9965718777790706,0.9864938407826221,0.977667599942807,0.973023358202422,40.008502570631904,43.563383220374,45.073589642439686,-5.529814564307685,-3.4225145222795588,-2.1073000420281263,663.3316025352792,621.3802138709707,642.355908203125,0.06530863673638494,0.1580482892739504,-0.016256164637368342,3547375.7,1.11208435012959,-0.017815386549378864,0.3911756737114047,-0.0038352839787847426,0.031127595993358126,0.005139964091970928,-0.11073426918219786,0.005918466359382091,-0.34265058011021876,1
2021-11-23,0.04003041987691125,0.03924996260715728,0.04770969881968041,0.03987218563456608,634.3384765625,637.8962210880575,636.36494140625,638.1834556609275,643.0967102050781,641.1703433458935,645.3501818847657,647.354673869291,1.0296554750843105,1.0263766008320268,1.0156327580045226,1.0120863118712902,61.793487823335845,54.149355956368304,51.93109982307264,-3.7699242048562382,-3.491996458794895,-0.2779277460613434,664.4941955412222,621.699224868934,643.0967102050781,0.06654515564018547,0.7349195498023948,1.289950699382329,4158852.4,2.172188654735619,0.009914695379832805,-0.016256164637368342,-0.017815386549378864,0.3911756737114047,-0.0038352839787847426,0.031127595993358126,-0.014671969786748451,0.23623006202641106,0
2021-11-24,-7.307584160332059e-05,-7.307851177271765e-05,0.038053421148920595,-7.315643767278202e-05,637.846533203125,642.9649327110487,636.9958251953125,640.8959829874917,643.52685546875,642.3067254993351,645.2412121582031,647.5800731668494,1.0239177011393241,1.025285143363036,1.0148797216571581,1.012183263639553,61.7438242910316,54.12859673910167,51.91817800243484,-2.35193810831106,-3.263984788698128,0.9120466803870677,665.3612625395125,621.6924483979875,643.52685546875,0.06785857306563575,0.7192754870157062,-0.515785030726785,4346786.2,1.0063312982819352,0.04003041987691125,1.289950699382329,0.009914695379832805,-0.016256164637368342,-0.017815386549378864,0.3911756737114047,0.005139964091970928,-0.11073426918219786,0
2021-11-25,-0.0034393948130491125,-0.003445323128503942,0.0199735278283191,-0.003439408102360145,641.3928466796875,645.59531484122,638.7641967773437,642.7069095536864,642.8840301513671,643.1209496519283,644.9831262207031,647.7085439878185,1.014754190775378,1.0189301191037694,1.0124004463889362,1.00910559151411,59.1343214586854,53.096909463574185,51.28754905632819,-1.3933678033822616,-2.889861391634955,1.4964935882526933,662.9922175241804,622.7758427785539,642.8840301513671,0.06255618876729234,0.698228930395132,-0.3484663970772971,3944652.2,0.7224991850992591,-7.307584160332059e-05,-0.515785030726785,0.04003041987691125,1.289950699382329,0.009914695379832805,-0.016256164637368342,-0.0038352839787847426,0.031127595993358126,0
2021-11-26,-0.07673665599299906,-0.07984077205632131,0.07683128277611546,-0.059259222724934495,637.2061279296875,630.700729913678,635.0601806640625,635.107755100033,640.1956298828125,639.1010077858964,643.74048828125,645.8733681474567,0.9430410878360249,0.9462277408579441,0.9386373977101192,0.9334686430287972,28.20869231365812,36.458038827003705,39.95679210105959,-4.61065050461923,-3.23401921423181,-1.3766312903874196,666.6520078291913,613.7392519364336,640.1956298828125,0.08265091703678677,-0.24243099157108067,2.1304613881785595,4449987.3,2.004913587056754,-0.0034393948130491125,-0.3484663970772971,-7.307584160332059e-05,-0.515785030726785,0.04003041987691125,1.289950699382329,-0.017815386549378864,0.3911756737114047,0
2021-11-29,-0.004851840998808088,-0.004863649389787008,0.03148979056238008,-0.009656540293202455,631.20322265625,619.7991641807332,630.6870422363281,628.3601692118168,638.1954559326172,635.18624825532,642.3821862792969,643.995825581472,0.9473906520919481,0.9481660358748348,0.9370107968584191,0.9309038225023961,27.23854237126048,35.75368738629915,39.42294774494173,-7.311348243783527,-4.0494850201421535,-3.261863223641374,670.4310537081687,605.9598581570656,638.1954559326172,0.1010210821023305,-0.12352532590944894,-0.5257955758005075,4618770.0,0.9159962500838968,-0.07673665599299906,2.1304613881785595,-0.0034393948130491125,-0.3484663970772971,-7.307584160332059e-05,-0.515785030726785,0.009914695379832805,-0.016256164637368342,0
2021-11-30,-0.02749345832490857,-0.027878476853967857,0.04651542843086473,-0.021077997724758622,616.8842163085938,607.051127357468,625.6113464355469,619.8501482116569,635.2919799804688,630.0785154415694,640.8327124023438,641.5471678610588,0.9427296700682921,0.9295788144258853,0.9154138129192448,0.9074990125438711,22.212645814716453,31.999356176008405,36.53288133240684,-10.655490401630914,-5.370686096439906,-5.284804305191008,675.870689069316,594.7132708916216,635.2919799804688,0.12774821772531966,-0.1621320327351244,0.5615274833742083,4965050.3,1.3305953818836438,-0.004851840998808088,-0.5257955758005075,-0.07673665599299906,2.1304613881785595,-0.0034393948130491125,-0.3484663970772971,0.04003041987691125,1.289950699382329,1
2021-12-01,0.047337282453618235,0.0462510218013855,0.04048962225158624,0.036181802680425555,608.0806030273437,607.7288480885725,622.9635681152344,617.892719364225,632.81865234375,628.0790653567325,639.9705139160156,640.2741138096754,1.0016505813841794,0.9777205614022588,0.9624942110902316,0.951738050904502,42.82226269831558,42.82532170453085,43.779112818061556,-10.958050311277361,-6.488158939407397,-4.469891371869965,673.4552848975561,592.182019789944,632.81865234375,0.1284305777122766,0.20796838589488623,-0.0039862419781326874,5343508.3,1.231426551728197,-0.02749345832490857,0.5615274833742083,-0.004851840998808088,-0.5257955758005075,-0.07673665599299906,2.1304613881785595,-7.307584160332059e-05,-0.515785030726785,1
2021-12-02,0.014987318168713681,0.014876118000634389,0.02775417426676649,0.013714733542319628,601.551953125,611.2235085889963,621.4723999023438,617.9509212234283,631.5712310791016,627.139423855124,640.2295544433593,639.4089654088978,1.027696488022842,0.9947550843560997,0.9788489392298099,0.9656112019498103,48.13800696369146,45.90095843102031,45.92856498292138,-10.34201798311176,-7.25893074814827,-3.0830872349634895,672.3925954888633,590.7498666693399,631.5712310791016,0.12926923330568554,0.33637977707987354,-0.3894570296246067,5456996.3,0.7362029913782423,0.047337282453618235,-0.0039862419781326874,-0.02749345832490857,0.5615274833742083,-0.004851840998808088,-0.5257955758005075,-0.0034393948130491125,-0.3484663970772971,0
2021-12-03,-0.0034016866165474946,-0.0034074855068724832,0.02769370246527868,0.011852414117690413,604.5916137695312,612.8522934864143,620.8988708496094,617.6161834157595,629.864990234375,626.0889895147551,639.7630847167969,638.4952751293822,1.0190512889186543,0.9922869765219474,0.9781617851977983,0.9630281552646673,46.96450283098692,45.29643793089529,45.507707227557354,-9.909271813489681,-7.788998961216553,-2.1202728522731284,670.2739579691852,589.4560224995648,629.864990234375,0.12830993422820294,0.32980105996031556,0.2161307513683408,5544554.5,0.8811804447048,0.014987318168713681,-0.3894570296246067,0.047337282453618235,-0.0039862419781326874,-0.02749345832490857,0.5615274833742083,-0.07673665599299906,2.1304613881785595,0
2021-12-06,-0.002637417547886267,-0.0026409016609361216,0.03772264279530667,-0.002869608478461838,607.8893920898438,613.3965037630783,619.5463073730468,617.0468635795133,628.0775024414063,624.9838404482457,639.0805895996094,637.5536927445596,1.0108498886678838,0.9918305008093722,0.9783584381351598,0.9615139848033679,45.954605811001265,44.805406690082854,45.171880954180104,-9.586924255414488,-8.148584020056141,-1.4383402353583463,667.8823847401808,588.2726201426318,628.0775024414063,0.12675149848242784,0.32925991310595415,1.8040238628518468,6520033.2,2.1011807117791976,-0.0034016866165474946,0.2161307513683408,0.014987318168713681,-0.3894570296246067,0.047337282453618235,-0.0039862419781326874,-0.004851840998808088,-0.5257955758005075,1
2021-12-07,0.027689285390407603,0.027312869780011254,0.02497540208922872,0.018029142440787328,617.8782958984375,619.4308600933543,617.3812561035156,619.6746288839483,626.8730987548828,625.6043863821182,638.7632397460937,637.3162762743378,1.0220452424788,1.0228680681682754,1.0073802401286842,0.9886285456954681,57.198137447899875,50.817507055229896,49.28649030269981,-7.867826159282572,-8.092432447901428,0.22460628861885645,664.6832403818405,589.0629571279251,626.8730987548828,0.120630927382456,0.5611803315188444,-0.058643912802026965,6906288.0,1.8673359697713157,-0.002637417547886267,1.8040238628518468,-0.0034016866165474946,0.2161307513683408,0.014987318168713681,-0.3894570296246067,-0.02749345832490857,0.5615274833742083,1
2021-12-08,0.018618006552754363,0.018446813058784036,0.02355297614744867,0.011118660581155916,624.7128051757812,627.3728520414029,616.3967041015625,623.962302893685,626.6962646484375,627.2855720540593,639.0270617675782,637.5492393983834,1.0296840894056924,1.0435760471417315,1.0264251954626737,1.0066190845787064,63.34565248859868,54.5052364089201,51.90524910481563,-5.493391258387874,-7.572624209998718,2.0792329516108445,664.1636167880033,589.2289125088716,626.6962646484375,0.11957100832756415,0.7210000219307521,-0.24966261797902667,7436519.4,1.301229846855506,0.027689285390407603,-0.058643912802026965,-0.002637417547886267,1.8040238628518468,-0.0034016866165474946,0.2161307513683408,0.047337282453618235,-0.0039862419781326874,1
2021-12-09,0.0017087764443330933,0.0017073181468979307,0.025663830914592976,-0.002810687003050974,629.9414428710937,633.0339073830708,615.7466979980469,627.670251106907,627.2554473876953,628.91132881714,639.5136010742187,637.8161718951686,1.0228824049575387,1.046462807127307,1.0272625303613208,1.0075720312813574,63.91100833599558,54.84610876832676,52.14781310205284,-3.482792220242686,-6.754657812047512,3.2718655918048256,665.420053274079,589.0908415013116,627.2554473876953,0.12168760285885517,0.7240370400996601,0.0016192635838481184,8120747.6,1.1935218870735498,0.018618006552754363,-0.24966261797902667,0.027689285390407603,-0.058643912802026965,-0.002637417547886267,1.8040238628518468,0.014987318168713681,-0.3894570296246067,1
2021-12-10,0.008084963250899024,0.008052455036447775,0.016849403888915468,0.014253713123833948,636.6325927734375,638.5444758530368,620.6121032714843,631.6512259589183,627.8361419677734,630.8784034815046,639.8710986328125,638.2769342833177,1.0203147312379808,1.0466531499609166,1.0346100986749354,1.0151507298592952,66.74702014406333,56.50931309096565,53.31943727486902,-1.4522664176367925,-5.694179533165368,4.241913115528575,666.975060694624,588.6972232409229,627.8361419677734,0.12467876922211184,0.7775941637126556,-0.7491992088556987,7471647.0,0.32534111956841644,0.0017087764443330933,0.0016192635838481184,0.018618006552754363,-0.24966261797902667,0.027689285390407603,-0.058643912802026965,-0.0034016866165474946,0.2161307513683408,0
2021-12-13,-0.013244089748604693,-0.01333257484334036,0.0378048424167901,-0.01678887420385821,641.9281494140625,639.3505530752017,624.9087707519532,633.3442226063024,627.7979064941406,631.8388133898881,639.6942614746093,638.3822587239536,0.9984960281062413,1.0256900487222484,1.0209698071452766,1.0019828942063633,57.970395211105,53.03522577499895,51.148007665953855,-0.5311202246712128,-4.661567671466536,4.130447446795324,666.8839263935545,588.7118865947268,627.7979064941406,0.12451784083730016,0.668408053049014,0.7071239747345972,7463542.9,0.556000689699258,0.008084963250899024,-0.7491992088556987,0.0017087764443330933,0.0016192635838481184,0.018618006552754363,-0.24966261797902667,-0.002637417547886267,1.8040238628518468,0
2021-12-14,-0.0003728979378534447,-0.00037296748157848416,0.022005072756402427,0.007136954529518404,643.7729736328125,639.8082666660199,630.825634765625,634.6859446501849,628.2184906005859,632.684992481104,639.7324951171875,638.4740797091968,0.9952634237377982,1.015690641813738,1.0199058184917722,1.001549395627132,57.72437020383849,52.937850367138566,51.08731444673163,0.17756154499181775,-3.6937418281748657,3.8713033731666835,667.6690819036436,588.7678992975283,628.2184906005859,0.12559512938036038,0.6584919621483732,-0.2910277403255871,7097100.3,0.41454211940614677,-0.013244089748604693,0.7071239747345972,0.008084963250899024,-0.7491992088556987,0.0017087764443330933,0.0016192635838481184,0.027689285390407603,-0.058643912802026965,0
2021-12-15,-0.017603995268640538,-0.017760788442643227,0.03196666488705395,-0.017604039993826374,641.0104858398438,636.3536434348987,632.8616455078125,633.7329359815433,627.9126068115235,632.3763643374423,639.4313940429688,638.1199745038422,0.981956474780543,0.9946003228993058,1.0024394957905227,0.9843814408185885,46.79125837035301,48.419792787661464,48.25030922176456,-0.16899991376214984,-2.9887934452923224,2.8197935315301725,667.2253251620693,588.5998884609776,627.9126068115235,0.12521716533188235,0.5194821195964374,0.6058689749008088,6911540.7,0.6835729116085506,-0.0003728979378534447,-0.2910277403255871,-0.013244089748604693,0.7071239747345972,0.008084963250899024,-0.7491992088556987,0.018618006552754363,-0.24966261797902667,1
2021-12-16,0.005542908402233815,0.005527603016974245,0.019179961849687337,-0.004285677572838233,638.7259521484375,635.2135454930575,634.3336975097657,633.5875566411489,627.9030487060547,632.4294105538169,639.0681616210937,637.9165774491572,0.9909310048862453,0.9977924113035646,1.008011270073758,0.990400379208132,50.19544592080015,49.845700308536244,49.16714988823847,-0.16027549118143725,-2.4230898544701454,2.262814363288708,667.210786363873,588.5953110482365,627.9030487060547,0.12520320689259695,0.5639861411906995,-0.47622542036878923,6757254.5,0.3662130825470611,-0.017603995268640538,0.6058689749008088,-0.0003728979378534447,-0.2910277403255871,-0.013244089748604693,0.7071239747345972,0.0017087764443330933,0.0016192635838481184,0
2021-12-17,-0.0028694365852199866,-0.0028735613106933866,0.018099223335147716,-0.0028694772242042173,635.0362670898437,633.848092828705,635.8344299316407,633.1383986154854,628.366650390625,632.3044369296439,638.703017578125,637.6499347060529,0.9938285735902872,0.9925810207664473,1.004377280537828,0.9881230714912081,48.31809016951177,49.08502121464947,48.69560320443574,-0.2964926447086782,-1.997770412517852,1.7012777678091737,667.5962954719628,589.1370053092871,628.366650390625,0.12486227605157167,0.5350568696667042,0.2139271274693435,6569077.0,0.45729072744922916,0.005542908402233815,-0.47622542036878923,-0.017603995268640538,0.6058689749008088,-0.0003728979378534447,-0.2910277403255871,0.008084963250899024,-0.7491992088556987,0
2021-12-20,-0.026732302897886973,-0.02709610914585681,0.039682541190183586,-0.011536687096842684,629.692919921875,627.3140524456992,635.8105346679688,629.7034118998856,627.6784210205078,630.5845830963148,638.3847119140624,636.7321322344308,0.975469077460639,0.9660833506013821,0.9785997910857263,0.9621877846009188,34.381748621255994,42.58380387337962,44.5299515232011,-1.7456886265033518,-1.947354055314952,0.2016654288116002,667.3889204859094,587.9679215551063,627.6784210205078,0.1265313515186277,0.3308703048103995,0.3551051305968287,5606170.8,0.7261116625272994,-0.0028694365852199866,0.2139271274693435,0.005542908402233815,-0.47622542036878923,-0.017603995268640538,0.6058689749008088,-0.013244089748604693,0.7071239747345972,1
2021-12-21,0.02443200912259247,0.0241383215581034,0.03129268717595053,0.01746520524415573,627.398828125,627.9604465848932,635.5859008789063,629.6215615295939,626.4835784912109,630.457788026502,638.2269934082032,636.4388421414445,1.0029557064105827,0.9900364907294702,1.0044209560588016,0.9859395502891518,49.49814468201863,49.04842552080103,48.63400774607262,-1.6640441004261675,-1.8906920643371952,0.2266479639110277,664.456569459615,588.5105875228068,626.4835784912109,0.12122581428185629,0.5364687676877348,-0.23161707084716998,4629320.9,0.675663032994753,-0.026732302897886973,0.3551051305968287,-0.0028694365852199866,0.2139271274693435,0.005542908402233815,-0.47622542036878923,-0.0003728979378534447,-0.2910277403255871,1
2021-12-22,0.004101386220820569,0.004092998462823019,0.012859304084720129,-0.0032421387844511085,627.8767578125,629.2516461933143,634.4436218261719,630.0238313260597,625.4201629638671,630.5888601582786,638.1342736816406,636.2582618774725,1.006302650238947,0.9958868269358524,1.0102553176665967,0.9901271119083827,51.72919598769792,50.089166904005644,49.31119801421945,-1.375237501037418,-1.7876011516772399,0.41236365063982183,661.4956154107388,589.3447105169955,625.4201629638671,0.11536389321351584,0.5888953846903908,-0.5929432286153381,3788980.5,0.33603155255087747,0.02443200912259247,-0.23161707084716998,-0.026732302897886973,0.3551051305968287,-0.0028694365852199866,0.2139271274693435,-0.017603995268640538,0.6058689749008088,0
2021-12-23,-0.016263186259541595,-0.0163968834161324,0.036447538957372315,-0.023355344064386,625.6017700195313,626.68723434372,632.1638610839843,628.4846639294182,623.9552795410157,629.7288173474456,637.7108190917969,635.6817971232396,0.993536847929836,0.9832235736771354,0.9961585886439689,0.9746712648371415,42.92126233383295,46.055466671325874,46.735338053828144,-1.9530010583065405,-1.8206811330031,-0.1323199253034404,658.1084667380946,589.8020923439367,623.9552795410157,0.10947318923946671,0.4649100260737976,1.333716090815627,3116884.2,0.9533004145614392,0.004101386220820569,-0.5929432286153381,0.02443200912259247,-0.23161707084716998,-0.026732302897886973,0.3551051305968287,0.005542908402233815,-0.47622542036878923,1
2021-12-24,0.0016147510711572721,0.0016134487623941979,0.024796598674582088,-0.0011502185630561095,623.8907470703125,625.3121804804488,629.4635070800781,627.4078291702341,625.0378051757813,629.046270243299,637.281630859375,635.1672981283638,0.9978703413656229,0.9890360056642745,0.9960390677149861,0.976902585304994,44.00766922428574,46.508580676582326,47.019171524829964,-2.3033441778316046,-1.9172137419688011,-0.3861304358628035,657.533010241028,592.5426001105345,625.0378051757813,0.10397836673609855,0.4619061886683893,0.33741994738377845,3271192.0,1.214820774812362,-0.016263186259541595,1.333716090815627,0.004101386220820569,-0.5929432286153381,0.02443200912259247,-0.23161707084716998,-0.0028694365852199866,0.2139271274693435,1
2021-12-27,0.0026869457690286147,0.002683342383536806,0.01783931337060165,0.007793191038532056,625.888525390625,624.9530747473825,627.79072265625,626.830926281328,626.3497467041016,628.5880410088181,636.73869140625,634.7385751931829,0.9973578967463209,0.994335916019984,0.9966234784415892,0.9803627009105021,46.00598712456988,47.30306280955056,47.50867446404465,-2.4181386119979607,-2.0173987159746334,-0.40073989602332727,656.3985576873815,596.3009357208216,626.3497467041016,0.09594898422614208,0.4648091995382389,-0.5372522089064882,3040110.4,0.6048855988914087,0.0016147510711572721,0.33741994738377845,-0.016263186259541595,1.333716090815627,0.004101386220820569,-0.5929432286153381,-0.026732302897886973,0.3551051305968287,1
2021-12-28,0.006584525743625225,0.006562942446038236,0.01361529252215093,0.0035111637826571664,625.7069091796875,626.0837677677863,626.5528686523437,627.1062403771945,628.6892517089843,628.5649088945111,636.0600207519532,634.4878527859441,1.0042164224019279,1.0028605489591087,0.9994526741160992,0.9878708507190267,51.017352172837384,49.29584223014671,48.73079323741675,-2.1526337122320456,-2.0444457152261157,-0.10818799700592985,650.6100485163442,606.7684549016244,628.6892517089843,0.06973491831702858,0.49215133684659107,0.21421987591623126,2969190.9,0.7520068851079936,0.0026869457690286147,-0.5372522089064882,0.0016147510711572721,0.33741994738377845,-0.016263186259541595,1.333716090815627,0.02443200912259247,-0.23161707084716998,0
2021-12-29,-0.002205772288883079,-0.0022082085878514274,0.018676626839499524,0.001221262185835699,624.73193359375,626.3755676720139,626.304345703125,627.079499850517,629.5829956054688,628.4119811407928,634.9148828125,634.1926102249452,1.0035651033138433,1.0010455328656687,0.9958324348921198,0.9874696348323265,49.220191331021766,48.62806447372546,48.33237452020111,-2.0306486264853447,-2.0416862974779617,0.011037670992616988,649.6093270244327,609.5566641865049,629.5829956054688,0.06361776464341955,0.4344905447206517,0.35023145286834945,2798223.4,1.0774218384422058,0.006584525743625225,0.21421987591623126,0.0026869457690286147,-0.5372522089064882,0.0016147510711572721,0.33741994738377845,0.004101386220820569,-0.5929432286153381,0
2021-12-30,-0.01539880018679729,-0.015518593079455,0.024543259400269496,-0.015548799096084323,623.881201171875,623.3519612930613,624.7414855957031,625.3022723386331,629.5375915527344,627.3541494640655,634.0402563476563,633.5303411390711,0.9894588062208546,0.9880962970572448,0.9805685265157776,0.9736049759538871,38.26569092236083,44.142374760502506,45.60523448744963,-2.682088049227559,-2.169766647827881,-0.512321401399678,649.6706648196133,609.4045182858555,629.5375915527344,0.06396146484984741,0.19620030545206177,0.2316480295814045,2922089.4,1.2707533862584766,-0.002205772288883079,0.35023145286834945,0.006584525743625225,0.21421987591623126,0.0026869457690286147,-0.5372522089064882,-0.016263186259541595,1.333716090815627,1
2021-12-31,0.01571704979700761,0.015594816075268901,0.02698378211394071,0.012581081456684438,624.7701782226562,624.5702935313118,624.3304626464844,625.6122151875747,630.0824462890625,627.321083611089,633.4820251464844,633.2745221927472,1.0035801641357458,1.0042869850527278,0.9951189113434862,0.9897786095238068,51.04103958420363,49.212601720463304,48.661866695820294,-2.3879445273552165,-2.213402223733348,-0.1745423036218683,649.30153097996,610.863361598165,630.0824462890625,0.061004983725829305,0.41998869012979967,-0.32683777440547446,2871653.9,0.8704471663524633,-0.01539880018679729,0.2316480295814045,-0.002205772288883079,0.35023145286834945,0.006584525743625225,0.21421987591623126,0.0016147510711572721,0.33741994738377845,1
2022-01-03,0.016921930963482268,0.01678035007220588,0.02443593147628961,0.016921983961232245,627.446630859375,628.9192378424891,626.667578125,627.7949263288964,631.2390563964843,628.3016591209704,633.3472473144532,633.444820399496,1.016209339735459,1.0174726581078362,1.0101040485434623,1.006741766335128,61.26740274988914,54.11748281868263,51.77366383118639,-1.28388195350567,-2.0274981696878127,0.7436162161821427,649.3144532476267,613.163659545342,631.2390563964843,0.05726957693121302,0.6764295998833442,-0.0465690226086094,2702905.1,0.8817246302876116,0.01571704979700761,-0.32683777440547446,-0.01539880018679729,0.2316480295814045,-0.002205772288883079,0.35023145286834945,0.0026869457690286147,-0.5372522089064882,1
2022-01-04,0.005022150973908568,0.005009582038203147,0.01566229059907495,0.0005970513642723362,629.9414672851562,632.8859372074928,627.8241882324219,630.1630008031879,631.705044555664,629.4938188177828,633.396953125,633.734017087261,1.0172680625379749,1.0206987050652903,1.0144280807322774,1.0117183746714917,63.92090185521968,55.51388070436426,52.6825495861964,-0.14879762057978496,-1.6517580598662072,1.5029604392864222,650.2575152517899,613.1525738595382,631.705044555664,0.05873776331539509,0.7456355148357474,-0.16121479445019293,2590019.8,0.771811860279987,0.016921930963482268,-0.0465690226086094,0.01571704979700761,-0.32683777440547446,-0.01539880018679729,0.2316480295814045,0.006584525743625225,0.21421987591623126,1
2022-01-05,0.035948698489330244,0.03531762377850063,0.04413250455588545,0.03951508064479288,637.3208251953125,643.2092771487453,631.0263793945312,636.2889928446536,632.7350006103516,632.7664034095416,633.7840832519531,634.9152696340841,1.041635438207759,1.0520256818236644,1.049184818906617,1.0474481366351105,77.09244953580489,64.0017243270747,58.579158036276894,2.5798883414200873,-0.8054287796089484,3.385317121029036,655.5384737846056,609.9315274360976,632.7350006103516,0.07207906359615708,1.1823731670848103,2.172979797979798,3096979.3,2.048064060357136,0.005022150973908568,-0.16121479445019293,0.016921930963482268,-0.0465690226086094,0.01571704979700761,-0.32683777440547446,-0.002205772288883079,0.35023145286834945,0
2022-01-06,-0.02958953409773779,-0.030036136267976302,0.03012091019405272,-0.02608379738868316,642.7024291992187,643.5437742840594,633.2918151855469,637.7296793373871,632.7278381347656,633.856533423365,633.3940869140625,635.2798774348921,1.0023499823352942,1.0172447410613399,1.0181514542710473,1.0170804904310589,56.55341710150514,54.45997181758353,52.69928216271688,3.1213692782878297,-0.0200691680295928,3.1414384463174225,655.5167917232636,609.9388845462677,632.7278381347656,0.07203398432943335,0.7519845936611701,-0.2566729078522271,3271325.0,1.4412459783115403,0.035948698489330244,2.172979797979798,0.005022150973908568,-0.16121479445019293,0.016921930963482268,-0.0465690226086094,-0.01539880018679729,0.2316480295814045,0
2022-01-07,-0.001632245933644083,-0.0016335794983726587,0.017091477175109313,-0.004659799429086543,645.9332885742188,643.4162678169771,635.3517333984375,638.7172385274644,632.4076202392578,634.7426973718838,633.163720703125,635.5889510603007,0.9957084829959375,1.0122916505517385,1.0170042774618786,1.0157898089432307,55.627845323982385,53.99590033308703,52.40363163595458,3.4261538871566017,0.6691754430076462,2.7569784441489555,654.4075146384566,610.4077258400589,632.4076202392578,0.06957504525601915,0.7444019604918269,-0.39284302313743324,3160195.2,0.9058345509796356,-0.02958953409773779,-0.2566729078522271,0.035948698489330244,2.172979797979798,0.005022150973908568,-0.16121479445019293,0.01571704979700761,-0.32683777440547446,0
2022-01-10,-0.0011146799342617308,-0.001115301651993449,0.014134801882291137,-0.008555905914206512,646.89873046875,643.0922905238181,637.1726806640625,639.3948926020163,632.4817016601562,635.4761867590853,633.2526171875,635.857789682936,0.9931142320714985,1.0082735111429189,1.0157516561367603,1.0145150900296689,54.912973570699144,53.66016327718205,52.19400858255594,3.5687106433433655,1.24908248307479,2.3196281602685755,654.6059559995698,610.3574473207426,632.4817016601562,0.06996014044783024,0.7251518655613108,-0.35654440312246083,3160499.8,0.5828081368649352,-0.001632245933644083,-0.39284302313743324,-0.02958953409773779,-0.2566729078522271,0.035948698489330244,2.172979797979798,0.016921930963482268,-0.0465690226086094,0
2022-01-11,-0.03927983485923359,-0.04007210373701181,0.03918226314800935,-0.027560222579772312,642.176708984375,634.4646031877537,636.0590881347656,635.3611354953996,631.3059783935547,633.7364764501843,632.8043103027344,635.1264735587276,0.9611205449848268,0.9703646092465755,0.9776704951950544,0.9753556011973927,35.94398961918462,43.42493655409456,45.47136551327945,1.626674340111208,1.3246008544820738,0.3020734856291343,654.0439846698947,608.5679721172147,631.3059783935547,0.07203482005413603,0.19001789984115577,2.752715171026594,3628451.6,1.905046769812225,-0.0011146799342617308,-0.35654440312246083,-0.001632245933644083,-0.39284302313743324,-0.02958953409773779,-0.2566729078522271,0.005022150973908568,-0.16121479445019293,1
2022-01-12,0.017577703949504864,0.017425002936703453,0.01552395159657944,0.007745380050565582,635.0171875,632.3291853282942,636.1690063476562,634.033356243395,631.2366760253906,633.1957024653453,632.1944604492187,634.8492922273805,0.9890414967852741,0.9872507829564886,0.9949649211829261,0.9934575338782553,45.40352673747497,48.0157664860532,48.4676174053799,0.952055279928004,1.25009173957126,-0.2980364596432561,654.0053834901673,608.4679685606138,631.2366760253906,0.0721400017760087,0.4302040658010021,-0.22694676355577026,3861327.9,1.3838840260108447,-0.03927983485923359,2.752715171026594,-0.0011146799342617308,-0.35654440312246083,-0.001632245933644083,-0.39284302313743324,0.035948698489330244,2.172979797979798,1
2022-01-13,0.04687618438990149,0.045810667388172056,0.04986550702971335,0.04377841515316766,637.6744995117188,640.7192330899566,640.1884643554688,638.2998966742833,632.464974975586,635.5103335270536,632.4812219238281,635.7375289483962,1.0310892612402454,1.0270402627064528,1.0395821976365753,1.0395554932261153,62.797167254660216,57.98038353976553,55.443674926216005,2.7612260760513436,1.552318606867277,1.2089074691840667,657.9551458324614,606.9748041187105,632.464974975586,0.08060579436152784,0.9910589610846561,0.3479537318264925,4210299.0,1.7107967866415188,0.017577703949504864,-0.22694676355577026,-0.03927983485923359,2.752715171026594,-0.0011146799342617308,-0.35654440312246083,-0.02958953409773779,-0.2566729078522271,0
2022-01-14,-0.007487048697935483,-0.007515217335085402,0.01801668020073025,0.004118234582182412,639.557568359375,644.671688433669,642.7454284667969,640.8956607555215,633.5379455566406,637.1356921550574,632.5280603027344,636.3978846414432,1.0203563078693851,1.0152955901650644,1.0300513232048403,1.0316958884144427,59.12280919538308,56.04587337090524,54.156540901651425,3.7545042494087966,1.992755735375581,1.7617485140332156,660.4763182947929,606.5995728184882,633.5379455566406,0.08504107110579993,0.8533742321689881,-0.7147815219452653,4165778.6,0.4931656713585307,0.04687618438990149,0.3479537318264925,0.017577703949504864,-0.22694676355577026,-0.03927983485923359,2.752715171026594,-0.001632245933644083,-0.39284302313743324,1
2022-01-17,0.024461702713711286,0.024167306557129325,0.04210744944789967,0.025513232278684076,644.7766479492187,652.6277035846856,645.8376892089843,645.9218558702846,636.2526336669922,640.1265532723585,632.8941613769531,637.6583493177285,1.0368547558493024,1.0351513159684744,1.0507457234929503,1.0563215379206747,66.5314329315338,60.632795820621325,57.51477661528307,5.763339731212682,2.746872534543001,3.0164671966696806,665.6938766040796,606.8113907299048,636.2526336669922,0.09254576367693788,1.0483311334497736,1.88173055253091,4519485.0,1.3099461553694725,-0.007487048697935483,-0.7147815219452653,0.04687618438990149,0.3479537318264925,0.017577703949504864,-0.22694676355577026,-0.0011146799342617308,-0.35654440312246083,0
2022-01-18,-0.02745204551482172,-0.027835894180654734,0.039694206873642515,-0.032913861068411626,651.3721923828125,651.8141192843217,646.7744506835937,646.6973276545226,637.2993194580079,641.0846863591428,632.7861474609375,638.1496670183507,0.9981803925419613,1.0052761824410246,1.0202222579439535,1.0274987107294893,53.52052978013622,53.69496445376618,52.84189050442628,5.807494913217511,3.3589970102779034,2.4484979029396072,667.1563002585056,607.4423386575102,637.2993194580079,0.09369845499251311,0.7158227469766646,-0.4172248889495467,4664603.5,0.7396540777796012,0.024461702713711286,1.88173055253091,-0.007487048697935483,-0.7147815219452653,0.04687618438990149,0.3479537318264925,-0.03927983485923359,2.752715171026594,0
2022-01-19,-0.008159368225578945,-0.008192838056617151,0.04335581255689387,-0.009324486910334122,654.7368896484375,649.5033581687145,644.8770385742188,646.3672382514276,637.951708984375,641.4463196523197,632.7479138183594,638.4136736426311,0.9849480701839953,1.0000074391907205,1.01086309019245,1.019176550177649,50.20919234139223,51.84813490532081,51.570184874816185,5.352707114094528,3.7577390310412286,1.5949680830532995,667.872636799093,608.0307811696571,637.951708984375,0.09380311203289152,0.6158073539035788,0.41728882992922434,4519314.3,1.0820048519307455,-0.02745204551482172,-0.4172248889495467,0.024461702713711286,1.88173055253091,-0.007487048697935483,-0.7147815219452653,0.017577703949504864,-0.22694676355577026,1
2022-01-20,0.011635527039080218,0.011568354848119664,0.019926704155219653,0.00515463917525771,653.7140991210938,650.4640307713305,645.6942993164063,647.461445110543,639.4930572509766,642.4881345403429,633.1321740722656,638.9615835380795,0.9979674246795078,1.0103626076105054,1.0201602168771102,1.030409451126866,54.821642492113924,54.24523248840775,53.24139297981386,5.533965370158853,4.112984298864754,1.420981071294099,669.0510850243951,609.935029477558,639.4930572509766,0.09244205996694077,0.7180848943037392,-0.4145898092402329,4334096.8,0.6604857095023813,-0.008159368225578945,0.41728882992922434,-0.02745204551482172,-0.4172248889495467,0.024461702713711286,1.88173055253091,0.04687618438990149,0.3479537318264925,0
2022-01-21,-0.023809483713707613,-0.024097510505298413,0.026791708196528964,-0.01863311821940255,650.5692626953125,645.9268261782829,645.0634155273438,645.5325309072056,640.2075744628906,641.9513995357567,633.1101879882813,638.8788711245152,0.9789156259146089,0.9872710212089091,0.9947592662059365,1.0059108652410051,44.798936336581455,48.826464535342176,49.52660866632547,4.373815248718756,4.165150488835555,0.20866475988320143,668.767998399817,611.6471505259643,640.2075744628906,0.08922238685128778,0.4412621206514165,0.34033114546904586,4431519.8,0.8658077077755582,0.011635527039080218,-0.4145898092402329,-0.008159368225578945,0.41728882992922434,-0.02745204551482172,-0.4172248889495467,-0.007487048697935483,-0.7147815219452653,0
2022-01-24,-0.06671672645408988,-0.06904650841191047,0.0627211334281744,-0.05285607343035991,635.7340576171875,628.7391202842199,640.2553527832031,636.2291086506398,638.7140167236328,637.4192384843602,632.1629138183594,637.1331784724202,0.9349250702783564,0.9283229041543856,0.9305631204791156,0.940206544079037,28.292089957030896,37.72515860063348,41.258498634928046,0.025609031392605175,3.3372421973469653,-3.31163316595436,673.0080608921597,604.4199725551058,638.7140167236328,0.10738466127436112,-0.14661822924111545,0.9016725725622412,4976965.4,1.4660381203373445,-0.023809483713707613,0.34033114546904586,0.011635527039080218,-0.4145898092402329,-0.008159368225578945,0.41728882992922434,0.024461702713711286,1.88173055253091,1
2022-01-25,0.015037089028558492,0.014925152740983643,0.04436346180291159,0.017983910345262148,626.3569091796875,620.2598163548446,638.86455078125,630.2422177134496,637.4618194580078,634.1699022950015,631.5826977539062,635.80643455178,0.9631907937061175,0.9443335175794825,0.9464115184326513,0.9552212412430078,34.23853237803746,40.775493015438705,43.347406460942835,-2.6684341192919874,2.136106934019175,-4.804541053311162,674.8666347515853,600.0570041644303,637.4618194580078,0.11735546867851744,0.043366132223897215,-0.3136587102087448,4786511.9,1.0462389114712114,-0.06671672645408988,0.9016725725622412,-0.023809483713707613,0.34033114546904586,0.011635527039080218,-0.4145898092402329,-0.02745204551482172,-0.4172248889495467,0
2022-01-27,-0.008001325713716811,-0.008033508103113712,0.0321035575864432,0.011470073644487128,617.075341796875,612.9978772443756,635.9061157226563,624.4661779516292,636.0375610351563,630.7702924596146,630.8409362792969,634.3424174722371,0.9698556375315989,0.9411357812517965,0.9409412834824035,0.948692395508193,32.53828657049465,39.645960993856264,42.49049603867025,-5.133818720988415,0.682121803017657,-5.815940524006073,676.9393341955193,595.1357878747932,636.0375610351563,0.12861433244223847,0.04080765808802724,-0.04937942244502869,4728204.0,1.0068412868818688,0.015037089028558492,-0.3136587102087448,-0.06671672645408988,0.9016725725622412,-0.023809483713707613,0.34033114546904586,-0.008159368225578945,0.41728882992922434,1
2022-01-28,0.0031145089674076143,0.003109668931306846,0.032401937770281254,-0.004675138204486897,606.6658569335938,608.7779020496358,630.1899780273437,620.0792277168159,635.1892211914062,627.8719742882375,630.185205078125,633.0089090090183,0.9895693729898991,0.9526301156666567,0.9451324607399973,0.9526373307760081,34.0144383253249,40.33327460006935,42.94776632949795,-6.858191418294609,-0.8259408412447964,-6.032250577049813,678.2564372004927,592.1220051823198,635.1892211914062,0.13560436661159492,0.09538515881898509,-0.21876648312348712,4379817.6,0.849145407333858,-0.008001325713716811,-0.04937942244502869,0.015037089028558492,-0.3136587102087448,-0.06671672645408988,0.9016725725622412,0.011635527039080218,-0.4145898092402329,1
2022-01-31,0.0014331120664965447,0.0014320861414590402,0.017489466231823753,-0.01108488646693204,599.5350341796875,606.2513691073093,625.0521484375,616.6463323542414,633.8987884521484,625.331624662944,629.7722680664062,631.7614342722983,1.0027742649689264,0.9618370318789026,0.9484137123698563,0.9546280992469217,34.78290136184877,40.669132111612264,43.16677737831028,-8.062407607286104,-2.273234194453058,-5.789173412833046,679.3499803272321,588.4475965770648,633.8987884521484,0.1434020468348462,0.14026812190794696,-0.22221896576108968,4463640.4,0.6480466033957395,0.0031145089674076143,-0.21876648312348712,-0.008001325713716811,-0.04937942244502869,0.015037089028558492,-0.3136587102087448,-0.023809483713707613,0.34033114546904586,1
2022-02-01,0.04030514415535458,0.0395140779593054,0.04714958912042493,0.03210028424022141,605.7482299804688,612.6441419048729,620.7411437988281,618.2433060171065,633.2894165039063,625.3409639807588,629.7206506347657,631.5131304773063,1.0324911515138324,1.007553138289624,0.9875890409675624,0.9931859259650445,52.832453006764524,49.32147607074886,48.96090324211803,-6.98101462089835,-3.2147902797421164,-3.7662243411562333,678.8515217324035,587.7273112754091,633.2894165039063,0.1438903099945179,0.4137470825317532,0.7804955115504935,4386646.7,1.1740961495713798,0.0014331120664965447,-0.22221896576108968,0.0031145089674076143,-0.21876648312348712,-0.008001325713716811,-0.04937942244502869,-0.06671672645408988,0.9016725725622412,1
2022-02-02,0.008482254387608412,0.008446482211316594,0.017579716625187373,-0.00022730971827644473,611.2349365234375,618.6743416735611,618.7959228515625,620.5144760523485,632.7851867675781,625.8546570502996,629.27234375,631.4826054080369,1.0319023071528117,1.0192936280257925,0.9967596498787925,1.0023239499963128,55.94662423374451,51.00605636602784,50.12967234793155,-5.631018513643426,-3.698035926522379,-1.9329825871210469,678.2258489346272,587.3445246005291,632.7851867675781,0.1436211312062189,0.47743820777629986,-0.502417605034226,4297899.5,0.5962729002853603,0.04030514415535458,0.7804955115504935,0.0014331120664965447,-0.22221896576108968,0.0031145089674076143,-0.21876648312348712,0.015037089028558492,-0.3136587102087448,0
2022-02-03,-0.010153612004229151,-0.010205511533260008,0.026640164990688078,-0.005859932398687288,616.4062377929688,620.5597295727387,616.7407897949219,621.2082995648476,630.8089141845703,625.7094997475181,628.6969067382812,631.2021308967842,1.0128555927767662,1.0123061676830158,0.9897299979949538,0.9930548387937193,51.186894435576114,48.89316053679522,48.715634805885486,-5.020037316965158,-3.9624362046109347,-1.0576011123542237,674.0576013257788,587.5602270433618,630.8089141845703,0.13712135693933533,0.42510282690981666,-0.041554660066390414,4054530.3,0.6057984077711789,0.008482254387608412,-0.502417605034226,0.04030514415535458,0.7804955115504935,0.0014331120664965447,-0.22221896576108968,-0.008001325713716811,-0.04937942244502869,1
2022-02-04,0.0064303256095323835,0.006409739269925758,0.028751844703752742,0.01599687107563759,622.0076782226563,623.1548709846904,614.336767578125,622.5059094273469,630.0155334472656,625.9605144200015,628.2466882324219,631.0900925796002,1.010188741727508,1.0228024545652599,0.997348669120058,1.0001567307524515,54.04617685580761,50.28350287554304,49.65046142681413,-4.163883087323029,-4.002725581153354,-0.16115750616967528,672.8315641846403,587.1995027098909,630.0155334472656,0.1359205558094658,0.48049352532328765,0.3370346726769664,4096675.6,0.8016407254701836,-0.010153612004229151,-0.041554660066390414,0.008482254387608412,-0.502417605034226,0.04030514415535458,0.7804955115504935,0.0031145089674076143,-0.21876648312348712,0
2022-02-07,-0.009431745539280167,-0.009476506120511513,0.03232749449263548,-0.01251137351311274,626.2517700195312,622.9095013921374,612.8934020996094,622.4900644781985,628.9784088134766,625.6232046854328,628.6768322753907,630.7500404081269,0.993879445941717,1.015541626120938,0.9895709510620251,0.9900456486590903,49.09355974811952,48.198973491896716,48.286188879388035,-3.9184159059637977,-3.985863646115443,0.06744774015164534,671.4741752652404,586.4826423617127,628.9784088134766,0.1351263123067424,0.4228199988592859,-0.15701439254191918,3989832.9,0.6938679060970198,0.0064303256095323835,0.3370346726769664,-0.010153612004229151,-0.041554660066390414,0.008482254387608412,-0.502417605034226,0.0014331120664965447,-0.22221896576108968,1
2022-02-08,0.013744851907423472,0.013651248168177843,0.028253332985670447,0.006863941683307879,627.360595703125,625.5976062340812,616.5544128417969,624.0325647399749,628.4048828125,626.1327867075792,629.3363879394532,630.7588159183168,1.0057593993623304,1.0233870730236292,1.0040880221903612,1.0026018326762842,55.89955894208018,51.33524815138626,50.35387632270103,-2.998989574328789,-3.7884888317581127,0.7894992574293238,670.4656071199618,586.3441585050382,628.4048828125,0.13386504611235375,0.5305383840597941,0.15013923119241057,3578597.3,0.8897522501344312,-0.009431745539280167,-0.15701439254191918,0.0064303256095323835,0.3370346726769664,-0.010153612004229151,-0.041554660066390414,0.04030514415535458,0.7804955115504935,1
2022-02-09,0.004469003542797667,0.004459047198735299,0.013196591751890755,0.00030174581639588695,627.9723754882813,628.3296175349604,619.6036560058594,625.807305721201,629.2341033935547,626.8623917960687,630.3811596679687,630.877828632764,1.0092699374616776,1.0229017114300647,1.0072461691420946,1.0054133604985076,58.05598820435917,52.35910586379241,51.03149256470937,-2.0195215469158256,-3.4346953747896554,1.4151738278738297,671.0323486707547,587.4358581163548,629.2341033935547,0.1328543543707364,0.5545422028236572,-0.3087992864467277,3297896.6,0.6673429361005436,0.013744851907423472,0.15013923119241057,-0.009431745539280167,-0.15701439254191918,0.0064303256095323835,0.3370346726769664,0.008482254387608412,-0.502417605034226,1
2022-02-10,0.01432761223315504,0.014225941974316259,0.020667645032121023,0.009531635349121109,631.68115234375,633.1778749061195,624.0436950683594,628.9104118897894,629.9749053955078,628.3873439724847,631.0569616699219,631.3482820059277,1.0177197582406199,1.0301752821619572,1.0204761874519925,1.0187264045819953,64.5657104998617,55.59880093049825,53.191770527469814,-0.5047273017465841,-2.8487017601810414,2.3439744584344573,672.1866710569842,587.7631397340314,629.9749053955078,0.13401094329297208,0.6527948908413244,0.9469399698658869,3250329.5,1.3182909609625733,0.004469003542797667,-0.3087992864467277,0.013744851907423472,0.15013923119241057,-0.009431745539280167,-0.15701439254191918,-0.010153612004229151,-0.041554660066390414,0
2022-02-11,-0.0017097929962762715,-0.0017112563605925848,0.02286263781317781,0.0036624742691131734,634.3671630859375,636.0436524439235,628.1874206542968,631.2494656406516,629.1886993408203,629.662378596013,631.5282092285156,631.7571810456769,1.0116778497763923,1.0216301479757137,1.0200043455832843,1.0162257174600855,63.18095395501119,55.11027295465998,52.89518756982835,0.6001451399033613,-2.158932380164161,2.7590775200675224,669.8788865088234,588.4985121728173,629.1886993408203,0.12934176093954886,0.6546626970127135,-0.27126197233061367,3190674.8,0.9786503469422833,0.01432761223315504,0.9469399698658869,0.004469003542797667,-0.3087992864467277,0.013744851907423472,0.15013923119241057,0.0064303256095323835,0.3370346726769664,0
2022-02-14,-0.06680069939214506,-0.06913648829093495,0.09687975961957629,-0.04532988047134434,629.6642456054688,623.6638265641782,627.9580078125,625.3685036704763,626.505078125,626.733025853982,631.1840954589844,630.4688278597558,0.9511484556802123,0.9537328409760679,0.9559446454880841,0.948858152658578,31.97552154251268,40.253946143211046,43.062272723671235,-1.9609647607277338,-2.119338856276876,0.15837409554914217,667.7472380405115,585.2629182094884,626.505078125,0.13165786313796798,0.16537999735155146,1.0789308755170044,3550567.7,1.8283205809594898,-0.0017097929962762715,-0.27126197233061367,0.01432761223315504,0.9469399698658869,0.004469003542797667,-0.3087992864467277,-0.009431745539280167,-0.15701439254191918,1
2022-02-15,0.022504276711433624,0.02225479152894177,0.04113015783491697,0.007549027305854284,625.9458984375,619.9032444021605,626.6532470703125,623.0073357445942,623.6971954345703,625.3662691134242,631.1420385742188,629.7595436330253,0.9783306857777433,0.9772263735025596,0.981857998658209,0.9702761702603847,42.40848677038573,45.250833212333546,46.354195456757914,-2.870024635298705,-2.269476012081242,-0.6005486232174633,660.5195838884573,586.8748069806833,623.6971954345703,0.11807777467471364,0.34635549414977107,-0.3835335209816537,3435717.1,1.1647754700175983,-0.06680069939214506,1.0789308755170044,-0.0017097929962762715,-0.27126197233061367,0.01432761223315504,0.9469399698658869,0.013744851907423472,0.15013923119241057,0
2022-02-16,-0.004136538563506931,-0.004145117705959798,0.017476527294768823,-0.004913084760374578,621.1569580078125,616.5518089308674,624.5646667480469,620.614899788901,621.6802947998046,623.8884280538867,630.7090258789062,628.9787355685255,0.981795229251237,0.9764384225633724,0.980968744046595,0.9669259721445146,41.02869305298536,44.4975671345618,45.83127230594341,-3.7516182121688644,-2.565904452098766,-1.1857137600700982,656.8602629492501,586.5003266503592,621.6802947998046,0.11317704113743618,0.33184525976169926,-0.5153020898641849,3373413.3,0.574991211423753,0.022504276711433624,-0.3835335209816537,-0.06680069939214506,1.0789308755170044,-0.0017097929962762715,-0.27126197233061367,0.004469003542797667,-0.3087992864467277,1
2022-02-17,0.0003135582151903016,0.0003135090660869466,0.023581929653875556,-0.0056091861240401735,614.5901123046875,614.3812596648492,623.1356323242187,618.6922200332485,619.9382110595703,622.5695454899749,630.0446923828125,628.2360463749682,0.9925967712776684,0.9789845572743743,0.9840338121603434,0.9682490282168025,41.197188114006245,44.5725759165593,45.879664966727034,-4.384317678675302,-2.9295870974140734,-1.4547305812612286,653.774980646638,586.1014414725026,619.9382110595703,0.10916174864987083,0.35373825504694695,0.228127482686604,3366008.3,0.7077160207834307,-0.004136538563506931,-0.5153020898641849,0.022504276711433624,-0.3835335209816537,-0.06680069939214506,1.0789308755170044,0.01432761223315504,0.9469399698658869,0
2022-02-18,-0.008383077045908793,-0.008418412655624959,0.0179347017836714,-0.003699679748003168,607.2203002929688,611.2295555968786,620.7937316894531,616.1892977473738,617.5652496337891,620.8892218681618,629.2560949707031,627.3219326920649,0.9962218772479702,0.9744398446399694,0.9795339809350567,0.961335380452853,37.825129859049625,42.902675465875745,44.756867869002015,-5.238014161259571,-3.391272510183173,-1.8467416510763979,648.4992422768851,586.6312569906931,617.5652496337891,0.1001804834758418,0.2957085217114306,-0.38792609116531174,3183409.0,0.45802125959937917,0.0003135582151903016,0.228127482686604,-0.004136538563506931,-0.5153020898641849,0.022504276711433624,-0.3835335209816537,-0.0017097929962762715,-0.27126197233061367,0
2022-02-21,-0.015406447915521038,-0.015526360446005635,0.022067084799786803,-0.013926330887999267,606.5607421875,606.0218318237004,618.1124938964844,612.4469498437319,615.5029479980469,618.4813325737981,628.1769104003906,626.0781856954092,0.9819402128290557,0.9635889747556053,0.9676742998787939,0.9481507110755043,32.218272291472886,39.96420265393311,42.754714485237066,-6.590629104867048,-4.031143829119948,-2.5594852757471003,646.5180884507728,584.4878075453211,615.5029479980469,0.10077982746826511,0.17924433953426605,0.27399457776003744,3092324.5,0.6007040981630486,-0.008383077045908793,-0.38792609116531174,0.0003135582151903016,0.228127482686604,-0.004136538563506931,-0.5153020898641849,-0.06680069939214506,1.0789308755170044,0
2022-02-22,-0.001765348163610625,-0.0017669082269870426,0.0356913379534264,0.018003273322422193,602.9953125,602.1995317626753,614.47060546875,609.1938556249852,615.5125091552734,616.2026277230198,627.2487548828125,624.8419796540451,0.98600257633118,0.9675888909072675,0.9659510128503961,0.9478774202616064,31.601703947525195,39.634381198785974,42.52934222449894,-7.6591398367779675,-4.756743030651553,-2.902396806126415,646.5016840419556,584.5233342685912,615.5125091552734,0.1006938914343484,0.16185647744278883,0.805194092072878,3109245.8,1.0784859788184002,-0.015406447915521038,0.27399457776003744,-0.008383077045908793,-0.38792609116531174,0.0003135582151903016,0.228127482686604,0.022504276711433624,-0.3835335209816537,0
2022-02-23,-0.011736350843449483,-0.011805765459737178,0.024564887459296244,-0.01569253449634706,598.5409301757812,597.3253632975127,609.8489440917969,605.2635230326583,614.7263000488281,613.4763799748453,626.1858215332031,623.3806089369134,0.981682282270364,0.9634796158288389,0.9558351844072979,0.938342910621191,27.523534027516448,37.42682976435454,41.02251523740246,-8.965650490865187,-5.59852452269428,-3.3671259681709067,647.6521489837313,581.8004511139249,614.7263000488281,0.10712360584633489,0.08772097668132041,-0.3021971336703966,3123155.7,0.7492188109609776,-0.001765348163610625,0.805194092072878,-0.015406447915521038,0.27399457776003744,-0.008383077045908793,-0.38792609116531174,-0.004136538563506931,-0.5153020898641849,0
2022-02-24,-0.07377585759513328,-0.076639019193504,0.06762097418266927,-0.04949920603349326,585.3785034179688,579.6262513129252,599.9843078613281,594.1661601801295,612.0140014648438,606.8812987718838,624.481494140625,620.2765861293384,0.9297027891630029,0.9070704353646781,0.8892411383418527,0.8714878382307947,14.221769649943226,27.266516580604247,33.3215779541994,-13.345137102166632,-7.1478470385887505,-6.197290063577881,656.6890404329888,567.3389624966987,612.0140014648438,0.1459935193025525,-0.2586560156044598,1.3451505111056883,3243415.8,1.6918832916827995,-0.011736350843449483,-0.3021971336703966,-0.001765348163610625,0.805194092072878,-0.015406447915521038,0.27399457776003744,0.0003135582151903016,0.228127482686604,1
2022-02-25,0.0513743305768366,0.05009819458818134,0.049782808233159496,0.038965460766414634,578.8307495117188,577.146626851846,593.0255249023437,590.1700179527764,610.6064727783203,603.5771158345318,623.2665747070313,618.3907348273913,0.9885227735609496,0.9648612983798839,0.9370804330425421,0.9180459873026983,37.09722141490945,38.805535410983296,40.842459007114826,-14.393901926363242,-8.597058016143649,-5.796843910219593,658.3338288692,562.8791166874405,610.6064727783203,0.15632771095175438,0.09751494744987264,-0.17541236133664972,3383651.2,1.337285888096267,-0.07377585759513328,1.3451505111056883,-0.011736350843449483,-0.3021971336703966,-0.001765348163610625,0.805194092072878,-0.008383077045908793,-0.38792609116531174,1
2022-02-28,0.04819590306609767,0.04707049883612071,0.06311255847560841,0.06077770449202247,579.6623657226562,584.6859063452412,593.1115539550781,591.9144629308228,610.534780883789,603.214006262865,622.6395202636719,617.6602928863969,1.0346789800374812,1.011216964722048,0.982359210500396,0.9632611580422109,51.86777157666898,47.63060346234599,47.03007533220334,-12.851669082155126,-9.447980229345944,-3.403688852809182,658.3227192650388,562.7468425025393,610.534780883789,0.1565445241696914,0.3873113601822205,0.5785605854172979,3448777.9,2.0711229331410412,0.0513743305768366,-0.17541236133664972,-0.07377585759513328,1.3451505111056883,-0.011736350843449483,-0.3021971336703966,-0.015406447915521038,0.27399457776003744,1
2022-03-02,0.027332710462409926,0.026965841930873143,0.049410451120458235,0.03135996093749994,583.98291015625,595.1764888330254,593.489111328125,596.3223158176902,610.0711791992187,604.4467346005534,622.67775390625,617.601365863738,1.0550953514097443,1.0381953805854003,1.0099766630794855,0.9895289336149338,58.60840661123723,52.05681835601792,50.27631728074717,-10.189190490047963,-9.596222281486348,-0.592968208561615,657.4502783887026,562.6920800097348,610.0711791992187,0.15532318458863717,0.5642316413091069,0.24529406568224998,3938088.0,2.25869508248673,0.04819590306609767,0.5785605854172979,0.0513743305768366,-0.17541236133664972,-0.07377585759513328,1.3451505111056883,-0.001765348163610625,0.805194092072878,1
2022-03-03,0.015668846959528082,0.015547357994984365,0.020161924485892803,0.006456590633406986,591.629931640625,605.3883704850377,595.0854309082031,601.6841009033942,609.825048828125,606.4815345232686,622.6089318847656,617.9233567627704,1.057776323205366,1.05163410375207,1.0262158548450235,1.0051448055757892,62.24161645158285,54.49605594575776,52.09189673910368,-7.216928911008722,-9.120363607390823,1.9034346963821012,656.8218113830727,562.8282862731772,609.825048828125,0.1541319519270631,0.6700870878312706,-0.33213726006021405,4338179.6,1.3693759935619079,0.027332710462409926,0.24529406568224998,0.04819590306609767,0.5785605854172979,0.0513743305768366,-0.17541236133664972,-0.011736350843449483,-0.3021971336703966,0
2022-03-04,-0.03474879224320426,-0.03536689260128249,0.05016221472379077,-0.03474873923296327,603.597509765625,604.9475529796085,594.4880065917969,602.1171585516407,608.8118194580078,606.2514758037905,622.0535693359375,617.3799277904559,1.0007760273949886,1.0161111936166103,0.9922046495524959,0.9710834367747622,50.57563507598953,48.50929758446293,47.951005719017616,-6.540730600720735,-8.604437006056806,2.0637064053360703,655.3858574981795,562.2377814178361,608.8118194580078,0.1529997826968406,0.44904992471165706,0.28024126859934495,4860501.8,1.5647355587853091,0.015668846959528082,-0.33213726006021405,0.027332710462409926,0.24529406568224998,0.04819590306609767,0.5785605854172979,-0.07377585759513328,1.3451505111056883,1
2022-03-07,0.008228439764066175,0.008194770723279768,0.032174525958548285,0.01134924510168661,610.9673217773437,606.3105146491662,594.8990356445313,603.3752093583026,607.8463836669922,606.5167102975515,621.8031298828125,617.0527321119392,0.9968396283725202,1.0237643726022065,1.0019578208462963,0.9794682733473257,52.92832654185723,49.8650186121738,48.92540288456747,-5.539898639812009,-7.991529332807847,2.4516306929958382,653.5531951377953,562.1395721961891,607.8463836669922,0.15038935066147746,0.5130183476269092,-0.27589436453046523,5265406.2,1.0459046825295264,-0.03474879224320426,0.28024126859934495,0.015668846959528082,-0.33213726006021405,0.027332710462409926,0.24529406568224998,0.0513743305768366,-0.17541236133664972,0
2022-03-08,-0.011457287016334083,-0.011523427407499162,0.042629257222905524,-0.015782539930363017,611.4261352539063,604.8931873377254,595.5442504882812,603.1358136049464,606.8283721923829,606.0921219563412,621.3930590820313,616.4647242924452,0.9846790936812466,1.010938368091408,0.9921397223727256,0.9688851909679359,49.1002745151413,47.95607511814344,47.611544723470466,-5.2492803031942685,-7.443079526885132,2.1937992236908634,652.0964208121744,561.5603235725913,606.8283721923829,0.14919555740693094,0.44731560534449794,-0.015275880484021287,5621947.7,0.9646100051766756,0.008228439764066175,-0.27589436453046523,-0.03474879224320426,0.28024126859934495,0.015668846959528082,-0.33213726006021405,0.04819590306609767,0.5785605854172979,0
2022-03-09,-0.004286643916892041,-0.00429585791577635,0.025910865610157808,-0.0029411376564984016,608.0901489257812,603.0880322811399,596.0365295410156,602.4707060709504,605.2535675048828,605.4621791193533,620.8979162597657,615.7985673463874,0.985836924388552,1.0057734592703622,0.9904571478021608,0.9655012627183059,47.61432137999539,47.2358233775936,47.120138127322434,-5.167643640886013,-6.9879923496853085,1.8203487087992958,649.2249457780724,561.2821892316931,605.2535675048828,0.1452990304690271,0.43432267120410367,-0.30219010298199134,5665041.3,0.6679940709346638,-0.011457287016334083,-0.015275880484021287,0.008228439764066175,-0.27589436453046523,-0.03474879224320426,0.28024126859934495,0.027332710462409926,0.24529406568224998,1
2022-03-10,0.03763041213344587,0.03693966366520465,0.04325781700201687,0.029667721518987368,607.3349853515625,609.4041268267496,599.4824584960937,606.0280896794992,604.6657012939453,607.0406683382691,620.7717395019531,616.0431849374298,1.0242062962302365,1.0376222141319287,1.0287276334458055,1.002037103713887,59.96875798470119,53.77150675910941,51.69584693734173,-3.245246826930611,-6.239443245134369,2.9941964182037584,647.3918611987317,561.9395413891589,604.6657012939453,0.14132159245465786,0.7032784441982757,0.3746146491715321,5951232.2,0.8740771364962032,-0.004286643916892041,-0.30219010298199134,-0.011457287016334083,-0.015275880484021287,0.008228439764066175,-0.27589436453046523,0.015668846959528082,-0.33213726006021405,1
2022-03-11,0.029197141170293595,0.028779023701319788,0.03852181827990858,0.03276792598303779,614.5614013671875,619.6687505667915,609.0794555664063,612.2408002917493,604.5318817138672,610.1985092628983,621.0365161132812,616.9904325103493,1.041715273075489,1.0510911051030778,1.0589979079877363,1.0308540342418426,67.22817622611274,58.25470650068004,54.98835112028161,-0.25331745156074703,-5.042218086419645,4.788900634858898,646.7927520177647,562.2710114099697,604.5318817138672,0.1398135369935712,0.921975648827546,0.5710395329648994,6219713.1,1.313933596068925,0.03763041213344587,0.3746146491715321,-0.004286643916892041,-0.30219010298199134,-0.011457287016334083,-0.015275880484021287,-0.03474879224320426,0.28024126859934495,0
2022-03-14,-0.007316137928825239,-0.007343032120620855,0.021659058348271202,-0.003223424908639401,619.8569580078125,624.9505741083298,615.4121398925781,616.4723313644142,604.2188323974609,612.6095294465657,621.4007055664063,617.7168555958809,1.0252594779833002,1.032664421118402,1.051794792078508,1.022712422915799,63.74986120109793,56.726818272571876,53.99180109660925,1.7200389475270867,-3.689766679630299,5.409805627157386,645.4517945495033,562.9858702454185,604.2188323974609,0.13648353854988418,0.8794947920373355,-0.6904178632916844,6020221.7,0.42024947353683,0.029197141170293595,0.5710395329648994,0.03763041213344587,0.3746146491715321,-0.004286643916892041,-0.30219010298199134,0.008228439764066175,-0.27589436453046523,0
2022-03-15,-0.03564699899589574,-0.03629786778623231,0.040240172830917305,-0.027086457641786812,622.0172607421875,620.9203982011261,616.7216979980469,615.8155522775605,604.9166259765625,612.6333882027708,621.1177673339844,617.5263924896393,0.9852781989610023,0.9937384210351873,1.01313143013276,0.9867050640288232,49.34370346257291,49.908575303267156,49.441296018813055,1.4393436752416164,-2.663944608655916,4.103288283897532,646.2384664860505,563.5947854670745,604.9166259765625,0.13661995301510851,0.5961164884261672,0.8794440305217994,5781435.8,0.8224572864754461,-0.007316137928825239,-0.6904178632916844,0.029197141170293595,0.5710395329648994,0.03763041213344587,0.3746146491715321,-0.011457287016334083,-0.015275880484021287,1
2022-03-16,0.021991517064018584,0.02175319141831583,0.023273559710034412,0.010174940780892363,627.3892700195313,622.7261883189799,617.7397094726563,617.7286825097655,605.6144104003906,613.9385672839057,620.8921801757813,617.8719366490529,0.9983240047047488,1.013918579217404,1.0342187335677762,1.0087705861867426,56.21186378701184,53.49021056393005,51.9700217587995,2.2781688778730995,-1.6755219113501134,3.953690789223213,647.8775546228094,563.3512661779719,605.6144104003906,0.1395711313886249,0.7451705680632256,-0.33744866439087917,5206983.9,0.6050375919157345,-0.03564699899589574,0.8794440305217994,-0.007316137928825239,-0.6904178632916844,0.029197141170293595,0.5710395329648994,-0.004286643916892041,-0.30219010298199134,1
2022-03-17,0.04555522661553124,0.044548061653132166,0.04758434941296313,0.03489422293948274,633.95615234375,633.4410347256742,620.6455688476562,624.4817816060013,607.8654998779297,617.8368682605874,621.1732080078125,619.3228696251318,1.0329905705907119,1.0551444502454945,1.0773283360719967,1.054248185686119,67.19685236486065,60.00936499611195,56.77568692717204,5.185539552444766,-0.3033096185911377,5.488849171035904,655.2738794648337,560.4571202910256,607.8654998779297,0.15598312322849223,0.9957480942263359,2.171583734364391,5612106.4,1.780405303791104,0.021991517064018584,-0.33744866439087917,-0.03564699899589574,0.8794440305217994,-0.007316137928825239,-0.6904178632916844,0.03763041213344587,0.3746146491715321,0
2022-03-21,-0.005546721056774673,-0.0055621612353938974,0.02935564414845927,-0.012179243533986013,636.1642211914062,639.3734705788349,625.3628112792969,629.346610820393,609.9254089355469,621.0179610248321,620.9208557128907,620.5744567882701,1.0236953299032117,1.0413768304401185,1.0677344028374052,1.048826652049652,64.78307832856811,58.8779310319764,56.02636582709026,7.11453667548767,1.180259640224624,5.9342770352630465,660.9731945401652,558.8776233309286,609.9254089355469,0.16739025742084704,0.9046496127137762,-0.5386456967216395,5312543.5,0.8677144949495472,0.04555522661553124,2.171583734364391,0.021991517064018584,-0.33744866439087917,-0.03564699899589574,0.8794440305217994,0.029197141170293595,0.5710395329648994,1
2022-03-22,0.022310353931517035,0.022065118804977555,0.032232609055321194,0.025999889590963318,642.2149169921875,648.1715471176608,631.0359375,635.9686270703784,612.9674865722657,625.2798409458303,621.3519543457031,622.3467408434483,1.0366743010477466,1.0550392784805738,1.0861386856231272,1.0714824272120944,69.83894405276259,61.966883960988405,58.33583446955952,9.703818965001119,2.884971505179923,6.818847459821196,669.4257299501247,556.5092431944066,612.9674865722657,0.18421284852668254,0.9676041129164251,0.043780482804894216,5242991.1,0.9177183230389234,-0.005546721056774673,-0.5386456967216395,0.04555522661553124,2.171583734364391,0.021991517064018584,-0.33744866439087917,-0.007316137928825239,-0.6904178632916844,1
2022-03-23,0.01134238203407456,0.0112785395162342,0.025198749836451026,0.002134016144401835,654.3067260742188,656.5540620107322,638.1619934082031,642.759620657014,616.8531219482422,629.8550076935488,621.9551110839843,624.3456565671121,1.0290572677385248,1.0550911817874173,1.0915387599406048,1.0825847071557466,72.25422860464771,63.50142156972134,59.49669499300083,12.224264317137681,4.752830067571475,7.471434249566206,678.4593089124738,555.2469349840106,616.8531219482422,0.19974345519937478,0.9582816485738419,0.8631125808958329,5597145.6,1.6016256571921232,0.022310353931517035,0.043780482804894216,-0.005546721056774673,-0.5386456967216395,0.04555522661553124,2.171583734364391,-0.03564699899589574,0.8794440305217994,1
2022-03-24,0.015190188965214624,0.015075973231483242,0.021395592665811893,0.015046097354063164,665.7485595703125,665.5516866855403,646.5689147949219,650.1754961803125,621.3027221679688,634.9685246784638,622.7771630859374,626.6672753697804,1.0267343822363373,1.057191152240845,1.1001833915196653,1.0975786791026458,75.37079292295995,65.53003045852907,61.04044767293758,14.875560765117484,6.777376207080677,8.098184558036806,688.4316847184455,554.1737596174921,621.3027221679688,0.2160909976902641,0.9636166827424437,-0.32299432920759275,5825628.1,1.0417827736034164,0.01134238203407456,0.8631125808958329,0.022310353931517035,0.043780482804894216,-0.005546721056774673,-0.5386456967216395,0.021991517064018584,-0.33744866439087917,1
2022-03-25,0.008740152115774391,0.008702178091691168,0.022527206695752047,0.004665704158687332,672.678662109375,673.5415378684852,653.3174072265625,657.3292678265057,626.3999328613281,640.1640213980744,624.2234033203125,629.1321367370194,1.0250380740072613,1.0554153809577853,1.1007683814471618,1.1046065183822589,77.12203692745419,66.69449510140798,61.93038269682741,17.25984793808641,8.873870553281824,8.385977384804585,697.8536949433853,554.9461707792709,626.3999328613281,0.22814102726883778,0.9416933799829785,1.656411995375215,6917631.3,2.330547451986925,0.015190188965214624,-0.32299432920759275,0.01134238203407456,0.8631125808958329,0.022310353931517035,0.043780482804894216,0.04555522661553124,2.171583734364391,1
2022-03-28,0.012129998488109806,0.012057019619440425,0.01821666653569599,0.011218802750606048,682.0080200195313,681.6560691909693,659.0861206054688,664.7030612827659,634.0827880859375,645.6612700112042,625.6199389648438,631.8283326232515,1.0232799488427593,1.0588678930074056,1.1006214723831185,1.1155097342176536,79.50251733839099,68.30860291051476,63.16715560095111,19.59839080320853,11.018774603267165,8.579616199941366,701.4706013853754,566.6949747864996,634.0827880859375,0.21255209750404006,0.9733967510304433,-0.4457416473078678,6993970.3,1.2776262432798722,0.008740152115774391,1.656411995375215,0.015190188965214624,-0.32299432920759275,0.01134238203407456,0.8631125808958329,-0.005546721056774673,-0.5386456967216395,1
2022-03-29,0.032598312948491914,0.03207825967212151,0.05053717250579621,0.030622042944719804,692.9814819335937,694.6490493825213,667.5981994628906,674.8725064614675,641.5051696777343,652.8016261782918,626.8826525878907,635.3109474131486,1.0399051468949372,1.0794442081260922,1.1233502765498247,1.1495532804915032,84.59056734657807,72.24828916292643,66.29447686031821,23.02204409872695,13.419428502359121,9.60261559636783,712.5882157798728,570.4221235755958,641.5051696777343,0.22161332273548998,1.0566013587416458,-0.18470771110872364,7469489.9,0.975326440966203,0.012129998488109806,-0.4457416473078678,0.008740152115774391,1.656411995375215,0.015190188965214624,-0.32299432920759275,0.022310353931517035,0.043780482804894216,0
2022-03-30,-0.04821602380441781,-0.04941718570099145,0.04982231288158669,-0.0432666829427083,695.4954345703125,691.7289845818372,674.9010803222657,676.8754789194677,645.8113891601563,655.9527908261182,627.5488977050782,637.2943947687298,0.9861874296906366,1.0162805705585127,1.0620575395432885,1.0929647992192122,58.64942606822201,59.98339846140112,58.3495206188011,22.67026103857961,15.269595009603222,7.400666028976389,716.6926304203863,574.9301478999263,645.8113891601563,0.21951065729084565,0.7827085495947648,-0.1771199958930384,7593475.3,0.7894722459951902,0.032598312948491914,-0.18470771110872364,0.012129998488109806,-0.4457416473078678,0.008740152115774391,1.656411995375215,0.01134238203407456,0.8631125808958329,1
2022-03-31,0.021043900554237327,0.02082553586269995,0.023135210048736476,0.011947547533235403,698.8505737304688,694.5935336665373,682.2995666503906,681.1385976315531,650.0196380615234,660.1784899699105,628.1845556640625,639.7660903399928,1.0021063989367724,1.0264151790012523,1.0773868831477564,1.1148358002778609,63.99988522348141,62.807917652497196,60.41855787583998,23.287709375497798,16.87321788278214,6.414491492715658,723.3117879745868,576.7274881484601,650.0196380615234,0.22550749430166087,0.8431676778077992,-0.00805059286005727,7873090.8,0.7553038763378672,-0.04821602380441781,-0.1771199958930384,0.032598312948491914,-0.18470771110872364,0.012129998488109806,-0.4457416473078678,0.015190188965214624,-0.32299432920759275,0
2022-04-01,-0.0006142537192068698,-0.0006144424503124626,0.029295290698474048,-0.00380950720131803,700.9248168945312,696.359841129254,686.8017395019531,684.548390072123,653.7236541748047,663.960772454175,629.1786657714844,642.1239870346867,0.9985271446880457,1.0190604009859197,1.0706243403998617,1.1123906358085036,63.71323523516212,62.6659509111518,60.32478023059175,23.47176217685262,18.19292674159624,5.278835435256383,729.202917815256,578.2443905343533,653.7236541748047,0.23092101122064737,0.8058376542980723,-0.1457374798539529,7381902.1,0.6881609822487351,0.021043900554237327,-0.00805059286005727,-0.04821602380441781,-0.1771199958930384,0.032598312948491914,-0.18470771110872364,0.008740152115774391,1.656411995375215,1
2022-04-04,0.0006828267247391828,0.0006825937046400409,0.015285945162324677,0.00027305420755124914,701.4218627929688,697.6966811955444,691.71494140625,687.4251121186687,658.5388763427734,667.4283523469321,630.2884362792969,644.4081585756059,0.998500900070812,1.0125129867865492,1.0635216636224496,1.111190244045304,63.92267048188035,62.76664059827146,60.39648497099979,23.38660211793922,19.231661816864836,4.154940301074383,733.0128898389229,584.0648628466239,658.5388763427734,0.22617955043062737,0.7808461839344432,-0.035150632773595425,7411062.4,0.6613591595180739,-0.0006142537192068698,-0.1457374798539529,0.021043900554237327,-0.00805059286005727,-0.04821602380441781,-0.1771199958930384,0.012129998488109806,-0.4457416473078678,1
2022-04-05,0.0010236283328051154,0.0010231047825733617,0.021610164731258586,-0.0060306437997000905,697.5123168945313,698.8268808881755,695.2468994140625,689.909142692263,663.1414184570312,670.6339645304089,631.2624743652344,646.6308692304227,1.0051253050194477,1.0084004414320973,1.0572213720335808,1.1106113680817402,64.28345343388534,62.92816453983322,60.50890539834479,23.110557405106647,20.0074409345132,3.1031164705934486,736.173056569372,590.1097803446905,663.1414184570312,0.22025961907874061,0.759790570204903,-0.28082431579389777,7282398.4,0.48403682501083706,0.0006828267247391828,-0.035150632773595425,-0.0006142537192068698,-0.1457374798539529,0.021043900554237327,-0.00805059286005727,0.032598312948491914,-0.18470771110872364,1
2022-04-06,0.005385660212835486,0.005371209406407424,0.02264715439940621,0.009445618636635886,701.3071655273437,700.8389533069608,698.4013000488281,692.6280436835846,668.2816467285156,673.8938820174681,632.6226879882812,648.9144860505838,1.0050704353127686,1.0092522710012872,1.0547395721476047,1.114191937039078,66.35107291642251,63.81842645660257,61.119251803994054,22.93211972630695,20.59237669287195,2.339743033434999,737.778756767068,598.7845366899633,668.2816467285156,0.20798748664957736,0.7631868533506118,0.16636013740908018,6797081.2,0.604871396857816,0.0010236283328051154,-0.28082431579389777,0.0006828267247391828,-0.035150632773595425,-0.0006142537192068698,-0.1457374798539529,-0.04821602380441781,-0.1771199958930384,0
2022-04-07,-0.012679767210862503,-0.012760841523829084,0.023350045031295553,-0.009455798921131004,700.4277587890625,699.2011682528176,699.6391662597656,693.2275990401204,673.1040405273437,675.992140696236,634.65392578125,650.758059073876,0.9935722698193532,0.9946921666277105,1.0339049481849907,1.0965434386746393,57.205866171529486,60.137087566540224,58.858360433671585,21.818020465409177,20.8375054473794,0.9805150180297773,735.8963010289235,610.3117800257639,673.1040405273437,0.18657520003114275,0.6817226950812939,-0.2812633775684932,6485675.8,0.45561713090870193,0.005385660212835486,0.16636013740908018,0.0010236283328051154,-0.28082431579389777,0.0006828267247391828,-0.035150632773595425,0.021043900554237327,-0.00805059286005727,1
2022-04-08,0.0392142812977847,0.03846492886814669,0.040774486626233605,0.03015857173498477,705.092431640625,707.2060522727118,703.0086242675782,698.6800029078257,678.1630157470703,680.4896339930231,637.0522180175781,653.5995399067632,1.0257035643251837,1.028743880725467,1.0664335912152318,1.13525359438046,71.29840882994431,66.49291447083573,63.220394466036225,22.873510044026148,21.244706366708748,1.6288036773174,739.9784721725827,616.3475593215579,678.1630157470703,0.1823026469746833,0.8644137499794922,1.7496765635020144,5686014.3,1.4289891954721254,-0.012679767210862503,-0.2812633775684932,0.005385660212835486,0.16636013740908018,0.0010236283328051154,-0.28082431579389777,-0.0006142537192068698,-0.1457374798539529,1
2022-04-11,0.014274419942395866,0.01417349966189846,0.02475892545678135,0.015079397373098515,711.726220703125,715.9838037286829,706.5740417480469,705.018058131971,682.8300811767579,685.5419837689851,639.7535241699219,656.7344327198558,1.0306481415226638,1.0381633959066296,1.074263315079027,1.1465967422256718,74.94044736526824,68.53659388572645,64.70670079542924,24.26331976234826,21.84842904583665,2.4148907165116107,746.5408562389462,619.1193061145696,682.8300811767579,0.18660799170532175,0.8979642800952405,-0.024464592056395063,5585093.5,1.4192192127132697,0.0392142812977847,1.7496765635020144,-0.012679767210862503,-0.2812633775684932,0.005385660212835486,0.16636013740908018,0.0006828267247391828,-0.035150632773595425,0
2022-04-12,-0.014985553706894472,-0.015098971630180332,0.04709614292383813,-0.017546139292471293,716.0181274414062,718.1714738074032,706.7652221679688,708.2051046470388,687.1817108154297,689.0662533114478,642.1977014160157,659.3153104157377,1.009118046419812,1.0223293270549811,1.0514639761111348,1.1251158519746522,64.73576614636094,64.05643551936629,61.90953690823095,24.198802949149695,22.31850382649926,1.8802991226504346,749.238473447857,625.1249481830024,687.1817108154297,0.18061238142903704,0.7849415732406758,0.08445926510558555,5716168.0,1.503793450437426,0.014274419942395866,-0.024464592056395063,0.0392142812977847,1.7496765635020144,-0.012679767210862503,-0.2812633775684932,0.0010236283328051154,-0.28082431579389777,1
2022-04-13,0.013824475277379511,0.013729788880872016,0.027533080522126774,0.008355231034128397,721.55263671875,722.9595307153522,711.4299011230469,712.6288391714409,693.1654907226563,693.2061953323813,644.8244482421875,662.1866960673265,1.0152213535833574,1.0296666521534814,1.0567976252937066,1.1360233727616347,69.18433177554274,66.21749089806937,63.418364223411366,24.669315542976392,22.788666169794688,1.8806493731817042,748.0697091445036,638.261272300809,693.1654907226563,0.1584159025707041,0.8585348716386397,-0.217931240995745,5788945.5,1.1612845551923057,-0.014985553706894472,0.08445926510558555,0.014274419942395866,-0.024464592056395063,0.0392142812977847,1.7496765635020144,0.005385660212835486,0.16636013740908018,1
2022-04-18,0.0019572793026150226,0.0019553663272255098,0.022725729929937325,0.005039235060127672,729.1614013671875,726.6294942724744,714.794580078125,716.5089450287641,698.5470733642578,697.0884073375563,646.9952429199219,665.0017049033811,1.0065939036412461,1.026825666902088,1.0507086055802426,1.134427848455698,69.82184894544145,66.52856984797405,63.63546309414776,24.871194326690215,23.205171801173794,1.6660225255164214,746.904396854046,650.1897498744696,698.5470733642578,0.13845115192279173,0.8662562923891064,-0.12731254945063775,5780961.9,1.0148380324042612,0.013824475277379511,-0.217931240995745,-0.014985553706894472,0.08445926510558555,0.014274419942395866,-0.024464592056395063,-0.012679767210862503,-0.2812633775684932,0
2022-04-19,-0.027935142039465788,-0.028332750450952397,0.07221332080793406,-0.03403647907012336,727.2114135742188,722.241623297535,716.1519226074219,715.955660723108,701.4768310546875,698.6481667670896,648.6498657226563,666.9022608423722,0.9810982996553866,0.9962493415503431,1.0170911564890075,1.0999245032646217,51.90616740679466,58.26582086191984,58.4288163214077,23.110319019342114,23.186201244807457,-0.0758822254653424,745.8286781864382,657.1249839229368,701.4768310546875,0.1264527783906037,0.6351584101712191,0.24452165938834858,6003096.7,1.216253104835043,0.0019572793026150226,-0.12731254945063775,0.013824475277379511,-0.217931240995745,-0.014985553706894472,0.08445926510558555,0.0392142812977847,1.7496765635020144,0
2022-04-20,-0.01011521097059953,-0.010166717343341618,0.03451309581458329,-0.02526388445126988,721.7533569335938,716.9107566775234,716.7397888183593,714.1908175802702,704.2273651123047,699.3720578785573,650.2882360839844,668.4452711402205,0.9785185155743996,0.9853632161287506,1.0028707466158644,1.0860553586060693,46.95827530707361,55.646099581316896,56.71384599803253,20.891646634491735,22.727290322744313,-1.8356436882525777,742.1298479709271,666.3248822536823,704.2273651123047,0.10764274362606749,0.5266692070376516,-0.35902419916494155,5980954.0,0.7824750031516711,-0.027935142039465788,0.24452165938834858,0.0019572793026150226,-0.12731254945063775,0.013824475277379511,-0.217931240995745,0.014274419942395866,-0.024464592056395063,0
2022-04-21,-0.006293565118314581,-0.006313453087326775,0.02962408013944157,-0.013172026603452503,717.604833984375,711.875237524599,716.8114807128907,711.9387051509029,706.0291900634766,699.603690387147,651.7574169921875,669.7534643982021,0.9779814265214816,0.9790638377063723,0.9940158411235849,1.0767874379666054,43.94808185157537,54.03469338524746,55.657397927571886,18.56071623421576,21.893975505038604,-3.3332592708228432,739.6291468449008,672.4292332820523,706.0291900634766,0.09518007825824701,0.43712803155951746,-0.14615785178763774,6028052.7,0.6628900241698285,-0.01011521097059953,-0.35902419916494155,-0.027935142039465788,0.24452165938834858,0.0019572793026150226,-0.12731254945063775,-0.014985553706894472,0.08445926510558555,0
2022-04-22,-0.014709836881085625,-0.01481909934414753,0.020666314214103643,-0.009041062446489652,709.3938598632812,705.0770829916598,715.4732482910156,708.2190812917898,706.9372741699219,698.8300792955885,653.1386572265625,670.605515752225,0.9747487440320497,0.9664662872825184,0.9781359665010032,1.0587044056801533,37.444069840106515,50.385242165050094,53.238895010339895,15.699449472916967,20.655070298614277,-4.955620825697309,737.8241614432783,676.0503868965656,706.9372741699219,0.08738225696084115,0.24978863834113593,-0.43836387769974294,5841342.9,0.38420309138160674,-0.006293565118314581,-0.14615785178763774,-0.01011521097059953,-0.35902419916494155,-0.027935142039465788,0.24452165938834858,0.013824475277379511,-0.217931240995745,0
2022-04-25,-0.010644156381096281,-0.01070121063775379,0.03388291125665824,0.006610425045050909,699.4240844726562,698.0915701389712,714.2927429199219,703.8375291357543,706.9659545898437,697.4291712134936,654.201591796875,671.1355168769845,0.9781197983043423,0.9577593377709694,0.9676852753545904,1.045733536897306,33.3399445588954,47.90122979064825,51.56160941429674,12.691664336079157,19.062389106107254,-6.370724770028097,737.7668565690304,676.165052610657,706.9659545898437,0.08713546042554852,0.12914381254666807,1.1992405521280491,6039411.6,0.8172438520335326,-0.014709836881085625,-0.43836387769974294,-0.006293565118314581,-0.14615785178763774,-0.01011521097059953,-0.35902419916494155,0.0019572793026150226,-0.12731254945063775,1
2022-04-26,0.007684792192730772,0.007655414588405997,0.01559900139986468,-0.0015919753828099693,694.6064819335937,695.1870029767621,710.9089477539062,701.2084999569523,706.9587860107422,696.6623804933841,655.3132763671875,671.8509032211163,0.9924725532841344,0.9697133097429858,0.975131623361519,1.0519821488647347,38.919037888365814,49.804807527431194,52.6797281363323,10.609890855026038,17.37188945589101,-6.761998600864974,737.7759873563797,676.1415846651047,706.9587860107422,0.08718245520232981,0.21475480266336383,-0.33936148917513154,5552955.8,0.5871998837087808,-0.010644156381096281,1.1992405521280491,-0.014709836881085625,-0.43836387769974294,-0.006293565118314581,-0.14615785178763774,-0.027935142039465788,0.24452165938834858,0
2022-04-27,-0.0008320667438292961,-0.000832413103505296,0.032195410759161915,0.010659152294442595,691.117529296875,693.0594220691435,706.4354431152344,698.9531836473076,706.5047424316406,695.9139880896244,656.2318737792968,672.515740751814,0.9966528572277392,0.9750420466113955,0.9749464071298192,1.04963548370033,38.508781583503925,49.591900829726534,52.54078572953826,8.812203373926309,15.659952239498072,-6.847748865571763,738.1010459743812,674.9084388888999,706.5047424316406,0.08944399561705087,0.21989631391864084,0.040122427887306245,5099460.8,0.6650746290666653,0.007684792192730772,-0.33936148917513154,-0.010644156381096281,1.1992405521280491,-0.014709836881085625,-0.43836387769974294,-0.01011521097059953,-0.35902419916494155,1
2022-04-28,0.011795715319543376,0.011726688155863876,0.015909993107070516,-0.0010276084470617944,690.142529296875,694.349347785679,703.873681640625,698.5851864784788,705.3194519042969,696.0106748638268,657.3349536132813,673.4731312799291,1.0098337222150175,0.9901339081102045,0.9881043225691649,1.0602345050842412,47.6313287699223,52.677736910379664,54.33219705617079,7.951478075400701,14.118257406678598,-6.166779331277898,736.4821228040541,674.1567810045397,705.3194519042969,0.08836470003945285,0.3653797565597585,0.20298025488261606,4647860.6,0.8778090289540956,-0.0008320667438292961,0.040122427887306245,0.007684792192730772,-0.33936148917513154,-0.010644156381096281,1.1992405521280491,-0.006293565118314581,-0.14615785178763774,0
2022-04-29,-0.0026744346536949903,-0.002678017343258523,0.02296639159228276,-0.005402751065214289,690.8594360351562,694.5880010628485,700.1266479492188,697.9452085036985,705.7782745361328,695.9206398879563,659.2581762695313,674.319883293155,1.006087883240285,0.9927708217550971,0.9848210588148434,1.054314277223339,45.81232867501995,51.89292442178931,53.84265379954929,7.037819003492132,12.702169726041305,-5.664350722549173,736.0402946343607,675.5162544379049,705.7782745361328,0.08575503437851614,0.32299650049514317,-0.11202264546436291,4337888.2,0.8351734376187934,0.011795715319543376,0.20298025488261606,-0.0008320667438292961,0.040122427887306245,0.007684792192730772,-0.33936148917513154,-0.014709836881085625,-0.43836387769974294,1
2022-05-02,0.006601100285828387,0.006579408431081282,0.034360303292062515,0.01659723917643228,693.9660278320313,696.2765018478887,696.6950561523438,698.2558075790203,705.7448181152344,696.2761507003385,661.0036047363282,675.3133585921674,1.0081956109634147,1.0042464019796031,0.9913689558309006,1.0584715399503122,51.16798556447394,53.72073515324161,54.89313205831607,6.607796102161728,11.48329500126539,-4.875498899103661,736.0323591163242,675.4572771141445,705.7448181152344,0.08583142298366679,0.39944190753144304,-0.22653909628476054,4031430.5,0.695079079249909,-0.0026744346536949903,-0.11202264546436291,0.011795715319543376,0.20298025488261606,-0.0008320667438292961,0.040122427887306245,-0.010644156381096281,1.1992405521280491,0
2022-05-04,-0.027870764363254197,-0.028266524885874167,0.03928046193033381,-0.030585847693503164,692.1211791992188,690.9022097280196,693.3638305664062,694.9645017443404,704.7578765869141,694.740672108714,662.4096984863281,675.5031729802504,0.9827088751643406,0.980947657642693,0.9650883630874915,1.0267869372119698,34.3395538255037,45.762658081230406,49.832146685907574,4.64003523519375,10.114643048051063,-5.474607812857313,736.9692212537831,672.5465319200451,704.7578765869141,0.09141109517744145,0.11808096878458474,0.0746095070129753,3602425.1,0.8358899675665706,0.006601100285828387,-0.22653909628476054,-0.0026744346536949903,-0.11202264546436291,0.011795715319543376,0.20298025488261606,0.007684792192730772,-0.33936148917513154,0
2022-05-05,-0.005340446750015326,-0.0053547579104941895,0.030095441650476947,-0.01701388888888887,689.6645874023437,686.1085735751901,690.3910583496094,691.6111925671023,703.5654235839844,693.0054939335537,663.7393212890624,675.54309957983,0.9809424952753957,0.9799102886511393,0.9615613254888372,1.0192575301334335,32.04890740454992,44.44197994020811,48.94945917564154,2.7557062964987153,8.642855697740595,-5.88714940124188,738.0254544558898,669.105392712079,703.5654235839844,0.09795828423848596,0.10760159480150479,0.03984749094307283,3447552.5,0.9082446170145342,-0.027870764363254197,0.0746095070129753,0.006601100285828387,-0.22653909628476054,-0.0026744346536949903,-0.11202264546436291,-0.0008320667438292961,0.040122427887306245,0
2022-05-06,-0.024514248982215547,-0.02481972587569379,0.029330821674269283,-0.007190106161145123,682.2661254882812,677.3846789329393,686.2043273925781,685.8522284000722,701.5079040527344,689.8561030492568,664.8395361328126,674.9310913472264,0.967271955904504,0.9617206760500172,0.9407404903577938,0.9926258198889729,23.646659959021278,38.919288436029575,45.11809933874039,-0.07499686224139168,6.899285185744199,-6.97428204798559,740.8782194823356,662.1375886231332,701.5079040527344,0.11224482347854377,-0.027948708953460064,0.2553007277352828,3441021.3,1.1422841236117893,-0.005340446750015326,0.03984749094307283,-0.027870764363254197,0.0746095070129753,0.006601100285828387,-0.22653909628476054,0.011795715319543376,0.20298025488261606,0
2022-05-09,-0.01745374711234482,-0.017607859616357406,0.02653497552565285,-0.0038913721205028704,672.936767578125,667.7292919774284,681.8981018066406,679.0460992484966,698.6856750488281,685.9096663842234,665.8957788085937,673.8913825911158,0.9635652996046582,0.9509023655418125,0.9280546907178125,0.9737537595245649,19.503492927481147,35.60950887944088,42.68181359012286,-3.2107740289120557,4.877273342812948,-8.088047371725004,744.2883827121531,653.0829673855031,698.6856750488281,0.13053855057251026,-0.051142240867949336,-0.13984471676761756,3554689.8,0.9511229362404563,-0.024514248982215547,0.2553007277352828,-0.005340446750015326,0.03984749094307283,-0.027870764363254197,0.0746095070129753,-0.0026744346536949903,-0.11202264546436291,0
2022-05-10,-0.048721211624323746,-0.0499481065315364,0.052533744080805245,-0.042581620485209526,656.3714233398438,650.7617887271398,675.1687255859375,667.7334961535994,694.7307342529297,679.3303440834937,666.3412158203125,671.6535551258391,0.9397526465852756,0.9135890909213196,0.8878645377476495,0.9256920742433825,12.497031921172734,28.460526908020313,36.937746214373526,-8.151127955505899,2.2715930831491793,-10.422721038655078,752.6590760326177,636.8023924732416,694.7307342529297,0.16676487428465525,-0.17241655494515967,0.2698338660736179,3490446.7,1.2299975816848885,-0.01745374711234482,-0.13984471676761756,-0.024514248982215547,0.2553007277352828,-0.005340446750015326,0.03984749094307283,0.006601100285828387,-0.22653909628476054,1
2022-05-11,0.005656490294466021,0.0056405524265917715,0.03490257182834694,0.0069045961319336695,644.4038696289062,640.6131447959579,668.2625244140625,659.1121072045074,689.5857360839843,673.7099167358842,666.9959924316406,669.6403120594766,0.9626196957675253,0.9282517487831468,0.8995485615120754,0.9300143688601982,16.368194012639265,30.128915323803156,37.906797579853745,-11.650554525860343,-0.5128364386527253,-11.137718087207618,754.3548917403359,624.8165804276327,689.5857360839843,0.1878494645906173,-0.03474434280044247,-0.03142148321046967,3580211.3,1.16147921213477,-0.048721211624323746,0.2698338660736179,-0.01745374711234482,-0.13984471676761756,-0.024514248982215547,0.2553007277352828,-0.027870764363254197,0.0746095070129753,0
2022-05-12,-0.037214061833536594,-0.03792417832480425,0.050496140219873045,-0.035355911660447464,628.5458862304688,626.1525579564199,659.1052368164062,647.8610666722958,682.7703399658203,666.426246977928,668.0560595703125,666.800746264099,0.9501794496803961,0.9061244713546444,0.8747178213793548,0.8939839340151745,12.201523840264414,25.835841023413238,34.250487226367554,-16.100997041868936,-3.6304685592959673,-12.47052848257297,755.768470174999,609.7722097566416,682.7703399658203,0.21382923638081008,-0.08589826508817183,-0.008275896565481333,3653451.8,1.1287755322240738,0.005656490294466021,-0.03142148321046967,-0.048721211624323746,0.2698338660736179,-0.01745374711234482,-0.13984471676761756,-0.005340446750015326,0.03984749094307283,0
2022-05-13,-0.038972455807278816,-0.039752208411435876,0.07136310219802801,-0.052992628708808734,611.3496704101562,608.7536421532383,646.8078979492187,634.4237473767647,675.3407897949219,657.6195387463991,668.0914282226563,663.1597683928353,0.9388339248826394,0.887366731863773,0.8498758245021243,0.8590977017528677,9.389803662138547,22.374092900419996,31.077013092315354,-21.2610647575043,-7.156587798937634,-14.104476958566666,759.9553330888673,590.7262465009765,675.3407897949219,0.2505832450003205,-0.09909901596846098,0.35000813544953635,3802191.9,1.4642435590902185,-0.037214061833536594,-0.008275896565481333,0.005656490294466021,-0.03142148321046967,-0.048721211624323746,0.2698338660736179,-0.024514248982215547,0.2553007277352828,1
2022-05-16,0.0030809175800312616,0.003076181279072187,0.04590739660377818,-0.02224027955686884,596.810791015625,597.7438018000755,634.873779296875,623.7510880525801,667.5002136230469,649.8199751604325,667.6106213378906,659.7309194791458,0.9646677468984924,0.9068324127850524,0.8625077705501305,0.8623651312497093,11.2034763801976,23.21585092130043,31.58269985191197,-24.92049970752487,-10.709370180655082,-14.211129526869787,758.2976158599884,576.7028113861054,667.5002136230469,0.27205205446785646,-0.00538941791419011,-0.16635661407118485,3904020.2,1.1888186439199264,-0.038972455807278816,0.35000813544953635,-0.037214061833536594,-0.008275896565481333,0.005656490294466021,-0.03142148321046967,-0.01745374711234482,-0.13984471676761756,1
2022-05-17,0.06566501255636803,0.06359902922481299,0.05710051378509287,0.052213074731045146,596.1512451171875,603.0055521115087,626.2613342285156,621.8925361765429,661.4781951904297,646.3636968341414,667.5580493164063,657.9190815675862,1.0291499980240275,0.9796693795413295,0.9275121344819978,0.9190647215813544,40.77272595206089,38.556143551525274,41.25763645965543,-24.48780605079571,-13.465057354683209,-11.022748696112503,749.7847949118208,573.1715954690386,661.4781951904297,0.2669977645928871,0.22850759395483974,0.35937474413790316,4254713.1,1.4828478094092878,0.0030809175800312616,-0.16635661407118485,-0.038972455807278816,0.35000813544953635,-0.037214061833536594,-0.008275896565481333,-0.048721211624323746,0.2698338660736179,0
2022-05-18,-0.0168263022703804,-0.016969472787067362,0.026780801427741936,-0.018508475290658615,592.72919921875,603.0722438881412,618.5665344238281,618.494916406518,655.9651824951172,642.2534045110237,667.1059191894532,655.7734559155791,1.0176748981431398,0.975166928490999,0.9195695801215734,0.9042126746144195,36.86209767120357,36.41659823783345,39.649992167312,-24.69325883825843,-15.710697651398254,-8.982561186860176,744.3681057864641,567.5622592037704,655.9651824951172,0.2695354133129006,0.2015960949626467,-0.21675496252075577,4447746.5,1.1110266738448336,0.06566501255636803,0.35937474413790316,0.0030809175800312616,-0.16635661407118485,-0.038972455807278816,0.35000813544953635,0.005656490294466021,-0.03142148321046967,0
2022-05-19,-0.04888676131277381,-0.050122150247566416,0.05481510120781892,-0.030371547323051255,588.0262939453125,593.2871152288129,608.2860900878907,610.3534512253613,649.33857421875,635.7261143585602,666.4989379882812,652.555550111445,0.9756653126186784,0.9431694514455533,0.8835403912364551,0.8607918560858137,27.933523189791345,31.106562575648937,35.5009510653708,-26.925201938184955,-17.953598508755597,-8.971603429429358,741.4618261418391,557.2153222956608,649.33857421875,0.28374489235889605,0.08956227266202049,0.1770580777547195,4716275.3,1.2332844522456101,-0.0168263022703804,-0.21675496252075577,0.06566501255636803,0.35937474413790316,0.0030809175800312616,-0.16635661407118485,-0.037214061833536594,-0.008275896565481333,1
2022-05-20,0.05148271070686028,0.050201273521263245,0.02788777732022082,0.016264050863023467,593.8858032226562,596.6091957970732,602.6177368164062,609.0625249904945,644.4110321044922,632.6334707942776,666.3832763671875,650.6221307711371,1.0157733248717271,1.0010547650332124,0.9361313305942524,0.9052648503159492,43.83156283803205,40.46973326194799,41.89544892143506,-26.010847442660065,-19.565048295536492,-6.445799147123573,735.3165432072284,553.5055210017559,644.4110321044922,0.2821351794858651,0.27362387235035535,0.0638456847569564,4941999.7,1.2520980120658445,-0.04888676131277381,0.1770580777547195,-0.0168263022703804,-0.21675496252075577,0.06566501255636803,0.35937474413790316,-0.038972455807278816,0.35000813544953635,0
2022-05-23,-0.1323879319319895,-0.14201059041199082,0.10318692586906417,-0.07819867374921086,583.4189575195312,572.2027613907571,590.1148742675781,593.4856827337001,636.0064880371094,622.2293204879774,664.8099035644532,645.6326312341562,0.8971081344414548,0.8869288258963666,0.8229316876836428,0.7872775206444897,25.845621246872867,28.995011128141442,32.6932823888765,-31.36892757346675,-21.925824151122544,-9.443103422344205,738.3166909904558,533.6962850837631,636.0064880371094,0.32172691592849534,-0.05036835138689845,1.836901659828555,6359342.3,2.760406999950294,0.05148271070686028,0.0638456847569564,-0.04888676131277381,0.1770580777547195,-0.0168263022703804,-0.21675496252075577,0.0030809175800312616,-0.16635661407118485,0
2022-05-24,-0.01433654180300914,-0.014440302929556274,0.03548271999430008,-0.016850350294757684,563.8904052734375,553.4306047618069,580.0208251953125,579.3767025101012,627.594775390625,612.101412965685,663.1380749511719,640.5445394800288,0.9148697808641495,0.8894271879465535,0.8220053954126855,0.7779470233885936,24.73313715398602,28.186367405936352,31.999884458596256,-35.80795080923906,-24.70224948274585,-11.105701326493211,739.8762512814286,515.3132994998215,627.594775390625,0.3578152027187217,0.0025515874258814335,-0.5717335503808652,6681813.1,1.125136080205536,-0.1323879319319895,1.836901659828555,0.05148271070686028,0.0638456847569564,-0.04888676131277381,0.1770580777547195,0.06566501255636803,0.35937474413790316,0
2022-05-25,-0.020844846497649616,-0.021065167392218823,0.04541583772468048,-0.02482009891321618,544.2758239746094,537.3313101569598,568.5025115966797,565.8777967714037,618.3825180053711,601.9139184877403,660.8000030517578,635.2342720865871,0.9280822309146515,0.888532083224337,0.8168612569718184,0.7644260269588719,23.07265522946767,27.023209946234473,31.010190982783286,-39.735584889542224,-27.708916564105124,-12.0266683254371,738.8135269556778,497.9515090550644,618.3825180053711,0.3895032781287672,0.02981462978178826,-0.3713867971171393,6738567.2,0.7013185236173054,-0.01433654180300914,-0.5717335503808652,-0.1323879319319895,1.836901659828555,0.05148271070686028,0.0638456847569564,-0.0168263022703804,-0.21675496252075577,1
2022-05-26,0.043996537255585944,0.04305617264995206,0.06461849487993931,0.03996232272767442,535.0038146972656,534.006477279119,561.5150543212891,558.8739812717735,610.3101455688477,594.8132416339972,658.543179321289,631.0037834370519,0.9857066380392909,0.9391677168136853,0.8640800343109282,0.8007930657894666,33.790200324218446,33.16194898888661,35.349164949037515,-40.58710197328128,-30.284553645940356,-10.302548327340922,732.4095584323677,488.2107327053277,610.3101455688477,0.4001225073842271,0.1603041239103517,0.7306492206110944,7144058.9,1.1448455443165508,-0.020844846497649616,-0.3713867971171393,-0.01433654180300914,-0.5717335503808652,-0.1323879319319895,1.836901659828555,-0.04888676131277381,0.1770580777547195,0
2022-05-27,-0.005981449070590172,-0.0059994095928619625,0.039934285929883455,-0.017204257322468674,519.1936340332031,530.7384693905065,556.5397186279297,552.5700671520476,601.6738082885743,588.0884046796433,656.3169439697266,626.8154959929825,1.0096473054593689,0.9418958540921906,0.871240274035435,0.7987032156181247,33.02823758001986,32.740972688662296,35.020914106699536,-41.04334360182668,-32.436311637117626,-8.607031964709051,722.4722195648976,480.87539701225086,601.6738082885743,0.4015411992751599,0.17933620212074156,-0.3649516973303317,7106721.5,0.7308519125169038,0.043996537255585944,0.7306492206110944,-0.020844846497649616,-0.3713867971171393,-0.01433654180300914,-0.5717335503808652,0.05148271070686028,0.0638456847569564,0
2022-05-30,-0.017414266208210405,-0.017567678188944544,0.03553869403675677,0.016698067143278292,517.5304260253906,525.5169304400251,550.4746917724609,545.7525735860503,592.674235534668,581.1346378091118,654.3612200927735,622.4334707594954,0.9952532771740698,0.9356903418767317,0.8690673926029532,0.7871399415540499,30.69154404262477,31.494920977710706,34.059850813567564,-41.66127495088881,-34.28130429987186,-7.379970651016947,711.0963743671794,474.2520967021567,592.674235534668,0.3996196619739321,0.1723569437241861,1.3511476116204952,7863781.2,1.5529131202175361,-0.005981449070590172,-0.3649516973303317,0.043996537255585944,0.7306492206110944,-0.020844846497649616,-0.3713867971171393,-0.1323879319319895,1.836901659828555,1
2022-05-31,0.02301193155088832,0.02275115019657473,0.047346894486961395,0.025390671566130753,519.7385070800781,525.9868525524647,541.8144561767579,542.3296868935581,584.0378952026367,575.9719767584672,652.3729986572266,618.6881070739208,1.013830396630893,0.9725224027714808,0.9022131973037849,0.8077077038165469,37.400463993815066,34.95632725131361,36.43795048255706,-40.72511079851472,-35.57006559960044,-5.15504519891428,694.9481854714107,473.12760493386276,584.0378952026367,0.3798051160029359,0.24253426671730455,0.6502252048822739,9248088.9,2.179063071074068,-0.017414266208210405,1.3511476116204952,-0.005981449070590172,-0.3649516973303317,0.043996537255585944,0.7306492206110944,-0.01433654180300914,-0.5717335503808652,1
2022-06-01,0.03310650656937364,0.03257028895562083,0.04064962840896627,0.027885592541163427,527.5862426757812,532.1150346769036,535.9310333251954,542.7009072630532,577.2487838745117,572.962397917259,650.1630120849609,615.7737263622291,1.031814999884891,1.0157489771551713,0.9430446873736894,0.8372844791340496,46.32219113593981,39.77916079621966,39.79342781461315,-38.13594485762235,-36.08324145120482,-2.0527034064175282,680.1262052103365,474.3713625386869,577.2487838745117,0.3564404957090021,0.34021088144594835,-0.5784301431771439,9603487.1,0.8846314793300446,0.02301193155088832,0.6502252048822739,-0.017414266208210405,1.3511476116204952,-0.005981449070590172,-0.3649516973303317,-0.020844846497649616,-0.3713867971171393,1
2022-06-02,0.006848203847502399,0.006824861408126544,0.03025806565611309,0.004379050434558848,531.7347534179687,537.4431448627274,533.3692840576172,543.6824450760208,570.8276870727539,570.5944900426986,648.1002325439454,613.1198298474113,1.0307758928887294,1.0276170406077727,0.9601835679083274,0.845701540767786,48.16408172479212,40.78954996570445,40.498256911813854,-35.3754107555809,-35.94167531208004,0.5662645564991351,663.6596485062028,477.99572563930496,570.8276870727539,0.3252538849665754,0.3775835311059717,-0.17482970784576912,9722863.5,0.721009093668753,0.03310650656937364,-0.5784301431771439,0.02301193155088832,0.6502252048822739,-0.017414266208210405,1.3511476116204952,0.043996537255585944,0.7306492206110944,0
2022-06-03,-0.019096643006839553,-0.019281339057482305,0.03982580483226537,-0.023524284362792847,534.4207641601563,537.5062656832246,526.8071990966797,542.582456393875,564.7124679565429,567.4552535933195,645.5375286865234,610.1595426896391,1.0060097649257878,1.020548899571041,0.9520464622813887,0.8328446967570433,43.297510187159325,38.82017505156607,39.147198097070614,-33.64442357723533,-35.4822249651111,1.8378013878757713,648.9768343233349,480.448101589751,564.7124679565429,0.29843281722363685,0.33931546749874913,-0.09168501711702237,9740830.3,0.6536954041792515,0.006848203847502399,-0.17482970784576912,0.03310650656937364,-0.5784301431771439,0.02301193155088832,0.6502252048822739,-0.005981449070590172,-0.3649516973303317,1
2022-06-06,0.029424750053101745,0.029000151130991043,0.052245250431778856,0.047016274864376026,542.096435546875,542.8215802797018,529.8134307861328,544.5587751354715,559.9641525268555,566.1216303437326,643.1401910400391,607.9357257007379,1.0209478852490985,1.0446171752411946,0.9883707858354612,0.8605467628724213,51.872303598791106,43.27775895171016,42.20694062082392,-30.64285426524043,-34.51435082513697,3.871496559896542,635.0262305739194,484.9020744797916,559.9641525268555,0.26809601189056104,0.4566229498061839,0.6307632968231354,9023787.4,1.1507301246924324,-0.019096643006839553,-0.09168501711702237,0.006848203847502399,-0.17482970784576912,0.03310650656937364,-0.5784301431771439,-0.017414266208210405,1.3511476116204952,0
2022-06-07,-0.011917054276132766,-0.01198863159632976,0.02158720004916091,-0.0050435207201086595,546.0824340820312,544.1666166708429,532.9104705810547,544.9765777386812,556.4656478881836,564.2868740684366,640.4063861083985,605.5404693773021,1.0014178360679102,1.0261699096601802,0.9827321624047681,0.8539213557445088,48.31820205289911,41.90684044697331,41.29792248689056,-28.468129429591727,-33.30510654602792,4.836977116436195,626.9854806183378,485.94581515802946,556.4656478881836,0.25345619445793505,0.4318705244819034,-0.6402656832509883,8645538.6,0.4320680495255669,0.029424750053101745,0.6307632968231354,-0.019096643006839553,-0.09168501711702237,0.006848203847502399,-0.17482970784576912,0.02301193155088832,0.6502252048822739,1
2022-06-08,0.0070792548857663284,0.00705431459749114,0.01874509647717564,0.00444569200952293,547.353759765625,546.353753561812,537.4700012207031,546.0222958486936,552.9862564086914,562.9955553327522,637.630521850586,603.3909618465746,1.0061646924277452,1.02466747184575,0.9959163016462521,0.8637102655396418,50.634409523916915,43.0472434253736,42.066905480285484,-26.131037382699333,-31.870292713362204,5.739255330662871,617.1410408514166,488.8314719659661,552.9862564086914,0.23203030346313297,0.48240015078721515,0.10795026370239169,8586820.9,0.48198338456086814,-0.011917054276132766,-0.6402656832509883,0.029424750053101745,0.6307632968231354,-0.019096643006839553,-0.09168501711702237,0.03310650656937364,-0.5784301431771439,0
2022-06-09,-0.006855826493872175,-0.006879435641015822,0.020447416912668548,0.00385967053865134,547.1243530273438,546.5532795555309,539.4295532226563,546.1913932476527,550.4723037719726,561.4676292575348,634.6118658447266,601.1776822268254,0.999685589786996,1.0139458030717263,0.9936055416323688,0.8618690588379166,48.17762030747579,42.17761060763321,41.51005096186626,-24.303387867017477,-30.35691174409326,6.053523877075783,611.3517906069342,489.59281693701115,550.4723037719726,0.2211900087172422,0.47109065457018207,-0.05223614633079676,8161188.0,0.4806303935162381,0.0070792548857663284,0.10795026370239169,-0.011917054276132766,-0.6402656832509883,0.029424750053101745,0.6307632968231354,0.006848203847502399,-0.17482970784576912,1
2022-06-10,0.0005242562240361792,0.0005241188497527439,0.022096112513646234,0.013274336283185837,549.0456665039062,546.7818779393644,541.7332153320312,546.3818807857215,549.1364669799805,560.1125288241535,631.1439471435547,599.0624427162452,0.9967095782608055,1.010163414793803,0.9965447709503176,0.867059055519328,48.39944983050341,42.27298908925604,41.571726026685916,-22.571632947147577,-28.799855984704124,6.228223037556546,609.0611681765388,489.2117657834222,549.1364669799805,0.21825067100758735,0.4841685295457241,-0.13980571138669962,7979204.4,0.42286484101096594,-0.006855826493872175,-0.05223614633079676,0.0070792548857663284,0.10795026370239169,-0.011917054276132766,-0.6402656832509883,-0.019096643006839553,-0.09168501711702237,0
2022-06-13,-0.014847258493647875,-0.014958582312633932,0.022961014551473903,0.0015983385776673058,546.1780395507812,544.2259435285868,544.1372375488281,545.0604614986869,547.3059646606446,558.1126760510942,628.2084515380859,596.711526323727,0.9870665527864139,0.9907685736333269,0.9850323393447892,0.8581770483779408,42.39959445235042,40.24715206142637,40.30719202468793,-21.60576646637037,-27.36103808103737,5.755271614667002,606.0960646576025,488.5158646636867,547.3059646606446,0.21483449402350477,0.43032934155548935,0.20663757270403438,7165162.1,0.5682140812976164,0.0005242562240361792,-0.13980571138669962,-0.006855826493872175,-0.05223614633079676,0.0070792548857663284,0.10795026370239169,0.029424750053101745,0.6307632968231354,0
2022-06-14,-0.0037232624369610834,-0.0037302110315378836,0.029631540586367626,-0.001599082086755943,544.2280639648437,541.8528995268704,545.1552490234375,543.6143433213688,543.4848526000976,556.1121175246508,624.944135131836,594.3740865276372,0.9869149481386056,0.9852364303298601,0.9882645467557251,0.859447719131137,40.93693435775613,39.740464642852245,39.991639317499775,-20.76293746654528,-26.041417958138954,5.2784804915936725,593.898911495155,493.0707937050402,543.4848526000976,0.18552148658373965,0.4367434281582375,-0.16160503184941788,5491284.8,0.6216024344612394,-0.014847258493647875,0.20663757270403438,0.0005242562240361792,-0.13980571138669962,-0.006855826493872175,-0.05223614633079676,-0.011917054276132766,-0.6402656832509883,1
2022-06-15,0.001957509342658259,0.0019555959178693236,0.021225598946769487,0.0016011820906491833,541.7140991210938,540.6213340595802,544.5339294433594,542.6223178311199,540.2324813842773,554.4022209151602,621.7094500732422,592.1695420804749,0.993435843737752,0.9882914066991622,0.9961603969943417,0.8656104600977205,42.15632968515742,40.165379945280016,40.24890668703144,-19.782114988876174,-24.7895573642864,5.007442375410225,582.560085965321,497.9048768032336,540.2324813842773,0.15670144258110727,0.4754973346612877,0.1141692906419296,5022040.2,0.7572820703426467,-0.0037232624369610834,-0.16160503184941788,-0.014847258493647875,0.20663757270403438,0.0005242562240361792,-0.13980571138669962,0.0070792548857663284,0.10795026370239169,0
2022-06-16,-0.030461879892718535,-0.03093548572503939,0.0495557186091878,-0.04488193248304905,536.676611328125,534.3358535657619,541.9004821777344,538.8300586942117,537.6348831176758,551.2939039306807,618.1373406982422,589.408575433324,0.9722147035379507,0.9628426431386617,0.9704818436491272,0.8440921753549855,30.64670270004875,35.91314827855332,37.60918394052968,-20.095955598557225,-23.850837011140563,3.7548814125833374,577.742310304518,497.5274559308336,537.6348831176758,0.14919949745174413,0.3021564626220008,0.28835889449162666,4810988.8,1.0184515499183868,0.001957509342658259,0.1141692906419296,-0.0037232624369610834,-0.16160503184941788,-0.014847258493647875,0.20663757270403438,-0.006855826493872175,-0.05223614633079676,1
2022-06-17,0.016030234672453902,0.01590310724939353,0.03966823110072605,0.026846881420924777,533.2545776367188,532.9335377938413,541.1501220703125,537.2480309770823,533.9786605834961,549.278189865854,614.7181732177735,587.0838825241741,0.9941385006002741,0.9796337183143414,0.9927904341171812,0.862393417580309,40.34201676539748,39.43613780336617,39.726887718926434,-19.445613611250906,-22.969792331162633,3.5241787199117276,560.5351095033279,507.42221166366426,533.9786605834961,0.0994663303241846,0.4275175241780694,0.38300108229812935,4851872.4,1.3966509094509574,-0.030461879892718535,0.28835889449162666,0.001957509342658259,0.1141692906419296,-0.0037232624369610834,-0.16160503184941788,0.0005242562240361792,-0.13980571138669962,0
2022-06-20,-0.0076633456264322275,-0.007692859941816152,0.033614973781553724,-0.00045405014726698605,530.6450317382812,530.6444736008422,538.4115356445312,535.2149972021298,534.1124832153321,547.0675379943292,611.1422381591797,584.6910379238082,0.9913714700984976,0.977071088540276,0.9849354990693141,0.8607919930381627,37.380767685681654,38.333850740754315,39.050882785884305,-19.03856292187811,-22.18354644930573,3.1449835274276197,560.4804541378122,507.7445122928519,534.1124832153321,0.09873564745667887,0.34742591638652565,-0.1714563486184052,4374930.0,1.2833393905731063,0.016030234672453902,0.38300108229812935,-0.030461879892718535,0.28835889449162666,0.001957509342658259,0.1141692906419296,-0.014847258493647875,0.20663757270403438,1
2022-06-21,0.04697037534555637,0.04590063668919889,0.04876774555818836,0.03633095720689077,533.3788452148438,537.3549420359782,538.8034545898438,538.0442484210607,535.8569625854492,547.4207133192741,608.239243774414,583.3610316878255,1.0326166548363926,1.022220392639316,1.0278412288399104,0.9055250619615128,58.82668439573296,47.87676517095912,45.025133641355346,-16.53155399132436,-21.053147957709456,4.5215939663850975,561.7836283141501,509.9302968567483,535.8569625854492,0.09676711338640685,0.7877137476317584,-0.17039586643203697,4467166.8,1.0426807881899554,-0.0076633456264322275,-0.1714563486184052,0.016030234672453902,0.38300108229812935,-0.030461879892718535,0.28835889449162666,-0.0037232624369610834,-0.16160503184941788,0
2022-06-22,-0.04477614586667067,-0.04580956373546544,0.04978201889295263,-0.02970467269446881,530.9700561523438,533.6080472948188,536.3420776367187,535.8751592195042,536.906039428711,545.3915270805337,604.297212524414,581.1160601633029,0.9908548546503146,0.9809304168912394,0.9799000554590634,0.8706216856680348,42.055505423700424,41.049000536324094,40.83091104800251,-16.346288232798543,-20.111776012727272,3.76548777992873,559.2214601356076,514.5906187218144,536.906039428711,0.0831259813379677,0.2581990104969032,0.8273873944277474,4904462.1,1.7354926649346523,0.04697037534555637,-0.17039586643203697,-0.0076633456264322275,-0.1714563486184052,0.016030234672453902,0.38300108229812935,0.001957509342658259,0.1141692906419296,1
2022-06-23,0.015534018201696087,0.015414600444921222,0.03130870313590425,0.016272749467329418,533.474462890625,533.8343402863896,535.075537109375,535.5863895922364,537.2525451660156,544.3339460509144,600.3121649169922,579.2796235400177,1.0015229658313989,0.9985261691384659,0.9944800282043003,0.8900151579360539,47.808310127739766,43.90404097087795,42.68858360701254,-15.362903750397663,-19.162001560261352,3.7990978098636887,559.1758691943785,515.3292211376527,537.2525451660156,0.08161273213359434,0.4323638401583717,-0.40814233842572156,5015979.6,1.0043282472679913,-0.04477614586667067,0.8273873944277474,0.04697037534555637,-0.17039586643203697,-0.0076633456264322275,-0.1714563486184052,-0.030461879892718535,0.28835889449162666,1
2022-06-24,0.01583320167557778,0.015709164099505603,0.022279014945444178,0.010859845920190486,535.9979614257812,536.8050264995202,534.62626953125,536.8882094710627,538.1797424316406,544.182751086616,596.7161566162109,577.8469480649496,1.0125904163554071,1.0151884220011314,1.0084853741865258,0.9095553939808247,53.395822513493506,46.777345863434746,44.57967307454365,-13.74254026881124,-18.07810930197133,4.335569033160091,559.3733467804732,516.9861380828081,538.1797424316406,0.0787603199372542,0.6077366647734027,-0.323884359696607,5019173.2,0.6786099750452923,0.015534018201696087,-0.40814233842572156,-0.04477614586667067,0.8273873944277474,0.04697037534555637,-0.17039586643203697,0.016030234672453902,0.38300108229812935,1
2022-06-27,0.006780654442910983,0.0067577691986176825,0.03227501341566881,-0.007034892664744826,540.0700073242188,540.0122092353572,535.35751953125,538.6224576957843,539.7473785400391,544.3964485742746,592.9939752197265,576.6147765607176,1.0117698951924885,1.0206760057941713,1.0123746708785482,0.9214707021341316,55.797611972098245,48.02460835174301,45.402592895981236,-12.02283929904911,-16.867055301386888,4.844216002337777,558.3528764476881,521.1418806323901,539.7473785400391,0.06894150355292122,0.6794952277048769,0.923218345179373,5267098.5,1.2436826461475896,0.01583320167557778,-0.323884359696607,0.015534018201696087,-0.40814233842572156,-0.04477614586667067,0.8273873944277474,-0.0076633456264322275,-0.1714563486184052,1
2022-06-28,0.011808008196006359,0.011738837645727215,0.021697764977935907,0.00863198552909642,540.4905883789063,544.301067550134,536.934716796875,541.214517056494,541.0449829101562,545.2042900605044,589.3721624755859,575.6839533300889,1.0229202803289084,1.0296946106929499,1.0218721208833321,0.938080926417338,60.012807153380514,50.22692802107791,46.855298482207566,-10.023776651997423,-15.498399571508996,5.474622919511573,559.5123116457552,522.5776541745573,541.0449829101562,0.06826540978632653,0.820398294711665,-0.34580639114071854,5354294.9,0.8003593526385705,0.006780654442910983,0.923218345179373,0.01583320167557778,-0.323884359696607,0.015534018201696087,-0.40814233842572156,0.04697037534555637,-0.17039586643203697,0
2022-06-29,-0.004063094823061886,-0.00407137162004738,0.020831525482668416,0.004446360580590796,545.3942138671875,546.4115067847248,538.1821350097656,542.9268567287506,541.3580322265625,545.721251507495,586.115492553711,574.7015388957288,1.0096043765290006,1.023133897307674,1.017131643894151,0.9394605538488593,57.77492823510837,49.44144491434865,46.40393324774416,-8.522528319731464,-14.10322532115349,5.580697001422026,560.2477352197028,522.4683292334222,541.3580322265625,0.06978635900329569,0.7454869997350324,-0.22199605167360503,5307387.5,0.6281860896721786,0.011808008196006359,-0.34580639114071854,0.006780654442910983,0.923218345179373,0.01583320167557778,-0.323884359696607,-0.04477614586667067,0.8273873944277474,0
2022-06-30,-0.020050410344728542,-0.02025414776783075,0.0471213030751772,-0.021663778162911686,546.455224609375,544.1383311833061,539.96484375,542.3205155017903,540.9326629638672,545.137511362064,582.7823516845704,573.3246934480716,0.9874404263701343,0.9993094665813023,0.9975215344252784,0.9258893623335418,47.59781546298616,45.661919957662036,44.20636855518302,-8.129929866752036,-12.908566230273198,4.778636363521162,559.5775495844185,522.2877763433158,540.9326629638672,0.06893607244344487,0.464046899005525,0.6935561709608231,5382047.8,1.0491103404915876,-0.004063094823061886,-0.22199605167360503,0.011808008196006359,-0.34580639114071854,0.006780654442910983,0.923218345179373,0.015534018201696087,-0.40814233842572156,1
2022-07-01,0.0254207964889559,0.025103061504647074,0.041375163198008214,0.040068256728206235,548.5677124023438,547.1951667524124,542.2828369140625,544.3183922997601,541.7164794921875,545.9157329362126,579.8124444580078,572.5397579360148,1.0086427352195382,1.0203325649015698,1.0213993091170206,0.9542893450792391,58.25624266046807,50.70402438917899,47.452723555882734,-6.635467429371033,-11.653946470092766,5.018479040721733,561.0459921453121,522.386966839063,541.7164794921875,0.07136394547658689,0.7998616314458294,-0.33801800167966556,5078189.6,0.7360477442590958,-0.020050410344728542,0.6935561709608231,-0.004063094823061886,-0.22199605167360503,0.011808008196006359,-0.34580639114071854,0.01583320167557778,-0.323884359696607,0
2022-07-04,-0.017809449807686617,-0.017969946485876465,0.04451493706793966,-0.018857811859692875,547.97333984375,545.9483484729625,544.0216735839844,544.1613595023606,541.2166046142578,545.6813499817222,576.8519232177734,571.3991678959381,0.9917539274246884,0.9989578325690837,1.0041353263752872,0.942104359958764,49.77156600687207,47.30785781170009,45.45759623189088,-6.175058561412243,-10.558168888356661,4.3831103269444185,559.8093284219348,522.6238808065808,541.2166046142578,0.06870714478883588,0.560187719748749,0.6123064698658833,5119383.9,1.177185207774709,0.0254207964889559,-0.33801800167966556,-0.020050410344728542,0.6935561709608231,-0.004063094823061886,-0.22199605167360503,0.006780654442910983,0.923218345179373,1
2022-07-05,0.0020853637964761695,0.002083192443577483,0.024246853925808907,-0.005130469101597714,546.315185546875,545.4949032137458,543.4028869628906,544.23893281017,541.1031707763672,545.5772226211117,574.0612725830078,570.3477500449332,0.9968385047729662,1.0021809338169798,1.006440254108926,0.948658337889474,50.734310968717196,47.74138487210749,45.73312103115589,-5.653562564804474,-9.577247623646224,3.92368505884175,559.5842171952829,522.6221243574514,541.1031707763672,0.0683087714766092,0.5942815098223693,-0.408846449401581,5009857.5,0.7111110445756191,-0.017809449807686617,0.6123064698658833,0.0254207964889559,-0.33801800167966556,-0.020050410344728542,0.6935561709608231,0.011808008196006359,-0.34580639114071854,1
2022-07-06,0.003437926238409883,0.0034320300798405,0.02939318032958653,0.011952532468920989,545.48076171875,545.8166908469243,545.4374877929688,544.6428115925538,540.8897827148437,545.6613220013184,571.2029205322266,569.4109859691821,1.001795671750998,1.0018751522277116,1.0102987402913735,0.9566832494555683,52.48947488030847,48.495298096142726,46.20451173887551,-5.03120146785443,-8.668038392487865,3.6368369246334353,559.016532566379,522.7630328633084,540.8897827148437,0.06702566929829305,0.6536536732746306,-0.07884964905903469,4486857.5,0.7313934084155782,0.0020853637964761695,-0.408846449401581,-0.017809449807686617,0.6123064698658833,0.0254207964889559,-0.33801800167966556,-0.004063094823061886,-0.22199605167360503,1
2022-07-07,0.03615543260765275,0.03551716405826351,0.04594504966196968,0.02506464739797277,550.8059204101562,552.6170517104496,548.6305725097657,548.5655319279986,541.8530548095703,547.6190792809547,568.7511907958984,569.2857619483318,1.0279805507825104,1.0320565455316861,1.0449655463075547,0.9955456491355152,66.9749075228076,55.75013448318588,50.92774115309016,-2.9101635401882504,-7.516463422027942,4.606299881839692,562.9674577330945,520.738651886046,541.8530548095703,0.07793405513214186,1.0769691597763387,0.50928646434211,4478384.7,1.1059706416020936,0.003437926238409883,-0.07884964905903469,0.0020853637964761695,-0.408846449401581,-0.017809449807686617,0.6123064698658833,-0.020050410344728542,0.6935561709608231,0
2022-07-08,-0.014618873176764025,-0.014726781863448989,0.03276225254863818,-0.02379308240167022,551.7322143554687,554.3914703460289,550.1499633789062,550.2700365987602,542.3881164550781,548.6020534082149,565.9714129638672,568.8408421706399,1.011252004324183,1.0141604012666556,1.0286735470234025,0.9858100512451281,58.28856347603529,52.41880355679198,49.033897405866554,-1.875528094888523,-6.388276356600058,4.512748261711535,564.5383070969445,520.2379258132117,542.3881164550781,0.0816765337214055,0.8510622417107762,-0.3309548912347803,4469154.1,0.7414725305623273,0.03615543260765275,0.50928646434211,0.003437926238409883,-0.07884964905903469,0.0020853637964761695,-0.408846449401581,0.0254207964889559,-0.33801800167966556,1
2022-07-11,0.01960433610383827,0.019414646260719867,0.05239910036313436,0.02358153864001545,556.816943359375,559.2204325418838,552.3951416015625,553.6533675687299,543.8763305664063,550.5331299344415,563.4476739501953,568.8423133378146,1.0216613623526793,1.0298395371187397,1.045970057827576,1.0096383093488084,65.23892471321449,56.14778764474635,51.534552184645754,-0.1709917966084049,-5.144819444601728,4.973827647993323,568.7756180814081,518.9770430514045,543.8763305664063,0.09156231339970633,1.002063088193262,0.4789850185061961,4304193.6,1.1386555660507465,-0.014618873176764025,-0.3309548912347803,0.03615543260765275,0.50928646434211,0.003437926238409883,-0.07884964905903469,-0.017809449807686617,0.6123064698658833,0
2022-07-12,-0.004936643440810018,-0.004948868916847552,0.031247300592905373,0.0009583338030527165,561.1133422851562,561.5036241359956,553.7142639160156,555.9109384333642,545.3244903564453,552.0128325429916,560.7760040283204,568.7335954549285,1.0088336253400718,1.0223142949593171,1.0380425184172701,1.0094404954168315,62.13748063246281,54.95689305523861,50.86178544645129,0.9423918505453912,-3.927377185572304,4.869769036117695,571.7996189045035,518.849361808387,545.3244903564453,0.09709862298960048,0.8917925635396964,-0.30103587149872046,4218219.5,0.8121006979366532,0.01960433610383827,0.4789850185061961,-0.014618873176764025,-0.3309548912347803,0.03615543260765275,0.50928646434211,0.0020853637964761695,-0.408846449401581,1
2022-07-13,0.02463207953945945,0.024333601362780878,0.03253487123406537,0.022673943305968808,567.8239868164062,567.6735790138408,556.6523742675781,560.2932203126672,547.4172546386719,554.679561707424,558.7732012939454,569.1759442123639,1.0214670430206152,1.041967151460893,1.0595454999904503,1.0380123589076928,70.31263045313071,59.544848958635676,53.992908488886975,2.916261981695925,-2.5586493521186586,5.474911333814584,577.6465114921948,517.187997785149,547.4172546386719,0.11044320067505362,1.0391504377498548,0.33403860732906954,4341807.6,1.0525358148067179,-0.004936643440810018,-0.30103587149872046,0.01960433610383827,0.4789850185061961,-0.014618873176764025,-0.3309548912347803,0.003437926238409883,-0.07884964905903469,0
2022-07-14,-0.007815159538504979,-0.007845857944371435,0.029452075696971405,-0.008488964346349786,569.6765502929687,570.2759162826648,560.2412353515625,563.0545604049663,550.1030395507812,556.6606120991277,556.7523870849609,569.423185255813,1.0101883086540229,1.027201417009562,1.0461323596580285,1.0336382998435059,64.99047640699632,57.49459655982472,52.84352084089384,4.067908977597654,-1.2333376861753962,5.30124666377305,580.283424558456,519.9226545431064,550.1030395507812,0.10972629793981989,0.9204312049544409,0.019857730177500255,4243237.0,1.0983727753128096,0.02463207953945945,0.33403860732906954,-0.004936643440810018,-0.30103587149872046,0.01960433610383827,0.4789850185061961,0.03615543260765275,0.50928646434211,0
2022-07-15,-0.013013600852039175,-0.013099019635534752,0.025416418795184716,-0.009621951178586826,571.6867919921875,569.514449559537,561.7095031738281,563.952188715569,551.9961700439453,557.7397458147614,554.9134796142578,569.3670413678706,0.9935361881179218,1.0111837398227337,1.0289772772663668,1.0235677037582769,56.71569775360587,54.17562187058915,50.9615455634518,4.326419507984269,-0.12138624734346315,4.447805755327733,581.6732013219697,522.3191387659209,551.9961700439453,0.10752622169701563,0.7694903327675562,-0.34537005091128803,4174558.5,0.7308569277445747,-0.007815159538504979,0.019857730177500255,0.02463207953945945,0.33403860732906954,-0.004936643440810018,-0.30103587149872046,-0.014618873176764025,-0.3309548912347803,1
2022-07-18,0.016568391075280298,0.016432632762777385,0.023892823122006256,0.005232437236616392,573.3915649414063,572.1437069329205,565.1042541503906,566.3976492544996,554.5629638671875,559.612362563802,553.4931536865234,569.682146478138,1.0069946210992675,1.0217622986183077,1.0411842465159102,1.04319668244118,63.524209487143175,57.49598492484462,53.16244261335743,5.230363877453783,0.948963777615986,4.281400099837797,583.700479069461,525.4254486649139,554.5629638671875,0.10508280249761402,0.89192185150225,0.17454740323270523,3930267.2,0.9117827917654046,-0.013013600852039175,-0.34537005091128803,-0.007815159538504979,0.019857730177500255,0.02463207953945945,0.33403860732906954,0.01960433610383827,0.4789850185061961,0
2022-07-19,-0.00187745278672935,-0.0018792174102233148,0.02085996696785761,0.006886459788459142,575.4411987304687,573.5351967117908,568.2772705078125,568.2013814390508,555.8400787353515,561.2033924405381,552.6829815673829,569.9423829405455,1.0015240089534732,1.0141496170602307,1.0368417073860012,1.0427644698505463,62.209141944007676,56.983772437103454,52.87540997015329,5.792500557254016,1.917671133543592,3.8748294237104237,586.4057482593571,525.274409211346,555.8400787353515,0.109980084896176,0.8349852604749374,0.0007874872682116507,3932647.9,0.9119484101284532,0.016568391075280298,0.17454740323270523,-0.013013600852039175,-0.34537005091128803,-0.007815159538504979,0.019857730177500255,-0.004936643440810018,-0.30103587149872046,1
2022-07-20,0.009404179892033682,0.009360235882395578,0.021936161163008353,-0.008648235791876643,575.7860961914063,576.2694564992669,571.8050415039063,570.6625804636268,558.6212646484375,563.1590670723172,551.9114239501953,570.4049552202973,1.01033696353938,1.0173711909642975,1.0413817247725603,1.0540422807532157,66.280777528204,58.952647890623375,54.17426555630961,6.5992583328873025,2.8539885734123347,3.7452697594749678,587.9595588136672,529.2829704832079,558.6212646484375,0.10503822901798547,0.8939682262300385,0.2687830487188725,4059514.9,1.1209043720962817,-0.00187745278672935,0.0007874872682116507,0.016568391075280298,0.17454740323270523,-0.013013600852039175,-0.34537005091128803,0.02463207953945945,0.33403860732906954,0
2022-07-21,-0.004742951959329389,-0.004754235448141267,0.018466576200350426,-0.003983787970559881,576.4857421875,577.172577933105,573.0811462402344,572.1746241612913,560.855859375,564.6657102845518,551.546372680664,570.7411852430614,1.004324614523546,1.0102911683611286,1.0323130464322454,1.0497373375638175,62.29446542892813,57.50952510216662,53.38769685211262,6.936024735483784,3.670395805826625,3.265628929657159,589.2321851376664,532.4795336123336,560.855859375,0.1011893708101332,0.8193324177583429,-0.1707360436434472,3941561.0,0.9573422813956196,0.009404179892033682,0.2687830487188725,-0.00187745278672935,0.0007874872682116507,0.016568391075280298,0.17454740323270523,-0.007815159538504979,0.019857730177500255,0
2022-07-22,-0.008679959464427012,-0.008717849729221107,0.022920379957331476,-0.009438754749946942,577.6781005859375,576.0994879905596,574.6824462890625,572.4980212420508,562.4162048339844,565.5502434103533,551.5463226318359,570.8671508455087,0.9935521314090136,0.9987312328951371,1.0205134616896216,1.0406257544546984,55.23532761928551,54.87464644417119,51.94530434468676,6.719934440051816,4.280303532671663,2.4396309073801525,590.0602868965265,534.7721227714422,562.4162048339844,0.09830471392872533,0.7086722077691492,0.15318584743878438,4045331.3,1.0756740739627433,-0.004742951959329389,-0.1707360436434472,0.009404179892033682,0.2687830487188725,-0.00187745278672935,0.0007874872682116507,-0.013013600852039175,-0.34537005091128803,1
2022-07-25,0.0052363704267630595,0.005222708311649909,0.02544837645441948,0.020924149956408133,577.589404296875,576.3859054051647,575.4904846191406,573.309061058837,563.9428131103516,566.6367669174031,551.5710150146484,571.1060367038957,0.9989081100556757,1.002551311714921,1.0230802251955935,1.0460280263622126,58.51525313557766,56.16801764046254,52.746960026575096,6.71380204861407,4.767003235860145,1.9467988127539257,591.2564828494702,536.629143371233,563.9428131103516,0.09686680671919089,0.7382676375665111,0.3290609722074762,4133567.2,1.3991191433878225,-0.008679959464427012,0.15318584743878438,-0.004742951959329389,-0.1707360436434472,0.009404179892033682,0.2687830487188725,0.016568391075280298,0.17454740323270523,1
2022-07-26,0.020922274368521343,0.020706409319514757,0.030196652159138446,0.02354452054794516,580.1317749023438,580.6006133690682,577.7864868164063,576.1674189202984,565.750375366211,568.7694585725909,551.0810345458984,571.8089383742087,1.0153383330813575,1.0194596840476842,1.0411482783649857,1.0688628212042306,69.1181655906441,61.00270563547316,55.85288122572312,7.595438737816835,5.332690336251483,2.262748401565352,594.6356409067001,536.8651098257218,565.750375366211,0.10211311135866839,0.9029676289115707,0.042979911480416355,4394197.4,1.3727014175557974,0.0052363704267630595,0.3290609722074762,-0.008679959464427012,0.15318584743878438,-0.004742951959329389,-0.1707360436434472,-0.00187745278672935,0.0007874872682116507,1
2022-07-27,0.008281188410999007,0.008247087504918545,0.02289694294585203,0.011241631219851084,582.5657592773438,585.0363748957851,579.175927734375,579.3929605619202,567.9141510009765,571.1635956560792,550.8950799560547,572.6755642398954,1.0194692847824502,1.0254360886034617,1.0457705568745328,1.078078057979017,72.43905270730798,62.788830414656076,57.05067693657739,8.588739754469543,5.983900219895095,2.604839534574448,598.3852743138693,537.4430276880837,567.9141510009765,0.10730890666903076,0.9265308285704693,-0.5170062737890633,4228544.6,0.6889793712947949,0.020922274368521343,0.042979911480416355,0.0052363704267630595,0.3290609722074762,-0.008679959464427012,0.15318584743878438,0.009404179892033682,0.2687830487188725,1
2022-07-28,0.02322871169026075,0.02296303157123071,0.03875470073128366,0.01917044635452357,588.3107177734375,592.5921210242734,582.3982299804687,584.5403519654346,571.3197326660156,574.643597334667,551.5748150634765,574.0492132219093,1.03296369575113,1.0434503094242404,1.0636839208151485,1.1017609881468464,79.65716227720384,67.34431814364805,60.25315710120552,10.36960257457929,6.861040690831935,3.5085618837473547,603.5425289054515,539.0969364265798,571.3197326660156,0.11280127185200094,1.0645674004341368,0.7520896690442029,4272929.3,1.1946144299649424,0.008281188410999007,-0.5170062737890633,0.020922274368521343,0.042979911480416355,0.0052363704267630595,0.3290609722074762,-0.004742951959329389,-0.1707360436434472,1
2022-07-29,0.020917749564711485,0.020701977234966674,0.02763663451204738,0.010593861293639754,597.6031372070313,601.8665491073282,587.6406188964844,591.0630889305261,574.6750610351562,579.0028171383594,551.9180560302734,575.8674952631457,1.0381729389390792,1.0557735209633738,1.0795934038896515,1.1241078245126428,84.12624461657046,70.88164821338071,62.92759626850648,12.660739443562534,8.020980441378056,4.639759002184478,612.2313418848644,537.118780185448,574.6750610351562,0.13070440461452576,1.1089573195669176,-0.07278534266705294,4441125.8,1.06571401332518,0.02322871169026075,0.7520896690442029,0.008281188410999007,-0.5170062737890633,0.020922274368521343,0.042979911480416355,-0.008679959464427012,0.15318584743878438,1
2022-08-01,0.015247883744097024,0.015132803114328122,0.019946808129706905,0.007248718559824205,608.186474609375,611.2028418202501,592.887939453125,598.1198777151747,578.9960968017579,583.8478276248103,554.0477667236328,577.985453380124,1.035661681971223,1.0623852929561795,1.0878750836583901,1.1368612330501189,86.66898586146007,73.2075891119907,64.77942652309889,15.06615339350708,9.430015031803862,5.6361383617032175,620.8322399915033,537.1599536120124,578.9960968017579,0.1445126950625014,1.1080786440276718,-0.354446151148222,4388309.5,0.6962560411930836,0.020917749564711485,-0.07278534266705294,0.02322871169026075,0.7520896690442029,0.008281188410999007,-0.5170062737890633,0.0052363704267630595,0.3290609722074762,1
2022-08-02,0.014862286660531687,0.014752925121671673,0.03645756739482644,0.01716975649867697,618.22783203125,620.5475000155834,599.1798034667969,605.5956847499156,583.7285369873047,589.1229694135188,556.5147772216797,580.3874676164428,1.0339825923170958,1.0668530760010386,1.095092625941213,1.1486430236364042,88.74957512152848,75.30941217908533,66.51726271629778,17.525820399618397,11.049176105366769,6.476644294251628,630.0932274949737,537.3638464796356,583.7285369873047,0.1588570288064481,1.0986050894674246,-0.0007138211951546181,4334992.9,0.7043162631246754,0.015247883744097024,-0.354446151148222,0.020917749564711485,-0.07278534266705294,0.02322871169026075,0.7520896690442029,0.020922274368521343,0.042979911480416355,1
2022-08-03,0.006320288552098763,0.006300399288341322,0.024203413125644297,0.004307673527644236,628.1016479492188,628.1239925234098,605.3337036132813,612.4468288933967,588.5693725585937,594.2804939969039,559.2776623535157,582.8537229075259,1.0241606269294021,1.0626815815793753,1.0929501389830176,1.1501925087300402,89.56925393941819,76.17798439710157,67.24954320451393,19.5754775415013,12.754436392593675,6.821041148907625,638.4428958089139,538.6958493082735,588.5693725585937,0.16947372926835452,1.0484634071858712,0.45629970594843594,4324598.4,1.02816090391191,0.014862286660531687,-0.0007138211951546181,0.015247883744097024,-0.354446151148222,0.020917749564711485,-0.07278534266705294,0.008281188410999007,-0.5170062737890633,1
2022-08-04,0.017692953617124196,0.017538255360713052,0.030932473166487662,0.017537066539629387,637.4926147460938,636.9688107708149,612.9016662597656,620.1216685974382,592.99140625,600.0307752605917,561.8236950683594,585.6695944509808,1.0269271080518607,1.0681296581565527,1.1039931445307096,1.1652382286688177,91.58439922883629,78.47518191718886,69.23947938790283,21.86617542240026,14.576784198554993,7.289391223845268,649.4075843906787,536.5752281093212,592.99140625,0.1902765454813158,1.0465368538600115,0.05831526433957679,4417823.6,1.0651568342384699,0.006320288552098763,0.45629970594843594,0.014862286660531687,-0.0007138211951546181,0.015247883744097024,-0.354446151148222,0.02322871169026075,0.7520896690442029,1
2022-08-05,0.00421474177889003,0.004205884633092179,0.013490219097128104,0.0030823167995441955,644.89306640625,643.7850950386162,621.2481018066406,626.9027585932165,597.9652740478516,605.4961931952229,564.4879992675782,588.4832442205195,1.019421199917319,1.0582208004537865,1.0994244851777288,1.164626465801251,92.02041813037067,79.00378884412603,69.707997591725,23.631802978520682,16.38778795454813,7.244015023972551,658.5314389917098,537.3991091039934,597.9652740478516,0.20257418807571578,0.9908053001331396,-0.4781919703336929,4228223.7,0.5807306269060456,0.017692953617124196,0.05831526433957679,0.006320288552098763,0.45629970594843594,0.014862286660531687,-0.0007138211951546181,0.020917749564711485,-0.07278534266705294,1
2022-08-08,0.0030728435110480845,0.0030681319768304394,0.020248038771369277,-0.0019388333974179564,650.8055419921875,649.0026650843379,629.4960083007812,632.8182216082283,602.4932464599609,610.6334895743237,567.3752783203125,591.2657760226866,1.013263966925004,1.047564712849924,1.094514849835092,1.1622603775194709,92.35858930592656,79.40261730791704,70.05858033874495,24.906972012317624,18.09162476610203,6.815347246215595,667.0905750932709,537.8959178266509,602.4932464599609,0.2144333700431042,0.9407655852076253,-0.0035679683513347715,3894558.2,0.6282350588572536,0.00421474177889003,-0.4781919703336929,0.017692953617124196,0.05831526433957679,0.006320288552098763,0.45629970594843594,0.015247883744097024,-0.354446151148222,1
2022-08-10,0.0013447512080686508,0.0013438478399424114,0.022086238370666453,-0.003642870049066799,655.023095703125,652.7766383765378,636.6254638671875,637.8193785814481,607.2059753417968,615.3659748492393,570.0432360839844,593.9739646085004,1.0080935913444726,1.0372261595535144,1.0874803802601583,1.1583763180792341,92.52091442001148,79.58593039059724,70.21745245185498,25.692936201005068,19.61188705308264,6.081049147922428,674.195063148992,540.2168875346017,607.2059753417968,0.22064699797951395,0.8964721073081647,0.32928256777093035,3616601.4,0.8992843391588579,0.0030728435110480845,-0.0035679683513347715,0.00421474177889003,-0.4781919703336929,0.017692953617124196,0.05831526433957679,0.014862286660531687,-0.0007138211951546181,1
2022-08-11,0.005223057951753818,0.005209465094879131,0.013138325277163632,0.0007428317012858585,659.1223999023438,656.4422584294107,643.6120239257813,642.5383094821223,611.3939758300781,619.976215200279,572.4312780761719,596.7112012330751,1.0070565021511961,1.0313255095614868,1.0856722911506667,1.1595688844361676,93.17843522490861,80.31954466873562,70.84911176273323,26.2910501245467,20.947719667375452,5.343330457171248,681.4615943405599,541.3263573195964,611.3939758300781,0.22920611350595105,0.8737783859261776,0.07020763121346296,3673332.7,0.9475572414118655,0.0013447512080686508,0.32928256777093035,0.0030728435110480845,-0.0035679683513347715,0.00421474177889003,-0.4781919703336929,0.006320288552098763,0.45629970594843594,1
2022-08-12,0.006829074969667337,0.00680586245726499,0.01769389528754075,0.00682903323607217,661.852001953125,660.3969914594509,649.6723083496094,647.2234273071057,616.035269165039,624.5790954211601,574.835419921875,599.5188583423479,1.0097521130817149,1.0286823817645223,1.0848509670969642,1.162604868033984,93.98878008269821,81.27214428028702,71.67807005360427,26.821648358273933,22.12250540555515,4.699142952718784,688.237461779144,543.833076550934,616.035269165039,0.23440928215673854,0.8619778462536664,-0.0011555170191682729,3510549.5,0.9903495165073161,0.005223057951753818,0.07020763121346296,0.0013447512080686508,0.32928256777093035,0.0030728435110480845,-0.0035679683513347715,0.017692953617124196,0.05831526433957679,0
2022-08-16,-0.006414063503895506,-0.006434721993164779,0.015582103406429309,-0.006120979961744127,663.1724487304688,661.6046267932797,654.0327575683593,650.2773309714387,620.8366882324219,628.3353622820913,577.3631677246094,602.0483108568023,1.001277870834488,1.0152700912561468,1.0695564712057564,1.1500905055614175,83.09819135343623,77.45417946088416,69.70977151957734,26.589751603861714,23.015954645216464,3.57379695864525,692.3895119860745,549.2838644787694,620.8366882324219,0.2305044953363497,0.8017575475231417,-0.20980616227419846,3311976.9,0.8294876694339264,0.006829074969667337,-0.0011555170191682729,0.005223057951753818,0.07020763121346296,0.0013447512080686508,0.32928256777093035,0.00421474177889003,-0.4781919703336929,0
2022-08-17,-0.001854990329342776,-0.0018567129545354363,0.011968462808753263,7.432576592972732e-05,663.8425170898438,661.9991335197386,657.3240295410156,652.5520247898419,625.1059844970703,631.6165798716689,579.5498864746094,604.4302652142868,0.9984117164989527,1.008312669529906,1.060281237758271,1.143625704086293,79.99093738820179,76.34432639762642,69.13695171833211,26.006789702007836,23.61412165657474,2.3926680454330977,695.9690455788673,554.2429234152733,625.1059844970703,0.22672334880559486,0.7658801489826242,-0.14465588058432377,3241422.1,0.7249407597979911,-0.006414063503895506,-0.20980616227419846,0.006829074969667337,-0.0011555170191682729,0.005223057951753818,0.07020763121346296,0.0030728435110480845,-0.0035679683513347715,1
2022-08-18,0.0011894148706879104,0.0011887080772122023,0.013142226410873804,0.005074663304570975,664.4928955078125,662.5249146967528,659.7579956054688,654.5564706554671,629.4688995361328,634.660379603013,581.8842822265625,606.7497245019925,0.9986208754627378,1.005787700142699,1.0541846905220942,1.1403925098502852,80.53441880429298,76.5756701839445,69.30644256252849,25.316566227277463,23.954610570715285,1.361955656562177,698.5006243332562,560.4371747390094,629.4688995361328,0.21933323424872664,0.7470427735572802,-0.23107285222519502,3116787.0,0.5797171895288321,-0.001854990329342776,-0.14465588058432377,-0.006414063503895506,-0.20980616227419846,0.006829074969667337,-0.0011555170191682729,0.0013447512080686508,0.32928256777093035,0
2022-08-19,-0.013142247400372176,-0.013229370908102302,0.020615472814212568,-0.018099882123146855,662.7093139648438,659.9684734046061,660.9158569335938,654.6108561399844,633.1247802734375,636.5837330522796,583.9668334960937,608.6362290634953,0.9881490678053939,0.9908305027792816,1.034323108530817,1.1213917525072816,59.63057093421185,68.58490664924831,65.15052281442256,23.79160174034564,23.922008804641358,-0.13040706429571713,699.3453645397398,566.9041960071353,633.1247802734375,0.20918651845439543,0.6640789702148034,0.08559347595684219,2868299.7,0.6838581059015555,0.0011894148706879104,-0.23107285222519502,-0.001854990329342776,-0.14465588058432377,-0.006414063503895506,-0.20980616227419846,0.005223057951753818,0.07020763121346296,0
2022-08-22,-0.0325032150717568,-0.033043177155304845,0.03437277419138017,-0.027159950891127962,655.762158203125,651.1692085067166,658.807080078125,650.7853693347032,635.8543731689454,636.2967754959614,585.6992004394531,609.614050618297,0.966159255738399,0.9616937915054058,0.996408463078383,1.081733897255735,34.288193934421216,53.82249737384326,56.47232140713936,20.62775792288096,23.26315862828928,-2.635400705408319,697.2469285051587,574.461817832732,635.8543731689454,0.1931025653885107,0.4814008844761281,0.17412248726746227,2628037.5,0.8763394738469295,-0.013142247400372176,0.08559347595684219,0.0011894148706879104,-0.23107285222519502,-0.001854990329342776,-0.14465588058432377,0.006829074969667337,-0.0011555170191682729,1
2022-08-23,0.015397736238468962,0.01528039410033704,0.028030923607746804,0.016900273498344907,651.6234252929687,648.5548833078632,657.3979370117188,649.4291627120582,639.3230194091797,636.9662476306465,587.6209436035156,610.9360969826837,0.9872668905678429,0.9785948459687489,1.0062616445512569,1.0947979984597462,46.45608645781493,58.25729721809134,59.094503642685346,18.692109592635347,22.348948821158494,-3.656839228523147,693.7816017461297,584.8644370722296,639.3230194091797,0.17036327704038273,0.5367546613333378,-0.2395567969994612,2557625.7,0.6847526594685063,-0.0325032150717568,0.17412248726746227,-0.013142247400372176,0.08559347595684219,0.0011894148706879104,-0.23107285222519502,-0.006414063503895506,-0.20980616227419846,0
2022-08-24,-0.0020678812670317237,-0.002070022285589628,0.015809651255516165,-0.004583651642475163,647.4649780273437,646.3685590867526,655.6537475585938,648.0776623361442,642.5748779296875,637.4452631557784,589.6785803222656,612.1541288909914,0.9915531070120962,0.9791691316263819,0.9990989886081111,1.0887217749942242,45.12668218853484,57.44708060785683,58.58913456996069,16.856437932733343,21.250446643473463,-4.3940087107401204,688.9106854754008,596.2390703839743,642.5748779296875,0.1442191692741011,0.4937524852179914,0.017302170165604425,2491120.2,0.7151975243908343,0.015397736238468962,-0.2395567969994612,-0.0325032150717568,0.17412248726746227,-0.013142247400372176,0.08559347595684219,-0.001854990329342776,-0.14465588058432377,0
2022-08-25,-0.0042976819517608345,-0.004306943531915955,0.019731752045787785,-0.008103956869982838,642.5970458984375,643.9913115265852,653.544970703125,646.470235803436,645.0852172851562,637.6158872748709,591.7211804199219,613.2161950680604,0.9947708606604478,0.9781068557815059,0.9909339096258953,1.0803007185793283,42.20435914950221,55.71635637108112,57.51795088217333,15.00603879633502,20.001565074045775,-4.995526277710756,684.4631071996705,605.7073273706419,645.0852172851562,0.12208585426972365,0.4257400422978157,-0.1435702887727789,2318470.1,0.6581288238308529,-0.0020678812670317237,0.017302170165604425,0.015397736238468962,-0.2395567969994612,-0.0325032150717568,0.17412248726746227,0.0011894148706879104,-0.23107285222519502,1
2022-08-26,0.028210233761114978,0.027819653673877787,0.024812575401752232,0.016768292682926733,643.0798950195312,648.4174864929839,652.8946044921875,648.4337995529534,648.2533142089844,639.48769195591,594.1034130859375,614.9437888467946,1.0220655963841305,1.0067012836428582,1.0139089488926085,1.1063222697404478,61.30943038406157,63.46396892420954,62.25393057443815,14.823818405599923,18.966015740356603,-4.1421973347566805,680.1334059196813,616.3732224982875,648.2533142089844,0.09835689540468545,0.6414130533032857,1.0124238785937298,2277466.9,1.3482790902471513,-0.0042976819517608345,-0.1435702887727789,-0.0020678812670317237,0.017302170165604425,0.015397736238468962,-0.2395567969994612,-0.013142247400372176,0.08559347595684219,0
2022-08-29,-0.02608706391824689,-0.026433367341361532,0.026708801221003737,-0.006727866076548106,644.390478515625,645.652856392458,650.076318359375,646.9228534872175,649.8743133544922,639.5482542640525,596.4705871582031,615.9312322720735,0.9933784212112389,0.984689917342187,0.9849959954367866,1.0731855182351597,44.859744687787156,53.82192893515466,56.01902786267422,13.144329494953013,17.801678491275887,-4.657348996322874,676.1458285088723,623.602798200112,649.8743133544922,0.08085106493522731,0.3144241566238665,-0.11143431332862863,2202648.2,1.2387289082296482,0.028210233761114978,1.0124238785937298,-0.0042976819517608345,-0.1435702887727789,-0.0020678812670317237,0.017302170165604425,-0.0325032150717568,0.17412248726746227,1
2022-08-30,0.026631934197735685,0.026283477418234166,0.02474133962507624,0.02152109880300604,647.1594970703125,649.49234615617,649.3914611816406,648.7862120683768,651.712109375,641.2266420182946,599.011435546875,617.5484908372313,1.0154704190521886,1.0119802383723937,1.0083767298935558,1.0970931215755857,57.94753232788122,60.28294809288023,60.18222375392987,13.03863051311123,16.849068895642958,-3.8104383825317285,674.3785240975681,629.0456946524318,651.712109375,0.06955959355828291,0.6204252277083384,-0.14912969986263436,2160082.4,1.0747673329498912,-0.02608706391824689,-0.11143431332862863,0.028210233761114978,1.0124238785937298,-0.0042976819517608345,-0.1435702887727789,0.015397736238468962,-0.2395567969994612,0
2022-09-01,-0.007947268970878385,-0.007979016830652746,0.025015097345357954,0.01007629860448483,649.1500366210937,650.3111002369259,648.3075073242187,649.3611932192969,652.8157684326172,642.2477816735462,601.5290808105469,618.8975150553179,1.004311132433899,1.0056163179248792,0.998671661935707,1.0838189361018946,53.415995103841254,57.622984781208075,58.4038510759607,12.39060251868591,15.957375620251549,-3.566773101565639,673.151381336866,632.4801555283684,652.8157684326172,0.06230123072263943,0.478678782924744,0.06514770506024758,2172381.7,1.138304562223112,0.026631934197735685,-0.14912969986263436,-0.02608706391824689,-0.11143431332862863,0.028210233761114978,1.0124238785937298,-0.0020678812670317237,0.017302170165604425,0
2022-09-02,-0.00030220401092506677,-0.0003022496837590839,0.022679164569563762,0.002121249112215914,651.6529907226562,650.7912624626381,647.1250183105469,649.7958102547087,653.4415069580078,643.1529059821668,603.5485949707031,620.1859100301706,1.0001513016786694,1.0071494200851547,0.9974138158871901,1.0798659666264308,53.232783221038076,57.519874766662475,58.33557094150482,11.72596801696443,15.111094099594126,-3.3851260826296965,672.8146808388367,634.068333077179,653.4415069580078,0.05929581660956178,0.456385049389929,-0.1822905882809669,2193902.0,0.921671979878773,-0.007947268970878385,0.06514770506024758,0.026631934197735685,-0.14912969986263436,-0.02608706391824689,-0.11143431332862863,-0.0042976819517608345,-0.1435702887727789,1
2022-09-05,0.03107040091969715,0.030597486815787386,0.03160053875976253,0.030135970101255728,654.5993774414062,657.8614316482692,648.8396362304687,653.8332574846764,654.8777465820312,645.9004168428681,606.4663452148437,622.2179045395573,1.0265847985467764,1.0356977787664552,1.0261484277437651,1.1080611073009687,66.86199702431088,64.54268582720633,63.00344218833584,12.6870129369413,14.626277867063562,-1.9392649301222615,675.2567031428378,634.4987900212247,654.8777465820312,0.06223743795592172,0.9201398483382977,1.4384038440044749,2490810.4,1.979513976655951,-0.00030220401092506677,-0.1822905882809669,-0.007947268970878385,0.06514770506024758,0.026631934197735685,-0.14912969986263436,0.028210233761114978,1.0124238785937298,1
2022-09-06,0.0038125073966330802,0.0038052582095194523,0.01241691644375675,0.0037389850336784435,661.4874145507813,663.4288816782732,652.9389465332031,657.6024437126046,655.873013305664,648.6302611186218,609.2718823242187,624.2706840375464,1.019768126951259,1.0331192300901881,1.0284975415262383,1.1071638152166,68.2286670287745,65.3237630944982,63.545992686208564,13.499764017769962,14.400975097204844,-0.9012110794348818,677.98269500168,633.763331609648,655.873013305664,0.06742061724595441,0.9226828927162981,-0.33153267131708675,2590099.2,1.272515353852084,0.03107040091969715,1.4384038440044749,-0.00030220401092506677,-0.1822905882809669,-0.007947268970878385,0.06514770506024758,-0.02608706391824689,-0.11143431332862863,1
2022-09-07,7.301810803839182e-05,7.301544234610281e-05,0.017455466890432425,0.009734477265394606,664.9757568359375,667.1569334886406,656.067626953125,660.6952788756537,656.7327819824219,651.1048112129793,611.9092150878906,626.2448939619319,1.0144926791305795,1.0282675282156164,1.0272260737053198,1.1024724264243644,68.25802935698488,65.33957117944863,63.55678109414523,13.986620546395102,14.318104187042897,-0.3314836406477948,680.3048358923236,633.1607280725202,656.7327819824219,0.07178582996495708,0.8792680772599607,-0.2989340525209644,2646032.3,0.8732591813032669,0.0038125073966330802,-0.33153267131708675,0.03107040091969715,1.4384038440044749,-0.00030220401092506677,-0.1822905882809669,0.026631934197735685,-0.14912969986263436,1
2022-09-08,0.0010955535490362323,0.0010949538681951818,0.0172174629215977,-0.002401782262099669,669.6564575195313,669.8886595978959,659.4032470703125,663.3601575921541,657.5284973144531,653.4140779371152,614.4877258300781,628.1706672111269,1.0085053376741444,1.0241868156047964,1.0271069840695122,1.0990489857289008,68.76338893012466,65.59303332937591,63.72591574236314,14.267626685948471,14.308008686824012,-0.04038200087554067,682.4479983642497,632.6089962646566,657.5284973144531,0.07579747844108764,0.8576238237341965,-0.18215566726908883,2656845.0,0.7112834960263019,7.301810803839182e-05,-0.2989340525209644,0.0038125073966330802,-0.33153267131708675,0.03107040091969715,1.4384038440044749,-0.007947268970878385,0.06514770506024758,1
2022-09-09,0.002334665375022693,0.002331944278226713,0.024237606984778053,-7.276243518012168e-05,674.6919067382812,672.2353840678682,663.1724487304688,665.8271894859101,658.3587097167969,655.6535784200387,616.9687268066406,630.0827521443302,1.0033154781422315,1.0207432988262375,1.0282066949475064,1.0971850007884818,69.95399133106966,66.16154702410424,64.09914570530948,14.45097248364857,14.336601446188924,0.11437103745964627,684.6633767136708,632.0540427199229,658.3587097167969,0.07990983215879169,0.8529815316274965,1.0921794715759061,2899633.6,1.3635302060232712,0.0010955535490362323,-0.18215566726908883,7.301810803839182e-05,-0.2989340525209644,0.0038125073966330802,-0.33153267131708675,-0.00030220401092506677,-0.1822905882809669,0
2022-09-12,0.0,0.0,0.0,0.0,675.6773193359375,673.7998670478496,665.1383483886718,667.845670126256,659.0164764404296,657.6797931426838,619.4946557617187,631.9198533546629,1.0018522357285946,1.017726364218367,1.0271804381343141,1.0927113361058358,69.95399133106966,66.16154702410424,64.09914570530948,14.429936029041642,14.35526836275947,0.07466766628217236,686.4629841560712,631.569968724788,659.0164764404296,0.08329536118395534,0.8263139477153723,-1.0,2592567.5,0.0,0.002334665375022693,1.0921794715759061,0.0010955535490362323,-0.18215566726908883,7.301810803839182e-05,-0.2989340525209644,0.03107040091969715,1.4384038440044749,1
2022-09-13,0.005968278939611382,0.00595053931123405,0.01642433517341159,0.0015217214390851241,676.958349609375,676.1895557337227,669.2228820800781,670.2317179406582,659.6496002197266,659.8978064724729,622.3221948242187,633.843346678224,1.005924416913401,1.0175517773523846,1.0323191780585341,1.0942385451925194,73.47945388873941,67.74532326996703,65.1131904472997,14.571297948133633,14.398474279834304,0.17282366829932982,688.4736999271104,630.8255005123428,659.6496002197266,0.08739215394895282,0.8698178451742041,-1.0,2529201.3,0.828254358401603,0.0,-1.0,0.002334665375022693,1.0921794715759061,0.0010955535490362323,-0.18215566726908883,0.0038125073966330802,-0.33153267131708675,1
2022-09-14,0.0026048232521391768,0.002601436579898631,0.028577597590624226,0.011459818373631329,678.5842895507812,678.3739494279506,671.7800231933594,672.5064486453396,660.5857421875,662.073514124276,624.9108728027344,635.7609698208978,1.0061281219292268,1.0163189038741205,1.0335414363554598,1.092544179547229,74.98302618722386,68.44366500901639,65.56162362354198,14.65749692210511,14.450278808288465,0.207218113816646,691.0842990186875,630.0871853563126,660.5857421875,0.09233792037409963,0.8632466078894713,0.31544828152463555,2572605.7,1.0711435491260863,0.005968278939611382,-1.0,0.0,-1.0,0.002334665375022693,1.0921794715759061,7.301810803839182e-05,-0.2989340525209644,0
2022-09-15,-0.004618606896067079,-0.004629305615727764,0.019575146120627926,-0.003539880448342516,679.4317504882813,678.7791051199358,674.5441040039062,673.7942609832608,661.4258056640625,663.7416953032885,627.6335668945312,637.4797324359178,1.0002320557075992,1.0074795887623247,1.0274612975246826,1.0827805464045643,67.09381375215906,65.71960022348148,64.02544777238623,14.30644780929515,14.421512608489802,-0.11506479919465207,693.026390347638,629.8252209804871,661.4258056640625,0.09555292343590643,0.7873935881522526,0.047961809096286556,2614102.0,1.1046986689884328,0.0026048232521391768,0.31544828152463555,0.005968278939611382,-1.0,0.0,-1.0,0.0010955535490362323,-0.18215566726908883,0
2022-09-16,-0.005510044418227333,-0.0055252807071668,0.022599694615076608,0.0012408402714416413,679.2149536132813,677.801019624228,676.9534301757812,674.167095101361,662.0392242431641,664.894376572767,630.2587036132812,638.9842467965804,0.9950382350056627,0.998362396150824,1.0208531819325823,1.0723292590140927,58.55813037561257,62.53659948849486,62.2080063015243,13.569660921401919,14.251142271072228,-0.6814813496703085,694.2533283821166,629.8251201042116,662.0392242431641,0.0973178112695039,0.7142791916562253,0.41054506985433514,2819232.7,1.444848805847066,-0.004618606896067079,0.047961809096286556,0.0026048232521391768,0.31544828152463555,0.005968278939611382,-1.0,0.002334665375022693,1.0921794715759061,0
2022-09-19,-0.008602423796459924,-0.008639638220580627,0.02375178193120639,-0.003005847203766551,677.8353759765625,675.2109946908917,676.75634765625,673.4150677782443,662.7979919433594,665.3835735490958,632.7301171875,640.2017643662916,0.9884862439628502,0.9900622981146424,1.010912756177266,1.0589521924490046,47.59098835675796,57.85161525205055,59.45654800581658,12.373979028248527,13.875709622507488,-1.5017305942589605,695.0144193294336,630.5815645572852,662.7979919433594,0.09721341276733172,0.6122556637671411,-0.5805131629500425,2497045.6,0.6842978758577737,-0.005510044418227333,0.41054506985433514,-0.004618606896067079,0.047961809096286556,0.0026048232521391768,0.31544828152463555,0.0,-1.0,1
2022-09-20,0.013309695296511048,0.013221899467919717,0.02351235443691041,0.00826812704459062,677.4313598632813,676.4569473069487,677.1948547363281,674.4212104620294,665.0669006347656,666.6755048814736,634.9847387695313,641.7212580201258,1.0022400685378479,1.0025900932212743,1.0208730157688608,1.0692364888244787,60.7469272074771,62.4931754164569,62.152651398030045,12.007577259831123,13.502083149972215,-1.4945058901410917,695.0440469092458,635.0897543602854,665.0669006347656,0.09014776181424417,0.7315422518406082,0.05515463887359151,2347748.2,0.7679558651136438,-0.008602423796459924,-0.5805131629500425,-0.005510044418227333,0.41054506985433514,-0.004618606896067079,0.047961809096286556,0.005968278939611382,-1.0,0
2022-09-21,-0.006023248325362163,-0.006041461256387925,0.015331825033674787,-0.0005108532032367454,675.8546875,675.9244232046325,677.2194885253906,674.5008767416604,666.6435577392579,667.454921083238,637.3231201171875,643.0207920193365,0.9985273276661265,0.9965149946725106,1.0123241530880518,1.05889674122588,53.55467500715325,59.269834087275676,60.22431912004134,11.257445731489497,13.053155666275671,-1.7957099347861742,695.162553031473,638.1245624470428,666.6435577392579,0.08555995167471381,0.6440411412912719,0.002197488916879875,2297373.9,0.786519338449871,0.013309695296511048,0.05515463887359151,-0.008602423796459924,-0.5805131629500425,-0.005510044418227333,0.41054506985433514,0.0026048232521391768,0.31544828152463555,0
2022-09-22,-0.0080309157289713,-0.008063337232270729,0.019135939452691656,-0.0024229433392987517,673.8247314453125,673.7628275465779,676.6282409667969,673.580651194171,668.0157440185546,667.6439415734504,639.334345703125,644.0568251256553,0.9934922317181235,0.9893758428911322,1.0021315249298595,1.0470884924760842,45.26785629338267,55.2058324236952,57.73180750052875,10.109102031299244,12.464344939280387,-2.355242907981143,694.2047459327474,641.8267421043619,668.0157440185546,0.07840833737435192,0.5271849270273726,-0.1675361898558272,2258817.2,0.6659250691025373,-0.006023248325362163,0.002197488916879875,0.013309695296511048,0.05515463887359151,-0.008602423796459924,-0.5805131629500425,-0.004618606896067079,0.047961809096286556,0
2022-09-23,-0.015235092243423454,-0.015352338625169774,0.029820646049374004,-0.01834189288334556,670.5038940429688,668.9221055714165,674.859423828125,670.9733803627023,669.0159362792969,666.8436291970355,641.1977587890625,644.6522696941039,0.9832018389125817,0.9768562730910176,0.9853885772698213,1.0281393728919237,33.789155540577084,48.470479986077,53.367553278188424,8.280605693008624,11.627597090026034,-3.34699139701741,692.0727652534075,645.9591073051862,669.0159362792969,0.06892759267392108,0.28801780008041733,0.035973203084955996,2019274.8,0.7717196292451132,-0.0080309157289713,-0.1675361898558272,-0.006023248325362163,0.002197488916879875,0.013309695296511048,0.05515463887359151,-0.005510044418227333,0.41054506985433514,0
2022-09-26,-0.034155359147797326,-0.034752284978864574,0.037065714311083464,-0.019796704416428532,663.8425170898438,658.189423733809,670.8389465332032,664.7462312165007,667.9886474609375,663.9750988028982,642.3319702148438,644.3413595123192,0.9591492615596059,0.9491459363668282,0.9531959300188975,0.9912694519091517,20.439571859134574,37.57190738098688,45.4099615814052,4.957461078900451,10.293569887800917,-5.336108808900466,694.6035860235751,641.3737088982999,667.9886474609375,0.07968679906103932,-0.08735035831030277,0.40709895438274946,2238545.0,0.979521072839724,-0.015235092243423454,0.035973203084955996,-0.0080309157289713,-0.1675361898558272,-0.006023248325362163,0.002197488916879875,-0.008602423796459924,-0.5805131629500425,0
2022-09-27,-0.01416092484658149,-0.014262147483218907,0.02817898305656397,-0.019094585691231958,653.59423828125,648.0287686545706,665.5127990722656,658.0119089036995,667.3678405761718,660.5210378212977,643.3765075683593,643.6890496685456,0.960393194632146,0.9431936686584045,0.9405719309970986,0.9756455996015665,17.254745446337296,34.2507663798518,42.73094041258092,1.5780894066915607,8.550473791579046,-6.972384384887485,696.9657454069846,637.769935745359,667.3678405761718,0.08870042285903218,-0.16998630995646963,0.14597514846978754,2280341.0,1.1019325618405318,-0.034155359147797326,0.40709895438274946,-0.015235092243423454,0.035973203084955996,-0.0080309157289713,-0.1675361898558272,0.013309695296511048,0.05515463887359151,0
2022-09-28,-0.032182073768525554,-0.03271130213329732,0.02838605028386048,-0.020028574272637698,640.1236694335937,634.52135602362,657.9891784667968,648.8291128778847,664.8846008300782,655.4720371489568,644.1668078613282,642.270127358474,0.9490455669281284,0.9232773891164754,0.9137022123888484,0.9430888449199615,12.261092415639297,28.230042358461105,37.523270695983996,-2.699020405407282,6.300574952181781,-8.999595357589062,704.2197193779738,625.5494822821826,664.8846008300782,0.1183216410751204,-0.22934914380001403,-0.13872910582772402,2221196.6,0.9743333840867575,-0.01416092484658149,0.14597514846978754,-0.034155359147797326,0.40709895438274946,-0.015235092243423454,0.035973203084955996,-0.006023248325362163,0.002197488916879875,1
2022-09-29,0.0028385312456955525,0.002834510223280475,0.017711301588404862,-0.0036261079774374573,628.08193359375,626.0912230261633,650.9533325195313,641.6294481784965,662.7487182617188,651.0681247567942,644.8033825683593,640.9744736201516,0.9699864371919779,0.935905734859988,0.9192487895399676,0.9448321356575109,14.719091571480732,29.37138777307537,38.19836364206903,-5.881713229221305,3.864117315901164,-9.74583054512247,708.7378605387039,616.7595759847336,662.7487182617188,0.13878304404000094,-0.081852134881533,0.6531980153277028,2290199.9,1.5622339342517655,-0.032182073768525554,-0.13872910582772402,-0.01416092484658149,0.14597514846978754,-0.034155359147797326,0.40709895438274946,-0.0080309157289713,-0.1675361898558272,1
2022-09-30,0.02167429400379106,0.021442746275027454,0.031267314551789424,0.017149797768216644,620.7209228515625,624.872684654161,645.6124084472656,638.1396590387983,661.2829193115234,648.3412183904477,645.7257312011719,640.247459278583,1.0027624089916554,0.9641010608937166,0.9412546275324758,0.963931864310732,31.79031458487337,37.55989955010437,43.13846077508418,-7.254885448658911,1.6403167629891493,-8.89520221164806,710.3466425170766,612.2191961059702,661.2829193115234,0.14838950704075202,0.10411370292246479,-0.5560152695993211,2041713.5,0.7780234592169764,0.0028385312456955525,0.6531980153277028,-0.032182073768525554,-0.13872910582772402,-0.01416092484658149,0.14597514846978754,-0.015235092243423454,0.035973203084955996,0
2022-10-03,-0.012823709781883408,-0.012906643321501203,0.015636276466799073,-0.01180667544695929,616.266845703125,621.3996812082428,640.0546813964844,633.8331163619997,658.4055145263671,645.113833240539,646.3800451660156,639.2359382996741,0.9970578144851359,0.9600018438671187,0.9332450302431349,0.9506074312034039,27.857662973042622,34.92408296282052,41.055517099343035,-8.884791315256393,-0.4647048526599593,-8.420086462596434,711.2235794934122,605.5874495593221,658.4055145263671,0.16044235293211498,0.08393174534712802,-0.19043739978759855,1999440.3,0.6431754926616213,0.02167429400379106,-0.5560152695993211,0.0028385312456955525,0.6531980153277028,-0.032182073768525554,-0.13872910582772402,-0.034155359147797326,0.40709895438274946,1
2022-10-04,0.031513202914531746,0.031026853170503094,0.019978195494501094,0.01483121583324011,617.48876953125,625.5388133510681,635.54150390625,633.8302002301305,656.3681793212891,644.0379517544609,647.4768103027344,639.0234339599504,1.0264430851396114,0.9972866818942078,0.9656426036559403,0.9789031322069606,46.56579327525162,45.00641628157926,47.51120285671876,-8.515872953673693,-2.0749384728627063,-6.440934480810986,709.6771407985915,603.0592178439866,656.3681793212891,0.16243615445351428,0.2884867660180176,0.0764010012511751,1957567.8,0.7071234007833598,-0.012823709781883408,-0.19043739978759855,0.02167429400379106,-0.5560152695993211,0.0028385312456955525,0.6531980153277028,-0.01416092484658149,0.14597514846978754,1
2022-10-06,0.0485851983237644,0.04744182540128462,0.0438875751355927,0.04017579705754825,628.9097045898437,638.5629442522746,634.5166870117188,639.4267467436862,655.8680877685547,645.9973093068634,649.2899682617187,640.0268760028813,1.056767292990219,1.047429042701304,1.0133306048109145,1.023596911306033,63.92364153032325,56.538680207380686,55.62640527054918,-5.673275697397344,-2.794605917769634,-2.87866977962771,708.6682727904658,603.0679027466435,655.8680877685547,0.16100855036735218,0.5827943906115535,1.6759338323790205,2147288.9,1.7250310379753746,0.031513202914531746,0.0764010012511751,-0.012823709781883408,-0.19043739978759855,0.02167429400379106,-0.5560152695993211,-0.032182073768525554,-0.13872910582772402,0
2022-10-07,-0.01245469047175174,-0.012532900192875302,0.02019369785081652,-0.007968478442881843,638.3302490234375,644.4865225679227,633.2060913085937,642.5007344628739,654.9171661376953,646.9817254870877,650.8774670410156,640.666358481169,1.028203943340182,1.0365245821353821,1.0021628888884944,1.0083828561203814,58.013658341125236,53.302958018781645,53.30053090502819,-4.041832403059857,-3.044051214827679,-0.9977811882321781,706.9590766235,602.8752556518906,654.9171661376953,0.15892669539482787,0.5136093491601336,-0.5675660207227589,2157048.2,0.7425870223947707,0.0485851983237644,1.6759338323790205,0.031513202914531746,0.0764010012511751,-0.012823709781883408,-0.19043739978759855,0.0028385312456955525,0.6531980153277028,0
2022-10-10,-7.513922843360721e-05,-7.51420515268496e-05,0.020270270270270167,0.015785823534723332,645.1,648.4191359762715,632.9104614257812,645.0068487047093,653.8849426269531,647.8676909447908,652.2225537109375,641.2788292384945,1.017337409382993,1.0369308184834427,1.0036694837418583,1.0062276427868384,57.97640085041471,53.28339242941309,53.28659281290295,-2.7215093939997814,-2.9795428506620993,0.2580334566623179,704.9493103912429,602.8205748626634,653.8849426269531,0.15618762395457814,0.5234940749398014,-0.31959500460732826,2110203.8,0.5164761811157766,-0.01245469047175174,-0.5675660207227589,0.0485851983237644,1.6759338323790205,0.031513202914531746,0.0764010012511751,0.02167429400379106,-0.5560152695993211,0
2022-10-11,-0.03490981638517254,-0.03553372748661576,0.045663128099474926,-0.03974001128879165,648.883984375,643.4039560479831,632.5754150390625,642.8917118841088,651.7071807861328,646.487300968278,653.0118676757812,640.968820099393,0.9760968238435824,1.0012617960378598,0.9718683710487718,0.969926623915317,43.00666584146935,45.01643653650738,47.25838555380019,-3.483693438946375,-3.080372968318955,-0.40332047062742005,702.3681910244618,601.0461705478037,651.7071807861328,0.1554716956692677,0.31905626725090724,0.5084799104480351,2055338.3,0.7998911906618974,-7.513922843360721e-05,-0.31959500460732826,-0.01245469047175174,-0.5675660207227589,0.0485851983237644,1.6759338323790205,-0.012823709781883408,-0.19043739978759855,1
2022-10-12,0.012990988989026286,0.0129073298558335,0.023882642260852592,0.007894699049438887,650.44091796875,642.8032192338117,633.96484375,642.6571725607197,649.7388214111328,646.0220099813438,653.6898303222656,640.9936407074745,0.9864104915310603,1.012046254505684,0.987476389685333,0.9815079198787022,48.570619365774526,48.12904996657198,49.416292574048825,-3.384769379147997,-3.1412522504847633,-0.2435171286632336,698.7308017561847,600.7468410660808,649.7388214111328,0.15080515040997214,0.4169550225531365,-0.06907588408360588,1957108.4,0.7820123811230896,-0.03490981638517254,0.5084799104480351,-7.513922843360721e-05,-0.31959500460732826,-0.01245469047175174,-0.5675660207227589,0.031513202914531746,0.0764010012511751,0
2022-10-13,-0.004223552828133692,-0.004232497221007703,0.0220559702806272,-0.006360190672892779,645.2970581054688,641.4994484019683,637.1033813476563,641.9725787748218,647.5462799072266,645.3429525296235,654.0593603515625,640.9112197675062,0.9900741041870044,1.0028072765629366,0.9866351279630775,0.9768102797196746,46.81460181984614,47.181739717352876,48.72688108067729,-3.484861385757881,-3.2099740775393872,-0.27488730821849394,694.3080656976867,600.7844941167664,647.5462799072266,0.1444276254576266,0.4074631879145334,-0.38668903868909354,1834556.0,0.5116562263566771,0.012990988989026286,-0.06907588408360588,-0.03490981638517254,0.5084799104480351,-7.513922843360721e-05,-0.31959500460732826,0.0485851983237644,1.6759338323790205,0
2022-10-14,-0.012493306730622766,-0.012572004235524558,0.03201874267864123,-0.02697568389057754,640.2123291015625,637.969643661208,639.2712890625,639.9612070302519,645.1123107910156,643.9683888772487,654.0800524902344,640.5190164111211,0.9854699847237722,0.9869206469524473,0.9779847998964495,0.9645761734785624,41.64109037752216,44.40904301005913,46.71138603622619,-4.160298103465493,-3.400038882724609,-0.7602592207408843,689.9784249694122,600.246196612619,645.1123107910156,0.13909551384435143,0.34172602339867214,0.4774508822131929,1615455.9,0.8584740691466726,-0.004223552828133692,-0.38668903868909354,0.012990988989026286,-0.06907588408360588,-0.03490981638517254,0.5084799104480351,-0.01245469047175174,-0.5675660207227589,0
2022-10-17,-0.013744542572529439,-0.013839873324084746,0.01939979374960188,-0.0026850069359223776,633.4031494140625,632.7259172259617,639.2515747070313,636.7388901802913,642.4319915771484,641.8988722561269,653.7400854492188,639.8021320167818,0.9823734929816472,0.9733858921515216,0.968567058480221,0.9518132331259699,36.52504316533899,41.552115782603764,44.606662367929914,-5.333824770228489,-3.7867960602253854,-1.5470287100031035,686.020712031274,598.8432711230229,642.4319915771484,0.13569909663781454,0.2683629272516484,0.6451648258939291,1684761.7,1.3542324709779432,-0.012493306730622766,0.4774508822131929,-0.004223552828133692,-0.38668903868909354,0.012990988989026286,-0.06907588408360588,-7.513922843360721e-05,-0.31959500460732826,1
2022-10-18,0.008393335592665085,0.008358307417152116,0.011542953413329511,0.003387999522183012,632.220654296875,630.9709850191307,640.5523193359375,635.0520229848689,640.303500366211,640.5238482893975,653.4237683105468,639.3181707849656,0.9924717206578777,0.9795626394046307,0.979943292901886,0.9602667534237306,41.56926637216436,43.893223938704196,46.141318447656076,-5.775848016037344,-4.184606451387777,-1.5912415646495663,682.4264110319175,598.1805897005045,640.303500366211,0.13157170198699528,0.3475606319959557,-0.20693262808456847,1737105.6,1.0416350048033924,-0.013744542572529439,0.6451648258939291,-0.012493306730622766,0.4774508822131929,-0.004223552828133692,-0.38668903868909354,-0.03490981638517254,0.5084799104480351,0
2022-10-19,-0.017039542434610255,-0.017186385925463007,0.023885623300664807,-0.02195482072812803,627.25419921875,626.2371467510351,638.84755859375,631.7279224812279,637.19453125,638.2615265680115,652.6659887695313,638.4339080175098,0.983284720904276,0.9654407564341246,0.9679453290424702,0.945000169807587,34.93808283177053,40.331689945076256,43.547952086002724,-6.909236082905636,-4.729532377691349,-2.179703705214287,676.5360400315556,597.8530224684444,637.19453125,0.12348351045756281,0.2404133488046086,0.1921748838031867,1814397.1,1.1889111815710023,0.008393335592665085,-0.20693262808456847,-0.013744542572529439,0.6451648258939291,-0.012493306730622766,0.4774508822131929,0.012990988989026286,-0.06907588408360588,1
2022-10-20,0.003994200581465934,0.003986244939573549,0.023870145476181912,0.015842303936146176,623.322412109375,623.9024215644922,634.3097351074218,629.4561131558057,634.4132110595704,636.449283198811,651.902294921875,637.6809301027606,0.9934392846486463,0.9762312272986599,0.9760719991268614,0.949886165480697,37.61333803208017,41.50934678171877,44.30528210300846,-7.521961857018027,-5.288018273556685,-2.2339435834613424,670.4355205664267,598.390901552714,634.4132110595704,0.11356103208094735,0.2892939115234302,0.2455166684668757,1712660.6,1.5687725869328693,-0.017039542434610255,0.1921748838031867,0.008393335592665085,-0.20693262808456847,-0.013744542572529439,0.6451648258939291,-0.004223552828133692,-0.38668903868909354,0
2022-10-21,-0.010105156831399231,-0.010156560516756606,0.02250622984444049,-0.01277573100281899,619.7355102539062,620.2601226771094,629.9739196777343,626.4596425642671,631.5900054931641,634.2136871705761,650.9730493164062,636.7120906831365,0.9890921445685872,0.9730173039796851,0.970527588421407,0.9416296504840499,33.527922917818216,39.38309849558092,42.77480376957195,-8.415466804444122,-5.913507979734172,-2.5019588247099502,664.9407117680188,598.2392992183094,631.5900054931641,0.10560872079922635,0.22092824005866676,-0.05195001442249536,1807200.7,1.4094710122677576,0.003994200581465934,0.2455166684668757,-0.017039542434610255,0.1921748838031867,0.008393335592665085,-0.20693262808456847,-0.012493306730622766,0.4774508822131929,0
2022-10-24,0.0,0.0,0.0,0.0,617.8829223632813,617.8319234188542,625.6430358886719,624.0079848075537,629.2767486572266,632.1910050497921,650.0260681152344,635.7812449662426,0.9920577227767233,0.9797528138895768,0.9740953025999023,0.9430014502028826,33.527922917818216,39.38309849558092,42.77480376957195,-9.019603537562148,-6.534727091299768,-2.48487644626238,661.0139980803851,597.539499234068,629.2767486572266,0.10086897216806648,0.24318467965614154,-1.0,1698213.7,0.0,-0.010105156831399231,-0.05195001442249536,0.003994200581465934,0.2455166684668757,-0.017039542434610255,0.1921748838031867,-0.013744542572529439,0.6451648258939291,1
2022-10-25,0.03584918078687904,0.03522155484868542,0.041514706314181284,0.032281260789567355,619.3807373046875,623.5380140500695,625.8006958007812,625.9974776266349,629.1880554199219,632.4537850748119,649.4496020507812,635.748654783743,1.0251371362880366,1.0146204687420666,1.009158056709663,0.9776743157706216,56.244599545162934,49.84632137489518,49.525485971628086,-7.637177372242604,-6.755217147488335,-0.8819602247542688,660.8513882349409,597.5247226049028,629.1880554199219,0.10064823240767624,0.5909907356600969,-1.0,2012533.6,2.3787160621815207,0.0,-1.0,-0.010105156831399231,-0.05195001442249536,0.003994200581465934,0.2455166684668757,0.008393335592665085,-0.20693262808456847,1
2022-10-27,0.05470630462834647,0.053262343933410644,0.05150088472240419,0.045538423978365425,629.9640380859375,638.9206674070776,628.6091186523438,633.9408406256274,631.2869812011719,635.9997078411245,649.4771923828125,637.0795300518744,1.063054291409786,1.0653456245700244,1.0608265243279036,1.0311154602121422,73.16017284165471,61.236571867828204,57.79003777211178,-3.696101270839449,-6.143393972158559,2.4472927013191095,667.5157341135903,595.0582282887535,631.2869812011719,0.11477744351225065,1.0299519005353284,0.7398218098673015,2692380.8,3.0935278546036282,0.03584918078687904,-1.0,0.0,-1.0,-0.010105156831399231,-0.05195001442249536,-0.017039542434610255,0.1921748838031867,0
2022-10-28,-0.013537201283068456,-0.01362966460362639,0.02237470085582125,-0.009163392544473254,638.24150390625,646.1538783690414,630.7819580078125,638.7916514742349,633.9426696777343,638.3445261698716,649.4092004394531,638.0026975123095,1.0350632107905127,1.0473037345256262,1.0420820870581184,1.0172635371441137,65.45523271419604,57.56225971345321,55.308333212731,-1.2894304281564928,-5.172601263358146,3.8831708352016534,670.593707447741,597.2916319077276,633.9426696777343,0.11562887157805084,0.8639409991968356,-0.6997431250378949,2848597.2,0.8779149259853235,0.05470630462834647,0.7398218098673015,0.03584918078687904,-1.0,0.0,-1.0,0.003994200581465934,0.2455166684668757,1
2022-10-31,0.005295279215248305,0.005281308521711356,0.010980079056351833,0.0029018038795107087,648.4700927734375,652.1420753254547,634.1028015136719,643.3965274313341,636.687045288086,640.799187414482,649.4358068847656,639.0268454231319,1.0241312230729367,1.0473356491296975,1.0430846271385703,1.022608335108509,67.01890966520648,58.59465719791884,56.072630446102195,0.8898884718980753,-3.960103316306902,4.849991788204978,673.7431406988936,599.6309498772783,636.687045288086,0.11640285658408717,0.8701337613432785,-0.4480507640275653,2847947.4,0.48467503297287023,-0.013537201283068456,-0.6997431250378949,0.05470630462834647,0.7398218098673015,0.03584918078687904,-1.0,-0.010105156831399231,-0.05195001442249536,1
2022-11-01,0.018399000745984884,0.018231787060642046,0.026589933196136537,0.024402948635727624,661.1425048828125,660.2072453667095,639.5127136230469,649.3858107073131,639.3821441650391,644.1837967511236,649.6910290527344,640.4900116986647,1.022983064096143,1.05758270483404,1.0577986758332754,1.0410141978339085,72.15525098439974,62.06606973100183,58.66525321721993,3.5619351885181914,-2.4556956153418836,6.017630803860075,679.605425344167,599.1588629859112,639.3821441650391,0.12581921952686037,0.9593787503262672,1.0622424074260555,2904448.8,0.9800733963704232,0.005295279215248305,-0.4480507640275653,-0.013537201283068456,-0.6997431250378949,0.05470630462834647,0.7398218098673015,0.0,-1.0,0
2022-11-02,-0.0031324465092186227,-0.0031373628893348565,0.017027220412468073,-0.0011678653911952755,668.9962646484375,664.877828291348,644.1885009765625,653.9009349679153,642.37041015625,647.0442917405999,650.0782971191406,641.812716892467,1.0078068141306171,1.0466175554492785,1.0495797805764873,1.0371350606972503,69.95161038892078,61.109426235352664,58.04160421628815,5.445822794432502,-0.8753919333870066,6.321214727819508,683.6090924305873,601.1317278819128,642.37041015625,0.1283953358446458,0.8861493896980582,-0.32799615537700944,2914796.6,0.6562749524272122,0.018399000745984884,1.0622424074260555,0.005295279215248305,-0.4480507640275653,-0.013537201283068456,-0.6997431250378949,0.03584918078687904,-1.0,0
2022-11-03,-0.00584633696178416,-0.005863493691749577,0.014775047945617903,0.002210107518817092,669.1145263671875,666.6776464325133,649.5392822265625,656.8784527400841,644.1934204101562,649.2569575476707,650.8124291992187,642.9289743756975,1.0017377538550376,1.0319272460584574,1.0404907307002298,1.0299085460607678,65.60271401859555,59.278726714270356,56.86074328849801,6.5453039355344345,0.6087472403972816,5.936556695137153,686.9539425999371,601.4328982203754,644.1934204101562,0.13275678029296037,0.8049993424883987,-0.1431689344181738,2862984.8,0.5724930848392908,-0.0031324465092186227,-0.32799615537700944,0.018399000745984884,1.0622424074260555,0.005295279215248305,-0.4480507640275653,0.05470630462834647,0.7398218098673015,1
2022-11-04,0.03168180729192227,0.031190293249537576,0.030780244561586987,0.027151620991698003,675.2930419921875,674.9560570943318,656.7672729492188,663.175621045154,645.5385040283203,653.2813309638896,651.776162109375,644.8342255146101,1.0240189597954852,1.0529039842572006,1.0712186401008723,1.060966814404491,75.26723646434857,65.30844396265621,61.31312064923781,9.026138060173707,2.2922254043525667,6.733912655821141,692.2896995776189,598.7873084790217,645.5385040283203,0.14484401862184684,0.9916919647666446,1.211594110939398,2956796.2,1.2259515890882164,-0.00584633696178416,-0.1431689344181738,-0.0031324465092186227,-0.32799615537700944,0.018399000745984884,1.0622424074260555,-0.013537201283068456,-0.6997431250378949,1
2022-11-07,0.011756396678584302,0.01168782714434765,0.02176058057328352,0.0066638484168113025,682.3978637695312,683.1848974378879,665.4339782714844,669.8059768778533,647.7039489746094,657.6966878363762,652.9290954589844,646.983572675802,1.025270762514129,1.0514079547641602,1.0801888412639995,1.071544495399118,78.02491495464002,67.30443758538667,62.85421150713759,11.515472601005627,4.136874843683179,7.3785977573224475,699.9443613332886,595.4635366159301,647.7039489746094,0.16130953791892694,0.9971115923988445,-0.13879128436760413,3014255.1,1.0356741206144098,0.03168180729192227,1.211594110939398,-0.00584633696178416,-0.1431689344181738,-0.0031324465092186227,-0.32799615537700944,0.005295279215248305,-0.4480507640275653,0
2022-11-09,-0.004859222901202331,-0.004871067310130516,0.01861159810523644,-0.013198341071272742,686.3789184570312,687.5375512541649,673.7607116699219,674.612682697647,649.7018737792969,661.3677517459327,654.0692163085937,648.9153093899556,1.0143709839630004,1.033368148108658,1.0716343710642149,1.0644788678729489,73.99946084273907,65.60454099448529,61.77370828625719,13.063372799446938,5.922174434835931,7.141198364611007,706.0008464531959,593.4029011053979,649.7018737792969,0.17330709651923745,0.913337783062238,-0.47695742116852335,3177537.8,0.5138654841493939,0.011756396678584302,-0.13879128436760413,0.03168180729192227,1.211594110939398,-0.00584633696178416,-0.1431689344181738,0.018399000745984884,1.0622424074260555,0
2022-11-10,-0.007784264786855122,-0.007814720328276107,0.012124670348771474,0.0017862246667683605,689.6997436523437,688.6327408751724,679.3480041503906,677.5600349557452,652.574349975586,664.1730249241474,654.7402819824218,650.5587529478863,1.001628790608062,1.0168913662757395,1.0586121261784691,1.0551101545570316,67.52058219416264,62.87808739448076,60.04588418437688,13.694900941403262,7.476719736149397,6.218181205253865,711.0674153459554,594.0812846052165,652.574349975586,0.17926866225299162,0.8269513223440761,-0.4286681932623603,2792101.8,0.33411604118445826,-0.004859222901202331,-0.47695742116852335,0.011756396678584302,-0.13879128436760413,0.03168180729192227,1.211594110939398,-0.0031324465092186227,-0.32799615537700944,1
2022-11-11,0.025604398342316648,0.02528209573037366,0.023365768835839767,0.018413597733710967,697.346533203125,695.2589040730317,683.2305297851562,683.1875250490187,655.91982421875,668.3957111664905,656.1080346679687,652.831399125175,1.0160102570731113,1.0370017140357346,1.0801796260886616,1.079869766916207,75.64103148467711,67.60929855035877,63.540496397053715,15.444638049996229,9.070303398918764,6.374334651077465,718.9942026564668,592.8454457810333,655.91982421875,0.19232343987420442,0.91689991683336,1.7954755457794414,2219992.3,1.1747157861763755,-0.007784264786855122,-0.4286681932623603,-0.004859222901202331,-0.47695742116852335,0.011756396678584302,-0.13879128436760413,-0.00584633696178416,-0.1431689344181738,1
2022-11-14,0.0005564147147787413,0.0005562599735088824,0.02050319641289081,-0.004428385386091623,700.825048828125,699.807754896344,688.0590454101563,687.8635125933733,659.4205017089844,672.2537821547265,657.1427172851562,655.0303817690102,1.0115298500365466,1.0302974160021192,1.0750430942103513,1.0787694025913566,75.79836715210857,67.70808205207464,63.6149718899583,16.670955664643543,10.59043385206372,6.080521812579823,726.0002561059248,592.840747312044,659.4205017089844,0.2019341352729837,0.8716216384560469,-0.19862262544768505,2178897.7,0.959145534918872,0.025604398342316648,1.7954755457794414,-0.007784264786855122,-0.4286681932623603,-0.004859222901202331,-0.47695742116852335,0.03168180729192227,1.211594110939398,1
2022-11-15,0.004100576966771463,0.004092192513955385,0.01668164767804458,0.0027067616682286614,703.2590087890625,703.8092959074586,692.8284362792969,692.2178517454304,663.4656188964843,676.0212674666276,658.3399926757812,657.2571267164877,1.0121624736174415,1.0274006386809702,1.0728700292166102,1.0812230547267396,77.07234718383066,68.47163325021575,64.18145609172772,17.673654582585186,12.007077998168015,5.666576584417172,732.4136006679021,594.5176371250666,663.4656188964843,0.2078419131532276,0.8506031488600093,-0.49034681417114856,2147376.2,0.4960071737779342,0.0005564147147787413,-0.19862262544768505,0.025604398342316648,1.7954755457794414,-0.007784264786855122,-0.4286681932623603,0.011756396678584302,-0.13879128436760413,0
2022-11-16,-0.01951959187586294,-0.019712615060782725,0.025344175371734896,-0.01700208188757811,703.5940551757812,701.84556087841,694.9864868164062,693.2542588499543,667.2496002197265,678.1066792145975,659.2633227539062,658.8516743284025,0.9919328989298372,1.00421821727403,1.045962546235302,1.0586332755551087,59.582486583956864,61.042101172731904,59.52995702929455,17.1494595542124,13.035554309376893,4.113905244835506,735.0287197312388,599.4704807082143,667.2496002197265,0.20315971561224602,0.7262384848137261,0.3097593309260793,2002223.2,0.6967469960392029,0.004100576966771463,-0.49034681417114856,0.0005564147147787413,-0.19862262544768505,0.025604398342316648,1.7954755457794414,-0.004859222901202331,-0.47695742116852335,1
2022-11-17,0.0004941979187891299,0.0004940758432156691,0.02173302984004241,0.005106348348847583,705.08203125,700.6513740817004,697.3908874511719,694.1649391478319,670.7896942138672,680.0263288597102,659.7885473632813,660.3972165307507,0.9903287412535111,1.0012505368980325,1.0409566612477723,1.058313308527036,59.846379879966015,61.154779954623024,59.60626252339264,16.570844168696112,13.742612281240737,2.8282318874553756,737.2699285474429,604.3094598802915,670.7896942138672,0.19821483516227037,0.7066276281199775,-0.0025762646742788498,1950077.3,0.7135353044722894,-0.01951959187586294,0.3097593309260793,0.004100576966771463,-0.49034681417114856,0.0005564147147787413,-0.19862262544768505,-0.007784264786855122,-0.4286681932623603,0
2022-11-18,-0.0005644936632570596,-0.0005646530497896025,0.014685065235308218,-0.0025351940746038905,702.9535522460938,699.7238612042065,700.1500427246094,694.8383748389931,674.8446624755859,681.7256152015683,660.2546484375,661.8666917824553,0.9927666390181425,0.9967418308416959,1.034117737390367,1.056969211955922,59.3299017709335,60.93786411669485,59.471709148404194,15.89722813227013,14.173535451446616,1.723692680823513,737.4295611689677,612.2597637822041,674.8446624755859,0.18547942118648952,0.6839435187586843,-0.3576365357264262,1875555.0,0.47656080466848477,0.0004941979187891299,-0.0025762646742788498,-0.01951959187586294,0.3097593309260793,0.004100576966771463,-0.49034681417114856,0.025604398342316648,1.7954755457794414,0
2022-11-21,-0.01645022955018871,-0.016587036993871256,0.04335647362160483,-0.03256946139865445,698.4502075195312,695.2788184395231,699.6376281738281,693.3020763064773,678.2024505615234,682.1697216500053,660.4901623535156,662.82834045413,0.9827310888027223,0.981063203678376,1.0120705584915757,1.0392111374745636,45.876819669174594,54.83705638615011,55.63128856538976,14.272509631871344,14.193330287531563,0.07917934433978147,735.4727888884697,620.9321122345771,678.2024505615234,0.1688886210291009,0.5714705254742761,2.759516500040277,1849097.7,1.8172733652743174,-0.0005644936632570596,-0.3576365357264262,0.0004941979187891299,-0.0025762646742788498,-0.01951959187586294,0.3097593309260793,0.0005564147147787413,-0.19862262544768505,1
2022-11-22,0.016797125822963332,0.01665761420044509,0.026685526881838992,0.01687006460875815,695.6713500976563,696.1585758997862,699.4651794433594,694.1413516726291,682.4495788574219,683.6695663328917,660.9414819335938,664.2044090959411,1.0032296007624015,0.9977881835028899,1.0226661609034744,1.0559453596081503,57.237769815849404,59.24948094055954,58.4599687066271,13.756653208359126,14.105994871697074,-0.3493416633379489,731.7909426915194,633.1082150233244,682.4495788574219,0.1446007598589373,0.6567499432616113,-0.2793618219238905,1779076.3,1.36114004778772,-0.01645022955018871,2.759516500040277,-0.0005644936632570596,-0.3576365357264262,0.0004941979187891299,-0.0025762646742788498,0.004100576966771463,-0.49034681417114856,1
2022-11-23,0.017366714795066684,0.017217636923901585,0.019429602716227665,0.014716254846239682,698.095458984375,700.7852623511596,700.8447570800781,697.0317668692248,687.302734375,686.1809062301311,661.6036779785156,666.0018297295868,1.0171082279877695,1.0131182805906012,1.0330798929522391,1.0732084159861086,65.99293418719569,63.308004520851426,61.191112255882736,14.162602253491173,14.117316348055896,0.045285905435276774,726.38290943956,648.22255931044,687.302734375,0.11372041201057521,0.7908879098078095,-0.28336262560022996,1789332.5,0.9698527244098009,0.016797125822963332,-0.2793618219238905,-0.01645022955018871,2.759516500040277,-0.0005644936632570596,-0.3576365357264262,-0.01951959187586294,0.3097593309260793,1
2022-11-24,0.007494193594528298,0.00746625164048417,0.01563473576725679,0.005470931034669267,701.5148193359375,705.6434423161377,703.2984252929688,700.3641369377465,691.3232147216797,688.9598487078418,662.3722973632813,667.93743649494,1.019735838115668,1.0171497283647417,1.0347689575766539,1.079996559478319,69.22064772238198,64.95803811122661,62.33271775913381,14.743736880780489,14.242600454600815,0.5011364261796736,724.0628722710651,658.5835571722944,691.3232147216797,0.09471592115582589,0.8670867278950093,-0.046461629064146415,1861519.9,0.8889295247394348,0.017366714795066684,-0.28336262560022996,0.016797125822963332,-0.2793618219238905,-0.01645022955018871,2.759516500040277,0.0004941979187891299,-0.0025762646742788498,1
2022-11-25,0.00034444055286253494,0.0003443812468331837,0.01170476433092765,0.005817191422481035,705.0622924804687,708.9643619347169,704.0079223632813,703.1354213439516,693.6192260742188,691.4975965615592,663.0650427246094,669.8067998156041,1.0149545774945812,1.0164746424580842,1.0316989124163978,1.0792398257512839,69.37766334280722,65.03644489589331,62.386513719759094,15.050677749450983,14.40421591357085,0.6464618358801335,726.4079002461584,660.8305519022791,693.6192260742188,0.09454372929515996,0.8352830764421781,-0.11365515240880852,1747402.7,0.8393531725686357,0.007494193594528298,-0.046461629064146415,0.017366714795066684,-0.28336262560022996,0.016797125822963332,-0.2793618219238905,-0.0005644936632570596,-0.3576365357264262,0
2022-11-28,-0.014527623030490378,-0.0146341822398207,0.02061063298653069,-0.00396656309803404,708.8265747070312,707.7129559708009,703.6383911132813,703.5126436528637,695.8487182617188,692.8035534645506,663.5143908691406,671.195166255893,0.9948980035553023,1.0022337509572221,1.0134532485805758,1.0628407669036548,55.452990707494315,59.03457968704853,58.67414345441364,14.29032569326057,14.381437869508794,-0.09111217624822388,725.2476751756213,666.4497613478162,695.8487182617188,0.0844981276601136,0.659213570207027,0.6489594242265566,1780265.6,1.3585102133074973,0.00034444055286253494,-0.11365515240880852,0.007494193594528298,-0.046461629064146415,0.017366714795066684,-0.28336262560022996,-0.01645022955018871,2.759516500040277,1
2022-11-29,0.02361486504907373,0.023340347520316992,0.030100401604752552,0.025262404188899624,713.615673828125,712.4298327891277,704.6435119628907,706.8491787024851,698.7359741210937,695.5711756513346,664.3598742675781,673.1821631253005,1.0115579196199702,1.024437994774012,1.033099215098777,1.0865550650866715,67.60453948027595,64.66068230719443,62.43407010413616,14.860235290107767,14.47719735362859,0.3830379364791767,726.3936423983791,671.0783058438083,698.7359741210937,0.07916486141156447,0.9181048827547347,0.3672957181470071,2004435.9,1.64974943823347,-0.014527623030490378,0.6489594242265566,0.00034444055286253494,-0.11365515240880852,0.007494193594528298,-0.046461629064146415,0.016797125822963332,-0.2793618219238905,1
2022-11-30,0.014811347548193243,0.014702730734268107,0.019572300713324695,0.012668640699384332,718.1190185546875,719.1383414883247,708.1072387695312,711.523029645073,701.5468627929688,699.0934788166093,665.4940844726563,675.5105237433953,1.0201029912299027,1.0345260135451668,1.0442001778331675,1.1007691517907368,73.10056476626816,67.72534199352047,64.6049463741413,15.990303172953418,14.779818517493556,1.2104846554598616,730.9025237155143,672.1912018704232,701.5468627929688,0.08368838200109978,1.0281518984628788,0.19830398839730168,2261188.8,1.7524286339999562,0.02361486504907373,0.3672957181470071,-0.014527623030490378,0.6489594242265566,0.00034444055286253494,-0.11365515240880852,0.017366714795066684,-0.28336262560022996,1
2022-12-01,0.0039009557174871645,0.0038933667195596385,0.013198494951370937,-0.0011377054049624897,722.1296630859375,724.5632359596644,711.8222412109375,715.8666651463949,704.6065643310546,702.5524832057268,666.8017260742188,677.8596414359031,1.0183947045737483,1.0331413972837855,1.0437215066262353,1.1028961026122002,74.45210281291031,68.51134578493443,65.16981540532737,16.92142027702232,15.20813886939931,1.7132814076230112,734.6786217993848,674.5345068627245,704.6065643310546,0.08535843686577128,1.01221072259077,-0.5098367928708929,2316274.6,0.838547812940659,0.014811347548193243,0.19830398839730168,0.02361486504907373,0.3672957181470071,-0.014527623030490378,0.6489594242265566,0.007494193594528298,-0.046461629064146415,0
2022-12-02,-0.004354881692740342,-0.00436439181035392,0.014467398124761319,-0.004821585084550016,725.4505004882812,727.1122867009742,715.256396484375,718.8382511531582,707.7032196044922,705.3770455845713,667.8669567871094,679.9910432691458,1.0093181928894701,1.0237033765549681,1.0346291607840892,1.0963416901264582,69.86252844312047,66.55509210171402,63.96850049166696,17.202610289517793,15.607033153423007,1.5955771360947857,735.6793853147517,679.7270538942328,707.7032196044922,0.07906185795196538,0.9380008474519832,-0.2832240217432157,2366112.9,0.5883907737454117,0.0039009557174871645,-0.5098367928708929,0.014811347548193243,0.19830398839730168,0.02361486504907373,0.3672957181470071,0.00034444055286253494,-0.11365515240880852,1
2022-12-05,0.01823568221990768,0.018071406283673794,0.01718213113862764,0.01359764647721808,733.5210205078125,733.2624391808579,721.1737976074219,723.6972498781522,710.405712890625,709.2042549708622,669.2810241699219,682.5624825190079,1.0164163306792164,1.0338184035722267,1.049488666281901,1.113975620428372,76.81451151680949,70.35558918445686,66.658974801895,18.29201991651223,16.144030506040853,2.1479894104713786,741.8333322416788,678.9780935395711,710.405712890625,0.08847794656148128,1.0593333503452453,0.52947962180694,2243015.3,0.9493203189474455,-0.004354881692740342,-0.2832240217432157,0.0039009557174871645,-0.5098367928708929,0.014811347548193243,0.19830398839730168,-0.014527623030490378,0.6489594242265566,0
2022-12-06,-0.01301875516769957,-0.013104241925450318,0.02082355245124711,-0.010861662460351822,736.3195922851562,734.1271078914053,724.9676330566406,725.9080126843972,712.21640625,711.7425588129229,670.6093603515625,684.6524418442428,0.9993709973529037,1.0150197219287564,1.0331922135674616,1.0972952195697538,64.24583820517151,64.60810430722739,63.064648131080524,18.1627982657144,16.547784057975562,1.615014207738838,745.0943587177765,679.3384537822235,712.21640625,0.09232573745636453,0.8595120329599222,-0.31047272863892095,2147681.9,0.6836384848240329,0.01823568221990768,0.52947962180694,-0.004354881692740342,-0.2832240217432157,0.0039009557174871645,-0.5098367928708929,0.02361486504907373,0.3672957181470071,0
2022-12-07,-0.011516578259017418,-0.011583407639080034,0.01998238774253034,-0.011913477711444275,735.2848999023438,731.8787042518223,726.7019592285156,726.1759916458988,713.7733581542968,713.2320195900403,671.9721850585937,686.3281067512395,0.9892517812745275,1.0009356487009646,1.0190656300951733,1.0824583414999998,55.06773255480679,59.999450434293536,60.094058548171375,17.178540429395525,16.673935332259557,0.5046050971359684,746.4265500387451,681.1201662698486,713.7733581542968,0.09149456619923203,0.7083799168319709,-0.208383109550359,2090371.2,0.5560170365913958,-0.01301875516769957,-0.31047272863892095,0.01823568221990768,0.52947962180694,-0.004354881692740342,-0.2832240217432157,0.014811347548193243,0.19830398839730168,1
2022-12-08,0.008873477282214992,0.008834339338712922,0.014301093379197822,0.00887351835850445,734.9695556640625,732.5312374048608,728.549609375,727.568775657724,715.9240173339844,715.1943323634591,673.9144299316406,688.1911732986787,0.9984580967410261,1.0072564644437498,1.025019814873171,1.0889161459050152,60.12892195279045,62.21042407090916,61.54271165787163,16.726512856650743,16.684450837137796,0.0420620195129473,747.9066887718686,683.9413458961001,715.9240173339844,0.08934655260479717,0.7800311164084873,-0.09368208403812495,2030234.9,0.5188547394195617,-0.011516578259017418,-0.208383109550359,-0.01301875516769957,-0.31047272863892095,0.01823568221990768,0.52947962180694,0.0039009557174871645,-0.5098367928708929,0
2022-12-09,-0.005774016079281519,-0.005790750156434135,0.017017794665672596,-0.010755545008585034,734.4473022460937,731.5538653011572,729.9489013671875,727.9379293733651,716.9784118652344,716.5662170044392,675.9522631835938,689.8150143886816,0.9933988713179054,0.9995208153984718,1.0176026349185083,1.0793648617396305,55.353548274129594,59.870840844928004,60.04033070579461,15.843735799064916,16.51630782952322,-0.6725720304583049,749.3026456804346,684.6541780500343,716.9784118652344,0.09016794168490509,0.6952205472319782,0.2704336541683714,2017393.2,0.6633664671815093,0.008873477282214992,-0.09368208403812495,-0.011516578259017418,-0.208383109550359,-0.01301875516769957,-0.31047272863892095,-0.004354881692740342,-0.2832240217432157,1
2022-12-12,0.0006076753139934166,0.0006074907541143347,0.01957211375829767,0.0038617555365006197,731.3432495117188,731.0500703570215,732.4321350097656,728.3205750270714,718.0352630615234,717.8496706677068,678.4029821777344,691.392562078096,0.9982213973481846,0.9967373707039987,1.0167223227394582,1.0761192088590887,55.78224106028378,60.04018189072332,60.14721898537892,15.006913657947052,16.21442899520799,-1.2075153372609364,750.6157451037486,685.4547810192983,718.0352630615234,0.09074897492724836,0.6842701006029451,-0.08532651458486362,1897950.4,0.6449488880215205,-0.005774016079281519,0.2704336541683714,0.008873477282214992,-0.09368208403812495,-0.011516578259017418,-0.208383109550359,0.01823568221990768,0.52947962180694,1
2022-12-13,0.0045893258565994355,0.00457882701018716,0.013906584596489673,-0.0003357958361316183,730.850537109375,731.8310080049414,733.5850646972656,729.2428128950187,719.1142883300781,719.3299766327615,680.886220703125,693.0396334985935,1.0034786130163653,0.9997380243877189,1.0198558076267137,1.0771151787202193,59.23330240134826,61.36692626526166,60.97549677310622,14.447533418225248,15.861049879811443,-1.4135164615861946,752.2240613282864,686.0045153318698,719.1142883300781,0.09208487033429856,0.7156250810217846,-0.018555961574438284,1687405.4,0.7119610971969155,0.0006076753139934166,-0.08532651458486362,-0.005774016079281519,0.2704336541683714,0.008873477282214992,-0.09368208403812495,-0.01301875516769957,-0.31047272863892095,1
2022-12-14,0.018407762575432196,0.018240390556668422,0.01820706986723501,0.013369877447414198,734.7527587890625,736.8516737936588,735.0188293457031,732.4519387997595,721.5630340576172,721.9550269887932,683.3753686523437,695.1515304347699,1.0165229003046405,1.0161549276716635,1.035104308449723,1.0929469214613494,70.1757216985752,66.23204911710248,64.12965117813629,14.921561105895762,15.673152125028308,-0.7515910191325457,755.2787175262151,687.8473505890192,721.5630340576172,0.09345180359088553,0.8756407806039043,0.22450758177975594,1438256.5,1.0228238148063298,0.0045893258565994355,-0.018555961574438284,0.0006076753139934166,-0.08532651458486362,-0.005774016079281519,0.2704336541683714,-0.011516578259017418,-0.208383109550359,0
2022-12-15,-0.019262414813319695,-0.019450352461831976,0.02946125665343581,-0.0167328365265377,734.4867065429687,735.4031300225955,734.7281311035156,732.4617758326158,723.2751861572266,722.959885607048,685.736416015625,696.6164132600915,0.997303335724315,0.9969756314901005,1.0127625784762309,1.068203504105254,52.61641718943356,57.86846175198405,58.81073776215112,13.975226088084696,15.333566917639587,-1.3583408295548907,755.530310189045,691.0200621254081,723.2751861572266,0.08919184467862223,0.6430913165011591,0.1490412165730961,1413059.3,1.1962236828985167,0.018407762575432196,0.22450758177975594,0.0045893258565994355,-0.018555961574438284,0.0006076753139934166,-0.08532651458486362,0.008873477282214992,-0.09368208403812495,1
2022-12-16,0.00013448454548425914,0.000134475503248457,0.016880741928717382,0.0049337989649764205,735.08779296875,734.4702710892825,734.7675476074219,732.4877353580777,725.0119720458985,723.8784253799631,687.7121655273437,698.0277128664666,0.9966218460300301,0.997056219491717,1.0104723528293367,1.0652778734267245,52.710941245655505,57.90765639057764,58.8352844516211,13.082392089597079,14.883331952031085,-1.8009398624340065,755.2880056719249,694.735938419872,725.0119720458985,0.08351871360300725,0.6253892975305543,-0.11339586531663837,1423705.2,1.05264629222398,-0.019262414813319695,0.1490412165730961,0.018407762575432196,0.22450758177975594,0.0045893258565994355,-0.018555961574438284,-0.005774016079281519,0.2704336541683714,1
2022-12-19,0.008070487086012657,0.008038094869046797,0.014744129178713329,0.010040447718371008,736.7827026367188,735.819190329053,734.0629760742188,733.5839705308988,727.6183868408203,725.2725780874517,689.1902819824219,699.6155291779226,1.0023539181439363,1.0060676711393284,1.0149785136891514,1.0715720289675095,58.506872005887686,60.29510407197706,60.32532260158853,12.705441657869983,14.447753893198866,-1.7423122353288836,752.6701534682843,702.5666202133564,727.6183868408203,0.06885963048909177,0.7175224232654587,-0.3696033384534697,1305246.1,0.7238090962309712,0.00013448454548425914,-0.11339586531663837,-0.019262414813319695,0.1490412165730961,0.018407762575432196,0.22450758177975594,0.0006076753139934166,-0.08532651458486362,0
2022-12-20,-0.004870220431421379,-0.004882118601807739,0.018838896564886104,0.0072253028533163285,737.08818359375,735.5195562480145,733.9693603515625,733.8269373590877,729.4684967041015,726.191407611117,690.7620141601562,701.0000295272565,0.9970588383370321,1.001295595955013,1.0074736488367466,1.0639268995986553,53.82486529716884,58.13491265811249,58.96207697438307,11.978399277269318,13.953882970012957,-1.975483692743639,750.6378476802087,708.2991457279944,729.4684967041015,0.05804048035454551,0.6287661437516234,0.6005341101181372,1309632.6,1.1546009163180573,0.008070487086012657,-0.3696033384534697,0.00013448454548425914,-0.11339586531663837,-0.019262414813319695,0.1490412165730961,0.0045893258565994355,-0.018555961574438284,0
2022-12-21,-0.003620317161442843,-0.003626886369487935,0.01789797904714193,-0.009200032552083378,734.1615112304687,734.4329186835722,734.4571350097656,733.5419748491968,730.5795471191407,726.769334843838,692.2815197753906,702.2258967440185,0.9974094696511757,0.9970080058449581,1.0022996762531498,1.0577483619557946,50.34767031098998,56.521713767214976,57.944991650976704,11.060028056046463,13.37511198721966,-2.3150839311731968,749.7956311532024,711.3634630850789,730.5795471191407,0.052605042421008365,0.5437158900993759,0.061933611665342836,1353979.7,1.1859505722279293,-0.004870220431421379,0.6005341101181372,0.008070487086012657,-0.3696033384534697,0.00013448454548425914,-0.11339586531663837,0.018407762575432196,0.22450758177975594,0
2022-12-22,-0.007468737658724689,-0.007496768336231412,0.019727459879035375,-0.007468695970004009,733.0184204101563,731.8854752486836,733.7525634765625,732.3144500364167,731.1510864257813,726.771358990035,694.1498596191407,703.1892179846025,0.9915038533032153,0.990511821771811,0.9940361190349983,1.047022596500523,43.59393004019583,53.25067181369027,55.86510354919482,9.778188332449872,12.655727256265703,-2.8775389238158304,749.1648137401073,713.1373591114552,731.1510864257813,0.04927497927243964,0.37896735720521363,-0.12586680516866544,1389004.2,1.0105383410647715,-0.003620317161442843,0.061933611665342836,-0.004870220431421379,0.6005341101181372,0.008070487086012657,-0.3696033384534697,-0.019262414813319695,0.1490412165730961,0
2022-12-23,-0.01315161730562242,-0.013238865639949929,0.019440769188066843,-0.002876959498560985,729.9439331054688,727.001022398862,732.5158630371094,729.5722076114716,731.2323822021484,725.862859724243,695.6624670410156,703.7399198949796,0.9825852153436375,0.9791352691332551,0.9808538764916741,1.0310059126086666,34.23107235441469,48.02004004684619,52.41266646762433,7.899966439714603,11.704575092955483,-3.80460865324088,748.9774318746696,713.4873325296272,731.2323822021484,0.04853463852101558,0.10551630563735336,0.20206576890688654,1423904.1,1.1849604197361325,-0.007468737658724689,-0.12586680516866544,-0.003620317161442843,0.061933611665342836,-0.004870220431421379,0.6005341101181372,0.00013448454548425914,-0.11339586531663837,1
2022-12-26,0.005976531110069239,0.0059587424889918925,0.01925699993289634,0.006391346975578187,726.5442626953125,725.1735738518455,731.6634826660156,728.1079292744427,732.0478088378907,725.4491280131543,697.3150024414062,704.4371260464633,0.9930828908911121,0.9861346012906947,0.9856168791806195,1.0347098144047748,40.874943664735,50.374229745630025,53.758305749684155,6.680344774129367,10.699729029190262,-4.019384255060896,746.0359089382041,718.0597087375772,732.0478088378907,0.038216356722709746,0.12363966498058432,-0.3074872427056725,1418341.6,0.8238184651708728,-0.01315161730562242,0.20206576890688654,-0.007468737658724689,-0.12586680516866544,-0.003620317161442843,0.061933611665342836,0.008070487086012657,-0.3696033384534697,1
2022-12-27,0.04472826396822982,0.0437568171217839,0.04555850059455317,0.03947545431337478,730.3183959960937,734.7127007645116,733.7032897949218,732.7775702408792,733.6441772460937,728.1483495918867,699.7726208496093,706.3725703030664,1.0321401716325869,1.027378458123769,1.0274612379796644,1.077194122963327,68.6720613900893,63.70281040577664,62.20650817047584,8.223098170609205,10.204402857474053,-1.9813046868648474,749.7464310090869,717.5419234831005,733.6441772460937,0.04389663071664197,1.1255887418086814,3.272902873535674,1797474.8,2.77761835659671,0.005976531110069239,-0.3074872427056725,-0.01315161730562242,0.20206576890688654,-0.007468737658724689,-0.12586680516866544,-0.004870220431421379,0.6005341101181372,0
2022-12-28,-0.004248706752514209,-0.0042577581539802525,0.013062821337031192,0.0009198583535233066,733.984130859375,740.0045731333723,734.0728210449219,736.0158879918272,734.5458251953125,730.2854894280017,702.3396179199219,708.1065211880871,1.022621997279802,1.0224984447764498,1.0218400161372037,1.0686971070976563,65.12707462332,61.925318486565416,61.04440733647624,9.082616584354241,9.98004560285009,-0.8974290184958491,752.2436887774097,716.8479616132154,734.5458251953125,0.0481872280123337,0.9532324650758833,-0.6158923259743878,1842139.9,1.041036025548331,0.04472826396822982,3.272902873535674,0.005976531110069239,-0.3074872427056725,-0.01315161730562242,0.20206576890688654,-0.003620317161442843,0.061933611665342836,1
2022-12-29,0.010109094924643625,0.010058339796866989,0.024629596576192687,0.017724900018601174,740.26123046875,746.061744230842,736.6398254394531,740.0450149798188,735.6839782714844,732.9417367611236,704.9539172363282,710.0700335503495,1.0242007216097042,1.0292358086578883,1.030573056935592,1.0754973734993956,69.48167595125267,64.45583099114296,62.774404301050964,10.257814923310775,10.035599466942227,0.22221545636854856,756.1671481377182,715.2008084052507,735.6839782714844,0.05568469742771808,1.0490387547723943,0.09707967841212595,1883497.1,1.117021629605907,-0.004248706752514209,-0.6158923259743878,0.04472826396822982,3.272902873535674,0.005976531110069239,-0.3074872427056725,-0.007468737658724689,-0.12586680516866544,0
2022-12-30,-0.0017547154606959436,-0.001756256777181758,0.015949482709062966,-0.006403638042731211,748.1839477539063,749.6563971955613,739.0639404296875,743.0996855516698,736.9157440185547,735.2183049862547,707.7554418945313,711.9043735336692,1.0115770398403987,1.0240598434351624,1.0270450988029691,1.0693604857336922,67.75111862790031,63.65698026508456,62.265338540756694,10.955528744102594,10.2195853223743,0.7359434217282939,759.290770599138,714.5407174379715,736.9157440185547,0.06072614613596826,0.9453616855977326,0.04135496483447221,1952722.7,1.1219790705562034,0.010109094924643625,0.09707967841212595,-0.004248706752514209,-0.6158923259743878,0.04472826396822982,3.272902873535674,-0.01315161730562242,0.20206576890688654,1
2023-01-02,0.00943947497451636,0.009395201524634583,0.022378403017040336,0.004404668054631933,756.6781982421875,754.4342411967805,741.61123046875,746.897911669406,737.8371032714844,737.9584596732037,710.6505810546874,713.9469443440829,1.0096629332971623,1.030175781880115,1.035445257241437,1.0750570668152688,72.10405202605752,66.08764186459351,63.915330117136016,11.947231068374549,10.56511447157435,1.3821165968001985,762.9148699465121,712.7593365964566,737.8371032714844,0.06797643155605985,1.0214345094329547,0.5336261487214924,2194252.1,1.5312930542484156,-0.0017547154606959436,0.04135496483447221,0.010109094924643625,0.09707967841212595,-0.004248706752514209,-0.6158923259743878,0.005976531110069239,-0.3074872427056725,0
2023-01-03,-0.009544618206084432,-0.009590460002596238,0.01679909363709913,-0.010629388314750373,757.2595947265625,755.1888064684266,743.7889953613281,748.6797344589173,738.8791778564453,739.7431718006812,713.525029296875,715.6234538604608,0.9992583022800173,1.017355650232657,1.0241159308440215,1.0605065077498226,62.11941027500309,61.561886267301155,61.054203084686044,12.00635765997356,10.853363109254193,1.1529945507193666,765.2403673654546,712.5179883474359,738.8791778564453,0.0713545334583268,0.8379733518698698,-0.5131964084983436,2206609.9,0.7412642352415804,0.00943947497451636,0.5336261487214924,-0.0017547154606959436,0.04135496483447221,0.010109094924643625,0.09707967841212595,0.04472826396822982,3.272902873535674,0
2023-01-04,-0.04115129379639304,-0.042021978584472916,0.044954552722878474,-0.03927457680355133,752.2536987304687,745.3121502758261,743.1189147949219,744.4759350828641,738.7880249023438,738.3922828568664,715.7766955566407,716.0130767636045,0.964513486759992,0.9763697618850908,0.9820933927381031,1.0136664722317859,36.75945378966491,46.817580207039086,50.84817766667488,9.43182662481479,10.569055812366312,-1.1372291875515224,765.319664028161,712.2563857765265,738.7880249023438,0.0718247676776416,0.25069035597492045,0.7238501883924799,2328001.5,1.2111972436443876,-0.009544618206084432,-0.5131964084983436,0.00943947497451636,0.5336261487214924,-0.0017547154606959436,0.04135496483447221,-0.004248706752514209,-0.6158923259743878,1
2023-01-05,0.019557258026797086,0.019368472306497648,0.021713051189445613,0.011929685128187408,748.5682373046875,743.4576932828425,744.4147338867188,743.6164522126842,739.0836486816406,738.5214729940101,717.8726672363281,716.9438886276544,0.9882182310599124,0.993732049652642,1.0008999395622145,1.0304735269344711,48.037472165637794,52.411009505289314,54.48839324722904,8.439219839079897,10.14308861770903,-1.7038687786291327,765.5195901681262,712.647707195155,739.0836486816406,0.07153707576575775,0.5125800440202668,-0.13025997023054836,2432875.2,1.0080167696230369,-0.04115129379639304,0.7238501883924799,-0.009544618206084432,-0.5131964084983436,0.00943947497451636,0.5336261487214924,0.010109094924643625,0.09707967841212595,0
2023-01-06,-0.02977216914394043,-0.03022435789283747,0.03906090912427634,-0.02886669921875004,740.7440673828125,734.8800800271033,744.4640075683594,738.9088888132189,738.4899353027344,736.5408425674972,718.8334448242188,716.9745147016924,0.968924200839679,0.9640826772269724,0.9718816996759787,0.9984577911384398,36.311633912811196,44.57491908457029,48.62016087021789,5.808468650167015,9.276164624200627,-3.467695974033612,766.2513724673948,710.7284981380739,738.4899353027344,0.07518433451169527,0.12600852283067857,0.44190437122483917,2617757.8,1.3508109879378452,0.019557258026797086,-0.13025997023054836,-0.04115129379639304,0.7238501883924799,-0.009544618206084432,-0.5131964084983436,-0.0017547154606959436,0.04135496483447221,1
2023-01-09,0.01922145410522691,0.01903905556047358,0.015491345562344782,0.007600916981252192,734.2501953125,733.7602429672877,745.4641967773438,737.5655579103893,738.5638397216796,736.0627212608456,720.2514501953125,717.5449481976126,0.9962824300459573,0.9812953754318905,0.9904635584695325,1.0156460895001154,45.95286909375776,49.65284139781087,52.018859503859574,4.781658330352684,8.377263365431038,-3.5956050350783535,766.2426775064824,710.8850019368768,738.5638397216796,0.0749531355210493,0.37276794407367536,-0.5018916341637784,2677048.1,0.6579482079533797,-0.02977216914394043,0.44190437122483917,0.019557258026797086,-0.13025997023054836,-0.04115129379639304,0.7238501883924799,0.00943947497451636,0.5336261487214924,1
2023-01-10,0.0038392244856650937,0.00383187347212632,0.022007547162393587,0.0012764692066258106,729.776416015625,733.9498421539731,743.5180053710938,736.977100204381,738.6106475830078,735.897608810036,721.6556616210937,718.2031478968177,1.0062383826221388,0.9876412342708988,0.9942031609350949,1.0175615318776563,47.82862976960489,50.64419472062599,52.68783143336911,4.146723104600255,7.531155313264882,-3.3844322086646264,766.2574963002811,710.9637988657345,738.6106475830078,0.0748617659594902,0.4225660924424099,0.2998423376495081,2406727.1,0.9512873312474854,0.01922145410522691,-0.5018916341637784,-0.02977216914394043,0.44190437122483917,0.019557258026797086,-0.13025997023054836,-0.009544618206084432,-0.5131964084983436,1
2023-01-11,0.012077301712781763,0.012004953039762822,0.013789477917971154,0.005600016276041632,733.30419921875,737.0324794047322,742.7789489746094,738.1081281501753,738.4258850097656,736.5928607239612,722.9928649902344,719.1833285246386,1.0134917469421836,1.0005638352193729,1.0064622177978244,1.0279461802382912,53.743134013482056,53.741742568129396,54.7783940455707,4.309486338529041,6.886821518317714,-2.5773351797886734,765.8976980904505,710.9540719290807,738.4258850097656,0.07440641948872526,0.5868502723586064,0.2205627543962867,2494400.2,1.1202953720096718,0.0038392244856650937,0.2998423376495081,0.01922145410522691,-0.5018916341637784,-0.02977216914394043,0.44190437122483917,-0.04115129379639304,0.7238501883924799,1
2023-01-12,0.012264637805513345,0.01219003648797804,0.015456216699784621,0.006658738964137545,735.8170043945313,742.1259213284152,742.1926208496094,740.6907967002854,739.4162231445313,738.0899982908012,724.5547412109376,720.4825236874285,1.0224183467937433,1.0136355226956946,1.0174415729971469,1.03831051318283,59.27859892904694,56.74633696923275,56.836622331002175,5.115023032327372,6.532461821119647,-1.4174387887922748,767.3865259437597,711.4459203453029,739.4162231445313,0.07565509634148548,0.7305406223847841,-0.1331957995537607,2526234.9,0.9588395758446691,0.012077301712781763,0.2205627543962867,0.0038392244856650937,0.2998423376495081,0.01922145410522691,-0.5018916341637784,0.019557258026797086,-0.13025997023054836,1
2023-01-13,0.006614693150427398,0.0065929120650618355,0.0133376707872479,0.004575163398692826,743.7298583984375,747.1803220639956,742.236962890625,743.7086743066255,740.6504516601562,739.9184864093112,726.2949780273437,721.9259197598884,1.018231438449866,1.0202794544021507,1.022464945289245,1.042674321653709,62.162597511982575,58.337362218803165,57.93415022608749,6.084821928987594,6.442933842693237,-0.35811191370564277,769.4749707856356,711.8259325346769,740.6504516601562,0.07783568905107573,0.788620111970789,-0.25028258803577164,2488744.1,0.7296877167885601,0.012264637805513345,-0.1331957995537607,0.012077301712781763,0.2205627543962867,0.0038392244856650937,0.2998423376495081,-0.02977216914394043,0.44190437122483917,0
2023-01-16,-0.012101463438223492,-0.012175282295518291,0.022787127917288614,-0.012422748348577206,747.0507080078125,747.4951536741742,740.6504516601562,744.5116093226084,741.1308410644531,740.7000416936179,727.427216796875,722.9533274906587,1.0014377991683898,1.010091623136962,1.0094368975659318,1.0284531560267915,53.95292930901709,54.370955169503446,55.21914554895726,6.044237378925345,6.363194549939658,-0.3189571710143131,770.1169193679203,712.1447627609858,741.1308410644531,0.07822121735437658,0.6206437062105357,-0.0786781541470678,2320052.4,0.7211587117601309,0.006614693150427398,-0.25028258803577164,0.012264637805513345,-0.1331957995537607,0.012077301712781763,0.2205627543962867,0.01922145410522691,-0.5018916341637784,0
2023-01-17,-0.0022392412278844365,-0.002241752077488341,0.021716187732054356,-0.0012525706265951047,749.4748168945313,747.1466307697619,739.6256164550781,744.8639685295773,741.7073059082031,741.2476172428865,728.3633569335938,723.8747493522383,0.9959635309080445,1.0092262468389963,1.00639373377471,1.0248313260890645,52.47494254831421,53.652825116322624,54.72687795846988,5.809923433274321,6.252540326606591,-0.4426168933322705,770.6349242377149,712.7796875786913,741.7073059082031,0.07800278654149324,0.5819680175311275,-0.11483414877301534,2304583.7,0.6426297296123373,-0.012101463438223492,-0.0786781541470678,0.006614693150427398,-0.25028258803577164,0.012264637805513345,-0.1331957995537607,0.0038392244856650937,0.2998423376495081,1
2023-01-18,0.012739424832560964,0.012658961014607555,0.018640405837034187,0.010737845077816197,752.02705078125,750.0840616264559,742.665625,746.8812330405349,742.8922698974609,742.6486940140253,729.5576782226562,725.132952253713,1.0052283658606551,1.0178994393874683,1.017588894072335,1.0361880162532262,59.77282974788263,57.11538797825142,57.01107120347416,6.318713877212417,6.2657750367277565,0.05293884048466069,772.1148741395355,713.6696656553863,742.8922698974609,0.07867252204982042,0.7235709954893335,0.17527755007785317,2196674.7,0.7923699398914186,-0.0022392412278844365,-0.11483414877301534,-0.012101463438223492,-0.0786781541470678,0.006614693150427398,-0.25028258803577164,0.012077301712781763,0.2205627543962867,0
2023-01-19,-0.009255160274030394,-0.009298255377370062,0.022301180816081175,-0.00380106739322728,751.3569702148437,749.7101751988873,743.5869873046875,747.2596274593013,744.0008605957031,743.2499995692372,730.7204638671875,726.067440492538,0.9968130090409503,1.007229033227904,1.0066687311948461,1.0249643186123745,52.81164980097512,53.923351812938655,54.872288748479924,6.087203702521606,6.230060769886526,-0.1428570673649201,772.3656482272385,715.6360729641677,744.0008605957031,0.0762493409183005,0.5874595257418879,0.2555029102384896,2169967.0,1.007066927745906,0.012739424832560964,0.17527755007785317,-0.0022392412278844365,-0.11483414877301534,-0.012101463438223492,-0.0786781541470678,0.012264637805513345,-0.1331957995537607,0
2023-01-20,-0.024472088664330482,-0.02477650699034701,0.034526906958616814,-0.024407878674958923,746.0258911132812,743.3513594750395,744.8778747558594,744.2367366534909,744.6709411621093,742.0484498985807,731.1629138183594,726.2465105919422,0.979367789684929,0.9808772052288649,0.9811497772252807,0.9992762409293272,38.94841603774553,46.57921975843133,49.7395680475024,4.374334774574436,5.8589155708241085,-1.4845807962496727,771.0373603763505,718.3045219478681,744.6709411621093,0.0708136111047777,0.23380509084859527,0.3734266476670043,2116492.6,1.41807819219401,-0.009255160274030394,0.2555029102384896,0.012739424832560964,0.17527755007785317,-0.0022392412278844365,-0.11483414877301534,0.006614693150427398,-0.25028258803577164,0
2023-01-23,-0.010115278943935047,-0.01016678601127005,0.028816709669999326,-0.004880991994468109,741.049560546875,736.6486276708597,744.0501342773438,740.4197234551289,744.7571655273438,740.2574702951443,731.44966796875,726.1287322966699,0.9759713824386667,0.9720355265642785,0.97111272981226,0.9887804940440542,34.66737768078703,43.97826443032351,47.844761921391154,2.392932822154421,5.165719021090172,-2.7727861989357505,770.8298098215706,718.6845212331169,744.7571655273438,0.07001649799707658,0.0874219503388169,0.11126385708840547,2273886.1,1.4667814715961367,-0.024472088664330482,0.3734266476670043,-0.009255160274030394,0.2555029102384896,0.012739424832560964,0.17527755007785317,-0.012101463438223492,-0.0786781541470678,0
2023-01-24,-0.016213605571691048,-0.01634648432792323,0.026175506867374437,-0.017619064227253428,734.0630004882812,728.271346669896,741.7689086914063,735.1646436756452,742.64345703125,737.5202621401753,731.4437561035156,725.5557147426032,0.9692857209731109,0.9592162415154244,0.958086653738644,0.9727566593203282,28.806272287939024,40.14762248455507,44.9894774722816,-0.12215518710763718,4.10814417945061,-4.230299366558247,772.0810935029092,713.2058205595908,742.64345703125,0.0792779797437048,-0.02868837471459711,-0.05645979035131532,2359635.6,1.333673724875146,-0.010115278943935047,0.11126385708840547,-0.024472088664330482,0.3734266476670043,-0.009255160274030394,0.2555029102384896,-0.0022392412278844365,-0.11483414877301534,1
2023-01-25,0.0036009463785988682,0.003594478493542545,0.013661800980504266,0.002282191444069802,725.6869995117188,723.5405372656078,738.8570251464844,731.330875454079,740.8179870605469,735.2877532179712,731.76697265625,725.1056443000318,0.984004011285171,0.9664642740798998,0.9639060213567273,0.9758282966297144,31.74771495087785,41.34968313986359,45.732466207540135,-1.8868869127625203,2.909137961007984,-4.796024873770504,772.5009081477907,709.1350659733031,740.8179870605469,0.08553496713263355,0.0780207808193333,-0.5018490720003661,2236956.4,0.7008062383334785,-0.016213605571691048,-0.05645979035131532,-0.010115278943935047,0.11126385708840547,-0.024472088664330482,0.3734266476670043,0.012739424832560964,0.17527755007785317,0
2023-01-27,-0.004554052837782652,-0.0045644541271015115,0.02308175639784013,-0.008862341735661122,718.059912109375,719.3026799544157,734.7084411621094,727.6028917955248,738.4505310058594,732.9581543716911,732.018251953125,724.5456961052082,0.9899270984838908,0.96749530222859,0.9625925305569196,0.9710508767171414,29.91737641987119,40.24488527578345,44.923844956166754,-3.507423563486327,1.625825656109122,-5.133249219595449,771.6321471522499,705.2689148594689,738.4505310058594,0.0898682166324483,0.0837519554207579,0.7267210700190665,2265424.4,1.194890458494223,0.0036009463785988682,-0.5018490720003661,-0.016213605571691048,-0.05645979035131532,-0.010115278943935047,0.11126385708840547,-0.009255160274030394,0.2555029102384896,0
2023-01-30,-0.027240584881457752,-0.027618488296627323,0.04588857296119146,-0.03213791419719824,710.2258911132812,710.0229943185689,728.1258911132812,721.0321156594066,735.1814270019531,729.0062942455181,731.8901477050781,723.2483599068422,0.9735826751725478,0.9496484488275087,0.9405346730080519,0.9447642179841266,21.361935667407707,34.35830466712768,40.45200802627926,-6.281758232088805,0.04430887846953668,-6.326067110558341,773.0251704555761,697.3376835483301,735.1814270019531,0.10295076035298827,-0.07760940072767511,-0.15851069882014113,2311609.4,0.985398311669783,-0.004554052837782652,0.7267210700190665,0.0036009463785988682,-0.5018490720003661,-0.016213605571691048,-0.05645979035131532,-0.024472088664330482,0.3734266476670043,1
2023-01-31,0.021020413207237354,0.02080253232961558,0.021843761759032375,0.010935515544673072,706.776953125,708.6814875860772,723.9132568359375,718.2987262888042,732.2818542480469,726.8150732812873,732.2823425292969,722.5718937975972,0.9988985506665657,0.9752528599999049,0.9641075632634069,0.964106920402561,37.11146018504869,41.29914102457763,44.78405456970727,-7.224319972428361,-1.409416891710043,-5.814903080718318,769.7366512433874,694.8270572527064,732.2818542480469,0.10229612212309008,0.149131990620282,0.007467548431507431,2373783.4,0.9667545910043857,-0.027240584881457752,-0.15851069882014113,-0.004554052837782652,0.7267210700190665,0.0036009463785988682,-0.5018490720003661,-0.010115278943935047,0.11126385708840547,1
2023-02-01,0.018493865218695227,0.01832493331724107,0.025901088252551812,0.010664836851843896,708.284619140625,712.1393633060827,721.1738098144531,718.4362514628568,730.3997131347656,726.0760296112688,732.7050830078125,722.4339808936168,1.0152064513536054,0.9970621575000007,0.9844679588659987,0.981370446884735,48.02149362377194,46.74649686442369,48.32956123141636,-6.838910460188231,-2.495315605405681,-4.34359485478255,766.5169154813896,694.2825107881417,730.3997131347656,0.09889708798382277,0.3429474370717373,0.4255769182165756,2552834.8,1.2815196659023922,0.021020413207237354,0.007467548431507431,-0.027240584881457752,-0.15851069882014113,-0.004554052837782652,0.7267210700190665,-0.016213605571691048,-0.05645979035131532,0
2023-02-02,-0.0031518549488035452,-0.003156832505388669,0.020827638033510138,-0.0032202474627440534,708.8265869140625,713.6891613121281,717.2567932128907,718.1367070740134,729.9612091064453,725.1915274886927,732.8400854492188,722.2125995771698,1.011232889055164,0.9993474639862588,0.9819545866028263,0.9780970931534663,46.39167830209263,45.94941503017549,47.77049942223552,-6.639807184136089,-3.3242139211517627,-3.315593262984326,766.5131990824374,693.4092191304532,729.9612091064453,0.10014775996312425,0.31981211158573886,-0.29723815439240864,2608686.0,0.8813214775561337,0.018493865218695227,0.4255769182165756,0.021020413207237354,0.007467548431507431,-0.027240584881457752,-0.15851069882014113,0.0036009463785988682,-0.5018490720003661,1
2023-02-03,0.0061175760931215795,0.006098939692272226,0.02022270723056261,0.006671218137465651,710.895947265625,716.1840299047001,714.4779296875,718.6888998041643,729.0324584960938,724.8088836411833,732.9563647460938,722.1718610482551,1.014457558611427,1.0093716504375052,0.989220382008146,0.9839245578277614,50.20641918118226,47.80388112702678,48.969739732498766,-6.058345921775981,-3.871040321276607,-2.187305600499374,765.4862948074153,692.5786221847723,729.0324584960938,0.10000607212063346,0.3922103651981156,0.11282937473984278,2646005.4,0.9669277318935177,-0.0031518549488035452,-0.29723815439240864,0.018493865218695227,0.4255769182165756,0.021020413207237354,0.007467548431507431,-0.004554052837782652,0.7267210700190665,0
2023-02-06,-0.028421057353213874,-0.028832754951488633,0.031221450795517077,-0.0230816629202251,712.738671875,711.0151019677168,711.4822814941406,715.4140536749981,728.180078125,722.5106324461897,732.6577856445313,721.3289349716079,0.9830773518300613,0.9848133457692023,0.9622307271821177,0.9563499628647945,36.170433360214,40.76366497422337,44.01018769211534,-7.168794232472578,-4.5305911035158015,-2.6382031289567767,766.4058181521343,689.9543380978657,728.180078125,0.10498979902213812,0.14025769008360184,-0.5298163452278213,2466166.5,0.48778661132571544,0.0061175760931215795,0.11282937473984278,-0.0031518549488035452,-0.29723815439240864,0.018493865218695227,0.4255769182165756,-0.027240584881457752,-0.15851069882014113,1
2023-02-07,0.004289411681081434,0.0042802383774916365,0.020375366651128043,0.00861578472590046,712.2755249023437,708.5709810644154,709.5262390136719,713.2810874173279,726.7881866455078,720.7174997615823,732.6272375488281,720.6369272965571,0.987936149223,0.9917642231751956,0.9682088291853799,0.9604921891958916,39.08382379280376,42.109980358757795,44.86985163015901,-7.717353491497988,-5.167943581112239,-2.549409910385749,766.4271813315548,687.1491919594608,726.7881866455078,0.10907990915207592,0.20855154664368297,0.6182401287487644,2327305.4,0.8364536085380114,-0.028421057353213874,-0.5298163452278213,0.0061175760931215795,0.11282937473984278,-0.0031518549488035452,-0.29723815439240864,0.021020413207237354,0.007467548431507431,1
2023-02-08,0.024996491498323614,0.0246891896560485,0.03203772363678637,0.019713046328643402,712.7189697265625,712.8047669986728,710.5017944335938,714.7340422263933,726.1353515625,720.7703415811637,732.6154125976562,720.6618453973663,1.0120010403874988,1.015159067180372,0.9933028839804476,0.984517014609003,53.557513459908925,49.36347675187466,49.62300135874778,-6.656030395211587,-5.465560943932109,-1.190469451279478,765.6860423911987,686.5846607338012,726.1353515625,0.10893476193823498,0.43852177302825035,-0.07878581155740305,2191938.2,0.818139854490423,0.004289411681081434,0.6182401287487644,-0.028421057353213874,-0.5298163452278213,0.0061175760931215795,0.11282937473984278,0.018493865218695227,0.4255769182165756,0
2023-02-09,-0.011202957420316628,-0.011266183201788536,0.0206563208387306,-0.01261937244201919,711.999609375,712.933829854584,710.4130981445312,714.4536628336683,724.6350616455078,720.0485905321393,732.22814453125,720.3689085412502,1.0016746444460172,1.0039116078083765,0.9842084565255282,0.9740023801228918,47.50780574514705,46.4821619264951,47.64172472775112,-6.393246233850505,-5.651098001915789,-0.7421482319347161,763.7571123448454,685.5130109461702,724.6350616455078,0.10797725026028658,0.35375119817919853,-0.4665178173123249,2130840.9,0.44897767824899554,0.024996491498323614,-0.07878581155740305,0.004289411681081434,0.6182401287487644,-0.028421057353213874,-0.5298163452278213,-0.0031518549488035452,-0.29723815439240864,0
2023-02-10,-0.006632128183489572,-0.006654218470191348,0.020376972202962834,-0.004224359824056336,709.4572509765625,711.4432116022748,710.1765991210938,713.3642650634843,722.4425201416016,718.9451033479028,731.6891235351562,719.9019699748347,0.9985971305846318,0.9975856371139805,0.9806482250778857,0.9682554411561046,44.105444920906734,44.83251814248851,46.50058919507222,-6.491824079478079,-5.819243217428246,-0.6725808620498324,759.9979211679183,684.8871191152848,722.4425201416016,0.10396785897639511,0.3138677172672379,0.04233824605414438,1959868.0,0.5088123281772038,-0.011202957420316628,-0.4665178173123249,0.024996491498323614,-0.07878581155740305,0.004289411681081434,0.6182401287487644,0.0061175760931215795,0.11282937473984278,0
2023-02-13,-0.0012517832311187416,-0.001252567366193996,0.01768680791439962,0.0028631114426938753,710.8368286132812,710.1538524939645,711.7877502441406,712.3116958296405,719.956820678711,717.8622491507066,731.1964184570312,719.4185646533646,0.9954114725002354,0.9940816402567311,0.9828021819562806,0.9676950220441,43.425161392580705,44.51353556947836,46.28234598324641,-6.565821669786942,-5.968558907899985,-0.5972627618869568,754.4103258391735,685.5033155182484,719.956820678711,0.09570992084770547,0.32031310974454996,-0.13414192668508484,1818426.2,0.4748270784923799,-0.006632128183489572,0.04233824605414438,-0.011202957420316628,-0.4665178173123249,0.024996491498323614,-0.07878581155740305,-0.028421057353213874,-0.5298163452278213,1
2023-02-14,0.008077350028823593,0.008044902844815861,0.014574826481728762,0.00304850148610647,712.7583740234375,711.1993904321743,712.5169494628906,712.4896540985411,718.2151031494141,717.4268412609815,730.5509729003907,719.1782470712168,1.0007465254770038,1.0010856118528637,0.9931432285129824,0.976373302846658,49.30427274604419,47.124544857943036,47.935853345870775,-6.093048888535691,-5.993456904027127,-0.09959198450856377,750.2324508220319,686.1977554767963,718.2151031494141,0.08915810188958687,0.42309424110992166,0.07915565448822037,1682118.0,0.5539349795912059,-0.0012517832311187416,-0.13414192668508484,-0.006632128183489572,0.04233824605414438,-0.011202957420316628,-0.4665178173123249,0.004289411681081434,0.6182401287487644,1
2023-02-15,0.0045590867656333245,0.0045487256092369656,0.01168947220602688,0.009790375041171777,711.8123901367187,712.9804000993141,712.2656799316406,713.226520523096,716.7197448730469,717.342610610754,730.1646923828125,719.0748812815061,1.0066450505251343,1.0060044160801958,0.9997525874782693,0.9813435611289777,52.5757114503489,48.60644028633843,48.87602216460618,-5.39379134466617,-5.873523792154936,0.4797324474887663,745.9992351011924,687.4402546449014,716.7197448730469,0.08170415406465968,0.49697184892784246,-0.07771328977531278,1440904.4,0.596411531535333,0.008077350028823593,0.07915565448822037,-0.0012517832311187416,-0.13414192668508484,-0.006632128183489572,0.04233824605414438,0.024996491498323614,-0.07878581155740305,1
2023-02-16,0.001100015834980983,0.0010994112608824816,0.010302905246558304,-0.0038998024542179913,712.6401245117188,714.4304758800115,712.3198669433593,713.9727217809707,714.788330078125,717.3414693565305,729.9636669921875,719.0064791701298,1.0065818675771327,1.0070344247445304,1.0035567135840109,0.9826936050079922,53.425592458748596,48.979680016557836,49.10989849499459,-4.72159529292378,-5.643138092308705,0.921542799384925,737.9075667811941,691.6690933750559,714.788330078125,0.0646883440319799,0.5549822945266994,-0.24386412403476032,1275975.5,0.5092589943929174,0.0045590867656333245,-0.07771328977531278,0.008077350028823593,0.07915565448822037,-0.0012517832311187416,-0.13414192668508484,-0.011202957420316628,-0.4665178173123249,1
2023-02-17,0.0006184087206861921,0.0006182175848092843,0.014415156024255154,0.0033058187521521694,714.5025756835937,715.5450609056847,711.9799133300781,714.6639052675271,713.2289215087891,717.3826847470544,729.6424255371094,718.9581557107925,1.00457892719324,1.008138316149752,1.0063728619397918,0.9837342317761448,53.967250434850484,49.20327071719691,49.247102223162194,-4.105751435834463,-5.335660761013857,1.2299093251793938,730.3456315652386,696.1122114523396,713.2289215087891,0.047997801379787645,0.6327740387391066,0.7585602999067409,1134397.5,1.007332967500369,0.001100015834980983,-0.24386412403476032,0.0045590867656333245,-0.07771328977531278,0.008077350028823593,0.07915565448822037,-0.006632128183489572,0.04233824605414438,0
2023-02-20,-0.0069331556011035245,-0.0069573015944047875,0.01603646364478156,-0.0069330706464312926,715.5471069335938,714.6293041129045,713.1919677734375,714.3246116784028,712.337124633789,716.946028154701,729.3063989257812,718.716572762422,0.9961577422651711,0.999447305544783,1.000646696455406,0.9773639605757559,46.83795875327536,46.72922537686213,47.73127818755791,-3.9734445001888616,-5.063217508848858,1.0897730086599964,727.4782036338631,697.1960456337149,712.337124633789,0.0425109922716947,0.5152124526116163,-0.46930383402350195,1074744.7,0.5642595864859813,0.0006184087206861921,0.7585602999067409,0.001100015834980983,-0.24386412403476032,0.0045590867656333245,-0.07771328977531278,-0.0012517832311187416,-0.13414192668508484,0
2023-02-21,-0.004493050850200575,-0.0045031749399201725,0.02596863330236232,-0.013561677279537674,714.8080444335938,712.9512540114677,713.7832092285156,713.4647102475284,711.6547241210938,716.2459448836431,728.8974523925781,718.3588700583502,0.9927072860111268,0.9941325946509046,0.9971059416277415,0.9735184990417716,42.611482846214614,45.15560875149084,46.75873470744143,-4.079984793128119,-4.86657096570471,0.786586172576591,725.9762091364371,697.3332391057504,711.6547241210938,0.04024840847654213,0.4280950854505145,1.8840963994492403,1054978.1,1.6578704335189516,-0.0069331556011035245,-0.46930383402350195,0.0006184087206861921,0.7585602999067409,0.001100015834980983,-0.24386412403476032,0.008077350028823593,0.07915565448822037,0
2023-02-22,-0.027982092217904264,-0.02838105104727981,0.04036002501224934,-0.027982174784147735,709.4473999023437,705.2139016000931,710.6298950195312,709.1509805256766,710.5658447265625,713.7214926830432,728.0243786621094,717.2365299296833,0.972220346247357,0.9706025620529047,0.9706900520144854,0.9474122254599189,25.783026789048733,36.866464878058956,41.28291920771955,-5.700911967660318,-5.033439166095832,-0.667472801564486,727.7825970914469,693.3490923616782,710.5658447265625,0.04845927366945031,-0.10483671681592248,0.0349190430967794,1056656.0,1.7130371663057797,-0.004493050850200575,1.8840963994492403,-0.0069331556011035245,-0.46930383402350195,0.0006184087206861921,0.7585602999067409,0.0045590867656333245,-0.07771328977531278,1
2023-02-23,0.0019286438072305678,0.001926786361613531,0.020248128410381875,-0.0008548747688030508,704.195166015625,700.499087069333,708.4176452636718,705.863430976974,709.4153717041015,711.5641560473069,726.9079077148438,716.2103702464727,0.98136069566896,0.9755113563702915,0.9741393907884743,0.9506974001428937,28.00536750913922,37.69169431465903,41.762677910591265,-6.7997837929382285,-5.386708091464311,-1.4130757014739173,728.5118554354688,690.3188879727343,709.4153717041015,0.05383724258890861,0.019652048137149068,0.007902917588121339,1143425.6,1.5955528720014664,-0.027982092217904264,0.0349190430967794,-0.004493050850200575,1.8840963994492403,-0.0069331556011035245,-0.46930383402350195,0.001100015834980983,-0.24386412403476032,0
2023-02-24,-0.023242607053824416,-0.023516976151950787,0.04313866831090335,-0.028368794326241113,695.6417602539062,692.0017920957011,705.07216796875,700.2532075536037,707.6243835449219,708.0825413902718,725.7579309082031,714.5945597328243,0.9703373786847742,0.957359023393411,0.9539060804644901,0.9300720989762291,19.696889844898536,32.21598584601338,37.842570726844116,-8.864552399326271,-6.082276953036704,-2.7822754462895674,731.8778584233237,683.3709086665201,707.6243835449219,0.06854900832247003,-0.17242284992182003,0.17424396896287875,1257933.7,1.7030198014410458,0.0019286438072305678,0.007902917588121339,-0.027982092217904264,0.0349190430967794,-0.004493050850200575,1.8840963994492403,0.0006184087206861921,0.7585602999067409,0
2023-02-27,-0.0065693924345063825,-0.006591065865984046,0.02814110861728523,-0.005843681519357096,687.1967651367188,684.8587997109362,701.3719360351563,694.8567725332042,706.5798431396485,704.5101864903797,724.5172961425782,712.8682167998276,0.9758090389264199,0.9560873204196664,0.9490403971358042,0.9255442465095324,17.978912393442172,30.882115973045742,36.840156006296,-10.734968350768668,-7.0128152325830975,-3.7221531181855703,734.973442704787,678.18624357451,706.5798431396485,0.080369118481991,-0.13406945138529416,-0.153095805135262,1353021.0,1.3409333631924412,-0.023242607053824416,0.17424396896287875,0.0019286438072305678,0.007902917588121339,-0.027982092217904264,0.0349190430967794,-0.0069331556011035245,-0.46930383402350195,0
2023-02-28,-0.019544238401735248,-0.019737752570360197,0.028552139455083746,-0.024490093868044013,676.7711303710937,675.7281931341138,695.7895874023437,688.0586284327068,704.1532684326172,700.0298811084834,722.8962951660156,710.6956192774998,0.9714761024453866,0.9449221314665711,0.9336986838730892,0.9094900394108109,13.822016986094397,27.286263453948635,34.04181942910651,-13.123537844073098,-8.234959754881098,-4.888578089192,739.7199734329616,668.5865634322728,704.1532684326172,0.10101978246728234,-0.15632012371818463,0.055839930419867345,1451404.8,1.3198399233625244,-0.0065693924345063825,-0.153095805135262,-0.023242607053824416,0.17424396896287875,0.0019286438072305678,0.007902917588121339,-0.004493050850200575,1.8840963994492403,1
2023-03-01,0.014238569304932058,0.014138152944714419,0.015959786608758818,0.013023970369807325,672.18896484375,672.7615851362842,690.8181823730469,684.1985812886919,701.5419311523438,696.8678323496398,721.5344567871093,708.9753349584066,0.9920251655658003,0.9652733326299927,0.9505181936100402,0.9241809076033836,27.744023973196207,33.26372855086376,37.596900846949126,-14.098590729537477,-9.407685949812375,-4.690904779725102,739.9076813957251,663.1761809089624,701.5419311523438,0.10937550141974355,0.047596987006564534,-0.23547704087758436,1511921.3,0.9686595459697538,-0.019544238401735248,0.055839930419867345,-0.0065693924345063825,-0.153095805135262,-0.023242607053824416,0.17424396896287875,-0.027982092217904264,0.0349190430967794,0
2023-03-02,-0.002364508266854748,-0.0023673081309320164,0.014960801342538386,-0.007424904281192199,667.0254028320312,670.2582727405958,685.6102844238281,680.7536843178785,698.9650756835938,693.8567671686474,720.194296875,707.2606805658895,0.9973407986033492,0.9703058181343963,0.9517666491399401,0.923711352388955,26.890404617862316,32.77502786935399,37.24191034086609,-14.827631680944819,-10.491675096038865,-4.335956584905954,739.7360683700582,658.1940829971294,698.9650756835938,0.11666102958460416,0.08655130139169276,-0.2543834672664467,1556139.4,0.7017256937264104,0.014238569304932058,-0.23547704087758436,-0.019544238401735248,0.055839930419867345,-0.0065693924345063825,-0.153095805135262,0.0019286438072305678,0.007902917588121339,1
2023-03-03,0.010665093014044835,0.010608622066652449,0.014583046145459447,0.0011738632325294074,666.4932861328125,670.9543880445118,681.0675231933594,679.2251269241449,696.5237182617187,691.808181595666,719.1054174804688,705.8915016673191,1.008782282794616,0.9871952424039756,0.9652889069309619,0.9349764336473032,37.0571852840189,37.24303957949563,39.92209355261294,-14.6638611830125,-11.326112313433594,-3.337748869578906,737.5297689926006,655.5176675308369,696.5237182617187,0.11774487976724955,0.20520082794553174,-0.007125568804642546,1550288.0,0.699355216579113,-0.002364508266854748,-0.2543834672664467,0.014238569304932058,-0.23547704087758436,-0.019544238401735248,0.055839930419867345,-0.023242607053824416,0.17424396896287875,0
2023-03-06,-0.011798313447673459,-0.01186846588066012,0.015498720366379287,-0.013533284564740365,665.2615356445312,668.7742795296746,676.229150390625,676.532206119755,694.7105590820313,689.1992178722692,718.0490563964844,704.2649354254635,0.9987261052997598,0.982527981995748,0.9563897565886085,0.9253045548647462,31.36738828233544,34.483466961529004,38.01613030316127,-15.001237936864868,-12.061137438119848,-2.9401004987450197,737.9667915998666,651.454326564196,694.7105590820313,0.12453022903521933,0.14980194970124236,0.12084556198937091,1611166.8,0.7542502737767436,0.010665093014044835,-0.007125568804642546,-0.002364508266854748,-0.2543834672664467,0.014238569304932058,-0.23547704087758436,-0.0065693924345063825,-0.153095805135262,1
2023-03-08,0.0017056227585396933,0.0017041698358998092,0.01924785242831156,0.008059737931436611,666.8776000976562,667.6986204351476,671.824365234375,674.5349508699983,692.8037872314453,686.9466544793002,716.92962890625,702.7465968694097,0.9980051843826099,0.9906566904787809,0.9606577136446196,0.9283300276785251,33.079910785974334,35.221911971699,38.45686654184399,-15.004209283506725,-12.649751807197225,-2.3544574763095003,737.6430294475077,647.9645450153829,692.8037872314453,0.12944283227794465,0.19606438871097065,0.2665403798315207,1590178.0,0.9678973045784811,-0.011798313447673459,0.12084556198937091,0.010665093014044835,-0.007125568804642546,-0.002364508266854748,-0.2543834672664467,-0.019544238401735248,0.055839930419867345,1
2023-03-09,0.007106903525545327,0.0070817685045347105,0.028521058609092983,0.004578403090933654,667.5673828125,668.5581745283797,669.878173828125,673.7608293872429,690.2540344238281,685.3590952636376,715.25935546875,701.4732904319758,1.0040593653496472,1.0005957932386988,0.9710588410748523,0.9371108222353458,40.330041493416324,38.345503530314126,40.316723651753826,-14.458228742388656,-13.011447194235512,-1.4467815481531439,734.116885216849,646.3911836308072,690.2540344238281,0.127091907053131,0.27228165351985195,3.1172201940188247,2042862.2,3.1019874957792064,0.0017056227585396933,0.2665403798315207,-0.011798313447673459,0.12084556198937091,0.010665093014044835,-0.007125568804642546,0.014238569304932058,-0.23547704087758436,0
2023-03-10,-0.0011760342522366685,-0.0011767263231705104,0.02244627531939241,0.016685408775252642,668.4148559570312,668.8684542428782,667.7201293945312,672.9841356208124,688.0688873291016,683.847658921565,713.6373693847656,700.2190050688346,1.001607022502972,1.002649140260228,0.9729970734044542,0.938136149244887,39.49803497576314,38.01650188130338,40.10464397007414,-13.928581931636586,-13.194874141715728,-0.7337077899208584,731.4953513860062,644.642423272197,688.0688873291016,0.12622708236518135,0.2860766002859439,-0.15260615821565415,2397410.4,2.239865982061311,0.007106903525545327,3.1172201940188247,0.0017056227585396933,0.2665403798315207,-0.011798313447673459,0.12084556198937091,-0.002364508266854748,-0.2543834672664467,0
2023-03-13,-0.005593355327622396,-0.005609056715867446,0.027235087446686897,-0.010544833532150376,667.0943969726562,667.8270774054084,666.7938415527344,671.6678061862044,685.9330047607422,682.1235317605082,711.7887341308593,698.8670567810556,0.9979761886049197,0.9984260235220204,0.9705675614234143,0.9353116898420515,35.44532768393832,36.41795541126107,39.079250036605075,-13.653607907921582,-13.2866208949569,-0.3669870129646817,729.339357122223,642.5266523992614,685.9330047607422,0.12656149233297562,0.26744554734586456,-0.7014976876569635,2343473.9,0.6839935362625545,-0.0011760342522366685,-0.15260615821565415,0.007106903525545327,3.1172201940188247,0.0017056227585396933,0.2665403798315207,0.010665093014044835,-0.007125568804642546,0
2023-03-14,-0.005254523126401844,-0.005268376683578751,0.022468530407278586,-0.008775829213910343,666.6608154296875,665.9667698653244,665.9611755371094,669.9547786587411,683.6665557861328,680.230448239046,709.8967431640625,697.4309429772949,0.9933779509124353,0.9944215655680575,0.9686683503534179,0.9328767333591023,31.880293014310155,34.93992071900598,38.12315915640229,-13.561631960102318,-13.341623107985985,-0.22000885211633303,727.0497469995682,640.2833645726973,683.6665557861328,0.1269133054594139,0.25312557234905764,-0.029477435257258433,2317609.9,0.6712393660382621,-0.005593355327622396,-0.7014976876569635,-0.0011760342522366685,-0.15260615821565415,0.007106903525545327,3.1172201940188247,-0.011798313447673459,0.12084556198937091,1
2023-03-15,0.011308781067628004,0.011245314838580817,0.014860553554228027,-0.001982343004313574,667.4984252929687,667.2229637643829,667.1880126953125,669.9148828230608,681.4888000488281,679.2309152222322,708.0116516113281,696.3448413531853,1.0033512083096667,1.0038180225344528,0.9827532771111044,0.9459383190068736,45.55716408095587,40.50684382315076,41.348783162569596,-12.737593717206778,-13.220817229830143,0.4832235126233648,723.0391463163577,639.9384537812986,681.4888000488281,0.12193992407374124,0.3585637721205573,-0.2457087648995192,2243390.6,0.5230604960188386,-0.005254523126401844,-0.029477435257258433,-0.005593355327622396,-0.7014976876569635,-0.0011760342522366685,-0.15260615821565415,0.0017056227585396933,0.2665403798315207,0
2023-03-16,-0.025380700019976388,-0.025708345793203625,0.04023252329683461,-0.018957327549697853,663.9903686523437,662.3943090134949,665.7788757324219,666.7916313119076,678.2985290527344,676.7076851545642,705.9324328613282,694.6347299084218,0.9830519090759327,0.9804110993963938,0.9623152219175337,0.9246451489216971,29.74369228008355,33.50027666318793,36.77946036185464,-13.302815841869801,-13.237216952238075,-0.06559888963172611,718.3647482313427,638.232309874126,678.2985290527344,0.11813742021396414,0.1810089638472413,1.1411384924013297,2348184.3,1.0699645679429848,0.011308781067628004,-0.2457087648995192,-0.005254523126401844,-0.029477435257258433,-0.005593355327622396,-0.7014976876569635,0.007106903525545327,3.1172201940188247,1
2023-03-17,0.021135182075401104,0.020914932059146178,0.019958603655720625,0.00955227524486941,663.3991088867188,663.7737776235799,665.906982421875,666.7445555904244,675.7586334228515,675.738640363058,704.7519104003907,693.5326901019641,1.0047235606968028,1.0009396694108827,0.9863473167447815,0.9457692913029109,47.12267097805612,42.233508037486324,42.22058816609127,-12.493541743915443,-13.088481910573549,0.5949401666581053,711.8485707447832,639.6686961009199,675.7586334228515,0.10681310023115488,0.3721815655039254,-0.3362291510280305,2405756.7,0.6932151534691766,-0.025380700019976388,1.1411384924013297,0.011308781067628004,-0.2457087648995192,-0.005254523126401844,-0.029477435257258433,-0.0011760342522366685,-0.15260615821565415,0
2023-03-20,-0.012196908705044973,-0.012271901405964914,0.019307077666240045,-0.007058998109171036,661.930859375,661.983543806345,664.5126281738281,665.22792296887,672.7900756835937,674.087634249612,703.1249963378906,692.1550581831372,0.9946704657243871,0.9908059655408761,0.9786159159718569,0.936395490988171,40.27357947089981,38.984444664160414,40.08588019963889,-12.36563672653483,-12.943912873765807,0.5782761472309765,704.0057003283654,641.5744510388221,672.7900756835937,0.09279454549936625,0.26955451515963136,-0.11202387469741393,2445424.9,0.6055732891245199,0.021135182075401104,-0.3362291510280305,-0.025380700019976388,1.1411384924013297,0.011308781067628004,-0.2457087648995192,-0.005593355327622396,-0.7014976876569635,0
2023-03-21,-0.0035921023991598577,-0.003598569490597462,0.014269620728501688,-0.008562918838421363,660.6892333984375,660.0017041716779,663.6750244140625,663.5570324113197,669.9520874023438,672.3686238355865,701.891259765625,690.7387039368316,0.9929600661536907,0.9884928628759818,0.9792312573366999,0.9346718822533956,38.38024675944707,38.06695090795779,39.476191626328074,-12.31317236431562,-12.81776477187577,0.5045924075601516,695.9943857589976,643.9097890456899,669.9520874023438,0.0777437636104088,0.23285648007244872,-0.23451668057727681,2437261.8,0.4651088364819898,-0.012196908705044973,-0.11202387469741393,0.021135182075401104,-0.3362291510280305,-0.025380700019976388,1.1411384924013297,-0.005254523126401844,-0.029477435257258433,0
2023-03-22,-0.005257185472948955,-0.005271053096964666,0.01691206071276899,-0.005630630630630738,657.2599853515625,657.5308398904937,662.3792053222656,661.562864941648,667.1017852783203,670.4848607396378,700.3126306152344,689.2426414815883,0.9928934148928311,0.9852198047349969,0.9782451879601244,0.93185397892198,35.53783970129622,36.71012519219416,38.577760691880634,-12.406873763206136,-12.735586570141844,0.3287128069357088,686.8928049518195,647.3107656048212,667.1017852783203,0.059334332811722755,0.13335204073319398,-0.16249585388746568,2378287.7,0.3991897195616829,-0.0035921023991598577,-0.23451668057727681,-0.012196908705044973,-0.11202387469741393,0.021135182075401104,-0.3362291510280305,0.011308781067628004,-0.2457087648995192,1
2023-03-23,0.008380549232044121,0.008345627403078799,0.01879303387597461,0.008913677536315322,658.32421875,657.7066154282979,661.1572937011719,660.9256470438767,665.5177337646485,669.3013660505205,698.7872131347656,688.0197208942282,0.9995958644107019,0.9953125720206206,0.9887913320978758,0.9417146652581857,43.305594356531714,40.341436189708695,40.82030714356163,-11.902619759560025,-12.568993208025482,0.6663734484654569,682.7082692757117,648.3271982535853,665.5177337646485,0.05166063844406112,0.283032725887407,0.1581155439082862,1854544.5,0.5928684914274098,-0.005257185472948955,-0.16249585388746568,-0.0035921023991598577,-0.23451668057727681,-0.012196908705044973,-0.11202387469741393,-0.025380700019976388,1.1411384924013297,0
2023-03-24,-0.014974644360196132,-0.015087896375063407,0.023411408786631536,-0.019891285309493637,654.6584716796875,654.5390701162612,659.0287902832031,658.612616579933,663.3744598388672,667.2920911402032,696.8873376464844,686.4583192706187,0.99014067263051,0.983574601063538,0.9771313469765408,0.9301417093920669,34.55308220671169,36.30005622132919,38.18286973370997,-12.157995560948052,-12.486793678609997,0.328798117661945,677.7450935658495,649.0038261118849,663.3744598388672,0.04332585770779573,-0.027829204852518535,0.4215557784849673,1473856.9,1.0604842301854407,0.008380549232044121,0.1581155439082862,-0.005257185472948955,-0.16249585388746568,-0.0035921023991598577,-0.23451668057727681,0.021135182075401104,-0.3362291510280305,1
2023-03-27,0.0015963015295230587,0.0015950287945023646,0.016164566758299057,-0.0034034186705359216,652.8255981445312,652.7722829095387,657.3782287597656,656.9082696555986,662.08603515625,665.5727213645737,694.8258557128906,684.9987266912257,0.9945055928281119,0.9876182083501179,0.9805956839776506,0.9343905428360542,36.134361519876876,37.0135918740513,38.62011696899452,-12.136981176413997,-12.416831178170797,0.27985000175680064,676.6728345152849,647.4992357972151,662.08603515625,0.044063153682413696,0.05962489289335641,-0.2741589582099063,1427013.9,0.7950104760717468,-0.014974644360196132,0.4215557784849673,0.008380549232044121,0.1581155439082862,-0.005257185472948955,-0.16249585388746568,-0.012196908705044973,-0.11202387469741393,1
2023-03-28,0.0017454901121327637,0.0017439685146319378,0.010606060606060707,-0.0032470351654295846,651.6923828125,651.972171353755,656.1908081054687,655.719847580433,661.0759918212891,664.1250286862512,692.6875122070312,683.6408138108712,0.9979738376492695,0.9911323660871123,0.9838081495750411,0.9389110338801714,38.04696073277203,37.83489440935731,39.115351037134104,-11.891802847801046,-12.311825512096847,0.4200226642958018,675.9666884338872,646.1852952086911,661.0759918212891,0.045049878673021,0.14057948873776618,0.04945742187465574,1390506.8,0.8562345757676265,0.0015963015295230587,-0.2741589582099063,-0.014974644360196132,0.4215557784849673,0.008380549232044121,0.1581155439082862,-0.0035921023991598577,-0.23451668057727681,1
2023-03-29,0.028636426684174765,0.028234067579741833,0.039549323398930726,0.023518825430708205,654.9738159179688,657.6468731876596,656.1169006347657,658.1337438122576,661.652456665039,664.5889570833194,691.10494140625,683.0665182439927,1.0214091931565952,1.0196296974033785,1.011099210947459,0.968009685322471,60.64471869765929,49.49132991686886,46.55631165686041,-10.0784910160869,-11.86515861289486,1.786667596807959,676.8295706349351,646.475342695143,661.652456665039,0.045876392710439,0.7419373078767234,0.8548866117923737,1494006.7,1.4781914967315744,0.0017454901121327637,0.04945742187465574,0.0015963015295230587,-0.2741589582099063,-0.014974644360196132,0.4215557784849673,-0.005257185472948955,-0.16249585388746568,1
2023-03-31,0.013551248604691146,0.013460251595677191,0.022816469646961053,0.013402025899760714,658.9745849609375,664.4519193646897,658.6494018554688,661.7570652498017,662.2141387939453,665.8721051438367,689.7371899414062,682.8702630861401,1.0289653458470542,1.0294733583733535,1.0239316438541581,0.9830730046270986,67.39801695495613,54.01169549195364,49.69837476567591,-7.819757984868602,-11.056078487289607,3.2363205024210053,678.8748568643242,645.5534207235663,662.2141387939453,0.050318219120848766,0.9756059390075338,-0.34465013122456334,1387488.6,1.0431026244107517,0.028636426684174765,0.8548866117923737,0.0017454901121327637,0.04945742187465574,0.0015963015295230587,-0.2741589582099063,0.008380549232044121,0.1581155439082862,0
2023-04-03,-0.00857429513542085,-0.008611265887746399,0.02272060938529583,-0.011877189914630354,663.7834106445313,667.0506488798453,659.2209411621094,663.6645275516843,662.5639617919921,666.4793435025338,688.0629736328125,682.4537079811996,1.0127521976745484,1.0197614577065497,1.0146161679122603,0.9770153803813081,59.72946831294222,50.867581884475726,47.80579935626851,-6.424768500868936,-10.129816490005473,3.7050479891365367,679.7506088463813,645.377314737603,662.5639617919921,0.05187920878734658,0.7817345956869162,-0.07717096676346813,1354278.3,0.9862108844245676,0.013551248604691146,-0.34465013122456334,0.028636426684174765,0.8548866117923737,0.0017454901121327637,0.04945742187465574,-0.014974644360196132,0.4215557784849673,1
2023-04-05,0.006376364578790872,0.006356121571795601,0.021775562556035646,0.01186438878845789,669.2425903320312,670.2119682310948,661.0340942382812,666.0045419847587,662.7733612060547,667.4369876388253,686.6144177246093,682.2215863714896,1.0108959242984592,1.0234488853607073,1.0207631243695396,0.9853195468507356,63.31938480137272,53.03815844574479,49.30044867444657,-4.9166683448586355,-9.087186860976106,4.17051851611747,680.5244500345952,645.0222723775141,662.7733612060547,0.05356609021291605,0.8876169473450398,-0.11023776508605843,1325026.9,0.8968648108200672,-0.00857429513542085,-0.07717096676346813,0.013551248604691146,-0.34465013122456334,0.028636426684174765,0.8548866117923737,0.0015963015295230587,-0.2741589582099063,0
2023-04-06,-0.005607639532627218,-0.005623421370081524,0.01135198456338944,-0.007703470629315022,673.7163696289062,671.0549270629174,662.7043762207031,667.2293243014502,663.1897003173829,667.9421168852764,685.4565600585937,681.8497925814925,0.9985520243438926,1.0151447143945174,1.0144018286240102,0.9814492761861608,57.98227204925536,50.895095327514795,48.02248541966126,-3.9817142864957304,-8.066092346080032,4.084378059584301,681.4582406798579,644.9211599549078,663.1897003173829,0.05509295561656724,0.7614096205736942,-0.3888351271068775,1284296.7,0.5655157410277547,0.006376364578790872,-0.11023776508605843,-0.00857429513542085,-0.07717096676346813,0.013551248604691146,-0.34465013122456334,0.0017454901121327637,0.04945742187465574,1
2023-04-10,0.00849559243511222,0.0084597079862303,0.015177940750953127,0.006505390375619899,675.608349609375,673.5220102945491,665.2910827636719,669.270570202607,663.8351440429688,668.943455920756,684.5608203125,681.7167096080149,1.0042152041935006,1.0197884720466293,1.0220250959082957,0.9910823941809863,63.403823179815724,53.91610259608187,50.06983115721264,-2.747900839000522,-7.0024540446641295,4.2545532056636075,683.2664224305113,644.4038656554262,663.8351440429688,0.0585424817047191,0.8762241583707985,-0.1738341433862507,1249361.5,0.4802741240225507,-0.005607639532627218,-0.3888351271068775,0.006376364578790872,-0.11023776508605843,-0.00857429513542085,-0.07717096676346813,0.028636426684174765,0.8548866117923737,1
2023-04-11,0.03645604024388294,0.035807240266250984,0.03713565149471991,0.028612577421171233,680.6339477539062,683.4113410101681,669.8042663574219,675.4377397005705,665.4807800292969,672.2050317798655,684.3942846679688,682.5587995230499,1.03313977323925,1.0498440182615514,1.0566646303600975,1.0274632886254391,77.84010418135067,64.18504689372884,57.64984224923017,0.2231459432153997,-5.557334047088224,5.780479990303624,691.3304000333678,639.6311600252259,665.4807800292969,0.0776870520676284,1.2293960686108867,5.793979027924991,1547074.6,2.63505845160925,0.00849559243511222,-0.1738341433862507,-0.005607639532627218,-0.3888351271068775,0.006376364578790872,-0.11023776508605843,0.013551248604691146,-0.34465013122456334,1
2023-04-12,0.006516237865162644,0.006495098968232032,0.015454195037852328,-0.002292018833317126,687.7387573242188,691.5316125940184,675.761083984375,681.316724438961,667.3949371337891,675.5923769209944,684.2681494140625,683.547558591233,1.0291293724894084,1.0473703984085652,1.0604997376835592,1.0343491164505942,79.58102366654416,65.70949781412875,58.86460128390428,2.9138740751391197,-3.863092422642755,6.776966497781874,699.1446736610995,635.6452006064786,667.3949371337891,0.09514527234402967,1.135866987324415,-0.5559174828633048,1571810.5,1.1517679771193792,0.03645604024388294,5.793979027924991,0.00849559243511222,-0.1738341433862507,-0.005607639532627218,-0.3888351271068775,-0.00857429513542085,-0.07717096676346813,1
2023-04-13,0.003341629485469344,0.0033360586486588474,0.010754179889609106,0.005090689559361864,694.4592895507812,697.7334977514811,681.8509399414063,686.5568232803147,669.6145843505859,678.8823665538907,684.25435546875,684.5902922961418,1.0225758064605435,1.0414846214444329,1.0605164293951581,1.0378264491717049,80.50338102445029,66.50206115301694,59.49428556473979,5.177457791691154,-2.054982379775973,7.232440171467127,706.4001100403831,632.8290586607887,669.6145843505859,0.10987074221351667,1.0507965831117605,-0.5383522954813984,1541936.3,0.5420126629096157,0.006516237865162644,-0.5559174828633048,0.03645604024388294,5.793979027924991,0.00849559243511222,-0.1738341433862507,0.006376364578790872,-0.11023776508605843,1
2023-04-17,0.00076304982368125,0.0007627588491738293,0.01338051060832803,0.01008405071012781,702.0469482421875,702.048711228852,687.8816589355469,690.9426987172744,672.0362335205078,681.9106305186243,684.6386657714844,685.6133842917282,1.0122957445552891,1.0331415715943415,1.0575012220109805,1.038035351659208,80.73597714089811,66.69201000665284,59.642899600787665,6.935144555697661,-0.2569569926812463,7.192101548378908,712.7316647986581,631.3408022423575,672.0362335205078,0.12111082482849024,0.9747818544907964,0.49995871966343963,1548235.2,0.8096889929902124,0.003341629485469344,-0.5383522954813984,0.006516237865162644,-0.5559174828633048,0.03645604024388294,5.793979027924991,-0.005607639532627218,-0.3888351271068775,0
2023-04-18,-0.002565149233920594,-0.00256844486628234,0.01751577954204327,-0.0009721716809924834,708.1269409179688,704.3178541981409,691.8676452636719,694.1996880662642,673.9922729492188,684.4768695298715,684.6958190917969,686.5248649131004,1.001029757768861,1.0245545444845487,1.051727398943232,1.0352862108563317,77.12459184675272,65.3494424038237,58.87978450433169,8.087792238223301,1.4119928534996633,6.675799384723637,717.7060700734258,630.2784758250117,673.9922729492188,0.1297160186508567,0.8987741797908659,-0.33203865062632165,1411127.3,0.593390121500732,0.00076304982368125,0.49995871966343963,0.003341629485469344,-0.5383522954813984,0.006516237865162644,-0.5559174828633048,0.00849559243511222,-0.1738341433862507,1
2023-04-19,0.004170434063530237,0.004161761906137281,0.025403249451498945,0.009785420058575306,709.851416015625,706.8160287753232,695.2426818847656,697.4019953141593,676.9460418701171,687.0802512822348,684.5509643554688,687.5165320902215,1.0027624963053103,1.023832967216573,1.051505340016834,1.0398237895989035,78.90941539953039,66.52624766098597,59.75652137416257,9.13452044889209,2.9564983725781486,6.178022076313941,722.4621027061586,631.4299810340757,676.9460418701171,0.1344747085315684,0.8830113526867619,1.708942149569654,1493231.0,1.5190750794753123,-0.002565149233920594,-0.33203865062632165,0.00076304982368125,0.49995871966343963,0.003341629485469344,-0.5383522954813984,0.03645604024388294,5.793979027924991,0
2023-04-20,-0.00906765318160152,-0.009109014572397753,0.019977630674540812,-0.014049603590952153,709.3685668945312,706.3299892356322,698.553662109375,698.8485252854484,678.8873016357422,688.8209806988077,684.3223474121094,688.2161939751638,0.9943461594924637,1.0097404801033163,1.0389911675424306,1.0307392602677532,65.82673799334981,61.60666956525292,56.971785008040186,9.335623236590436,4.232323345380606,5.10329989120983,725.7530376490579,632.0215656224266,678.8873016357422,0.13806632087651424,0.7824089705215218,-0.5442021222661606,1463060.6,0.7066692931242903,0.004170434063530237,1.708942149569654,-0.002565149233920594,-0.33203865062632165,0.00076304982368125,0.49995871966343963,0.006516237865162644,-0.5559174828633048,0
2023-04-21,-0.00719468659596989,-0.0072206931680775755,0.022373916650706198,-0.01161331792202719,707.3977294921875,704.3143531753174,700.9285095214843,699.1093536071282,680.9813018798828,689.9126093041295,683.9045336914063,688.6894052331844,0.9899425059752349,0.9990791807466393,1.0283440663077255,1.0239485872024816,57.13723735893424,57.9764560939562,54.86114610507818,8.981963860029055,5.182251448310296,3.799712411718758,727.7412531287654,634.2213506310003,680.9813018798828,0.1373310871232422,0.7063922080678595,0.36994390173130864,1485862.1,0.9532412193567625,-0.00906765318160152,-0.5442021222661606,0.004170434063530237,1.708942149569654,-0.002565149233920594,-0.33203865062632165,0.003341629485469344,-0.5383522954813984,1
2023-04-24,0.013649439688435239,0.013557125165608303,0.026029014556082444,0.016653712506190323,707.2302124023438,706.1567530283367,704.6385803222656,701.0606625393549,683.6714782714844,691.810603916534,684.0878198242187,689.5189012136233,1.0036923483842142,1.0073838880773882,1.0382787278607204,1.0376468227672493,66.7749152618369,62.46303497388292,57.94258144950643,9.365020905717756,6.018805339791789,3.3462155659259674,730.5723764220246,636.7705801209441,683.6714782714844,0.13720302701267872,0.7789933188367864,-0.48520282267886206,1486148.2,0.4906314188584961,-0.00719468659596989,0.36994390173130864,-0.00906765318160152,-0.5442021222661606,0.004170434063530237,1.708942149569654,0.00076304982368125,0.49995871966343963,1
2023-04-25,0.00645526362582971,0.006434517644247645,0.017655155576508597,0.0064552295018545135,708.3437377929688,708.9124243821724,708.2353393554688,703.490317912171,686.7632110595703,693.9642385044683,684.3026403808594,690.495562620534,1.0085834446928534,1.0087378126880915,1.0402767003019826,1.0440172592235213,70.4864037192121,64.42392095612999,59.339750055809375,9.923945708836413,6.799833413600714,3.124112295235699,733.2107830881367,640.3156390310038,686.7632110595703,0.13526517227649684,0.797761054262013,0.48011454417534916,1534067.3,0.7035069452298475,0.013649439688435239,-0.48520282267886206,-0.00719468659596989,0.36994390173130864,-0.00906765318160152,-0.5442021222661606,-0.002565149233920594,-0.33203865062632165,0
2023-04-26,-0.0021379534885548335,-0.0021402421737646404,0.017485692446767676,0.004791683620876724,708.5605346679688,710.2404036896775,709.2059753417968,705.2005078017195,689.5051208496094,695.767297914013,684.1351208496094,691.3740253532459,1.0061192056635648,1.005203547475911,1.033924681264521,1.042040293764425,67.551832287711,63.23805629382218,58.657726341442725,10.126912102106871,7.465249151301945,2.661662950804926,735.3210249918778,643.689216707341,689.5051208496094,0.1328950366193481,0.7552742534824061,0.18363421226488952,1254145.1,1.0185504053717547,0.00645526362582971,0.48011454417534916,0.013649439688435239,-0.48520282267886206,-0.00719468659596989,0.36994390173130864,0.004170434063530237,1.708942149569654,1
2023-04-27,0.011956581856276127,0.011885666640825753,0.023425795637182473,0.012586411598807095,711.7729858398437,713.96699113166,710.5707763671875,708.1495365678841,693.1659301757812,698.2104282094047,684.2996850585937,692.5523053792216,1.0135537318326266,1.0152685559402053,1.040761143342228,1.0542459418987644,74.4715686018424,66.89975919640835,61.26634634416443,10.85048649996213,8.142296621033983,2.708189878928147,736.8471405389087,649.4847198126538,693.1659301757812,0.1260339219270348,0.823414067570046,-0.02314213917223129,1197893.8,1.0417016934222383,-0.0021379534885548335,0.18363421226488952,0.00645526362582971,0.48011454417534916,0.013649439688435239,-0.48520282267886206,-0.00906765318160152,-0.5442021222661606,0
2023-04-28,-0.009288353694173468,-0.00933175943903397,0.01992280773504713,-0.014538060063901282,714.6602416992188,714.2177808716276,711.0289855957031,709.3440499830983,696.4399627685547,699.7827074610387,684.4248327636719,693.4216016526467,1.0000827227385747,1.0051901889101855,1.0262469108038283,1.0442627533918705,62.28871298607262,61.69707483706738,58.23335509673877,10.759200046448086,8.665677306116805,2.093522740331281,736.0904468851804,656.7894786519289,696.4399627685547,0.11386619446421015,0.7305066128479266,0.2766643052679494,1273627.2,1.250823631907359,0.011956581856276127,-0.02314213917223129,-0.0021379534885548335,0.18363421226488952,0.00645526362582971,0.48011454417534916,-0.00719468659596989,0.36994390173130864,1
2023-05-02,0.017372131523569312,0.017222961173264044,0.02439354845433577,0.00812898709993922,718.11904296875,718.5237069417622,712.6746276855469,712.578869819268,700.2781433105469,702.3877409487523,684.8160412597656,694.7437176302697,1.0125557401681013,1.0202910708964723,1.038352497544071,1.061796913729439,72.14092435034321,66.84260002008423,61.90274446078792,11.555533350012183,9.243648514895881,2.3118848351163024,736.0164407702573,664.5398458508364,700.2781433105469,0.10206886449649441,0.8757511924254658,0.2338377849741664,1344828.9,1.4616030336647288,-0.009288353694173468,0.2766643052679494,0.011956581856276127,-0.02314213917223129,-0.0021379534885548335,0.18363421226488952,0.013649439688435239,-0.48520282267886206,0
2023-05-03,-0.007385891621603191,-0.00741330237107687,0.013106663152357244,0.0019836008304120957,719.5872924804687,719.6041428439873,713.9655151367188,714.2490779700261,702.9165802001953,704.2331955868175,684.9855322265626,695.8033763368645,1.0030263488401276,1.0109241964021543,1.0268146106937384,1.0536938091266284,63.73788387779384,62.90614596626547,59.52753946817722,11.619334720210077,9.71878575595872,1.9005489642513567,736.7692994799172,669.0638609204734,702.9165802001953,0.09632073060527443,0.7783887801227918,-0.38140553091514784,1382685.3,0.8793852078994403,0.017372131523569312,0.2338377849741664,-0.009288353694173468,0.2766643052679494,0.011956581856276127,-0.02314213917223129,0.00645526362582971,0.48011454417534916,1
2023-05-04,0.008533074320204781,0.008496873432328961,0.015906321654028624,0.006471830398525993,722.5927978515625,722.3773916160437,715.5766662597656,716.7354072773223,705.4096740722656,706.4894521176117,685.2131616210937,697.0630042907192,1.007377725496911,1.0172549266662483,1.03191651024279,1.062332030280937,68.6271001315007,65.42110377156254,61.31488070092566,12.028213706682209,10.180671346103418,1.8475423605787906,738.9159081163334,671.9034400281978,705.4096740722656,0.09499794311194906,0.8359705399639911,0.20441840822493051,1302299.1,1.1245250802983737,-0.007385891621603191,-0.38140553091514784,0.017372131523569312,0.2338377849741664,-0.009288353694173468,0.2766643052679494,-0.0021379534885548335,0.18363421226488952,0
2023-05-05,-0.007242477867202002,-0.007268831932951687,0.015204233701860755,-0.004006535727202498,722.8391479492187,722.4688999119979,717.3060668945312,717.8111362276103,707.9298645019531,708.028734440116,685.3195874023437,698.0664910441775,0.9997409777184265,1.0074526758605558,1.0207959188334432,1.0544743354601438,60.48308419551214,61.57276014776143,58.974050477826346,11.790930607189466,10.502723198320627,1.288207408868839,738.5367815528062,677.3229474511,707.9298645019531,0.08646878337979384,0.7405020403964985,-0.35425902102333406,1293475.8,0.7311052901028376,0.008533074320204781,0.20441840822493051,-0.007385891621603191,-0.38140553091514784,0.017372131523569312,0.2338377849741664,0.011956581856276127,-0.02314213917223129,0
2023-05-08,-0.0007500044974931841,-0.0007502858915729949,0.014942702496502794,-0.0038064000623959605,724.3172607421875,722.3492413801341,719.4887512207031,718.5927340619368,710.2086303710937,709.3698001426197,685.4063012695312,699.0093707803434,0.996952528200806,1.0036431050398718,1.016757461732187,1.0535501686793531,59.63428366815011,61.174350447239064,58.73200996257377,11.427419621322656,10.687662482921032,0.7397571384016235,737.7603028343749,682.6569579078125,710.2086303710937,0.07758754620845727,0.7159813340038377,0.19742678976849137,1265074.0,0.8950994171091968,-0.007242477867202002,-0.35425902102333406,0.008533074320204781,0.20441840822493051,-0.007385891621603191,-0.38140553091514784,-0.009288353694173468,0.2766643052679494,0
2023-05-09,-0.011189962952566579,-0.011253041594556137,0.02484129258415249,-0.012268266493345394,721.6960571289062,719.5760079252977,719.9075500488282,717.7630625989709,712.2730651855469,709.8135849876678,685.4309362792969,699.5983970640799,0.989377084663895,0.9918350501633099,1.0024660146732076,1.0417235394882656,47.93389783535587,55.41717716706412,55.186427216753664,10.367801581378103,10.623690302612447,-0.2558887212343439,733.8183656132785,690.7277647578153,712.2730651855469,0.060497304982658755,0.540762388901695,0.041375278509529156,1310080.8,0.9001116572351873,-0.0007500044974931841,0.19742678976849137,-0.007242477867202002,-0.35425902102333406,0.008533074320204781,0.20441840822493051,0.017372131523569312,0.2338377849741664,0
2023-05-10,-0.0003449967774087348,-0.00034505630248798003,0.014081523456426066,-0.0008965853987068274,720.0996948242188,717.6450729918652,719.8434936523438,717.0394517855217,714.0394165039063,710.19164385789,685.514697265625,700.1546639684298,0.9912283094346254,0.9915810998074108,0.9996411775414854,1.0412369070599539,47.6017183162801,55.24647914873416,55.079989594062816,9.399814036512794,10.378915049392518,-0.979101012879724,728.987984908078,699.0908480997346,714.0394165039063,0.04187042916303755,0.49143017003438294,-0.22012365811609214,1294122.6,0.7106320529445973,-0.011189962952566579,0.041375278509529156,-0.0007500044974931841,0.19742678976849137,-0.007242477867202002,-0.35425902102333406,-0.007385891621603191,-0.38140553091514784,0
2023-05-11,-0.018982482891284014,-0.019164963196262475,0.029411800073352232,-0.023230274108676945,714.5616821289062,711.841323889108,718.5772399902344,713.983883403353,713.8916076660156,709.2432802222428,685.72458984375,700.1577683494166,0.9799487478776846,0.9744725921086925,0.9808685494607867,1.0211589843134397,32.94925558202648,46.72182640373665,49.55961860854397,7.45343683040619,9.793819405595253,-2.3403825751890626,729.3172103447971,698.4660049872341,713.8916076660156,0.04321553163851776,0.057301511427859914,0.39688249270098797,1294845.2,0.9921155053901424,-0.0003449967774087348,-0.22012365811609214,-0.011189962952566579,0.041375278509529156,-0.0007500044974931841,0.19742678976849137,0.008533074320204781,0.20441840822493051,0
2023-05-12,-0.011187756321980546,-0.011250809994914953,0.025261509120136545,0.003929132596190848,708.5112548828125,705.3608093505512,715.6752014160156,710.0595010160956,713.1229888916016,707.6391373699756,685.7511962890625,699.8535335229077,0.9772601006711744,0.9674776754922819,0.9709402039466236,1.0096953297644302,27.284107345735677,42.62637377436581,46.71708138533253,5.218619877456604,8.878779499967523,-3.6601596225109194,731.0248410118371,695.2211367713661,713.1229888916016,0.05020691353131143,-0.07880068718530697,0.1671057015372448,1319991.0,1.135845623189855,-0.018982482891284014,0.39688249270098797,-0.0003449967774087348,-0.22012365811609214,-0.011189962952566579,0.041375278509529156,-0.007242477867202002,-0.35425902102333406,1
2023-05-15,0.004127190818137505,0.004118697327597072,0.01913400926025008,0.0052001186094175434,703.1407592773437,701.9930216633884,713.7290100097656,707.3682183384532,712.3789978027344,706.4599286956029,686.156201171875,699.673294807855,0.9887884283704683,0.9741196400011114,0.9759656705679397,1.0132641009461747,32.242013885925914,44.53623372356818,47.86244543333624,3.6361854240849425,7.830260684791008,-4.194075260706065,731.8806601703623,692.8773354351065,712.3789978027344,0.05475080660092147,0.061023281223115546,-0.3341859500328819,1260508.6,0.7919493766246418,-0.011187756321980546,0.1671057015372448,-0.018982482891284014,0.39688249270098797,-0.0003449967774087348,-0.22012365811609214,-0.0007500044974931841,0.19742678976849137,0
2023-05-16,-0.0039684497490934945,-0.0039763449405016095,0.014941302027748142,-0.010838218136010673,698.834521484375,698.8281317925193,710.2652893066406,704.6646062861491,711.4699584960938,705.1302547294295,686.5947119140625,699.391924503656,0.9909332334926224,0.9749854913039557,0.9733346345565809,1.0085984351965962,29.942387533624327,43.04630713882619,46.84166524948098,2.1348496547246896,6.691178478777744,-4.556328824053055,732.8119250365712,690.1279919556164,711.4699584960938,0.059994006171645235,0.055532841612070234,-0.12356111990976293,1151439.3,0.7598429200740325,0.004127190818137505,-0.3341859500328819,-0.011187756321980546,0.1671057015372448,-0.018982482891284014,0.39688249270098797,-0.011189962952566579,0.041375278509529156,0
2023-05-17,-0.01088587738312008,-0.01094556208847246,0.01373901327635419,-0.008911385495919421,693.0698608398437,694.2053878291275,706.5847778320312,701.0819323981846,710.275146484375,703.2092685554213,687.1445703125,698.8259627545849,0.9882984942850169,0.9693952111506878,0.9643585352699819,0.9968206538994222,24.39593790588249,39.18874388020831,44.14091968725435,0.332902659427873,5.419523314907771,-5.086620655479898,734.5436335589151,686.0066594098349,710.275146484375,0.06833545336525146,-0.02156622916533852,0.9275802279769532,1198494.5,1.4071528905639534,-0.0039684497490934945,-0.12356111990976293,0.004127190818137505,-0.3341859500328819,-0.011187756321980546,0.1671057015372448,-0.0003449967774087348,-0.22012365811609214,0
2023-05-18,-0.004387838126715171,-0.004397492941288492,0.029260892070209633,-0.012485730811092631,689.4139770507812,690.1217274655121,701.9878295898437,697.6042004600203,708.7822479248047,701.184996001408,687.4470910644532,698.1643331068868,0.9891798388764744,0.9714618658513388,0.9621493889483395,0.9920100260840918,22.46070852109588,37.736765740579216,43.100621740670604,-1.3224273774327457,4.071133176439668,-5.393560553872414,735.9849081678831,681.5795876817263,708.7822479248047,0.07675886444030795,0.006889382384032983,1.1746119842392222,1418788.4,2.5848865130275946,-0.01088587738312008,0.9275802279769532,-0.0039684497490934945,-0.12356111990976293,0.004127190818137505,-0.3341859500328819,-0.018982482891284014,0.39688249270098797,1
2023-05-19,0.002600969593062441,0.002597592925456288,0.02241116716886409,-0.0030891155374460546,687.6796508789063,687.9905347816956,698.0954528808594,695.0812820880279,707.7007598876953,699.5224391835656,687.81662109375,697.5982082561878,0.9942538630308554,0.9794192851314147,0.9661260636805915,0.9940558696107313,26.476426437541434,39.16922293482002,43.919635803348015,-2.462772835281953,2.7643519740953435,-5.227124809377297,737.0009750986675,678.4005446767231,707.7007598876953,0.08280396707676789,0.09091408883823329,-0.36487551013563535,1557147.7,1.4958503936396015,-0.004387838126715171,1.1746119842392222,-0.01088587738312008,0.9275802279769532,-0.0039684497490934945,-0.12356111990976293,-0.011187756321980546,0.1671057015372448,1
2023-05-22,0.01549329319360604,0.015374497578881938,0.028881601321394768,0.01820805720511199,687.492431640625,690.1008065536826,695.3165954589844,694.943112635233,707.4026733398438,699.02709736586,688.2561157226562,697.4697040146768,1.0099330816496914,0.9985686443156572,0.9815079533408787,1.008812467098286,45.97225132270211,47.01009528004386,48.56253523588975,-2.4830984490334913,1.7148618894695766,-4.1979603385030675,737.1170556901682,677.6882909895194,707.4026733398438,0.0840098107349088,0.2798822959205021,-0.0628680353416965,1662193.4,1.3132190273406212,0.002600969593062441,-0.36487551013563535,-0.004387838126715171,1.1746119842392222,-0.01088587738312008,0.9275802279769532,0.004127190818137505,-0.3341859500328819,0
2023-05-23,-0.0007096668082249291,-0.0007099187409135068,0.013350411504048141,-0.008309893540933023,687.7584838867188,691.343408796205,693.2965026855469,694.7404763890542,706.6020263671875,698.5320036435162,688.8444067382812,697.3269161427778,1.008825960764929,1.0007675079762295,0.9819227618810992,1.0072356057394285,45.32011170818885,46.7085104216876,48.36696426415114,-2.5100322975945346,0.8698830520567543,-3.379915349651289,736.8682083351304,676.3358443992446,706.6020263671875,0.0856668416974366,0.2889820873431157,0.06502310768069264,1776747.3,1.3084348010547138,0.01549329319360604,-0.0628680353416965,0.002600969593062441,-0.36487551013563535,-0.004387838126715171,1.1746119842392222,-0.0039684497490934945,-0.12356111990976293,0
2023-05-24,-0.011504098282781872,-0.011570782341397223,0.017313200851966682,-0.005714285714285727,687.9358520507812,689.5111861050221,690.5028564453125,693.1234335406182,705.1731750488282,697.323883365339,689.2503955078125,696.8767131851259,0.9969632178321609,0.9932569204034494,0.9725933501017907,0.9950618022023062,35.73886310317279,42.007222705577284,45.26628415666066,-3.139260533504853,0.06805433494443291,-3.207314868449286,736.5067952898321,673.8395548078242,705.1731750488282,0.0888678734520334,0.1916022761251047,-0.4901912371094109,1803301.0,0.6572291591919486,-0.0007096668082249291,0.06502310768069264,0.01549329319360604,-0.0628680353416965,0.002600969593062441,-0.36487551013563535,-0.01088587738312008,0.9275802279769532,1
2023-05-25,0.0009340643644744073,0.0009336283978154091,0.018158363555218646,0.0052669904964826805,688.8424438476562,688.5032459775668,689.1282104492187,691.9168757555342,703.8527252197266,696.2918340660359,689.5745971679687,696.4692877944409,0.9965811077031704,0.9961678470181318,0.975328134885534,0.9955229913369903,36.986281455105896,42.507391512275575,45.56039530613496,-3.5453665812009376,-0.6546298482846412,-2.8907367329162965,735.9887451375657,671.7167053018875,703.8527252197266,0.09131461388547439,0.22981471349800506,0.023528875733853427,1796144.2,0.675373391512775,-0.011504098282781872,-0.4901912371094109,-0.0007096668082249291,0.06502310768069264,0.01549329319360604,-0.0628680353416965,-0.004387838126715171,1.1746119842392222,1
2023-05-26,0.007248869495187771,0.00722272272104295,0.01610373036395882,0.0072489594717466245,690.3895385742187,689.490038334003,689.0345947265625,691.8344661721416,702.3548980712891,695.8320044451634,690.0140893554687,696.272987216105,1.0015557658577423,1.0035252632290204,0.984493202717996,1.0021007305702414,46.413154405127045,46.376255507609805,47.84615783950343,-3.4261714008976014,-1.2089381588072334,-2.217233242090368,733.8624337857775,670.8473623568007,702.3548980712891,0.08971970096886947,0.32716396605708137,0.20500169817355673,1792388.5,0.8155313426748722,0.0009340643644744073,0.023528875733853427,-0.011504098282781872,-0.4901912371094109,-0.0007096668082249291,0.06502310768069264,0.002600969593062441,-0.36487551013563535,1
2023-05-29,0.0007125997666153072,0.0007123459879562026,0.011179203196566283,-0.0014930505410148728,689.9165405273437,690.3121455104291,688.7044860839844,691.8566286614397,701.216748046875,695.4628954373652,690.538330078125,696.1037077120727,1.0029566175270683,1.0047217258563061,0.9867938291414359,1.0020535135030024,47.323504398081184,46.758305491326965,48.07283732719346,-3.2544335346684647,-1.6180372339794797,-1.636396300688985,732.4992223538106,669.9342737399393,701.216748046875,0.08922340886485647,0.35198760026567705,0.0037420925206721467,1839284.5,0.7977118276155755,0.007248869495187771,0.20500169817355673,0.0009340643644744073,0.023528875733853427,-0.011504098282781872,-0.4901912371094109,0.01549329319360604,-0.0628680353416965,1
2023-05-30,0.003417831487006362,0.003412003975496092,0.02838490021713129,0.004992155358549056,690.015087890625,691.6485470395048,688.8867858886719,692.3047598316608,699.5760375976563,695.3541768335834,691.179833984375,696.0338113350368,1.0062408232553226,1.0078889076119726,0.9924887543060442,1.0045451501314377,51.899262560806946,48.64937631065135,49.18588538111139,-2.8941333240868516,-1.8732564520009543,-1.0208768720858974,728.6101180055456,670.541957189767,699.5760375976563,0.08300478817882988,0.40950828429592323,1.2610537349911635,2083539.3,1.5922238663796742,0.0007125997666153072,0.0037420925206721467,0.007248869495187771,0.20500169817355673,0.0009340643644744073,0.023528875733853427,-0.0007096668082249291,0.06502310768069264,0
2023-05-31,-0.011779783348120576,-0.011849714722799155,0.020034485784278095,-0.006917259434094397,690.07421875,689.813163032847,689.0050354003906,691.184329865819,697.7949066162109,694.4768642798642,691.5079748535156,695.6459126559974,0.9943023176005751,0.9958452547749584,0.9833009506286228,0.9922407549455652,38.43027524747456,42.965681118064026,45.63394925899864,-3.231317514916441,-2.1448686645840516,-1.0864488503323892,725.5061051632041,670.0837080692178,697.7949066162109,0.07942505250252391,0.2897508551115329,3.5043772933577815,3409202.4,4.383164812977957,0.003417831487006362,1.2610537349911635,0.0007125997666153072,0.0037420925206721467,0.007248869495187771,0.20500169817355673,-0.011504098282781872,-0.4901912371094109,0
2023-06-01,-0.003518578101270098,-0.0035247828560827257,0.01549326277762265,-0.007225709903728791,689.5223754882812,687.7848251599189,689.1824096679687,689.8286606927724,695.5851196289062,693.4531771497878,692.1277978515625,695.1785493916078,0.9915967541008143,0.992085897467212,0.9829539622394893,0.9878640209747775,35.27744028044462,41.42714800297049,44.63493320262469,-3.6512584248071107,-2.4461466166286634,-1.2051118081784473,720.2103405335804,670.9598987242321,695.5851196289062,0.07080433496855623,0.2592514954334251,-0.86645933346075,3242012.8,0.615516076926038,-0.011779783348120576,3.5043772933577815,0.003417831487006362,1.2610537349911635,0.0007125997666153072,0.0037420925206721467,0.0009340643644744073,0.023528875733853427,1
2023-06-02,0.01837576219389714,0.018208968089677174,0.01882251380201366,0.012320881928277298,690.4880859375,690.6206085376023,690.4388122558594,691.0038451655354,694.2671325683593,693.7235579253288,692.7229870605469,695.2222209955828,1.0084057777008393,1.0084777433325116,1.0029168062689617,1.0051524033402834,56.79708035161041,51.21717989498874,50.550337308939795,-2.9364037009077038,-2.544198033484472,-0.39220566742323193,715.5516535158658,672.9826116208528,694.2671325683593,0.06131507585204828,0.547570784646827,0.706406028330588,3349602.0,1.0165840598375568,-0.003518578101270098,-0.86645933346075,-0.011779783348120576,3.5043772933577815,0.003417831487006362,1.2610537349911635,0.007248869495187771,0.20500169817355673,1
2023-06-05,0.007854540622232564,0.007823854297956153,0.01544618356090135,0.004513734610243165,692.4490600585938,694.3341491813183,691.1828002929688,692.9597334024834,693.2496978759766,694.4890505485117,693.5901501464843,695.4786527396286,1.0134481667277708,1.0153048226479267,1.012277729970675,1.011780848272629,63.03820239471735,54.76173582813825,52.85272254218172,-1.9065911402300344,-2.4166766548335845,0.5100855146035501,710.7161866116927,675.7832091402605,693.2496978759766,0.050390180592161986,0.7436532242272801,-0.2792442158235521,3376747.9,0.7268185463297393,0.01837576219389714,0.706406028330588,-0.003518578101270098,-0.86645933346075,-0.011779783348120576,3.5043772933577815,0.0007125997666153072,0.0037420925206721467,1
2023-06-06,0.0009828090177685933,0.000982326377189013,0.01220454864977751,-0.0016106784510680453,694.0749755859375,697.0397420323372,692.0450317382813,694.6854050991909,692.670767211914,695.2473245662129,694.518408203125,695.7520752884421,1.0120677915831304,1.0150364434666284,1.014119493683597,1.0114216116341297,63.807442363207976,55.203781525430784,53.141615838706905,-1.0230118177662462,-2.137943687420117,1.114931869653871,707.977946439305,677.3635879845231,692.670767211914,0.04419756095382594,0.8194631870828344,-0.007043604995837893,3387971.7,0.7193082516008029,0.007854540622232564,-0.2792442158235521,0.01837576219389714,0.706406028330588,-0.003518578101270098,-0.86645933346075,0.003417831487006362,1.2610537349911635,1
2023-06-07,0.023707710760211498,0.02343104716120257,0.024940064689319988,0.02027263194687171,700.6673828125,704.3946384056728,695.37080078125,699.125228017946,692.9368286132812,697.5194299553682,695.8487145996094,696.6678539497717,1.0263135530383003,1.0341308987153746,1.037763330593107,1.0334206503005696,77.18395720055429,64.27999223353984,59.442335903801606,1.0093940416403484,-1.5084761416080243,2.5178701832483728,709.8077298650983,676.0659273614642,692.9368286132812,0.04869390846371785,1.2755247377861392,0.504920812344378,3636202.1,1.0086034546869658,0.0009828090177685933,-0.007043604995837893,0.007854540622232564,-0.2792442158235521,0.01837576219389714,0.706406028330588,-0.011779783348120576,3.5043772933577815,1
2023-06-08,0.02610482415812787,0.025769909325250303,0.04887825483139985,0.026104813693687914,711.4970581054688,715.5552675634174,700.509716796875,706.1709185381205,694.8189636230469,701.362962900467,697.4450817871094,698.2838802999339,1.0370760040015894,1.0533423137267723,1.0619694690417503,1.0579707924646866,84.64647890323883,71.33121340760977,65.01077666941504,4.08772078669449,-0.3892367559475215,4.476957542642012,720.5817978049647,669.0561294411291,694.8189636230469,0.07415696902566021,1.33565266833259,1.6225954236771454,4476728.5,2.1485180528593593,0.023707710760211498,0.504920812344378,0.0009828090177685933,-0.007043604995837893,0.007854540622232564,-0.2792442158235521,-0.003518578101270098,-0.86645933346075,0
2023-06-09,-0.000400682616272241,-0.00040076291100091667,0.020641298873789266,-0.003992015968063898,719.7547973632812,722.897135569622,705.1214416503906,711.8818190915588,697.0780181884766,704.8122875368065,699.2326196289063,699.8249387815848,1.0247668710011428,1.0460338149066448,1.058103759316369,1.0548433395076406,84.14080540091666,71.09318056759405,64.86350411007345,6.429346574245983,0.9744799100911794,5.454866664154803,728.82476573542,665.3312706415331,697.0780181884766,0.09108520629999184,1.1379055576270254,-0.7495684282888135,4571427.0,0.5269107436255681,0.02610482415812787,1.6225954236771454,0.023707710760211498,0.504920812344378,0.0009828090177685933,-0.007043604995837893,0.01837576219389714,0.706406028330588,0
2023-06-12,-0.0016032074078211611,-0.0016044939200318738,0.017797387943559426,-0.00967398360608274,726.6822265625,727.3975492013626,709.5656433105469,716.3393749776105,699.1350646972656,707.8204864823339,700.9758129882813,701.2591912397519,1.0133705621896176,1.0378157164277377,1.053299160132547,1.0505332178660416,81.8589433557811,70.08581468808363,64.25223956036592,8.09635467110786,2.398854862294516,5.697499808813345,735.1834410412879,663.0866883532434,699.1350646972656,0.10312278174641877,1.0168514583286818,-0.2927326138959304,4595067.0,0.370749545110006,-0.000400682616272241,-0.7495684282888135,0.02610482415812787,1.6225954236771454,0.023707710760211498,0.504920812344378,0.007854540622232564,-0.2792442158235521,1
2023-06-13,0.012511820200178159,0.01243419420219427,0.015132426884862302,0.002185462800082877,735.314453125,733.4690529832001,714.6947143554687,721.6616814447494,701.7907501220703,711.4196840122901,702.880615234375,702.9985194478744,1.0140043587857024,1.0432595142658756,1.0624421316712742,1.0607947415056413,85.44671308942266,73.26462240888745,66.8110908175334,10.045143737345484,3.9281126373047095,6.117031100040775,742.954907035928,660.6265932082126,701.7907501220703,0.11731176823489785,1.032275087238,1.0071465509600444,4605262.2,0.7425012630116913,-0.0016032074078211611,-0.2927326138959304,-0.000400682616272241,-0.7495684282888135,0.02610482415812787,1.6225954236771454,0.0009828090177685933,-0.007043604995837893,1
2023-06-14,0.021410092314180673,0.021184116046288618,0.025684125267505124,0.014838143226444018,743.8087036132813,742.8379298533835,722.2380432128906,728.9187727445676,705.6215393066407,716.196445877191,704.7322033691406,705.2956631398696,1.0238864911020267,1.0544663089275457,1.0792976704510624,1.0806596888191793,89.6030645664754,77.68846240257855,70.63504740273218,12.730949616486328,5.688680033141034,7.042269583345294,753.5170524737534,657.7260261395279,705.6215393066407,0.13575411321535324,1.0841272030208664,0.39152714223172214,3586773.2,1.3265979571833535,0.012511820200178159,1.0071465509600444,-0.0016032074078211611,-0.2927326138959304,-0.000400682616272241,-0.7495684282888135,0.023707710760211498,0.504920812344378,0
2023-06-15,-0.0029113641215946506,-0.002915610385735591,0.012328056450788836,-0.00951159950393639,748.1050903320313,748.3447730598077,729.80107421875,734.4532612405837,709.4917419433593,720.3071138386638,706.3581323242188,707.4157727999789,1.0150424977533976,1.0405006052992554,1.0702851274811285,1.0750332228412858,85.63981155901021,75.81210966831193,69.46777876694911,14.513258855538197,7.4535957976204665,7.059663057917731,761.449137882033,657.5343460046856,709.4917419433593,0.1464637087849899,0.9798808391798114,-0.533004455881061,3609428.2,0.6156268740849312,0.021410092314180673,0.39152714223172214,0.012511820200178159,1.0071465509600444,-0.0016032074078211611,-0.2927326138959304,0.02610482415812787,1.6225954236771454,1
2023-06-16,0.007137340391850433,0.007111990128748691,0.01172526204380735,-0.0010940686115431645,753.5445678710937,753.8226017989864,736.6496826171875,739.9668972472673,713.5442474365234,724.5424610233,708.2087353515625,709.665282073601,1.0149077995983533,1.0381844685797192,1.0718021510577425,1.0798769078973582,87.24829841117086,77.25803003082734,70.71009315526604,16.176610422057706,9.198198722507914,6.978411699549792,769.3335568911193,657.7549379819275,713.5442474365234,0.15637238939287762,0.9591740993184107,0.028679230678185785,3497491.8,0.6535506387749073,-0.0029113641215946506,-0.533004455881061,0.021410092314180673,0.39152714223172214,0.012511820200178159,1.0071465509600444,-0.000400682616272241,-0.7495684282888135,0
2023-06-19,-0.005733700863526758,-0.005750201630192632,0.018337360158586287,-0.011338854049887884,758.3435424804687,756.0128177032306,742.5128845214844,743.6807794771674,716.8478424072266,727.9568218317208,709.885908203125,711.6546141299979,1.0027028739831365,1.0240808817772333,1.0607456764580103,1.0711485334825688,78.90572563364944,73.43321088578108,68.34758715031901,16.945655908288927,10.747690159664117,6.19796574862481,775.4469373931311,658.2487474213222,716.8478424072266,0.16349102701941456,0.8715535804347033,-0.37769338188843404,3394309.6,0.4190722614106857,0.007137340391850433,0.028679230678185785,-0.0029113641215946506,-0.533004455881061,0.021410092314180673,0.39152714223172214,-0.0016032074078211611,-0.2927326138959304,1
2023-06-20,0.0019439275861690142,0.0019420406039809637,0.023216725913751,0.0012302670189243217,761.59541015625,757.9656781107475,748.454931640625,746.9881648314608,720.2499816894531,731.1867815549647,711.6685192871093,713.6238998082639,1.0003623823960213,1.0179255513164263,1.0577874603185673,1.0705425043796528,79.67021319368605,73.90224335228328,68.71752577428511,17.472986588272306,12.092749445385756,5.38023714288655,780.9706772782672,659.529286100639,720.2499816894531,0.16861005798676934,0.8427284291848232,0.6046478602928305,3378864.9,0.6755372196147884,-0.005733700863526758,-0.37769338188843404,0.007137340391850433,0.028679230678185785,-0.0029113641215946506,-0.533004455881061,0.012511820200178159,1.0071465509600444,0
2023-06-21,-0.01862527389342894,-0.01880090855526466,0.028929175890650756,-0.018625136078829763,758.8165405273437,754.537563890238,751.3126220703125,747.1141958528713,723.3417114257812,732.7576914496556,713.0530224609375,714.959485519674,0.9853255635803794,0.9951667434907624,1.0336488600601528,1.0485634474541172,56.66849405407603,62.49546445875536,61.475199242290735,16.555044176017418,12.98520839151209,3.5698357845053277,783.0287865572888,663.6546362942737,723.3417114257812,0.16503147596412804,0.7038935897747581,0.21276826915873448,3288936.6,0.8416711346761746,0.0019439275861690142,0.6046478602928305,-0.005733700863526758,-0.37769338188843404,0.007137340391850433,0.028679230678185785,0.021410092314180673,0.39152714223172214,0
2023-06-22,-0.008434849568706548,-0.008470624223593742,0.02365918571221583,-0.0024529787737339603,755.2197998046875,750.1499612132836,751.6624450683594,746.0706613085991,726.0860809326172,733.5783642505812,713.8167175292969,715.9953784741722,0.9816675305005337,0.9863134186409316,1.0210562842729616,1.0386066025820515,49.289826572395214,58.19619912592462,58.593435377136956,15.144108083169158,13.416988329843505,1.7271197533256526,783.7559193289724,668.416242536262,726.0860809326172,0.1588512434291028,0.632553474674936,-0.28745182343924924,2524351.2,0.7813801819651718,-0.01862527389342894,0.21276826915873448,0.0019439275861690142,0.6046478602928305,-0.005733700863526758,-0.37769338188843404,-0.0029113641215946506,-0.533004455881061,0
2023-06-23,-0.007775702405693585,-0.007806090809600779,0.019892882278759193,-0.004666666666666662,749.3861572265625,745.303322937762,751.4653625488281,744.1687313228027,728.2934020996094,733.7718577873562,714.3734753417968,716.7645811374093,0.9816168063594497,0.9789008024157878,1.010046286655922,1.0297275469736067,43.280098253878336,54.50513655019747,56.070724626147616,13.406228530176804,13.414836369910166,-0.008607839733361544,783.8336529030483,672.7531512961704,728.2934020996094,0.15252163659129978,0.5658679442500497,-0.13576780070550853,2453945.7,0.6946685902626125,-0.008434849568706548,-0.28745182343924924,-0.01862527389342894,0.21276826915873448,0.0019439275861690142,0.6046478602928305,0.007137340391850433,0.028679230678185785,1
2023-06-26,0.003081088279476729,0.003076351454207564,0.01896361031432211,-0.0014669110351786746,744.8828125,742.8277239181434,751.6131774902344,743.024693969367,730.5894104003906,734.16277855798,714.9282604980468,717.5925005390367,0.9905941088940164,0.9817237749114548,1.0099742966087093,1.0320986966788426,46.284240080065,55.69492384380204,56.837882777952096,12.072666235554607,13.146402343039053,-1.0737361074844465,783.673532013325,677.5052887874563,730.5894104003906,0.14531861770030932,0.5686374310914475,-0.05991861224312611,2443837.5,0.6557461369669628,-0.007775702405693585,-0.13576780070550853,-0.008434849568706548,-0.28745182343924924,-0.01862527389342894,0.21276826915873448,-0.005733700863526758,-0.37769338188843404,1
2023-06-27,0.018295909406024435,0.018130553106028003,0.020918048796106484,0.016666666666666618,742.7838623046875,745.6773652618352,752.1896362304688,744.5432310566127,733.4421752929687,735.8021946904789,715.7422106933594,718.9173690649262,1.0115683526266575,0.9989191711210963,1.0244524698202502,1.0497866923641952,60.73579218500147,62.05963940679746,61.087900396049086,11.96720504468692,12.910562883368627,-0.9433578386817061,784.5177889128287,682.3665616731088,733.4421752929687,0.13927645652353746,0.6755678628721994,0.7369814238298398,2380253.9,1.1694454108446162,0.003081088279476729,-0.05991861224312611,-0.007775702405693585,-0.13576780070550853,-0.008434849568706548,-0.28745182343924924,0.0019439275861690142,0.6046478602928305,1
2023-06-28,0.027409974611217747,0.027041047599598005,0.03759255972586684,0.020052115122477246,747.6419677734375,754.4421977722131,753.2292541503906,749.5302550086774,737.7336486816406,739.2469249859541,717.0045251464844,720.9979374464182,1.0325421740194554,1.0248830067861863,1.0464099938677234,1.0766624696479488,73.44927567447574,69.3042773936683,66.38922552960665,13.391123471916671,13.006675001078237,0.3844484708384339,786.56504075937,688.9022566039112,737.7336486816406,0.13238217387804688,0.8505758555564832,1.9964161221334993,2738508.8,3.045728755737429,0.018295909406024435,0.7369814238298398,0.003081088279476729,-0.05991861224312611,-0.007775702405693585,-0.13576780070550853,-0.01862527389342894,0.21276826915873448,1
2023-06-30,0.0017870037342702094,0.0017854089427466707,0.011467890086632012,-0.001907668858307209,754.0372924804688,760.7452583129859,754.6285461425781,753.861368533378,742.214810180664,742.4949682629615,718.2353051757813,723.0510136012462,1.0256142330182731,1.024810661281843,1.0419508864371598,1.0767381856914717,74.10451384143222,69.72133613591417,66.70822257584385,14.464170589991454,13.298174118860882,1.1659964711305726,786.6511396502178,697.7784807111102,742.214810180664,0.11973980809878336,0.8503503730568127,-0.6984157908966275,2767846.7,0.9088075578752247,0.027409974611217747,1.9964161221334993,0.018295909406024435,0.7369814238298398,0.003081088279476729,-0.05991861224312611,-0.008434849568706548,-0.28745182343924924,1
2023-07-03,0.011722738382564435,0.011654559397287876,0.026763224181360203,0.00761421319796943,763.3987182617187,767.9692306396469,756.3924377441406,759.0533333987581,746.5210601806641,746.2970832182002,719.7764904785156,725.3790983734706,1.0249128752463137,1.0344063957414014,1.0480845310695153,1.0870279672135568,78.2246674289838,72.37745076299572,68.75449740450145,15.863240562261808,13.811187407541066,2.052053154720742,788.9696240385338,704.0724963227944,746.5210601806641,0.11372368744050372,0.9228189584045228,0.9010367967433133,3017462.3,1.584756833581649,0.0017870037342702094,-0.6984157908966275,0.027409974611217747,1.9964161221334993,0.018295909406024435,0.7369814238298398,-0.007775702405693585,-0.13576780070550853,1
2023-07-04,0.00333759181497828,0.003332034417532905,0.016883213198824455,-0.0016916987292449513,772.8291259765625,773.6556752441396,758.8559692382812,763.7761026813703,750.6844268798828,749.9857957167645,721.4714001464844,727.7182931216923,1.0157854279380931,1.0344895425163685,1.0457504329961778,1.0880938098083115,79.32987750674266,73.10920310694061,69.32475358172348,16.98691627909841,14.446333181852536,2.5405830972458734,791.038152735097,710.3307010246687,750.6844268798828,0.10751182363790047,0.9255386193639973,-0.48282414014049513,3122526.8,0.792020744225478,0.011722738382564435,0.9010367967433133,0.0017870037342702094,-0.6984157908966275,0.027409974611217747,1.9964161221334993,0.003081088279476729,-0.05991861224312611,0
2023-07-05,-0.005962490168643697,-0.005980336788707944,0.01957317782818431,-0.006024837102326281,778.6233642578125,775.8863966145827,760.70361328125,766.7891457130246,754.5792724609375,752.8774189204506,722.8815258789062,729.7821968955659,1.002214774404182,1.0258237580724567,1.0341495822042543,1.0794961711141986,71.71792478544836,69.5525645239687,67.02259846553605,17.300314724338705,15.01712949034977,2.2831852339889345,790.3344598044846,718.8240851173905,754.5792724609375,0.09476853830595511,0.8603472504134678,0.021749168858916645,3146961.3,0.8029631632266975,0.00333759181497828,-0.48282414014049513,0.011722738382564435,0.9010367967433133,0.0017870037342702094,-0.6984157908966275,0.018295909406024435,0.7369814238298398,1
2023-07-06,0.004609072398368719,0.004598483149458493,0.01954621083724452,-0.011063489687376681,781.0178955078125,778.5724374240449,764.329931640625,769.9083045002872,757.8212768554688,755.8361903606905,724.2719409179688,731.9062095287974,1.0037471913921427,1.0256624614454668,1.034471507973353,1.0823897416892456,73.95803062756254,70.73085151637942,67.88311185631255,17.63561485195612,15.540826562671041,2.094788289285079,791.8383566858454,723.8041970250922,757.8212768554688,0.08977599565831221,0.8839724385185528,0.3126482551306069,3201833.3,1.0359449381702666,-0.005962490168643697,0.021749168858916645,0.00333759181497828,-0.48282414014049513,0.011722738382564435,0.9010367967433133,0.027409974611217747,1.9964161221334993,0
2023-07-07,-0.008987439960006727,-0.009028070625509001,0.022196853701274163,-0.009547708022534492,781.727392578125,778.0145798647279,767.8823425292969,771.1793154540701,759.7723937988281,757.8421593497765,725.5519909667969,733.670627380456,0.9938232587499501,1.0117420621850708,1.0225415809880036,1.070769392708684,62.622231031611925,65.39221146009085,64.42526102285277,17.135292217695223,15.859719693675878,1.2755725240193456,793.464626501946,726.0801610957103,759.7723937988281,0.08869033141532867,0.7541605226667085,-0.23187212968163562,3259367.6,0.7816918226713673,0.004609072398368719,0.3126482551306069,-0.005962490168643697,0.021749168858916645,0.00333759181497828,-0.48282414014049513,0.0017870037342702094,-0.6984157908966275,1
2023-07-10,0.028158310766895456,0.027769153976857305,0.03213667478109491,0.027376394912468318,784.9989624023438,784.9347280478395,774.1988403320313,776.1967170831596,762.8321014404297,761.740527451137,727.0990881347657,736.2237409896171,1.0175491467779265,1.0317440207886275,1.0471177378426564,1.0985779482452216,75.96621550382064,72.36639967661623,69.49168756746948,18.293134318580087,16.346402618656718,1.9467316999233688,798.9356692479845,726.7285336328749,762.8321014404297,0.09465665574215257,0.9977752221777875,0.8751474299018651,3566653.7,1.3395020660402213,-0.008987439960006727,-0.23187212968163562,0.004609072398368719,0.3126482551306069,-0.005962490168643697,0.021749168858916645,0.011722738382564435,0.9010367967433133,0
2023-07-11,-0.012140706174692206,-0.012215006532841634,0.02809132647133082,-0.02225487542219624,785.8087158203125,786.3155958795494,779.3189208984375,778.5386469849431,765.4660491943359,764.3440326027401,728.5862475585938,738.2964308152389,1.0041595564631072,1.0125217165692337,1.0308456297617432,1.0830252893011274,64.12621110178783,66.01533318641023,65.17148336905267,18.218201669230893,16.720762428771554,1.4974392404593395,801.1554165572289,729.7766818314429,765.4660491943359,0.09324872710019358,0.8307887487686595,-0.3540631789582086,3714998.9,0.8306836914541214,0.028158310766895456,0.8751474299018651,-0.008987439960006727,-0.23187212968163562,0.004609072398368719,0.3126482551306069,0.00333759181497828,-0.48282414014049513,1
2023-07-12,0.010408761654619347,0.010354963487864955,0.032456203280020406,0.0014916248689015143,789.1972778320312,789.9739470577205,783.9103210449218,781.9481019720556,768.0499786376953,767.4818056323898,729.9893493652344,740.6099295838202,1.0102551944987244,1.017068697796076,1.0380713125312913,1.0921949068261754,68.91360086254521,68.53408269508004,66.99611813152623,18.6070723676429,17.098024416545822,1.5090479510970773,805.0736067699687,731.0263505054219,768.0499786376953,0.09640942428757807,0.8948920223579896,7.402400656645243,6029612.8,4.300394877760642,-0.012140706174692206,-0.3540631789582086,0.028158310766895456,0.8751474299018651,-0.008987439960006727,-0.23187212968163562,-0.005962490168643697,0.021749168858916645,0
2023-07-13,-0.004406019837998154,-0.004415754949324389,0.021691733322295407,-0.010546426130785939,791.1639282226563,791.2418883705117,786.0909118652344,784.0989508855171,769.6600830078125,769.9861832860759,731.4296044921875,742.6949429725369,1.0033037941698244,1.009778587965888,1.0313355057911149,1.0852415134976563,64.61110943045114,66.27173438228265,65.45610330815067,18.41946711661626,17.36231295655991,1.0571541600563492,808.1877335514201,731.132432464205,769.6600830078125,0.10011601587298768,0.8129919375823806,-0.8823758424504148,5500533.4,0.5544845887127965,0.010408761654619347,7.402400656645243,-0.012140706174692206,-0.3540631789582086,0.028158310766895456,0.8751474299018651,0.004609072398368719,0.3126482551306069,1
2023-07-14,0.0033658701809384795,0.0033602183186399923,0.01963104840330321,-0.0037752800296510067,795.0740600585938,792.9777668889349,788.4007263183594,786.3445096201106,771.5146362304688,772.5065014422382,732.8001171875,744.802965755017,1.001729982068697,1.0102090185089097,1.0323193968388487,1.0868578009820316,66.46868147721231,67.15966354972406,66.07878927827528,18.27570577625295,17.54499152049852,0.7307142557544282,811.4261950228179,731.6030774381197,771.5146362304688,0.1034628687988405,0.8123767706623927,-0.340351237278116,5450179.7,0.3691443421581127,-0.004406019837998154,-0.8823758424504148,0.010408761654619347,7.402400656645243,-0.012140706174692206,-0.3540631789582086,-0.008987439960006727,-0.23187212968163562,0
2023-07-17,-0.008324450807795758,-0.008359292542022485,0.018793459301102954,-0.009309253115773995,793.282958984375,791.9250176069462,789.1409606933594,786.9763295151756,772.76669921875,774.1553602613554,734.1434692382812,746.5683207859171,0.995634042176022,1.0008598696347142,1.0220672291410315,1.075838105408,57.70027023960279,62.745303292733475,63.114414136869,17.425912817780954,17.52117577995501,-0.09526296217405417,813.3203657656061,732.2130326718939,772.76669921875,0.10495707588811724,0.710250037496804,-0.1204382119813927,5148944.6,0.34368072245329656,0.0033658701809384795,-0.340351237278116,-0.004406019837998154,-0.8823758424504148,0.010408761654619347,7.402400656645243,0.028158310766895456,0.8751474299018651,0
2023-07-18,-0.009083488358129221,-0.009124994778416431,0.01580477887740693,-0.011127736327510409,791.996533203125,788.8317459502039,788.9026245117187,786.1888519009108,773.879296875,774.9639166780566,735.3541748046875,747.9831004663407,0.9881927127526859,0.992068194881627,1.0113272260895418,1.0643105451119412,49.46276500015974,58.28115347360502,60.0534045067283,15.989224572123021,17.21478553838861,-1.22556096626559,814.2345306203285,733.5240631296715,773.879296875,0.10429335403670026,0.6086092799887878,-0.13657038652390696,5054425.9,0.30229328319958154,-0.008324450807795758,-0.1204382119813927,0.0033658701809384795,-0.340351237278116,-0.004406019837998154,-0.8823758424504148,-0.012140706174692206,-0.3540631789582086,1
2023-07-19,0.0012643826154525861,0.0012635839568892408,0.011112498448879368,-0.00515072309791139,789.2653564453125,787.099419175136,789.2313171386719,785.7244725780179,774.9674652099609,775.7897118158608,736.746279296875,749.3812049823666,0.9928660357706925,0.9929088577808063,1.011184082950748,1.0636426509990302,50.59770956131198,58.717439958817536,60.3320347671217,14.76034023544912,16.723896477800714,-1.9635562423515935,815.1421383363713,734.7927920835505,774.9674652099609,0.10368092837426654,0.6078702045411455,0.023047687737373534,4958049.9,0.31527193786411867,-0.009083488358129221,-0.13657038652390696,-0.008324450807795758,-0.1204382119813927,0.0033658701809384795,-0.340351237278116,0.010408761654619347,7.402400656645243,1
2023-07-20,0.009028845698505261,0.00898832936571065,0.019648347971815538,0.005094324267885241,788.6518188476563,788.3029737860281,789.9078735351562,786.6309472016169,777.1189025878906,777.2106995484276,738.2848168945312,751.00194529709,1.002609851535198,1.0010155734605684,1.0174891903602676,1.0710095411873688,58.39219195573052,61.79395286354312,62.30588346562467,14.193742894114735,16.217865761063518,-2.024122866948783,815.7989886427476,738.4388165330336,777.1189025878906,0.09954740754869851,0.6756870499285673,0.13874434309534567,4804358.6,0.3704989881479705,0.0012643826154525861,0.023047687737373534,-0.009083488358129221,-0.13657038652390696,-0.008324450807795758,-0.1204382119813927,-0.004406019837998154,-0.8823758424504148,0
2023-07-21,-0.015768745242182303,-0.015894394543799983,0.05181511776653475,-0.014473668913494605,785.0102294921875,784.9491749068313,790.0421447753906,785.1056071919479,778.9622436523438,777.3088783674762,739.8449719238281,752.0701661540055,0.9913776252977894,0.9850633694607418,0.9990748376962055,1.0518981768907156,44.09017482336795,54.137254811256234,57.05286219781433,12.593436898371351,15.492979988525086,-2.8995430901537347,813.9948100250119,743.9296772796756,778.9622436523438,0.08994676355149103,0.4897143347101666,3.7582867511980274,5396556.3,1.5694820046628626,0.009028845698505261,0.13874434309534567,0.0012643826154525861,0.023047687737373534,-0.009083488358129221,-0.13657038652390696,0.0033658701809384795,-0.340351237278116,0
2023-07-24,-0.013732490190742297,-0.013827653053915546,0.02036999586882539,-0.016920121148209694,780.5572021484375,779.1509107126271,786.9200805664062,781.9144753978153,780.5594604492187,776.3798787443088,741.3480639648437,752.6773903175433,0.9833416182844393,0.9753905145891708,0.9833387732979171,1.03534954717386,35.41584026645124,48.58084115797617,53.029094293001485,10.343581196089076,14.463100230037885,-4.119519033948809,810.0080862089266,751.1108346895109,780.5594604492187,0.07545517606758596,0.27919040720070304,-0.6799496280784973,5189878.5,0.5223170446090405,-0.015768745242182303,3.7582867511980274,0.009028845698505261,0.13874434309534567,0.0012643826154525861,0.023047687737373534,-0.008324450807795758,-0.1204382119813927,1
2023-07-25,0.03210197898137901,0.03159747901972996,0.03560052518215812,0.028984560145204057,782.467041015625,783.4987394659702,787.231787109375,783.7835520477863,783.2753540039063,777.8860233374849,743.2868029785157,754.2270768530379,1.0124316494460972,1.0063038738330212,1.0113868551118812,1.06579908831713,57.76599853469939,59.02319396993562,59.879123617351624,10.42858338197027,13.656196860424362,-3.227613478454092,805.6455354248945,760.905172582918,783.2753540039063,0.05711958459215535,0.6993511541301561,0.7891902719604302,5366286.5,0.9038035893163736,-0.013732490190742297,-0.6799496280784973,-0.015768745242182303,3.7582867511980274,0.009028845698505261,0.13874434309534567,-0.009083488358129221,-0.13657038652390696,1
2023-07-26,0.006120817026294079,0.006102160914154866,0.011049753900524978,-0.0024769335188111023,785.1487426757812,788.0135842859073,787.2070495605469,786.1944105710581,785.5586853027344,779.7105233935131,745.3777014160156,755.9061434049103,1.0151493985833353,1.0124950918195224,1.0146196443854745,1.0693146205093271,60.874568992774144,60.714008600194894,61.05274982061206,10.763141280195214,13.077585744378533,-2.3144444641833193,803.2780601147716,767.8393104906971,785.5586853027344,0.045112797155844944,0.8240686746816002,-0.3686665076311285,3079516.0,0.9943156651889453,0.03210197898137901,0.7891902719604302,-0.013732490190742297,-0.6799496280784973,-0.015768745242182303,3.7582867511980274,0.0012643826154525861,0.023047687737373534,0
2023-07-27,-0.014526037968238481,-0.014632573812213584,0.02960629921259846,-0.015198511166253047,784.0998046875,787.1641872127404,786.3758117675782,786.0618619338486,786.2333618164063,780.258606219503,747.3878112792969,757.0653296661454,1.00174160020286,0.9988422600396043,0.9990232305225184,1.0509475552216088,50.51674461070564,54.88997923930268,56.8811291818733,9.979010775433267,12.457870750589482,-2.4788599751562153,802.8236264810508,769.6430971517617,786.2333618164063,0.04220188425054028,0.476854837293927,-0.06419441341001064,3061064.6,0.936094912861362,0.006120817026294079,-0.3686665076311285,0.03210197898137901,0.7891902719604302,-0.013732490190742297,-0.6799496280784973,0.009028845698505261,0.13874434309534567,1
2023-07-28,0.013102428187284687,0.013017333863966635,0.024870981026920726,0.011509464671776807,787.6028686523438,790.0284237993791,786.3065490722656,787.8245955772682,787.3536376953125,781.7346339102795,749.6638610839843,758.5826460311066,1.0103529693007147,1.0120186559701694,1.0106727890429785,1.061484937825365,57.938606339250214,58.68390129766362,59.46610778404782,10.071917263933983,11.980680053258384,-1.9087627893244008,803.3275933611608,771.3796820294642,787.3536376953125,0.04057631768262644,0.7630300050008779,-0.26317778692120286,3071006.8,0.6875025480243158,-0.014526037968238481,-0.06419441341001064,0.006120817026294079,-0.3686665076311285,0.03210197898137901,0.7891902719604302,-0.015768745242182303,3.7582867511980274,1
2023-07-31,0.015668660707375714,0.015547174616149814,0.018365472910927418,0.013086067518266827,795.737060546875,796.0940631318778,788.1471313476562,791.5338221626512,788.6440460205079,784.2575584709077,752.1538049316406,760.529418414078,1.0156939796688838,1.0254752058982781,1.0248290668967506,1.0745479667823132,65.29586540949245,62.769302209697194,62.338292230737494,11.02456133903388,11.789456310413483,-0.7648949713796025,806.8308137168918,770.4572783241239,788.6440460205079,0.04612161288265417,1.0383390854071455,1.0016198358850485,3316654.5,1.2741966339876523,0.013102428187284687,-0.26317778692120286,-0.014526037968238481,-0.06419441341001064,0.006120817026294079,-0.3686665076311285,-0.013732490190742297,-0.6799496280784973,1
2023-08-01,0.005081194904320796,0.005068329197199007,0.009806294985451625,-0.002551610675501226,799.764599609375,801.5067395163039,791.1158203125,795.3153258212884,790.0092224121094,786.9313235960743,754.5140197753906,762.560895820787,1.015713989693867,1.0268181616748298,1.0282564674433663,1.0766295535859989,67.4815856331877,64.03088523765597,63.2391472928317,11.972902903045906,11.826145628939969,0.14675727410593709,810.8158093185652,769.2026355056535,790.0092224121094,0.05267428864419536,1.0364375707896747,-0.4306393410426236,3404478.4,0.7067625983469303,0.015668660707375714,1.0016198358850485,0.013102428187284687,-0.26317778692120286,-0.014526037968238481,-0.06419441341001064,0.03210197898137901,0.7891902719604302,0
2023-08-02,-0.020282737215300384,-0.020491256306326498,0.02424619210444512,-0.015605875152998713,799.527099609375,799.623084319463,792.3379211425781,795.4135891130144,790.784619140625,787.7812712465226,756.5545629882813,763.8665773151005,0.995408128523239,1.0044398389744242,1.0064128141372644,1.0519476226305025,52.117531290484386,55.853547012394465,57.450223975123876,11.265112032472189,11.713938909646414,-0.4488268771742252,811.2462189499387,770.3230193313112,790.784619140625,0.05175012086489519,0.6239188243445168,-0.17894169875793697,3445724.6,0.5733470399810826,0.005081194904320796,-0.4306393410426236,0.015668660707375714,1.0016198358850485,0.013102428187284687,-0.26317778692120286,0.006120817026294079,-0.3686665076311285,1
2023-08-03,0.00024870965092382846,0.0002486787278057428,0.018397647546010396,0.00024869407153406696,801.6447631835938,798.4332931921421,792.8722839355469,795.5299748992844,791.3900787353516,788.5691226456634,758.7587023925781,765.1288178493122,0.9930255238942872,1.0040125340063113,1.005892962683587,1.0491526600318657,52.26984081513172,55.9263673721577,57.499299393898376,10.597987527601617,11.490748633237455,-0.892761105635838,811.7224670180082,771.057690452695,791.3900787353516,0.05138398579660713,0.6146848106901059,-0.07408296028135308,3450647.4,0.5301144359171557,-0.020282737215300384,-0.17894169875793697,0.005081194904320796,-0.4306393410426236,0.015668660707375714,1.0016198358850485,-0.014526037968238481,-0.06419441341001064,1
2023-08-04,0.0018645902210487897,0.0018628540305567715,0.014889260894902147,-0.0025371136051593143,802.0009887695312,798.1348704288761,794.8019287109375,795.8950748998407,792.4220367431641,789.4233038129662,760.9797155761719,766.3997671455096,0.994435214008857,1.0034424881125337,1.006456140695186,1.0480411088204789,53.562155084441706,56.505758991450286,57.88179343114062,10.072943658843315,11.207187638358628,-1.134243979515313,811.7793778776048,773.0646956087234,792.4220367431641,0.04885614038195845,0.6321459420394586,-0.30265279859701144,2731229.0,0.4670476184896982,0.00024870965092382846,-0.07408296028135308,-0.020282737215300384,-0.17894169875793697,0.005081194904320796,-0.4306393410426236,0.013102428187284687,-0.26317778692120286,1
2023-08-07,0.008809535999573903,0.008770958438698809,0.016050658617427747,0.006249984892288156,801.2687133789062,800.2779019005008,798.5028869628907,797.4712367078241,792.7114837646484,790.8652715301837,763.2417224121094,767.8964023493622,1.004112542284283,1.0075905522444792,1.0149518220965001,1.054140439677548,59.602420839553005,59.23737027860656,59.685070433595804,10.107266963160896,10.987203503319083,-0.8799365401581873,812.6058229246398,772.817144604657,792.7114837646484,0.05019313979283275,0.7978857700118427,0.11479726625766107,2602357.9,0.5464471278143563,0.0018645902210487897,-0.30265279859701144,0.00024870965092382846,-0.07408296028135308,-0.020282737215300384,-0.17894169875793697,0.015668660707375714,1.0016198358850485,0
2023-08-08,-0.014451778701463303,-0.01455722279136932,0.021215525095443163,-0.01687013091949479,797.3896118164063,797.8307960912193,798.5771057128907,796.6467544832481,792.9044464111328,791.0625394294668,765.2613269042969,768.878370275766,0.9944154936586065,0.9929367856905951,1.0000405320737813,1.0361644533643348,47.63865910314551,53.27433585491118,55.55212212368753,9.091435596904716,10.60804992203621,-1.5166143251314939,812.7287878597837,773.0801049624819,792.9044464111328,0.050004364430998996,0.500810570722027,-0.34335899345382126,2210728.7,0.42238425728132084,0.008809535999573903,0.11479726625766107,0.0018645902210487897,-0.30265279859701144,0.00024870965092382846,-0.07408296028135308,0.005081194904320796,-0.4306393410426236,1
2023-08-09,0.027642592953085465,0.027267434356348385,0.03345685642081011,0.027129848657633886,801.1895385742188,803.5056666324275,800.3583190917968,799.9574187071745,793.7826843261719,793.328526885217,767.6720080566406,770.6813913518083,1.0170569740150932,1.0181132478756483,1.0265472197929841,1.061462967469203,63.674650159573666,61.20284397067259,60.9099107777297,9.940460333865303,10.474532004402029,-0.5340716705367257,815.7472123567459,771.8181562955979,793.7826843261719,0.05534141387631629,0.979698980085965,2.3555238563382908,2217858.7,1.4127640322622896,-0.014451778701463303,-0.34335899345382126,0.008809535999573903,0.11479726625766107,0.0018645902210487897,-0.30265279859701144,-0.020282737215300384,-0.17894169875793697,1
2023-08-10,0.009775896812358242,0.009728421888995297,0.018941671677690983,0.007878787878787822,806.54306640625,809.9442277875038,804.0939147949218,804.1144971418075,795.23486328125,796.1373671911635,770.4055871582032,772.7260956163514,1.020182783002448,1.0232901094737308,1.0346897351841198,1.0680365820460873,67.84948837459955,63.61894917517907,62.628924598221815,11.127828846820876,10.605191372885798,0.5226374739350774,820.5854848488766,769.8842417136234,795.23486328125,0.0637563133563496,1.0440988250093817,1.0148261695056764,2562621.7,2.4635228055705607,0.027642592953085465,2.3555238563382908,-0.014451778701463303,-0.34335899345382126,0.008809535999573903,0.11479726625766107,0.00024870965092382846,-0.07408296028135308,0
2023-08-11,-0.013048633624617612,-0.013134514951743797,0.019192103249184033,-0.01126503082643069,809.452392578125,810.6577037789089,805.7266906738281,805.5636168908823,796.0166198730469,797.6561565788355,772.9727172851562,774.2695685632285,1.0032519061129832,1.0078909699299814,1.0201855532755515,1.0505993777036942,57.46442546617368,58.344980340506574,58.959569533752486,11.074802021377309,10.699113502584101,0.37568851879320775,822.4116470869075,769.6215926591864,796.0166198730469,0.06631777918925906,0.8043761947749422,-0.48685704292851173,2675440.3,1.2108328487090518,0.009775896812358242,1.0148261695056764,0.027642592953085465,2.3555238563382908,-0.014451778701463303,-0.34335899345382126,0.0018645902210487897,-0.30265279859701144,0
2023-08-14,-0.02583321777696601,-0.026172755683293955,0.026830961135161494,-0.01907973962327457,806.7607788085937,804.1404345179706,804.01474609375,802.934940364557,796.0809387207031,797.032322237622,774.8689916992188,774.9298166978507,0.9805953843769912,0.9839445107687727,0.9937505817780234,1.0209543864457253,42.60050654478872,49.67899800697868,52.6329591345264,9.233528920180675,10.405996586103416,-1.172467665922742,822.4214615709293,769.7404158704769,796.0809387207031,0.06617548937311636,0.40556294662604564,-0.42372537089702733,2439518.1,0.7652527767676739,-0.013048633624617612,-0.48685704292851173,0.009775896812358242,1.0148261695056764,0.027642592953085465,2.3555238563382908,0.008809535999573903,0.11479726625766107,0
2023-08-16,-0.005191074259349615,-0.00520459469602378,0.018483606730367415,-0.010451691285900596,805.5733032226562,798.4266918596367,801.4814575195312,800.0375342151772,796.2986389160156,796.0767874095598,776.5737512207031,775.4031261035417,0.9769430086555962,0.981930647501961,0.9883216774227995,1.0134249391070427,40.224313386580555,48.17067697198978,51.497160295529646,7.358111475174155,9.796419563917564,-2.4383080887434083,822.2606369433065,770.3366408887248,796.2986389160156,0.06520668693502321,0.32090299130152705,-0.29422748932960796,2330659.3,0.5653207227671587,-0.02583321777696601,-0.42372537089702733,-0.013048633624617612,-0.48685704292851173,0.009775896812358242,1.0148261695056764,-0.014451778701463303,-0.34335899345382126,0
2023-08-17,-0.0069784891573301255,-0.007002952691562507,0.016524278351535363,-0.006416274444970559,798.9036499023438,792.7868416108516,800.0465942382813,796.6683718330141,796.1922576904296,794.6892020480094,778.1548754882813,775.6424992411786,0.9782245220794911,0.9768270332521679,0.9815558159033767,1.004307967129161,37.00394445834147,46.1525647023237,49.98256937512936,5.366800719308799,8.91049579499581,-3.543695075687012,822.3774255877701,770.0070897930892,796.1922576904296,0.06577599227929586,0.2195909410487314,0.08867156963197398,2276539.8,0.630079474121208,-0.005191074259349615,-0.29422748932960796,-0.02583321777696601,-0.42372537089702733,-0.013048633624617612,-0.48685704292851173,0.027642592953085465,2.3555238563382908,0
2023-08-18,-0.003355536181723906,-0.0033611786190616316,0.013467204865815024,-0.0035448142063320156,790.1163330078125,788.1528162822344,798.3296997070313,793.4349888861025,795.6009918212891,793.1840176267704,779.3504821777344,775.7696469425049,0.9857849193674352,0.9756429779711726,0.978989183814336,0.9994024298908072,35.42407406949526,45.17926719062728,49.25625946616269,3.5363044959126455,7.835657535179178,-4.299353039266532,822.7701589960242,768.431824646554,795.6009918212891,0.06829847487379186,0.19236771063351388,0.0780716131681447,2248254.7,0.6878166428385538,-0.0069784891573301255,0.08867156963197398,-0.005191074259349615,-0.29422748932960796,-0.02583321777696601,-0.42372537089702733,0.009775896812358242,1.0148261695056764,1
2023-08-21,0.009719268836402284,0.009672340570323155,0.012330906313895943,0.002206809583858836,784.9903930664062,787.5868628730522,797.2213928222657,792.1658920076634,796.0116607666016,792.5431546199054,780.32205078125,776.1886786723944,1.001865708168173,0.9864950478442838,0.987994265432355,1.0078594540129902,43.54220527966332,48.55224010649277,51.39701729351758,2.6657451016494633,6.801675048473235,-4.135929946823771,822.3545760860972,769.6687454471061,796.0116607666016,0.06618725985527879,0.3186095844744735,-0.33185159989058366,2224014.9,0.46457242710019614,-0.003355536181723906,0.0780716131681447,-0.0069784891573301255,0.08867156963197398,-0.005191074259349615,-0.29422748932960796,-0.013048633624617612,-0.48685704292851173,1
2023-08-22,0.0005662275971072273,0.0005660673507491178,0.009620251882077172,-0.005875749548169012,784.149267578125,787.357998100264,795.4550231933594,791.208505925304,796.978955078125,792.0057368994085,781.3084387207032,776.6087410207197,1.0035082618709306,0.9892454577704107,0.9873538862485403,1.007157006832206,44.02513435714885,48.751990564407606,51.52333527453899,1.9888275408832214,5.839105546955232,-3.8502780060720108,820.3209067687633,773.6370033874866,796.978955078125,0.05857608043953983,0.28410788744199833,-0.2033534130327056,2164120.6,0.3803429439191143,0.009719268836402284,-0.33185159989058366,-0.003355536181723906,0.0780716131681447,-0.0069784891573301255,0.08867156963197398,-0.02583321777696601,-0.42372537089702733,1
2023-08-23,0.0033954429891192017,0.003389691488158242,0.01234495089573055,-0.0013766903453536082,784.6638549804687,788.0960465850719,795.1185791015625,790.9109854942828,796.8478424072266,791.7739661046731,782.3719140625,777.1171097475419,1.006255275482698,0.9930243919678721,0.990869400071964,1.0092030776703116,47.18737721974023,50.00620938816184,52.30428338980814,1.6489553489336686,5.00107550735092,-3.352120158417251,820.3248890429097,773.3707957715435,796.8478424072266,0.058924791876854295,0.34504654768882503,0.5489777769138435,2198240.5,0.5799984123666178,0.0005662275971072273,-0.2033534130327056,0.009719268836402284,-0.33185159989058366,-0.003355536181723906,0.0780716131681447,-0.005191074259349615,-0.29422748932960796,0
2023-08-24,-0.012532901475300173,-0.012612100711586393,0.02608197379896158,-0.015124969482421802,784.2977294921875,785.2895356140064,791.6006896972656,788.868354253845,795.9795043945312,790.62182777774,783.053203125,777.2174785288884,0.9941078296588917,0.9849366275439315,0.9795183285089015,0.9956877905107222,37.928781024563754,45.55904749832003,49.22071240528646,0.5744872267098344,4.115757851222702,-3.541270624512868,820.6192881299597,771.3397206591027,795.9795043945312,0.061910598449820615,0.16917342096605315,0.3538113658610045,2057517.1,0.8389125903254947,0.0033954429891192017,0.5489777769138435,0.0005662275971072273,-0.2033534130327056,0.009719268836402284,-0.33185159989058366,-0.0069784891573301255,0.08867156963197398,0
2023-08-25,-0.01872067335618144,-0.018898123306579535,0.02198797059197347,-0.010051185129241295,781.536865234375,778.5531718546501,785.8265991210938,784.5432797233163,794.9602569580078,788.1893150689968,783.1232983398437,776.7415164036746,0.9789435129288464,0.9735995767916742,0.962413451036649,0.9769603917516494,28.354922050530348,39.91976173451077,45.10258393435223,-1.4382381975769931,3.0049586414627636,-4.443196839039757,822.7416276275433,767.1788862884723,794.9602569580078,0.0698937347530896,-0.03776707019779849,-0.12978737333270762,1576414.8,0.9528291665366247,-0.012532901475300173,0.3538113658610045,0.0033954429891192017,0.5489777769138435,0.0005662275971072273,-0.2033534130327056,-0.003355536181723906,0.0780716131681447,0
2023-08-28,-0.00019409532194369916,-0.0001941141608784382,0.01287194334674157,-0.0032237266279819374,777.2322631835938,774.0127631700273,781.111328125,780.9775826464918,793.4190093994141,785.974327519643,783.2347680664062,776.2783959878749,0.9841742063917552,0.979286714016738,0.9640958141144155,0.9766317546004634,28.270222635527745,39.865696292749675,45.06230843047887,-3.0106156843945655,1.8018437762912978,-4.812459460685863,824.1194287330176,762.7185900658106,793.4190093994141,0.07738765764344979,0.036047646628525915,0.17790705260929363,1429391.7,1.237785276072332,-0.01872067335618144,-0.12978737333270762,-0.012532901475300173,0.3538113658610045,0.0033954429891192017,0.5489777769138435,0.009719268836402284,-0.33185159989058366,1
2023-08-29,0.012483956898164728,0.012406674834173547,0.01322434842935366,0.004814481810834447,774.7484741210938,774.1689498607474,779.4488708496094,779.7964445729818,791.7318084716796,784.8797556836948,783.4288293457031,776.2079225468675,0.9996551772764583,0.9936268461047263,0.9782117062306848,0.988579044109229,41.40226960967757,45.02221531838967,48.18641194669676,-3.44645265812062,0.7521844894089142,-4.198637147529534,822.6997088680903,760.763908075269,791.7318084716796,0.07822825877411585,0.22147796575366838,0.02182413185024412,1423496.2,1.2700371100393524,-0.00019409532194369916,0.17790705260929363,-0.01872067335618144,-0.12978737333270762,-0.012532901475300173,0.3538113658610045,0.0005662275971072273,-0.2033534130327056,1
2023-08-30,0.005749658250048029,0.005733192051578556,0.009972732487605603,0.0031222278181702165,772.6209106445312,775.7574086311233,778.6423828125,779.6396957727806,790.0619201660156,784.3135243016168,783.7996508789063,776.3148403360835,1.0081714272036424,1.0003749389524885,0.9859155419213188,0.9937926424162404,46.70993911147515,47.29194397882807,49.589997685429516,-3.393419253878392,-0.07693625924854697,-3.316482994629845,819.9907945042202,760.1330458278111,790.0619201660156,0.07576336379284192,0.31409935655454757,0.09435016342228209,1489586.0,1.3281999159498008,0.012483956898164728,0.02182413185024412,-0.00019409532194369916,0.17790705260929363,-0.01872067335618144,-0.12978737333270762,0.0033954429891192017,0.5489777769138435,0
2023-08-31,-0.009528007233941871,-0.009573689097861136,0.018982860680459103,-0.009528043914605546,770.988134765625,774.3424838465302,777.6429321289063,778.1620482281556,788.8447631835937,783.0943919183527,783.9924755859375,776.1265185298585,1.0006802951797413,0.9921168217464794,0.9780284667970647,0.9840816822900416,39.71513098188888,44.02934599365133,47.34552929112331,-3.905241219304912,-0.8425972512598201,-3.062643968045092,819.6978519720867,757.9916743951007,788.8447631835937,0.07822347368822505,0.21911841590534373,1.0214706530507445,1746087.4,2.2905010367751353,0.005749658250048029,0.09435016342228209,0.012483956898164728,0.02182413185024412,-0.00019409532194369916,0.17790705260929363,-0.012532901475300173,0.3538113658610045,1
2023-09-01,0.03431021474450735,0.03373474535063693,0.03683037116549137,0.03517333044167202,777.5687255859375,782.2227887101869,779.5527954101562,781.7659300844,788.9412475585938,784.5123925392239,784.9985168457031,776.9836510752561,1.026254493242612,1.0236425334318078,1.011461120719556,1.016541281687987,62.85881884079925,55.75397049963479,54.97697672805814,-2.1501092510163744,-1.104099651211131,-1.0460095998052434,819.8958109728827,757.9866841443048,788.9412475585938,0.07847114981015106,0.6460552157994947,-0.12142200796866542,1942828.5,1.808599163539139,-0.009528007233941871,1.0214706530507445,0.005749658250048029,0.09435016342228209,0.012483956898164728,0.02182413185024412,-0.01872067335618144,-0.12978737333270762,1
2023-09-04,0.004216179089134631,0.0042073159098462536,0.02235116801528629,-0.0026479763307329014,784.851904296875,788.5978055919476,781.0420837402344,785.3262772245943,789.13173828125,786.1157684264854,786.197978515625,777.939109439186,1.0210178951828779,1.0259982861845225,1.0154804330907101,1.0192697784194857,64.85927124321893,56.98726482231378,55.83129956096982,-0.4821147382341451,-0.9797026686157339,0.49758793038158877,820.3414104546455,757.9220661078546,789.13173828125,0.07909876300596136,0.6957101793051239,0.016293765321740095,2196612.0,1.625708591230495,0.03431021474450735,-0.12142200796866542,-0.009528007233941871,1.0214706530507445,0.005749658250048029,0.09435016342228209,-0.00019409532194369916,0.17790705260929363,1
2023-09-05,0.0075944741232252255,0.007565781284401315,0.021447392288977345,0.008653192279337587,791.4423706054688,794.8764219896839,783.0954223632813,789.3458004174237,789.2752227783203,788.1460433177874,787.6344506835937,779.0957582762829,1.02020524143464,1.0310795232954182,1.0230064640100023,1.025137554717647,68.44585953477684,59.20248400360181,57.3677576056715,1.3156909084875679,-0.5206239531950736,1.8363148616826415,820.7922434524758,757.7582021041649,789.2752227783203,0.07986319540910629,0.7880734222084353,-0.50428823335203,2291322.4,0.7725722054652807,0.004216179089134631,0.016293765321740095,0.03431021474450735,-0.12142200796866542,-0.009528007233941871,1.0214706530507445,0.012483956898164728,0.02182413185024412,0
2023-09-06,-0.0012867192536877292,-0.001287547787710015,0.01742546543331063,-0.001409182520811444,796.9344482421875,798.715852778279,784.7776794433594,792.4456029516136,789.948129272461,789.8840119880429,789.004814453125,780.166305573506,1.0118708209114915,1.0275454252565417,1.020819829142649,1.0220402963122563,67.0822284167059,58.647189466818716,57.01226095150787,2.6263560286678285,0.10877204317750677,2.5175839854903215,822.31239450522,757.5838640397019,789.948129272461,0.08194022881620448,0.7540855626526101,0.25693250299964077,2386328.5,0.9324101857728305,0.0075944741232252255,-0.50428823335203,0.004216179089134631,0.016293765321740095,0.03431021474450735,-0.12142200796866542,0.005749658250048029,0.09435016342228209,1
2023-09-07,0.005399345790268573,0.005384821580152942,0.019406840779888256,0.008928021807751589,804.7816650390625,802.7268079394256,787.8848999023437,795.7734420989054,789.7427947998046,791.87112687125,790.192255859375,781.3656158750046,1.0074144994622443,1.02901923664511,1.0265984363519758,1.0260145075453664,70.00407211201006,60.32663291001329,58.15334045723379,3.970628374279954,0.8811433093979962,3.089485064881958,821.5191289441401,757.9664606554692,789.7427947998046,0.08047261552386961,0.8305277972987749,0.19214287223088866,2478977.0,1.0700228360327668,-0.0012867192536877292,0.25693250299964077,0.0075944741232252255,-0.50428823335203,0.004216179089134631,0.016293765321740095,-0.009528007233941871,1.0214706530507445,0
2023-09-08,-0.004332957146891192,-0.004342371610530241,0.0164266312155225,-0.004332952332309542,806.6321411132812,804.2297982291484,792.1004333496094,797.8575033188487,788.9635162353516,793.334427055759,790.8975341796875,782.3801320684787,1.0007483432218303,1.0191078616066154,1.0231598321053308,1.0206578525318735,64.60612201356861,58.270388206460055,56.874374213962895,4.6983493909715435,1.6445845257127059,3.0537648652588376,818.1125993275543,759.8144331431488,788.9635162353516,0.07389209384812026,0.8134277417139396,-0.2964462282125734,2515393.6,0.7419196741217756,0.005399345790268573,0.19214287223088866,-0.0012867192536877292,0.25693250299964077,0.0075944741232252255,-0.50428823335203,0.03431021474450735,-0.12142200796866542,1
2023-09-11,0.0104198241748239,0.010365911987190663,0.015650547017174797,0.005182926829268375,809.4919799804687,808.0355433832344,797.1719421386719,801.0919633865864,789.141635131836,795.4594372115349,791.743447265625,783.6847164458485,1.0076036006077367,1.0231757925437879,1.0335876316488386,1.0301910757939772,70.87878519446427,61.641706809527356,59.1339479939804,5.885942036968913,2.4928560279639473,3.393086009004966,818.8910341495804,759.3922361140916,789.141635131836,0.07539685575650659,0.9454778824903454,-0.08093793872105115,2509982.8,0.6833401408169013,-0.004332957146891192,-0.2964462282125734,0.005399345790268573,0.19214287223088866,-0.0012867192536877292,0.25693250299964077,0.004216179089134631,0.016293765321740095,0
2023-09-12,-0.009766408818727257,-0.009814412997332878,0.034427805887865905,-0.02110815044807548,809.5414672851563,807.9173926916876,800.4919189453125,802.2899866451331,789.9703948974609,796.6234042683976,792.2487255859374,784.6257507541915,0.9977019386260702,1.0089809430840393,1.0224194432165166,1.0194791928648956,59.272343938233874,56.94920779185277,56.205512287627414,6.113856061990532,3.2170560347692643,2.8968000272212677,820.7965200811084,759.1442697138134,789.9703948974609,0.07804374792462636,0.7872676391473287,0.618777008953038,2606841.6,1.06507468654789,0.0104198241748239,-0.08093793872105115,-0.004332957146891192,-0.2964462282125734,0.005399345790268573,0.19214287223088866,0.0075944741232252255,-0.50428823335203,0
2023-09-13,-0.006738584091781741,-0.006761390864207533,0.014987078119051093,-0.008924190455952049,808.7102172851562,806.0244165796147,802.8223327636719,802.2806189561032,790.7323577880859,797.1581718957377,792.5929235839844,785.3164454052219,0.9919974388954635,0.9992727302363485,1.014551202381004,1.0121696024333255,52.428941241739764,53.928531283351816,54.277201750592724,5.788577936479101,3.731360415111232,2.0572175213678685,821.977567943386,759.4871476327858,790.7323577880859,0.07902853562917873,0.684125926985181,-0.502739618963717,2547058.2,0.5420504329268958,-0.009766408818727257,0.618777008953038,0.0104198241748239,-0.08093793872105115,-0.004332957146891192,-0.2964462282125734,-0.0012867192536877292,0.25693250299964077,0
2023-09-14,-0.000431683959258633,-0.00043177716160257664,0.01992969075168403,-0.0031982736724919195,806.9389038085938,804.6469946793786,805.8602844238281,802.2099883966129,791.7516082763672,797.609027036992,793.0238098144531,785.9664730708565,0.9937458054062485,0.9950759038239997,1.0128077322439735,1.0111829442630835,51.98339554585918,53.733230049743256,54.153073311015945,5.440137555837168,4.07311584325642,1.3670217125807484,823.0564791951872,760.4467373575471,791.7516082763672,0.07907750509524147,0.6619642934934247,0.7369063777945495,2386919.9,1.0046554138662132,-0.006738584091781741,-0.502739618963717,-0.009766408818727257,0.618777008953038,0.0104198241748239,-0.08093793872105115,0.005399345790268573,0.19214287223088866,1
2023-09-15,0.0030850494675793705,0.0030803004672310765,0.018084532999382688,-0.0002460023492211085,806.3649536132813,804.5533390635962,806.4985473632812,802.601995566689,793.0256713867187,798.2525509222338,793.4322399902344,786.6880242379615,0.9975210656511138,0.9973558296686065,1.014300112662787,1.013780367485359,55.159174431734606,54.987280565901635,54.92624437762187,5.302493395687975,4.318991353742732,0.9835020419452434,824.2060431643226,761.8452996091148,793.0256713867187,0.07863647521796002,0.6818508856500874,0.8575823842217285,2480994.3,1.795466438596816,-0.000431683959258633,0.7369063777945495,-0.006738584091781741,-0.502739618963717,-0.009766408818727257,0.618777008953038,-0.004332957146891192,-0.2964462282125734,0
2023-09-18,-0.004982497179357059,-0.004994951203744624,0.00914938739583257,-0.004982454222317449,803.3072021484375,803.1549848314601,806.3995910644531,802.194046621325,793.7208374023437,798.4530962027056,793.9014282226562,787.2241125567547,0.9963290186203198,0.9925082865068283,1.0083624350679345,1.008133060245258,49.030148023034535,52.50443771359108,53.394542582003226,4.814518584749521,4.41809679994409,0.39642178480543144,824.9041842432053,762.5374905614821,793.7208374023437,0.0785750993835999,0.6064260196109917,-0.7002017266870533,2257435.6,0.5915845395545282,0.0030850494675793705,0.8575823842217285,-0.000431683959258633,0.7369063777945495,-0.006738584091781741,-0.502739618963717,0.0104198241748239,-0.08093793872105115,0
2023-09-20,-0.02726257085487993,-0.027641090207792526,0.03253889492969498,-0.026359740257091785,797.4786743164062,794.9494739371193,803.5100708007812,797.8930294444364,793.3027465820312,796.5564634356325,793.4966967773438,786.8834984230953,0.9762498700241682,0.9689218348844627,0.9813888272828928,0.981148951609179,28.74349051711809,41.5139653511077,46.05293167567068,2.6367230705840257,4.061822054072077,-1.4250989834880512,825.0596175390358,761.5458756250266,793.3027465820312,0.08006242533214471,0.26754173209345816,1.51594277344803,2416409.5,1.390472517178897,-0.004982497179357059,-0.7002017266870533,0.0030850494675793705,0.8575823842217285,-0.000431683959258633,0.7369063777945495,-0.009766408818727257,0.618777008953038,0
2023-09-21,-0.010676822540483077,-0.01073422878677319,0.0226119048474156,-0.014746866346914465,791.0762084960937,786.708361042715,799.893212890625,792.8626850461582,792.3354461669921,794.0488131326109,793.1196728515625,786.2302684948918,0.9736434075272908,0.962911202197217,0.972096021931062,0.9711348256999534,24.27879319030849,38.230824336702845,43.652110135391965,0.23733409131125427,3.2969244615199127,-3.0595903702086584,825.6292697818378,759.0416225521465,792.3354461669921,0.08403971771276453,0.167966780132346,-0.14418662653116077,2481454.9,1.1587923681385466,-0.02726257085487993,1.51594277344803,-0.004982497179357059,-0.7002017266870533,0.0030850494675793705,0.8575823842217285,-0.006738584091781741,-0.502739618963717,0
2023-09-22,-0.005524516448305539,-0.005539833026471821,0.014210968507814496,-0.007628220778245219,783.8919799804687,779.7959101287371,795.4154418945312,787.9732892742715,791.6501708984375,791.3747364819604,792.4932800292969,785.4357877029659,0.9771384678790387,0.9629823208817535,0.9675624871418733,0.9665331272871674,22.217738192807985,36.63365599037427,42.462278210086204,-1.9846740578418576,2.2406047576475587,-4.225278815489416,826.4864635332567,756.8138782636183,791.6501708984375,0.08800930995892732,0.13143089210374645,-0.2531289438916693,2430960.8,0.883445343915048,-0.010676822540483077,-0.14418662653116077,-0.02726257085487993,1.51594277344803,-0.004982497179357059,-0.7002017266870533,-0.000431683959258633,0.7369063777945495,1
2023-09-25,0.007557729211822295,0.00752931266297789,0.011668209175824168,0.003796913779113505,777.3707763671875,777.1172766743664,791.8678649902344,785.0254202726994,791.9841491699219,789.5066672708809,792.0529248046874,784.8994826858153,0.9927823803362112,0.9746070574225697,0.9744639593791191,0.974379344607475,31.45374312647874,40.28851576764635,44.61865338550186,-3.2411455785544376,1.1442546904071595,-4.385400268961597,825.9113469123248,758.056951427519,791.9841491699219,0.08567645647444322,0.20194798347550538,0.08340577783510228,2477013.3,0.9393348836681661,-0.005524516448305539,-0.2531289438916693,-0.010676822540483077,-0.14418662653116077,-0.02726257085487993,1.51594277344803,0.0030850494675793705,0.8575823842217285,0
2023-09-26,-0.00032053421420008554,-0.0003205855962714232,0.01340346550349286,-0.0003205539071341257,771.6016479492188,775.2490625420255,787.4544250488282,782.5685500917256,792.31318359375,787.792949842925,791.5541870117188,784.3745082384244,0.9998846377893158,0.9797552845417106,0.9737470614561029,0.9746807570937929,31.268640584160494,40.18186111509311,44.54375012151951,-4.208358112895212,0.0737321297466853,-4.282090242641897,825.2991493218925,759.3272178656074,792.31318359375,0.08326496746785361,0.18470607336713735,-0.25746955510810166,2478264.0,0.6971327509902093,0.007557729211822295,0.08340577783510228,-0.005524516448305539,-0.2531289438916693,-0.010676822540483077,-0.14418662653116077,-0.004982497179357059,-0.7002017266870533,0
2023-09-27,-6.423815330180993e-05,-6.424021666034445e-05,0.014173920137264895,-0.0005128518129006642,770.186572265625,773.9870662715067,783.8326232910156,780.549372571497,792.1622711181641,786.2377235465007,791.1870581054687,783.8681774734065,1.0016573925212546,0.9842191442496846,0.9738700034798707,0.9750703905316274,31.225689088224442,40.158923687507624,44.52802527395682,-4.922140761911237,-0.9254424485848992,-3.9966983133263376,825.4989356822698,758.8256065540584,792.1622711181641,0.08416625173791698,0.1895430652954016,0.5120702398998889,2461853.1,1.0611404880331812,-0.00032053421420008554,-0.25746955510810166,0.007557729211822295,0.08340577783510228,-0.005524516448305539,-0.2531289438916693,-0.02726257085487993,1.51594277344803,0
2023-09-28,-0.014751198431032675,-0.01486107928029122,0.030009177920545416,-0.01613940876659336,768.157958984375,769.3524004635566,779.6170837402344,776.8282264398895,791.2197082519531,783.7468040513727,790.7358154296875,782.9354281155339,0.9894879822017401,0.9749440907594492,0.9606472904054839,0.9612351609932144,22.826154903167335,35.191376927532914,41.03538515507784,-6.333086067183444,-2.0069711723046084,-4.326114894878836,826.9772087713502,755.462207732556,791.2197082519531,0.09038576806534915,0.06461387188673394,0.20858974143039344,2639518.3,1.196159920543078,-6.423815330180993e-05,0.5120702398998889,-0.00032053421420008554,-0.25746955510810166,0.007557729211822295,0.08340577783510228,-0.010676822540483077,-0.14418662653116077,1
2023-09-29,0.014972054173059579,0.014861079280291152,0.015969744223855345,0.004833408671783338,769.2563720703125,770.055958219194,776.5741760253907,775.8527441290856,791.2172302246094,782.5769249731914,790.4923815917969,782.4855318651393,1.0028686166800507,0.9934183978134823,0.9750332073929522,0.9759272722869141,41.26025745204831,42.80981720342979,45.5221151898048,-6.4585489673610255,-2.897286731315892,-3.5612622360451334,826.9801997241792,755.4542607250395,791.2172302246094,0.09039987536524587,0.22381828507867343,-0.4602269164085864,2570136.9,0.6630845228516816,-0.014751198431032675,0.20858974143039344,-6.423815330180993e-05,0.5120702398998889,-0.00032053421420008554,-0.25746955510810166,-0.005524516448305539,-0.2531289438916693,0
2023-10-03,-0.011993369120713804,-0.012065869840509115,0.011100276264808598,-0.00811279105273568,767.3464965820312,767.4408495875357,772.3586364746094,773.3723601645643,789.4285919189454,780.6372780542415,789.922392578125,781.6904377654954,0.9933069815517643,0.9868610206824245,0.9655219485671717,0.9649183761414062,33.638585240484346,38.81471200651328,42.74540170264107,-7.221330907686934,-3.7620955665901006,-3.459235341096833,827.181915181503,751.6752686563877,789.4285919189454,0.09564721533783499,0.13952895741869167,-0.354675868932261,2234660.0,0.4921433238165985,0.014972054173059579,-0.4602269164085864,-0.014751198431032675,0.20858974143039344,-6.423815330180993e-05,0.5120702398998889,0.007557729211822295,0.08340577783510228,0
2023-10-04,-0.017721488983996614,-0.01788039473320627,0.01962724830176888,-0.014779655499287812,762.7845947265625,761.1949413916905,767.1931213378906,768.8870446800979,786.7963562011719,777.5959301443138,789.3316235351563,780.3968176570446,0.9815393889390093,0.9758991630351869,0.9515843827936692,0.9485279731309958,25.58810038824791,33.84847437510345,39.090405121914465,-8.814179668476072,-4.7725123869672945,-4.0416672815087775,828.0382984097307,745.554413992613,786.7963562011719,0.10483511237312823,0.03817365088511181,0.5040903895622098,2266529.4,0.7298197852628782,-0.011993369120713804,-0.354675868932261,0.014972054173059579,-0.4602269164085864,-0.014751198431032675,0.20858974143039344,-0.00032053421420008554,-0.25746955510810166,0
2023-10-05,-0.0014538485819228786,-0.0014549064452121377,0.012905360688285853,-0.008530183727034088,758.0149047851562,756.6681689356062,764.1007385253906,765.0193318334324,783.8054046630859,774.7405676566113,788.9328283691407,779.1112414361188,0.9862795827680111,0.9784241610160342,0.9538268294345268,0.9476277284200292,25.025034267643093,33.4767570498494,38.8096162891308,-10.048523594079597,-5.827714628389755,-4.220808965689843,827.2447490577938,740.3660602683781,783.8054046630859,0.1108421660179289,0.08343316244826317,-0.11753532612966844,2076507.9,0.7029763768295801,-0.017721488983996614,0.5040903895622098,-0.011993369120713804,-0.354675868932261,0.014972054173059579,-0.4602269164085864,-6.423815330180993e-05,0.5120702398998889,1
2023-10-06,0.012839174856097424,0.01275745141496272,0.016335598275732922,0.00637868978342013,757.440966796875,756.8499055924875,762.799462890625,763.6000676648538,781.346337890625,773.0713115851484,788.2332080078126,778.2525017290652,0.9996995305236955,0.9926768642924753,0.9691136211765886,0.960646381316562,38.86523700732755,39.759287030210004,42.62557266787506,-10.135376438655044,-6.689246990442813,-3.446129448212231,824.9601016375333,737.7325741437168,781.346337890625,0.11163746889670183,0.22333322200281575,0.388557245967764,1991651.5,1.0177116829927324,-0.0014538485819228786,-0.11753532612966844,-0.017721488983996614,0.5040903895622098,-0.011993369120713804,-0.354675868932261,-0.014751198431032675,0.20858974143039344,0
2023-10-09,-0.00999743353798399,-0.01004774347098691,0.016170550059262743,0.0013879547825098033,753.0769897460938,754.4476665538459,761.1666809082031,761.0624532669826,778.2910614013672,770.840061765283,787.2852062988281,777.1305678760259,0.995440305153011,0.9848607503183257,0.9631913119068563,0.952187571262481,33.222418153654345,36.80693967350927,40.53240599637507,-10.691810508554795,-7.48975969406521,-3.202050814489585,821.7989856534465,734.7831371492879,778.2910614013672,0.11180373618512401,0.1707740783170601,-0.6421563282742793,1849421.7,0.3921890826737893,0.012839174856097424,0.388557245967764,-0.0014538485819228786,-0.11753532612966844,-0.017721488983996614,0.5040903895622098,0.014972054173059579,-0.4602269164085864,1
2023-10-10,0.018942768507869134,0.018765588294192892,0.021894058659851803,0.016125846911475825,753.403564453125,757.5796129890223,760.3750305175781,761.5680991928721,776.1214477539063,770.1737231075775,786.8527685546875,776.6095066204709,1.0138570374482208,1.0045615324051815,0.9841803857758813,0.9707578550716972,49.324185925586576,45.049736154600424,45.77684362503487,-9.87313028197218,-7.9664338116466045,-1.906696470325576,817.9340967764047,734.3087987314079,776.1214477539063,0.10774769630063458,0.3531790955420591,0.8634208483668655,1751905.4,0.7714925703180092,-0.00999743353798399,-0.6421563282742793,0.012839174856097424,0.388557245967764,-0.0014538485819228786,-0.11753532612966844,-0.011993369120713804,-0.354675868932261,1
2023-10-11,0.006930827246945492,0.006906919467341265,0.010292698616918564,0.001610824742268055,757.4904541015625,761.432266406744,760.1375244140625,762.9443672018385,773.7959747314453,770.0750421680166,786.3203820800782,776.3164896252442,1.0153759286041952,1.0118400270201928,0.9939798065105281,0.9781478272349542,54.134437573161925,47.784266032952296,47.5862837748263,-8.696881079246054,-8.112523265166494,-0.58435781407956,811.531459769595,736.0604896932956,773.7959747314453,0.09753342294458493,0.4382755848434401,0.36256475744719885,1763299.3,1.0444159990309076,0.018942768507869134,0.8634208483668655,-0.00999743353798399,-0.6421563282742793,0.012839174856097424,0.388557245967764,-0.017721488983996614,0.5040903895622098,1
2023-10-12,0.007976875860509214,0.007945228771462759,0.013402259029163697,0.0013420088959673316,763.0221069335937,766.0458069990273,760.518505859375,765.1859164712486,772.1755645751953,770.570075121881,785.6613330078125,776.2755640785128,1.0160556046000202,1.0194004251185795,1.0040111650128458,0.986777451825906,59.3512843039334,50.83762474119779,49.63157200965757,-7.1867817247558605,-7.927374957084368,0.7405932323285072,806.5886426756232,737.7624864747673,772.1755645751953,0.08913278191951059,0.5450021297042877,0.1618685308245249,1716033.9,1.2468972786609869,0.006930827246945492,0.36256475744719885,0.018942768507869134,0.8634208483668655,-0.00999743353798399,-0.6421563282742793,-0.0014538485819228786,-0.11753532612966844,0
2023-10-13,-0.007913748868196402,-0.007945228771462793,0.009006111289803725,-0.0009640102827763578,765.4069458007813,767.0763957467474,761.4239562988281,765.9043995205102,770.5205200195312,770.4336463714341,784.7974426269532,775.9956428692452,1.004874044404579,1.010130515174298,0.9982051785235926,0.9800459729680726,52.39810082049881,47.825841288829565,47.678054138336506,-6.411181636367132,-7.62413629294092,1.212954656573788,802.054526172403,738.9865138666594,770.5205200195312,0.08185117808951409,0.478072136305178,-0.533327756274425,1500160.0,0.6656269997866894,0.007976875860509214,0.1618685308245249,0.006930827246945492,0.36256475744719885,0.018942768507869134,0.8634208483668655,0.012839174856097424,0.388557245967764,1
2023-10-16,0.0173046172891429,0.017156597575714125,0.02700135987900724,0.017304615255106116,771.9677490234375,772.1999986944462,762.5223693847656,768.912182260389,769.5482727050781,771.5777947731874,784.5292712402344,776.2486452896609,1.0135749914159795,1.026130164838514,1.0167616929857095,0.9973460943693035,63.28439783570988,54.16907821106624,51.98304685473287,-4.668718876860794,-7.033052809724896,2.3643339328641018,798.2227526672341,740.8737927429222,769.5482727050781,0.074522888242893,0.7249200665851547,1.1604801776981954,1545472.3,1.395910492863573,-0.007913748868196402,-0.533327756274425,0.007976875860509214,0.1618685308245249,0.006930827246945492,0.36256475744719885,-0.00999743353798399,-0.6421563282742793,0
2023-10-17,-0.0006954967056342909,-0.0006957386756674772,0.009934791297081478,-0.0032168383419966234,775.5796508789062,775.4343375085372,764.4916076660156,771.2741518742671,768.4251220703125,772.5611490935237,784.2462573242187,776.4703852836632,1.0081530816991482,1.022775145333328,1.0175396309663767,0.997012109186858,62.601475445279114,53.880637220414606,51.800071630810926,-3.2937478521193952,-6.285191818203796,2.9914439660844003,793.0270051161472,743.8232390244777,768.4251220703125,0.06403195923514741,0.7739199483489986,-0.513113133250608,1540533.1,0.6818295562750323,0.0173046172891429,1.1604801776981954,-0.007913748868196402,-0.533327756274425,0.007976875860509214,0.1618685308245249,0.018942768507869134,0.8634208483668655,0
2023-10-18,-0.007277120475627452,-0.007303727878940428,0.025242207007526676,-0.010969551682872683,776.9947387695313,775.693895904129,767.2425964355468,772.1721265690026,767.2178588867188,772.9089456270274,783.8197570800781,776.4602922409828,0.9989939107239558,1.0116917599484705,1.0117243801149862,0.9902952887879445,55.319309487820966,50.83276813477024,49.872787137919985,-2.6328590918544705,-5.554725272933931,2.9218661810794604,787.4071553388212,747.0285624346163,767.2178588867188,0.0526298918051735,0.7227703632450502,0.19089359004018536,1500206.5,0.8338132117145206,-0.0006954967056342909,-0.513113133250608,0.0173046172891429,1.1604801776981954,-0.007913748868196402,-0.533327756274425,0.006930827246945492,0.36256475744719885,0
2023-10-19,-0.005035748451304056,-0.005048470560736501,0.0173617625485723,0.0003845257752751154,776.4010009765625,774.5639970090027,769.7115539550781,772.1961397780475,766.9061462402344,772.8513507310009,783.1745617675781,776.2973082008953,0.9947233430242111,1.0033683335664507,1.0070387400139895,0.986120128155983,50.60171583736288,48.79093654894615,48.56932234811736,-2.3968788408673163,-4.923155986520609,2.5262771456532924,786.5724127229748,747.239879757494,766.9061462402344,0.05128728353307505,0.6372414276815846,0.7032621521282414,1567292.6,1.3594124032742831,-0.007277120475627452,0.19089359004018536,-0.0006954967056342909,-0.513113133250608,0.0173046172891429,1.1604801776981954,0.007976875860509214,0.1618685308245249,0
2023-10-20,-0.014158451240738446,-0.014259638348815449,0.023199863555412807,-0.013083570409566592,774.8473999023438,770.1658539630331,770.1271728515625,770.2276721586013,766.4633178710938,771.757847601486,782.5432214355469,775.7119066193344,0.982605824020383,0.9886283651724146,0.9933542155492212,0.9729425123309983,39.58443899561146,43.524100015714744,45.10655123752117,-3.0569574543984572,-4.549916280096179,1.4929588256977215,786.2093028834815,746.717332858706,766.4633178710938,0.05152493159681448,0.3710180829975208,-0.2950595537307149,1514794.3,0.9915168019842694,-0.005035748451304056,0.7032621521282414,-0.007277120475627452,0.19089359004018536,-0.0006954967056342909,-0.513113133250608,-0.007913748868196402,-0.533327756274425,0
2023-10-23,-0.026579171429466975,-0.026938784061010034,0.038320330782099905,-0.028347140544852118,766.5845581054688,760.4882345105118,769.2761535644531,764.9377309671227,765.2214172363281,768.8411950304368,781.0687731933593,774.3558708933004,0.9667987539914699,0.9634160530927904,0.9685209782576957,0.9488703441252487,26.92639050320264,35.81807497525014,39.617792737439956,-5.15358939838984,-4.670650903754911,-0.4829384946349293,787.8490823133174,742.5937521593388,765.2214172363281,0.05914017712340383,-0.03227811064243524,0.14245804104547166,1613852.8,1.0632369941050386,-0.014158451240738446,-0.2950595537307149,-0.005035748451304056,0.7032621521282414,-0.007277120475627452,0.19089359004018536,0.0173046172891429,1.1604801776981954,0
2023-10-25,-0.000867927235102095,-0.000868304102022633,0.027194943094891094,-0.007691271689091586,758.301904296875,753.8220717049246,766.9407775878906,760.4926428083276,763.6579040527344,766.1410570364666,779.4221411132812,773.027787567828,0.9765104662111576,0.9655109856365548,0.9696616013059894,0.950049667611543,26.610824726316082,35.602297633174416,39.4575433588381,-6.788832741216652,-5.09428727124726,-1.694545469969392,788.4775214144788,738.8382866909899,763.6579040527344,0.06500192620288926,0.03326923575593828,0.40892110765845247,1720452.5,1.4051995042002032,-0.026579171429466975,0.14245804104547166,-0.014158451240738446,-0.2950595537307149,-0.005035748451304056,0.7032621521282414,-0.0006954967056342909,-0.513113133250608,0
2023-10-26,-0.026192728366137508,-0.02654186798490952,0.02675998308404015,-0.021485161457942725,747.2781616210938,742.9128142420852,762.1364501953125,753.3293076279782,761.1369873046875,761.8508896345561,777.602333984375,770.9911801854194,0.964961023017338,0.9461485527055052,0.947390957664429,0.9273304204497099,18.842626363016905,29.777320558311885,34.97821094391584,-9.539855812664314,-5.98340097953067,-3.5564548331336434,791.8059627233558,730.4680118860192,761.1369873046875,0.08058726860002494,-0.15282076498563352,0.042187246001061496,1788247.7,1.4089602911274541,-0.000867927235102095,0.40892110765845247,-0.026579171429466975,0.14245804104547166,-0.014158451240738446,-0.2950595537307149,-0.007277120475627452,0.19089359004018536,1
2023-10-27,0.004528622633599433,0.004518399275654112,0.01393444290578044,0.00315196348429854,737.6892944335938,736.7284972551402,757.0451477050781,748.0621359285731,758.7818267822265,758.2803156961461,776.2674133300782,769.1625010911382,0.9819308328683578,0.9568251847027738,0.954635229408498,0.9331318703355689,23.243916279497128,31.80052746981484,36.25747506343471,-11.32599863426492,-7.051920510477521,-4.274078123787399,792.9517651344854,724.6118884299676,758.7818267822265,0.09006525234575975,-0.003687819774789852,-0.36934199089527187,1733174.6,0.9168072276157289,-0.026192728366137508,0.042187246001061496,-0.000867927235102095,0.40892110765845247,-0.026579171429466975,0.14245804104547166,-0.005035748451304056,0.7032621521282414,1
2023-10-30,0.0034153438279622694,0.003409524786817438,0.014703863571094322,-0.0004082577544262399,730.7821411132812,733.4302652599372,752.8147705078125,744.2024387178382,757.1193634033203,755.285409560278,775.0641052246094,767.5025520785262,0.9945971040866776,0.9654882312939268,0.9599989597444019,0.9377724969715876,26.754739210374495,33.366805427660296,37.23968947369079,-12.398975892758472,-8.12133158693371,-4.2776443058247615,794.0019632262959,720.2367635803448,757.1193634033203,0.09742875854392334,0.08943292664901703,-0.2686076097538872,1749537.2,0.6642745292869452,0.004528622633599433,-0.36934199089527187,-0.026192728366137508,0.042187246001061496,-0.000867927235102095,0.40892110765845247,-0.014158451240738446,-0.2950595537307149,1
2023-10-31,0.0025187167594089566,0.0025155501085018066,0.015685459599259297,-0.0008819869933005011,728.2884399414063,731.8416734219894,747.4364990234375,741.3773570866119,754.9794342041016,752.750083863689,774.0072521972656,765.9794908105875,1.0005163473481986,0.9748848105466213,0.9651448194933296,0.9414181684700601,29.537196242448786,34.564406532065135,37.98220965994024,-12.952290893245504,-9.08752344819607,-3.8647674450494343,793.2259574914672,716.732910916736,754.9794342041016,0.10131805332600881,0.15598252865639173,0.17342942918136983,1670175.9,0.8165175895544895,0.0034153438279622694,-0.2686076097538872,0.004528622633599433,-0.36934199089527187,-0.026192728366137508,0.042187246001061496,-0.026579171429466975,0.14245804104547166,0
2023-11-01,-0.016160823035574423,-0.01629283333161917,0.01973909524744697,-0.016895117104834757,723.5682250976563,726.8573395729929,740.9350646972656,736.9248688663188,752.7133361816407,749.3347112933377,772.7673303222656,764.0543606562508,0.9907685923856665,0.967545883616548,0.9524059657447126,0.9276901904950321,22.98464813200826,30.737472142275777,35.17171563851751,-14.177576824731545,-10.105534123503165,-4.07204270122838,794.2100701771413,711.21660218614,752.7133361816407,0.11025906411066141,0.06834356758624674,0.35298754590358206,1749648.5,1.054558672784848,0.0025187167594089566,0.17342942918136983,0.0034153438279622694,-0.2686076097538872,0.004528622633599433,-0.36934199089527187,-0.000867927235102095,0.40892110765845247,1
2023-11-02,0.012285211430688614,0.01221036063577192,0.01281792422035874,0.007348867563101026,724.488525390625,726.4701599757453,735.8833435058593,734.883220123579,751.5629699707031,747.0833864826627,771.5521472167969,762.5501034062507,1.0016663830389503,0.9861560357161037,0.9655821664677526,0.9405661087186867,35.47462296572637,36.40834602847974,38.73187625698763,-14.27342786314955,-10.939112871432442,-3.3343149917171075,794.6844106666525,708.4415292747536,751.5629699707031,0.11475137125936467,0.2000660370806804,-0.4064425531961019,1734077.0,0.6315619202607496,-0.016160823035574423,0.35298754590358206,0.0025187167594089566,0.17342942918136983,0.0034153438279622694,-0.2686076097538872,-0.026192728366137508,0.042187246001061496,1
2023-11-03,0.017317784992178176,0.01716954120891181,0.017425105841041188,0.013723725006334068,727.2692016601562,730.4011881934657,732.479248046875,735.4977700336385,751.0954010009766,746.2433729727811,770.5794067382812,761.5976775718451,1.0151168823644032,1.0078964647769257,0.9829154108053796,0.9580625152621671,49.19211623117602,43.51524562187797,43.38989194397602,-13.183333550835982,-11.387957007313151,-1.7953765435228313,794.5792234688562,707.611578533097,751.0954010009766,0.1157877478944197,0.3524490759575109,1.3065120980444256,1773621.2,1.4242268867783041,0.012285211430688614,-0.4064425531961019,-0.016160823035574423,0.35298754590358206,0.0025187167594089566,0.17342942918136983,0.004528622633599433,-0.36934199089527187,1
2023-11-06,0.010656096523518066,0.010599720472414587,0.015318286197571305,0.007886679062435955,731.1284912109375,735.644208470123,730.9553161621094,737.4309480317837,750.5412445068359,746.2325992633199,769.7105688476563,760.9911117464173,1.0205186338555254,1.020760411102835,0.9941229139428616,0.9693646926798456,56.0203067421349,47.47266900671985,46.08412264756111,-11.551466333923145,-11.420658872635151,-0.13080746128799348,793.9815377245411,707.1009512891308,750.5412445068359,0.1157572446168467,0.44922921604957505,0.10162788460510708,1901702.3,1.4632968577679062,0.017317784992178176,1.3065120980444256,0.012285211430688614,-0.4064425531961019,-0.016160823035574423,0.35298754590358206,0.0034153438279622694,-0.2686076097538872,0
2023-11-07,-0.007161789696479182,-0.007187558419467418,0.016898161623642723,-0.01109646554037319,733.5529174804688,737.3583460113321,730.9206787109375,738.0410704066867,750.0984161376953,745.7139346757418,768.9327709960937,760.1987787796461,1.009861188526285,1.0134979658808014,0.9875859022714749,0.9633958247534664,50.62840042548513,45.158311392938046,44.57121847214469,-10.567569559121239,-11.250041009932369,0.6824714508111303,793.7463705186473,706.4504617567433,750.0984161376953,0.11637927355105777,0.39333068209023625,-0.17744285788723768,1959009.0,1.1684351628808238,0.010656096523518066,0.10162788460510708,0.017317784992178176,1.3065120980444256,0.012285211430688614,-0.4064425531961019,0.0025187167594089566,0.17342942918136983,1
2023-11-08,0.010820176372376533,0.010762057128470162,0.016849477724749377,0.008933349609374945,739.935595703125,741.1729183369819,731.7519104003907,739.9976145124311,749.3463439941406,746.0080421340789,768.6072033691406,759.7518487486121,1.0119827554406688,1.0233004551755271,0.9992736589559398,0.974232429394306,57.74556772887472,49.16192244359999,47.29631349197423,-9.03687364928112,-10.80740753780212,1.7705338885210011,792.5369920514622,706.155695936819,749.3463439941406,0.11527552887522813,0.49369908729851636,0.16396072477855816,1983678.8,1.3430989936475604,-0.007161789696479182,-0.17744285788723768,0.010656096523518066,0.10162788460510708,0.017317784992178176,1.3065120980444256,-0.016160823035574423,0.35298754590358206,0
2023-11-09,-0.007730935471231604,-0.007760974070664769,0.014450338914410516,-0.007730985234202885,743.3990600585937,741.7863197441859,733.9437927246094,740.5458887026424,748.0401214599609,745.7228116983184,768.1688269042969,759.0954281137094,0.9994808474738056,1.0123569814526483,0.9932797736950848,0.9672523754353843,51.49122596765486,46.52047775694317,45.59635863503894,-8.196421974717282,-10.285210425185152,2.08878845046787,790.3283065486687,705.7519363712531,748.0401214599609,0.11306394904640495,0.4405626076075144,-0.03187619005080933,1989656.8,1.2963793554747733,0.010820176372376533,0.16396072477855816,-0.007161789696479182,-0.17744285788723768,0.010656096523518066,0.10162788460510708,0.012285211430688614,-0.4064425531961019,1
2023-11-10,0.005194139709880252,0.005180696696052066,0.018482957544923743,0.0037903650663642196,745.1208984375,743.4816920039365,736.1950500488281,741.696170124605,746.6200988769531,745.8322997769012,767.6166491699219,758.6160951101695,1.002350676366225,1.0145034749607476,1.0003379732836875,0.972975817201312,55.26013330013616,48.5068376651888,46.93155994234097,-7.136676420815434,-9.655503624311208,2.518827203495775,787.0202563331962,706.2199414207099,746.6200988769531,0.10822145698196994,0.5031229785027165,-0.5700978928799891,1941644.9,0.5710972176220276,-0.007730935471231604,-0.03187619005080933,0.010820176372376533,0.16396072477855816,-0.007161789696479182,-0.17744285788723768,0.017317784992178176,1.3065120980444256,1
2023-11-13,0.008413339546307963,0.008378144671649653,0.013467350320316223,0.006014127111735422,746.52607421875,746.7065039791869,738.8272827148437,743.7797988164382,745.8210266113281,746.5298072200237,767.1010852050781,758.4019787501505,1.0088812084934555,1.0193940391077492,1.009834935000005,0.981821225983975,61.013948856265785,51.655369497380356,49.06853278906133,-5.723798664743413,-8.86916263239765,3.1453639676542373,785.0224967539684,706.6195564686877,745.8210266113281,0.1051229953136452,0.5935564570878282,-0.1499412012971787,1919687.9,0.4910188786416792,0.005194139709880252,-0.5700978928799891,-0.007730935471231604,-0.03187619005080933,0.010820176372376533,0.16396072477855816,0.010656096523518066,0.10162788460510708,1
2023-11-15,0.015438207218808175,0.015320250574686882,0.017467814487236055,0.005006470202779676,751.3254516601562,752.732172086385,742.4391845703125,747.5986550863187,744.937841796875,748.2682549420007,766.9665026855469,758.6522348109596,1.0179124194593536,1.0300958303317471,1.0266407012644656,0.9971537291692377,69.48578081347796,56.906168009322556,52.7641797242004,-3.6240743685342522,-7.8201449796249705,4.196070611090718,781.5063386128529,708.369344980897,744.937841796875,0.0981786526719345,0.7713492244947169,1.59245090456958,2027680.3,1.205146590416645,0.008413339546307963,-0.1499412012971787,0.005194139709880252,-0.5700978928799891,-0.007730935471231604,-0.03187619005080933,-0.007161789696479182,-0.17744285788723768,0
2023-11-16,-0.004787388690040584,-0.004798884941299655,0.014171439943995192,-0.0017520773341174116,753.7894775390625,755.5288455185275,746.8625366210938,750.0574800493175,743.8988006591796,749.4924394601732,766.2292785644531,758.7490958922087,1.0097278020750429,1.0190927447321583,1.0231528693262726,0.9933347806922638,64.34877035001892,54.884693098726565,51.52797059089695,-2.2297620231537394,-6.702068388330725,4.472306365176985,777.2460399183097,710.5515614000495,743.8988006591796,0.0896553112589525,0.7582431425551559,-0.30433875199905713,2013165.0,0.8444186144702496,0.015438207218808175,1.59245090456958,0.008413339546307963,-0.1499412012971787,0.005194139709880252,-0.5700978928799891,0.010820176372376533,0.16396072477855816,0
2023-11-17,-0.0004550839736184864,-0.0004551875557569148,0.011576514770261987,-0.004145093532423904,757.3420166015625,757.2778363027163,750.3705383300781,752.0062687441858,743.1269409179688,750.5670469278799,765.4178381347656,758.8285751854983,1.0045340165925825,1.0138668551195682,1.023749478025011,0.9939353121492649,63.82795836017307,54.68677535307408,51.40832842636152,-1.1395726877003653,-5.589569248204653,4.449996560504288,774.0749679706951,712.1789138652425,743.1269409179688,0.0832913607317125,0.7851373517778127,-0.07778033993861011,2060420.4,0.7608791875677411,-0.004787388690040584,-0.30433875199905713,0.015438207218808175,1.59245090456958,0.008413339546307963,-0.1499412012971787,-0.007730935471231604,-0.03187619005080933,0
2023-11-20,-0.009040117048740859,-0.009081226852713687,0.014897914221508383,-0.010455966453893276,758.7471923828125,756.15132934504,751.9340454101563,752.3502772324588,742.2066467285156,750.8843105947187,764.3471313476563,758.6352316656626,0.9936093642232833,1.0026122903085999,1.0157525788171073,0.9863297505944112,53.75042508273919,50.771829008981285,49.03466800580709,-0.8210818340222659,-4.635871765368176,3.81478993134591,770.6202813826734,713.7930120743578,742.2066467285156,0.07656529291242244,0.7057404630466919,-0.3464095562312667,1910281.9,0.5363888963194385,-0.0004550839736184864,-0.07778033993861011,-0.004787388690040584,-0.30433875199905713,0.015438207218808175,1.59245090456958,0.005194139709880252,-0.5700978928799891,1
2023-11-21,0.018310749708343677,0.01814512666371828,0.017594693985157683,0.011671138412950581,761.6565185546875,760.0018058263809,754.0912963867188,755.1416375154777,742.523306274414,752.4860675656086,763.5732922363281,758.9908209646195,1.0079382767521616,1.0180501518417784,1.0339106561395164,1.0054080814438129,66.23439595733132,57.36879093751643,53.55434731404256,0.53901425190395,-3.6008945619137505,4.1399088138177005,771.9086832140651,713.1379293347629,742.523306274414,0.0791500460425714,0.9284350778681455,0.8023976874144834,1816689.8,1.0165929263212685,-0.009040117048740859,-0.3464095562312667,-0.0004550839736184864,-0.07778033993861011,-0.004787388690040584,-0.30433875199905713,0.008413339546307963,-0.1499412012971787,0
2023-11-22,-0.009474129598231573,-0.00951929465683188,0.014639859224791123,-0.009474059940174829,760.7857055664062,760.1443516707122,756.0555786132812,756.1030567598226,743.4881286621094,753.2425795459673,762.5669067382812,759.0472375291198,0.9995317180588112,1.0057851100763202,1.0227862611979444,0.9971970152913548,56.80857455989992,53.31485643145163,51.04979785575407,1.0182664872055511,-2.6770623520898904,3.6953288392954415,773.8775380876976,713.0987192365211,743.4881286621094,0.08174820351274027,0.7787371491826495,-0.2892403973502762,1719057.8,0.7635897990166474,0.018310749708343677,0.8023976874144834,-0.009040117048740859,-0.3464095562312667,-0.0004550839736184864,-0.07778033993861011,0.015438207218808175,1.59245090456958,1
2023-11-23,0.009239356744541016,0.009196934987643679,0.01392558566560357,0.004663482776099741,762.0523315429688,762.5813418690166,757.9209045410156,758.1671050336048,744.8364074707031,754.5961740906965,761.7712976074218,759.3769663423161,1.0070900520856836,1.0125797001606431,1.030367627801292,1.0074615894246155,62.77821116548722,56.511734269443416,53.26656522482736,1.94261380382693,-1.7531271209065264,3.6957409247334567,776.9196117448034,712.7532031966027,744.8364074707031,0.08614832452416686,0.8525039862240533,-0.18620734313281095,1559453.0,0.6850023694205597,-0.009474129598231573,-0.2892403973502762,0.018310749708343677,0.8023976874144834,-0.009040117048740859,-0.3464095562312667,-0.004787388690040584,-0.30433875199905713,1
2023-11-24,0.008381191392897724,0.008346264226795422,0.012595071593486263,0.003915260324735201,764.6746704101563,766.3500653150215,761.0083435058593,761.0253608833186,747.4760681152344,756.4334443874903,760.9361071777344,759.9460073566187,1.012048054098527,1.0169238206270372,1.0353341668294391,1.0170203580919992,67.5662005075113,59.26209060045334,55.216117442225,3.1577886619892297,-0.7709439643273753,3.928732626316605,779.9955478247663,714.9565884057025,747.4760681152344,0.0870114271123889,0.9060865107269124,0.9375339931793651,1508491.0,1.372053263824577,0.009239356744541016,-0.18620734313281095,-0.009474129598231573,-0.2892403973502762,0.018310749708343677,0.8023976874144834,-0.0004550839736184864,-0.07778033993861011,1
2023-11-28,0.00038361518349527834,0.00038354162200304325,0.00869174666730949,-0.003375827279060628,768.731884765625,768.9615059456914,763.7395385742187,763.4179111239937,749.9672943115235,758.1240103703037,760.2661730957032,760.5043751938898,1.0070928532424133,1.0136759302160936,1.0322908653206528,1.0183070279908089,67.78930972954531,59.389749762806694,55.30647320619535,4.097544876652137,0.20275380386852715,3.8947910727836095,782.6550107397301,717.2795778833168,749.9672943115235,0.0871710451272791,0.8704310906620962,-0.5851782599662758,1483461.1,0.5787607103415114,0.008381191392897724,0.9375339931793651,0.009239356744541016,-0.18620734313281095,-0.009474129598231573,-0.2892403973502762,-0.009040117048740859,-0.3464095562312667,1
2023-11-29,0.013932331917166252,0.013836169132690949,0.014497321147179413,0.012831955613289899,772.18544921875,774.2978643153568,766.9209838867188,767.3365783841198,752.8741333007813,760.6808266259593,759.9208154296875,761.4638342472545,1.0165570742738972,1.0235351457936308,1.0426318906896,1.032963652417964,75.06106146073046,63.82520871136046,58.5006524418508,5.647562561153677,1.2917155553255573,4.35584700582812,787.1188740671095,718.6293925344531,752.8741333007813,0.09097069284660102,0.9686332417132164,0.7251636152714576,1537318.0,0.9634779531625858,0.00038361518349527834,-0.5851782599662758,0.008381191392897724,0.9375339931793651,0.009239356744541016,-0.18620734313281095,0.018310749708343677,0.8023976874144834,1
2023-11-30,0.00989599686119802,0.009847352146288615,0.023155722623205907,0.008942034742994312,778.6472900390625,780.4447920305505,769.7164978027344,771.9551363980866,756.0778411865234,763.7339524197668,759.7377453613282,762.6902975105361,1.0180972278490408,1.0299099080296747,1.0484881374342114,1.0434372285714384,79.03734077327945,66.65025044048377,60.62845404257689,7.4172790066475045,2.516828245589947,4.900450761057558,792.5780031439779,719.577679229069,756.0778411865234,0.0965513336567945,1.0022005973171693,1.121630708655038,1607202.8,1.9552604064651953,0.013932331917166252,0.7251636152714576,0.00038361518349527834,-0.5851782599662758,0.008381191392897724,0.9375339931793651,-0.009474129598231573,-0.2892403973502762,1
2023-12-01,0.012108347326772018,0.012035627710346936,0.02232360120676161,0.00720495378008535,785.6237060546875,787.7423288016171,773.8380187988281,777.4791847518435,760.3502777099609,767.4104714601461,759.6971728515625,764.245085935368,1.0212744296795686,1.036828616393337,1.0552207658294632,1.0561279296751036,82.955132244187,69.78974594798495,63.08425291347383,9.48499422944792,3.910461442361542,5.574532787086379,797.499681055904,723.2008743640177,760.3502777099609,0.09771655100286279,1.0651116956414626,-0.34303516308671445,1643658.6,1.2560467240581468,0.00989599686119802,1.121630708655038,0.013932331917166252,0.7251636152714576,0.00038361518349527834,-0.5851782599662758,0.009239356744541016,-0.18620734313281095,1
2023-12-04,0.0108535273222099,0.010795050533662545,0.013482246409567404,-0.00048783465129572404,793.055322265625,795.5100836216511,778.8649963378906,783.5821681172754,764.6177673339844,771.5661973460102,759.9109191894531,766.0803999481661,1.0226847616944283,1.0413172977026013,1.0607203074676328,1.0672903530940279,85.77000906844009,72.33427314737082,65.154667324713,11.691578431885205,5.466684840266275,6.22489359161893,804.3801710306037,724.855363637365,764.6177673339844,0.10400596322855564,1.083815635015065,0.3510936240622482,1765820.4,1.5796334666877787,0.012108347326772018,-0.34303516308671445,0.00989599686119802,1.121630708655038,0.013932331917166252,0.7251636152714576,0.008381191392897724,0.9375339931793651,1
2023-12-05,0.0025622036320875896,0.002558926784468541,0.014360457122636255,0.006985309077244165,800.8431762695312,801.3812748232883,784.7875305175781,788.9533479553276,768.3607879638672,775.5240506679676,760.6026232910157,767.9252335669269,1.0153344391522894,1.0361067494157257,1.0582576179886998,1.0690518706184526,86.39550700289527,72.9204250991233,65.6375591943211,13.452917842022885,7.063931440617597,6.388986401405288,811.4497660376356,725.2718098900988,768.3607879638672,0.11215819117462492,1.019423658482468,-0.5200213383122729,1797237.8,0.7449364797468648,0.0108535273222099,0.3510936240622482,0.012108347326772018,-0.34303516308671445,0.00989599686119802,1.121630708655038,0.00038361518349527834,-0.5851782599662758,1
2023-12-06,0.0036509686299983635,0.0036443200216893855,0.022068645492468283,-0.00030304866513201315,807.067529296875,806.2849652793277,789.6264892578125,793.8877112709781,771.8588928222656,779.3876978606761,761.5199475097656,769.8141399443575,1.0111822326718976,1.0335169314779062,1.0573076941659674,1.0716624677529418,87.3241542558738,73.77523626210166,66.33731911450644,14.916393504231905,8.634423853340458,6.2819696508914475,818.3834458979233,725.334339746608,771.8588928222656,0.12055196489488595,0.9753775205235046,0.15317949729166114,1766945.3,0.8737729458857612,0.0025622036320875896,-0.5200213383122729,0.0108535273222099,0.3510936240622482,0.012108347326772018,-0.34303516308671445,0.013932331917166252,0.7251636152714576,0
2023-12-07,-0.006729635953776181,-0.006752382059922684,0.014832477631619916,-0.01182216979148945,810.6398681640625,807.7234241185101,794.6435791015625,796.9263713665957,775.3495788574219,782.3603306165046,762.4125341796876,771.4135988405346,0.9999512405338797,1.0200804022268115,1.0454643478254024,1.0632043748717153,76.11097713750128,69.41006152406749,63.813081392384774,15.454895242248085,9.998518131121983,5.456377111126102,822.4969779644973,728.2021797503464,775.3495788574219,0.12161585017316512,0.8738357110579512,0.11253189145215159,1807444.6,0.9503184772578921,0.0036509686299983635,0.15317949729166114,0.0025622036320875896,-0.5200213383122729,0.0108535273222099,0.3510936240622482,0.00989599686119802,1.121630708655038,1
2023-12-08,0.02465959323767497,0.024360453273206968,0.03735037532968152,0.017640625616280874,816.2902709960938,815.3454215803089,800.9569885253907,803.0469250279249,779.4389465332031,786.9535768914952,763.5891223144531,773.734219141059,1.0175172313279732,1.0369962787053904,1.0656247294264813,1.0877439086433998,84.54044158489845,75.16888475795935,68.40728649078216,17.29524421313795,11.457863347525176,5.837380865612772,830.6768167415606,728.2010763248455,779.4389465332031,0.13147372333972762,0.9991471128942424,3.158032961351802,2414825.4,2.9575790448452297,-0.006729635953776181,0.11253189145215159,0.0036509686299983635,0.15317949729166114,0.0025622036320875896,-0.5200213383122729,0.012108347326772018,-0.34303516308671445,1
2023-12-11,0.006850559769177478,0.00682720130296846,0.017986052119446,0.0042183920675690715,821.3370361328125,822.3234207019768,807.1961791992187,809.089196649268,784.102261352539,791.6512761347159,764.8844580078126,776.1869720745592,1.0181927541985136,1.0360299521919762,1.0665438172602262,1.0933408440844157,86.16202966637921,76.52372703519295,69.562281051851,18.993919593484293,12.965074596717,6.028844996767292,838.1312633184465,730.0732593866315,784.102261352539,0.13781111120049575,0.9828624969391208,-0.7716413398586426,2370947.0,0.6878880042447174,0.02465959323767497,3.158032961351802,-0.006729635953776181,0.11253189145215159,0.0036509686299983635,0.15317949729166114,0.0108535273222099,0.3510936240622482,1
2023-12-12,0.01035382577891264,0.010300592057928683,0.020553947759880686,0.008563666677384674,827.6999267578125,829.8616505851721,814.2715515136719,815.6071809587761,789.0055450439453,796.7262127267966,766.3539587402344,778.8830951442457,1.0208266100267447,1.0376613413312594,1.0708899521162452,1.1025428925042786,88.3344138111852,78.45059636023467,71.24216143789033,20.79905751541105,14.531871180455811,6.267186334955239,846.3287726478029,731.6823174400877,789.0055450439453,0.14530500568450347,0.9878699930693817,0.5444183927610111,2536976.4,0.9928602410333813,0.006850559769177478,-0.7716413398586426,0.02465959323767497,3.158032961351802,-0.006729635953776181,0.11253189145215159,0.0025622036320875896,-0.5200213383122729,0
2023-12-13,-0.0028692958829819037,-0.002873420203567281,0.022551106009475113,-0.004035738749960548,832.9842041015625,834.079011360167,820.0258666992188,820.4992813135724,793.4734252929687,801.0869289347356,768.0025720214844,781.3784142723207,1.0114402275117236,1.027423362023269,1.0618045999449581,1.097019415823763,84.02547839150502,76.55592207833345,70.10466396541649,21.78291543594912,15.982080031554474,5.800835404394647,852.8172851228109,734.1295654631266,793.4734252929687,0.149579955517555,0.913187714430792,-0.1382195061819559,2605929.9,0.832987487499184,0.01035382577891264,0.5444183927610111,0.006850559769177478,-0.7716413398586426,0.02465959323767497,3.158032961351802,0.0036509686299983635,0.15317949729166114,0
2023-12-14,-0.004698145322157177,-0.004709216295863395,0.018586263330462354,-0.014651134402252979,838.5752319335937,835.5711678924552,824.6075500488281,823.782226703292,797.1620239257812,804.6553624606686,769.3444201660157,783.6206521815251,0.9999764469831562,1.016914629155866,1.0519260273180098,1.0899610876180537,76.8819250359379,73.43743675455633,68.23688681819701,21.989747947962314,17.183613614836045,4.80613433312627,858.0646243725914,736.259423478971,797.1620239257812,0.15279854940124557,0.8398332479037685,0.24910639713236282,2562824.3,1.0579905926442168,-0.0028692958829819037,-0.1382195061819559,0.01035382577891264,0.5444183927610111,0.006850559769177478,-0.7716413398586426,-0.006729635953776181,0.11253189145215159,1
2023-12-15,0.02336549240175323,0.02309669823697485,0.02185195103815018,0.015397253793123627,844.0870971679688,843.097026153564,830.1886840820313,830.0306841528354,802.0133514404297,809.7499701002031,771.2631823730469,786.5433223969861,1.0166589982893843,1.0336791612917084,1.069993088188035,1.1126535821863066,84.49458919305802,78.17636372401853,72.10029316740827,23.46419603097297,18.439730098063432,5.024465932909539,866.0374664894912,737.9892363913682,802.0133514404297,0.1596584768422448,0.9383925587439605,0.4966357409557416,2762177.5,1.4691467148653554,-0.004698145322157177,0.24910639713236282,-0.0028692958829819037,-0.1382195061819559,0.01035382577891264,0.5444183927610111,0.02465959323767497,3.158032961351802,0
2023-12-18,-0.014183448840245028,-0.01428499528013021,0.03438994331419811,0.012914720869742338,846.02666015625,844.057095397949,833.6818481445313,832.9300568317233,806.2734222412109,813.2001856989189,773.2086645507812,788.8740640240344,0.9999415783546086,1.0147482948915734,1.0492436071316136,1.0941124597694654,68.21482108377322,69.84068640693751,66.80055544789394,23.3810455825693,19.427993194964607,3.953052387604693,870.0931076985884,742.4537367838335,806.2734222412109,0.1583077990589764,0.8110624203250294,0.06573166776900408,2915721.2,1.4832645864769236,0.02336549240175323,0.4966357409557416,-0.004698145322157177,0.24910639713236282,-0.0028692958829819037,-0.1382195061819559,0.006850559769177478,-0.7716413398586426,1
2023-12-19,0.004444864182661323,0.004435014948746566,0.016187288012651416,0.0036818706785192758,846.9865356445313,845.9505595296223,837.3432312011719,835.9859533701315,811.065380859375,816.679928755495,775.2511218261719,791.2608649561495,1.0032479290197265,1.0148018830629553,1.0476806282776097,1.0960803072317233,70.27879974640283,70.87393467282794,67.57372798789694,23.349411832522833,20.212276922476253,3.13713491004658,872.7929712743555,749.3377904443944,811.065380859375,0.15221359922815667,0.813248149438606,-0.7028162780771118,2910364.0,0.4416134888969215,-0.014183448840245028,0.06573166776900408,0.02336549240175323,0.4966357409557416,-0.004698145322157177,0.24910639713236282,0.01035382577891264,0.5444183927610111,0
2023-12-20,-0.019156881444385654,-0.019342752128249447,0.028554452707591278,-0.01949941792782296,845.1756225585938,841.7867621799046,839.0799133300782,835.5265377538292,814.3532012939453,818.2779514912067,776.7760375976562,792.9157003492601,0.9861372538849903,0.9933012985291207,1.0234615227841746,1.0729722946373539,52.922410887190594,61.1129509376927,61.105199599529435,21.759981925563125,20.52181792309363,1.238164002469496,873.4403344354622,755.2660681524284,814.3532012939453,0.1451142650329905,0.6616761989515012,0.3731902438113497,2932463.2,0.6018493258500226,0.004444864182661323,-0.7028162780771118,-0.014183448840245028,0.06573166776900408,0.02336549240175323,0.4966357409557416,-0.0028692958829819037,-0.1382195061819559,0
2023-12-21,-0.00041544019781192265,-0.00041552651699870285,0.03272365842642535,0.014337378812123491,844.087109375,838.8954797996239,841.3311706542969,835.0876972602352,817.9873748779297,819.6908051624312,778.4454321289063,794.4920617096445,0.9869987419378277,0.9902318422258822,1.0184911657877238,1.0702264804363366,52.60004343813021,60.9207567400127,60.9748376593918,20.239103804550155,20.465275099384936,-0.22617129483478138,872.0918245131653,763.8829252426941,817.9873748779297,0.1322867596662106,0.6397809261817374,0.1937530773680789,2971384.0,0.7090487126537667,-0.019156881444385654,0.3731902438113497,0.004444864182661323,-0.7028162780771118,-0.014183448840245028,0.06573166776900408,-0.004698145322157177,0.24910639713236282,1
2023-12-22,0.015916294852012403,0.015790958805617712,0.016894671358897564,0.012189334666235296,841.7319580078125,841.3879818130306,842.9095275878906,837.1395679110731,821.9332580566406,822.2319652269466,780.0960217285157,796.5266077539661,1.0055136647573837,1.0041089323807555,1.0297344432089144,1.0849600078263102,62.74033232230416,65.40745820732349,64.05813595653058,19.87467099522007,20.347154278551965,-0.4724832833318935,872.0876437849624,771.7788723283188,821.9332580566406,0.12204004458197894,0.7436449717038622,-0.1233700831950546,2441873.6,0.7563589696043235,-0.00041544019781192265,0.1937530773680789,-0.019156881444385654,0.3731902438113497,0.004444864182661323,-0.7028162780771118,0.02336549240175323,0.4966357409557416,0
2023-12-26,-0.0035075422000833134,-0.003513708048430389,0.015311495928518923,-0.006064154177295945,841.2173706054688,842.0600868336871,843.6220153808594,838.2786095408778,825.4090972900391,824.2483777648565,781.5813562011718,798.3649485038106,1.0025997160138969,0.9997419241059504,1.0218015522775825,1.079099814988314,59.42007875563899,63.645671062028825,62.89008666018123,19.125836244330344,20.10289067170764,-0.977054427377297,871.2093040255812,779.608890554497,825.4090972900391,0.11097577403959355,0.6964532571748872,-0.29929726741576446,2408194.1,0.5373948055100708,0.015916294852012403,-0.1233700831950546,-0.00041544019781192265,0.1937530773680789,-0.019156881444385654,0.3731902438113497,-0.014183448840245028,0.06573166776900408,1
2023-12-27,0.027689802882199466,0.027313373328767602,0.02951247273138277,0.020327348079555795,844.6214721679687,850.2927230909477,845.80400390625,843.4566797344398,830.0377777099609,828.2969127972957,783.4110583496093,801.047028782307,1.0262088097058202,1.0247740512015138,1.0442392128185025,1.1063897890737515,72.68620750302556,70.4001434349934,67.74774761216511,20.184157221484497,20.119143981663015,0.06501323982148222,872.8059001969445,787.2696552229772,830.0377777099609,0.10305102643636076,0.9292942472127873,0.9057737466493476,2402943.7,1.0263906724073477,-0.0035075422000833134,-0.29929726741576446,0.015916294852012403,-0.1233700831950546,-0.00041544019781192265,0.1937530773680789,0.004444864182661323,-0.7028162780771118,1
2023-12-28,0.005594198083608948,0.005578608670662245,0.024693460832690514,-0.0023785667267225007,852.2510009765625,857.3974192351111,848.7133117675781,848.5748855142575,834.3695892333984,832.4216650569282,785.4604431152344,803.8140790858808,1.0227113966715156,1.0269743615876368,1.0446291700591004,1.1096762658938442,74.69042424831945,71.5807693731486,68.642590436602,21.170107322722743,20.32933664987496,0.840770672847782,875.521021873435,793.2181565933619,834.3695892333984,0.09864077783047111,0.9524413841890246,0.8174965607196683,2634132.9,1.7017360817292098,0.027689802882199466,0.9057737466493476,-0.0035075422000833134,-0.29929726741576446,0.015916294852012403,-0.1233700831950546,-0.019156881444385654,0.3731902438113497,0
2023-12-29,-0.0006244220227351605,-0.0006246170553590685,0.01613179461179352,-0.001984126984126937,859.8409301757813,861.9524665017929,851.9640197753906,852.6635537907845,838.2857849121094,836.1017503881881,787.2327502441407,806.4512744564406,1.0130508219201437,1.0224170749191976,1.039099763723756,1.1064866912168196,73.97956377402225,71.23730790132353,68.41886518431164,21.657904573086626,20.595050234517295,1.0628543385693305,877.7159995616413,798.8555702625775,838.2857849121094,0.09407344215831111,0.9156302015393157,-0.5746597007673451,2553651.5,0.7466288959162987,0.005594198083608948,0.8174965607196683,0.027689802882199466,0.9057737466493476,-0.0035075422000833134,-0.29929726741576446,-0.00041544019781192265,0.1937530773680789,0
2024-01-01,-0.003010477743422557,-0.0030150183467577657,0.011166804997260507,-0.0030105361136751312,864.2543823242188,864.1150598618724,852.9931701660156,855.532043389193,841.5909271240234,839.1816071685541,788.9634948730469,808.8822145397971,1.004843324307544,1.0181092615466185,1.0319030524126018,1.1007356515547948,70.22266512103799,69.50677668311997,67.30900127584283,21.584080700922073,20.79285632779825,0.7912243731238213,879.4650216611682,803.7168325868787,841.5909271240234,0.0900059478221141,0.8544549353077674,-0.5918536894940287,2225665.5,0.34964103994962403,-0.0006244220227351605,-0.5746597007673451,0.005594198083608948,0.8174965607196683,0.027689802882199466,0.9057737466493476,0.015916294852012403,-0.1233700831950546,0
2024-01-02,-0.00843214598842823,-0.008467897648752555,0.02844173713262561,-0.015443756017368438,867.7970092773437,863.11585045479,854.5071899414063,856.5475685258169,844.0945190429687,841.2707333087515,790.6615832519532,810.9306544261042,0.9923028339976867,1.007735735611156,1.0201670692246134,1.089109993303191,60.25386863868901,64.774663956182,64.25289030331967,20.69611287753662,20.773507637745926,-0.07739476020930525,880.1365575341194,808.052480551818,844.0945190429687,0.08539811046756955,0.7361535766329622,1.0760064457763203,1954738.4,0.8264609729874852,-0.003010477743422557,-0.5918536894940287,-0.0006244220227351605,-0.5746597007673451,0.005594198083608948,0.8174965607196683,-0.0035075422000833134,-0.29929726741576446,0
2024-01-03,-0.03740512489307901,-0.038122646138394584,0.04058974393725243,-0.03718387998383628,860.22685546875,851.7129758240267,852.4241638183594,851.5220518052139,844.8836975097656,840.0932564757752,791.7936437988282,811.6356180392962,0.9635914309032081,0.9724116956627352,0.9810903311374629,1.0468727970404135,34.859115153807466,48.97899793200194,53.114682984318755,17.19508340423556,20.057822791043854,-2.8627393868082933,878.8075717318387,810.9598232876925,844.8836975097656,0.08030424618692796,0.2645246701087241,1.4657220762419416,2224553.9,1.790656095138895,-0.00843214598842823,1.0760064457763203,-0.003010477743422557,-0.5918536894940287,-0.0006244220227351605,-0.5746597007673451,0.027689802882199466,0.9057737466493476,0
2024-01-04,-0.0006566615732074288,-0.0006568772698499258,0.0105124692983166,-0.00374891331634939,851.578076171875,843.9296222290387,851.9145385742188,847.3112996659136,845.4972259521485,838.9760811008503,793.1335107421875,812.2915904706596,0.9727386580486287,0.9723544763368251,0.9797346337904417,1.0444180000210916,34.571850284947686,48.762597398557034,52.9518108515142,14.212735365970616,18.888805306029205,-4.676069940058589,877.7171334966777,813.2773184076193,845.4972259521485,0.07621528860309398,0.23410366107653022,-0.5284445918334815,2235903.7,0.8401072908462023,-0.03740512489307901,1.4657220762419416,-0.00843214598842823,1.0760064457763203,-0.003010477743422557,-0.5918536894940287,0.005594198083608948,0.8174965607196683,0
2024-01-05,-0.009198344991982688,-0.009240910992855983,0.02242581991612262,-0.011383261998942566,841.5142333984375,836.2008638753488,850.6775817871094,842.4807628481054,846.0043762207031,837.2396302500996,794.7257177734375,812.6230319097698,0.975317249065906,0.9648113042355547,0.9701407820541293,1.032737872718432,30.47092881046939,45.71751831932154,50.668111042148,11.106340629852752,17.332312370793915,-6.225971740941162,876.2712894234313,815.7374630179748,846.0043762207031,0.07155261616479462,0.08269565046928336,0.09697034549102712,2231272.9,0.9234854239479179,-0.0006566615732074288,-0.5284445918334815,-0.03740512489307901,1.4657220762419416,-0.00843214598842823,1.0760064457763203,-0.0006244220227351605,-0.5746597007673451,0
2024-01-08,-0.0089824845715335,-0.009023070309384065,0.019405087864411173,-0.01651210026080609,830.500390625,828.5909201551806,847.3773864746094,837.1880846420578,845.14345703125,834.9664304848371,796.1833435058594,812.6523652746747,0.9793746539995418,0.9598687027733368,0.9624058802655661,1.0215876020883599,26.872687901378228,42.92449155808176,48.54128356160181,7.957882739142406,15.457426444463614,-7.499543705321209,877.9852616783548,812.3016523841452,845.14345703125,0.07771888754240326,0.016280779058723584,-0.4625861663984532,2157316.3,0.5133076684211768,-0.009198344991982688,0.09697034549102712,-0.0006566615732074288,-0.5284445918334815,-0.03740512489307901,1.4657220762419416,-0.003010477743422557,-0.5918536894940287,0
2024-01-09,-0.0006690543813794303,-0.0006692782981426165,0.015461421754997753,-0.008569674817063977,820.8422729492188,823.33622785736,844.3196411132812,832.7587680274506,843.9708282470704,832.8578983683497,798.0179943847656,812.6592075486765,0.9902351158661684,0.9627003846433828,0.9630982683962694,1.0185570362838372,26.602158494672025,42.71703626710144,48.38387304363235,5.357042979628432,13.437349751496578,-8.080306771868146,879.5551277383443,808.3865287557965,843.9708282470704,0.08432589919057411,0.06239148401686476,0.31741509364104226,2173787.4,0.6711153077803285,-0.0089824845715335,-0.4625861663984532,-0.009198344991982688,0.09697034549102712,-0.0006566615732074288,-0.5284445918334815,-0.00843214598842823,1.0760064457763203,1
2024-01-10,0.010226355008182919,0.010174419612894434,0.0242829159741246,0.007222203536268267,819.2886474609375,822.6038516119379,839.7577514648438,830.6461009535676,842.7808776855469,831.7418222495634,799.9535791015625,812.9917523162223,1.002258607715231,0.9778285436350277,0.9743209900254429,1.026483436755574,37.76671921858635,46.93570316568758,50.935671847913476,3.9213850260034633,11.534156806397956,-7.6127717803944925,879.7220320390813,805.8397233320125,842.7808776855469,0.08766490871264807,0.2070776625259612,-0.13237921064500957,2053725.4,0.616313651279767,-0.0006690543813794303,0.31741509364104226,-0.0089824845715335,-0.4625861663984532,-0.009198344991982688,0.09697034549102712,-0.03740512489307901,1.4657220762419416,0
2024-01-11,-0.009339547210723609,-0.009383434252245393,0.02025427244243904,-0.015273119533348666,816.3100708007812,819.5592449873858,833.9440734863281,827.523179278061,841.3286926269532,830.0016517246793,801.6863037109375,813.0105083719894,0.9965208819980452,0.9754491429353835,0.9668873044116844,1.0146986769922324,32.45315728511403,43.735399507553545,48.607693281946176,2.1401161825002646,9.655348681618419,-7.515232499118154,880.4186450950326,802.2387401588737,841.3286926269532,0.09292432983837866,0.143659570686085,-0.04758879990266551,1726015.9,0.6984315729652317,0.010226355008182919,-0.13237921064500957,-0.0006690543813794303,0.31741509364104226,-0.0089824845715335,-0.4625861663984532,-0.0006566615732074288,-0.5284445918334815,1
2024-01-12,0.004561711292250026,0.004551338221300152,0.011564528861876198,0.0015766983541161447,815.5975708007812,818.7664457142469,828.5559020996094,825.6427552580442,840.2599609375,828.7806227192783,803.456630859375,813.1740510698711,1.00194124703637,0.9862712281659987,0.9725333648603448,1.0170814649869955,37.423235058014924,45.665908172236016,49.77397074350441,1.0161658558275803,7.927512116460251,-6.911346260632671,880.7388589181701,799.7810629568298,840.2599609375,0.09634851084777803,0.21492413429149967,0.10025101534296033,1667988.6,0.795183492261278,-0.009339547210723609,-0.04758879990266551,0.010226355008182919,-0.13237921064500957,-0.0006690543813794303,0.31741509364104226,-0.009198344991982688,0.09697034549102712,0
2024-01-15,-0.000787007482658364,-0.0007873173356289816,0.012724958721846985,-0.0030808115928008233,816.230908203125,818.0235370516855,823.3656494140625,823.9872942523202,838.179409790039,827.6146319580673,805.4496118164062,813.3059596446434,1.0003758881467903,0.9917072934821133,0.9741801220470236,1.013766358251947,36.874629413360026,45.37532621384539,49.56926349357739,0.07269414181712364,6.356548521531626,-6.283854379714502,879.0422737696808,797.3165458103972,838.179409790039,0.09750386015776222,0.23519122308389143,0.12911154387544221,1739930.7,0.8607268094068344,0.004561711292250026,0.10025101534296033,-0.009339547210723609,-0.04758879990266551,0.010226355008182919,-0.13237921064500957,-0.0089824845715335,-0.4625861663984532,1
2024-01-16,0.00866502209497666,0.008627696255525704,0.024210050113655283,0.005618272508598335,818.3881469726563,819.8867037375821,819.6152099609375,823.9192474990574,837.0611999511718,827.2335276867633,807.4079565429688,813.7101587609073,1.0063843668264825,1.0048776878465056,0.9839340745424812,1.0200704989777294,46.87107580481962,49.20474825916586,51.85647841130759,-0.10290873909855236,5.064657069405591,-5.167565808504143,878.2321449261126,795.8902549762311,837.0611999511718,0.09837021469240811,0.3366789631622224,0.2826719996260696,1770472.8,1.0849847566141655,-0.000787007482658364,0.12911154387544221,0.004561711292250026,0.10025101534296033,-0.009339547210723609,-0.04758879990266551,-0.0006690543813794303,0.31741509364104226,0
2024-01-17,-0.0236092489771067,-0.023892413036982783,0.02454932825654635,-0.020903585043298208,814.9939575195312,814.6471864435443,817.1413024902344,820.3281392002231,834.7827331542969,825.03682522664,808.7260546875,813.3359624116745,0.9867167043826788,0.9841237365003702,0.9633262882868355,0.9943640954738469,31.086816704765837,40.74975088980924,45.85513598602754,-1.7904755322746269,3.693630549069548,-5.484106081344175,877.8934503168238,791.6720159917701,834.7827331542969,0.10328607780285383,0.14493073516485935,-0.25372266436778734,1515486.8,0.9459343360826369,0.00866502209497666,0.2826719996260696,-0.000787007482658364,0.12911154387544221,0.004561711292250026,0.10025101534296033,0.010226355008182919,-0.13237921064500957,0
2024-01-18,-0.011074881383927204,-0.011136664466466252,0.027250698374618642,-0.010892277644230682,811.3523681640625,808.1854859493421,813.8312194824218,815.7706747930802,832.8728790283203,822.2011356775255,809.70869140625,812.6271829038025,0.9801685632106624,0.9771830644033368,0.9548420953372118,0.9821582667956515,26.345924504368526,37.56581354605175,43.43755713638149,-3.802694446921919,2.1943655498712547,-5.9970599967931735,879.3053000791704,786.4404579774703,832.8728790283203,0.11149941898701496,0.09499426030150694,0.38948666632718343,1526836.9,1.3045925206549567,-0.0236092489771067,-0.25372266436778734,0.00866502209497666,0.2826719996260696,-0.000787007482658364,0.12911154387544221,-0.009339547210723609,-0.04758879990266551,1
2024-01-19,0.016176200388439366,0.016046759698985447,0.018918767826054318,0.014157124388776726,809.5414794921875,808.165791902426,812.5695251464844,814.3808073413552,831.6235534667969,820.8606850233416,811.0554870605469,812.4506817628138,0.9982520034866139,0.9945320108613603,0.9717454495363312,0.9963885538058946,41.40482644471835,44.33181577606552,47.625517374219726,-4.309670219018585,0.8935583960932867,-5.203228615111872,879.2910743894497,783.9560325441441,831.6235534667969,0.11463725558022195,0.2535308192728275,-0.3181555298960791,1456598.7,0.9324229109912017,-0.011074881383927204,0.38948666632718343,-0.0236092489771067,-0.25372266436778734,0.00866502209497666,0.2826719996260696,0.004561711292250026,0.10025101534296033,0
2024-01-23,-0.03214350262678245,-0.032671449210431934,0.03485575271001811,-0.022084720799180342,802.664013671875,799.4939914766175,809.4474609375,808.520731574745,828.4124237060547,817.1739903187377,811.7224536132812,811.262435051527,0.9744430761844758,0.9662769090894614,0.9441557951604672,0.9635687508006648,27.945132478682382,35.877125492175935,41.16358276723747,-6.729921004178436,-0.6311374839610578,-6.098783520217379,880.1517390358792,776.6731083762302,828.4124237060547,0.12491197343072001,0.05293153005459765,0.12889146098488702,1499184.2,1.0227042147322525,0.016176200388439366,-0.3181555298960791,-0.011074881383927204,0.38948666632718343,-0.0236092489771067,-0.25372266436778734,-0.000787007482658364,0.12911154387544221,1
2024-01-24,0.02758094733319849,0.027207445144764253,0.03693671453966067,0.021635235480542414,798.6859741210938,800.9036074362346,808.537060546875,807.6483875348766,826.4283508300781,815.8929283222359,812.9366479492187,810.9667646320737,1.0063064400747963,0.9940457631117737,0.9725257350479282,0.9886660189118138,45.203834322253485,45.22064929419582,47.38832317232591,-6.828555526825653,-1.870621092533977,-4.957934434291676,878.7559194048597,774.1007822552965,826.4283508300781,0.1266354633701105,0.283044463052389,-0.027854413777000375,1502349.5,0.9921226718549845,-0.03214350262678245,0.12889146098488702,0.016176200388439366,-0.3181555298960791,-0.011074881383927204,0.38948666632718343,0.00866502209497666,0.2826719996260696,1
2024-01-25,0.004309246635548769,0.00429998842002587,0.03457154809981028,0.0008589106834738636,799.289599609375,802.9978313897814,807.1417785644531,807.5643678552399,823.4497650146484,815.0637236531539,814.1429248046875,810.8185103052032,1.0098796227191735,1.000055133724463,0.9802495714872369,0.9914552527623066,47.556662069456394,46.566824529960485,48.31020937044347,-6.551729182840631,-2.8068427105953084,-3.744886472245323,872.9618034794995,773.9377265497973,823.4497650146484,0.12025515233214097,0.3357623093086852,1.1737889253043412,1699782.1,1.9061649137262946,0.02758094733319849,-0.027854413777000375,-0.03214350262678245,0.12889146098488702,0.016176200388439366,-0.3181555298960791,-0.0236092489771067,-0.25372266436778734,0
2024-01-29,-0.00490376515885893,-0.004915828067162785,0.024146821844494938,-0.008973781448605918,800.8827880859375,803.0745633744376,806.117578125,806.7759423076963,820.0308258056641,813.9365144808298,815.1443627929688,810.5208443067148,1.0029283177172748,0.9964154723086786,0.9795095526495535,0.9853813189501928,44.98143329581711,45.199722456915175,47.31530377193773,-6.575936856231692,-3.5606615397225854,-3.015275316509107,865.0046946728427,775.0569569384855,820.0308258056641,0.10968823964146135,0.3131937624541725,-0.5139511090055292,1736714.7,0.9067868199653057,0.004309246635548769,1.1737889253043412,0.02758094733319849,-0.027854413777000375,-0.03214350262678245,0.12889146098488702,-0.011074881383927204,0.38948666632718343,1
2024-01-30,0.0003696023917165725,0.0003695341055778865,0.023645260063885516,-0.007334963325183343,799.9624877929688,803.2246763642086,804.7519836425781,806.1848441324332,816.6539428710937,812.9449323725364,815.9191906738281,810.2464936415005,1.004453227001443,0.9984752056238818,0.9839233733676884,0.9848094168249159,45.240897680841286,45.32936076240605,47.40061047351367,-6.496281194572589,-4.147785470692586,-2.348495723880003,855.5213717701928,777.7865139719946,816.6539428710937,0.09518702318990502,0.33110484923730027,0.20197735628607538,1793370.0,1.0555044413590056,-0.00490376515885893,-0.5139511090055292,0.004309246635548769,1.1737889253043412,0.02758094733319849,-0.027854413777000375,0.016176200388439366,-0.3181555298960791,1
2024-01-31,0.008189699438326814,0.008156345830157697,0.017040263593732494,0.008189685238993157,805.553515625,805.5182941711912,804.1087646484375,806.8976960692919,813.73720703125,812.6745130785002,816.898857421875,810.2409656471341,1.0056507905084673,1.0074576542382803,0.995537039212766,0.9916840039926625,51.19325254294534,48.25166437172852,49.31088741778974,-5.834890880914713,-4.4852065527370115,-1.3496843281777018,844.5407738664289,782.9336401960711,813.73720703125,0.0757088813661582,0.4410510272150326,0.03228521165824039,1839011.8,1.0625396748405855,0.0003696023917165725,0.20197735628607538,-0.00490376515885893,-0.5139511090055292,0.004309246635548769,1.1737889253043412,-0.03214350262678245,0.12889146098488702,0
2024-02-01,-0.02070487326344639,-0.02092222454005258,0.027316981515034724,-0.024695848896555746,803.4754272460938,801.4563286011066,801.0807006835937,804.4312781405001,810.3479553222656,810.8324068292085,817.5499890136718,809.5778845417931,0.9873760547725505,0.9903276870656799,0.9790021585794447,0.9703778461523173,38.68778313682141,42.077816421470224,44.94261112726345,-6.588240753560058,-4.905813392901621,-1.682427360658437,833.5256544120178,787.1702562325135,810.3479553222656,0.05720431312875888,0.13293254875218785,0.17058499311420583,1875653.2,1.2194951604059856,0.008189699438326814,0.03228521165824039,0.0003696023917165725,0.20197735628607538,-0.00490376515885893,-0.5139511090055292,0.02758094733319849,-0.027854413777000375,1
2024-02-02,0.027254588759249687,0.02688979580401596,0.025742228791533553,0.017670667646547764,805.0290405273438,805.9556676351128,802.1593200683594,806.3445631518864,809.6503112792968,811.2249724362482,818.7711096191406,809.788726155963,1.0123291268713481,1.0159507286329046,1.0065510188163178,0.9953384238022382,55.16078411376625,50.81449057864541,50.83744627597661,-5.378564688551478,-5.000363652031592,-0.37820103651988557,831.3439362167479,787.9566863418457,809.6503112792968,0.05358764057824875,0.6222486891683897,0.2552215445821584,2019411.2,1.4217664039894402,-0.02070487326344639,0.17058499311420583,0.008189699438326814,0.03228521165824039,0.0003696023917165725,0.20197735628607538,0.004309246635548769,1.1737889253043412,0
2024-02-05,-0.010806823618438655,-0.010865641476782328,0.028232982643734365,-0.01152702750540362,805.612890625,806.0195377007524,803.2478393554687,806.3086930937309,808.5395294189453,810.7413824739418,819.54,809.6459242609069,1.000663330010294,1.003609643667251,0.997041268237518,0.983658244664118,48.915457774352284,47.66104066944928,48.61146953331626,-5.072076722052998,-5.0147062660358745,-0.05737045601712332,828.4919718342035,788.5870870036872,808.5395294189453,0.04935427815037541,0.44005115922337734,-0.2838686218079217,2025831.9,1.0149445272334787,0.027254588759249687,0.2552215445821584,-0.02070487326344639,0.17058499311420583,0.008189699438326814,0.03228521165824039,-0.00490376515885893,-0.5139511090055292,1
2024-02-06,0.005032814788281881,0.005020192508618188,0.019114533635496204,0.005032806067717743,806.9488037109375,807.4145143916475,803.4556457519532,807.0170157627684,808.0125854492187,810.6902477405605,820.5355004882813,809.667827928065,1.0040345360790277,1.0083997443507515,1.0027126833958906,0.9874094018982774,51.84568119838658,49.22430674270103,49.677290377782946,-4.450498898592514,-4.901864792547203,0.45136589395468896,827.1895781477583,788.8355927506791,808.0125854492187,0.047467064359840536,0.5571487500327857,-0.24736115386991042,2044765.9,0.75681328605881,-0.010806823618438655,-0.2838686218079217,0.027254588759249687,0.2552215445821584,-0.02070487326344639,0.17058499311420583,0.0003696023917165725,0.20197735628607538,1
2024-02-07,0.021801529109812146,0.021567274399849252,0.02378678579344327,0.01111910913755421,810.5013305664063,814.2323976152651,808.0274230957032,810.8081336354469,808.7374420166016,812.3262397712214,821.7437573242188,810.3815666000036,1.0214272732704301,1.024554539115496,1.023655046807522,1.0074529397804295,62.71008040312888,55.46143874286165,54.03529820283464,-2.5037200007585625,-4.422235834189475,1.918515833430913,829.6840787342388,787.7908052989643,808.7374420166016,0.05180083332213837,0.9566537889538657,1.3569885997210998,2256189.1,1.6166437467497736,0.005032814788281881,-0.24736115386991042,-0.010806823618438655,-0.2838686218079217,0.027254588759249687,0.2552215445821584,0.008189699438326814,0.03228521165824039,0
2024-02-08,-0.017332100049897603,-0.017484059304389444,0.028524526095889628,-0.022996061964917807,814.5387451171875,813.994755148458,809.0070861816406,811.3011039226099,808.7720733642578,812.4398807658521,822.536396484375,810.5046216437229,0.9987486477365823,1.0055776817166098,1.0058698822658876,0.9890376568039169,51.66341600722742,50.07988299962062,50.31847791255588,-2.094558607103295,-3.95670038877224,1.862141781668945,829.747909716803,787.7962370117127,808.7720733642578,0.051870822555214365,0.6131634698801863,-0.37084744591706986,2336618.1,0.9821052914038455,0.021801529109812146,1.3569885997210998,0.005032814788281881,-0.24736115386991042,-0.010806823618438655,-0.2838686218079217,-0.02070487326344639,0.17058499311420583,0
2024-02-09,-0.012589672078371028,-0.01266959349805127,0.030243286471165687,-0.015941355345943976,812.2033813476562,810.4223457174617,808.6162109375,809.8422717285841,807.8789947509765,811.5672756315298,823.1182592773438,810.2212061618305,0.9890103209403325,0.9933977528401989,0.9943042610026936,0.9758956478024261,45.0542540265167,46.60378072720377,47.85158856190755,-2.56714207257005,-3.678788725531802,1.1116466529617521,828.1828046423283,787.5751848596248,807.8789947509765,0.05026448273385368,0.3866846192874441,-0.3916441702018254,2152217.4,0.6486603072719327,-0.017332100049897603,-0.37084744591706986,0.021801529109812146,1.3569885997210998,0.005032814788281881,-0.24736115386991042,0.027254588759249687,0.2552215445821584,0
2024-02-12,-0.0003080336685207241,-0.0003080811206360116,0.02113365789144329,-0.007946210268948607,811.5799438476563,807.9582605889849,808.5964172363281,808.6036932928472,807.3569976806641,810.7542103649108,823.4794494628907,809.9392016194855,0.9894651739727689,0.9931160628644364,0.9946406517054253,0.9751671287678189,44.892384841694074,46.519770352674406,47.792152571951995,-2.927883119206399,-3.528607604266722,0.600724485060323,827.5957033762521,787.1182919850761,807.3569976806641,0.05013570391717364,0.39310316050556254,0.008986016340295278,2135594.7,0.6595834874473138,-0.012589672078371028,-0.3916441702018254,-0.017332100049897603,-0.37084744591706986,0.021801529109812146,1.3569885997210998,-0.010806823618438655,-0.2838686218079217,1
2024-02-13,0.00141720906493914,0.0014162057719776552,0.0297176197483969,-0.00036901136412356776,810.3726806640625,806.6948910111462,808.6607421875,807.7972312133238,806.7063629150391,810.1269666973449,823.7080395507812,809.7128859424652,0.9923436105922161,0.9944444065382989,0.9968536121986215,0.9762781389071196,45.934692146961936,46.9930644486392,48.103455223044286,-3.0863632693258296,-3.440158737278544,0.3537954679527142,826.4710802069509,786.9416456231273,806.7063629150391,0.04900101995103109,0.4357893406193809,0.18972059551200737,2113888.1,0.7927780093941585,-0.0003080336685207241,0.008986016340295278,-0.012589672078371028,-0.3916441702018254,-0.017332100049897603,-0.37084744591706986,0.005032814788281881,-0.24736115386991042,1
2024-02-14,0.0007382647067952774,0.0007379923234590524,0.023670458038733574,0.019110275689223005,805.751416015625,806.050540947535,808.1263732910156,807.245342050958,806.1175689697266,809.6160023281036,823.7565283203126,809.5187273102239,0.9987718604328295,0.9958366258274663,0.9983182004690125,0.9769413815284338,46.549971205612486,47.25530180283562,48.27240276314184,-3.1279965946531547,-3.3777263087534664,0.24972971410031164,825.3706844130342,786.864453526419,806.1175689697266,0.047767512294551256,0.46479197994199645,-0.07698687944701299,2073168.4,0.7461169097503126,0.00141720906493914,0.18972059551200737,-0.0003080336685207241,0.008986016340295278,-0.012589672078371028,-0.3916441702018254,0.021801529109812146,1.3569885997210998,0
2024-02-15,-0.0011066180324056374,-0.0011072307862384663,0.018649627462763163,-0.006907120310589896,803.82177734375,805.3241195835129,809.1802612304688,806.6318756517782,805.1304809570313,809.0688856164242,823.6130419921875,809.2972586649395,1.000061580207347,0.9934390584776166,0.9984360248042456,0.9760302907674135,45.640976584467,46.880634184136746,48.026146880266786,-3.196010751639051,-3.3413831973305834,0.14537244569153263,822.6397918475698,787.6211700664928,805.1304809570313,0.043494343599377205,0.46404187150954684,-0.04177974768978543,1992653.4,0.7438323192583317,0.0007382647067952774,-0.07698687944701299,0.00141720906493914,0.18972059551200737,-0.0003080336685207241,0.008986016340295278,-0.017332100049897603,-0.37084744591706986,1
2024-02-16,0.009355515117085877,0.009312023333792056,0.013293523082856341,0.0022000705729464352,805.4446533203125,807.3467153017691,808.8240173339843,807.4973358493241,805.4916687011719,809.2901257232677,823.5784069824218,809.3794017266391,1.0073838138889522,1.0031748431664542,1.0073250143562915,0.9852029871827362,54.41162828852706,50.45323661801297,50.27539534968427,-2.6129401346755685,-3.195694584799581,0.5827544501240123,823.2035296033565,787.7798077989872,805.4916687011719,0.04397776312384315,0.6665617765884109,0.1972655512076642,1882999.0,0.9424258855156057,-0.0011066180324056374,-0.04177974768978543,0.0007382647067952774,-0.07698687944701299,0.00141720906493914,0.18972059551200737,-0.012589672078371028,-0.3916441702018254,1
2024-02-19,0.00030495315689327285,0.0003049066681303465,0.014569631832698505,-0.0069616803862444804,807.16650390625,808.7775912884191,809.3732238769531,808.2504281061231,806.3105316162109,809.5138607269297,823.4893469238282,809.4680268848776,1.0055414085369283,1.0027998447661892,1.0066088826036124,0.9856100097634832,54.69222933815748,50.57102641492668,50.34962440699389,-2.106602804590352,-2.977876228757735,0.871273424167383,823.5632929756171,789.0577702568048,806.3105316162109,0.04279433464629015,0.6544335870212037,-0.5325577162460899,1760340.0,0.47122544508447234,0.009355515117085877,0.1972655512076642,-0.0011066180324056374,-0.04177974768978543,0.0007382647067952774,-0.07698687944701299,-0.0003080336685207241,0.008986016340295278,1
2024-02-20,0.0012192151557175457,0.0012184725164829642,0.016074052619111913,-0.004606045809659019,808.8586547851562,810.0613629422794,809.6156677246094,809.0465150413734,806.5356567382812,809.8105317291269,823.5299182128906,809.5919829384119,1.0046611993857508,1.003721813504251,1.0075548420715341,0.9867630650425592,55.95707572701313,51.071999248013114,50.65892457419594,-1.6069534009901645,-2.7036916632042214,1.096738262214057,823.9936045695996,789.0777089069628,806.5356567382812,0.04329119905726239,0.674512192687044,0.6684926288430497,1743993.7,0.7936055044235538,0.00030495315689327285,-0.5325577162460899,0.009355515117085877,0.1972655512076642,-0.0011066180324056374,-0.04177974768978543,0.00141720906493914,0.18972059551200737,1
2024-02-21,0.00858495106545587,0.008548309931938456,0.03507393636337909,0.008830694275274062,811.82734375,813.2426705096967,808.7893798828125,810.9662915146748,808.4084014892578,810.7433654353558,823.3102355957031,809.9846614759068,1.0095807833456352,1.0133729572009043,1.0138505291813475,0.9954999345435185,64.18150642205093,54.56795703708117,52.83394392871632,-0.6406570401899216,-2.2910847386013615,1.6504276984114399,822.7606156089711,794.0561873695445,808.4084014892578,0.03550733538462361,0.890075150143354,3.638498948370824,2021236.5,3.1762151534469125,0.0012192151557175457,0.6684926288430497,0.00030495315689327285,-0.5325577162460899,0.009355515117085877,0.1972655512076642,0.0007382647067952774,-0.07698687944701299,1
2024-02-22,0.00048300569843950925,0.0004828890887344038,0.01822245360068739,-0.002827888791741912,815.0533203125,815.4955002291208,809.437548828125,812.6089948152737,809.2223175048828,811.6250601241761,822.9846704101562,810.3774653265759,1.0060705713750995,1.0130505569640762,1.0133200011046668,0.9963747675388649,64.61890231938938,54.76546763896521,52.95749915762577,0.1552933872661697,-1.8018091134278553,1.957102500694025,824.2497498521677,794.1948851575978,809.2223175048828,0.03714042982309193,0.8586388517341561,-0.6313119150788129,2028449.4,1.1668686436053077,0.00858495106545587,3.638498948370824,0.0012192151557175457,0.6684926288430497,0.00030495315689327285,-0.5325577162460899,-0.0011066180324056374,-0.04177974768978543,0
2024-02-23,-0.00923192649233906,-0.009274804829521264,0.020767342013360144,-0.016766467065868235,815.2611328125,814.473989898841,810.3528930664063,812.5766265285478,809.4845520019531,811.7018133731385,822.3345275878906,810.4579948917409,0.9965285189489468,1.0025644089009313,1.0036398683940801,0.9879567766920124,50.78362983624288,50.265278929915915,50.311220824554354,0.1732417119673073,-1.406798948348823,1.5800406603161303,824.5437237620057,794.4253802419006,809.4845520019531,0.03720681691283521,0.5978279975577429,-0.26656172077463924,2062443.6,0.8417199869126117,0.00048300569843950925,-0.6313119150788129,0.00858495106545587,3.638498948370824,0.0012192151557175457,0.6684926288430497,0.009355515117085877,0.1972655512076642,0
2024-02-26,-0.014920813960380808,-0.015033249122910146,0.02670785234737248,-0.019934575816395052,812.9950317382812,809.7522725627691,810.0807678222657,810.3461195034708,809.3385925292969,810.6167680890895,821.4904296875,810.0599887348344,0.9843957301675859,0.9879370918064004,0.9888430445279366,0.9742156560424781,36.27432868143734,44.02655845260838,46.411817903455585,-0.7816781036719931,-1.281774779413457,0.500096675741464,824.6912262824663,793.9859587761274,809.3385925292969,0.03793871661350123,0.20592164237593014,-0.31527131336405534,2040452.2,0.5825615517971948,-0.00923192649233906,-0.26656172077463924,0.00048300569843950925,-0.6313119150788129,0.00858495106545587,3.638498948370824,0.00030495315689327285,-0.5325577162460899,1
2024-02-27,0.012612013489665452,0.012533144486519836,0.01813294506940359,0.0123617032561967,812.5497192382812,809.9689629585127,810.7041870117188,810.3563420937489,809.6824645996094,810.5963467234619,820.9273669433594,810.0734144217037,0.9973572380404065,0.9996276776824955,1.000889088231331,0.987179105463924,50.118628229685946,49.63223283228868,49.81261101256338,-0.7157466872151872,-1.1685691609738031,0.45282247375861595,824.8051920577499,794.5597371414689,809.6824645996094,0.03735471155502606,0.5238012340162593,0.11989847638869366,2005988.9,0.6636183280974287,-0.014920813960380808,-0.31527131336405534,-0.00923192649233906,-0.26656172077463924,0.00048300569843950925,-0.6313119150788129,0.0012192151557175457,0.6684926288430497,0
2024-02-28,-0.024848858591652534,-0.025162803169082648,0.034748310603991264,-0.02929383282302537,806.6816162109375,803.4008988082794,809.2544799804688,806.7033290781242,808.6904266357421,808.6600061314953,819.5696875,809.2966048564531,0.979648915540884,0.9765343165315383,0.9772154392817747,0.9642435323815127,33.286562990187534,40.843627866521295,43.967445490397154,-2.2623504607387304,-1.3873254209267887,-0.8750250398119417,826.01479965252,791.3660536189643,808.6904266357421,0.04284550044409326,-0.03178421262591365,0.39114610681552353,2036497.2,0.9093599539444494,0.012612013489665452,0.11989847638869366,-0.014920813960380808,-0.31527131336405534,-0.00923192649233906,-0.26656172077463924,0.00858495106545587,3.638498948370824,1
2024-02-29,0.0018782489366062638,0.0018764872326730944,0.019872547055658257,-0.001123625985096745,801.031201171875,799.516960696405,808.0422607421875,803.9843755134935,808.6112609863281,807.0494421639868,818.4851245117187,808.6084668021866,0.9884122907002382,0.979836232507733,0.9791467453803404,0.9673347269994524,35.15919338841229,41.663599973860244,44.471734559173775,-3.3298884802838984,-1.7758380327982106,-1.5540504474856878,826.2276407067699,790.9948812658864,808.6112609863281,0.04357193764270266,0.021406305345889724,0.7040858919093758,2203858.4,1.4319486224704818,-0.024848858591652534,0.39114610681552353,0.012612013489665452,0.11989847638869366,-0.014920813960380808,-0.31527131336405534,0.00048300569843950925,-0.6313119150788129,1
2024-03-01,0.045119428998589894,0.04413116500966543,0.04239417805492014,0.03972646839543825,804.0394775390625,808.8354241556763,809.6503051757812,808.2549165245343,809.2371612548828,808.9944811078184,818.0398217773437,809.3482269697173,1.0291439340850248,1.022012028877786,1.0225338018227668,1.0115306480757638,63.73868443799023,57.08220341710656,54.760661208066864,-1.2786119464094554,-1.6763928155204597,0.3977808691110043,828.5211190692397,789.953203440526,809.2371612548828,0.04765959532667353,0.9728072420320231,0.7041243267976673,2564189.3,2.0973084943455618,0.0018782489366062638,0.7040858919093758,-0.024848858591652534,0.39114610681552353,0.012612013489665452,0.11989847638869366,-0.00923192649233906,-0.26656172077463924,0
2024-03-04,-0.014231071111689086,-0.014333303884484672,0.024869586683954642,-0.017520872713982463,807.1170166015625,811.1224605048259,810.0560241699219,809.6079377388235,809.7146240234375,809.6327717835619,817.6845690917969,809.5971801553412,1.0106298299070529,1.006963109791058,1.0073876758579012,0.997568700738868,54.50037914028013,52.185746755642725,51.460328437165856,-0.596296863188627,-1.4603736250540933,0.8640767618654663,829.1412646873366,790.2879833595384,809.7146240234375,0.047983919488495695,0.6539614924469102,-0.2893707873859963,2863406.6,1.3346654994788376,0.045119428998589894,0.7041243267976673,0.0018782489366062638,0.7040858919093758,-0.024848858591652534,0.39114610681552353,-0.014920813960380808,-0.31527131336405534,0
2024-03-05,-0.0060657545300295546,-0.006084225952327456,0.019101702242447824,-0.007029436389026607,807.1862915039062,810.9978797571235,809.8680053710938,809.8153523793499,809.7418365478516,809.7390524005292,817.23728515625,809.6423385124541,1.0044133885762296,1.0010874770762446,1.0012434601602898,0.9920603636026094,50.88504427941361,50.235891597534945,50.127492494858295,-0.4496216011399383,-1.2582232202712622,0.8086016191313239,829.1726699370082,790.3110031586949,809.7418365478516,0.047992662629352444,0.525909380562881,-0.31168749950937935,2988054.0,0.8803445319261298,-0.014231071111689086,-0.2893707873859963,0.045119428998589894,0.7041243267976673,0.0018782489366062638,0.7040858919093758,0.012612013489665452,0.11989847638869366,0
2024-03-06,-0.0078114583966176765,-0.007842127656593178,0.028293762220733557,-0.009141881736725364,810.016455078125,808.8037826310511,808.3490356445312,808.833577106542,808.5692077636719,809.2320558270412,816.3981372070313,809.4373679189816,0.9930854902217036,0.9951339741965688,0.9948630007859764,0.9853226651531588,46.298672265059146,47.77527863060457,48.44127363870988,-0.8347881346180657,-1.173536203140623,0.33874806852255723,826.2332414823047,790.9051740450391,808.5692077636719,0.04369207619836954,0.38242721195713575,-0.22387120098444524,2550227.8,0.800563777086894,-0.0060657545300295546,-0.31168749950937935,-0.014231071111689086,-0.2893707873859963,0.045119428998589894,0.7041243267976673,-0.024848858591652534,0.39114610681552353,1
2024-03-07,0.021035703432857433,0.02081750765325705,0.03234944171216102,0.012195121951219507,815.9340454101563,812.981533798305,808.4826232910157,811.1069332931365,808.9600860595704,810.3849110942575,815.9567919921875,809.904021574426,1.0066218473822113,1.0158994299586448,1.0152998278734988,1.0065937855943192,58.07729117870349,54.226567393166626,52.88741546642958,0.22281554897574551,-0.8942658527173493,1.1170814016930948,827.3750096931304,790.5451624260103,808.9600860595704,0.04552739733615,0.8360575997905825,1.4856956730439554,2821019.0,1.7989407373718505,-0.0078114583966176765,-0.22387120098444524,-0.0060657545300295546,-0.31168749950937935,-0.014231071111689086,-0.2893707873859963,0.0018782489366062638,0.7040858919093758,0
2024-03-11,-0.00024099365182739252,-0.00024102269546381812,0.01741377607187943,-0.0026442454411434056,814.6673950195312,815.7007222392347,809.3534362792968,812.9309634436743,809.8531646728516,811.4091194777658,815.0444140625,810.344612850766,1.0079439832023809,1.0145618246781989,1.0139357786578524,1.007477733671243,57.90396907058647,54.14231517416355,52.83145871099309,1.033093367962124,-0.5087940085814546,1.5418873765435785,828.8037960818779,790.9025332638253,809.8531646728516,0.046800166340478774,0.7977719898785702,-0.6802168972221029,2809704.0,0.5775875323521623,0.021035703432857433,1.4856956730439554,-0.0078114583966176765,-0.22387120098444524,-0.0060657545300295546,-0.31168749950937935,0.045119428998589894,0.7041243267976673,0
2024-03-12,-0.014461320709347691,-0.0145669047672189,0.01748592321645871,-0.013510268042257287,813.38095703125,813.5552625800628,810.2489868164063,812.2643052287733,810.1648773193359,811.2048550762374,813.7975646972657,810.3022493374701,0.9949388859747142,0.9987847642259248,0.9988884558158126,0.9944295465700572,47.89894708469286,49.203243484114545,49.530359050757006,0.7088793015431065,-0.2652593465565424,0.9741386480996489,828.8596959903911,791.4700586482808,810.1648773193359,0.04615065203249082,0.4759148758417367,-0.24120343839541547,2813976.4,0.4376060154591204,-0.00024099365182739252,-0.6802168972221029,0.021035703432857433,1.4856956730439554,-0.0078114583966176765,-0.22387120098444524,-0.014231071111689086,-0.2893707873859963,0
2024-03-13,-0.03038640885612154,-0.030857646496476494,0.040544754251813094,-0.031097276940151915,808.1659545898438,803.9280770716044,807.676123046875,807.2478326516667,809.1901550292969,808.6780789789469,812.0697875976563,809.2972084244199,0.9709314053608223,0.9715202463762167,0.9697024873297899,0.9662638827827661,33.792402044117466,40.88546698913166,43.60593628714248,-1.5148592376827992,-0.5151793247817937,-0.9996799129010054,830.8341779964757,787.5461320621181,809.1901550292969,0.05349551729629028,-0.06635610237030255,1.474770040595641,2985601.7,1.0207202119425374,-0.014461320709347691,-0.24120343839541547,-0.00024099365182739252,-0.6802168972221029,0.021035703432857433,1.4856956730439554,-0.0060657545300295546,-0.31168749950937935,0
2024-03-14,-0.009458316032847969,-0.00950332996612856,0.03972246702162827,-0.008270186607283868,802.7332397460938,795.0360561011219,806.3748474121094,801.7940474713921,807.814663696289,805.6851204247764,810.2460229492187,808.0405341395468,0.9682569198280648,0.9638842489378027,0.9621662605178664,0.959279024080899,30.617407154474222,38.756002924080626,42.013415915143256,-3.8318849766665153,-1.178520455158738,-2.6533645215077772,833.5242494507069,782.1050779418712,807.814663696289,0.06365218882454894,-0.09438237994326668,0.7269828290014255,3326702.6,1.582022390579789,-0.03038640885612154,1.474770040595641,-0.014461320709347691,-0.24120343839541547,-0.00024099365182739252,-0.6802168972221029,-0.0078114583966176765,-0.22387120098444524,0
2024-03-15,-0.006111038386518164,-0.006129787203785914,0.02004742704749028,-0.0018539204924391363,792.9662719726563,787.5247698226229,804.4501586914063,796.468256524889,806.2462097167969,802.5248420286667,808.4737182617188,806.6468738699814,0.9741930074073353,0.9602859654130086,0.9581467645435197,0.9555068764963253,28.610314871905345,37.41298340482703,41.007038158913346,-5.982453100201269,-2.139306984167244,-3.843146116034025,836.2032891012882,776.2891303323056,806.2462097167969,0.0743124842596508,-0.06320597909556379,-0.24132182944898628,3410407.5,1.1707870687007345,-0.009458316032847969,0.7269828290014255,-0.03038640885612154,1.474770040595641,-0.014461320709347691,-0.24120343839541547,0.021035703432857433,1.4856956730439554,1
2024-03-18,0.03042331177633062,0.029969700118565187,0.03729487703814098,0.030423364192969947,787.939306640625,790.3512707020611,801.3033508300781,796.3838957859886,805.4768280029297,801.9038354031687,807.8156591796875,806.2295169519797,1.010235516558626,0.9933869259829611,0.9882398162024374,0.985378611339691,48.209079414994044,47.16850077764879,47.53611962302336,-5.724385624709839,-2.8563227122757633,-2.868062912434076,835.6553406989754,775.298315306884,805.4768280029297,0.07493328584229843,0.34305794593990446,-0.10802479725690428,3228771.2,1.1030614371188643,-0.006111038386518164,-0.24132182944898628,-0.009458316032847969,0.7269828290014255,-0.03038640885612154,1.474770040595641,-0.00024099365182739252,-0.6802168972221029,0
2024-03-19,-0.004164630255455326,-0.004173326480811165,0.02022347226003347,-0.0011845538741038443,784.6242797851562,791.1305834628325,799.0026184082031,795.7121345493315,804.5293212890625,801.0262519347123,807.1021850585937,805.6985244826619,1.0102787148027423,0.9920983870661076,0.9852831811204635,0.9821423156311089,46.12523978712409,46.07749944830316,46.76948329616127,-5.721410351447162,-3.429340240110043,-2.292070111337119,835.0622686381782,773.9963739399468,804.5293212890625,0.07590263410212096,0.3061092470159054,-0.3842578462701314,3065900.8,0.7152827645304115,0.03042331177633062,-0.10802479725690428,-0.006111038386518164,-0.24132182944898628,-0.009458316032847969,0.7269828290014255,-0.014461320709347691,-0.24120343839541547,0
2024-03-20,-0.007989423611464042,-0.008021510072107692,0.02604921861330651,-0.009411602690203158,784.9607543945312,789.5390820090759,796.5633544921875,794.011033558828,803.2156799316406,799.6290926172694,806.4144396972656,804.939997212815,1.001777572571902,0.9871858586852365,0.979009870883605,0.975126486322302,42.072002973057536,43.98443107479683,45.30387843925738,-6.1590849815487445,-3.9752891883977837,-2.183795793150961,834.4933229114653,771.9380369518159,803.2156799316406,0.07788105676046225,0.23048479322829432,-0.2986503333810613,2956654.1,0.5201995052447967,-0.004164630255455326,-0.3842578462701314,0.03042331177633062,-0.10802479725690428,-0.006111038386518164,-0.24132182944898628,-0.03038640885612154,1.474770040595641,1
2024-03-21,0.022273875944238908,0.022029436257152937,0.020126838323963385,0.01038554177355416,790.2846069335938,794.3164802912069,796.5089233398437,795.8038050673081,802.4289794921875,800.0331101637646,806.2244445800782,804.8980866105662,1.0171921226893095,1.009243278135233,1.001797414350855,0.9970812498424864,54.868395536986,50.659820029088664,49.86605561892368,-5.034579700188033,-4.187147290755833,-0.8474324094321997,832.796354855036,772.061604129339,802.4289794921875,0.07568863074229033,0.523747481401467,0.8094775852540554,3030798.8,0.9182618786835999,-0.007989423611464042,-0.2986503333810613,-0.004164630255455326,-0.3842578462701314,0.03042331177633062,-0.10802479725690428,-0.009458316032847969,0.7269828290014255,1
2024-03-22,0.015325845914549108,0.015209591432182996,0.031765291700765225,0.020792064100208802,799.0224243164063,801.6080815873671,795.9943481445313,799.510619451377,802.2384857177734,801.5719838795668,806.2917333984375,805.340957103473,1.0214873316953148,1.025373215378018,1.0173923324676082,1.0122778770650722,61.7942111401124,54.745032820767065,52.77523588576871,-3.113390309153715,-3.97239589443541,0.8590055852816949,832.2077405925959,772.269230842951,802.2384857177734,0.07471407918808227,0.7327852080439277,0.4313104930639471,2921657.5,1.363415458519693,0.022273875944238908,0.8094775852540554,-0.007989423611464042,-0.2986503333810613,-0.004164630255455326,-0.3842578462701314,-0.006111038386518164,-0.24132182944898628,0
2024-03-26,-0.0035158779098384274,-0.003522073133940448,0.019406268077923703,0.0016452826045674116,802.4859008789062,805.5126061493906,795.2126037597657,802.0217168735699,802.2830200195312,802.6910002027926,806.1353845214844,805.6539256591578,1.0135027349174155,1.0227725911637369,1.0137590288943639,1.0089144713033764,59.3204588193408,53.63117258023832,52.03673190082627,-1.8016209803899983,-3.5382409116263274,1.736619931236329,832.3153074774106,772.250732561652,802.2830200195312,0.0748670648847789,0.6837794618439919,-0.38390001789913375,3004791.8,0.8167597502096485,0.015325845914549108,0.4313104930639471,0.022273875944238908,0.8094775852540554,-0.007989423611464042,-0.2986503333810613,0.03042331177633062,-0.10802479725690428,0
2024-03-27,-0.004684340400355369,-0.0046953463065731215,0.020781126158151544,-0.00842425722064388,805.8504150390625,806.8456640279792,795.2373474121093,803.3835464938583,802.7431671142579,803.3405982582557,806.0562194824219,805.8052140562559,1.004543479382481,1.0179499018997276,1.0084318533600611,1.00428699663772,55.85694116835438,52.11510240381512,51.04105901651361,-1.0572718759464124,-3.0420471044903445,1.9847752285439322,832.9220150560159,772.5643191724998,802.7431671142579,0.0751892988394943,0.6121416676335872,-0.2323187296190642,3070054.3,0.6136823052282822,-0.0035158779098384274,-0.38390001789913375,0.015325845914549108,0.4313104930639471,0.022273875944238908,0.8094775852540554,-0.004164630255455326,-0.3842578462701314,1
2024-03-28,0.014852400742785932,0.014743183932126968,0.02511440048104705,0.0038694222575953218,812.8861938476563,811.7421004001633,798.9234741210937,806.6838058848897,803.2997985839844,805.0733958664724,806.1433020019531,806.4220673538354,1.0106395942781823,1.0283024591914924,1.0227003350339323,1.0190929715651733,63.66723232740438,56.31226041330352,53.960094903263354,0.4970714439632502,-2.3342233947996256,2.831294838762876,834.4192025973613,772.1803945706075,803.2997985839844,0.07747892895836042,0.792987207478465,0.9760434768300852,3137602.0,1.1865561661421684,-0.004684340400355369,-0.2323187296190642,-0.0035158779098384274,-0.38390001789913375,0.015325845914549108,0.4313104930639471,-0.007989423611464042,-0.2986503333810613,1
2024-04-01,0.05028904469670903,0.04906540695019466,0.04409657855237443,0.040513141058509776,824.6817749023437,828.7777943097443,807.4831909179687,816.8956924747109,806.9290191650391,810.5758517009899,807.06953125,808.6348953842303,1.0462813759053693,1.0685661222842249,1.0692999776135574,1.069113810792131,78.74409138264309,67.01207121636699,62.11074724188839,5.004917537301594,-0.8663952083793818,5.871312745680976,846.8160566931722,767.041981636906,806.9290191650391,0.09886132876818769,1.2009816525534842,0.626009920651442,3216664.1,1.8819307244421324,0.014852400742785932,0.9760434768300852,-0.004684340400355369,-0.2323187296190642,-0.0035158779098384274,-0.38390001789913375,0.022273875944238908,0.8094775852540554,1
2024-04-02,0.008372049330968245,0.008337198108298685,0.02308784508725475,0.009356014972426734,835.4581176757813,842.5428622221212,817.2402709960937,826.5642934878316,810.84521484375,816.2422465910743,807.99873046875,811.0442327435497,1.0414322150192175,1.064647728368043,1.0730444998858855,1.0768247092939285,80.40297725248963,68.46633402769146,63.30346992099511,9.055928509444016,1.1180695351852976,7.9378589742587184,858.6047765957994,763.0856530917006,810.84521484375,0.1178019204596347,1.1200620465344142,-0.539974385231515,3095856.3,0.8995194641301666,0.05028904469670903,0.626009920651442,0.014852400742785932,0.9760434768300852,-0.004684340400355369,-0.2323187296190642,0.015325845914549108,0.4313104930639471,0
2024-04-03,-0.011657648718972569,-0.011726131861032042,0.014326826475294823,-0.01008142146387876,844.77978515625,848.3385723733413,823.6328430175781,832.630784249277,812.4680969238282,820.4029843134273,809.1139672851563,812.9613213683431,1.017933913412392,1.0440695753768388,1.0584169346853785,1.0628045336568956,71.2890336661961,64.18752273597926,60.495850068166256,11.317467406625724,3.157949109473383,8.15951829715234,864.4008563814491,760.5353374662072,812.4680969238282,0.12783950447838893,0.9569552653049734,-0.2889754785202294,2937707.9,0.6740115312349468,0.008372049330968245,-0.539974385231515,0.05028904469670903,0.626009920651442,0.014852400742785932,0.9760434768300852,-0.0035158779098384274,-0.38390001789913375,0
2024-04-04,-0.007479899522275901,-0.00750801425536519,0.02910149173460156,-0.015748017785239342,853.5769897460938,850.0583158270193,829.7137023925782,836.4247876102038,814.3581604003906,823.554871782089,810.278681640625,814.550987304266,0.9999072292099365,1.0286654303444822,1.0480619514081382,1.0533385884054625,65.77307097621629,61.560144618131666,58.76053617937387,12.447245209301173,5.015808329438942,7.431436879862231,869.2883427842083,759.4279780165729,814.3581604003906,0.13490423515081015,0.8562671798584344,0.4092247212063944,2997442.7,0.9309048676726998,-0.011657648718972569,-0.2889754785202294,0.008372049330968245,-0.539974385231515,0.05028904469670903,0.626009920651442,-0.004684340400355369,-0.2323187296190642,0
2024-04-05,-0.006260857277626264,-0.006280538635670996,0.02053433215174891,-0.003372121411700496,858.900830078125,849.4236021529088,835.8935119628907,838.5574034637463,816.2284332275391,825.897662546146,811.0792370605469,815.868759363106,0.9874878974415942,1.014667732990301,1.03911373370186,1.0457106236358666,61.18463077745871,59.38537382248691,57.326131335940005,12.764277496672321,6.565502162885618,6.198775333786703,873.0541471107822,759.402719344296,816.2284332275391,0.13923973135447457,0.7809092873232055,-0.3379849867435225,3028362.0,0.6099809071702789,-0.007479899522275901,0.4092247212063944,-0.011657648718972569,-0.2889754785202294,0.008372049330968245,-0.539974385231515,0.014852400742785932,0.9760434768300852,1
2024-04-08,0.022576168175405087,0.022325098263506486,0.020252153292009016,0.014409736350730529,859.7914428710938,855.3831501331892,842.2366088867187,843.7837384873832,819.3727661132813,829.8409562173464,812.7822741699218,817.8857588427392,1.008735610577346,1.0297608023001559,1.0584953295529014,1.0670781999761354,69.94885678793958,64.25803085817788,60.91588312005036,14.394684234946226,8.13133857729774,6.263345657648486,880.0638911037586,758.681641122804,819.3727661132813,0.14814044962311215,0.894863993606883,0.3332874992624144,2996345.9,0.8219698533470385,-0.006260857277626264,-0.3379849867435225,-0.007479899522275901,0.4092247212063944,-0.011657648718972569,-0.2889754785202294,0.05028904469670903,0.626009920651442,0
2024-04-09,-0.0021107848905127513,-0.002113015736716875,0.02389666704490876,-0.008165130762875093,858.8711547851562,858.7459526278553,847.1646362304688,847.7269783291658,821.5794921875,833.2343468268551,814.0172485351562,819.7518685985999,1.007684974393723,1.0216096383203352,1.0534240032121815,1.0632103425014943,68.23045654308666,63.47396399312634,60.405778099578235,15.36198861882599,9.57746858560339,5.7845200332226,885.5183859613634,757.6405984136367,821.5794921875,0.1556487093016954,0.8432344762244657,0.020058418794708377,2849233.4,0.8817487538928892,0.022576168175405087,0.3332874992624144,-0.006260857277626264,-0.3379849867435225,-0.007479899522275901,0.4092247212063944,0.008372049330968245,-0.539974385231515,1
2024-04-10,0.01069056549537839,0.010633825430768675,0.015442077295730085,0.002950061488757752,861.8299438476563,864.0719477479973,853.3048645019531,852.6355164490049,824.2587341308594,837.1857364612766,815.3680017089844,821.9076360256463,1.014961181417136,1.0251013141696195,1.0612249549416484,1.0727964994393806,72.25012760813283,65.74867770003746,62.09041538585468,16.6828644065248,10.998547749787672,5.684316656737128,892.2609136705255,756.2565545911932,824.2587341308594,0.1650020235730256,0.8710557823222798,0.0029009181995200972,2855773.7,0.8822813936552465,-0.0021107848905127513,0.020058418794708377,0.022576168175405087,0.3332874992624144,-0.006260857277626264,-0.3379849867435225,-0.011657648718972569,-0.2889754785202294,0
2024-04-12,-0.01979747097943918,-0.019996066403345454,0.025275577477664877,-0.019742065533484753,862.6117065429687,861.8501705689775,858.0943481445313,853.5029891329925,826.6658477783203,839.1115345326729,816.4515734863281,823.2997528956578,0.9939658941647207,0.9991985357611539,1.0371864502631063,1.050162243609535,56.60981821628402,58.41591970826172,57.29926101301745,16.14618171201039,12.028074542232217,4.118107169778172,895.7738046535562,757.5578909030844,826.6658477783203,0.16719683548307898,0.7224112086551412,0.6387980454009294,3080280.8,1.3404975935960124,0.01069056549537839,0.0029009181995200972,-0.0021107848905127513,0.020058418794708377,0.022576168175405087,0.3332874992624144,-0.007479899522275901,0.4092247212063944,0
2024-04-15,-0.006924810022957417,-0.006948897786417532,0.036899296356056835,-0.0028392770167028725,863.2747192382812,858.3898598064018,861.0877746582031,853.1332162508575,830.0056243896485,840.288458699204,817.4104602050782,824.4044385970536,0.9863247692838174,0.988829784070769,1.0258596005387133,1.041666677555884,52.09860290753766,56.105533028306795,55.75055820716022,15.06806476081158,12.636072585948089,2.431992174863492,897.1000870150826,762.9111617642143,830.0056243896485,0.1616723083648322,0.6599507101757837,-0.5217476700179142,2905462.3,0.6796701509429326,-0.01979747097943918,0.6387980454009294,0.01069056549537839,0.0029009181995200972,-0.0021107848905127513,0.020058418794708377,-0.006260857277626264,-0.3379849867435225,0
2024-04-16,-0.017665208747058903,-0.017823100774249454,0.024667229323794747,-0.016579406631762682,857.0998413085938,851.0691920193722,858.4456420898438,850.0958781043946,832.9644165039062,839.9207822940715,817.9369067382812,824.8759451793383,0.9758814739345653,0.9743515668727375,1.0041579686632267,1.0226068166807247,42.16709283778698,50.64122262761986,52.01119028143236,12.851788088363946,12.679215686431261,0.17257240193268508,895.5608177292205,770.368015278592,832.9644165039062,0.15029789985037303,0.5276648487262046,-0.13581070268934492,2470764.7,0.6907023562381314,-0.006924810022957417,-0.5217476700179142,-0.01979747097943918,0.6387980454009294,0.01069056549537839,0.0029009181995200972,0.022576168175405087,0.3332874992624144,0
2024-04-18,-0.0005323979785806232,-0.0005325397527068268,0.01929449340494467,-0.0015364470281049286,851.2020385742187,846.040309328019,855.0365966796875,847.5298173481979,836.1384338378906,839.5457119751421,818.7899096679688,825.3114980721216,0.9821199974398567,0.9777155120513362,0.9998135597094101,1.0209976137643362,41.89126592787343,50.48445759524418,51.90297025411998,10.93340635823131,12.33005382079127,-1.3966474625599616,892.2516918953381,780.0251757804431,836.1384338378906,0.1342200185677069,0.4986109352943069,1.0145045919781457,2536074.3,1.3555908042599543,-0.017665208747058903,-0.13581070268934492,-0.006924810022957417,-0.5217476700179142,-0.01979747097943918,0.6387980454009294,-0.0021107848905127513,0.020058418794708377,1
2024-04-19,0.023674250029459554,0.02339836080233476,0.039431054656884436,0.026042608818695117,847.41201171875,849.2848074556586,854.6209777832031,849.028723959605,839.1269104003907,841.0912445214083,819.606298828125,826.5060982932516,1.0098674456776082,1.0013489324012672,1.0198383499613948,1.0441279001082897,56.60841859178892,56.874098315289466,56.15975483426751,10.884593458567679,12.040961748346554,-1.1563682897788752,892.6799974196023,785.5738233811791,839.1269104003907,0.12764001810800862,0.6554242176979913,-0.08144003904733121,2653859.2,1.189926730099321,-0.0005323979785806232,1.0145045919781457,-0.017665208747058903,-0.13581070268934492,-0.006924810022957417,-0.5217476700179142,0.01069056549537839,0.0029009181995200972,0
2024-04-22,-0.011563370881302437,-0.01163074655121602,0.020414146532788304,-0.014185201406166723,845.1063232421875,848.1492629131474,853.8590148925781,848.4558966629722,841.7863586425781,841.5471425506194,820.4009167480468,827.2657875299134,1.0009133177266694,0.9906532098095174,1.004860871340497,1.0310546423827345,49.32162377482644,53.17897013232003,53.66617453705954,9.932913806258398,11.619352159928923,-1.6864383536705247,890.9540956099154,792.6186216752408,841.7863586425781,0.1168176140241158,0.5416107740352699,-0.4982174851752653,2533283.6,0.6255035954126889,0.023674250029459554,-0.08144003904733121,-0.0005323979785806232,1.0145045919781457,-0.017665208747058903,-0.13581070268934492,-0.01979747097943918,0.6387980454009294,0
2024-04-23,-0.004036043925088273,-0.0040442107321723925,0.01932226778500773,-0.00832850834486013,843.3053100585937,846.2542327298587,853.2900146484375,847.3664922448465,844.591763305664,841.6344787232538,821.0461108398438,827.8618026214181,0.999002570379577,0.9873128220191155,0.9974809238796557,1.0260863077489388,46.89209416765818,51.92553769468037,52.81664492177192,8.801758248920237,11.055833377727186,-2.2540751288069494,886.681832033139,802.501694578189,844.591763305664,0.0996696168637446,0.4747257368934403,0.1079214781474942,2524118.1,0.6955253005000043,-0.011563370881302437,-0.4982174851752653,0.023674250029459554,-0.08144003904733121,-0.0005323979785806232,1.0145045919781457,-0.006924810022957417,-0.5217476700179142,1
2024-04-24,0.036823912714783136,0.03616211031092182,0.04078395774572221,0.036823912045709874,850.717138671875,855.3318216571454,853.9084899902343,852.1156753842778,848.0725494384766,844.668052131679,821.9584875488281,829.6510260288809,1.0267654897318652,1.0229281120295552,1.0299673065589372,1.0626899201644044,65.1114277227127,60.93588194850395,59.007978323643535,10.289975767132887,10.902661855608327,-0.6126860884754404,887.5499572663301,808.595141610623,848.0725494384766,0.09309912896954915,0.8218860035601279,1.4251407505633442,2703582.3,1.574780246194096,-0.004036043925088273,0.1079214781474942,-0.011563370881302437,-0.4982174851752653,0.023674250029459554,-0.08144003904733121,-0.017665208747058903,-0.13581070268934492,1
2024-04-25,0.02616969311681583,0.025833125974059738,0.038695130603309355,0.026169678561780218,862.7898071289062,869.0031765149199,856.9959228515625,860.157531901767,852.0802795410157,849.589750617278,823.6150158691406,832.2665107426687,1.0388925307465402,1.0459161617105173,1.05195004244588,1.0883068775580507,73.05720586965732,65.99351258914828,62.78600222334097,13.16219440691907,11.354568365870477,1.807626041048593,893.9968409531095,810.1637181289218,852.0802795410157,0.09838641362448332,1.0280204911641615,0.14936085277253475,2941697.4,1.6634814308228985,0.036823912714783136,1.4251407505633442,-0.004036043925088273,0.1079214781474942,-0.011563370881302437,-0.4982174851752653,-0.0005323979785806232,1.0145045919781457,0
2024-04-26,-0.020479130388538325,-0.020691735432011474,0.03307971325549454,-0.024999999999999935,867.2329467773437,871.9986183276551,857.3224792480469,863.3997082747412,855.313671875,852.2944888397396,825.1092553710937,834.0595692215103,1.0124033054968136,1.0241064747575557,1.026511712397179,1.0640887812587296,60.21019415442979,59.34850311800615,58.25862232710285,13.798184687682124,11.843291630232809,1.9548930574493149,894.6708845157463,815.9564592342537,855.313671875,0.09202989250591137,0.788077185306676,-0.2588067050321664,3052437.7,1.1882303117930957,0.02616969311681583,0.14936085277253475,0.036823912714783136,1.4251407505633442,-0.004036043925088273,0.1079214781474942,0.023674250029459554,-0.08144003904733121,1
2024-04-29,0.009580131498271083,0.009534533033384019,0.018252833475788436,-0.002949715429706089,875.3374633789062,876.7993311637493,860.2218933105469,867.5817171040496,859.1581207275391,855.5427048393775,826.7766687011718,836.112164814233,1.0126388894796363,1.0304326868787794,1.0317085242531714,1.0721163167659682,63.62929005749347,61.2727861449795,59.658216585291086,14.810206696735918,12.436674643533431,2.373532053202487,894.7051282725002,823.6111131825779,859.1581207275391,0.08274846431029434,0.8831916944617761,-0.46059235196921755,2835169.9,0.6900577633813056,-0.020479130388538325,-0.2588067050321664,0.02616969311681583,0.14936085277253475,0.036823912714783136,1.4251407505633442,-0.011563370881302437,-0.4982174851752653,0
2024-04-30,-0.01512698317609773,-0.015242563050598306,0.025731140209624064,-0.022438915979929596,881.44306640625,875.530283275833,862.3741882324218,868.5654389942224,861.7309814453125,857.2045603308653,828.1531494140625,837.5584402136748,0.9904124506410774,1.0123125197999507,1.0130681225314657,1.0541434131086287,54.8617535008794,56.6677336698166,56.48790609642761,14.364694686184976,12.82227865206374,1.542416034121235,893.2315739824647,830.2303889081603,861.7309814453125,0.07311003831919513,0.678745940118521,-0.06381671523299315,2820852.1,0.6492995503025486,0.009580131498271083,-0.46059235196921755,-0.020479130388538325,-0.2588067050321664,0.02616969311681583,0.14936085277253475,-0.004036043925088273,0.1079214781474942,1
2024-05-02,0.009238274433297944,0.009195862584138825,0.01302855720112034,0.008323868160744506,882.9570922851562,877.3725651526387,866.8371154785157,870.8366553418637,862.6413787841797,859.476233528521,829.6790551757813,839.2642711427955,0.9978481815305554,1.0164044815038689,1.0213480950195384,1.0619252389342086,58.84141812377831,58.679316452236314,57.90081226479204,14.495303739543147,13.156883669559623,1.338420069983524,895.25152992636,830.0312276419993,862.6413787841797,0.075605348744438,0.7823622319592693,0.3367538810795936,2895032.7,0.8457137634403922,-0.01512698317609773,-0.06381671523299315,0.009580131498271083,-0.46059235196921755,-0.020479130388538325,-0.2588067050321664,0.036823912714783136,1.4251407505633442,0
2024-05-03,-0.018138943308181887,-0.018305470768875422,0.04312515634934936,-0.02416695202201226,876.7030517578125,873.2736046330092,869.7464294433594,869.7892059331157,862.3915130615235,860.0095144871143,830.9031433105469,840.276483395774,0.9867373928484116,0.9946297613977,1.0031124732694754,1.0411269840032742,48.87860051895415,53.39015075093352,54.23644741617222,13.157570993005493,13.157021134248797,0.0005498587566954427,894.8462754394313,829.9367506836156,862.3915130615235,0.0752668872231643,0.5413524909067529,0.49988788454681465,2918472.7,1.2582879394417497,0.009238274433297944,0.3367538810795936,-0.01512698317609773,-0.06381671523299315,0.009580131498271083,-0.46059235196921755,0.02616969311681583,0.14936085277253475,1
2024-05-06,0.007378257863321469,0.007351171669788365,0.021177566453224377,0.0010799274682829192,875.3968383789063,872.6685481082042,871.314892578125,870.092702137748,862.9679351806641,861.0998878748742,832.1044738769531,841.4993050296101,0.9955010080598351,1.0001647423700564,1.0098387199938688,1.0472944953634034,52.616797075584266,55.12970360777155,55.41959585074709,12.468711311369475,13.019359169672935,-0.55064785830346,895.6361544395559,830.2997159217723,862.9679351806641,0.07571131655558587,0.62995045445611,-0.303925981658801,2858300.7,0.8942998894413033,-0.018138943308181887,0.49988788454681465,0.009238274433297944,0.3367538810795936,-0.01512698317609773,-0.06381671523299315,-0.020479130388538325,-0.2588067050321664,0
2024-05-07,-0.026457813520474716,-0.02681412025567698,0.04117337003344952,-0.02645778479780046,867.7969970703125,864.579548836459,871.5672302246094,866.1488563477881,862.7131225585938,859.8905223908832,832.8397180175781,841.7699813144477,0.97764978809235,0.9734206620805711,0.9834109718614451,1.0186852667310737,40.22149549543529,48.140215930137096,50.47036260518729,9.947617205577899,12.405010776853928,-2.457393571276029,895.7502541484702,829.6759909687174,862.7131225585938,0.07658891635239395,0.2834017123022483,-0.07318230577056839,2936754.0,0.8067107425409142,0.007378257863321469,-0.303925981658801,-0.018138943308181887,0.49988788454681465,0.009238274433297944,0.3367538810795936,0.009580131498271083,-0.46059235196921755,1
2024-05-08,0.008514690892102328,0.008478645378021057,0.018735847700753826,0.016756819838779323,864.3236450195312,861.5948416396707,872.8833557128906,864.2355056020253,863.0866851806641,859.4843228532843,833.6996484375,842.3133321352966,0.9899363880375609,0.9802288262757602,0.9913551465192532,1.026299373940827,44.96086721437817,50.26763567973039,51.883952785032285,8.435301555357228,11.611068932554588,-3.17576737719736,895.6220253599944,830.5513450013337,863.0866851806641,0.07539298366657092,0.3853361007838725,-0.21916111148865547,2946184.6,0.6278948033330973,-0.026457813520474716,-0.07318230577056839,0.007378257863321469,-0.303925981658801,-0.018138943308181887,0.49988788454681465,-0.01512698317609773,-0.06381671523299315,0
2024-05-09,-0.03481183205102201,-0.0354322039585139,0.0452339590823467,-0.034867611875138725,853.280126953125,849.6764072845201,868.1186096191407,857.2544206878786,861.0135498046875,856.2800576838495,833.8243334960938,841.6673010152543,0.9678410553438171,0.9512980477823526,0.9591481327576695,0.99042388834061,32.547690956888246,42.52193957370153,46.178060363997204,4.778227786569005,10.244500703357472,-5.466272916788467,897.280236925767,824.746862683608,861.0135498046875,0.08424184992049481,0.01506445690728163,0.23386367002649888,2748681.5,0.8304043229453831,0.008514690892102328,-0.21916111148865547,-0.026457813520474716,-0.07318230577056839,0.007378257863321469,-0.303925981658801,0.009238274433297944,0.3367538810795936,1
2024-05-10,0.022826705925957924,0.022570074698201173,0.023430178739486652,0.02111365885659563,849.2031372070312,848.0145164774406,862.9530944824219,854.9701141743153,859.9745086669922,855.1763126533192,834.318125,841.7858670485102,0.9946863098520915,0.9788373670180834,0.9822276432037484,1.0124324398002036,43.969783761161544,47.984745362716026,49.84357336572752,3.3623454462007203,8.868069651926122,-5.505724205725402,896.856296307859,823.0927210261253,859.9745086669922,0.08577414160341947,0.2928005286439025,-0.14686506168409696,2454065.1,0.7934976949063005,-0.03481183205102201,0.23386367002649888,0.008514690892102328,-0.21916111148865547,-0.026457813520474716,-0.07318230577056839,-0.018138943308181887,0.49988788454681465,1
2024-05-13,0.008200564575968627,0.00816712265033564,0.037764351524495934,0.015038037821713254,845.2349853515625,849.2155695787104,860.3159118652344,854.3605799210306,858.8191955566406,854.8373948559793,835.1018591308593,842.1714281752844,1.0075513798414681,0.9898894859852982,0.991614626439826,1.019777008600579,47.7619321727658,49.87011963214478,51.12776399271611,2.767295076733717,7.647914736887642,-4.880619660153925,895.2250393755868,822.4133517376944,858.8191955566406,0.08478116000970354,0.4010939038907431,-0.10897886555452563,2264873.3,0.7660830298984054,0.022826705925957924,-0.14686506168409696,-0.03481183205102201,0.23386367002649888,0.008514690892102328,-0.21916111148865547,0.007378257863321469,-0.303925981658801,1
2024-05-14,0.02428533873665306,0.023995138911318825,0.02694271128757798,0.020077504016390704,850.0145751953125,856.9102128897132,858.9057861328125,857.6222016647921,859.5638397216796,856.5004524422402,836.5416723632812,843.35292116887,1.0262171084669762,1.0155939261268816,1.0148164210748591,1.0427448247107876,57.72774231346234,55.10273449031818,54.7591337154314,3.9193834885363685,6.902208487217387,-2.9828249986810187,896.4299776710509,822.6977017723084,859.5638397216796,0.08577870833028116,0.6727284236760731,0.5596101853458137,2339835.2,1.1565130740831662,0.008200564575968627,-0.10897886555452563,0.022826705925957924,-0.14686506168409696,-0.03481183205102201,0.23386367002649888,-0.026457813520474716,-0.07318230577056839,0
2024-05-15,-0.011968229234268324,-0.012040425105805672,0.023078219535244315,-0.012528330831030285,851.2614135742188,858.5600149733505,857.792529296875,858.3926412058526,860.0833587646484,857.0108492706579,837.5708178710937,844.0786740305075,1.0124500011364397,1.0047413444450066,1.002065218862655,1.0289991016297197,51.89703151861211,52.143923771697374,52.68429004713304,3.944540550932288,6.310674899960367,-2.366134349028079,896.7709879234023,823.3957296058945,860.0833587646484,0.08531179864111994,0.5242078926426449,-0.18919236525563088,2376086.0,0.923403445834873,0.02428533873665306,0.5596101853458137,0.008200564575968627,-0.10897886555452563,0.022826705925957924,-0.14686506168409696,0.008514690892102328,-0.21916111148865547,1
2024-05-16,0.017739337149383694,0.01758383146017648,0.027075811528620815,0.015582077006536032,861.523193359375,864.756155815567,857.40166015625,861.8027859866066,862.1193878173829,858.9287148163096,839.3084912109375,845.3755274998994,1.0181367655114388,1.023030953007662,1.0174326779967982,1.045084669922102,58.976419008293966,55.880213264691164,55.289292014243145,5.138919308817208,6.076323781731736,-0.9374044729145279,897.8367127526109,826.4020628821548,862.1193878173829,0.0828593474174224,0.7103887918520178,0.4959190296095959,2459466.6,1.3345068398164057,-0.011968229234268324,-0.18919236525563088,0.02428533873665306,0.5596101853458137,0.008200564575968627,-0.10897886555452563,-0.03481183205102201,0.23386367002649888,1
2024-05-17,0.02374763415720338,0.023470045224917163,0.0399471039862962,0.021903166899809895,872.1807739257813,875.8303164421488,860.6919555664062,868.3802135700078,865.2191925048828,862.6477550905003,841.4330822753906,847.4383945663863,1.0295785742368664,1.0433217504680505,1.0378625965237644,1.067201488283551,66.75378196699849,60.414825927694665,58.55365018959605,7.677791350560483,6.396617295497485,1.2811740550629978,902.0681054192283,828.3702795905373,865.2191925048828,0.08517821433818362,0.944510334220419,0.4123939156199776,2555811.1,1.8137975846493506,0.017739337149383694,0.4959190296095959,-0.011968229234268324,-0.18919236525563088,0.02428533873665306,0.5596101853458137,0.022826705925957924,-0.14686506168409696,1
2024-05-21,0.017631831257295616,0.017478193831171242,0.04131249543533441,0.03525786121864489,884.6195678710938,888.4907594640368,864.9272766113281,876.6404739223359,868.1210845947265,867.5205065588157,843.1598681640625,850.0412671523245,1.0329995838855022,1.0565184729611106,1.0526315530447186,1.08379404667064,71.53866040381978,63.48675959761512,60.835753567294645,10.842471877133562,7.2857882118247,3.556683665308862,910.2940699768317,825.9480992126214,868.1210845947265,0.09715922382369774,1.0417041323860534,0.28107454197014325,2894064.1,2.0520305683623246,0.02374763415720338,0.4123939156199776,0.017739337149383694,0.4959190296095959,-0.011968229234268324,-0.18919236525563088,0.008200564575968627,-0.10897886555452563,0
2024-05-22,-0.008284124449217889,-0.00831862849751735,0.02320375658795476,-0.009945959142736485,891.4079711914062,894.4076783471183,870.7112731933594,882.0224815934168,871.1392517089844,871.208221754479,844.9707678222657,852.2451984841267,1.016640579175043,1.0408059985138514,1.0402946651013991,1.0725122698018632,66.22224139155483,61.04742602815885,59.1993326855774,12.594476533122702,8.347525876084301,4.246950657038401,915.1143288445489,827.1641745734198,871.1392517089844,0.10095992586557222,0.8991154386845651,-0.5052115712710576,2950993.4,0.9957338433898226,0.017631831257295616,0.28107454197014325,0.02374763415720338,0.4123939156199776,0.017739337149383694,0.4959190296095959,0.02428533873665306,0.5596101853458137,1
2024-05-23,0.001310357094533643,0.0013094993259164082,0.03287891317219867,0.005482456140350909,900.5218505859375,898.7481242691726,875.8916320800781,886.6418515061193,874.3874938964843,874.657821217222,846.9043737792969,854.4092697637014,1.0076701809321444,1.036006034169213,1.0377881916741007,1.071465733567881,66.67547228734412,61.29863164788879,59.379303920406386,13.918332300258044,9.46168716091905,4.456645139338994,919.0029672757013,829.7720205172674,874.3874938964843,0.10204966034086214,0.8702921846861824,0.29335108446626124,3146042.8,1.2079899230868698,-0.008284124449217889,-0.5052115712710576,0.017631831257295616,0.28107454197014325,0.02374763415720338,0.4123939156199776,-0.011968229234268324,-0.18919236525563088,0
2024-05-24,-0.009105745172447777,-0.009147455867735408,0.020855127604548423,-0.006939864028347031,904.9254028320313,898.8874824229381,883.2242980957031,888.9190055469101,875.6714538574219,876.9919524089598,848.7993859863282,856.1644434486727,0.99363571396765,1.0180496626611582,1.026830547883627,1.0593388892307138,60.12619026730387,58.47292403691424,57.52543271212019,14.13778563371227,10.396906855477694,3.740878778234576,921.5689583293318,829.7739493855119,875.6714538574219,0.10482813906911506,0.7559479555955603,-0.443994665807807,3129094.7,0.6752866891500598,0.001310357094533643,0.29335108446626124,-0.008284124449217889,-0.5052115712710576,0.017631831257295616,0.28107454197014325,0.017739337149383694,0.4959190296095959,0
2024-05-27,-0.007373639002985266,-0.007400958658758799,0.02112095855679452,-0.009390431403590062,903.8368896484375,896.7703455410734,888.0088317871093,889.5766539524434,875.4809631347656,878.4723447297583,850.2233666992188,857.590781814503,0.987496839307489,1.005098192527121,1.0194808446565307,1.0497665751558836,55.06296057684235,56.23293662048363,56.051046794608226,13.619708623676843,11.041467209117524,2.5782414145593187,921.064210129849,829.8977161396822,875.4809631347656,0.10413303981360618,0.6870765003249736,-0.10380987356580773,3123733.4,0.6062239498415583,-0.009105745172447777,-0.443994665807807,0.001310357094533643,0.29335108446626124,-0.008284124449217889,-0.5052115712710576,0.02374763415720338,0.4123939156199776,1
2024-05-28,0.005987016209940466,0.00596916524231194,0.0161458795096631,0.0016559033398766494,900.6505004882813,897.1401302630595,892.6350341796875,891.0862986350957,876.475473022461,880.3206642514034,851.7581787109375,859.1707393789159,0.9969235560522668,1.0058754869868662,1.0244207936712244,1.0541486094866677,58.36008216424055,57.64135560269748,56.98405279383813,13.484869791132155,11.53014772552045,1.9547220656117048,923.0904741868285,829.8604718580934,876.475473022461,0.10636920849278106,0.7295851780534939,0.019927844273748274,3143367.2,0.6144426906280628,-0.007373639002985266,-0.10380987356580773,-0.009105745172447777,-0.443994665807807,0.001310357094533643,0.29335108446626124,0.017631831257295616,0.28107454197014325,0
2024-05-29,-0.006006446529540299,-0.006024557788787048,0.015023824621550334,0.0025567462100329627,897.8995239257813,895.5889646089669,894.6537475585938,891.3409049379475,876.7797668457031,881.4793279703918,853.4226245117187,860.4772450229106,0.9939716076456596,0.9975777061642828,1.0179142665570227,1.0457733456637768,53.71914248015265,55.69342869200287,55.730288074396036,12.795336977772195,11.7831855759708,1.012151401801395,923.7282189348458,829.8313147565603,876.7797668457031,0.10709291857416867,0.667277788256522,-0.09865285575009874,3046850.1,0.5713700847967546,0.005987016209940466,0.019927844273748274,-0.007373639002985266,-0.10380987356580773,-0.009105745172447777,-0.443994665807807,-0.008284124449217889,-0.5052115712710576,0
2024-05-30,-0.02017965326177784,-0.020386043777496563,0.031175724128556882,-0.018111097547743024,891.309033203125,888.5514972393113,895.9154418945312,888.2746608583205,876.8539855957031,880.8123979255926,855.218681640625,861.0262378651494,0.9811148882418104,0.976070420943749,0.9972886898676888,1.0225180778586727,41.01245746631587,49.658199393476906,51.73868755726029,10.67258810595763,11.561066081968166,-0.8884779760105364,923.7829416725938,829.9250295188124,876.8539855957031,0.10703938591328602,0.4746699767643692,1.2937602211296708,3226757.4,1.2375144781569263,-0.006006446529540299,-0.09865285575009874,0.005987016209940466,0.019927844273748274,-0.007373639002985266,-0.10380987356580773,0.001310357094533643,0.29335108446626124,0
2024-05-31,-0.003564562617816014,-0.003570930808858507,0.020952827735850388,-0.012836336554967782,885.7476806640625,882.8208101712596,895.3365417480469,885.199165435927,876.3691009521484,879.912115840789,857.100830078125,861.4314613227967,0.9837558201472014,0.9732200076788132,0.9942836130215575,1.0166358559654312,39.14288699987287,48.675049121527586,51.073899662735165,8.6391811737966,10.976689100333854,-2.3375079265372527,923.3147205372959,829.4234813670009,876.3691009521484,0.10713663805385766,0.4466439578254378,0.3146886963429205,3423516.0,1.5334413509386258,-0.02017965326177784,1.2937602211296708,-0.006006446529540299,-0.09865285575009874,0.005987016209940466,0.019927844273748274,-0.009105745172447777,-0.443994665807807,1
2024-06-03,0.03946400036479902,0.038705196032544936,0.021741532480566077,0.003618407667728911,888.3898193359375,890.4627951597461,896.1133544921875,888.9350926542527,878.4026550292969,882.3725586308776,859.7657214355469,863.1693163743231,1.019537533437467,1.0107502143520564,1.0311293573065416,1.0534808989876887,61.645507591782405,58.44843465875615,57.41237033560028,9.690752637626474,10.719501807792378,-1.028749170165904,926.7188117986086,830.0864982599851,878.4026550292969,0.11000913190022245,0.7829706658786822,-0.5158250061288505,3214123.9,0.7908229673411159,-0.003564562617816014,0.3146886963429205,-0.02017965326177784,1.2937602211296708,-0.006006446529540299,-0.09865285575009874,-0.007373639002985266,-0.10380987356580773,0
2024-06-04,-0.08024694477772709,-0.08365006320633349,0.1071449959290561,-0.0789387575646198,875.4265502929687,871.3296482705599,888.038525390625,878.7765948066044,876.4829010009765,877.6764439510024,860.5069030761719,861.9886904181609,0.951608509261452,0.9380937095333164,0.9504616160119014,0.9681076950273401,32.24454152658424,40.77468668307119,44.59139430669395,4.606090654594709,9.496819577152843,-4.890728922558134,928.6479772424454,824.3178247595076,876.4829010009765,0.11903272997543803,0.08382552430477964,0.582510525009216,3022496.1,1.3308305013197534,0.03946400036479902,-0.5158250061288505,-0.003564562617816014,0.3146886963429205,-0.02017965326177784,1.2937602211296708,0.005987016209940466,0.019927844273748274,1
2024-06-05,0.04341636072037991,0.04250029168293464,0.059824665678968054,0.02497085695923283,870.7756103515625,870.6304100449568,884.3375671386718,877.0412018588127,877.5244201660156,876.8722048693593,862.0377575683593,862.2727391701447,0.9982272393261116,0.9829187019683027,0.990550135834742,1.008345546308417,46.937011522099034,49.03356164767454,50.381000953203,3.455132839471048,8.288482229616484,-4.833349390145436,928.2162240868132,826.832616245218,877.5244201660156,0.1155336598181676,0.418206830977824,-0.5102825903744752,2925641.1,0.6733067839387408,-0.08024694477772709,0.582510525009216,0.03946400036479902,-0.5158250061288505,-0.003564562617816014,0.3146886963429205,-0.006006446529540299,-0.09865285575009874,1
2024-06-06,0.01104273034237413,0.010982204567900715,0.017340417562676007,0.004637981432056041,871.6464233398438,873.3638158437733,881.4777282714844,877.3665519647387,878.6846801757813,877.0587213047922,863.8872485351562,862.9220681219589,1.0082421081635775,0.9969969736668572,1.0001660974282558,1.0172978347945159,50.27548954949671,50.98695880199197,51.784865512622844,3.2797183016292593,7.2867294440190395,-4.00701114238978,928.3707167342696,828.9986436172929,878.6846801757813,0.11309184666460473,0.5014686949869019,0.5715789088937555,2855180.4,1.0842680903805588,0.04341636072037991,-0.5102825903744752,-0.08024694477772709,0.582510525009216,0.03946400036479902,-0.5158250061288505,-0.02017965326177784,1.2937602211296708,1
2024-06-07,0.02708038559706627,0.02672020012972185,0.04198876040454835,0.027080339476709975,877.9004760742188,883.1191104648593,881.8240783691406,881.9598515542464,882.5241882324219,879.494052581196,865.8624169921875,864.479230144903,1.0281685957654292,1.0235938458114786,1.0227818248413996,1.0424631927582273,57.93158953869961,55.5372116611743,55.09261183432593,5.003411043294477,6.830065763874128,-1.8266547205796506,926.8625004952488,838.185875969595,882.5241882324219,0.10048067317368514,0.7267284256945628,0.16604404510525783,3004858.5,1.2013267846056646,0.01104273034237413,0.5715789088937555,0.04341636072037991,-0.5102825903744752,-0.08024694477772709,0.582510525009216,-0.003564562617816014,0.3146886963429205,1
2024-06-10,0.004111116032290862,0.004102688484630426,0.021017577778005815,0.009812595825868317,878.0192260742188,890.8595786888125,883.2045227050781,886.3926994783322,885.6066772460938,882.0508585388648,867.6654016113281,866.1208491641898,1.0322558871394303,1.0261955094622701,1.0234120162181923,1.0445737647871722,59.07776868393756,56.219702147304965,55.59139815899548,6.592883099750338,6.78262923104937,-0.18974613129903162,927.4999753606345,843.7133791315531,885.6066772460938,0.09460926434026722,0.7474600810126771,-0.5108574756005637,2992061.8,0.5901331984519839,0.02708038559706627,0.16604404510525783,0.01104273034237413,0.5715789088937555,0.04341636072037991,-0.5102825903744752,0.03946400036479902,-0.5158250061288505,0
2024-06-11,-0.006332611041071301,-0.006352747076503192,0.01510823027013876,-0.006386851403602057,891.5267578125,894.1067235204064,883.4766540527344,888.9760292429252,888.0558441162109,883.8175399336009,869.4109887695313,867.4730124590684,1.01017833204845,1.0193829220639907,1.0141265542595104,1.0358748909514077,56.3093695278885,54.81813565529669,54.606402180208725,7.305211385900975,6.887145662019692,0.41806572388128327,927.3619547277805,848.7497335046413,888.0558441162109,0.0885217092415778,0.6595829359887142,0.13494986450248203,2999319.7,0.6681508476738908,0.004111116032290862,-0.5108574756005637,0.02708038559706627,0.16604404510525783,0.01104273034237413,0.5715789088937555,-0.08024694477772709,0.582510525009216,1
2024-06-12,0.00747174924622751,0.007443973995165686,0.01772276100699689,0.0075270992945193635,899.14638671875,898.5145083886043,884.9609985351562,892.313129039666,889.807373046875,886.0568292851626,871.3673547363281,869.0360346420462,1.0091016229694418,1.0252769100862869,1.0196926948561056,1.0412715982452132,58.941087622109166,56.19691589388444,55.57539431716638,8.316844581078158,7.1730854458313855,1.1437591352467722,929.2705920906268,850.3441540031232,889.807373046875,0.08870058900191395,0.722013123900233,-0.11038983072837394,3003509.5,0.5935646283123126,-0.006332611041071301,0.13494986450248203,0.004111116032290862,-0.5108574756005637,0.02708038559706627,0.16604404510525783,0.04341636072037991,-0.5102825903744752,0
2024-06-13,-0.001254297141553229,-0.001255084430611351,0.018564018564018625,-0.001961732676056541,904.6186645507812,901.0736777929237,888.1325439453125,894.836563141829,892.0239929199219,887.9744661724387,873.0604956054688,870.493131973792,1.0017392434098877,1.0203342088738525,1.015883007401251,1.0379487116446804,58.2487853786414,55.886294103091664,55.36551708520212,8.923870301001557,7.52324241686542,1.4006278841361368,929.9076036487153,854.1403821911284,892.0239929199219,0.08493854656260191,0.6869941039024594,0.003354317449686617,2783069.3,0.6427281562841429,0.00747174924622751,-0.11038983072837394,-0.006332611041071301,0.13494986450248203,0.004111116032290862,-0.5108574756005637,0.01104273034237413,0.5715789088937555,1
2024-06-14,0.005896861666122133,0.005879543226975893,0.0216034564258095,0.007822783822825592,906.3998657226563,904.5610203840847,892.1501708984375,897.8727708553884,893.7433563232422,890.218393733769,874.0342260742187,872.1026446636984,1.0056661966070077,1.0217290040402576,1.019907671612083,1.0429061910545858,60.7727741039223,57.08574138777322,56.18135972896491,9.724040907242625,7.963402114940862,1.760638792301763,931.8908080870181,855.5959045594664,893.7433563232422,0.08536556158741161,0.7332049510586097,0.46799816856062626,2520682.4,1.0417385387385576,-0.001254297141553229,0.003354317449686617,0.00747174924622751,-0.11038983072837394,-0.006332611041071301,0.13494986450248203,0.02708038559706627,0.16604404510525783,1
2024-06-18,0.0045594790245819805,0.00454911608788301,0.014210865900478223,0.00455946486517938,908.2701293945313,908.2712914214212,893.144677734375,901.1126004264256,894.6290161132813,892.6444356158951,874.9466027832032,873.81202461791,1.008171251989218,1.025244684678538,1.0235436331746983,1.0465688198380108,62.8126691749839,58.04131018418658,56.82582128203692,10.571682887637394,8.485058269480168,2.0866246181572254,933.9335974161797,855.3244348103829,894.6290161132813,0.0878678884654498,0.7679435409894472,-0.08791184100488525,2506006.6,0.9557217447072964,0.005896861666122133,0.46799816856062626,-0.001254297141553229,0.003354317449686617,0.00747174924622751,-0.11038983072837394,0.004111116032290862,-0.5108574756005637,0
2024-06-19,-0.011238980729795567,-0.011302615314885864,0.025793798902921432,-0.015123775880483097,909.2300048828125,907.3143244892808,900.3783813476563,901.8921986443482,894.2084533691407,893.859288473905,875.8560107421876,875.0507840691685,0.995788068764508,1.0055776653253568,1.0125160271228606,1.0337320056270174,54.60882809371542,54.78805399593712,54.732851997078946,10.294345031988883,8.846915621981912,1.4474294100069702,932.8575473686883,855.559359369593,894.2084533691407,0.08644314164986493,0.6447891282521439,-0.2511485170424773,2283116.9,0.7855633673422504,0.0045594790245819805,-0.08791184100488525,0.005896861666122133,0.46799816856062626,-0.001254297141553229,0.003354317449686617,-0.006332611041071301,0.13494986450248203,1
2024-06-20,0.016066449688824758,0.015938750254623935,0.028720498581022127,0.01606646484606516,911.7533813476563,911.5252031425936,905.4498840332031,905.1748826088701,894.8937255859375,896.3438286620302,877.1849938964843,876.8114184370136,1.0089866177292939,1.0160109097937484,1.027995765471344,1.0487490858259947,62.65262642832895,58.34228396258556,57.079026572793836,11.120153193375927,9.301563136260715,1.8185900571152125,934.8363006717126,854.9511505001625,894.8937255859375,0.08926775089326364,0.813615669614195,0.7397722818593246,2398165.4,1.3011358599369336,-0.011238980729795567,-0.2511485170424773,0.0045594790245819805,-0.08791184100488525,0.005896861666122133,0.46799816856062626,0.00747174924622751,-0.11038983072837394,1
2024-06-21,0.007798619610359658,0.0077683675574885605,0.022254216077085727,0.00850379377186489,915.9392333984375,916.7238943802188,910.2789489746094,909.1651361082517,895.8783386230468,899.2750142042624,878.7643359375,878.7843540612668,1.0122082809091408,1.0185023809457876,1.0348740860064123,1.05502833802009,66.10842376769219,60.01194096154862,58.20092387391023,12.212738637771736,9.88379823656292,2.3289404012088166,937.9238825438532,853.8327947022404,895.8783386230468,0.09386440570810056,0.8715368540750551,0.37783715166845644,2518519.2,1.7070820822013189,0.016066449688824758,0.7397722818593246,-0.011238980729795567,-0.2511485170424773,0.0045594790245819805,-0.08791184100488525,-0.001254297141553229,0.003354317449686617,0
2024-06-24,-0.001654382781252517,-0.001655752783660064,0.02100820540648757,-0.0006944705278445723,918.7495849609375,919.6784173797813,912.5747253417969,912.1510137938251,897.1994018554688,901.7809617447047,879.9300402832031,880.6197701129389,1.007442592116392,1.0142593671244133,1.0316407494975244,1.0518875603803781,64.61709148642066,59.463213257613525,57.86141283761085,12.807220875133567,10.468482764277049,2.338738110856518,941.1904389570748,853.2083647538627,897.1994018554688,0.09806301031995697,0.8226573342414006,-0.567874121459701,2343322.2,0.7928260996289797,0.007798619610359658,0.37783715166845644,0.016066449688824758,0.7397722818593246,-0.011238980729795567,-0.2511485170424773,0.005896861666122133,0.46799816856062626,0
2024-06-25,-0.005826707528771347,-0.005843749018511547,0.012958369154320217,-0.0074714481989450665,919.6500854492188,919.8503902323542,913.960107421875,913.613436001766,898.5823150634766,903.5346164297328,881.0244958496094,882.1717138707648,1.0005918017046835,1.0068211166603438,1.024051242175289,1.0444594222662533,59.14387859392769,57.473282198804895,56.641534660757,12.696811084291994,10.914148428280038,1.782662656011956,943.6263559425454,853.5382741844078,898.5823150634766,0.10025579209376462,0.7398987796415281,-0.06669871092721846,2340143.8,0.7409506202140228,-0.001654382781252517,-0.567874121459701,0.007798619610359658,0.37783715166845644,0.016066449688824758,0.7397722818593246,0.0045594790245819805,-0.08791184100488525,0
2024-06-26,-0.011506610568632003,-0.011573323868416495,0.015611440851310216,-0.012568494897607923,920.4912109375,916.4355995103716,914.8606079101562,912.8848145589733,899.1686309814453,904.112845157035,881.7221374511719,883.2475689372606,0.9881745825036098,0.9942564038736423,1.011607819407099,1.031624339948909,49.53374959702139,53.675445509491965,54.28235145682775,11.620962545234192,11.05551125167087,0.5654512935633225,944.4653883179711,853.8718736449194,899.1686309814453,0.10075253022802697,0.6152111950025239,-0.22632676848156008,2273893.6,0.5899554842847528,-0.005826707528771347,-0.06669871092721846,-0.001654382781252517,-0.567874121459701,0.007798619610359658,0.37783715166845644,-0.011238980729795567,-0.2511485170424773,1
2024-06-27,0.026055250005284192,0.02572159520640796,0.032126371212037895,0.029414987827943218,923.1630249023438,922.0590764313936,917.458203125,916.597762870694,901.2096008300781,906.8931485014543,883.2401257324219,885.2106458524048,1.010987230962989,1.0172736230320438,1.035614833013093,1.0566843637221517,64.56804112480137,60.0404303140062,58.35861897503459,12.536227910975185,11.351654583531733,1.1845733274434522,948.7414489005591,853.6777527595971,901.2096008300781,0.10548455770267166,0.8376307754304678,2.503590767322452,2565621.2,1.8319356731227507,-0.011506610568632003,-0.22632676848156008,-0.005826707528771347,-0.06669871092721846,-0.001654382781252517,-0.567874121459701,0.016066449688824758,0.7397722818593246,0
2024-06-28,-0.012352198500505396,-0.012429121002105442,0.02216857156635797,-0.012352249496362093,922.0942993164062,921.9652672628562,919.0167663574218,917.5395603352554,903.5746551513672,908.3107199704378,884.6462939453126,886.6446459729294,0.9996565965207032,1.0030041699666725,1.0201455338201852,1.0419731086136943,55.230593234906024,56.009093268012954,55.81675424181884,12.190810207842787,11.519485708393944,0.6713244994488434,950.2499216856532,856.8993886170812,903.5746551513672,0.10331247400131421,0.6949961417043302,-0.48879895609687807,2627012.7,0.9146023542253906,0.026055250005284192,2.503590767322452,-0.011506610568632003,-0.22632676848156008,-0.005826707528771347,-0.06669871092721846,0.007798619610359658,0.37783715166845644,1
2024-07-01,0.013311853310780553,0.01322402913467569,0.016845030196850175,0.009518742688836944,923.7864501953125,925.99291743305,921.268017578125,920.5411344149247,906.7090942382813,910.7619102373901,886.598701171875,888.5036095729494,1.0111083763741668,1.013872401897669,1.0301520341076138,1.0535185947586494,62.04625949324205,59.15284453497392,57.867673360484126,12.760105987163456,11.767609764147846,0.9924962230156105,952.7248003365635,860.6933881399991,906.7090942382813,0.10150048431341607,0.7970629579905197,0.06632698928526248,2620626.9,0.9776416475004511,-0.012352198500505396,-0.48879895609687807,0.026055250005284192,2.503590767322452,-0.011506610568632003,-0.22632676848156008,-0.001654382781252517,-0.567874121459701,0
2024-07-02,-0.005985776014108213,-0.006003762582986315,0.0183320140762391,-0.00714285714285712,925.4390258789062,926.8143497405231,922.5445556640625,921.9804216768418,907.8446166992187,912.4471772962547,888.4481945800782,890.0704176036364,1.0032613585467676,1.006409076564492,1.02270498417581,1.0450324734964436,57.40091780509419,57.14882338050269,56.610479898346135,12.614715159988009,11.93703084331588,0.6776843166721296,954.820126201008,860.8691071974295,907.8446166992187,0.10348799483458936,0.7193972761004852,-0.24428013055252196,2574740.4,0.7519903754180421,0.013311853310780553,0.06632698928526248,-0.012352198500505396,-0.48879895609687807,0.026055250005284192,2.503590767322452,-0.005826707528771347,-0.06669871092721846,1
2024-07-03,0.012949647192651126,0.012866517409858957,0.01509894386833664,0.011601941898948916,931.6139038085937,931.36970239863,926.0525573730469,925.3440555019331,913.2154693603516,915.1170087646918,890.1423266601563,892.0472799609387,1.0095173589294903,1.0155799476249217,1.0298559751441678,1.056550598198782,64.13723714555617,60.266281552472066,58.63943273495548,13.316162669815185,12.212857208615741,1.1033054611994437,947.65216193252,878.7787767881831,913.2154693603516,0.07541854847528838,0.8958704555809689,-0.29281471763988887,2532310.9,0.540706909250361,-0.005985776014108213,-0.24428013055252196,0.013311853310780553,0.06632698928526248,-0.012352198500505396,-0.48879895609687807,-0.011506610568632003,-0.22632676848156008,0
2024-07-04,-0.006365765190104344,-0.006386113072524716,0.017366468828345968,-0.006365791953609124,931.8514038085938,932.4109783568992,927.5072143554687,927.0075963694793,916.478549194336,916.9623917655248,891.9146337890625,893.711838796723,1.0028353517031203,1.0075323574952715,1.0196567405695838,1.047738757579848,58.74099932787435,58.00342641455503,57.23998572952764,13.236393000766157,12.417564367045825,0.8188286337203312,945.5807128052435,887.3763855834285,916.478549194336,0.0635086628846705,0.8095127448247439,0.011426793588842798,2358765.4,0.5871223988617096,0.012949647192651126,-0.29281471763988887,-0.005985776014108213,-0.24428013055252196,0.013311853310780553,0.06632698928526248,0.026055250005284192,2.503590767322452,1
2024-07-05,0.010271611917959333,0.010219217390991518,0.011320148766997684,0.00638184366346917,936.3143310546875,936.3047472900162,929.2043151855469,930.1139034216194,919.7416320800781,919.5461911360701,893.9471960449218,895.687542575528,1.0083069903381712,1.0160222781226864,1.0264755364189622,1.0560940168873334,64.35129684101739,60.56033272984724,58.89157249440147,13.788765951555888,12.691804683947838,1.0969612676080498,945.6911131433103,893.792151016846,919.7416320800781,0.05642776222827943,0.9691934497039773,0.14345317008500347,2087188.5,0.7587000407485955,-0.006365765190104344,0.011426793588842798,0.012949647192651126,-0.29281471763988887,-0.005985776014108213,-0.24428013055252196,-0.012352198500505396,-0.48879895609687807,0
2024-07-08,-0.015565223395281436,-0.015687633372139947,0.02326451909827842,-0.017470459023440077,935.3841430664063,934.0022574706879,929.5852966308594,929.9836078598761,921.0800109863281,920.4843898690187,895.0654016113281,897.0094929777439,0.9935995651853272,0.9997977390568573,1.009029907007532,1.038356835331695,51.77648614151087,55.035912378935414,55.44886281446467,12.89214855150692,12.731873457459654,0.16027509404726636,946.1058613841419,896.0541605885144,921.0800109863281,0.05434023124878178,0.6661735108595888,-0.008796690979129163,2058365.8,0.7625563930376223,0.010271611917959333,0.14345317008500347,-0.006365765190104344,0.011426793588842798,0.012949647192651126,-0.29281471763988887,0.013311853310780553,0.06632698928526248,1
2024-07-09,0.003648460374808371,0.0036418208876252294,0.009087993275887326,-0.003940375087360216,936.2503295898438,933.5975539713442,930.844677734375,930.4935240621996,922.402392578125,921.6561762598413,895.7942468261718,898.4125774481327,0.9963020759429754,1.0020878555625539,1.0112594616819053,1.04129731830446,54.186532142898805,56.03259122673138,56.07106064084345,12.313248143296164,12.648148394626958,-0.3349002513307937,946.9638249042579,897.8409602519922,922.402392578125,0.053255352596133995,0.7114240378294426,-0.050962016284196165,2033935.6,0.732387495454625,-0.015565223395281436,-0.008796690979129163,0.010271611917959333,0.14345317008500347,-0.006365765190104344,0.011426793588842798,-0.005985776014108213,-0.24428013055252196,0
2024-07-10,-0.010584839781660471,-0.010641257667613688,0.017722026092759434,-0.0060150113705021435,932.7371948242187,930.0366139431358,932.1755493164062,929.1155622121121,923.5180786132812,921.7760388909725,896.6927514648437,899.3734463280772,0.9894692084844423,0.9900653740205064,0.9993466887757428,1.0292429958634535,46.32224834536943,52.39103205914295,53.77493744452987,10.931749079941824,12.304868531689932,-1.3731194517481082,945.9519237276942,901.0842334988682,923.5180786132812,0.04858344548728004,0.48655280172691334,-0.0038512945169568713,2048175.2,0.72449466237068,0.003648460374808371,-0.050962016284196165,-0.015565223395281436,-0.008796690979129163,0.010271611917959333,0.14345317008500347,0.012949647192651126,-0.29281471763988887,0
2024-07-11,-0.0004322455440385342,-0.00043233898907214124,0.01789187869510138,-0.0023189606400767612,930.341650390625,927.5296786639135,931.0965270996094,927.9156069199951,924.2773651123047,921.8464931018768,897.4150524902344,900.2809899271906,0.9915882060296125,0.9907842863286476,0.9980941251259335,1.0279700630667854,46.007496699514185,52.2432959313368,53.68167719209161,9.692976542570818,11.782490133866109,-2.0895135912952902,945.4613680376141,903.0933621869953,924.2773651123047,0.04583906027545193,0.458422470648092,0.5828126305688015,1813042.2,1.2954596423624338,-0.010584839781660471,-0.0038512945169568713,0.003648460374808371,-0.050962016284196165,-0.015565223395281436,-0.008796690979129163,-0.006365765190104344,0.011426793588842798,1
2024-07-12,0.010162162834507438,0.010110875227118945,0.01471532495798285,0.004785216569297185,927.9013061523438,928.983307097557,932.1078186035156,928.6383263826948,925.5622924804687,922.8030712793022,898.5930200195312,901.5205810659221,1.0042992264220878,0.9997669211282904,1.0068372183436898,1.0370551998552011,54.486310094994224,55.42441110477632,55.58244254450788,9.359810759423112,11.297954258977509,-1.9381434995543962,945.2684849025565,905.856100058381,925.5622924804687,0.04258209864897573,0.6605655559640726,-0.3618745164925792,1722653.0,0.8700417321422248,-0.0004322455440385342,0.5828126305688015,-0.010584839781660471,-0.0038512945169568713,0.003648460374808371,-0.050962016284196165,0.010271611917959333,0.14345317008500347,0
2024-07-15,-0.0028895549837749668,-0.0028937378073862225,0.01346998779493424,-0.006663468115207559,927.8614135742188,929.0548097121736,931.6227783203125,928.7400515751877,926.4453979492188,923.4120944852169,899.5558337402343,902.6059627865294,1.0014403027732768,0.9973970544351884,1.0029709435637333,1.0329517969750965,51.762364551335274,54.30546497777372,54.90293164628669,8.777312736461454,10.793825954474299,-2.016513218012845,945.1137908988501,907.7770049995875,926.4453979492188,0.04030111864326964,0.5737186376892135,-0.10738133682061413,1600233.5,0.8360273672560911,0.010162162834507438,-0.3618745164925792,-0.0004322455440385342,0.5828126305688015,-0.010584839781660471,-0.0038512945169568713,-0.015565223395281436,-0.008796690979129163,1
2024-07-16,0.002844263361669652,0.002840226098183054,0.01198689084874371,0.002360082727303294,927.671923828125,929.9834392221783,931.9611267089844,929.3038055146421,927.2528411865235,924.2148186525475,900.8911340332031,903.7524230004768,1.0044938025038632,0.9998707795171434,1.0049477950909196,1.0343543887155666,54.37422618449478,55.26017001202104,55.46403271625876,8.431741583075564,10.321409080194552,-1.8896674971189888,945.3800323742593,909.1256499987877,927.2528411865235,0.039098701848225156,0.626546275375746,0.07825754818031161,1550869.0,0.9301462599355587,-0.0028895549837749668,-0.10738133682061413,0.010162162834507438,-0.3618745164925792,-0.0004322455440385342,0.5828126305688015,0.003648460374808371,-0.050962016284196165,0
2024-07-18,-0.0031037621768595924,-0.0031085888364746567,0.015030328859868217,-0.003103722860470613,928.8786743164062,929.6384549241607,930.8079345703125,929.2392020261843,928.4302459716797,924.6656441454596,902.0409350585937,904.7405039152866,1.000075157298417,0.9980023287585684,1.0005581898679992,1.0298296343588702,50.858412377640036,53.93219514763914,54.6822597241166,7.834188970234663,9.823965058202575,-1.9897760879679112,943.5338566533933,913.3266352899661,928.4302459716797,0.03253580061021469,0.5171561743534856,0.25629811408388714,1595170.6,1.136087889282814,0.002844263361669652,0.07825754818031161,-0.0028895549837749668,-0.10738133682061413,0.010162162834507438,-0.3618745164925792,-0.010584839781660471,-0.0038512945169568713,0
2024-07-19,-0.045090990133175746,-0.04613922066697021,0.046039700539685445,-0.040506998697916664,921.7877685546875,915.4460630483989,926.0647094726562,921.5704888026735,926.7859619140625,921.084276064642,902.8141296386718,904.0472009890743,0.962327023158203,0.9578826082272462,0.9571371554494144,0.9825513914496425,24.304820440465022,39.22877516442185,45.03031555033338,3.9353128412114984,8.64623461480436,-4.710921773592862,950.1352537550015,903.4366700731234,926.7859619140625,0.050387668351636355,-0.35066140094957715,0.6564857906231687,1756879.5,1.7086960147238328,-0.0031037621768595924,0.25629811408388714,0.002844263361669652,0.07825754818031161,-0.0028895549837749668,-0.10738133682061413,-0.0004322455440385342,0.5828126305688015,0
2024-07-22,-0.0010118613322001035,-0.0010123736094761037,0.031793371659560726,0.014905754189570249,912.6423950195312,905.6852741286202,920.2718505859375,915.1328901638351,924.7380828857422,917.7585065622059,903.4248950195313,903.34588707927,0.9709867754610478,0.9629368710178864,0.9582861490073986,0.9808935985430248,23.99166434924986,38.98351379466982,44.85218660912522,0.7641888780632371,7.069825467456136,-6.305636589392899,954.0369804946017,895.4391852768827,924.7380828857422,0.06336691037407965,-0.1582907505880936,-0.09213940298596957,1871061.8,1.456591652932041,-0.045090990133175746,0.6564857906231687,-0.0031037621768595924,0.25629811408388714,0.002844263361669652,0.07825754818031161,0.010162162834507438,-0.3618745164925792,1
2024-07-23,0.006077317395676962,0.006058924982384768,0.027014960662553857,0.0044382159629564105,905.1126708984375,900.9732475310593,916.4870422363281,910.8449454678537,923.0361694335937,915.2623815882755,904.7390881347657,902.8832716775707,0.9850145987360485,0.9727897430611353,0.9658876042560958,0.9854213286771761,30.27984261924435,41.35274804271217,46.193121959391036,-1.2994062788184237,5.3959791182012244,-6.695385397019648,955.70106708673,890.3712717804575,923.0361694335937,0.07077706970720446,0.018030403278592552,-0.3980963339696988,1878141.0,0.8734232413860301,-0.0010118613322001035,-0.09213940298596957,-0.045090990133175746,0.6564857906231687,-0.0031037621768595924,0.25629811408388714,-0.0028895549837749668,-0.10738133682061413,0
2024-07-24,-0.014094748993334849,-0.01419502331058303,0.01701934579396528,-0.015251423926326762,894.5411376953125,893.6431757628939,911.1065307617188,905.0518703330733,920.9756042480469,911.8072054585886,905.4249340820312,901.9460073853744,0.9826077249964895,0.9647423243599189,0.9544042515048264,0.9707961412811357,24.714007135614693,37.676592377866676,43.59600041450609,-3.903803948589598,3.5360225048430607,-7.439826453432659,958.8772189786454,883.0739895174485,920.9756042480469,0.08230753248137154,-0.05396811349548237,-0.07354250029870546,1881155.3,0.8078928943293517,0.006077317395676962,-0.3980963339696988,-0.0010118613322001035,-0.09213940298596957,-0.045090990133175746,0.6564857906231687,0.002844263361669652,0.07825754818031161,0
2024-07-25,-0.007772168236969246,-0.007802528951219757,0.020125758245783328,0.005172413793103455,883.1817260742188,886.4792599161481,906.0302001953125,899.0699717675429,919.1028747558594,908.0304647694521,905.8356091308593,900.7775925162482,0.9875107268120314,0.9626074583768256,0.9489160051363403,0.9628142451360212,22.13356067291737,35.81265732913123,42.240337653194366,-6.444769918681118,1.5398640201382252,-7.984633938819343,962.3857867547811,875.8199627569377,919.1028747558594,0.09418513027808535,-0.04237855501003293,0.07678388600395314,1896412.7,0.8629271466068541,-0.014094748993334849,-0.07354250029870546,0.006077317395676962,-0.3980963339696988,-0.0010118613322001035,-0.09213940298596957,-0.0031037621768595924,0.25629811408388714,1
2024-07-26,0.029788452627831585,0.02935339534877119,0.037199489705286026,0.023352258855646315,885.3957641601562,890.363329852953,903.5917663574219,898.8993350328192,917.3441467285156,907.087703336796,906.3522485351563,900.6738229950842,1.0143841952739483,0.9939571199803302,0.9790561949182643,0.9909298191493647,46.78528768290773,46.6266373513253,48.6201029709152,-6.289628608114413,-0.026034505512302353,-6.26359410260211,961.0322688495111,873.6560246075202,917.3441467285156,0.09524914346878102,0.28011555464957855,0.25664511208909935,1867186.1,1.101366917844986,-0.007772168236969246,0.07678388600395314,-0.014094748993334849,-0.07354250029870546,0.006077317395676962,-0.3980963339696988,-0.045090990133175746,0.6564857906231687,0
2024-07-29,-0.0022208651778533595,-0.0022233349562966434,0.01652666721143543,-0.012473938143262106,887.3903930664062,892.2878335087396,900.0163940429687,898.397063357818,916.0621063232422,906.0447640495119,907.03779296875,900.4959021254854,1.0098563696680134,0.9956894638271767,0.9782490014973954,0.9879818104240635,45.49516406098109,45.986063287508166,48.19100387655599,-6.2555181651988505,-1.2719312374496121,-4.983586927749238,960.6501796218968,871.4740330245877,916.0621063232422,0.09734727152423257,0.2765628336363775,-0.481462048562163,1823943.2,0.5846404646811371,0.029788452627831585,0.25664511208909935,-0.007772168236969246,0.07678388600395314,-0.014094748993334849,-0.07354250029870546,-0.0010118613322001035,-0.09213940298596957,1
2024-07-30,0.003950809906836161,0.003943025952589463,0.01973172406019319,0.00787664140452396,889.016015625,894.7509913821285,897.0643432617187,898.6298349525612,914.3435607910156,905.4383395808828,907.4883703613282,900.4638003609138,1.0119922378410822,1.0029127942569724,0.9839597999143546,0.9913926574846222,48.4394803112346,47.36824811554586,49.02939974256078,-5.875075142112905,-2.192560018382271,-3.682515123730634,958.6749827556765,870.0121388263548,914.3435607910156,0.09696885036584922,0.33458399243542525,-0.08189142224277002,1788061.9,0.5475347357941021,-0.0022208651778533595,-0.481462048562163,0.029788452627831585,0.25664511208909935,-0.007772168236969246,0.07678388600395314,0.006077317395676962,-0.3980963339696988,1
2024-07-31,0.028987919048937494,0.028575716305769574,0.03625097051323049,0.021233277445154852,898.3708251953125,905.0863542807941,896.4559814453125,903.5620613390273,914.2085540771484,907.3734577234774,908.0439392089844,901.4556936831574,1.0304843546949096,1.032685485109455,1.0126322664007823,1.019506920430052,64.7867610939758,56.24945150265634,54.699370594530265,-3.429617095118033,-2.439971433729424,-0.9896456613886091,958.3833965474236,870.0337116068732,914.2085540771484,0.09664062379041649,0.6307138334307304,1.7746770770132763,1915456.5,1.4181898675328832,0.003950809906836161,-0.08189142224277002,-0.0022208651778533595,-0.481462048562163,0.029788452627831585,0.25664511208909935,-0.014094748993334849,-0.07354250029870546,1
2024-08-01,0.006786965166020842,0.0067640373994453315,0.032315031407096254,-0.003199829384097367,910.3485717773438,914.0709565648003,896.7651489257812,908.73989766517,913.7865417480468,909.7226675719855,908.4085095214843,902.655084563536,1.0238277842443566,1.0393358419975247,1.0199758023901808,1.0260143441674456,67.66798283199591,58.084518759703506,55.93922687660984,-0.9733615371826545,-2.14664945442007,1.1732879172374155,957.1023069262749,870.4707765698188,913.7865417480468,0.09480499700808957,0.7107041086502675,0.4868787965017978,2138138.9,1.8890624926191653,0.028987919048937494,1.7746770770132763,0.003950809906836161,-0.08189142224277002,-0.0022208651778533595,-0.481462048562163,-0.007772168236969246,0.07678388600395314,0
2024-08-02,-0.037451182164671803,-0.03817049427749238,0.0309598976864721,-0.022122009002071622,910.1491088867188,908.4253561343461,897.7724365234375,906.629762684855,911.9185729980469,908.5237616387906,908.2263623046875,902.4385775325518,0.9857001962797053,0.9992890389323249,0.983787568142182,0.9877869576444547,44.21794494645954,46.4324666575268,48.23779692655602,-1.8223770342810894,-2.081794970392274,0.2594179361111846,954.7204748748713,869.1166711212225,911.9185729980469,0.09387220119030543,0.32729251416028105,-0.18132182641682082,2168612.1,1.5248024300888112,0.006786965166020842,0.4868787965017978,0.028987919048937494,1.7746770770132763,0.003950809906836161,-0.08189142224277002,0.029788452627831585,0.25664511208909935,0
2024-08-05,-0.03974209597264944,-0.040553380571722086,0.03455658255125131,-0.02285069254189067,903.2177734375,892.7769586143038,895.3040832519531,898.4207446647392,907.7879669189454,904.0434189659743,907.3073852539062,900.8323652204602,0.9537900923888658,0.9622207467714455,0.948988304502541,0.9494909636750473,31.294398285297035,38.03864486957165,42.0315678601421,-5.31098535662602,-2.7276330476390234,-2.5833523089869965,953.2360940110912,862.3398398267996,907.7879669189454,0.10012938868621019,-0.009457774253687323,0.22777871022664553,2302065.0,1.7635913842571778,-0.037451182164671803,-0.18132182641682082,0.006786965166020842,0.4868787965017978,0.028987919048937494,1.7746770770132763,-0.0022208651778533595,-0.481462048562163,1
2024-08-06,0.023385044490800366,0.02311580372999445,0.029411764705882346,0.019549059968476144,899.6074951171875,889.0599442519839,894.3117553710938,895.367139367031,905.3993988037109,901.9084186384856,906.9565795898437,900.0791711148478,0.9800117499159994,0.9858149691451992,0.9737425457673391,0.9720706981651146,42.393262830045195,44.17902698209913,46.142595339915566,-6.376632913693925,-3.457433020850004,-2.919199892843921,951.0744395655435,859.7243580418784,905.3993988037109,0.1008947892436911,0.23975410990510765,-0.34356346532502513,2404530.6,1.1083527071770265,-0.03974209597264944,0.22777871022664553,-0.037451182164671803,-0.18132182641682082,0.006786965166020842,0.4868787965017978,0.003950809906836161,-0.08189142224277002,1
2024-08-07,0.0253959293599757,0.02507881055265513,0.017265181977280376,0.008286999117943556,895.2592041015625,894.0451711679893,896.8150146484375,896.939591300298,903.9607727050782,902.1091049586298,907.1861706542969,900.233541855442,1.0097808778265787,1.0080290921025505,1.000060679950478,0.996505077175052,52.36981423259575,50.097948113591876,50.25908361346823,-5.352800096897681,-3.8365064360595396,-1.5162936608381417,947.8730150655406,860.0485303446158,903.9607727050782,0.09715519453140918,0.500624567227421,-0.15122053170875938,2478758.9,0.9125756442064615,0.023385044490800366,-0.34356346532502513,-0.03974209597264944,0.22777871022664553,-0.037451182164671803,-0.18132182641682082,0.028987919048937494,1.7746770770132763,0
2024-08-08,-0.02085057231622789,-0.02107101512258038,0.02202691460971429,-0.013833346896701414,885.8844482421875,891.0855747239721,898.1165100097656,894.7990077613233,902.073355102539,900.4955122802781,906.931904296875,899.6426728350693,0.9991894355887216,0.9855807926594209,0.9812576514194018,0.9760009297745327,44.75677300856413,45.70423462497383,47.07828033855744,-5.993294637032136,-4.2678640762540585,-1.7254305607780775,945.8092779238523,858.3374322812258,902.073355102539,0.09696755274706403,0.30671525629313473,0.23629133685962533,2594768.2,1.0777683339883692,0.0253959293599757,-0.15122053170875938,0.023385044490800366,-0.34356346532502513,-0.03974209597264944,0.22777871022664553,0.006786965166020842,0.4868787965017978,1
2024-08-09,0.019773535248865715,0.01958057837932566,0.02844989580662643,0.010099869333472632,886.9914672851562,894.9467999787419,898.5702880859375,896.2299609844065,901.0810272216797,900.7025349667547,907.135556640625,899.7613621548031,1.017675235649234,1.0045616491627773,1.001762575416218,0.9950764732793809,52.273052385002295,50.08215281812026,50.15406953483203,-5.0305667103176575,-4.420404603066778,-0.6101621072508792,943.8055439286725,858.356510514687,901.0810272216797,0.09482946686542953,0.5185867903140209,-0.38408093660816744,2561367.9,0.6724742665823211,-0.02085057231622789,0.23629133685962533,0.0253959293599757,-0.15122053170875938,0.023385044490800366,-0.34356346532502513,-0.037451182164671803,-0.18132182641682082,1
2024-08-12,0.013534417001767496,0.013443644894530201,0.030631751642164078,0.013870455307566141,897.672705078125,901.5933174988488,900.4452392578125,899.6220321761621,900.2308166503906,902.053374735546,907.9437524414062,900.3544990326172,1.0191758614955764,1.0160377473850082,1.016279753611638,1.0076465090254634,57.033616638287334,52.93478254328207,52.190569723443026,-3.2443806587232302,-4.185199814198069,0.9408191554748386,941.1058063915765,859.3558269092047,900.2308166503906,0.0908100211305251,0.6792726552528636,1.2192331406237846,2836985.5,1.3473903902575464,0.019773535248865715,-0.38408093660816744,-0.02085057231622789,0.23629133685962533,0.0253959293599757,-0.15122053170875938,-0.03974209597264944,0.22777871022664553,0
2024-08-13,-0.01035591718948825,-0.010409912806160356,0.02478383059434265,-0.018540566934121566,902.4298950195313,902.8661667440243,901.0186950683594,900.6747290958372,899.0415191650391,902.3732309735298,908.6248010253906,900.5528271189607,1.0033043788013907,1.0048757813684235,1.0070857084278513,0.9964639576342295,52.31260147514452,50.52346246680325,50.510178268969284,-2.563773700626143,-3.860914591483684,1.2971408908575408,937.8056562919633,860.2773820381149,899.0415191650391,0.08623436471082083,0.5821680365085609,-0.6521596838949731,2872045.8,0.46295536094863116,0.013534417001767496,1.2192331406237846,0.019773535248865715,-0.38408093660816744,-0.02085057231622789,0.23629133685962533,0.023385044490800366,-0.34356346532502513,0
2024-08-14,-0.019331388646881664,-0.019520683465896388,0.029821395211725894,-0.023740363094756505,899.2085693359375,897.8804433566934,897.23388671875,898.3536868205997,896.8449340820313,900.9956848410061,908.2680456542969,900.0569906273165,0.9874338689162505,0.9896070687088954,0.9900362513513594,0.9775847568681122,44.39275308975908,46.325203152820556,47.541043239348774,-3.397558070957757,-3.768243287378499,0.3706852164207417,932.8030731505744,860.8867950134882,896.8449340820313,0.08018808536917967,0.3757452730942721,0.5226916681269738,2802859.2,0.7223391742260902,-0.01035591718948825,-0.6521596838949731,0.013534417001767496,1.2192331406237846,0.019773535248865715,-0.38408093660816744,0.0253959293599757,-0.15122053170875938,1
2024-08-16,0.020386388012621603,0.020181367342192967,0.030986872184275184,0.009388902452256976,903.37734375,900.5903802065457,894.6308959960937,899.7457899270815,895.6980224609375,901.4732628472198,909.7269836425781,900.2904519323728,1.002914518694171,1.0127196120333921,1.011513067112708,0.9959144558717538,52.98142998291886,50.87184553574355,50.68869277136834,-2.5681143800154587,-3.5282175059058907,0.960103125890432,928.8401277703291,862.5559171515459,895.6980224609375,0.07400285470840581,0.6555759863328638,0.09099359631337323,2619835.6,0.8431223699685583,-0.019331388646881664,0.5226916681269738,-0.01035591718948825,-0.6521596838949731,0.013534417001767496,1.2192331406237846,-0.02085057231622789,0.23629133685962533,1
2024-08-19,0.010237217927803188,0.010185172511155884,0.017542877238831318,0.00851648351648359,905.9005493164062,905.4886795778013,896.4460083007813,902.5711514531235,897.1092224121094,902.7886928922762,910.6480505371094,900.878484339743,1.0103595576920534,1.0210155099638865,1.0202606945220474,1.0050922283097932,56.95575243604818,53.06567065934855,52.23078532821856,-1.1491110862179994,-3.0523962219683125,1.903285135750313,931.0539812866953,863.1644635375235,897.1092224121094,0.07567586649776413,0.7677299310824,-0.6163043803042499,2373917.4,0.3570145279696758,0.020386388012621603,0.09099359631337323,-0.019331388646881664,0.5226916681269738,-0.01035591718948825,-0.6521596838949731,0.019773535248865715,-0.38408093660816744,0
2024-08-20,-0.0006537061732455607,-0.0006539199322881774,0.014283417404325911,-0.007305985303205126,905.8606689453125,908.5547699463989,901.7666870117188,904.7740240404818,898.5353851318359,903.9218603009731,911.3651770019532,901.4199928238156,1.0097435312525023,1.0143277234100212,1.0179754362699784,1.0036448327909213,56.59571469870265,52.901555505869666,52.12038132763611,-0.07199092578764521,-2.4563151627321793,2.384324236944534,932.9148163728613,864.1559538908106,898.5353851318359,0.07652326621723665,0.734901581683003,-0.17806950371848318,2037587.7,0.34187730913373693,0.010237217927803188,-0.6163043803042499,0.020386388012621603,0.09099359631337323,-0.019331388646881664,0.5226916681269738,0.013534417001767496,1.2192331406237846,1
2024-08-21,0.009431323993337681,0.009387126732346845,0.02041480304954282,0.017362623948317273,909.4410278320313,913.4743998535889,905.9354614257812,908.144866881843,900.1236083984375,905.7686983359251,911.7788562011718,902.2785679941746,1.0152540202293354,1.0191826007283535,1.0257631852482934,1.0126508784321402,60.76739006071304,55.059611059758794,53.60503279005836,1.4608975624859113,-1.6728726176885613,3.133770180174473,935.9689244844806,864.2782923123943,900.1236083984375,0.0796453192685871,0.8234739402752913,1.2975229864844495,1931127.5,0.8287728283088507,-0.0006537061732455607,-0.17806950371848318,0.010237217927803188,-0.6163043803042499,0.020386388012621603,0.09099359631337323,-0.01035591718948825,-0.6521596838949731,1
2024-08-22,0.008047094936787902,0.00801488972522544,0.010768805564391845,0.006687894168243888,918.007958984375,919.2308173503093,908.6082641601563,912.253736965826,902.7116394042969,908.1472653842894,912.2669189453125,903.394845811805,1.0138731840336819,1.02436186094351,1.0310531200837862,1.0202536483727798,64.22261638778781,56.89169320644677,54.870545322331644,3.237936134985034,-0.6907108671538422,3.9286470021388764,939.5386362059094,865.8846426026844,902.7116394042969,0.08159193964955361,0.880590536481456,-0.32931658654416907,1812262.6,0.5923015792523666,0.009431323993337681,1.2975229864844495,-0.0006537061732455607,-0.17806950371848318,0.010237217927803188,-0.6163043803042499,-0.019331388646881664,0.5226916681269738,1
2024-08-23,0.008357889645324246,0.008323155885420375,0.01572710056314742,0.006901361411857011,924.51044921875,925.6614465929147,913.943896484375,917.029912986244,906.0302032470703,911.04016440275,913.0253527832032,904.7724089202882,1.0151564061511862,1.0268931262501955,1.0358624930102844,1.0279262259445452,67.69757434791302,58.78610667139855,56.184413625044314,5.2138544810243275,0.4902022024817918,4.723652278542536,943.2038150295897,868.8565914645509,906.0302032470703,0.08205821759428107,0.9370371921505628,0.34265878893913393,1676728.5,0.8595416610381466,0.008047094936787902,-0.32931658654416907,0.009431323993337681,1.2975229864844495,-0.0006537061732455607,-0.17806950371848318,0.020386388012621603,0.09099359631337323,1
2024-08-26,0.02385633224589112,0.023576216233152505,0.0329008948697782,0.019037546271813824,933.6358764648437,937.4117692455369,919.768212890625,925.0085496343415,909.1692504882812,915.7899025120863,914.0969995117188,906.9739777685429,1.0292153919676037,1.044733228528141,1.056912575996945,1.0512149313082417,75.6418431744186,63.72698228742016,59.72772227545777,8.488595200315103,2.0898808020484543,6.398714398266649,953.1282810496879,865.2102199268746,909.1692504882812,0.09670153392846897,1.0885385028022818,0.6406019075531946,1740929.6,1.3581623289074984,0.008357889645324246,0.34265878893913393,0.008047094936787902,-0.32931658654416907,0.009431323993337681,1.2975229864844495,0.010237217927803188,-0.6163043803042499,0
2024-08-27,-0.020238714310949035,-0.020446323020996023,0.025635606151516187,-0.020187878935696915,938.9914428710938,938.7627737353059,922.4260559082031,928.0005920126146,911.4356475830078,918.2351291980632,914.8024548339844,908.3265583546723,1.0026340387471342,1.0206398406513957,1.032947071152493,1.0291454485500895,60.55123181541002,57.30118752703026,55.62512470001049,9.406161085208169,3.5531368586803973,5.853024226527771,957.1136694835167,865.757625682499,911.4356475830078,0.10023312566639275,0.828704417161959,0.049196329825140106,1606755.7,1.5439733619740699,0.02385633224589112,0.6406019075531946,0.008357889645324246,0.34265878893913393,0.008047094936787902,-0.32931658654416907,-0.0006537061732455607,-0.17806950371848318,1
2024-08-28,0.005561441038514303,0.005546033324965141,0.01738214379773498,0.0018469656992084575,943.66884765625,941.4087436881207,926.5549377441406,931.40060866373,913.78681640625,920.9461343786048,915.5057543945312,909.8314260111067,1.003212817658472,1.0217426350332315,1.0360191968154497,1.034073984843328,62.87746798368868,58.514056384077676,56.470368411773485,10.435537719436525,4.929617030831623,5.505920688604902,961.5931187556546,865.9805140568453,913.78681640625,0.10463338164018987,0.8442419259592657,-0.0786899162685405,1702350.3,1.3425996987811497,-0.020238714310949035,0.049196329825140106,0.02385633224589112,0.6406019075531946,0.008357889645324246,0.34265878893913393,0.009431323993337681,1.2975229864844495,0
2024-08-29,-0.010060574786096677,-0.010111524378103937,0.020964150208706286,-0.005608452690972177,944.9553833007812,939.997939314216,931.4816711425781,932.4507399187621,914.357778930664,922.4918673488717,915.9354443359375,910.9037752093537,0.9917678094946638,1.0061135496277054,1.0249558238159557,1.023190374782219,55.883912581469694,55.429667878371376,54.48802348114033,10.363328428181262,6.016359310301551,4.346969117879711,962.9879648603965,865.7275930009316,914.357778930664,0.10637014755122472,0.7346130412570661,-0.02277763801231636,1723240.3,1.2961134903820437,0.005561441038514303,-0.0786899162685405,-0.020238714310949035,0.049196329825140106,0.02385633224589112,0.6406019075531946,0.008047094936787902,-0.32931658654416907,1
2024-08-30,0.0014898372791074532,0.0014887285726065869,0.01710761449750711,-0.007173803832665211,944.9653564453125,939.5228164764044,934.7379028320313,933.5638000791291,914.6843994140625,924.0233629157202,916.5988879394531,911.9888260168607,0.9932348994585589,1.0041023991400497,1.0261162991322705,1.0239730629727533,56.707457925710415,55.79751293441743,54.73262428753627,10.300034575630207,6.873094363367283,3.426940212262924,963.8698257189517,865.4989731091732,914.6843994140625,0.10754622323589845,0.7428379011970078,0.29665706297025096,1791966.4,1.6161592092351733,-0.010060574786096677,-0.02277763801231636,0.005561441038514303,-0.0786899162685405,-0.020238714310949035,0.049196329825140106,0.008357889645324246,0.34265878893913393,0
2024-09-02,-0.0006906811627556131,-0.000690919792874451,0.01626879429461963,-0.0006906422226837125,940.3677368164062,938.9899831196863,937.001806640625,934.3566212295148,916.7239074707031,925.3472632481516,916.9584350585938,913.0059040713465,0.9974016330904457,1.000984533603977,1.023126274729804,1.0228645929259776,56.139791209165544,55.5682069228073,54.58959772475557,10.081353462237189,7.5147461831412645,2.5666072790959245,966.211121201352,867.2366937400543,916.7239074707031,0.10796536084062004,0.7142008747040942,-0.5453852987963481,1838875.2,0.7159871425749829,0.0014898372791074532,0.29665706297025096,-0.010060574786096677,-0.02277763801231636,0.005561441038514303,-0.0786899162685405,0.02385633224589112,0.6406019075531946,0
2024-09-03,-0.010101547789047594,-0.010152914638815647,0.012460363535993831,-0.006562761219859001,937.76474609375,935.4765984469784,938.3780944824218,933.2826590244325,920.0723907470704,925.6427457103813,916.9850061035156,913.6115481901786,0.9900668936095234,0.9894197600740718,1.009105194807215,1.0125027376911686,47.95441108875286,52.19221601807843,52.48483187823294,9.039335329578307,7.819664012428674,1.2196713171496336,962.7486155273037,877.396165966837,920.0723907470704,0.09276710226155489,0.5981511180713948,-0.15165679156561807,1880908.5,0.5938289927447294,-0.0006906811627556131,-0.5453852987963481,0.0014898372791074532,0.29665706297025096,-0.010060574786096677,-0.02277763801231636,-0.020238714310949035,0.049196329825140106,1
2024-09-04,0.0022557603932020776,0.002253219985376588,0.024328827505507786,0.014184769340183395,934.533447265625,933.832462115694,939.1011474609375,932.7847554660129,922.5183044433594,926.1095498763569,917.084140625,914.2755733377451,0.9957312840710278,0.9908881401849545,1.0086999737253002,1.014677005338847,49.84050659347812,52.873797376512016,52.90627784280071,8.286998469305559,7.913130903804051,0.37386756550150757,961.5520796709496,883.4845292157692,922.5183044433594,0.08462439181874647,0.6028069276283154,1.7045279147096797,2022940.9,1.493266560580193,-0.010101547789047594,-0.15165679156561807,-0.0006906811627556131,-0.5453852987963481,0.0014898372791074532,0.29665706297025096,0.005561441038514303,-0.0786899162685405,0
2024-09-05,-0.008145330366529424,-0.008178684815401334,0.022475538947116656,-0.009737280728479842,931.6911010742188,930.2098412802545,938.3232421875,930.9992725829878,923.4657531738281,925.8100308033111,917.1395458984375,914.6163194660444,0.9906336966675089,0.9836318212236547,0.9994573122362895,1.006351327600023,43.22641692974005,50.090537473810365,51.18121923903537,6.99848238361551,7.730201199766343,-0.731718816150833,961.5658185108963,885.36568783676,923.4657531738281,0.08251538339374974,0.49342319284731556,-0.5093995279380559,2063800.4,0.7180931838175824,0.0022557603932020776,1.7045279147096797,-0.010101547789047594,-0.15165679156561807,-0.0006906811627556131,-0.5453852987963481,-0.010060574786096677,-0.02277763801231636,1
2024-09-06,0.007942082755471924,0.007910710414569451,0.02969555378379686,0.007942055744760533,930.0355590820312,930.238181133451,937.5004577636719,930.8711977205979,925.7221771240235,926.237157473457,917.5533227539063,915.2311642258012,1.0002788084340222,0.9923140337008299,1.0049395853624534,1.0138864279273663,50.6200636041341,52.684564703695784,52.74580739463349,6.49395663248697,7.482952286310469,-0.9889956538234985,959.5926385298573,891.8517157181897,925.7221771240235,0.07317629898650685,0.5675025306125989,0.338871566213518,2118099.5,0.9367874360954243,-0.008145330366529424,-0.5093995279380559,0.0022557603932020776,1.7045279147096797,-0.010101547789047594,-0.15165679156561807,0.0014898372791074532,0.29665706297025096,1
2024-09-09,0.0015544597932377613,0.0015532528711926753,0.01889218561847738,0.012188515709642404,928.7988891601562,930.7391096879257,934.5833129882812,931.0293375526483,927.1757629394531,926.761329789973,917.522021484375,915.8786074638826,1.0031676153697588,0.996958702181063,1.0049237739379087,1.01549711612316,52.05708835169097,53.201326650884845,53.057444954969846,6.140026600311899,7.214367149110755,-1.0743405487988564,959.4203623242093,894.9311635546968,927.1757629394531,0.06955444840907025,0.5707902089734155,-0.09608917205798384,2061007.8,0.8702286328076972,0.007942082755471924,0.338871566213518,-0.008145330366529424,-0.5093995279380559,0.0022557603932020776,1.7045279147096797,-0.0006906811627556131,-0.5453852987963481,1
2024-09-10,0.0048166982015300785,0.004805135026763981,0.01992011952812913,0.004978080008133654,930.3546997070313,932.5690337372631,934.0597229003906,931.9747092405189,928.2428894042969,927.6630014133982,917.8110461425781,916.6766574392573,1.0063139167575077,1.0023222914791907,1.0086033435028687,1.0200671323043744,56.62715879665491,54.84941417067883,54.045032763592246,6.1507694944552895,7.001647618179662,-0.8508781237243728,960.2013784904296,896.2844003181641,928.2428894042969,0.06885803155818893,0.6249432100828862,-0.22586125378300437,1951774.5,0.7113808485560191,0.0015544597932377613,-0.09608917205798384,0.007942082755471924,0.338871566213518,-0.008145330366529424,-0.5093995279380559,-0.010101547789047594,-0.15165679156561807,0
2024-09-11,-0.011717710484280275,-0.011786903910602345,0.021611412334108137,-0.014133136353533252,929.2975463867188,930.1321634420297,931.9154968261719,930.7535662607086,929.2352172851563,927.4339939313187,917.6352502441406,917.0131972593476,0.9956535734427998,0.9928565690802639,0.9957203576020156,1.0083074103848928,44.52354219882875,50.19591188221682,51.2762146754256,5.213955723370191,6.6441092392177685,-1.4301535158475778,959.4831335996284,898.9873009706841,929.2352172851563,0.06510281950536516,0.43426333251769983,-0.21676251661018897,1831966.0,0.5936190955509,0.0048166982015300785,-0.22586125378300437,0.0015544597932377613,-0.09608917205798384,0.007942082755471924,0.338871566213518,0.0022557603932020776,1.7045279147096797,1
2024-09-12,0.029156563497027665,0.028739596392806994,0.02995389186383075,0.020303483915201214,935.1517822265625,937.5000352308845,933.4214416503906,934.6594230875968,932.4515563964844,929.7960686815353,918.1108215332031,918.3944749671612,1.0182686884703944,1.0201563155919553,1.021217426553039,1.0371686690484745,65.6112131253212,59.33302625972448,56.96852716296634,6.572606312700714,6.629808653914358,-0.0572023412136442,957.7060798489092,907.1970329440596,932.4515563964844,0.05416801179467688,0.8916966093099999,1.8147440436233895,1914715.1,1.5986743928639826,-0.011717710484280275,-0.21676251661018897,0.0048166982015300785,-0.22586125378300437,0.0015544597932377613,-0.09608917205798384,-0.008145330366529424,-0.5093995279380559,0
2024-09-13,-0.00026183495603704365,-0.00026186924079390757,0.022104695291945423,-0.003601265351807177,939.4901000976563,942.3288402190271,934.7628295898437,937.809791652636,934.7503662109375,931.9094383495141,918.3409423828125,919.7118073290495,1.0133012046602272,1.0184256584239941,1.0184392374771056,1.0366372729992852,65.34339429334958,59.22488144742007,56.90401335930179,7.542285189177051,6.812303960966897,0.7299812282101534,958.2694386464577,911.2312937754173,934.7503662109375,0.05032161159958909,0.8664278009183687,-0.2011355090450656,1869637.7,1.3079159668207376,0.029156563497027665,1.8147440436233895,-0.011717710484280275,-0.21676251661018897,0.0048166982015300785,-0.22586125378300437,0.007942082755471924,0.338871566213518,1
2024-09-16,0.017233252375115526,0.017086444136821963,0.02209064078993943,0.009985412255203897,946.820361328125,951.0166511290911,937.8096252441406,943.3702427974691,937.4057159423828,935.3839940256763,919.0189172363281,921.6208451965072,1.0227835315992089,1.03261072064292,1.033055651869676,1.0537239819408355,73.61214380340783,63.8889020626919,60.031201046006615,9.524779740127656,7.354799116799049,2.1699806233286063,963.3965006154469,911.4149312693187,937.4057159423828,0.05545258415015177,1.0961066084886086,-0.1057620467429945,1956647.2,1.1175780692605188,-0.00026183495603704365,-0.2011355090450656,0.029156563497027665,1.8147440436233895,-0.011717710484280275,-0.21676251661018897,0.0015544597932377613,-0.09608917205798384,0
2024-09-17,-0.0069515967306224,-0.006975871644195258,0.01332639417779355,-0.006951596292481928,951.9066650390625,954.5645675496024,941.1306823730469,946.6957259962246,939.7543884277344,937.8865089175762,919.3702795410156,923.1910238315706,1.010246524906055,1.0218138866387958,1.0233103587837888,1.0459990080065698,66.0661340086929,60.814942950215055,58.211284507128525,10.432456238447458,7.970330541128732,2.4621256973187258,965.5978658003279,913.9109110551409,939.7543884277344,0.05500049308805291,0.9238209055047967,-0.7516561439900928,1899258.9,0.2859299487816011,0.017233252375115526,-0.1057620467429945,-0.00026183495603704365,-0.2011355090450656,0.029156563497027665,1.8147440436233895,0.0048166982015300785,-0.22586125378300437,0
2024-09-18,-0.007829920123606171,-0.007860734905090691,0.021898204180745475,-0.00556101621934509,957.6811157226563,954.4199371229121,943.4893310546875,948.0475351368257,941.2952392578125,939.4335724749053,919.8649475097657,924.4043435350201,0.9962926704987328,1.0112787128212126,1.0136359310834708,1.0372508256266628,58.27120971882506,57.48341772841055,56.20994807478976,10.424048650679879,8.461074163038962,1.962974487640917,966.7051675453371,915.8853109702878,941.2952392578125,0.05398928461076614,0.7525673600192831,0.18657042104390897,1661617.2,0.3877987059835442,-0.0069515967306224,-0.7516561439900928,0.017233252375115526,-0.1057620467429945,-0.00026183495603704365,-0.2011355090450656,-0.011717710484280275,-0.21676251661018897,0
2024-09-19,-0.00867565645546764,-0.008713509052704502,0.02314425521086676,-0.012083307902018193,956.4045532226562,951.564280184806,945.7781677246094,947.6485226226016,942.0507049560547,940.0449433162089,920.1262438964844,925.2454659967289,0.9889674438724614,1.00007908681606,1.0040361536088618,1.0279599919932332,50.61229906265093,53.982350754682656,54.06436913253917,9.638338792716809,8.69652708897453,0.9418117037422782,967.0560827733391,917.0453271387703,942.0507049560547,0.05308711661852822,0.5760288722754439,0.9847495161963646,1641309.0,0.7792067185398971,-0.007829920123606171,0.18657042104390897,-0.0069515967306224,-0.7516561439900928,0.017233252375115526,-0.1057620467429945,0.029156563497027665,1.8147440436233895,1
2024-09-20,0.0349536083289157,0.03435660284214466,0.023228554914696543,0.01190720391027696,961.7900512695312,960.6808335997666,950.6400756835938,953.3331440420717,944.0702667236328,943.7467525651116,921.2462280273437,927.3501120529234,1.0178041862021272,1.029741923856684,1.0369079240541899,1.0625975017838902,69.37087295585238,63.53500605046124,60.40291036993638,11.5502581923746,9.267273309654545,2.2829848827200543,973.7054598247761,914.4350736224895,944.0702667236328,0.06278175289640528,1.0878766098661001,5.283096896676021,2246445.3,3.577016542535,-0.00867565645546764,0.9847495161963646,-0.007829920123606171,0.18657042104390897,-0.0069515967306224,-0.7516561439900928,-0.00026183495603704365,-0.2011355090450656,1
2024-09-23,0.0005603382754748587,0.0005601813446035569,0.011964158733421881,-0.003955400014262218,964.0040893554688,966.9413768594799,955.4122253417969,958.0839293760416,944.997769165039,947.148248833092,922.3851611328125,929.3937336735501,1.0160355896765676,1.0251726295720212,1.0364706619829578,1.0618801176029276,69.59441556245476,63.669756995616915,60.497867729433324,12.960330684438759,10.00588478461139,2.9544458998273697,977.6871184268031,912.308419903275,944.997769165039,0.06918397128206347,1.0271547918847648,-0.7866237773739069,2238550.5,0.7659420683160822,0.0349536083289157,5.283096896676021,-0.00867565645546764,0.9847495161963646,-0.007829920123606171,0.18657042104390897,0.017233252375115526,-0.1057620467429945,1
2024-09-24,0.007738519981258074,0.007708731217439205,0.024906500025130725,-0.001614017558397894,969.080419921875,973.641602313872,960.4935424804687,963.3490428026987,947.2766326904297,950.9476587749552,923.4881909179687,931.6544520872405,1.0185347190300567,1.0276404885280397,1.041978677779991,1.0688193557099128,72.79528239289533,65.56345546001857,61.82609429200625,14.522031904395703,10.909114208568253,3.6129176958274503,984.678085135759,909.8751802451003,947.2766326904297,0.07896627269080367,1.031602624127401,2.2343648664411524,2654269.2,2.089329145664652,0.0005603382754748587,-0.7866237773739069,0.0349536083289157,5.283096896676021,-0.00867565645546764,0.9847495161963646,-0.0069515967306224,-0.7516561439900928,0
2024-09-25,-0.007123371158883285,-0.007148863500294392,0.026408193723401013,-0.013403589945720391,974.2564819335937,975.764730318623,965.968798828125,966.3784870800489,948.9421478271485,953.7155947324,924.5044543457032,933.5507867633537,1.0059065600293573,1.0145368955157097,1.0327404980083525,1.0600392261189324,65.34998488817862,62.31842199378141,59.865476716991566,15.019210920987462,11.731133551052096,3.2880773699353654,988.967316414936,908.9169792393609,948.9421478271485,0.08435744724678036,0.888116272800113,-0.7639027185671199,2676451.3,0.4891966463204468,0.007738519981258074,2.2343648664411524,0.0005603382754748587,-0.7866237773739069,0.0349536083289157,5.283096896676021,-0.007829920123606171,0.18657042104390897,1
2024-09-26,0.02330433157911127,0.023036932052958706,0.03232062094827589,0.021900394098545464,985.6557861328125,984.7929826473112,971.0301696777344,973.0095780299831,952.2258056640625,958.3950130726179,925.9246301269532,936.2683828630138,1.017443920498183,1.0327686189580632,1.0531635262765444,1.0830789620178773,75.02862646605487,67.87962775391458,63.78265512942871,17.059454263501834,12.796797693542045,4.262656569959789,998.1866351177156,906.2649762104094,952.2258056640625,0.09653346754575923,1.0507263711556156,1.0672071035834878,2641012.4,1.024840701240176,-0.007123371158883285,-0.7639027185671199,0.007738519981258074,2.2343648664411524,0.0005603382754748587,-0.7866237773739069,-0.00867565645546764,0.9847495161963646,0
2024-09-27,-0.0039779227720619925,-0.003985855751694537,0.021366905970634457,-0.00639882163395957,989.6450439453125,989.4820649289367,975.7175476074219,977.7096964776566,955.2401885986328,962.248843207815,927.3228649902344,938.7229650837658,1.0093116068263606,1.023718628348454,1.0456639507154182,1.077143967007334,70.9878370212759,66.04606399791561,62.6609821718434,18.145294387112813,13.866497032256198,4.278797354856614,1004.9767300834679,905.5036471137977,955.2401885986328,0.1041341059106824,0.9385109980642161,0.018719678476858848,2672207.9,1.0318373806169798,0.02330433157911127,1.0672071035834878,-0.007123371158883285,-0.7639027185671199,0.007738519981258074,2.2343648664411524,0.0349536083289157,5.283096896676021,1
2024-09-30,0.028455895104075424,0.028058546453489333,0.02805691281403431,0.02594626377303289,999.2092895507812,1002.0826070880412,981.606689453125,986.7231501010372,959.7081573486328,968.4426382743326,930.1273132324219,942.1959347434711,1.0280966181450237,1.0465328959591471,1.0704125869309133,1.104454924386841,79.95959254299292,71.87532641459788,67.00229921762778,21.05663851827603,15.304525329460166,5.752113188815866,1017.7767198697633,901.6395948275023,959.7081573486328,0.12101296019313913,1.0818598835904303,0.5415858504238229,2878596.3,1.4766190035052849,-0.0039779227720619925,0.018719678476858848,0.02330433157911127,1.0672071035834878,-0.007123371158883285,-0.7639027185671199,0.0005603382754748587,-0.7866237773739069,0
2024-10-01,-0.0026697140564776456,-0.0026732840984591247,0.015136694265274173,-0.0016520419551749363,1006.7091064453125,1009.5687839571317,987.8947631835938,993.5991478454507,964.5127227783203,973.7853525049021,932.8948620605469,945.4251583886413,1.017713191562322,1.037095423396741,1.0622370379356716,1.0982385897509828,77.26972049561167,70.61556936320444,66.22223578363258,22.87886523648274,16.81939331086468,6.059471925618059,1027.1614977748366,901.8639477818041,964.5127227783203,0.12990761763318945,0.9790869009037305,-0.6724085362267356,2963536.5,0.4698632866509321,0.028455895104075424,0.5415858504238229,-0.0039779227720619925,0.018719678476858848,0.02330433157911127,1.0672071035834878,0.007738519981258074,2.2343648664411524,1
2024-10-03,0.0114863015681681,0.011420834843073335,0.03324997559416024,0.010797641620561857,1017.9687744140625,1018.4822980287129,996.1126281738282,1001.3646348138915,969.8009796142578,979.7400166636614,935.7900646972656,948.9892433997486,1.018016811732137,1.0403535673187272,1.0685793765480327,1.1074164657936694,80.54593723831354,72.81718056040934,67.90572948600311,24.98458080316277,18.452430809324298,6.532149993838473,1037.7214078198429,901.8805514086728,969.8009796142578,0.14007085914184303,0.9896048826157744,3.7512612597731927,3560691.9,1.8580453422549703,-0.0026697140564776456,-0.6724085362267356,0.028455895104075424,0.5415858504238229,-0.0039779227720619925,0.018719678476858848,-0.007123371158883285,-0.7639027185671199,0
2024-10-04,-0.005148628073021522,-0.005161927928853234,0.03453441467654157,-0.007917466410748607,1023.5936279296875,1022.6461169800796,1004.62470703125,1006.7481111900588,975.2014373779297,984.6194203035806,938.8298791503906,952.2043222814374,1.0072100165063083,1.0262277521816343,1.057190561218655,1.0981475747403875,74.84008863952431,70.24732261988466,66.33187887853279,25.924003770486365,19.94674540155671,5.977258368929654,1044.5283237916456,905.8745509642138,975.2014373779297,0.1421796231148272,0.9022416149778841,-0.2660753360791315,3918359.2,1.239190118149454,0.0114863015681681,3.7512612597731927,-0.0026697140564776456,-0.6724085362267356,0.028455895104075424,0.5415858504238229,0.02330433157911127,1.0672071035834878,0
2024-10-07,-0.014510278972693524,-0.014616582654506575,0.031018380943251586,-0.02038554946609266,1027.0243896484376,1020.4354240153657,1008.334716796875,1008.4328251711277,979.4873962402344,987.6093839019002,941.7071313476563,954.7066640776923,0.9892793670009443,1.0076158453746957,1.0372915894435302,1.0789065987340907,60.760573387443785,63.48250009060485,62.0950053546311,25.171220951738633,20.991640511593097,4.179580440145536,1047.7702854466736,911.2045070337952,979.4873962402344,0.1394257638608589,0.767465555940906,-0.442092745848498,3385699.0,0.8001213338811276,-0.005148628073021522,-0.2660753360791315,0.0114863015681681,3.7512612597731927,-0.0026697140564776456,-0.6724085362267356,-0.0039779227720619925,0.018719678476858848,0
2024-10-08,-0.02017178035288647,-0.020378008756292802,0.030454842759265865,-0.015970043195127723,1020.6714965820313,1012.1300247016502,1009.9403930664063,1006.0848980625988,982.6763092041016,988.3627022040258,943.6548864746094,956.3071567050071,0.9753571344041241,0.9857207741256871,1.0130693258297017,1.0549611307512736,46.714063904877015,55.585002352387086,56.86967432832465,22.659668543502903,21.32524611797506,1.334422425527844,1047.6173278553483,917.7352905528547,982.6763092041016,0.132171739652184,0.5988813937388912,0.5193217348291048,3625818.7,1.1351359073745193,-0.014510278972693524,-0.442092745848498,-0.005148628073021522,-0.2660753360791315,0.0114863015681681,3.7512612597731927,0.028455895104075424,0.5415858504238229,0
2024-10-09,-0.003706672236872932,-0.0037135589695830944,0.026646556058320746,-0.00540056433864669,1014.1291015625,1005.3630706669855,1010.4191040039062,1003.492946159882,985.4563232421875,988.6928412891335,945.5687329101562,957.7001765439345,0.978010749390304,0.9816017518546659,1.0064668917385418,1.0489233918988896,44.55066107518888,54.275771959604484,55.97911599406854,20.13933417375199,21.088063729130447,-0.9487295553784563,1046.8705254634847,924.0421210208905,985.4563232421875,0.12464114496569897,0.5518840848286612,-0.4803098889473898,3285148.4,0.6510935700804262,-0.02017178035288647,0.5193217348291048,-0.014510278972693524,-0.442092745848498,-0.005148628073021522,-0.2660753360791315,-0.0026697140564776456,-0.6724085362267356,1
2024-10-10,0.012971343181337192,0.01288793580553182,0.016081012323236422,0.008408432846909487,1007.8061401367188,1005.1402201256467,1012.8874572753906,1003.7114139568068,989.4281280517578,990.2168105990226,947.6690771484375,959.5430919360535,0.9969124805160168,0.9919113044854357,1.0154295097929664,1.060174425091639,53.34022210431624,57.99090558798638,58.3658738993026,18.961501387689964,20.662751260842352,-1.7012498731523884,1044.7261162063278,934.1301398971877,989.4281280517578,0.1117776755820658,0.6380374901573098,-0.36004252575692897,3291100.3,0.41591865188672617,-0.003706672236872932,-0.4803098889473898,-0.02017178035288647,0.5193217348291048,-0.014510278972693524,-0.442092745848498,0.0114863015681681,3.7512612597731927,1
2024-10-11,0.004615843043962009,0.004605222709117821,0.019712416790183353,0.004715576350206709,1003.4777954101562,1006.5374905004312,1013.5357116699219,1004.7333443737509,992.2829406738281,992.0373078038775,949.340576171875,961.4955993601299,1.0058339465672492,0.9958524594925267,1.0171816826404316,1.0631927640974062,56.2562826195222,59.275401695507554,59.2030746055761,18.192556430650257,20.16871229480393,-1.9761558641536752,1045.460441344453,939.105440003203,992.2829406738281,0.10718213221425316,0.6603036092441797,0.4298422740588679,3216159.7,0.6085552903358623,0.012971343181337192,-0.36004252575692897,-0.003706672236872932,-0.4803098889473898,-0.02017178035288647,0.5193217348291048,-0.005148628073021522,-0.2660753360791315,1
2024-10-14,0.0004446420900270365,0.0004445432660260464,0.022320963541666673,-0.004424778761061941,1002.23115234375,1007.6186012515896,1014.6277709960938,1005.6510677155974,995.1726593017578,993.7271663705469,950.8953894042969,963.3891375324349,1.0075328634442275,0.99522292964894,1.0146790241026096,1.061926300206902,56.562776826164765,59.404764310027545,59.286264379661674,17.418585129228177,19.618686861688783,-2.200101732460606,1045.4808935090975,944.8644250944179,995.1726593017578,0.10110453444860018,0.6451866049595638,-0.06444425256142539,3123539.3,0.5862196131164413,0.004615843043962009,0.4298422740588679,0.012971343181337192,-0.36004252575692897,-0.003706672236872932,-0.4803098889473898,-0.014510278972693524,-0.442092745848498,0
2024-10-15,-0.011506173534984843,-0.011572881747553347,0.028575686949678897,-0.011506196952160557,1002.7597290039063,1004.4664372927265,1011.7156127929687,1004.2894389263978,996.6611511230469,994.1495418947804,952.9159484863281,964.7527834870453,0.9954150336357511,0.9866034454281549,1.0015059865133318,1.047481796228244,46.683405410390655,54.57175132902408,56.1726139326301,15.686846032312587,18.832318695813544,-3.145472663500957,1045.4505510082904,947.8717512378033,996.6611511230469,0.0979056920805375,0.5153820118251455,-0.211257836904996,2842905.3,0.5080190325017158,0.0004446420900270365,-0.06444425256142539,0.004615843043962009,0.4298422740588679,0.012971343181337192,-0.36004252575692897,-0.02017178035288647,0.5193217348291048,0
2024-10-16,-0.011490234004293054,-0.011556756809032327,0.022994896205992665,-0.005678416496545169,1001.7324951171875,998.5419559165052,1007.9307983398437,1001.0900851514277,997.9127807617188,993.4393943966168,955.420205078125,965.6131838665362,0.9849865088469896,0.978929302278726,0.9887567452647594,1.032731972717052,38.8656327321774,50.22768502812308,53.272721640137824,13.236387657135083,17.713132488077854,-4.476744830942771,1044.2701055163357,951.5554560071018,997.9127807617188,0.09290857006407276,0.37898581662071834,-0.1353678379781894,2828534.1,0.44148133126625555,-0.011506173534984843,-0.211257836904996,0.0004446420900270365,-0.06444425256142539,0.004615843043962009,0.4298422740588679,-0.003706672236872932,-0.4803098889473898,0
2024-10-17,-0.009956032353873101,-0.01000592507591008,0.02598265666874038,-0.011704142742087762,996.16748046875,991.3177858779306,1001.9868103027344,996.6863325422192,999.0497192382812,991.8613040541562,957.3250756835937,966.0546059031733,0.9806277206932232,0.9749324399845499,0.9777986290267804,1.0204156044938357,33.29411887857714,46.791927089197635,50.90908759563119,10.382026033277043,16.24691119711769,-5.864885163840647,1042.0499622202663,956.0494762562963,999.0497192382812,0.0860822883064723,0.24209130112599014,-0.13555850073473763,2274888.1,0.47451432885863704,-0.011490234004293054,-0.1353678379781894,-0.011506173534984843,-0.211257836904996,0.0004446420900270365,-0.06444425256142539,0.012971343181337192,-0.36004252575692897,1
2024-10-18,0.013374171330773565,0.013285526593339694,0.025337522700639083,0.014409785984606453,992.2879272460938,990.8566122975268,997.882861328125,995.4586839230373,1001.2537841796875,991.6777765382097,959.0434484863281,966.9910631280183,0.9976280452026589,0.9920345398248176,0.9886946554192125,1.0322100283351563,45.4316452610603,51.53965325583883,53.77322166521366,9.069596946986849,14.811448347091522,-5.741851400104673,1037.034067628664,965.4735007307112,1001.2537841796875,0.07147095774182893,0.3418190417760282,0.1965933187397113,1918497.2,0.6732785432264379,-0.009956032353873101,-0.13555850073473763,-0.011490234004293054,-0.1353678379781894,-0.011506173534984843,-0.211257836904996,0.004615843043962009,0.4298422740588679,0
2024-10-21,-0.011233125818518874,-0.011296693869938264,0.025421582247398457,-0.015596778127350785,986.0946044921875,986.8424778598096,994.1628784179687,992.4324157523713,1001.2487976074219,990.4526748664159,960.9164050292969,967.4547159066989,0.9926169401245617,0.9845612124866114,0.9775933926945466,1.0186257658433175,38.479133843870315,47.64296909487072,51.108346084904895,7.0509133037294305,13.259341338419105,-6.208428034689675,1037.0415589909728,965.456036223871,1001.2487976074219,0.07149623843560374,0.1866043893255317,-0.26209216967320925,1742914.5,0.5468673305546543,0.013374171330773565,0.1965933187397113,-0.009956032353873101,-0.13555850073473763,-0.011490234004293054,-0.1353678379781894,0.0004446420900270365,-0.06444425256142539,0
2024-10-22,-0.018136431922095575,-0.018302912990605866,0.023763776058461018,-0.01768600977159786,978.6745849609375,978.2489891461231,990.7171569824219,986.7287059280765,1000.3287750244141,987.6535640904477,962.0842602539062,967.2040216248186,0.982003647062225,0.9700669913156676,0.9607461423823325,0.9989374646510832,29.94438770483937,42.16258762886494,47.1883960598422,3.9728415699737525,11.402041384730035,-7.4291998147562825,1039.1334484728006,961.5241015760276,1000.3287750244141,0.07758383926812347,-0.00595404903860698,0.3829467351698539,1463149.4,0.9008963814631644,-0.011233125818518874,-0.26209216967320925,0.013374171330773565,0.1965933187397113,-0.009956032353873101,-0.13555850073473763,-0.011506173534984843,-0.211257836904996,0
2024-10-23,-0.009547035318086317,-0.009592900410307362,0.019749568175235953,-0.009547047137393317,971.713330078125,969.4615656807488,986.7229125976562,980.3937991684261,998.5710083007813,984.2471978675479,962.824267578125,966.6033430807081,0.9795962340801366,0.9646950593698629,0.95324890352042,0.9886401400583336,26.41190774654713,39.62547932230954,45.30270741930778,0.7840401563336172,9.278441139050752,-8.494400982717135,1042.4738883200728,954.6681282814898,998.5710083007813,0.08793141329828683,-0.03167684591839514,-0.008832860699801048,1379905.8,0.9468059341442002,-0.018136431922095575,0.3829467351698539,-0.011233125818518874,-0.26209216967320925,0.013374171330773565,0.1965933187397113,-0.011490234004293054,-0.1353678379781894,1
2024-10-24,0.003824192188211839,0.003816898554190684,0.010019805688927725,0.0038241535253022403,967.44482421875,964.8166826218013,981.80615234375,975.8725477748769,997.3468048095704,981.5119329757725,963.8265686035156,966.1689734110296,0.9876810465915016,0.9732337836984313,0.9580688601958783,0.991388853171339,30.22199269746821,41.138798696964436,46.198329648931924,-1.432857314512603,7.136181448338082,-8.569038762850685,1044.4969062075018,950.1967034116391,997.3468048095704,0.09455106522737394,0.056523877300728664,-0.5021886669988511,1308062.0,0.4972180217757262,-0.009547035318086317,-0.008832860699801048,-0.018136431922095575,0.3829467351698539,-0.011233125818518874,-0.26209216967320925,-0.009956032353873101,-0.13555850073473763,0
2024-10-25,-0.01487318746501598,-0.014984902406466728,0.03512213304183545,-0.014873186893972363,957.7210083007812,956.9828502634927,975.0044677734375,969.5893910061492,994.2700897216797,977.6836713158775,964.8946923828125,965.1943150634156,0.9828699353864921,0.9654470483571252,0.9467399203473695,0.9755626111097079,24.454847740461616,37.21667611781003,43.292419439772566,-4.28711327468784,4.851522503732898,-9.138635778420738,1047.252350219119,941.2878292242405,994.2700897216797,0.10657518725574926,0.0002581649251815904,2.907325120850195,1366470.2,1.8597500333340604,0.003824192188211839,-0.5021886669988511,-0.009547035318086317,-0.008832860699801048,-0.018136431922095575,0.3829467351698539,0.013374171330773565,0.1965933187397113,1
2024-10-28,0.024792076619444714,0.024489739934515278,0.06559835844614248,0.0333867521367521,954.8886352539063,959.5393480923285,970.4916198730468,968.6917460504857,992.5596954345704,976.4425925000796,966.0675341796875,965.1730612864189,1.0102249708873092,0.9939831771820856,0.971883452639741,0.9985351019679083,44.67917901906691,46.27471108955794,48.84084279006108,-4.612844061758892,2.9586491906345405,-7.571493252393433,1047.0266251407236,938.0927657284171,992.5596954345704,0.10975043608295233,0.2438137982521749,-0.3163314895212791,1357102.4,1.2802291116720448,-0.01487318746501598,2.907325120850195,0.003824192188211839,-0.5021886669988511,-0.009547035318086317,-0.008832860699801048,-0.011233125818518874,-0.26209216967320925,0
2024-10-29,-0.008736108074071325,-0.00877449157801246,0.026908623405760498,-0.014036736328567667,953.921240234375,958.434577601917,966.2979125976562,966.425071608778,989.0067626953125,974.5171109877953,966.8863293457031,964.822158358367,1.0024150802912752,0.9895758069584524,0.9668538908825257,0.9889735821047094,40.15073774202096,43.816319195507596,47.09372701530764,-5.487742038416741,1.2693709448242845,-6.757112983241026,1043.2197077765973,934.7938176140278,989.0067626953125,0.10963109075925768,0.19765776397992038,-0.40550661274707867,1315964.8,0.7848796563555499,0.024792076619444714,-0.3163314895212791,-0.01487318746501598,2.907325120850195,0.003824192188211839,-0.5021886669988511,-0.018136431922095575,0.3829467351698539,0
2024-10-30,-0.001564455669319953,-0.0015656807079363708,0.01697482524518156,-0.009211368558910183,954.4897094726563,957.1994067150802,963.1015197753907,964.298524941983,985.5161590576172,972.6325351738535,967.6871716308593,964.4263507733882,1.0002507679929649,0.9913067785045786,0.9687604370225136,0.9866091986446255,39.32527651111056,43.37579066835676,46.78180975815465,-6.230001817500693,-0.23050360764071098,-5.999498209859982,1039.1142925204342,931.9180255948002,985.5161590576172,0.10877169891170393,0.21279695646893132,-0.28946802804601535,1264479.3,0.5803890977100218,-0.008736108074071325,-0.40550661274707867,0.024792076619444714,-0.3163314895212791,-0.01487318746501598,2.907325120850195,-0.009547035318086317,-0.008832860699801048,1
2024-10-31,0.006633239742976027,0.006611336614016915,0.013905425247152218,0.005897729033468164,955.596728515625,958.4869417163035,961.5207763671875,963.7100679923042,981.753793334961,971.5305805590817,968.442138671875,964.2944159085004,1.0057192359915406,0.9995228759900844,0.9789236550378663,0.9923793826616775,44.91821932336942,45.85746004006425,48.30378249990916,-6.235354872237167,-1.4314738605600024,-4.803881011677165,1030.9447500921608,932.5628365777612,981.753793334961,0.10021037268437934,0.289679008294726,0.9697802122933954,1301092.8,1.1110675579789542,-0.001564455669319953,-0.28946802804601535,-0.008736108074071325,-0.40550661274707867,0.024792076619444714,-0.3163314895212791,0.003824192188211839,-0.5021886669988511,1
2024-11-01,0.0048254037205544,0.0048137987774050026,0.013425591411635455,-0.0016496923196391686,960.4735961914063,960.8911357861294,959.0973022460937,964.0717872529362,978.4900817871094,970.9752418321007,969.1412561035156,964.3495181836878,1.005440990522902,1.006883787144668,0.9869282703019662,0.9964486785016541,48.93932203955718,47.66624757502398,49.416097091854326,-5.798546692085324,-2.304888426865067,-3.4936582652202572,1022.5828245541055,934.3973390201132,978.4900817871094,0.09012404640109459,0.3549584686881626,-0.9055701361785609,1185575.3,0.11514072535080648,0.006633239742976027,0.9697802122933954,-0.001564455669319953,-0.28946802804601535,-0.008736108074071325,-0.40550661274707867,-0.01487318746501598,2.907325120850195,0
2024-11-04,-0.013838687232181068,-0.01393533454824966,0.029060633878429002,-0.010517551947872445,958.0102294921875,958.0392606087217,956.4494323730469,961.9379187076579,975.3061553955079,969.200029300844,969.4175122070312,963.8783806178141,0.9940765567385547,0.9956987562751398,0.9764477594911861,0.9823791073113223,39.29497468353041,43.18855630452198,46.39554524800906,-6.456312921436961,-3.135173325779446,-3.321139595657515,1017.244482481859,933.3678283091567,975.3061553955079,0.08600033303254245,0.22613779879315427,6.01587452750022,1186033.3,0.8075009361035647,0.0048254037205544,-0.9055701361785609,0.006633239742976027,0.9697802122933954,-0.001564455669319953,-0.28946802804601535,0.024792076619444714,-0.3163314895212791,1
2024-11-05,0.046706464402987535,0.04564853384414064,0.05102551275637814,0.046706434648281135,966.128369140625,970.9647520269083,960.0248046875,968.2793398268622,975.370980834961,971.8300964972666,970.1355786132813,965.1700415686167,1.0317632384089424,1.0383228954045174,1.0219862538969149,1.027501471792362,65.61069094469545,57.499097989730245,55.830855758133815,-3.3498005918741,-3.1780987789983772,-0.17170181287572284,1017.4378945080003,933.3040671619216,975.370980834961,0.08625828428282381,0.7548886066969087,4.405558809801999,1571921.5,3.2934392716175713,-0.013838687232181068,6.01587452750022,0.0048254037205544,-0.9055701361785609,0.006633239742976027,0.9697802122933954,-0.008736108074071325,-0.40550661274707867,1
2024-11-06,0.009154577849180168,0.009112928695355875,0.03008969895536189,0.008650024414062409,976.3707885742188,982.6235553877306,965.4302490234375,975.1269438782281,976.0765808105468,975.0787694127056,971.4251062011718,966.7689090408034,1.0302860080219498,1.0419615121101866,1.0305965555223426,1.0355313607686965,68.8434473052278,59.73971686812833,57.44442394377474,-0.14979473464347848,-2.5724379701273974,2.422643235483919,1019.6697750949312,932.4833865261625,976.0765808105468,0.08932330749741789,0.8425371986278836,-0.46653775100308514,1717446.1,1.6080557055036544,0.046706464402987535,4.405558809801999,-0.013838687232181068,6.01587452750022,0.0048254037205544,-0.9055701361785609,-0.001564455669319953,-0.28946802804601535,0
2024-11-07,-0.018688346942663636,-0.018865180718077832,0.03364314831647986,-0.02386588975052391,981.5867431640625,984.1296318144766,968.5917358398438,977.3114603854536,975.1989440917969,976.227628008445,972.2339282226562,967.5678453399079,1.0056592466662702,1.019151566280958,1.012246568403839,1.015333610577205,56.15579771328255,53.48410854422202,53.237492015475674,0.8593739870591435,-1.8860755786900893,2.745449565749233,1017.1271693418836,933.2707188417102,975.1989440917969,0.08598907023865676,0.6424200583847414,-0.10278740030321365,1900194.5,1.3040117735316044,0.009154577849180168,-0.46653775100308514,0.046706464402987535,4.405558809801999,-0.013838687232181068,6.01587452750022,0.006633239742976027,0.9697802122933954,1
2024-11-08,0.00666801415243401,0.006645881279793245,0.02514049295382096,0.0024145114829602563,987.191650390625,987.3277745625157,973.8326232910156,980.2955694169336,974.4185455322265,977.8939548703639,973.3648828125,968.5935792504446,1.0066171646259203,1.020425929766407,1.0198123430787358,1.0209162849467783,59.22543639373142,55.2509887174547,54.463516039587596,2.1653216037470884,-1.075796142202654,3.2411177459497424,1014.3079230844227,934.5291679800304,974.4185455322265,0.0818731903966557,0.7419881646574396,0.4400228260009782,2002885.0,1.7815291442094778,-0.018688346942663636,-0.10278740030321365,0.009154577849180168,-0.46653775100308514,0.046706464402987535,4.405558809801999,0.0048254037205544,-0.9055701361785609,0
2024-11-11,-0.01746286739132774,-0.01761714194915845,0.02395302574773363,-0.009109311740890615,991.9987060546875,983.6754458997502,975.0044677734375,979.5819729000764,972.7480438232421,977.7488914135881,974.1208471679688,968.8985678513769,0.9842460303777782,1.0014013482460256,1.003724237508346,1.0023097148703788,48.73152901988506,49.872537760312035,50.77821296502436,1.7795173490794696,-0.5047334439462293,2.284250793025699,1009.2263148647977,936.2697727816866,972.7480438232421,0.07500045108943754,0.549656201452772,-0.6255384370486167,1962760.1,0.6807520694964199,0.00666801415243401,0.4400228260009782,-0.018688346942663636,-0.10278740030321365,0.009154577849180168,-0.46653775100308514,-0.013838687232181068,6.01587452750022,0
2024-11-12,-0.02221654888625324,-0.022467053593468907,0.03567507273847608,-0.030141843971631208,983.5713989257813,974.010030339417,974.8498840332031,975.0541958671079,970.5738983154297,975.5517778712226,974.4559448242187,968.3409455520583,0.9706252136463237,0.979308932436857,0.9836234014491145,0.9797048335427455,38.725114857288816,44.094312943643104,46.6363878955646,-0.2734135380517273,-0.4584694627673289,0.18505592471560162,1005.8992193602423,935.248577270617,970.5738983154297,0.0727926458894574,0.27502399657576865,-0.4522925144051617,1932654.8,0.3786610004021411,-0.01746286739132774,-0.6255384370486167,0.00666801415243401,0.4400228260009782,-0.018688346942663636,-0.10278740030321365,0.046706464402987535,4.405558809801999,0
2024-11-13,-0.02225124195535666,-0.022502535565020774,0.03226669353400373,-0.018405860296768516,969.0704467773437,960.4854873486738,972.7206176757812,967.4873241398495,967.9110687255859,971.5407896327431,974.5556762695312,966.9721398977497,0.9632286326255664,0.9596140807599417,0.9643824019867963,0.9578071567345,31.3664237492483,39.293067311467595,43.0275252797858,-3.5733015142700424,-1.0814358730678717,-2.4918656412021707,1005.9030330521273,929.9191043990445,967.9110687255859,0.07850300622466083,0.04629001198663737,0.5954639180892596,1976025.2,0.5908801163062091,-0.02221654888625324,-0.4522925144051617,-0.01746286739132774,-0.6255384370486167,0.00666801415243401,0.4400228260009782,0.009154577849180168,-0.46653775100308514,1
2024-11-14,0.0033121429592408713,0.0033066698954663408,0.017996873008460253,0.004277846160333452,958.947705078125,952.4996836230742,970.2672241210937,961.8583699638541,965.8940002441407,968.2062454936128,974.6753540039062,965.7782550457546,0.9766205927731758,0.9652269528327302,0.969597156556679,0.960861554900999,33.51169398291749,40.311722415368926,43.69337516375683,-5.871333117893073,-2.039415322032912,-3.831917795860161,1005.9944121212625,925.7935883670189,965.8940002441407,0.08303273830665887,0.13384510660076798,0.42401639611029185,1997732.3,0.8322801808830943,-0.02225124195535666,0.5954639180892596,-0.02221654888625324,-0.4522925144051617,-0.01746286739132774,-0.6255384370486167,-0.018688346942663636,-0.10278740030321365,1
2024-11-18,0.011500985787609608,0.011435352205128495,0.022266635703032354,0.01582801773828333,949.6627075195313,950.7661465039246,968.4271789550781,959.2112249278124,963.762240600586,966.2150861385663,975.1620434570312,965.0535812112397,0.9975110792124501,0.9781830713257654,0.9829178114254594,0.971427342380319,41.00646930403907,43.84688562372024,46.001933299619004,-6.74565069025698,-2.980662395677726,-3.764988294579254,1003.0487884011683,924.4756928000037,963.762240600586,0.08152746838494143,0.2904732121217715,-0.3119723481406146,2098478.0,0.5451403350428263,0.0033121429592408713,0.42401639611029185,-0.02225124195535666,0.5954639180892596,-0.02221654888625324,-0.4522925144051617,0.00666801415243401,0.4400228260009782,0
2024-11-19,-0.00268463458893331,-0.002688244683007874,0.016837340243391914,-0.002684621633427695,943.3397338867187,948.7627378060018,967.6692199707031,956.582987742784,962.059326171875,964.171356069194,975.4512646484375,964.257594513158,1.0015012476126735,0.9763211445733072,0.982014200901133,0.9685321600876245,39.77152103683926,43.19635369221126,45.53905052892137,-7.556656335818843,-3.8958611837059496,-3.6607951521128936,1001.5405730983882,922.5780792453618,962.059326171875,0.08207653281344475,0.28086551073316246,-0.46029030608453925,2064446.6,0.2990675564095482,0.011500985787609608,-0.3119723481406146,0.0033121429592408713,0.42401639611029185,-0.02225124195535666,0.5954639180892596,-0.01746286739132774,-0.6255384370486167,0
2024-11-21,-0.003325240371057858,-0.0033307812694429516,0.015357728777265734,0.003347528601554123,940.7267700195313,946.3799518316055,962.1490844726562,953.8614226773345,961.0869445800781,962.023072622872,975.6487329101562,963.369625311968,1.0009435363078514,0.9786574607602536,0.9797390186110856,0.9651161817985184,38.11714615457534,42.36028153298325,44.95236263478257,-8.356551099214357,-4.787999166807632,-3.5685519324067254,1001.563937965962,920.6099511941942,961.0869445800781,0.08423169956505713,0.2594613252073146,1.7042705888641079,1713707.9,0.9742856410943779,-0.00268463458893331,-0.46029030608453925,0.011500985787609608,-0.3119723481406146,0.0033121429592408713,0.42401639611029185,-0.02221654888625324,-0.4522925144051617,1
2024-11-22,0.035163906319985117,0.03455977777333064,0.043229141101344404,0.031068625818507896,948.9845336914062,955.8283744632579,959.027490234375,957.6548403226486,962.2288696289063,963.2328009184615,976.4186596679688,963.8149427399912,1.0271244526346799,1.016368383234094,1.0129868792052306,0.9982656620450268,59.05834182165067,52.74229354394579,51.821376211455195,-6.246697366769581,-5.079738806800022,-1.1669585599695589,1002.8914162906893,921.5663229671233,962.2288696289063,0.08451741149164435,0.6536592162020312,0.1316139217951644,1626471.9,1.161648719538284,-0.003325240371057858,1.7042705888641079,-0.00268463458893331,-0.46029030608453925,0.011500985787609608,-0.3119723481406146,-0.02225124195535666,0.5954639180892596,0
2024-11-25,-0.024607358168474258,-0.024915179479230214,0.03650476055657555,-0.022256422776442315,951.8268798828125,954.1321853518074,955.3872924804688,956.3975615601499,961.9895141601562,962.042991986123,976.9282873535157,963.3021923238704,0.9988579091672216,0.9951354959521219,0.9883057903795643,0.9731930372335172,45.92432168230234,46.24429618430588,47.329253214654344,-6.4358568734504615,-5.35096242013011,-1.0848944533203513,1002.8628552659166,921.1161730543959,961.9895141601562,0.08497668738404891,0.3623833197029186,1.4152982789674335,1835028.1,2.4868491114659226,0.035163906319985117,0.1316139217951644,-0.003325240371057858,1.7042705888641079,-0.00268463458893331,-0.46029030608453925,0.0033121429592408713,0.42401639611029185,1
2024-11-26,0.010804574280116164,0.010746621927396725,0.016811968262224766,0.009005210037630804,954.5694946289062,956.4255055665695,952.1161010742187,957.2365769121396,962.9743621826171,961.9448161775488,977.1038146972656,963.2123865855262,1.006749274309978,1.0093434455229127,0.9979623380812798,0.9835312599755252,51.33220186056222,49.13463976310737,49.30538528565346,-5.691269832317175,-5.419023902567524,-0.27224592974965134,1002.7418839512928,923.2068404139414,962.9743621826171,0.08259310596502513,0.4753289103865029,-0.7405077049364974,1596626.0,0.7416746313789203,-0.024607358168474258,1.4152982789674335,0.035163906319985117,0.1316139217951644,-0.003325240371057858,1.7042705888641079,0.011500985787609608,-0.3119723481406146,1
2024-11-27,0.005448319150513248,0.005433530750030114,0.01728853839302618,0.005709243929398284,958.867919921875,959.6996860027131,951.1038269042969,958.875025996296,963.0541473388672,962.3546476725442,977.3890466308594,963.3314320870743,1.0076967085870663,1.0159227831308337,1.0033164277885707,0.9886012639549591,54.063991231693976,50.59285437255266,50.30328196437554,-4.625367438441685,-5.260292609742357,0.6349251713006714,1002.8412131115829,923.2670815661515,963.0541473388672,0.08262685100865029,0.5401374099107735,0.12061879262981812,1595711.8,0.8316106956155866,0.010804574280116164,-0.7405077049364974,-0.024607358168474258,1.4152982789674335,0.035163906319985117,0.1316139217951644,-0.00268463458893331,-0.46029030608453925,0
2024-11-28,-0.015172628300105684,-0.015288910326846074,0.027144603837292267,-0.015172577326004208,960.862548828125,956.9956321398296,950.7946594238281,957.5500257086171,962.8222717285156,961.3292073622126,977.0529516601563,962.8708866881327,0.9903471891735458,1.0008338971852397,0.988331442214892,0.9739364921800561,45.68675689210606,46.56732221500475,47.55137252549371,-4.907048352506422,-5.189643758295171,0.282595405788749,1002.819332560888,922.8252108961432,962.8222717285156,0.08308295727427936,0.3595553388092953,1.230087015103869,1818464.7,1.6273893026353494,0.005448319150513248,0.12061879262981812,0.010804574280116164,-0.7405077049364974,-0.024607358168474258,1.4152982789674335,-0.003325240371057858,1.7042705888641079,1
2024-11-29,0.012419431703676764,0.012342943206409955,0.01894408674220369,0.007299270072992692,958.5986450195312,959.1323216544176,953.7915893554688,958.6146938858856,963.256103515625,961.5269686309156,977.0878576660157,962.8918597859939,1.0050146697880682,1.0100798868803422,1.000155303628415,0.9859970043890376,52.59495701691524,50.01970269277012,49.8725264857097,-4.129057248263962,-4.977526456288929,0.8484692080249676,1003.080469346104,923.431737685146,963.256103515625,0.08268697324653496,0.5018782115527658,-0.5516968253163701,1834373.9,0.7232364132525,-0.015172628300105684,1.230087015103869,0.005448319150513248,0.12061879262981812,0.010804574280116164,-0.7405077049364974,0.035163906319985117,0.1316139217951644,1
2024-12-02,0.024637682720304532,0.02433906982862006,0.030107080380366583,0.024743723754851947,965.8790405273437,968.4688093256013,958.8529602050781,963.8014376644461,964.560092163086,963.9664749201588,977.7480798339843,963.8428372323459,1.022013878807243,1.0295027763765159,1.0234113900091408,1.0096074899329686,63.479327905244475,56.148056725919204,54.15152937158251,-1.5789884897960746,-4.297818862990359,2.718830373194284,1005.6979204150568,923.4222639111151,964.560092163086,0.08529863216653868,0.774463838569321,-0.040565740499259095,1795393.4,0.7089632834787073,0.012419431703676764,-0.5516968253163701,-0.015172628300105684,1.230087015103869,0.005448319150513248,0.12061879262981812,-0.024607358168474258,1.4152982789674335,1
2024-12-03,0.009092746571500943,0.009051656444972668,0.024479387771177294,0.003819083209013851,972.9001342773438,977.685077799099,963.734814453125,969.6771062247457,966.0809967041016,967.0284882369144,978.7533728027344,965.1085147819048,1.0238641970031133,1.0336013598422762,1.0310912005768311,1.0177411822282008,66.8384511344605,58.233614108786256,55.65456921334606,1.1529434324984322,-3.207666403892601,4.360609836391033,1009.462837330845,922.6991560773582,966.0809967041016,0.08980994507654247,0.8461888385560526,0.6646109415901726,1892879.9,1.1193684290271138,0.024637682720304532,-0.040565740499259095,0.012419431703676764,-0.5516968253163701,-0.015172628300105684,1.230087015103869,0.010804574280116164,-0.7405077049364974,0
2024-12-04,-0.003954745937153059,-0.003962586623642564,0.017741393021261414,-0.0012548941176961034,978.0861694335938,982.516126084816,968.4770446777344,973.7682183032009,968.0731323242187,969.4237010387559,979.0186584472656,966.1700719534479,1.0144077829367701,1.0244726275225267,1.0249000716238845,1.0134415867312025,63.83217946742931,56.95337227624844,54.82628695416643,2.9659534791803708,-1.9729424272780067,4.938895906458377,1012.3962080272585,923.7500566211789,968.0731323242187,0.09156968460972732,0.771924837679734,-0.5134687539821505,1934226.7,0.5329659651580655,0.009092746571500943,0.6646109415901726,0.024637682720304532,-0.040565740499259095,0.012419431703676764,-0.5516968253163701,0.005448319150513248,0.12061879262981812,1
2024-12-05,0.004372518739102382,0.004362987053921209,0.03297639291882249,0.008274482549981053,987.07197265625,987.182930898992,973.9672607421875,977.9042768894086,968.0581726074219,972.0039714662405,979.3597399902344,967.3601295445811,1.0095682666844223,1.0231519894908718,1.0293973737583049,1.0175183845491549,65.80807659289009,58.047217524667545,55.590535343630755,4.6986795455947,-0.6386180327034654,5.337297578298166,1012.3426190700695,923.7737261447742,968.0581726074219,0.09149129198169875,0.821313352577699,1.1554055430473276,1989458.4,1.116865776132841,-0.003954745937153059,-0.5134687539821505,0.009092746571500943,0.6646109415901726,0.024637682720304532,-0.040565740499259095,-0.015172628300105684,1.230087015103869,1
2024-12-06,0.004603683228325828,0.0045931186901419655,0.013299437884323619,0.003900353319014668,994.611669921875,991.8233496032343,976.6051574707031,982.1224423661922,967.8163238525391,974.7754205658099,979.6409826660156,968.6834259158414,1.0065276904405855,1.0250859104660734,1.0343948147378548,1.0219092552531772,67.96708259028048,59.2271075505184,56.409376565283694,6.368648353697495,0.7628352445767266,5.605813109120768,1011.3164602902898,924.3161874147884,967.8163238525391,0.08989337204934061,0.8826179166910781,-0.4513928706123158,1922417.7,0.6340880028310185,0.004372518739102382,1.1554055430473276,-0.003954745937153059,-0.5134687539821505,0.009092746571500943,0.6646109415901726,0.012419431703676764,-0.5516968253163701,1
2024-12-09,0.00806933701318946,0.00803695400291296,0.021444818345168638,0.006365016821544083,999.0197998046875,997.6097110961666,982.4494201660157,987.0424408599811,968.9183563232422,978.0522789959261,980.2244116210937,970.2716223145155,1.0101726054672096,1.027210575289971,1.0415556971297142,1.0295422375913357,71.6452396851993,61.291530282766885,57.8464366875209,8.24886985450155,2.2600421665616914,5.9888276879398585,1015.3396908128382,922.4970218336462,968.9183563232422,0.09582094133452318,0.9336807440102041,0.19564521871528862,1611820.9,0.9042381817979901,0.004603683228325828,-0.4513928706123158,0.004372518739102382,1.1554055430473276,-0.003954745937153059,-0.5134687539821505,0.024637682720304532,-0.040565740499259095,1
2024-12-10,0.0010376520046484483,0.001037114015938285,0.016634557858609886,-0.007884415076365,1001.8421997070312,1001.816345483382,987.3711669921875,991.2582905686776,969.7436340332031,981.1167871161058,980.3720141601563,971.8386023907233,1.0083719916701792,1.0231508150427953,1.0417491580287324,1.0304553778222993,72.12922687404028,61.563213707810455,58.03474319219619,9.711509393604047,3.7503356119701627,5.9611737816338835,1018.4311620200174,921.0561060463888,969.7436340332031,0.10041319432914636,0.9157736272374924,0.5283367753710198,1716153.7,1.2979635798355358,0.00806933701318946,0.19564521871528862,0.004603683228325828,-0.4513928706123158,0.004372518739102382,1.1554055430473276,0.009092746571500943,0.6646109415901726,0
2024-12-11,-0.01258699913156447,-0.01266688647432151,0.023395345059462905,-0.015454288640347738,1002.909326171875,1000.3821819824109,990.4977478027344,992.3956659162759,970.8007873535156,982.6784126269976,980.3450866699219,972.8454750413016,0.9946201804583861,1.0070834155789838,1.0275165285967425,1.0175129845031063,58.083913569127674,56.387769556190314,54.907423497603276,9.732417017288185,4.946751893033768,4.785665124254417,1020.9152392384373,920.6863354685939,970.8007873535156,0.1032435336636631,0.7665206005674235,-0.44048834907216816,1708084.1,0.7296566954753574,0.0010376520046484483,0.5283367753710198,0.00806933701318946,0.19564521871528862,0.004603683228325828,-0.4513928706123158,-0.003954745937153059,-0.5134687539821505,1
2024-12-12,0.005598880566535458,0.005583265093733929,0.021823436541489934,0.0007960077541976653,1004.22578125,1001.287726627597,995.648876953125,994.341693189311,973.2217681884765,984.6232129404234,979.8613891601562,974.0318805658768,0.9988777769371461,1.0074824962266236,1.0306991157679348,1.0237150141998446,61.88685449250473,58.05564047614616,56.00086484989916,10.08341084832523,5.97408368409206,4.10932716423317,1024.64807569685,921.7954606801032,973.2217681884765,0.10568260840300889,0.7904840846742451,0.21184532000336986,1563183.2,0.9661957728307213,-0.01258699913156447,-0.44048834907216816,0.0010376520046484483,0.5283367753710198,0.00806933701318946,0.19564521871528862,0.004372518739102382,1.1554055430473276,0
2024-12-13,-0.005915689363727661,-0.0059332563689440555,0.03045458113772206,0.00487434732255018,1003.4379028320312,999.9134160590231,999.0247863769531,994.8549844134135,976.4081878662109,985.8176493196092,979.3138623046875,974.9390536778768,0.9937483845363511,0.9981381928852601,1.0212581247408672,1.0182279995252774,55.63041977715339,55.621688907630954,54.52580127847375,9.770126153884235,6.733292178050495,3.0368339758337397,1025.4197237093722,927.3966520230496,976.4081878662109,0.10039148883064662,0.7117522609583794,0.6182981194313073,1674932.8,1.4592716794369303,0.005598880566535458,0.21184532000336986,-0.01258699913156447,-0.44048834907216816,0.0010376520046484483,0.5283367753710198,0.004603683228325828,-0.4513928706123158,0
2024-12-16,-0.009501425795351959,-0.009546852314887468,0.022517280095629828,-0.013595641846675792,999.1394775390625,995.8390465784113,999.079638671875,993.5523159050088,978.9662994384765,985.9959977289025,978.3414819335937,975.4391028519675,0.9885409693248485,0.9886001769890658,1.008911448927011,1.0095557899324852,46.814590594927395,51.88167816285328,52.21986304223687,8.657535156396989,7.118140773719794,1.5393943826771945,1024.6097818856495,933.3228169913036,978.9662994384765,0.09324832218096471,0.5955668554520133,-0.5008219518841068,1669654.2,0.7307393351269982,-0.005915689363727661,0.6182981194313073,0.005598880566535458,0.21184532000336986,-0.01258699913156447,-0.44048834907216816,0.00806933701318946,0.19564521871528862,0
2024-12-17,-0.023728986168730537,-0.024015053008665598,0.030821728857063944,-0.023728985287343803,989.94423828125,985.3105037085243,995.8932189941406,988.2252435529617,979.8140167236328,983.9252758469831,977.0070751953125,975.0004485428218,0.9740482147185334,0.9682297254143902,0.984118824093867,0.986946197678238,32.12325170606697,44.000129317434286,47.05150395344855,5.81757625300429,6.858027869576693,-1.040451616572403,1023.6681398181403,935.9598936291253,979.8140167236328,0.08951519848868833,0.3225868212967223,0.3712947162567761,1625080.4,1.0295441382469446,-0.009501425795351959,-0.5008219518841068,-0.005915689363727661,0.6182981194313073,0.005598880566535458,0.21184532000336986,0.0010376520046484483,0.5283367753710198,0
2024-12-18,-0.02068573332570378,-0.02090268012470605,0.02951894484628884,-0.02088828133190131,979.3028930664062,971.6427121077662,991.1061096191406,980.2401317990141,979.7915771484375,980.1521189954847,975.5729370117188,973.7967889492307,0.9642646167922807,0.9527810592037674,0.9637836769882626,0.9679513371893657,24.491764975756766,38.62256638888393,43.22822660744055,1.9350830986024903,5.873438915381853,-3.938355816779363,1023.7178322963591,935.8653220005158,979.7915771484375,0.08966448818791363,0.09609067375885363,-0.036036870656246056,1683272.6,0.9581329845207484,-0.023728986168730537,0.3712947162567761,-0.009501425795351959,-0.5008219518841068,-0.005915689363727661,0.6182981194313073,-0.01258699913156447,-0.44048834907216816,0
2024-12-19,-0.022073191477919973,-0.02232044965979959,0.022787446776744595,-0.008671886613988001,963.37578125,955.5828936838234,983.80078125,969.9170636239091,978.8840209960938,974.7531797421944,974.1318176269531,971.8229249447878,0.9585701393050641,0.9386689606635616,0.9433837278253238,0.9479859297538936,18.991221203014064,33.95267747160642,39.68952618750487,-2.7915675219776404,4.140437627909955,-6.932005149887595,1026.5211652668781,931.2468767253094,978.8840209960938,0.09732949613848982,-0.08169696156771522,0.19447494697107337,1653721.6,1.1649167550330115,-0.02068573332570378,-0.036036870656246056,-0.023728986168730537,0.3712947162567761,-0.009501425795351959,-0.5008219518841068,0.005598880566535458,0.21184532000336986,0
2024-12-20,-0.009287759132141415,-0.009331159302903683,0.03232138791427348,-0.009341279064862307,946.9200927734375,942.0173799689032,975.1789978027343,959.9114797903006,975.8920776367188,969.05157715142,972.5929614257813,969.5901181837789,0.9661705982597208,0.9381727401845992,0.9374872216962847,0.9406672563184878,17.142933258146357,32.226009621513214,38.33371639040397,-7.147168578627429,1.8829163866024778,-9.030084965229907,1031.1113840611933,920.6727712122442,975.8920776367188,0.11316683000070474,-0.052394887294501216,9.922542172471625,4432157.9,6.282995938121394,-0.022073191477919973,0.19447494697107337,-0.02068573332570378,-0.036036870656246056,-0.023728986168730537,0.3712947162567761,-0.005915689363727661,0.6182981194313073,1
2024-12-23,0.021474901961359816,0.021247565185503494,0.03132174057247662,0.0011217818300948024,936.288720703125,939.5227357344772,967.7140991210938,955.2972920585413,975.0817596435547,965.7641362099157,971.1897399902343,968.2153467752239,0.9981252861444472,0.9657123401574862,0.9584154744185223,0.9622563015081091,34.2453590229603,39.78079684942822,43.01575236301354,-8.910937706605978,-0.27585443203921334,-8.635083274566764,1032.1967774575655,917.966741829544,975.0817596435547,0.117149187233057,0.14502932915147418,-0.8624828618905853,4685256.6,0.8512782416228815,-0.009287759132141415,9.918798033216357,-0.022073191477919973,0.19447494697107337,-0.02068573332570378,-0.036036870656246056,-0.009501425795351959,-0.5008219518841068,0
2024-12-24,-0.016221120530094058,-0.016354123168171877,0.021153116576919685,-0.016221132709079683,927.312890625,932.8065796823598,958.628564453125,948.7658330621019,972.9998657226563,961.3460534830785,969.3905847167969,966.300010336122,0.9914391106527976,0.9590516094235167,0.9448863252363319,0.9484043708209896,28.879471633973765,36.408512679419196,40.5231293145561,-11.400538249676401,-2.500791195566651,-8.899747054109751,1034.8534206690738,911.1463107762388,972.9998657226563,0.12713990438318973,0.06651159184798602,-0.48648437227729924,4667319.6,0.43882467358781263,0.021474901961359816,-0.8624828618905853,-0.009287759132141415,9.914426266199543,-0.022073191477919973,0.19447494697107337,-0.023728986168730537,0.3712947162567761,0
2024-12-26,-0.008027336867461154,-0.008059729403044056,0.017824975242533715,-0.008027296821484115,920.85029296875,925.8690999965733,950.0765930175781,942.0800708008106,970.2871704101562,956.6458713061187,967.4348510742187,964.1703683866663,0.9903826361229702,0.9599164397139573,0.9399218792509492,0.9426930812057696,26.519333825626987,34.859193709202216,39.35730823903877,-13.809887397918828,-4.762610436037087,-9.047276961881742,1037.6046992081112,902.9696416122013,970.2871704101562,0.13875794888537746,0.06702933971242934,0.003842520146376982,4748288.6,0.43299916521502085,-0.016221120530094058,-0.48648437227729924,0.021474901961359816,-0.8624828618905853,-0.009287759132141415,9.90949724803447,-0.02068573332570378,-0.036036870656246056,0
2024-12-27,-0.0012575866115848156,-0.0012583780372214073,0.016697689919883102,-0.001476014415413774,918.3270874023438,920.8618096656844,940.8514343261719,936.4013722922825,968.2501556396485,952.2840958487651,965.6885534667969,962.0792648814601,0.9918549082336277,0.9681095184344866,0.9407147767533065,0.9432101330537556,26.132133338871455,34.612689662599536,39.17341077808882,-15.63166800067006,-6.936421948963682,-8.695246051706379,1040.0257639029178,896.4745473763793,968.2501556396485,0.1482583975746487,0.10012232550373311,-0.06720265758108568,4789038.1,0.40046371733814357,-0.008027336867461154,0.003842520146376982,-0.016221120530094058,-0.48648437227729924,0.021474901961359816,-0.8624828618905853,-0.022073191477919973,0.19447494697107337,0
2024-12-30,-0.01571225332484638,-0.015836999195001922,0.023471868662964468,-0.015712225750287082,914.6569702148438,912.7531286443104,930.7885314941407,929.1530803485151,964.9066589355468,946.9747311585554,963.8854089355468,959.5089316155818,0.9801879784406773,0.9632002718838895,0.9291424805696659,0.9301269199537309,21.551272897168474,31.60899269853894,36.9135606223595,-18.022505439472184,-9.153638647065383,-8.8688667924068,1043.206844318328,886.6064735527658,964.9066589355468,0.16229587526975772,0.06340529719218414,0.021661393362101933,4740557.8,0.4133224575386466,-0.0012575866115848156,-0.06720265758108568,-0.008027336867461154,0.003842520146376982,-0.016221120530094058,-0.48648437227729924,-0.009287759132141415,9.909223328864798,1
2024-12-31,0.0028366429429902418,0.0028326272636371467,0.010870825100526872,0.003841670568372204,907.566064453125,908.195058581884,921.927392578125,923.6850509136998,960.503515625,942.4132251869817,962.3295983886719,957.1391271779917,0.9906484537836836,0.9752166230171346,0.9360495863172351,0.9342733715791889,24.30226992449603,32.72621499100033,37.58537944828755,-19.487411484940935,-11.220393214640495,-8.26701827030044,1043.0937478983087,877.9132833516913,960.503515625,0.17197278496074467,0.12813643043948772,-0.47372305204863374,4721667.2,0.21839235090520567,-0.01571225332484638,0.021661393362101933,-0.0012575866115848156,-0.06720265758108568,-0.008027336867461154,0.003842520146376982,0.021474901961359816,-0.8624828618905853,1
2025-01-01,0.004381586542596683,0.004372015340131571,0.02131535427993999,0.004771666954971899,904.294873046875,906.4694759035477,915.8038818359375,919.9274617560952,955.8485504150391,938.6613285545906,960.591279296875,955.0167422120655,0.9985883338078665,0.9860389636442347,0.9447294868572802,0.9400650724289922,28.813603433896986,34.51085854639028,38.64803098105279,-20.098797633227377,-12.996074098357873,-7.102723534869504,1040.3571808137665,871.3399200163118,955.8485504150391,0.17682431042456015,0.1874269549813948,-0.010299890610332318,4656413.5,0.21917190129270092,0.0028366429429902418,-0.47372305204863374,-0.01571225332484638,0.021661393362101933,-0.0012575866115848156,-0.06720265758108568,-0.016221120530094058,-0.48648437227729924,1
2025-01-02,0.007786184191850065,0.007756028291498568,0.015616438356164322,0.0032985156679494294,903.9059204101562,907.6627764161673,912.3781066894531,918.1314464261517,951.7421081542968,935.9363808295254,959.2159826660156,953.253316142628,1.0067965668688865,0.9974476269969951,0.9561932477761809,0.9487429253545617,36.67236573410664,37.688121603108726,40.54505927891711,-19.787874918694456,-14.35443426242519,-5.433440656269266,1036.7703444742892,866.7138718343045,951.7421081542968,0.17867915182377858,0.25483008634928256,0.6034148086090412,4658770.9,0.35124564721566365,0.004381586542596683,-0.010299890610332318,0.0028366429429902418,-0.47372305204863374,-0.01571225332484638,0.021661393362101933,-0.008027336867461154,0.003842520146376982,1
2025-01-03,0.0027945207353679002,0.0027906233215451402,0.017703964180256895,0.0011487831432918899,904.25498046875,909.3060273764032,911.2910339355469,917.1243705844649,947.5459075927735,933.7131568740349,958.2465930175781,951.6587754820104,1.0092203515692033,1.0014281884851948,0.9631116782671807,0.9523566647109742,39.49122477300229,38.843860384185255,41.2351454616384,-19.115899140562192,-15.306727238052591,-3.8091719025096005,1031.599203311355,863.4926118741918,947.5459075927735,0.1774126088141055,0.2920760988782307,0.644944642816766,4735300.4,0.5684418669615976,0.007786184191850065,0.6034148086090412,0.004381586542596683,-0.010299890610332318,0.0028366429429902418,-0.47372305204863374,-0.0012575866115848156,-0.06720265758108568,0
2025-01-06,-0.015463570020056272,-0.01558437805283865,0.02436446950498322,-0.015463596052314956,904.6439453125,905.697548524373,909.6504577636719,913.734592445528,942.4147277832031,930.357674392728,957.1784704589844,949.5733564756694,0.9931869830952569,0.9877207043122697,0.9533813132714566,0.9386761388286082,30.656960931109893,34.96807570820697,38.62318191690569,-19.497316068753435,-16.14484500419276,-3.3524710645606746,1025.2846481363422,859.5448074300641,942.4147277832031,0.1758672013712476,0.23492108610898127,-0.5896276130373517,1945427.6,0.5678016493649005,0.0027945207353679002,0.644944642816766,0.007786184191850065,0.6034148086090412,0.004381586542596683,-0.010299890610332318,-0.01571225332484638,0.021661393362101933,1
2025-01-07,0.01209894416748769,0.012026337002499072,0.015902610434441373,0.011369308567229128,906.6984130859375,906.9154514576551,907.1322387695312,912.9376224234718,937.4231689453125,928.3570632433461,956.2549572753907,947.9960192540439,1.00292582869893,1.0024461908196511,0.9700541734501003,0.9509506334118129,42.2642513733071,39.93949525820734,41.61450514160185,-18.706779683762534,-16.657231940106715,-2.0495477436558183,1015.492460960062,859.3538769305629,937.4231689453125,0.16656147319803216,0.320211565286194,-0.3769686687784092,1615403.0,0.4260305323191798,-0.015463570020056272,-0.5896276130373517,0.0027945207353679002,0.644944642816766,0.007786184191850065,0.6034148086090412,0.0028366429429902418,-0.47372305204863374,0
2025-01-08,-0.010418952223771427,-0.01047360948556317,0.01861907128477486,-0.00846155187585853,906.0701049804687,904.5692243116139,905.1824890136719,910.5629219863915,931.9055267333985,925.6446543648875,955.4261889648437,946.1089898722984,0.9931646183591158,0.9941385090205158,0.965630897344136,0.941859015812098,36.11693937313608,37.265589849276736,39.83769110007383,-18.630030452775827,-17.051791642640538,-1.5782388101352893,1003.9806789845026,859.8303744822944,931.9055267333985,0.15468338835535958,0.2778099961392966,0.08193708034309255,1485049.6,0.501398067781709,0.01209894416748769,-0.3769686687784092,-0.015463570020056272,-0.5896276130373517,0.0027945207353679002,0.644944642816766,0.004381586542596683,-0.010299890610332318,0
2025-01-09,-0.01257896572074313,-0.012658750691082608,0.022616335527228398,-0.011154259481652303,901.7716796875,899.2318998665969,902.8388000488281,906.5618908936954,926.4576965332031,922.1125207088566,953.904287109375,943.8520589352107,0.9853461480232815,0.9841815071843465,0.9590910133312468,0.9314951856115101,30.028980511953947,34.310144365866805,37.812375267581785,-19.26057282562681,-17.493547879237795,-1.7670249463890144,994.2148822156257,858.7005108507806,926.4576965332031,0.14627151554996928,0.2203215778893197,0.9596293854023832,1425363.3,1.0236983090556633,-0.010418952223771427,0.08193708034309255,0.01209894416748769,-0.3769686687784092,-0.015463570020056272,-0.5896276130373517,0.007786184191850065,0.6034148086090412,1
2025-01-10,0.010269937289988373,0.010217559787888412,0.030829908624245412,0.01026989534041331,898.7897094726562,898.7154926519502,901.5223449707031,904.9474885898701,921.1868896484375,919.7858690435041,952.7334399414062,942.0414949856988,0.9987683089399749,0.9957409078438632,0.9744848611178657,0.9422180859715225,39.6040247577348,38.541748832179834,40.37815030144991,-18.8071394875667,-17.75626620090358,-1.0508732866631227,980.0998652173291,862.2739140795459,921.1868896484375,0.12790667394620697,0.3005175328625533,0.1065605677857262,1395042.6,1.157404798964562,-0.01257896572074313,0.9596293854023832,-0.010418952223771427,0.08193708034309255,0.01209894416748769,-0.3769686687784092,0.0027945207353679002,0.644944642816766,0
2025-01-13,-0.01816464960745212,-0.01833165231015539,0.021159844081506337,-0.01361684473554326,895.3689086914062,892.9358574059877,900.0064270019532,900.6618701033597,915.3974792480469,916.1278421740335,951.2663903808593,939.6624789828895,0.984372562368964,0.9793003254988419,0.9628348415794952,0.9265297248241736,30.81362173196446,34.29097551403355,37.477030024971064,-19.538329888489443,-18.11267893842075,-1.4256509500686931,965.3886106821009,865.406347813993,915.3974792480469,0.10922278587683934,0.15973072264964389,-0.12265604048979672,1340763.2,1.0565512239596075,0.010269937289988373,0.1065605677857262,-0.01257896572074313,0.9596293854023832,-0.010418952223771427,0.08193708034309255,-0.015463570020056272,-0.5896276130373517,1
2025-01-14,0.02523338222831195,0.024920276651783216,0.03178631221343773,0.026685538575601967,894.2219970703125,896.4961380102419,900.460205078125,901.1991117607033,911.193798828125,914.9363047497208,950.1174841308593,938.248918992139,1.0105060065388873,1.0035054232522704,0.9916844258388064,0.9510578579083334,48.87149048081682,43.451664603915404,43.31015143785783,-18.114400817744468,-18.113023314285492,-0.001377503458975582,948.7562302545284,873.6313674017215,911.193798828125,0.08244663533643895,0.3991399209044699,0.3752736334212208,1432464.8,1.3600278345408556,-0.01816464960745212,-0.12265604048979672,0.010269937289988373,0.1065605677857262,-0.01257896572074313,0.9596293854023832,0.01209894416748769,-0.3769686687784092,0
2025-01-15,-0.0022073838475700214,-0.0022098237104324348,0.012388708985410694,-0.006538474952781591,894.5710571289062,898.2047821109946,900.3205810546875,901.2760133155754,908.0622314453125,913.6682824223664,948.8359350585938,936.8125719850945,1.007882004595838,1.001445584256541,0.9929077976048382,0.9502402227807928,47.57230251451346,42.874352695245314,42.932955820890356,-16.951470651502746,-17.880712781728942,0.9292421302261964,936.8192889835346,879.3051739070903,908.0622314453125,0.06333719549694551,0.3880246853445872,-0.18801791609861862,1488599.0,1.0626750387444839,0.02523338222831195,0.3752736334212208,-0.01816464960745212,-0.12265604048979672,0.010269937289988373,0.1065605677857262,-0.010418952223771427,0.08193708034309255,1
2025-01-16,0.003041867359284023,0.00303725024150526,0.015769793803073875,-0.0035164969308034855,897.7325439453125,900.2580830935277,899.7521118164062,901.837589996124,906.0651092529297,912.7822255305786,947.8765185546876,935.5401058311141,1.007387658114893,1.005126493377021,0.9981232869724583,0.9540954621785123,49.716626007537954,43.97655493829324,43.641598974319685,-15.628379793345744,-17.4302461840523,1.8018663907065573,929.5387161661632,882.5915023396961,906.0651092529297,0.051814393189884636,0.4637800828687878,0.2305415586476236,1519620.7,1.2809709686107855,-0.0022073838475700214,-0.18801791609861862,0.02523338222831195,0.3752736334212208,-0.01816464960745212,-0.12265604048979672,-0.01257896572074313,0.9596293854023832,1
2025-01-17,0.0019850023395249217,0.001983034825630514,0.013482280793701581,0.001984988770621549,899.427978515625,902.2253390870915,899.1088439941407,902.6234556466867,905.1999389648438,912.1515232014015,946.0634008789062,934.3879389779026,1.0074846154660473,1.007842217465858,1.001060442083627,0.9578214845140225,51.2395690292826,44.728277611198365,44.11851211424085,-14.270464825812724,-16.798289912404385,2.527825086591662,927.2788617271974,883.1210162024902,905.1999389648438,0.04878242211903445,0.5217382007199121,-0.5318685496175364,1341572.4,0.6792477245357761,0.003041867359284023,0.2305415586476236,-0.0022073838475700214,-0.18801791609861862,0.02523338222831195,0.3752736334212208,0.010269937289988373,0.1065605677857262,1
2025-01-20,0.011666300587686473,0.011598773985974864,0.027360774673703965,0.011666340420335201,906.4989379882812,907.0606874838422,900.9339233398438,905.1885335795334,905.2921905517578,912.5877004467293,944.2792053222656,933.6955250680769,1.0112878745470684,1.0175345389137278,1.0126359134045042,0.9708266147452433,59.63822274759656,49.06279723252482,46.89708410470518,-12.200631762957073,-15.878758282514925,3.6781265195578516,927.546949897518,883.0374312059977,905.2921905517578,0.04916591477983765,0.7570055588528589,0.4259135702214516,1361048.5,0.954688976917428,0.0019850023395249217,-0.5318685496175364,0.003041867359284023,0.2305415586476236,-0.0022073838475700214,-0.18801791609861862,-0.01816464960745212,-0.12265604048979672,1
2025-01-21,0.008322454862195627,0.008288014190080533,0.01451153105822595,0.0019999736064188972,910.6477661132812,912.8274049371448,902.4348815917969,908.6744074457547,904.783560180664,913.7089518178741,943.0235864257812,933.3294589808485,1.0150585926202809,1.024296443653949,1.0216375280505503,0.9802096714751684,64.75032586967629,51.98909248884929,48.825292333319354,-9.831311605702126,-14.669268947152366,4.83795734145024,924.6821016458832,884.8850187154449,904.783560180664,0.043985196771802335,0.9919275037646664,0.13509617678612384,1439719.3,1.0244490019686476,0.011666300587686473,0.4259135702214516,0.0019850023395249217,-0.5318685496175364,0.003041867359284023,0.2305415586476236,0.02523338222831195,0.3752736334212208,0
2025-01-22,-0.008037912599024533,-0.008070390773394704,0.02702846957370322,-0.013519287109374983,913.7095336914062,914.1952393591382,904.1402954101562,910.1755894016402,904.6613922119141,914.0158048069457,941.4877233886718,932.6863785581927,1.0035256001967106,1.014146712471394,1.013562550692267,0.9739170096693771,56.6047751243576,49.03473633543597,47.07734596563968,-8.455669999632619,-13.426549157648418,4.9708791580158,924.2273349879928,885.0954494358353,904.6613922119141,0.04325583681257717,0.8135426728890269,-0.2677055485758879,1473266.7,0.7331157352568954,0.008322454862195627,0.13509617678612384,0.011666300587686473,0.4259135702214516,0.0019850023395249217,-0.5318685496175364,-0.0022073838475700214,-0.18801791609861862,1
2025-01-23,0.011420425060354233,0.011355704299020079,0.026400674425659798,0.011805708900719641,918.3171264648438,918.597709214686,908.0248352050781,913.307782042393,905.4318176269531,915.2907423420729,940.5083605957032,932.4791734745687,1.0098936654877744,1.021340620839216,1.024265583416774,0.9860652895614656,64.04262384225508,53.081548345917916,49.74008358746836,-6.446174666578372,-12.03047425943441,5.584299592856038,927.183392442665,883.6802428112413,905.4318176269531,0.048046853208053894,1.0050400139983866,0.17398236233594888,1454151.4,0.8719786674207377,-0.008037912599024533,-0.2677055485758879,0.008322454862195627,0.13509617678612384,0.011666300587686473,0.4259135702214516,0.003041867359284023,0.2305415586476236,1
2025-01-24,0.0027422305278235193,0.002738477473284524,0.02986752664630132,0.002634421727990614,923.07431640625,922.3804064035407,911.2511474609375,916.3328763585488,906.3867462158203,916.6864621934232,940.0136926269531,932.379825525811,1.0074441290943423,1.0205153687569033,1.0259922761048628,0.9892896327737871,65.7079490654057,54.03608769989563,50.3767539597443,-4.59545054347484,-10.543469516242498,5.948018972767658,930.5488071888761,882.2246852427644,906.3867462158203,0.053315124198214235,0.9875216272258691,1.791032098858902,1646588.3,2.1492913559509685,0.011420425060354233,0.17398236233594888,-0.008037912599024533,-0.2677055485758879,0.008322454862195627,0.13509617678612384,0.0019850023395249217,-0.5318685496175364,0
2025-01-27,-0.014049011592892513,-0.014148633112822837,0.02817210540257574,0.020253024630405653,923.1042358398438,920.547264750798,914.8015869140625,916.4325318288695,907.4040069580078,916.7049878364603,939.6825842285157,931.7720277187327,0.9932583405503829,1.002273055229675,1.0104440518386903,0.9757347819722301,51.43155244006799,48.56934977159313,47.15466201668403,-4.1352910146397335,-9.261833815921946,5.126542801282213,931.5345549736157,883.2734589423999,907.4040069580078,0.053185896977694574,0.6963688201605465,0.10438095754787091,1895770.0,2.0616435538066327,0.0027422305278235193,1.791032098858902,0.011420425060354233,0.17398236233594888,-0.008037912599024533,-0.2677055485758879,0.011666300587686473,0.4259135702214516,0
2025-01-28,-0.0034806537374274527,-0.0034867253054253716,0.023031135756867143,-0.007851418462546037,920.9699951171875,918.261388577355,915.8088806152343,915.9338235382511,908.1345428466797,916.4178114930326,939.2258154296875,931.0629143270362,0.9920949011093544,0.9976859316068851,1.006117037863548,0.972811459417205,48.43269061384513,47.31026549048917,46.39359060214081,-3.9822215887919583,-8.205911370495949,4.223689781703991,932.0967844812878,884.1723012120715,908.1345428466797,0.052772448363201885,0.6159134748012468,-0.7182912607249714,1811053.9,0.6079504315139379,-0.014049011592892513,0.10438095754787091,0.0027422305278235193,1.791032098858902,0.011420425060354233,0.17398236233594888,0.008322454862195627,0.13509617678612384,1
2025-01-29,0.0234131297281992,0.02314324682404676,0.035249561277254475,0.02626970297871069,924.6002075195313,923.8682491231846,919.1548706054688,919.415304752177,909.7377258300781,918.1953504189194,938.9814733886719,931.2205243618522,1.0113365350884274,1.017327982605242,1.0278588472975996,0.9958470925312771,64.58271706372332,55.6161607075822,51.862016730445404,-2.1104029847298307,-6.9868096933427255,4.876406708612895,936.2689497597369,883.2065019004194,909.7377258300781,0.0583271929400326,0.9776305166312697,0.17895408939439483,1782670.7,0.7281574774297912,-0.0034806537374274527,-0.7182912607249714,-0.014049011592892513,0.10438095754787091,0.0027422305278235193,1.791032098858902,-0.008037912599024533,-0.2677055485758879,1
2025-01-30,0.014131826860986463,0.014032903485103,0.020823461430671625,0.013807389737477863,928.778955078125,932.0109616550398,923.5480407714844,924.6664105642813,911.6500762939453,921.062115780808,939.0522827148437,931.890166022907,1.0210140760984223,1.026797031507524,1.040197781339283,1.0098440780924158,71.10449081284324,59.82876025568805,54.84938278881231,0.4343132265676104,-5.502585109360659,5.936898335928269,943.0604590770192,880.2396935108713,911.6500762939453,0.06890885790469944,1.0833470842729152,0.5562756872729795,1790026.4,1.1285570983757558,0.0234131297281992,0.17895408939439483,-0.0034806537374274527,-0.7182912607249714,-0.014049011592892513,0.10438095754787091,0.011420425060354233,0.17398236233594888,0
2025-01-31,-0.006152390362857751,-0.006171394302979682,0.02047622922867062,-0.005001316135825276,931.2822143554688,935.4946734926828,927.1782653808593,927.9019899467698,913.1435546875,923.1002092462519,939.0692370605469,932.3047515580074,1.0120048280104195,1.016484242952817,1.032107265423893,1.003613003145585,64.9445054669014,57.24536811752347,53.31553038416593,1.9576739039996482,-4.010533306688598,5.968207210688246,947.3106253589356,878.9764840160644,913.1435546875,0.07483395244054122,0.9290467679012896,0.008752828383280953,1902683.3,1.0710290041437796,0.014131826860986463,0.5562756872729795,0.0234131297281992,0.17895408939439483,-0.0034806537374274527,-0.7182912607249714,0.0027422305278235193,1.791032098858902,0
2025-02-01,-0.01137566211236507,-0.011440859873330095,0.04661491869731748,-0.014348236468044822,934.2542114257812,934.2434379274135,928.6792236328125,928.599985737698,914.8065734863281,923.9231385367874,938.2095520019532,932.2826423516885,0.9973098921062707,1.0032968791442167,1.0185114469018406,0.9931053940015048,54.771749047029225,52.738781689500506,50.58602307472129,2.2736335629375617,-2.7536999327633658,5.027333495700928,949.1940484986774,880.4190984739789,914.8065734863281,0.07517977244369495,0.7462290892900013,-0.34267889994695333,1906696.3,0.7025282421746977,-0.006152390362857751,0.008752828383280953,0.014131826860986463,0.5562756872729795,0.0234131297281992,0.17895408939439483,-0.014049011592892513,0.10438095754787091,0
2025-02-03,-0.00032111321343530896,-0.0003211647813229459,0.025108423256632557,0.020710395854678956,937.804638671875,933.3095494385883,929.3873168945313,929.1166742328325,915.911099243164,924.639198910516,937.8235913085938,932.2496670618552,0.9932151474320402,1.0022105483139914,1.0169565291114027,0.9931950753779275,54.493839656858384,52.61429909966145,50.51025048345677,2.4714025958433012,-1.7086794270420325,4.180082022885333,950.9398360635824,880.8823624227456,915.911099243164,0.07648938166458161,0.7216847455475554,-0.1563648742672683,1872210.0,0.6035946822204774,-0.01137566211236507,-0.34267889994695333,-0.006152390362857751,0.008752828383280953,0.014131826860986463,0.5562756872729795,-0.0034806537374274527,-0.7182912607249714,1
2025-02-04,0.011028428368686116,0.010968058702037747,0.01604450560133708,0.008437042366684435,939.1310668945313,936.111070068434,931.8656372070312,931.4071173410675,918.0029663085937,926.2653810455264,937.4376306152344,932.620821738964,1.0027504621289287,1.0105685559461248,1.025829050547491,1.0045618829170362,62.18031559003733,56.41783867567871,53.045740287857235,3.417631547259134,-0.6834172321817991,4.101048779440934,953.9369045252348,882.0690280919526,918.0029663085937,0.0782871941277837,0.8299268907930414,0.11731984963577036,1890465.9,0.6678956758754548,-0.00032111321343530896,-0.1563648742672683,-0.01137566211236507,-0.34267889994695333,-0.006152390362857751,0.008752828383280953,0.0234131297281992,0.17895408939439483,1
2025-02-05,0.005983585243518608,0.005965754689076835,0.0144225832771001,0.009350811875907198,938.9415771484375,939.8570260417164,933.8602661132812,934.3056301860154,920.9425506591797,928.2733388495983,937.0596484375,933.1983949252117,1.0089540830275903,1.0144439937798615,1.0286732188779861,1.0109803997727767,65.86970988306601,58.390831797124854,54.391576458098044,4.569533490093022,0.3671729122731652,4.2023605778198565,956.3757338583015,885.5093674600579,920.9425506591797,0.07694982314316982,0.8726222843246558,-0.04188941530166301,1884641.3,0.6418956222597902,0.011028428368686116,0.11731984963577036,-0.00032111321343530896,-0.1563648742672683,-0.01137566211236507,-0.34267889994695333,0.014131826860986463,0.5562756872729795,0
2025-02-06,-0.0015791136926424088,-0.0015803618067853607,0.015341614738947242,-0.0022618099063870015,939.6197509765625,941.8556727973423,935.4509826660156,936.405145844666,923.3510650634765,929.9475890837883,936.9449572753906,933.6946526265208,1.0066337636321,1.011119752755973,1.0243698221581303,1.0095075051784337,63.93781037775984,57.64472012052927,53.96043011057353,5.300609539345714,1.353860237687675,3.9467493016580395,958.6810542156451,888.021075911308,923.3510650634765,0.07652558271482526,0.8184532713582231,1.5295785964456914,1836755.5,1.666057349494802,0.005983585243518608,-0.04188941530166301,0.011028428368686116,0.11731984963577036,-0.00032111321343530896,-0.1563648742672683,-0.006152390362857751,0.008752828383280953,1
2025-02-07,0.034110082336061165,0.03354123302690545,0.03793016793987392,0.031337070729729424,948.894775390625,953.9424781539575,941.5744934082031,943.9889536669425,928.1880401611328,934.5350652536359,937.2391650390625,935.436669733998,1.0307951041932264,1.0388090328644262,1.0537908770052533,1.0436141865949673,79.25019067047549,67.3379811705326,60.96688870522686,8.386680499538784,2.760424290057897,5.6262562094808874,965.6325727977144,890.7435075245512,928.1880401611328,0.08068307501587985,1.1666934421459076,-0.06988405759213634,1730543.8,1.6447344470564687,-0.0015791136926424088,1.5295785964456914,0.005983585243518608,-0.04188941530166301,0.011028428368686116,0.11731984963577036,-0.01137566211236507,-0.34267889994695333,0
2025-02-10,-0.02202396262845341,-0.0222701109125757,0.02684668648758102,-0.015246381505069278,953.921240234375,954.8196843292009,945.862939453125,946.2771614874416,930.8359100341797,936.6340206275456,936.6278112792969,936.2655884377505,1.002781001547529,1.011324217050681,1.0276506163632673,1.0212958500272877,59.55244702304064,57.82263897575397,55.08924950580289,8.990518137159597,4.0064430594782365,4.984075077681361,968.4451063391689,893.2267137291906,930.8359100341797,0.0808073601363492,0.8421794291585725,-0.4150097407673511,1786945.6,0.9317849407391025,0.034110082336061165,-0.06988405759213634,-0.0015791136926424088,1.5295785964456914,0.005983585243518608,-0.04188941530166301,-0.00032111321343530896,-0.1563648742672683,0
2025-02-11,-0.004848042846997691,-0.00485983272738562,0.01985333913780112,0.004683976910908601,955.9657348632812,953.8586510436861,947.5484008789062,947.3061474847533,933.3516357421875,938.0914076604133,935.7441906738281,936.8801373018645,0.9957852564755355,1.0046310917623624,1.019912054598469,1.0173042952980216,56.05329126463631,55.98843948961894,53.91434723546854,8.991210262516347,5.003396500085859,3.9878137624304877,969.510924306129,897.1923471782459,933.3516357421875,0.07748267036611178,0.7569872011945764,0.5229137400761179,1910711.7,1.3271107305199419,-0.02202396262845341,-0.4150097407673511,0.034110082336061165,-0.06988405759213634,-0.0015791136926424088,1.5295785964456914,0.011028428368686116,0.11731984963577036,1
2025-02-12,0.001990571107199468,0.0019885925457428233,0.025982889990324002,0.003672998121867105,957.2622436523437,953.8495946736554,948.1019104003906,948.492571929997,935.8249755859375,939.5904623530971,934.977255859375,937.5448959148735,0.996416069116379,1.0060432021814865,1.0192413184274998,1.0201654382029743,57.25069379553306,56.594311155878835,54.33221110253175,9.0404485027708,5.810806900622848,3.229641602147953,970.4495429845026,901.2004081873724,935.8249755859375,0.07399795539093408,0.7600250010401928,0.09191844860209653,1985577.6,1.3944587207269057,-0.004848042846997691,0.5229137400761179,-0.02202396262845341,-0.4150097407673511,0.034110082336061165,-0.06988405759213634,0.005983585243518608,-0.04188941530166301,1
2025-02-13,0.01401087500779874,0.013913629971242594,0.031707568969947746,0.016561832068101474,961.5307495117188,958.2982283175933,950.5752502441406,951.8931035073555,938.8767578125,942.2195131390373,934.3908349609375,938.707664530191,1.0058913831893848,1.017484407843629,1.0301623589649282,1.0351080719299892,65.07945161649545,60.703050536952375,57.205613048579075,10.04207558217638,6.657060636933554,3.385014945242826,973.263167210754,904.4903484142461,938.8767578125,0.07325010255525172,0.9117722421231725,-0.48911733071945096,1923248.2,0.7354926940786946,0.001990571107199468,0.09191844860209653,-0.004848042846997691,0.5229137400761179,-0.02202396262845341,-0.4150097407673511,-0.0015791136926424088,1.5295785964456914,0
2025-02-14,-0.005361930633272394,-0.005376357376570706,0.03053080339250691,-0.00853124536935202,958.309423828125,959.5353056948018,953.602099609375,953.7324411331488,941.1406616210937,944.1042700257213,933.6089404296876,939.6214604485842,1.003861004106913,1.008816424421976,1.0221739424074814,1.0304201457266038,60.096800555405665,58.393079421788435,55.775669049311055,10.298685725005043,7.385385654547853,2.9133000704571907,975.3585660271135,906.922757215074,941.1406616210937,0.07271581348335372,0.8049397558147027,0.9017740812351762,2058310.0,1.306958621393279,0.01401087500779874,-0.48911733071945096,0.001990571107199468,0.09191844860209653,-0.004848042846997691,0.5229137400761179,0.034110082336061165,-0.06988405759213634,1
2025-02-17,0.009278457980341104,0.00923567751002296,0.02146784928983735,0.009278470281522306,961.181689453125,963.335345398097,957.55146484375,956.8602563461558,943.4693908691406,946.6596180999086,932.8440002441406,940.8494590507844,1.0101476499797992,1.0139772748017482,1.0291117382305797,1.0408336490887842,65.41400485216624,61.134435132470266,57.687114965136224,11.094412358426553,8.127190995323593,2.9672213631029596,979.1121483544148,907.8266333838665,943.4693908691406,0.0755567861135154,0.8852961425177961,-0.5089237455792033,2077410.1,0.6359153640390984,-0.005361930633272394,0.9017740812351762,0.01401087500779874,-0.48911733071945096,0.001990571107199468,0.09191844860209653,-0.02202396262845341,-0.4150097407673511,1
2025-02-18,0.005392635540061308,0.0053781473440613,0.018798553988084447,0.003897423377403893,966.0286376953125,967.6140054932627,960.9971862792969,960.3713598620535,946.4314117431641,949.4702569174024,932.1628344726563,942.2346302912867,1.0104993657460084,1.0157899935826522,1.0314232109917547,1.0472111626675547,68.30440270668076,62.68745029756599,58.78432243044382,12.009091558901218,8.903571108039118,3.1055204508621,982.6023529280478,910.2604705582803,946.4314117431641,0.07643647650760682,0.9111022960173667,0.3625982830415342,2131153.7,0.8446457897428984,0.009278457980341104,-0.5089237455792033,-0.005361930633272394,0.9017740812351762,0.01401087500779874,-0.48911733071945096,-0.004848042846997691,0.5229137400761179,0
2025-02-19,-0.0014814058956490461,-0.0014825042622480672,0.019235738781140328,0.0017937679825677187,970.2073852539063,969.984410237696,963.734814453125,962.9811525646915,948.7975402832031,951.8754914706557,931.7070617675781,943.5087710534544,1.0046565657418427,1.0114039724503199,1.027326883073095,1.0461713340214176,66.51329661140349,61.951152527716545,58.345567527774406,12.473505938098015,9.617558074050898,2.855947864047117,985.8600804052268,911.7350001611795,948.7975402832031,0.07812528711016885,0.8497828178802076,-0.12124639597348996,2168361.2,0.7294993103547508,0.005392635540061308,0.3625982830415342,0.009278457980341104,-0.5089237455792033,-0.005361930633272394,0.9017740812351762,0.001990571107199468,0.09191844860209653,1
2025-02-20,0.003888064908116551,0.0038805259188197535,0.01289305824725131,0.00424772202053482,972.4712890625,972.8279450412765,967.0010192871093,965.8054911253726,951.2260009765625,954.4125889161587,931.2153857421876,944.8815649199245,1.0062148113305884,1.0119069112975874,1.028688254572372,1.0507934357941817,68.99879546050482,63.17197247264251,59.18386326020363,12.997534964705324,10.293553452181783,2.7039815125235407,989.3781992752138,913.0738026779113,951.2260009765625,0.0802168953739339,0.8576335688216383,-0.06777518020404372,2009808.2,0.7337068283431225,-0.0014814058956490461,-0.12124639597348996,0.005392635540061308,0.3625982830415342,0.009278457980341104,-0.5089237455792033,0.01401087500779874,-0.48911733071945096,1
2025-02-21,0.000764409159436763,0.0007641171475568092,0.015683902669472213,0.002859819117500557,975.9219970703125,974.9729635236115,967.1157104492188,968.2523110095377,954.345101928711,956.7792947801704,930.8573498535156,946.2298565108404,1.0034234328440166,1.0125603274849295,1.026109945458107,1.0520011478046372,69.51973151401745,63.421431466060206,59.35338577060906,13.319647346397232,10.898772231024873,2.4208751153723593,990.9234242935278,917.7667795638941,954.345101928711,0.0766563841337747,0.8406101886118456,0.08440536819904931,1885087.2,0.8482764086457115,0.003888064908116551,-0.06777518020404372,-0.0014814058956490461,-0.12124639597348996,0.005392635540061308,0.3625982830415342,-0.005361930633272394,0.9017740812351762,0
2025-02-24,-0.015378349059117502,-0.015497822319383136,0.028082359078263088,-0.004325450264707779,974.5756225585938,971.383159764439,967.8786560058594,967.5161730525479,956.8707977294922,957.4863669197821,930.3876147460937,946.9347073239876,0.9893573468570148,0.9962029292236574,1.0076632650238684,1.036346074436114,49.84561369013632,55.29977789384223,54.562713901380924,12.218900237560888,11.162797832332076,1.0561024052288115,988.514462817721,925.2271326412634,956.8707977294922,0.06613989090964913,0.6158644944597342,0.18753842064943793,1908478.6,0.9950140389313247,0.000764409159436763,0.08440536819904931,0.003888064908116551,-0.06777518020404372,-0.0014814058956490461,-0.12124639597348996,0.009278457980341104,-0.5089237455792033,0
2025-02-25,-0.008326438259799285,-0.008361296679360256,0.016636257843057358,-0.008531540847983536,970.5763916015625,966.3138301424385,968.3025146484375,965.4541726608913,957.9254577636718,957.3614911082254,930.2260498046875,947.2970784445542,0.985162197609854,0.9874756663681669,0.9981728360478899,1.0278955003455326,42.385138198720476,51.51252037542014,52.20406404965359,10.576804130396681,11.045599091944997,-0.46879496154831557,987.9590803808354,927.8918351465082,957.9254577636718,0.06270555265809238,0.47086120965916917,-0.42318623374968334,1764440.8,0.6207904510029466,-0.015378349059117502,0.18753842064943793,0.000764409159436763,0.08440536819904931,0.003888064908116551,-0.06777518020404372,0.005392635540061308,0.3625982830415342,1
2025-02-27,0.01694915362428162,0.01680711938025816,0.022871782351762897,0.016949152542372947,970.1076538085938,968.3363970155319,970.15751953125,966.7136923155872,959.1297149658203,958.7919710752249,930.7875378417968,948.280782456992,1.0023439429059215,1.0022924228135068,1.0138165000928687,1.044686882052982,57.40082046221767,57.7959624841413,56.2157946894964,10.46254324771894,10.928987923099786,-0.46644467538084555,989.4524680291856,928.806961902455,959.1297149658203,0.06322972292532071,0.7185127413761899,0.8714508996227683,1692549.2,1.2111257977020697,-0.008326438259799285,-0.42318623374968334,-0.015378349059117502,0.18753842064943793,0.000764409159436763,0.08440536819904931,-0.0014814058956490461,-0.12124639597348996,0
2025-02-28,-0.024923078487466888,-0.025238917237238374,0.029504562357005992,-0.01797331248601156,964.0340087890625,961.6065278606151,968.2526489257813,963.3378918128951,959.413949584961,957.7781442633731,931.2812084960938,948.275527833219,0.9835200635107911,0.9792349038266962,0.9882562057399167,1.0181100841516209,39.459289342842446,47.81695180645535,49.66980313042407,8.32053564192563,10.407297466864955,-2.086761824939325,989.2083992289864,929.6194999409355,959.413949584961,0.06210968614103315,0.3109184735949795,0.24582294659713444,1806475.7,1.4136918642193748,0.01694915362428162,0.8714508996227683,-0.008326438259799285,-0.42318623374968334,-0.015378349059117502,0.18753842064943793,0.003888064908116551,-0.06777518020404372,1
2025-03-03,0.026664564670094038,0.026315260916018428,0.029250538548261776,0.017778923663158305,962.8671508789063,965.5472555529101,969.3945739746093,965.1725861991869,961.4983367919922,959.2686744228138,932.4520556640625,949.2619271706419,1.010968865277991,1.0041615014888625,1.0124081068983573,1.0439450532866863,56.14317125660708,56.29469923048209,55.363196163867656,8.564295085422145,10.038696990576394,-1.4744019051542487,989.0020540198653,933.994619564119,961.4983367919922,0.05721011919716556,0.7168865765791321,-0.3167949721982928,1711940.0,1.019176489830251,-0.024923078487466888,0.24582294659713444,0.01694915362428162,0.8714508996227683,-0.008326438259799285,-0.42318623374968334,0.000764409159436763,0.08440536819904931,0
2025-03-04,-0.0019978485961450465,-0.0019998469577111036,0.018632546795814012,0.014687474568684964,964.3232299804688,967.5261529532422,969.4494262695313,966.320106481863,963.5004455566407,960.4320337876798,933.1910656738281,950.133378958221,1.0074256406470499,1.0020986360188007,1.0082859351379472,1.0410343427928428,54.78816961425932,55.547125639112345,54.86194009386615,8.502538098183436,9.731465212097802,-1.2289271139143665,987.5770685903647,939.4238225229167,963.5004455566407,0.049977398858003154,0.6657936452733245,-0.382706822507736,1687537.7,0.6382281118815893,0.026664564670094038,-0.3167949721982928,-0.024923078487466888,0.24582294659713444,0.01694915362428162,0.8714508996227683,-0.015378349059117502,0.18753842064943793,1
2025-03-05,0.029360437118205907,0.028937674544975655,0.03700007493196019,0.028410268930288387,973.0896240234375,978.3531490065886,971.8330078125,972.4450218693935,966.4150970458984,964.2010916282132,934.8037231445312,952.0892127682234,1.0276619094740191,1.028990714530471,1.0347594363644212,1.06975091813864,68.00232729096452,63.254503821093884,60.38543661643883,10.632612429177925,9.911694655513827,0.7209177736640981,993.1979627581861,939.6322313336107,966.4150970458984,0.0554272502450688,1.127118181232771,1.2953704339881562,1754749.9,1.4088571824395033,-0.0019978485961450465,-0.382706822507736,0.026664564670094038,-0.3167949721982928,-0.024923078487466888,0.24582294659713444,-0.008326438259799285,-0.42318623374968334,1
2025-03-06,0.008377381582419074,0.008342486074536935,0.0188903541512057,-0.0018756410800222557,980.290234375,988.3636268442363,975.1989440917969,978.9794874421458,969.4668792724609,968.4090431416721,936.7315319824219,954.2968743270982,1.028659214546234,1.034029608654509,1.040143406731209,1.0764926215150126,70.91515130545457,65.16489323726027,61.82602891452866,12.84859063624856,10.499073851660775,2.3495167845877845,1000.4451338177255,938.4886247271963,969.4668792724609,0.06390781409368475,1.1281455139798928,-0.10872254258568914,1816909.0,1.2127239173783608,0.029360437118205907,1.2953704339881562,-0.0019978485961450465,-0.382706822507736,0.026664564670094038,-0.3167949721982928,0.01694915362428162,0.8714508996227683,1
2025-03-07,4.945109586240726e-05,4.944987319727418e-05,0.014686284193781284,0.00014839210095205562,992.3477661132813,995.0539006435533,978.1908874511719,984.3349348603351,972.5959533691406,972.2209864845784,938.6832763671875,956.4199164414155,1.0162107304296282,1.0309178516984756,1.036848287049622,1.0743074619854154,70.93352623618037,65.17649878447257,61.83470322327632,14.442311105290855,11.287721302386792,3.154589802904063,1005.9524931334838,939.2394136047974,972.5959533691406,0.06859279981331162,1.0372034258684828,-0.6551057928872942,1745442.3,0.43538706492904405,0.008377381582419074,-0.10872254258568914,0.029360437118205907,1.2953704339881562,-0.0019978485961450465,-0.382706822507736,-0.024923078487466888,0.24582294659713444,1
2025-03-10,0.0023240865769005303,0.00232139006483557,0.022200296003946737,0.0023240622352744297,999.8176513671875,1000.2953128313793,981.3424011230469,989.1427898324616,974.2290557861328,975.8930960771929,940.9681237792969,958.5516113734004,1.0109624848339653,1.0299953778113513,1.03751590162891,1.0741895624979834,71.90673446695524,65.75398426570328,62.25793700795398,15.71332869953892,12.172842781817218,3.5404859177217016,1011.4778424022818,936.9802691699838,974.2290557861328,0.07646823176730633,0.9906076780102793,1.4409857055068604,1771035.8,1.0474153035189915,4.945109586240726e-05,-0.6551057928872942,0.008377381582419074,-0.10872254258568914,0.029360437118205907,1.2953704339881562,0.026664564670094038,-0.3167949721982928,1
2025-03-11,0.0050814013921847145,0.0050685346411410035,0.01919205548953286,0.014743287531073825,1008.7037231445313,1005.5016441011279,986.5134765625,994.0103383430367,977.1960662841797,979.704639940377,943.3048315429687,960.8011288348603,1.0071483660966527,1.0298027657772826,1.039621772633278,1.076973500685763,74.12202114281126,67.04380613234483,63.19706082313518,16.939793849854254,13.126232995424626,3.813560854429628,1017.6615084632001,936.7306241051592,977.1960662841797,0.08281949462382023,0.978411185835491,-0.1396984382833516,1740726.3,0.9167828394389169,0.0023240865769005303,1.4409857055068604,4.945109586240726e-05,-0.6551057928872942,0.008377381582419074,-0.10872254258568914,-0.0019978485961450465,-0.382706822507736,0
2025-03-12,-0.008098954985178541,-0.008131929682179143,0.030532437490614277,-0.013955233179682277,1010.2395874023438,1006.2299168681999,991.6646057128906,996.4969063538197,979.9835601806641,982.3695754129452,945.3981945800781,962.6397693669185,0.9974727529668829,1.0161565277182958,1.0282687417904974,1.0658857486499989,64.60144075737954,62.95336598557002,60.658290550331984,17.051301263715914,13.911246649082884,3.14005461463303,1020.7842475359411,939.1828728253871,979.9835601806641,0.08326810573792727,0.839490631376541,-0.20820518990292425,1757551.5,0.7189547504013396,0.0050814013921847145,-0.1396984382833516,0.0023240865769005303,1.4409857055068604,4.945109586240726e-05,-0.6551057928872942,0.029360437118205907,1.2953704339881562,0
2025-03-13,-0.009105305381274964,-0.00914701203523454,0.01762886955539989,-0.013498878586529503,1008.2649047851562,1003.6570010566645,994.2775695800781,996.8631360046876,982.2175445556641,983.9068700815784,947.1674304199219,964.0464909381607,0.9903262175393869,1.004257965766344,1.016588611115983,1.054207669483429,55.3517320723203,58.65563079495446,57.933222282317395,16.21241559600105,14.371480438466518,1.840935157534533,1021.9239869234933,942.5111021878348,982.2175445556641,0.08085060705323009,0.7051760861246413,-0.035949667616334335,1674379.9,0.7275374005624411,-0.008098954985178541,-0.20820518990292425,0.0050814013921847145,-0.1396984382833516,0.0023240865769005303,1.4409857055068604,0.008377381582419074,-0.10872254258568914,1
2025-03-17,0.00449460674697133,0.00448453616632427,0.015213271957104363,-0.0018361129555367177,1007.17783203125,1003.4376955286618,999.7627990722656,997.9787629988637,984.0077239990235,985.725176214062,948.9755615234375,965.574043625788,0.9958510330294242,1.0032370532324206,1.0193000115857338,1.0569282552044776,58.7242358836896,60.09079994139462,58.88193318810903,15.72842243385901,14.642868837545018,1.085553596313991,1024.0704833284049,943.9449646696421,984.0077239990235,0.08142773344616783,0.7370201253175391,0.2499495146013624,1571265.5,0.9690634714502419,-0.009105305381274964,-0.035949667616334335,-0.008098954985178541,-0.20820518990292425,0.0050814013921847145,-0.1396984382833516,4.945109586240726e-05,-0.6551057928872942,0
2025-03-18,0.0,0.0,0.0,0.0,1005.622021484375,1003.2914918433266,1002.7198364257813,998.8915487213712,986.0572052001953,987.370310333928,951.0659313964844,967.0416922864496,0.9973917267564935,1.0002784905980022,1.0171814365161718,1.0546052080741832,58.7242358836896,60.09079994139462,58.88193318810903,15.16998423065536,14.748291916167087,0.42169231448827205,1025.5992439310785,946.5151664693121,986.0572052001953,0.08020232197959572,0.7142261731592126,-1.0,1396788.6,0.0,0.00449460674697133,0.2499495146013624,-0.009105305381274964,-0.035949667616334335,-0.008098954985178541,-0.20820518990292425,0.0023240865769005303,1.4409857055068604,1
2025-03-19,0.02749328992997513,0.0271221368851529,0.022257706046742216,-0.0025579386236124256,1008.5541259765625,1012.3859375960719,1008.6289245605469,1004.6521451541332,989.039175415039,991.4850264070361,953.4904028320312,969.5331878478266,1.0218339329123043,1.0217581550624053,1.0419959640821037,1.0808444700026105,74.70412454238893,68.00520157871124,64.33126848865953,16.759358609019387,15.15050525473755,1.6088533542818375,1032.3823912699397,945.6959595601384,989.039175415039,0.08764711637779604,0.9791482688498662,-1.0,1554300.7,1.706333272577179,0.0,-1.0,0.00449460674697133,0.2499495146013624,-0.009105305381274964,-0.035949667616334335,0.0050814013921847145,-0.1396984382833516,1
2025-03-20,0.016354575894800494,0.016222280295180552,0.024375241757914813,0.011801541425818773,1016.5027221679687,1024.0671061838398,1013.3711547851562,1012.4298357369044,992.6020812988281,996.8130661167826,956.4414562988281,972.5879429659266,1.0304246319433819,1.0336088987863874,1.0552359934494644,1.0951317892604173,80.17671165998598,71.69937547243563,67.12721115412586,19.158132736748144,15.952030751139668,3.206101985608475,1042.3677877047219,942.8363748929344,992.6020812988281,0.1002732259855327,1.050854855885796,-0.13210389287202295,1537261.0,1.497335195519824,0.02749328992997513,-1.0,0.0,-1.0,0.00449460674697133,0.2499495146013624,-0.008098954985178541,-0.20820518990292425,1
2025-03-21,0.008045645601408413,0.008013451958648192,0.01402672932950689,0.006368774878208109,1027.971826171875,1034.6636339402683,1018.1183654785157,1020.3256273216716,996.6586547851563,1002.4362683392914,959.7874450683594,975.8533840046402,1.027126096816381,1.0370667353170397,1.059396498875264,1.100094291583407,82.39806221000981,73.35587372515495,68.42653957302106,21.49144682450708,17.059913965813152,4.431532858693927,1052.757808387449,940.5595011828638,996.6586547851563,0.11257445732889468,1.027619677541351,0.1426491064582207,1579934.5,1.6647171132727339,0.016354575894800494,-0.13210389287202295,0.02749328992997513,-1.0,0.0,-1.0,-0.009105305381274964,-0.035949667616334335,1
2025-03-24,0.0025031278982627914,0.0025000002917374502,0.014604042357887568,-0.0015522336914980542,1039.0719360351563,1042.6089672231997,1023.1248840332031,1027.266355770288,1000.6578857421875,1007.7756364773647,963.0037841796875,979.094413407951,1.018697163382198,1.0345752022142307,1.0578037198037706,1.099164563190913,83.09132840008226,73.87238727164402,68.8322161653392,23.285458300979826,18.30502283284649,4.9804354681333365,1062.1571755206319,939.1585959637433,1000.6578857421875,0.12291771374555306,0.9702635449551861,-0.13797419456881443,1730665.4,1.310046413362167,0.008045645601408413,0.1426491064582207,0.016354575894800494,-0.13210389287202295,0.02749328992997513,-1.0,0.00449460674697133,0.2499495146013624,1
2025-03-25,0.00032971104788037664,0.00032965670513743645,0.021569205488599915,0.0003297456955651507,1050.241845703125,1048.0221890863,1027.93193359375,1033.0085879597812,1004.6371673583984,1012.6397313664253,966.5532250976562,982.2220298551882,1.0081950525439338,1.0300766015806728,1.0539612381618786,1.0954892139597576,83.19330600706802,73.94421716761642,68.88764250278324,24.453501877852545,19.534718641847704,4.918783236004842,1070.2459190645789,939.028415652218,1004.6371673583984,0.13061183447690405,0.913142027887377,-0.3067920989814983,1702332.1,0.9232493471749724,0.0025031278982627914,-0.13797419456881443,0.008045645601408413,0.1426491064582207,0.016354575894800494,-0.13210389287202295,0.0,-1.0,0
2025-03-26,-0.004944842616307343,-0.004957108803507495,0.015003169472125192,-0.010861005688804291,1054.8494384765625,1049.8857237137834,1031.7017822265625,1036.754807052321,1009.1076293945313,1016.5419277095039,969.5531469726562,985.0216676243476,0.9988276568553722,1.0212377366402337,1.0441034853744213,1.0866993689397664,75.24984333752305,70.79949354076169,67.01046924553768,24.67228951461493,20.56223281640115,4.110056698213782,1075.2689104564354,942.9463483326272,1009.1076293945313,0.13112829421694325,0.8363384358638496,-0.20208796082146652,1668151.3,0.751766341578249,0.00032971104788037664,-0.3067920989814983,0.0025031278982627914,-0.13797419456881443,0.008045645601408413,0.1426491064582207,0.02749328992997513,-1.0,1
2025-03-27,0.0031236690720497506,0.0031188005536062,0.01792875678225997,0.007414847844648647,1056.7443359375,1052.2251260305432,1036.6235290527343,1040.4182840726376,1014.1440673828125,1020.3859279908903,972.6587841796875,987.8405799004148,1.000151024917887,1.0195639024611571,1.042163499897603,1.0866132582716816,76.86946522910475,71.61661540711064,67.5933057777429,24.82507953603931,21.414802160328783,3.4102773757105282,1078.7380340657348,949.5501006998902,1014.1440673828125,0.12738617472686906,0.8309896069020565,1.0050866784683348,1793241.2,1.4022090279879806,-0.004944842616307343,-0.20208796082146652,0.00032971104788037664,-0.3067920989814983,0.0025031278982627914,-0.13797419456881443,0.016354575894800494,-0.13210389287202295,1
2025-03-28,0.0032554272231377634,0.003250139792058902,0.013402935152784297,0.0032554387090115255,1057.6419189453125,1054.9316188510913,1042.8068725585938,1044.0412514216466,1018.5422210693359,1024.191516229109,975.7783825683593,990.6838749824452,1.0025553880746048,1.0168178139165536,1.0410413849893867,1.0866653980397067,78.5791521279138,72.48352030162951,68.20983011693522,24.936349635569286,22.119111655376884,2.8172379801924023,1083.1416138007437,953.9428283379283,1018.5422210693359,0.12684676470963924,0.8235509008316693,-0.33417989030816875,1838844.2,0.9104653890742892,0.0031236690720497506,1.0050866784683348,-0.004944842616307343,-0.20208796082146652,0.00032971104788037664,-0.3067920989814983,0.008045645601408413,0.1426491064582207,0
2025-04-01,-0.0065368130178603545,-0.006558271544779408,0.016189325998520732,-0.006349952963311493,1056.624658203125,1054.425522593436,1047.8482971191406,1045.7452657228246,1023.8055480957031,1026.9745461194916,978.7234521484374,993.1438536136484,0.9969607673831301,1.0053109147328716,1.02891934121425,1.07631356719381,66.9488633801204,67.97911897779795,65.5711474341193,24.186429963873252,22.53257531707616,1.6538546467970932,1081.3760838643109,966.2350123270953,1023.8055480957031,0.11246380892482957,0.7571435334684388,0.0609597157813504,1864204.9,0.9528260546895891,0.0032554272231377634,-0.33417989030816875,0.0031236690720497506,1.0050866784683348,-0.004944842616307343,-0.20208796082146652,0.0025031278982627914,-0.13797419456881443,0
2025-04-02,-0.0003313030255764904,-0.00033135791854834167,0.01903586998881953,-0.0020791524644508796,1055.4677978515624,1053.97179208052,1052.8548217773437,1047.0760048740724,1027.7873291015626,1029.4592875418912,981.4501110839843,995.493676258395,0.9977228421352435,1.0001989916111989,1.0245936111853224,1.0729677638852242,66.3717984884747,67.75081780439781,65.43731355124133,23.29541685211234,22.685143624083395,0.6102732280289445,1081.7743497676952,973.8003084354301,1027.7873291015626,0.10505484770536165,0.7341025828174824,-0.5051644942218578,1952100.7,0.4502626324553851,-0.0065368130178603545,0.0609597157813504,0.0032554272231377634,-0.33417989030816875,0.0031236690720497506,1.0050866784683348,0.00032971104788037664,-0.3067920989814983,0
2025-04-03,-0.011222711619954917,-0.01128616141381292,0.013648770972229362,-0.0009090441836125168,1052.9944580078125,1049.7298926370133,1053.9219482421875,1046.016021033332,1031.2754364013672,1030.581840514092,983.7878161621094,997.2878887090461,0.9888429001990765,0.9879726819302613,1.0096682777429717,1.0584051526598928,49.51157084639333,60.35844542948741,61.00969743660862,21.389089451331756,22.425932789533068,-1.0368433382013116,1078.9004755005856,983.6503973021487,1031.2754364013672,0.09236143404211368,0.6046787313692357,0.8290896720889962,1847654.5,0.8701264224453219,-0.0003313030255764904,-0.5051644942218578,-0.0065368130178603545,0.0609597157813504,0.0032554272231377634,-0.33417989030816875,-0.004944842616307343,-0.20208796082146652,0
2025-04-04,-0.03668406900536092,-0.03737385141838508,0.040865001825441075,-0.025719313738544296,1042.2234619140625,1034.1695784897797,1049.4838989257812,1038.2038263355103,1031.4275268554688,1027.959660483732,985.5101770019531,997.5138126888997,0.9624125601175728,0.955754491538176,0.9724861166477934,1.0177966434062757,25.28853735437282,43.74497590026205,49.616660446516654,16.604712207596094,21.261688673145674,-4.65697646554958,1078.6700656297633,984.1849880811745,1031.4275268554688,0.09160612363783525,0.19965017337724272,1.3752314652113307,1999339.3,1.90995245279278,-0.011222711619954917,0.8290896720889962,-0.0003313030255764904,-0.5051644942218578,-0.0065368130178603545,0.0609597157813504,0.0031236690720497506,1.0050866784683348,0
2025-04-07,-0.07501864736873431,-0.07798170099046424,0.057830794903698794,0.02682117857943565,1015.7148559570312,998.7135772288636,1036.6783874511718,1018.1306896757867,1027.3983764648438,1018.4207951716653,985.5181555175782,994.7799994347088,0.9134468884309407,0.8949753230490023,0.9030592182746937,0.9414352942283086,11.90372960956681,27.61784209499436,35.791497128700996,6.664401368480412,18.342231212212624,-11.677829843732212,1092.2705075641059,962.5262453655816,1027.3983764648438,0.12628427800806818,-0.26763935506772163,0.1998194122886061,2194493.1,2.0878087973938033,-0.03668406900536092,1.3752314652113307,-0.011222711619954917,0.8290896720889962,-0.0003313030255764904,-0.5051644942218578,0.0032554272231377634,-0.33417989030816875,1
2025-04-08,0.02612060797438298,0.025785291471878337,0.038393070764082764,0.0055300996840071115,995.439453125,983.1544901252321,1026.0320556640625,1006.1135308107289,1024.5784698486327,1012.0984638141705,985.9599658203125,993.1037765516993,0.9563980138914777,0.9278816491769327,0.9291980496707284,0.9655932785525226,26.51760916142611,35.823891031957146,41.32071708760083,0.7337166610033137,14.820528301970763,-14.086811640967449,1096.9700979509942,952.1868417462712,1024.5784698486327,0.14131007088809186,-0.0010396632334997182,-0.6251304651872391,2139521.2,0.8027651233369409,-0.07501864736873431,0.1998194122886061,-0.03668406900536092,1.3752314652113307,-0.011222711619954917,0.8290896720889962,-0.0065368130178603545,0.0609597157813504,0
2025-04-09,-0.009480411250991527,-0.009525636412121704,0.016233976859248395,0.0004231744893137164,973.4287109375,969.7732001225506,1014.4482543945312,994.640274320994,1021.1900939941406,1005.5186691763626,986.48255859375,991.1393390444636,0.9687515988808085,0.9295798144775941,0.923442780793953,0.9559323800528895,24.73479754148019,34.265808191444876,39.97458735348111,-4.641191155583783,10.928184410459854,-15.569375566043638,1101.7332280363664,940.6469599519148,1021.1900939941406,0.15774366499620185,0.01467325671753409,0.03267768363111512,2159719.3,0.8212446867516534,0.02612060797438298,-0.6251304651872391,-0.07501864736873431,0.1998194122886061,-0.03668406900536092,1.3752314652113307,-0.0003313030255764904,-0.5051644942218578,1
2025-04-11,0.04727407635043135,0.04619067065038042,0.028932112511045147,0.018304270213921482,962.697607421875,975.7123254723256,1007.8460327148438,993.3585110211541,1019.7739074707031,1003.8112317473638,987.9605773925781,991.0001718729895,1.0258575159614907,0.979902231208465,0.9684407190034399,0.9996254898938584,45.75149939628968,46.6159728859566,48.65030106265186,-5.243174390364061,7.693912650295072,-12.937087040659133,1101.6237262695565,937.9240886718496,1019.7739074707031,0.1605254227417167,0.3034001066152702,1.053176542490153,2398476.6,1.5183108311333953,-0.009480411250991527,0.03267768363111512,0.02612060797438298,-0.6251304651872391,-0.07501864736873431,0.1998194122886061,-0.011222711619954917,0.8290896720889962,1
2025-04-15,0.01792476758090089,0.01776601321756876,0.01339285714285719,-0.001980198019801875,963.1463989257812,985.572519553165,1002.6849304199219,995.5284013290976,1019.6542297363281,1003.9523437442666,989.3647961425781,991.5606713177682,1.043759192617103,1.002600993807526,0.9859154980162265,1.0160993312419924,51.96537250140265,50.586114037818966,51.56890066176827,-4.24291059777147,5.306548000681764,-9.549458598453235,1101.581356815791,937.7271026568653,1019.6542297363281,0.16069590002220324,0.41235307197117355,-0.6463391560873927,2275817.0,0.5659079794201379,0.04727407635043135,1.053176542490153,-0.009480411250991527,0.03267768363111512,0.02612060797438298,-0.6251304651872391,-0.03668406900536092,1.3752314652113307,1
2025-04-16,0.0013888889732136533,0.00138792535905589,0.022785812803354233,0.006380881768756286,978.9239135742188,992.611395685183,997.319384765625,997.5576279873014,1020.0631286621094,1004.2129917637858,990.5326513671876,992.1539449111585,1.0283630157461618,1.0093949474227815,0.9868890656498567,1.0163109177266707,52.46638887357511,50.89630074895041,51.79580376727805,-3.2994948943055533,3.585339421684301,-6.884834315989854,1101.644978527902,938.4812787963169,1020.0631286621094,0.15995451178162534,0.41803335708315176,-0.005333476201235698,2236500.0,0.5727851553767047,0.01792476758090089,-0.6463391560873927,0.04727407635043135,1.053176542490153,-0.009480411250991527,0.03267768363111512,-0.07501864736873431,0.1998194122886061,0
2025-04-17,-0.0021795127138747317,-0.002181891308456242,0.021346306333821542,0.011244992175734152,989.4156616210937,996.5726158409034,992.4275573730469,998.8189785627636,1020.1379272460938,1004.2398550388865,991.773310546875,992.6379100578717,1.0152407073348155,1.0121595764745182,0.9846659253852283,1.0128272715853321,51.48193852470652,50.3613048145705,51.39847474520562,-2.6977777213202216,2.3287159930833967,-5.026493714403618,1101.6597801674177,938.6160743247698,1020.1379272460938,0.1598251584300874,0.40405719121198835,0.6190194795766544,2266275.6,0.9151662754521118,0.0013888889732136533,-0.005333476201235698,0.01792476758090089,-0.6463391560873927,0.04727407635043135,1.053176542490153,0.02612060797438298,-0.6251304651872391,1
2025-04-21,0.026608360235214734,0.02626051472596098,0.04187625612004359,0.032967032967032975,1007.0581420898437,1008.1227513809148,990.2434265136719,1004.7106229078861,1021.5491241455078,1006.8096805076532,993.7629516601562,994.1510517207371,1.0239955166053738,1.0413833556982464,1.0094698317357196,1.0376951774446828,61.696301090583546,56.376875534257756,55.74114001314213,-0.06345752161405471,1.8502812901439065,-1.9137388117579612,1102.812119892848,940.2861283981676,1021.5491241455078,0.15909757803436808,0.5595221615106797,-0.35147363645173935,2312885.4,0.5815489172096465,-0.0021795127138747317,0.6190194795766544,0.0013888889732136533,-0.005333476201235698,0.01792476758090089,-0.6463391560873927,-0.009480411250991527,0.03267768363111512,1
2025-04-22,0.00986460464934047,0.00981626706438673,0.02240952452430337,-0.014905706441627298,1017.8191528320312,1019.2137108815474,990.2583801269532,1011.3806241760544,1022.0901641845703,1010.1035804481446,995.9620288085938,996.0037802761126,1.0231637191982297,1.0516403100262615,1.0188882217780113,1.0456178044544209,64.97084383268032,58.44116636281328,57.267036716087844,2.812681774164048,2.042761386947935,0.7699203872161129,1103.7295399081888,940.4507884609517,1022.0901641845703,0.15974985100996633,0.6182362403382337,0.6011095448814028,2367474.3,0.9096538027889047,0.026608360235214734,-0.35147363645173935,-0.0021795127138747317,0.6190194795766544,0.0013888889732136533,-0.005333476201235698,0.04727407635043135,1.053176542490153,0
2025-04-23,-0.004788355282599133,-0.004799856184044132,0.02444190300954082,-0.011227448932564109,1024.0423828125,1024.9454931267608,993.5943908691406,1015.9312484380786,1021.5391448974609,1012.6088639880534,997.855927734375,997.5883009561547,1.012076331031068,1.0430906888580511,1.014556380726085,1.0386359681906656,61.94243273658325,57.01683276206206,56.26853311259669,4.636224668195041,2.5614540431973563,2.0747706249976847,1102.6339259103615,940.4443638845604,1021.5391448974609,0.1587697963763114,0.5916823039287881,-0.5848920542612261,2075006.9,0.43082700110539396,0.00986460464934047,0.6011095448814028,0.026608360235214734,-0.35147363645173935,-0.0021795127138747317,0.6190194795766544,0.01792476758090089,-0.6463391560873927,1
2025-04-24,0.005100077582991247,0.005087116237879812,0.017233125897558644,0.008691453404152585,1031.0435180664062,1030.5286034907572,1004.9837158203125,1020.6155349436551,1020.8310516357421,1015.3789554385959,999.7428454589843,999.31796853508,1.0103306077441998,1.036529057954409,1.0204380269874986,1.0419627696765417,64.01663340419577,58.18032645029056,57.101038153994445,6.433748491640813,3.335912932886048,3.097835558754765,1100.9563874052456,940.7057158662387,1020.8310516357421,0.15698060054327995,0.6301946031341864,0.3903401572090308,1741130.8,0.7138584878287145,-0.004788355282599133,-0.5848920542612261,0.00986460464934047,0.6011095448814028,0.026608360235214734,-0.35147363645173935,0.0013888889732136533,-0.005333476201235698,0
2025-04-25,-0.01541395834143855,-0.015533988420560533,0.03821474902289742,-0.0205714053199406,1035.2721435546875,1028.8984635250881,1012.3439025878906,1021.5287437891268,1019.1879791259765,1016.3560247867058,1001.3385498046875,1000.3501338314985,0.9906942729784474,1.0131321786715708,1.0063287681957405,1.0242671509988326,53.65329582036464,53.44746173011235,53.83235936184286,6.487874189592503,3.9663051842273394,2.521569005365164,1097.4829851629538,940.8929730889992,1019.1879791259765,0.15364193385428399,0.5411916723317398,1.2400595049886518,1847799.2,1.5067746538693165,0.005100077582991247,0.3903401572090308,-0.004788355282599133,-0.5848920542612261,0.00986460464934047,0.6011095448814028,-0.0021795127138747317,0.6190194795766544,1
2025-04-28,0.025281991443018237,0.024967688356508314,0.03765175577370922,0.03230859527238685,1039.3412109375,1036.455095475059,1023.1996765136719,1026.9904920774673,1018.8239654541015,1019.7095804617815,1002.8075952148438,1002.3586916959496,1.0117643256216802,1.0277254611318762,1.0321394029107902,1.0486242469570741,64.48537089022219,59.21725029237057,57.91718134215506,8.524848525926814,4.878013852567234,3.64683467335958,1096.4427921739307,941.2051387342723,1018.8239654541015,0.15236945606247806,0.710930745185648,-0.46630776264924756,1819024.9,0.8168744693929149,-0.01541395834143855,1.2400595049886518,0.005100077582991247,0.3903401572090308,-0.004788355282599133,-0.5848920542612261,0.026608360235214734,-0.35147363645173935,0
2025-04-29,-0.017830161607569006,-0.01799103406227387,0.02655465493270272,-0.01838864873370854,1037.625830078125,1035.2429721786852,1027.7224914550782,1028.050170897189,1017.7842620849609,1020.9580704736059,1004.3324877929688,1003.5532028288903,0.9953672081468657,1.0049587648156302,1.0147717586732752,1.028363353908393,53.865124517480105,54.00503006830303,54.27145908881343,8.527922036737209,5.60799548940123,2.9199265473359794,1094.0566456011486,941.5118785687733,1017.7842620849609,0.1498792747294823,0.5985577138662889,-0.18787413815729703,1575536.6,0.7659295252169959,0.025281991443018237,-0.46630776264924756,-0.01541395834143855,1.2400595049886518,0.005100077582991247,0.3903401572090308,0.00986460464934047,0.6011095448814028,0
2025-04-30,-0.005600500469751801,-0.005616242073927873,0.02068367432334433,-0.00019412735133487343,1035.7509033203125,1032.5067893951652,1029.8966430664063,1027.8654896119046,1016.2907867431641,1021.5367707930839,1005.8344445800781,1004.4740350249388,0.9915843862995967,0.9972208674942765,1.0105714203307798,1.0210770066210026,50.85089097879546,52.47064708041817,53.186961006580866,7.971719980062517,6.080740387533487,1.89097959252903,1090.5847839257183,941.9967895606098,1016.2907867431641,0.1462061806555169,0.5723048798852606,0.45459125750984053,1622279.1,1.0820135696749098,-0.017830161607569006,-0.18787413815729703,0.025281991443018237,-0.46630776264924756,-0.01541395834143855,1.2400595049886518,-0.004788355282599133,-0.5848920542612261,0
2025-05-02,-0.06049724334774753,-0.06240452596341403,0.09167959918039406,-0.05258520521457309,1020.3922729492188,1009.9717503845372,1025.7178955078125,1016.4175228394275,1011.5186401367188,1016.1429518950074,1006.0558483886718,1002.9221776656581,0.9456183645672324,0.9407086262110866,0.953913881639258,0.9590935472505783,29.889947797516626,39.4912443281853,43.40444730229495,2.4886445198875435,5.362321214004298,-2.873676694116755,1086.1411898661715,936.8960904072659,1011.5186401367188,0.14754557507584182,0.1876482514839735,2.537672161556131,2115153.2,2.935851171442333,-0.005600500469751801,0.45459125750984053,-0.017830161607569006,-0.18787413815729703,0.025281991443018237,-0.46630776264924756,0.005100077582991247,0.3903401572090308,0
2025-05-05,-0.01240310155975577,-0.012480662018024325,0.020617490535877806,-0.004480087359509569,1005.851416015625,990.9591332316186,1020.5617797851562,1004.8750457642191,1006.4946685791016,1010.1230420884144,1005.7706164550781,1000.9618530091924,0.9473903240108162,0.9337346526208226,0.9467848451408752,0.947466433533797,27.355963966615576,37.56378555545262,41.847766241788555,-2.790267120789622,3.7318035470455144,-6.522070667835136,1082.6718642400792,930.3174729181238,1006.4946685791016,0.1513712849935297,0.14844617087448683,-0.7348654339327915,2072393.9,0.7944561118424447,-0.06049724334774753,2.537672161556131,-0.005600500469751801,0.45459125750984053,-0.017830161607569006,-0.18787413815729703,-0.01541395834143855,1.2400595049886518,1
2025-05-06,0.012558870506119035,0.012480662018024375,0.017467725492571026,0.007812500000000002,988.5180786132812,982.2733129421729,1013.9296447753907,997.6071596913212,1002.0865356445313,1005.816244971735,1005.8284606933594,999.5477282779802,0.976109282408745,0.9516455873790235,0.9628925627093341,0.9593103695814438,33.894260869164455,40.68165542586554,43.958176869943365,-5.939674461111736,1.7975079454140646,-7.7371824065258,1077.1697386204257,927.0033326686367,1002.0865356445313,0.1498537308010067,0.2523756192634176,-0.11198802739995606,2084092.9,0.7015263091199054,-0.01240310155975577,-0.7348654339327915,-0.06049724334774753,2.537672161556131,-0.005600500469751801,0.45459125750984053,0.025281991443018237,-0.46630776264924756,0
2025-05-07,-0.0014470285153048712,-0.0014480764721378709,0.017700006229237716,0.008560341333001702,974.655419921875,976.0173526710842,1006.140625,991.4068455890638,998.1995025634766,1001.7866437486085,1005.6798608398437,998.1343048995852,0.9885600720366768,0.9576250160149395,0.9652433503067548,0.9580637632777914,33.48406019854873,40.428005226612946,43.76361851919974,-8.450851234065112,-0.2521638904817709,-8.198687343583341,1072.8189194462161,923.5800856807369,998.1995025634766,0.14950802257686852,0.26752652403401816,-0.30613605864658155,1970180.8,0.5149075658437032,0.012558870506119035,-0.11198802739995606,-0.01240310155975577,-0.7348654339327915,-0.06049724334774753,2.537672161556131,-0.017830161607569006,-0.18787413815729703,0
2025-05-08,-0.013352655850508266,-0.013442604156174409,0.021506504130790447,-0.009662324979707787,959.3765502929688,967.5582603419207,997.5637268066406,983.9947056062509,995.5790588378907,996.9155420281309,1005.1692358398437,996.2717861068013,0.9908935916698118,0.95296175085149,0.9548614620251727,0.9457512643523261,29.62927889018914,38.0724475331717,41.96655075622099,-11.34828766738326,-2.471388645862069,-8.876899021521192,1072.9629516270625,918.1951660487188,995.5790588378907,0.15545504317758496,0.2096360655005387,0.6229160115568759,2045422.4,0.8049119829723191,-0.0014470285153048712,-0.30613605864658155,0.012558870506119035,-0.11198802739995606,-0.01240310155975577,-0.7348654339327915,-0.005600500469751801,0.45459125750984053,1
2025-05-09,0.003986571804423189,0.003978646483305746,0.02507836990595615,0.02352941176470589,957.2821899414063,963.18213042977,988.8372314453125,978.6192810606541,996.9104736328125,992.8692876069249,1004.7633288574219,994.6309266753766,0.9970203986181837,0.965204221943026,0.9573877452881587,0.9499051599452873,32.30747882915111,39.19632720357779,42.694383524162475,-13.186713908638126,-4.614453698417281,-8.572260210220845,1070.402445093627,923.4185021719979,996.9104736328125,0.14743946102402666,0.21098473627153877,-0.1001272484868363,2069284.0,0.7159660056328663,-0.013352655850508266,0.6229160115568759,-0.0014470285153048712,-0.30613605864658155,0.012558870506119035,-0.11198802739995606,-0.06049724334774753,2.537672161556131,1
2025-05-12,0.05036572944864992,0.049138417282895475,0.03780342174545597,0.03309353772562309,967.1954956054688,976.2882293685446,986.5234558105469,982.9613076398249,999.4336791992188,993.7865390011315,1005.243037109375,994.9395345408949,1.036502373926508,1.0161952271296173,1.0030684857942072,0.9972716947424299,56.69613552954662,51.27537121263749,50.89637826697214,-10.642112127364612,-5.819985384206747,-4.822126743157865,1069.996524337664,928.8708340607736,999.4336791992188,0.14120565797819132,0.5217306150344276,-0.09835731405965564,1924444.0,0.6941313958733016,0.003986571804423189,-0.1001272484868363,-0.013352655850508266,0.6229160115568759,-0.0014470285153048712,-0.30613605864658155,-0.01240310155975577,-0.7348654339327915,0
2025-05-13,-0.015220852498516457,-0.015337878684688394,0.02303267831680343,-0.015220839243103395,971.6634643554687,979.9393249501236,980.090771484375,983.7395273622715,1001.6452239990234,993.1632034880029,1005.402607421875,994.6376514653022,1.016032353102981,1.0072960024080997,0.9856199505167748,0.9819364986976076,50.02194029172821,48.01470677239728,48.5789611389004,-9.744435698188227,-6.604875447003043,-3.1395602511851832,1067.6192252520468,935.6712227459999,1001.6452239990234,0.1317312750509112,0.3908379997258237,-0.300669927093307,1869270.2,0.49975493109556873,0.05036572944864992,-0.09835731405965564,0.003986571804423189,-0.1001272484868363,-0.013352655850508266,0.6229160115568759,0.012558870506119035,-0.11198802739995606,0
2025-05-14,-0.0006061218679607183,-0.0006063056340803228,0.025371450415089047,-0.00592848105073682,976.2910034179688,982.1739257805513,975.4732116699219,984.2674546493868,1001.5978515625,992.5422438645176,1005.8513989257813,994.324140719267,1.0106035229119135,1.0114507662925591,0.9850691331877717,0.980903469931156,49.753974204583805,47.88610371345688,48.48805332791318,-8.977814963134847,-7.079463350229404,-1.8983516129054427,1067.6134998578757,935.5822032671241,1001.5978515625,0.1318206667324434,0.3867334904128997,0.7663312198865955,1913601.8,0.8622828427523427,-0.015220852498516457,-0.300669927093307,0.05036572944864992,-0.09835731405965564,0.003986571804423189,-0.1001272484868363,-0.0014470285153048712,-0.30613605864658155,1
2025-05-15,0.04953003561177027,0.048342478841660964,0.04873348088834932,0.04561938451976343,993.2653076171875,999.9531494135967,976.3209289550781,993.5845713821686,1003.1087860107422,996.634563180248,1007.4381274414062,995.939335070656,1.042532733941798,1.0606262407874008,1.0323023894525019,1.0278661969143252,66.73331923481007,57.82174088826154,55.611046875585615,-4.376535474063417,-6.538877774996207,2.1623423009327905,1070.7566378747306,935.4609341467536,1003.1087860107422,0.1348764018567056,0.7394962277153596,2.21057097110055,2267834.4,2.3359968435085032,-0.0006061218679607183,0.7663312198865955,-0.015220852498516457,-0.300669927093307,0.05036572944864992,-0.09835731405965564,-0.013352655850508266,0.6229160115568759,0
2025-05-16,-0.01589141982038944,-0.016019042306537428,0.02378155028701405,-0.020701587229905977,1006.1905029296875,1006.3207153317207,981.7363464355469,998.2157124341322,1003.7271209716797,998.769923560031,1008.3716137695312,996.8458649568253,1.0127861912836802,1.0380137710780701,1.0152718063266535,1.0105955316993676,58.91233874019422,54.08258769536709,53.01887765142934,-2.034378735992732,-5.637977967195512,3.6035992312027805,1071.719771036998,935.7344709063614,1003.7271209716797,0.13548034848255688,0.6127234059972896,-0.8021048562250385,1751694.9,0.5984946351102581,0.04953003561177027,2.21057097110055,-0.0006061218679607183,0.7663312198865955,-0.015220852498516457,-0.300669927093307,0.003986571804423189,-0.1001272484868363,0
2025-05-19,-0.002153063350720741,-0.002155384523970697,0.01696742664497103,-0.013831171767530572,1009.0627685546875,1009.8343953448451,988.1291320800781,1001.6059020590342,1004.3454559326171,1000.4929551610846,1009.7459130859374,997.6308018358162,1.0077289412110377,1.0290778020384153,1.0124621457333665,1.007047161263975,57.85755728509683,53.58502553309291,52.67513426159206,-0.3511991131980494,-4.580622196396019,4.22942308319797,1072.5792957020606,936.1116161631738,1004.3454559326171,0.13587723101924656,0.5917162179408936,0.36840458612335225,1730513.1,0.8290073042498204,-0.01589141982038944,-0.8021048562250385,0.04953003561177027,2.21057097110055,-0.0006061218679607183,0.7663312198865955,0.05036572944864992,-0.09835731405965564,0
2025-05-20,-0.006767360155118807,-0.006790362572686338,0.023402796406984044,-0.017749745676982218,1013.6105224609375,1009.8830254447406,992.6369934082031,1003.1285172563972,1003.2833190917969,1001.3965104452224,1010.4769445800781,998.1150953185108,0.996418509145315,1.017471938232707,1.006675050232866,0.9995084905813925,54.30017413676826,51.970092686125305,51.573974990116085,0.4225844776211716,-3.5799808615925817,4.002565339213753,1070.463776783652,936.1028613999416,1003.2833190917969,0.1339212093203524,0.5498431149684347,0.13225076118354284,1746742.1,0.9299231981641708,-0.002153063350720741,0.36840458612335225,-0.01589141982038944,-0.8021048562250385,0.04953003561177027,2.21057097110055,-0.015220852498516457,-0.300669927093307,0
2025-05-21,-0.011652020058356749,-0.01172043682572284,0.019782244325267245,-0.014862180694820436,1015.9242919921875,1005.9926753290458,996.1076477050781,1002.2346005002626,1001.124136352539,1001.0932213645017,1011.0115051269531,998.1188945255361,0.9825653180712924,1.0021125501821277,0.9970911087355332,0.9873398769802431,48.3668501815454,49.23720360544794,49.708053107794534,0.08522679742839046,-2.8469393297883876,2.932166127216778,1066.0024815417955,936.2457911632825,1001.124136352539,0.12961098995301823,0.4775567545196496,-0.4611675170654347,1732820.5,0.5050984796174791,-0.006767360155118807,0.13225076118354284,-0.002153063350720741,0.36840458612335225,-0.01589141982038944,-0.8021048562250385,-0.0006061218679607183,0.7663312198865955,1
2025-05-22,0.0046957740906974355,0.004684783336843224,0.023468552266209492,0.0035927900059256664,1009.4018432617188,1004.9615678951452,1001.3335754394532,1002.3554645960954,999.4486511230468,1001.26523390382,1011.0693493652344,998.3063634863913,0.9935580757279348,1.0015636922862627,1.0034526054944588,0.991919450092103,50.8618924402115,50.3569697465543,50.45767861300808,0.1938658652019285,-2.2387782907903246,2.432644155992253,1062.2944609801673,936.6028412659263,999.4486511230468,0.12576095787713115,0.5274537149902445,0.4662294557523894,1696513.0,0.7564398268684059,-0.011652020058356749,-0.4611675170654347,-0.006767360155118807,0.13225076118354284,-0.002153063350720741,0.36840458612335225,0.04953003561177027,2.21057097110055,1
2025-05-23,0.0028838506130570707,0.002879700293231464,0.017253370762580555,-0.002472799208704245,1006.7489868164063,1005.2382335772323,1006.4697448730469,1002.9802101134246,997.6534881591797,1001.6963130502568,1011.0174890136718,998.5999007983527,0.999048996435519,0.9993261795149876,1.0081572177903597,0.9948310250524313,52.513718739253896,51.07411203535004,50.93152535931686,0.5074904058590164,-1.6895245514604564,2.197014957319473,1057.5517690963234,937.7552072220359,997.6534881591797,0.12007832709063154,0.567932473644499,0.221960399279987,1705174.7,0.9196441866044576,0.0046957740906974355,0.4662294557523894,-0.011652020058356749,-0.4611675170654347,-0.006767360155118807,0.13225076118354284,-0.01589141982038944,-0.8021048562250385,1
2025-05-26,0.023599467172817246,0.023325304760978684,0.054732148917496656,0.02288945337067132,1009.282177734375,1013.3347257051341,1009.1724731445313,1007.8070282675178,997.8479644775391,1004.3469222798454,1011.4393542480469,999.8127560596306,1.020059337887061,1.0201702259604648,1.031748068454482,1.0178837768541629,64.07628143426908,56.613552512621304,54.66779149135622,2.6409059260986396,-0.8234384559486373,3.464344382047277,1058.132434637372,937.5634943177062,997.8479644775391,0.12082896855213228,0.7627521267036567,2.007722455830231,2043250.2,2.3083673257440522,0.0028838506130570707,0.221960399279987,0.0046957740906974355,0.4662294557523894,-0.011652020058356749,-0.4611675170654347,-0.002153063350720741,0.36840458612335225,0
2025-05-27,-0.01801807730263527,-0.018182379455600653,0.023774267826501192,-0.01773254631101622,1009.481640625,1012.5490171693082,1011.5460815429688,1008.3834958729974,995.8184265136719,1004.9784154053513,1011.4433435058594,1000.2505930807297,1.0014819085483617,0.9994380073674495,1.0152228289619587,0.9995395259544754,52.435230036962025,51.6881766405181,51.45286946654421,2.802508684473878,-0.09824902786413425,2.900757712338012,1051.2714926667734,940.3653603605702,995.8184265136719,0.11137184184719494,0.636684719489912,-0.7544034099341641,2065669.9,0.5607740133116138,0.023599467172817246,2.007722455830231,0.0028838506130570707,0.221960399279987,0.0046957740906974355,0.4662294557523894,-0.006767360155118807,0.13225076118354284,0
2025-05-28,-0.012528362204527577,-0.01260750383909701,0.019380643770292198,-0.013695954359728738,1009.5015869140625,1007.8032469605284,1012.712939453125,1006.5522614493558,994.0930755615234,1004.343490751791,1011.0912915039063,1000.174558314543,0.9889154405340759,0.9857795507995256,1.0042436981859695,0.9873606022835693,45.80612903454015,48.58037114486638,49.371294409878224,1.8867984402687625,0.29876046576244514,1.5880379745063173,1046.9189599830968,941.26719113995,994.0930755615234,0.10627955413879965,0.5399295821323015,0.5456994027835569,2079713.1,0.860935097249712,-0.01801807730263527,-0.7544034099341641,0.023599467172817246,2.007722455830231,0.0028838506130570707,0.221960399279987,-0.011652020058356749,-0.4611675170654347,1
2025-05-29,0.005194805512407141,0.0051813590579581755,0.02534287387262849,-0.013916122958920155,1009.6212646484375,1006.3680785400919,1009.5115539550782,1005.996894222058,992.9162414550781,1004.2629432229746,1011.0075170898438,1000.3048792315891,0.9939348316407033,0.9940428495025159,1.0106569918008732,0.992571988572111,48.89259639695225,49.9084128591893,50.23681923488572,1.5615604729111965,0.5513204671921954,1.010240005719001,1043.7659944020988,942.0664885080572,992.9162414550781,0.10242506029008568,0.6040467222639739,0.8331469792203063,1878172.3,1.747574490370239,-0.012528362204527577,0.5456994027835569,-0.01801807730263527,-0.7544034099341641,0.023599467172817246,2.007722455830231,0.0046957740906974355,0.4662294557523894,0
2025-05-30,-0.012621745947569707,-0.012702076842845007,0.022143935581278296,-0.009471585244267123,1006.6293212890625,1001.1893350749051,1006.6891540527344,1003.2396131170531,994.2127502441406,1002.9837913107419,1010.8539306640625,999.9333878164105,0.9843065636869176,0.9842480612368131,0.9965994178823606,0.9801929023450716,42.066193754282935,46.73374411644251,48.12692588581934,0.2785641696456196,0.49676920768288024,-0.21820503803726066,1043.4355026806652,944.989997807616,994.2127502441406,0.09901854995208499,0.4656571206174504,-0.4787663691265067,1944416.0,0.8798616139756101,0.005194805512407141,0.8331469792203063,-0.012528362204527577,0.5456994027835569,-0.01801807730263527,-0.7544034099341641,0.0028838506130570707,0.221960399279987,0
2025-06-02,-0.014796176049842735,-0.014906731348486487,0.01813445057352662,-0.008308016420497744,995.9580444335937,992.8499986111348,1002.6201110839844,998.3181063109695,995.3746215820313,1000.4302231557754,1010.3173754882813,999.0015422425746,0.9801329796364536,0.9736203322594482,0.980707468844327,0.9662026501442827,35.39309250074628,43.30041810355723,45.7896570278138,-1.8993072519579073,0.01755391575472276,-1.91686116771263,1041.6540928863394,949.0951502777232,995.3746215820313,0.09298905216360112,0.29252900522385694,0.04639128556707117,1979973.6,0.9041453886051813,-0.012621745947569707,-0.4787663691265067,0.005194805512407141,0.8331469792203063,-0.012528362204527577,0.5456994027835569,0.023599467172817246,2.007722455830231,0
2025-06-03,-0.005108296191893347,-0.005121388140952428,0.015711632763155764,-0.006377225731184191,987.9994750976563,985.6282502134128,998.7405578613282,993.384769421333,995.6887756347656,997.6449403236034,1009.6810888671876,997.9106877788646,0.9829810418896978,0.972409446851376,0.9753898780257162,0.961872777579295,33.29705168077,42.16571742485344,45.00899715627067,-3.981761483783089,-0.7823091641528396,-3.1994523196302493,1041.2157402894857,950.1618109800457,995.6887756347656,0.0914481829439041,0.23088451643287267,-0.36399219298128016,1931397.1,0.5895064251675639,-0.014796176049842735,0.04639128556707117,-0.012621745947569707,-0.4787663691265067,0.005194805512407141,0.8331469792203063,-0.01801807730263527,-0.7544034099341641,0
2025-06-04,-0.00539125110899763,-0.005405836348670348,0.017913350683605733,-0.004573496615653988,981.526904296875,979.0684509886294,995.5142456054688,988.3964208972837,995.8109466552735,994.6262652965042,1008.3885693359375,996.657282475343,0.984128757256051,0.9703013862464372,0.9700122857491056,0.9579133301512698,31.044851927689606,40.95221512125643,44.17860157792979,-5.985616447960183,-1.8229706209143084,-4.162645827045875,1041.00368825106,950.6182050594869,995.8109466552735,0.09076570557409488,0.16961404573212416,1.106176953391576,2083675.8,1.150866176014522,-0.005108296191893347,-0.36399219298128016,-0.014796176049842735,0.04639128556707117,-0.012621745947569707,-0.4787663691265067,-0.012528362204527577,0.5456994027835569,1
2025-06-05,0.000206494257020573,0.0002064729400159906,0.012645161290322613,-0.004163227635474303,974.0570190429687,974.7617391356488,991.8391418457031,984.3513108122662,996.5863586425781,991.9140795949027,1006.7629467773437,995.4608523951212,0.9918806564105953,0.9740977893167154,0.969457696316103,0.9596581981114184,31.251523947482283,41.02185012951764,44.219766378111956,-7.4714645631150916,-2.952669409354465,-4.518795153760626,1039.1054327072884,954.0672845778679,996.5863586425781,0.08532943220821178,0.14206601528332144,-0.08985284600038701,2173601.0,1.0041226517654345,-0.00539125110899763,1.106176953391576,-0.005108296191893347,-0.36399219298128016,-0.014796176049842735,0.04639128556707117,0.005194805512407141,0.8331469792203063,1
2025-06-06,0.03731613138965573,0.03663673465994954,0.0427903263561691,0.037316154233870955,976.3308959960938,983.9082370604847,991.4801086425781,987.5967511937007,998.9749267578125,992.8938084820697,1005.6898376464844,995.7251810427697,1.0264975092155293,1.0108132519998372,1.0032296167460526,0.9965311325562439,57.875572461558804,52.032935955764856,51.068101036175314,-5.674429474687827,-3.4970214224211373,-2.1774080522666894,1036.8684894649452,961.0813640506797,998.9749267578125,0.07586489248557397,0.5425706363014595,-0.04260680796238547,2225742.6,0.9388192507076065,0.000206494257020573,-0.08985284600038701,-0.00539125110899763,1.106176953391576,-0.005108296191893347,-0.36399219298128016,-0.012621745947569707,-0.4787663691265067,1
2025-06-09,0.0030848842559392242,0.0030801357636958786,0.014930543445405446,0.001689369201682894,982.1552124023438,991.0364606119377,989.0566284179688,990.8142341975448,999.11455078125,994.0746750756673,1004.625703125,996.100386010302,1.0235580843234597,1.016415924862508,1.006183832403164,1.0006641325100167,59.44679042005787,52.8459463755356,51.603114548974766,-3.9552008087405284,-3.588657299685016,-0.3665435090555125,1037.0795565247479,961.1495450377521,999.11455078125,0.07599730323977656,0.5813691031069039,-0.10779634087395973,1940517.6,0.9607343937514403,0.03731613138965573,-0.04260680796238547,0.000206494257020573,-0.08985284600038701,-0.00539125110899763,1.106176953391576,-0.014796176049842735,0.04639128556707117,0
2025-06-10,-0.004861111406247676,-0.004872965038452719,0.01829332775167804,-0.011724161984297985,987.9994750976563,994.1596627061357,987.9994750976563,992.5582037788149,999.7727783203125,994.677664772702,1003.4568518066407,996.2692362410562,1.0125572858180403,1.0125572858180403,1.0006334325038162,0.9969597248684717,55.62098998108851,51.3640053313518,50.68338117515206,-2.9529867249749486,-3.461523184743003,0.5085364597680542,1037.346019057038,962.199537583587,999.7727783203125,0.07516356026386532,0.5084273882396282,-0.0625111971000718,1999458.3,0.8741272573676581,0.0030848842559392242,-0.10779634087395973,0.03731613138965573,-0.04260680796238547,0.000206494257020573,-0.08985284600038701,-0.005108296191893347,-0.36399219298128016,1
2025-06-11,0.003987638564491691,0.0039797090069805955,0.011965036327161099,0.003137569939345499,995.68876953125,997.5715500397675,988.6078369140625,994.7104075839451,1000.6603881835938,995.6031561950191,1002.4725024414063,996.5879063769768,1.0087442536686237,1.0159694139612017,1.0037324716432687,1.0019180798086154,58.18398212308885,52.534175100893115,51.425456463751566,-1.815892597665993,-3.132397067327601,1.316504469661608,1037.787104372363,963.5336719948245,1000.6603881835938,0.07420442864968792,0.5502998501732193,-0.4260779811658325,1920717.5,0.5222475455135906,-0.004861111406247676,-0.0625111971000718,0.0030848842559392242,-0.10779634087395973,0.03731613138965573,-0.04260680796238547,-0.00539125110899763,1.106176953391576,0
2025-06-12,-0.011369278816199313,-0.011434403148249036,0.01752625097086758,-0.01136922991703307,1001.0543212890625,996.0397247660951,987.5556701660156,994.3950742448187,998.5336120605468,995.3529579115649,1001.1939453125,996.4462659001837,0.9919302610272837,1.0054887073372007,0.9944343006838513,0.9917919288942714,48.776514857195124,48.90681531160905,49.20031633644548,-1.8152503135383995,-2.868967716569761,1.0537174030313614,1032.1370157236522,964.9302083974416,998.5336120605468,0.06730550330451522,0.4173069207882243,1.2161780099492567,1814795.5,1.2249457307999716,0.003987638564491691,-0.4260779811658325,-0.004861111406247676,-0.0625111971000718,0.0030848842559392242,-0.10779634087395973,0.000206494257020573,-0.08985284600038701,0
2025-06-13,-0.008436700162026689,-0.008472490560915352,0.012864028571315494,0.0025896087756243245,997.5338012695313,992.2260274482301,986.9323486328125,992.6139030753062,996.8107513427734,994.3287364735587,999.6790258789063,995.9816528379216,0.9870328519789815,0.9976353842048593,0.9877488093764811,0.9849147649635365,42.84710648133327,46.37688380476683,47.61333821244609,-2.4623464103640345,-2.787643455328616,0.32529704496458134,1029.5509413865416,964.0705612990052,996.8107513427734,0.0656898814537561,0.31349957782853655,-0.5300032478252616,1748195.3,0.5976534772745357,-0.011369278816199313,1.2161780099492567,0.003987638564491691,-0.4260779811658325,-0.004861111406247676,-0.0625111971000718,0.03731613138965573,-0.04260680796238547,1
2025-06-16,0.016763738694284713,0.016624778076123288,0.0266985336908533,0.01676372529042165,996.6960571289062,995.185413969393,989.425634765625,994.1575910637448,996.0228729248047,994.974017477193,998.6328430175781,996.1825365310117,1.0044227423709398,1.0118033653422172,1.0051016038135678,1.0024747273348962,55.32925382706534,51.680424280665235,50.890349233266654,-1.624587217792623,-2.5550322078214176,0.9304449900287945,1027.5302561858116,964.5154896637977,996.0228729248047,0.06326638497464633,0.5806368787407787,-0.16632896732914437,1656280.1,0.525896555781839,-0.008436700162026689,-0.5300032478252616,-0.011369278816199313,1.2161780099492567,0.003987638564491691,-0.4260779811658325,0.0030848842559392242,-0.10779634087395973,0
2025-06-17,-0.004134289951201908,-0.004142859756096719,0.012554381519997276,-0.004828248467832179,996.00791015625,995.7787199900121,992.0036926269531,994.668089421473,995.3721252441406,995.1636664823413,997.5108630371094,996.2132343937661,1.0009612593085229,1.005001634007186,1.001600614229295,0.9994531077043127,52.00644656208201,50.33602721194114,50.06576050821978,-1.2798744332479828,-2.3000006529067307,1.020126219658748,1026.230464176237,964.5137863120443,995.3721252441406,0.06200362286522256,0.5258148500898758,0.23474108873152777,1649972.9,0.6518282815432909,0.016763738694284713,-0.16632896732914437,-0.008436700162026689,-0.5300032478252616,-0.011369278816199313,1.2161780099492567,-0.004861111406247676,-0.0625111971000718,0
2025-06-18,-0.013304657444344059,-0.0133939573534705,0.015410364052578554,-0.010682070625940326,991.8690551757812,991.7528299282374,993.7789123535156,992.6740822184211,994.6465789794922,994.0719887035171,996.3599621582031,995.7225604883121,0.9917650365958376,0.9898590497106029,0.9889955594216844,0.9872948403846986,42.47006539145251,46.18907545272029,47.47707801481301,-2.053334230572773,-2.250667368439939,0.1973331378671661,1025.8837565578865,963.409401401098,994.6465789794922,0.0628106067794324,0.32479964543314893,-0.2054283639501292,1495625.8,0.5713735347437842,-0.004134289951201908,0.23474108873152777,0.016763738694284713,-0.16632896732914437,-0.008436700162026689,-0.5300032478252616,0.003987638564491691,-0.4260779811658325,1
2025-06-19,0.009834237949866154,0.009786196542152311,0.01300136776842463,0.009271418738021323,991.9488403320313,992.2935532854916,996.5015808105469,992.8015218150717,994.170361328125,994.0056088269918,996.1664831542969,995.6304992926921,1.0014377351028418,0.9968624426987825,0.9991999748141129,0.9971977744669166,50.23468309327511,49.45943086088531,49.477546855943444,-1.8642103042857343,-2.173375955609098,0.3091656513233638,1025.179325464024,963.1613971922258,994.170361328125,0.06238159040362833,0.4871752999448939,0.6278334723910874,1416477.9,0.9820717993552883,-0.013304657444344059,-0.2054283639501292,-0.004134289951201908,0.23474108873152777,0.016763738694284713,-0.16632896732914437,-0.011369278816199313,1.2161780099492567,1
2025-06-20,0.009537674397571472,0.009492477933298335,0.030232235874007623,0.011670582467402095,995.5990112304687,995.8121979585569,996.56640625,994.6284246313655,994.0232574462891,994.8478829677248,997.66744140625,995.91359686179,1.0072825263910798,1.0063047289325457,1.008879299143436,1.0051941615846791,56.883818130606684,52.503948929649354,51.38179272951251,-0.9389921690227538,-1.9264991982918294,0.9875070292690755,1024.8376091258624,963.2089057667159,994.0232574462891,0.06199925695649682,0.6432162186986595,5.97096794368129,2177240.4,4.453892643182627,0.009834237949866154,0.6278334723910874,-0.013304657444344059,-0.2054283639501292,-0.004134289951201908,0.23474108873152777,-0.008436700162026689,-0.5300032478252616,0
2025-06-23,-0.008502809925282517,-0.00853916504070717,0.021765308131425506,-0.00796019900497512,994.2426635742188,995.3156148825276,995.4693603515625,994.5727926493843,992.2629943847656,994.7978416117957,998.5131640625,995.8511988958558,1.000080247166183,0.9988478684861896,1.002075512598331,0.9958030444836791,49.88538232634205,49.60758137441301,49.61461579464873,-0.8836250015147016,-1.717924358936404,0.8342993574217024,1018.4361645913204,966.0898241782108,992.2629943847656,0.05275450229358395,0.5393428524219686,-0.8831778674142368,2104092.9,0.5384016076476471,0.009537674397571472,5.97096794368129,0.009834237949866154,0.6278334723910874,-0.013304657444344059,-0.2054283639501292,0.016763738694284713,-0.16632896732914437,1
2025-06-24,0.01003009088649609,0.00998012336629358,0.021102284011916637,0.0009940357852882636,995.7087158203125,998.3089410089248,995.8583129882812,996.3405745788996,991.9288940429688,995.7023893879789,999.7388635253906,996.1823516160856,1.0086238849825995,1.0084723701789662,1.0124673243142914,1.0045579199754822,57.089154802997214,52.881527133985564,51.65650426624795,-0.03459788486020443,-1.3812590641211642,1.3466611792609597,1017.2961512903865,966.561636795551,991.9288940429688,0.05114733001480432,0.7437531795048288,0.26615509420071737,2072750.8,0.6920079345766023,-0.008502809925282517,-0.8831778674142368,0.009537674397571472,5.97096794368129,0.009834237949866154,0.6278334723910874,-0.004134289951201908,0.23474108873152777,1
2025-06-25,0.017328639385296718,0.01718021077094342,0.01932749257831045,0.016319396003844234,1003.3082397460937,1006.1055171504812,997.5886474609375,1000.9511372797531,993.0982421875,998.1782255827993,1000.421025390625,997.1829915304977,1.018329790346538,1.0241683002648647,1.02879919229652,1.0212686893847125,66.80376007334331,58.00834469461226,54.99801113138395,2.0192681591054225,-0.7011536194758468,2.720421778581269,1021.5082419446949,964.6882424303051,993.0982421875,0.05721488277859826,1.0033514165879331,0.41465601383195283,2175354.4,0.9327795048016084,0.01003009088649609,0.26615509420071737,-0.008502809925282517,-0.8831778674142368,0.009537674397571472,5.97096794368129,-0.013304657444344059,-0.2054283639501292,1
2025-06-26,0.007906742317622006,0.007875647827123433,0.022613892287776435,0.00247577556128642,1010.5886352539062,1013.996003946675,1001.2687377929688,1006.192199145082,994.4122039794922,1001.1876305310149,1000.9107067871093,998.4611870602454,1.0189872927675812,1.0284721160963566,1.035563495116055,1.0288400059627825,70.4292121386199,60.174534904198175,56.464672370972025,4.24983430271584,0.28904396496249063,3.960790337753349,1026.7797511713895,962.044656787595,994.4122039794922,0.06509885349831197,1.0462998686601634,0.9184530679711362,2342330.1,1.6619275822822752,0.017328639385296718,0.41465601383195283,0.01003009088649609,0.26615509420071737,-0.008502809925282517,-0.8831778674142368,0.009834237949866154,0.6278334723910874,0
2025-06-27,-0.0035348787146602945,-0.0035411411607711367,0.02186795454461876,-0.009196328380617232,1015.2461059570312,1018.042949571221,1005.42255859375,1009.8184976314875,996.1774536132813,1003.5637457966623,1001.2996606445313,999.5465068155421,1.010727187033153,1.0206025636181617,1.0300743477965337,1.0248049421686547,66.60514821261147,58.70496452545594,55.60720859329079,5.6586164228212965,1.3629584565342518,4.295657966287044,1031.3046569334535,961.0502502931091,996.1774536132813,0.07052398785529769,0.9264413954900109,-0.5012298399371349,2432009.0,0.7983539534598761,0.007906742317622006,0.9184530679711362,0.017328639385296718,0.41465601383195283,0.01003009088649609,0.26615509420071737,0.009537674397571472,5.97096794368129,0
2025-06-30,-0.008164118183992986,-0.008197627101989728,0.01822633570400533,-0.012148539020313136,1019.9334838867187,1017.9484125071161,1007.0880737304688,1011.2622868582908,998.2568542480469,1004.9157069949712,1001.5649462890625,1000.2607355043015,0.9978683457870926,1.0105961582971674,1.0195365391661146,1.0161690883350563,58.13052810454957,55.35444830358956,53.63884836210528,6.029586647830797,2.2962840947935614,3.7333025530372357,1033.3243791700713,963.1893293260226,998.2568542480469,0.07025751893973126,0.7780704394482462,-0.6056271000677791,2421477.4,0.3162185201480716,-0.0035348787146602945,-0.5012298399371349,0.007906742317622006,0.9184530679711362,0.017328639385296718,0.41465601383195283,-0.008502809925282517,-0.8831778674142368,1
2025-07-01,0.00891713801686822,0.008877615121967143,0.014957229743660703,0.005763371406225052,1024.4413330078125,1020.9105546271401,1010.0750244140625,1014.0936599508175,1001.0393585205078,1007.0032433637538,1001.4771826171875,1001.3028572048067,1.002336401102001,1.0165926431681125,1.025768697431442,1.0253202536115023,63.93083922171607,58.141597694738415,55.43329017732124,6.9754911462871405,3.2321255050922773,3.7433656411948633,1035.9037027185466,966.175014322469,1001.0393585205078,0.069656290537001,0.8699407079071169,0.29117453468387766,2412794.8,0.40976257077477124,-0.008164118183992986,-0.6056271000677791,-0.0035348787146602945,-0.5012298399371349,0.007906742317622006,0.9184530679711362,0.01003009088649609,0.26615509420071737,1
2025-07-02,0.029429026807599845,0.029004305631467157,0.03198417174563524,0.028031061507335097,1031.5123168945313,1032.958232707156,1017.4102783203125,1021.9045561174302,1005.594595336914,1011.7699429355093,1001.790341796875,1003.489160407253,1.0247609956316863,1.0389649204373321,1.0511727029648887,1.0551644837892815,76.55035666414025,65.7979914354824,60.745334140310156,10.047704173325087,4.59524123873884,5.452462934586247,1044.5018163222858,966.6873743515424,1005.594595336914,0.07738152365931565,1.1613038945858012,2.2032067225462817,2644031.1,1.1977635210115343,0.00891713801686822,0.29117453468387766,-0.008164118183992986,-0.6056271000677791,-0.0035348787146602945,-0.5012298399371349,0.017328639385296718,0.41465601383195283,0
2025-07-03,-0.013020211717162722,-0.013105717688587195,0.024089545770300234,-0.01774650179724181,1034.2150268554688,1036.402330919354,1022.4018310546875,1025.7929145222156,1009.4517059326172,1014.7719033553417,1001.9279711914063,1005.0499983263314,1.0087752549060085,1.0204310043806497,1.0335219814997187,1.0412829637874657,64.5501363446652,60.38091984102754,57.469539562229684,11.242296888669443,5.924652368724961,5.317644519944483,1047.2307675207978,971.6726443444367,1009.4517059326172,0.07485065677961697,0.9478515345351967,-0.46201266591809587,2675299.3,0.6368502395227331,0.029429026807599845,2.2032067225462817,0.00891713801686822,0.29117453468387766,-0.008164118183992986,-0.6056271000677791,0.007906742317622006,0.9184530679711362,0
2025-07-04,-0.004492761830502623,-0.004502884615823245,0.018820794244714337,-0.009793598208629442,1036.7083129882812,1037.135977774361,1025.9772094726563,1028.1220703335173,1011.2718078613282,1017.0415574628686,1001.8661401367187,1006.3658129599802,1.0018278608094031,1.0123063766866793,1.0270268224730286,1.036668702410327,60.765292279970545,58.61113542543508,56.382265162335734,11.676201860471679,7.074962267074305,4.6012395933973735,1050.938611278969,971.6050044436876,1011.2718078613282,0.07844934093738727,0.8445130596393342,-0.4358916869403938,1801690.6,0.5334478628017485,-0.013020211717162722,-0.46201266591809587,0.029429026807599845,2.2032067225462817,0.00891713801686822,0.29117453468387766,-0.0035348787146602945,-0.5012298399371349,1
2025-07-07,0.0011521774543683527,0.0011515142073284812,0.009303617301950978,0.001536960217038879,1041.1164306640626,1038.023960768845,1030.5249572753905,1030.2453169561163,1012.9971588134765,1019.2090212052442,1002.149375,1007.6769546775423,0.9987354883013321,1.0090002376137925,1.0264588777087293,1.0375698001685751,61.43873290492341,58.94200245149615,56.602358688487925,11.978553448676621,8.055680503394768,3.9228729452818527,1054.435899309581,971.558418317372,1012.9971588134765,0.08181412975460198,0.8234022996772271,-0.09277937547081072,1775599.6,0.49106622912057424,-0.004492761830502623,-0.4358916869403938,-0.013020211717162722,-0.46201266591809587,0.029429026807599845,2.2032067225462817,-0.008164118183992986,-0.6056271000677791,1
2025-07-08,0.005001032514400983,0.004988568888024738,0.009856389241925837,0.0028790786948176585,1044.749462890625,1040.34930717923,1034.5953979492188,1032.9279866004588,1015.22685546875,1021.6653048999829,1002.0180078125,1009.1406035137172,1.0002398059231175,1.0100566869632372,1.029326592742174,1.042895428876906,64.52568636792816,60.42261739971817,57.57904324444152,12.493751522018215,8.943294707119458,3.550456814898757,1058.4751187271172,971.9785922103829,1015.22685546875,0.08519921045311314,0.8442120248087627,-0.05037749286932425,1714964.7,0.48281518564201353,0.0011521774543683527,-0.09277937547081072,-0.004492761830502623,-0.4358916869403938,-0.013020211717162722,-0.46201266591809587,0.00891713801686822,0.29117453468387766,0
2025-07-09,-0.004401890512858886,-0.0044116073583805124,0.017877715445472737,-0.010744439747497714,1041.41875,1040.3662129241743,1036.4655334472657,1034.2865389302049,1017.0270904541015,1023.4495639013238,1002.1696337890625,1010.366463156868,0.9990217906236684,1.0037960654163876,1.0229816237731926,1.0381476242504537,59.601559169287675,58.41581078638517,56.400071985853586,12.388068182059897,9.632249402107545,2.7558187799523512,1061.3071329797872,972.7470479284159,1017.0270904541015,0.08707741011287054,0.7639217650525398,1.012783646594067,1678712.8,0.9927886413923811,0.005001032514400983,-0.05037749286932425,0.0011521774543683527,-0.09277937547081072,-0.004492761830502623,-0.4358916869403938,0.029429026807599845,2.2032067225462817,1
2025-07-10,0.002787412866215311,0.002783535235006731,0.014856703991732964,0.002305720393669419,1041.420654296875,1041.3441582254914,1037.8178405761719,1035.9253589116447,1019.5432891845703,1025.3400862753049,1002.4949462890625,1011.6579763204467,1.001804644956383,1.0052824378591425,1.0233013741501407,1.040703549369611,61.7485839837166,59.33283478258403,56.98313163975936,12.395434257207853,10.184886373127608,2.2105478840802455,1063.789877005844,975.2967013632966,1019.5432891845703,0.08679687913332648,0.7684586632930434,-0.33898393562489537,1399599.9,0.7871206621263692,-0.004401890512858886,1.012783646594067,0.005001032514400983,-0.05037749286932425,0.0011521774543683527,-0.09277937547081072,-0.013020211717162722,-0.46201266591809587,0
2025-07-11,-0.00584692549674648,-0.005864085687895049,0.016486672185644802,-0.005560928886025887,1041.139990234375,1039.962755874286,1038.9241516113282,1036.1571029589593,1022.1733551025391,1026.4695972178354,1003.9409118652344,1012.6596223930517,0.9962156490967049,0.9983403981543995,1.0147006336981153,1.0331284828753997,54.624313857354984,56.50992493131511,55.34836251146192,11.773329411799978,10.502574980862082,1.2707544309378953,1063.9850435115068,980.3616666935714,1022.1733551025391,0.08180938820259775,0.6796937249024492,-0.15408921494407501,1298629.6,0.7176033874478142,0.002787412866215311,-0.33898393562489537,-0.004401890512858886,1.012783646594067,0.005001032514400983,-0.05037749286932425,-0.004492761830502623,-0.4358916869403938,1
2025-07-14,0.0016390988451808752,0.0016377569887588385,0.012609467011347757,-0.0010576688326322115,1040.960009765625,1039.6085120542116,1041.0382202148437,1036.6558159507963,1024.0631469726563,1027.6534474269997,1005.660234375,1013.6886577664246,0.9980210715760096,0.9979460928914407,1.0144882446802885,1.0330527039877644,56.26498044639706,57.12220466626722,55.72010044882026,11.287374712788505,10.659534927247368,0.6278397855411377,1065.3076176178558,982.818676327457,1024.0631469726563,0.08055063941540457,0.6798650486878416,0.3290295857607193,1345910.4,0.9202128165441028,-0.00584692549674648,-0.15408921494407501,0.002787412866215311,-0.33898393562489537,-0.004401890512858886,1.012783646594067,0.0011521774543683527,-0.09277937547081072,0
2025-07-15,-0.0037539939574667835,-0.003761057876932006,0.015942028985507246,-0.00928491588517281,1038.960009765625,1038.0723413694745,1041.854736328125,1036.354758505197,1025.9648803710938,1028.3531191006189,1007.0622009277344,1014.5243966775453,0.9961884868248987,0.9934206410077056,1.0088064609245087,1.0277418803391971,51.300589572990866,55.20220765876433,54.62468853225324,10.466896864716773,10.621007314741249,-0.15411045002447565,1065.508585749275,986.4211749929128,1025.9648803710938,0.0770858849746943,0.614242197873184,-0.20644089254628895,1345327.3,0.7305597678721006,0.0016390988451808752,0.3290295857607193,-0.00584692549674648,-0.15408921494407501,0.002787412866215311,-0.33898393562489537,0.005001032514400983,-0.05037749286932425,0
2025-07-16,-0.005024107412439638,-0.005036770672276184,0.014080403294309873,-0.0040618483286992265,1036.8400146484375,1035.314910522358,1039.1293823242188,1035.1629931093657,1028.2698303222655,1028.49092193181,1008.3880932617187,1015.123441859921,0.9932101715589173,0.9910219712243851,1.0014881487920149,1.0212338441017759,45.10940659210411,52.660658581948525,53.16155328997315,9.289980544229593,10.354801960638918,-1.064821416409325,1062.7393659518084,993.8002946927226,1028.2698303222655,0.06704375566234394,0.5221966800235628,0.11843307469562747,1138559.2,0.9654684622459685,-0.0037539939574667835,-0.20644089254628895,0.0016390988451808752,0.3290295857607193,-0.00584692549674648,-0.15408921494407501,-0.004401890512858886,1.012783646594067,1
2025-07-17,0.004272579272798671,0.004263477721500966,0.01759809710999525,0.003590442670426977,1035.0199951171876,1034.9432574055304,1038.2203247070313,1034.9878945752764,1030.3110778808593,1029.0346390022924,1010.0592907714844,1015.8715402643113,0.9992077023157222,0.9961276297145398,1.0037744651828981,1.0239002409273934,50.95269105444654,54.566752474673855,54.250275423875074,8.61301574455456,10.006444717422045,-1.3934289728674862,1060.8886113024537,999.733544459265,1030.3110778808593,0.059355924784359554,0.5635903693963308,0.4136792319805538,1123580.4,1.383058123833417,-0.005024107412439638,0.11843307469562747,-0.0037539939574667835,-0.20644089254628895,0.0016390988451808752,0.3290295857607193,0.002787412866215311,-0.33898393562489537,1
2025-07-18,0.00019345702149831112,0.00019343831110179378,0.025618715559303052,-0.004427310477321944,1034.460009765625,1034.7621797417078,1037.8,1034.8810090914192,1031.888604736328,1029.5456280891276,1011.6586938476562,1016.5981474858702,0.9999420128849871,0.9967238624147837,1.00243380890748,1.0224792518511494,51.22812743061764,54.65615937451867,54.300992779907254,8.000436450800862,9.60524306409781,-1.6048066132969474,1059.7731397259138,1004.0040697467423,1031.888604736328,0.054045630238761876,0.5450324826767314,0.09011587687591249,1196871.1,1.415369625016428,0.004272579272798671,0.4136792319805538,-0.005024107412439638,0.11843307469562747,-0.0037539939574667835,-0.20644089254628895,-0.00584692549674648,-0.15408921494407501,1
2025-07-21,0.00038672119549598705,0.0003866464381273491,0.0340162452126805,-0.015413845073144625,1033.6400146484375,1034.7748027705136,1037.3000122070312,1034.8662890435473,1033.9124847412108,1030.0460491118893,1012.3046862792969,1017.3119475385078,1.0011222806424362,0.9975899321801924,1.000858451851596,1.0222219286878038,51.858747480473305,54.847479836837806,54.40710175223767,7.461233123189004,9.176441075916049,-1.7152079527270452,1055.8354183135543,1011.9895511688673,1033.9124847412108,0.04240771611889543,0.520242822065426,0.6357753620835707,1386780.2,1.9981738995119775,0.00019345702149831112,0.09011587687591249,0.004272579272798671,0.4136792319805538,-0.005024107412439638,0.11843307469562747,0.0016390988451808752,0.3290295857607193,0
2025-07-22,-0.003962212468866078,-0.003970082828928343,0.014165107478017986,-0.007606416907150046,1032.7800048828126,1033.4165189043008,1035.8700073242187,1034.1087730668796,1035.2327026367188,1030.1083254985547,1013.1738549804687,1017.8369672888359,0.9979859663228341,0.9950089720565435,0.9956215144157453,1.0172982120543805,44.914303121521584,52.40673376345367,53.08068837996681,6.626678758627804,8.666488612458402,-2.0398098538305973,1052.5611514263862,1017.9042538470513,1035.2327026367188,0.03347739835793866,0.3692106973952983,-0.5533902941435453,1427735.9,0.866804567987679,0.00038672119549598705,0.6357753620835707,0.00019345702149831112,0.09011587687591249,0.004272579272798671,0.4136792319805538,-0.0037539939574667835,-0.20644089254628895,1
2025-07-23,0.0030077595838879922,0.003003245324636587,0.012381551773609056,-0.00019337637512088974,1033.5800048828125,1033.5443622122423,1035.210009765625,1034.052641387106,1035.8377716064454,1030.459918196609,1014.1169934082031,1018.4629704864551,1.0002128949324416,0.9986379952626044,0.9980327780718402,1.0194090578778014,50.733884715149316,54.070985083845564,53.971569869941185,6.14460915488462,8.162112720943645,-2.017503566059025,1052.0423139345094,1019.6332292783812,1035.8377716064454,0.03128779963861135,0.4371249512307656,-0.036423049076899194,1380324.4,0.8639215535130728,-0.003962212468866078,-0.5533902941435453,0.00038672119549598705,0.6357753620835707,0.00019345702149831112,0.09011587687591249,-0.005024107412439638,0.11843307469562747,0
2025-07-24,0.0,0.0,0.016444185719734227,-0.005004765324230029,1033.5000244140624,1033.6295910842032,1034.260009765625,1034.0067154672913,1036.0389251708984,1030.778025875801,1014.0827624511719,1019.0644245390696,1.0002902993778182,0.9995552753339034,0.997839003643223,1.0194434686270515,50.733884715149316,54.070985083845564,53.971569869941185,5.6968952584491035,7.669069228444737,-1.9721739699956338,1052.0360861351091,1020.0417642066878,1036.0389251708984,0.030881389831124074,0.43002269753419436,0.22633778675244787,1416398.8,1.032476164198953,0.0030077595838879922,-0.036423049076899194,-0.003962212468866078,-0.5533902941435453,0.00038672119549598705,0.6357753620835707,0.004272579272798671,0.4136792319805538,0
2025-07-25,-0.006674428407973165,-0.006696802014854797,0.014509712785881259,-0.006674428407973182,1032.0000244140624,1031.3864021941563,1033.2300170898438,1032.7145898212498,1036.077084350586,1030.4086924032545,1014.2396459960937,1019.37170296554,0.9950581396517936,0.9938735880964723,0.9911424930874949,1.0124826301830618,38.43322136201062,49.594363921263756,51.56881584390101,4.73077108139114,7.081409599034019,-2.350638517642879,1051.982963167373,1020.1712055337987,1036.077084350586,0.030704045204816066,0.21151987129319003,-0.3761923908539262,1414434.2,0.6449610734808308,0.0,0.22633778675244787,0.0030077595838879922,-0.036423049076899194,-0.003962212468866078,-0.5533902941435453,0.00019345702149831112,0.09011587687591249,1
2025-07-28,0.0018502525746326715,0.0018485429658182796,0.01613527876951992,-0.00019431600765306122,1030.8000244140626,1030.5242844054792,1032.22001953125,1032.002855095227,1036.6291198730469,1030.2554882532422,1014.4784118652344,1019.7414420189747,0.9980597831406975,0.9966867812690959,0.9924475678959505,1.0141172417228264,42.88217063013892,50.802246102934625,52.18429406246003,4.071493162807656,6.479426311788746,-2.4079331489810905,1050.6027054459955,1022.6555343000982,1036.6291198730469,0.026959662438693518,0.21986177047936395,1.016418654871719,1474530.6,1.2475075118820864,-0.006674428407973165,-0.3761923908539262,0.0,0.22633778675244787,0.0030077595838879922,-0.036423049076899194,0.00038672119549598705,0.6357753620835707,1
2025-07-29,0.0059292139350943796,0.005911705320277489,0.02657267406165748,0.0108419972196155,1031.6400390625,1031.9828644083404,1032.2100219726562,1032.529613153197,1037.0323791503906,1030.6978250304633,1014.976806640625,1020.3358962305467,1.0031600027413874,1.0026060611543621,0.9979437915544401,1.0196292345234759,55.04875016305572,54.566470860753384,54.14855353252967,3.99517383558441,5.982575816547879,-1.9874019809634689,1050.2997446659092,1023.765013634872,1037.0323791503906,0.025587176991306925,0.41963910492124634,0.20432424674692085,1597780.4,1.3865109372977664,0.0018502525746326715,1.016418654871719,-0.006674428407973165,-0.3761923908539262,0.0,0.22633778675244787,-0.003962212468866078,-0.5533902941435453,1
2025-07-30,0.0028988307365231947,0.0028946372289281297,0.019847863157995017,-0.0081230884954916,1032.4600341796875,1033.9552510769145,1033.02001953125,1033.5060515642635,1036.0747009277343,1031.3837487812823,1015.7705676269532,1021.0246855710768,1.0052689596248607,1.0047240177252585,1.0017617682245246,1.021785881076283,59.94429600115713,56.33589784756189,55.10101467563536,4.12916668365051,5.611893989968405,-1.4827273063178952,1045.6838211458237,1026.4655807096449,1036.0747009277343,0.018549087646836833,0.5949786996572277,-0.1960430453113292,1665959.9,1.0690761524332009,0.0059292139350943796,0.20432424674692085,0.0018502525746326715,1.016418654871719,-0.006674428407973165,-0.3761923908539262,0.0030077595838879922,-0.036423049076899194,1
2025-07-31,0.010020256449973397,0.009970386543114157,0.03872934627001444,0.029764291579690568,1035.3600341796875,1038.736850327318,1034.430029296875,1036.1958692486019,1036.325177001953,1032.9948249762197,1016.6785815429688,1022.0943076595886,1.0124980820403116,1.0134083689939644,1.0115551296947303,1.0311027180656895,72.19267187003533,61.87861405532295,58.25730614913692,5.0167223818766615,5.492859668350056,-0.4761372864733948,1046.8874889834547,1025.7628650204515,1036.325177001953,0.020384165541665063,1.0668679284963483,0.7656703562753855,1825034.8,1.7231046772368395,0.0028988307365231947,-0.1960430453113292,0.0059292139350943796,0.20432424674692085,0.0018502525746326715,1.016418654871719,0.0,0.22633778675244787,0
2025-08-01,-0.01955546985132417,-0.019749207971367904,0.029577761208246622,-0.024857638682993358,1035.5400390625,1035.091249827587,1033.7700317382812,1034.6693564448788,1035.7850158691406,1032.5000843906869,1017.1187512207031,1022.3180622152174,0.992525648509562,0.9942250377483688,0.9922909031134078,1.0105015246200137,42.386428134299535,48.74385364510815,50.85773736369067,4.019602517160365,5.198208238112118,-1.1786057209517526,1046.915737201509,1024.654294536772,1035.7850158691406,0.021492338973505103,0.1413095430843705,-0.4897320148082853,1816098.6,0.8835715197401727,0.010020256449973397,0.7656703562753855,0.0028988307365231947,-0.1960430453113292,0.0059292139350943796,0.20432424674692085,-0.006674428407973165,-0.3761923908539262,1
2025-08-04,0.027339924353940726,0.0269728638684885,0.030779429158584233,0.025444376502465473,1040.9600341796875,1042.027508023079,1035.880029296875,1038.5294778938212,1036.590020751953,1034.728650107199,1017.6461975097657,1023.6350019092898,1.0143521266367812,1.019326557662065,1.018628390468299,1.037590497559865,65.2984011528872,60.9727291710882,58.45291524285794,5.434169307874527,5.245400452064599,0.18876885580992742,1050.6967438936713,1022.4832976102347,1036.590020751953,0.027217555367714506,1.1844255561025145,0.14397318298722528,1722563.8,1.0656673500279061,-0.01955546985132417,-0.4897320148082853,0.010020256449973397,0.7656703562753855,0.0028988307365231947,-0.1960430453113292,0.0018502525746326715,1.016418654871719,0
2025-08-05,-0.002367648396814137,-0.0023704557083060306,0.013954882192417063,-0.005287984500413126,1044.6600341796875,1045.8183468200737,1038.1500366210937,1041.2332136247742,1037.0100219726562,1036.506876231662,1018.4946459960937,1024.8022576937906,1.0083663488105372,1.0146895797861777,1.0158050569368928,1.0342715384466563,62.70986399933544,59.610095425768534,57.62098512891542,6.281090077717636,5.452538377195206,0.8285517005224294,1052.5233623005493,1021.4966816447632,1037.0100219726562,0.02991936432472029,1.0282551047996094,-0.16926261657805286,1751303.8,0.8707615434854877,0.027339924353940726,0.14397318298722528,-0.01955546985132417,-0.4897320148082853,0.010020256449973397,0.7656703562753855,0.0059292139350943796,0.20432424674692085,0
2025-08-06,-0.0007594919399873667,-0.0007597805001061268,0.014915401421262154,-0.006043460258793674,1047.6000244140625,1048.0788897420284,1040.030029296875,1043.2998976177128,1037.62001953125,1038.0395523606408,1019.5804113769532,1025.8923642777963,1.004772767330424,1.0120861378373474,1.014436841784775,1.032385443894897,61.79526581615639,59.15448635590617,57.34672977769788,6.809231058368596,5.723876913429884,1.0853541449387114,1054.5163578169665,1020.7236812455333,1037.62001953125,0.032567487071711754,0.9432900135336109,0.1787230945173932,1811806.1,0.9921122354097384,-0.002367648396814137,-0.16926261657805286,0.027339924353940726,0.14397318298722528,-0.01955546985132417,-0.4897320148082853,0.0028988307365231947,-0.1960430453113292,1
2025-08-07,0.011590417561425648,0.011523763211893932,0.027141268866270878,0.011590417561425688,1050.9000244140625,1053.652609437394,1043.130029296875,1047.2090160196058,1038.69501953125,1040.5881710718297,1020.8064575195312,1027.4181558287896,1.0132267809412343,1.020774034801641,1.0251325257231483,1.0430968975406898,69.66602369466459,63.709560026575566,60.367134549227806,8.118643868131358,6.202830304370179,1.9158135637611782,1059.2416007412346,1018.1484383212653,1038.69501953125,0.039562298506556945,1.1352645491257995,0.02229411159294914,1849325.2,0.9936537932863295,-0.0007594919399873667,0.1787230945173932,-0.002367648396814137,-0.16926261657805286,0.027339924353940726,0.14397318298722528,0.010020256449973397,0.7656703562753855,0
2025-08-08,-0.0146507296589804,-0.0147591114832336,0.028307352863498347,-0.01943929797021028,1055.1800048828125,1052.1683900155545,1045.3600219726563,1047.5710042291091,1039.29501953125,1041.4083406051673,1021.9738195800782,1028.2723438814596,0.9943326696077779,1.0036733078733702,1.0095304330863553,1.0266407329328493,53.288606776164315,55.22826778634273,55.1260202382601,7.80756470242568,6.523777183981279,1.2837875184444005,1060.3270349195454,1018.2630041429547,1039.29501953125,0.04047361912266519,0.7354727176107232,0.215975389491339,1981546.0,1.1276361992101116,0.011590417561425648,0.02229411159294914,-0.0007594919399873667,0.1787230945173932,-0.002367648396814137,-0.16926261657805286,-0.01955546985132417,-0.4897320148082853,1
2025-08-11,0.0033358751075911464,0.0033303234192908573,0.017763799790299264,0.003335875107591047,1054.539990234375,1052.3455770676615,1047.7500122070312,1048.5035400368847,1039.9850158691406,1042.483732087711,1023.5043920898438,1029.2302892653975,0.9982551263304003,1.0047243511402277,1.0122260754806243,1.0285250940862287,55.99630960759208,56.62347150285963,56.02542411715645,7.754068892229725,6.769835525630969,0.9842333665987564,1061.810425962372,1018.1596057759092,1039.9850158691406,0.04197254721981036,0.7912874316775763,-0.3319137528793271,1946878.6,0.7667730283747533,-0.0146507296589804,0.215975389491339,0.011590417561425648,0.02229411159294914,-0.0007594919399873667,0.1787230945173932,0.027339924353940726,0.14397318298722528,0
2025-08-12,-0.0042747223413381885,-0.004283885088341949,0.0136424818682139,-0.006257202645736184,1053.4999755859376,1050.9637017690661,1049.0800048828125,1048.4483420614283,1040.6450134277343,1043.0281339052503,1025.044696044922,1029.9741975754555,0.9949691271600507,0.9991611185926321,1.0072598606120793,1.0225895077710234,51.516915354560425,54.28132881063268,54.54943156398872,7.264816403988107,6.868831701302397,0.39598470268570996,1062.6253021972393,1018.6647246582291,1040.6450134277343,0.04224358640244705,0.6718571085067433,-0.17518257465431053,1848474.5,0.6661163029297943,0.0033358751075911464,-0.3319137528793271,-0.0146507296589804,0.215975389491339,0.011590417561425648,0.02229411159294914,-0.002367648396814137,-0.16926261657805286,1
2025-08-13,0.0052470904943766605,0.005233372480564576,0.008825972467275492,0.0014255845557960662,1053.719970703125,1051.875784903336,1050.6599975585937,1049.4031800815096,1041.8400085449218,1044.0444974544528,1026.799718017578,1030.904619285119,0.999981001089657,1.002893375231136,1.0113836505890355,1.0261981306405428,56.4809648783514,56.64192504248005,56.03583704207057,7.237455435662014,6.9425564481743205,0.2948989874876933,1063.9303835878618,1019.7496335019819,1041.8400085449218,0.042406463299086254,0.7684414049987708,-0.08570623382297882,1782947.6,0.631408909605644,-0.0042747223413381885,-0.17518257465431053,0.0033358751075911464,-0.3319137528793271,-0.0146507296589804,0.215975389491339,-0.0007594919399873667,0.1787230945173932,0
2025-08-14,-0.0077820551882491484,-0.007812493397108574,0.018364372235174557,-0.00900473933649289,1049.8599609375,1049.7505232688907,1050.3799926757813,1048.6935109757806,1042.405010986328,1044.183116744505,1028.3867517089843,1031.4769871562908,0.995847102375819,0.995354069279871,1.002969084934409,1.0166408681000378,47.942798561133586,52.3057131304769,53.30674598359371,6.479413495933386,6.849927857726134,-0.37051436179274777,1064.2616523262075,1020.5483696464488,1042.405010986328,0.04193502738287584,0.5708020268426327,-0.22639635662378343,1555564.9,0.5598602796964627,0.0052470904943766605,-0.08570623382297882,-0.0042747223413381885,-0.17518257465431053,0.0033358751075911464,-0.3319137528793271,0.011590417561425648,0.02229411159294914,1
2025-08-18,0.03280731595229547,0.03228064413509809,0.03148731104142771,0.018679291347287737,1055.97998046875,1059.7670317886354,1055.5799926757813,1054.3492451307523,1044.6750122070312,1047.5752055143735,1029.9387280273438,1033.3720091826372,1.0225573105550745,1.0229447851611402,1.0336229317353796,1.0484119292186258,70.04284924182946,64.53582668233659,61.53473436684815,8.54785275456129,7.189512837093166,1.3583399174681245,1071.5815719560142,1017.768452458048,1044.6750122070312,0.05151182795525845,1.152722550723369,2.735151837354274,1720393.6,1.890811498019988,-0.0077820551882491484,-0.22639635662378343,0.0052470904943766605,-0.08570623382297882,-0.0042747223413381885,-0.17518257465431053,-0.0146507296589804,0.215975389491339,0
2025-08-19,-0.005927045864656422,-0.005944680516450001,0.016117056488394052,-0.006111088505497685,1060.1199951171875,1064.3113626637778,1057.3299926757813,1057.8130231822631,1046.6050109863281,1050.0347120762485,1031.3008703613282,1034.9417352701441,1.01252691144214,1.0151986909002864,1.025601839420282,1.0408214084392118,64.11739056384624,61.373431694161674,59.48122986016942,9.560470137782431,7.663704297231019,1.8967658405514118,1075.8383081196505,1017.3717138530058,1046.6050109863281,0.05586309415005131,0.9582961221502339,-0.42598756816910244,1723548.4,1.0833626720317224,0.03280731595229547,2.735151837354274,-0.0077820551882491484,-0.22639635662378343,0.0052470904943766605,-0.08570623382297882,0.0033358751075911464,-0.3319137528793271,1
2025-08-20,0.008570850533469176,0.008534329324217677,0.02022898839610363,0.009888036927180504,1067.0,1070.4075669711644,1060.2499877929688,1062.319741801113,1049.2000122070312,1053.136165743838,1032.9447485351564,1036.8106858707636,1.0146204082342432,1.021079922707184,1.0318337428424615,1.0480715228197814,68.57573825376423,64.09697830398858,61.424273840940636,10.97877934760345,8.326719307305506,2.6520600402979433,1081.389806330456,1017.0102180836064,1049.2000122070312,0.06136064382178631,1.0187974059548413,-0.29247312058302466,1703163.0,0.7756826563282552,-0.005927045864656422,-0.42598756816910244,0.03280731595229547,2.735151837354274,-0.0077820551882491484,-0.22639635662378343,-0.0042747223413381885,-0.17518257465431053,0
2025-08-21,-0.00997591631384176,-0.010026009193681636,0.0156744971006309,-0.008143556317443821,1070.62001953125,1070.8717275901513,1062.1699951171875,1064.0434339878423,1051.1000122070313,1054.913678418532,1034.2928430175782,1038.1828177514444,1.0011021924448897,1.0090663959208104,1.0196936888789765,1.0362636230771147,58.603443049376935,58.85104420679454,57.996197511821286,11.10334335356265,8.882044116556935,2.2212992370057147,1083.9095139153642,1018.2905104986985,1051.1000122070313,0.062428886551797465,0.8154579549106096,0.566287239405532,1730335.9,1.1958626067921263,0.008570850533469176,-0.29247312058302466,-0.005927045864656422,-0.42598756816910244,0.03280731595229547,2.735151837354274,0.0052470904943766605,-0.08570623382297882,0
2025-08-22,-0.016047837710955082,-0.016177998671571964,0.01905933628982868,-0.013008913817559663,1072.4400146484375,1065.4478102554135,1061.1499877929687,1062.3264415511321,1052.1400085449218,1054.883801958285,1035.5253210449218,1038.826627862601,0.9833650005419201,0.9938274397753571,1.0023380605442596,1.0184202685857724,46.13727786254852,51.606898120933664,53.045589737392525,9.702316793571981,9.046098651959944,0.6562181416120367,1083.9948234865633,1020.2851936032802,1052.1400085449218,0.06055242588046019,0.538612169706879,-0.057449967234410204,1741613.6,1.1198614893682501,-0.00997591631384176,0.566287239405532,0.008570850533469176,-0.29247312058302466,-0.005927045864656422,-0.42598756816910244,-0.0077820551882491484,-0.22639635662378343,1
2025-08-25,0.0030343953311866567,0.0030298008456509074,0.012195029068150497,-0.0016044843528787165,1068.0400146484376,1062.8985564463173,1062.0099975585938,1061.50346105604,1053.685009765625,1055.1615397554126,1036.9893493652344,1039.5706835867393,0.990412376240713,0.9960358671385893,1.003905378765344,1.0200683830317345,48.51450693634131,52.77169367337713,53.815733794168416,8.749355197017849,8.986749960971526,-0.2373947639536773,1083.4201232057083,1023.9498963255417,1053.685009765625,0.056440232449918575,0.5691949447375055,-0.2042334618220375,1673370.9,0.9274907314331808,-0.016047837710955082,-0.057449967234410204,-0.00997591631384176,0.566287239405532,0.008570850533469176,-0.29247312058302466,0.03280731595229547,2.735151837354274,0
2025-08-26,-0.010115402484658143,-0.010166910814419524,0.011746775966871858,-0.0039002813702253866,1062.7800048828126,1057.6323628261907,1061.45,1058.8846455160212,1054.6000061035156,1054.393771739272,1037.9092651367187,1039.865949939649,0.985246213492129,0.9864807344537543,0.9928882699846657,1.0088550230332594,41.38864274029888,48.562679391972395,50.88547778155852,7.0494580157594555,8.599291571929111,-1.5498335561696557,1082.2703580521006,1026.9296541549306,1054.6000061035156,0.05247553913984896,0.36447533208984606,0.13281457388875006,1699906.4,1.0342740047334371,0.0030343953311866567,-0.2042334618220375,-0.016047837710955082,-0.057449967234410204,-0.00997591631384176,0.566287239405532,-0.005927045864656422,-0.42598756816910244,0
2025-08-28,-0.010791640742317199,-0.010850292847246566,0.02046722356873803,-0.010791640742317154,1053.42001953125,1050.3549248268355,1060.210009765625,1054.687446118222,1054.6450073242188,1052.6229409858295,1038.6859594726564,1039.7065028372363,0.9832735562487548,0.9769762964764913,0.9821314675884105,0.9972215753778009,35.0463735296716,44.52393414672758,47.98808171477068,4.73587537721869,7.8266083329870275,-3.0907329557683374,1082.1897000892043,1027.1003145592333,1054.6450073242188,0.05223500338729181,0.15792033592675786,-0.25316565131110835,1708082.6,0.7687339008078414,-0.010115402484658143,0.13281457388875006,0.0030343953311866567,-0.2042334618220375,-0.016047837710955082,-0.057449967234410204,0.008570850533469176,-0.29247312058302466,0
2025-08-29,-0.00888209384870775,-0.00892177478555797,0.015585487449504495,-0.00523258179657219,1044.3800048828125,1042.436608413203,1057.5000122070312,1049.5806332941702,1054.0800048828125,1050.144563328697,1039.5439379882812,1039.1925213764011,0.9829755173272682,0.9707801075513895,0.973929844822424,0.9875484220249576,30.593368089385947,41.49792302627008,45.760616983712424,2.1353603404982096,6.688358734489265,-4.552998393991055,1083.3828897064989,1024.7771200591262,1054.0800048828125,0.05559897671513858,0.03110368719290425,-0.19117466743738487,1701709.4,0.6241000960563537,-0.010791640742317199,-0.25316565131110835,-0.010115402484658143,0.13281457388875006,0.0030343953311866567,-0.2042334618220375,-0.00997591631384176,0.566287239405532,1
2025-09-01,0.008669418104147786,0.008632054490911503,0.012071463061323033,0.008669418104147881,1040.560009765625,1040.1244056088021,1056.5000122070312,1047.0205181497756,1053.4400024414062,1048.7498430116782,1040.3864379882812,1039.0477166165422,0.9951372244578526,0.9801230364747823,0.9829700767012556,0.9953032471302397,39.29816534746044,45.366245171024815,48.20277173107283,0.7835586514202078,5.507398717875454,-4.723840066455247,1083.7613214163525,1023.1186834664599,1053.4400024414062,0.057566295004319146,0.2041685017688459,-0.4120506159389927,1677061.9,0.37233211248791714,-0.00888209384870775,-0.19117466743738487,-0.010791640742317199,-0.25316565131110835,-0.010115402484658143,0.13281457388875006,-0.016047837710955082,-0.057449967234410204,1
2025-09-02,0.008208594881699671,0.008175087606945188,0.01752878240241858,0.008111263626971222,1037.8,1041.416270405868,1052.9200073242187,1046.4713330316345,1054.25,1048.297477010566,1041.2094482421876,1039.2419238080504,1.0059741761418386,0.9915283143428084,0.9902774484230495,1.0026801060656179,46.740802193962864,48.845210210391116,50.44047551588559,0.3935879987075168,4.484636574041867,-4.091048575334351,1082.589006425089,1025.910993574911,1054.25,0.053761453972187075,0.31915385729745516,0.7157268138316273,1458902.0,0.7343474750188841,0.008669418104147786,-0.4120506159389927,-0.00888209384870775,-0.19117466743738487,-0.010791640742317199,-0.25316565131110835,0.0030343953311866567,-0.2042334618220375,1
2025-09-03,0.02701144748263884,0.02665307741072447,0.037213230956085426,0.028982678667826296,1042.8199951171875,1051.6774973278705,1052.8,1051.1492636025873,1055.0649963378905,1050.5739031211667,1042.7669982910156,1040.534395469377,1.0281735641743097,1.0184270052924345,1.0162406627965666,1.0282258193144747,63.88156528314848,58.32642325907335,56.9232087545893,2.3331388571739353,4.054337030668281,-1.7211981734943453,1084.4646229059147,1025.6653697698664,1055.0649963378905,0.05573045579195528,0.7914144979756466,2.133571850605923,1607891.6,2.0879044333585672,0.008208594881699671,0.7157268138316273,0.008669418104147786,-0.4120506159389927,-0.00888209384870775,-0.19117466743738487,-0.010115402484658143,0.13281457388875006,1
2025-09-04,0.0001866006820545607,0.00018658327431278642,0.00960467045284966,-0.0024185819404069766,1050.139990234375,1058.5850063566013,1051.7800048828126,1055.0130382955829,1056.0149963378906,1052.6525813395378,1044.1290869140626,1041.7840279770116,1.0211972064550359,1.0196048788107046,1.0155159047295663,1.0270760941863568,63.9775266672369,58.385354981215826,56.96514420625209,3.8421017672333164,4.011889977981288,-0.16978821074797157,1086.3510187488491,1025.678973926932,1056.0149963378906,0.0574537719940712,0.7700589394055335,-0.7251748818333787,1568042.4,0.5883909771827599,0.02701144748263884,2.133571850605923,0.008208594881699671,0.7157268138316273,0.008669418104147786,-0.4120506159389927,-0.010791640742317199,-0.25316565131110835,1
2025-09-05,0.0006526959678665456,0.0006524830544934071,0.012673540113083684,0.0038353373114476145,1059.439990234375,1063.4233294330468,1051.9099975585937,1058.3015723483745,1057.0399963378907,1054.5999522201473,1045.1571130371094,1043.0121043538322,1.012893590460504,1.0201442880821783,1.015193350586247,1.0267355617641345,64.36396701076436,58.605896446762856,57.11849148315604,5.03638959062323,4.216789900509677,0.8195996901135532,1088.2188126328074,1025.861180042974,1057.0399963378907,0.05899268978077567,0.7575463272264314,-0.18825586209737033,1436011.3,0.5215369823343312,0.0001866006820545607,-0.7251748818333787,0.02701144748263884,2.133571850605923,0.008208594881699671,0.7157268138316273,-0.00888209384870775,-0.19117466743738487,1
2025-09-08,0.026372238814629023,0.02603048681265664,0.02923558428221184,0.01972044191239802,1072.6199951171875,1076.082227760052,1056.5900024414063,1066.137654542136,1058.8699951171875,1059.0571019529011,1046.5895739746093,1045.3018267091354,1.0268315241445136,1.0424100378284065,1.0401654872581105,1.0523705297687047,76.33774663512051,66.36685936475526,62.75299678246563,8.172244178250821,5.007880756057906,3.164363422192915,1095.479307302433,1022.2606829319421,1058.8699951171875,0.0691478885114575,1.0808635393321557,3.2986221731449943,1562912.7,2.0598591335267797,0.0006526959678665456,-0.18825586209737033,0.0001866006820545607,-0.7251748818333787,0.02701144748263884,2.133571850605923,0.008669418104147786,-0.4120506159389927,1
2025-09-09,0.0028145773717289657,0.002810623865400534,0.012947079065753734,0.004090909090909091,1084.7199951171874,1085.5548185067014,1061.2599975585938,1073.112626443566,1061.6349975585938,1063.3849970050057,1048.1568371582032,1047.623323700934,1.0182351251676482,1.0407440236519598,1.0403764029444973,1.0537545153972914,77.31196577022361,67.0946384416173,63.307524347378234,10.783270820105145,6.1629587688673535,4.620312051237791,1102.9554320167776,1020.3145631004099,1061.6349975585938,0.07784301488403654,1.0186901227380056,-0.6712491225018482,1513546.5,0.6992675811413789,0.026372238814629023,3.2986221731449943,0.0006526959678665456,-0.18825586209737033,0.0001866006820545607,-0.7251748818333787,0.008208594881699671,0.7157268138316273,0
2025-09-10,-0.002987821483137143,-0.0029922939325533033,0.016527381019684005,-0.006137228184228339,1090.5199951171876,1090.769862728426,1066.6699951171875,1078.2194127578039,1064.0599975585938,1066.9864212113741,1049.8256494140626,1049.7243679154808,1.009793452758782,1.0323717327877906,1.034904003250283,1.0489360321749481,73.55101121991024,65.47049441653388,62.27125931698303,12.442808928486784,7.41892880079124,5.023880127695544,1108.568040695882,1019.5519544213055,1064.0599975585938,0.08365701791141224,0.9172274379567799,0.23379637065914327,1468311.4,0.8893331482681399,0.0028145773717289657,-0.6712491225018482,0.026372238814629023,3.2986221731449943,0.0006526959678665456,-0.18825586209737033,0.02701144748263884,2.133571850605923,0
2025-09-11,-0.0019977763071400423,-0.0019997745239971236,0.011646996203935396,-0.001997776307140094,1095.839990234375,1093.5132418189507,1072.989990234375,1081.997701347294,1066.6,1070.0353334769575,1051.2689526367187,1051.6567456442854,1.0028836415843423,1.0242406825807793,1.0303768985561599,1.045403269299988,70.86967499337439,64.35214602989493,61.565856141697445,13.425723775434108,8.620287795719815,4.805435979714293,1112.957437312093,1020.2425626879069,1066.6,0.08692562781191263,0.8494584890647966,-0.34747032128520206,1422213.8,0.5991258135731772,-0.002987821483137143,0.23379637065914327,0.0028145773717289657,-0.6712491225018482,0.026372238814629023,3.2986221731449943,0.0001866006820545607,-0.7251748818333787,0
2025-09-12,0.0,0.0,0.01355780201461556,0.0,1101.0199951171876,1095.342161212634,1080.2299926757812,1085.0890283750587,1068.8650024414062,1072.7938731458187,1052.107880859375,1053.5133438543135,0.998165342022719,1.0173759360983161,1.0281934551975807,1.0445696871905596,70.86967499337439,64.35214602989493,61.565856141697445,14.042814054091423,9.704793047394137,4.338021006697286,1116.8770925641318,1020.8529123186806,1068.8650024414062,0.08983751926213437,0.8138271785457013,0.2414430485221546,1421791.6,0.7440014415614777,-0.0019977763071400423,-0.34747032128520206,-0.002987821483137143,0.23379637065914327,0.0028145773717289657,-0.6712491225018482,0.0006526959678665456,-0.18825586209737033,1
2025-09-15,0.001728866618801117,0.0017273738491936912,0.013171041582742635,0.000818204012784091,1100.9199951171875,1097.194782279777,1086.7699951171876,1087.9637549276047,1071.6350036621093,1075.47064945708,1053.2600708007812,1055.371645052735,0.9999818599869077,1.0130018581303868,1.0273087577878155,1.045230950013192,72.06675647985092,64.95181629931463,61.975996345142676,14.517826173773074,10.667399672669925,3.850426501103149,1120.3231236673248,1022.9468836568938,1071.6350036621093,0.09086698332703413,0.8005355387394124,-0.46524959468338034,1415915.9,0.3995060723592411,0.0,0.2414430485221546,-0.0019977763071400423,-0.34747032128520206,-0.002987821483137143,0.23379637065914327,0.026372238814629023,3.2986221731449943,1
2025-09-16,0.012989305514298,0.012905667969256563,0.016050955163020575,0.0133575203742617,1103.0599853515625,1103.1965052438097,1093.889990234375,1092.915790608381,1073.4049987792969,1079.2543924775368,1054.7920043945312,1057.7178531358384,1.0110057168073623,1.0194808994759466,1.0389367968661487,1.057270008234485,79.47334212781072,69.15708592886641,64.9331620964769,15.86527625193844,11.70697498852363,4.15830126341481,1125.5993359872346,1021.2106615713592,1073.4049987792969,0.09725003566649007,0.900378227106043,1.9071821407294398,1473231.5,1.1162515870723644,0.001728866618801117,-0.46524959468338034,0.0,0.2414430485221546,-0.0019977763071400423,-0.34747032128520206,0.0028145773717289657,-0.6712491225018482,0
2025-09-17,-0.003766096983291334,-0.0037732065824418286,0.01395139513951395,-0.007592675301473872,1105.0199951171876,1105.7976701625398,1097.7699951171876,1096.2038286795844,1075.2849975585937,1082.2777836701523,1056.216005859375,1059.8073490912957,1.0054116711998304,1.0120517093213137,1.033214452468412,1.0518681726433892,72.85410517536491,66.62846768276832,63.41229582335058,16.40513104873412,12.646606200565728,3.758524848168392,1129.9913781128155,1020.5786170043718,1075.2849975585937,0.1017523366892149,0.8264244689520968,-0.4219648926084998,1232576.8,0.7712111732104644,0.012989305514298,1.9071821407294398,0.001728866618801117,-0.46524959468338034,0.0,0.2414430485221546,-0.002987821483137143,0.23379637065914327,1
2025-09-18,0.009090887116055324,0.009049813743035559,0.01596648363559828,0.00827408127517858,1109.439990234375,1110.8984386370057,1102.639990234375,1100.7304008443757,1077.2099975585938,1085.9751352811795,1057.7380053710938,1062.2109815028502,1.0105097936384095,1.016741625113414,1.0407441242903581,1.0599032746229196,77.9958826343699,69.51510396829994,65.45530901254875,17.446837206369764,13.606652401726535,3.840184804643229,1135.4085047126819,1019.0114904045058,1077.2099975585938,0.10805415338882865,0.8770713388845122,-0.13239537670278156,1222787.1,0.6744632814657596,-0.003766096983291334,-0.4219648926084998,0.012989305514298,1.9071821407294398,0.001728866618801117,-0.46524959468338034,-0.0019977763071400423,-0.34747032128520206,1
2025-09-19,0.0015164332166710537,0.0015152845928816314,0.010954798978645089,0.001516433216670944,1114.2,1114.8656420340455,1107.6099975585937,1104.7430641141482,1079.7599975585938,1089.4822699046981,1059.386005859375,1064.5870233587434,1.0077185862754667,1.0137142598053588,1.0398607573598277,1.0598592416909534,78.7850081406845,69.98572973184622,65.7928984849452,18.19978277704081,14.52527847678939,3.674504300251419,1141.1675970953195,1018.3523980218681,1079.7599975585938,0.11374305341107688,0.8504456418605851,0.6383897662857316,1283015.9,1.053159980324484,0.009090887116055324,-0.13239537670278156,-0.003766096983291334,-0.4219648926084998,0.012989305514298,1.9071821407294398,0.0,0.2414430485221546,0
2025-09-22,-0.005165700548533603,-0.0051790889063464,0.0136079438157453,-0.004456327985739751,1117.4199951171875,1115.5770946893638,1109.1699951171875,1106.9715979115756,1082.8799987792968,1092.1030061042507,1060.8600048828125,1066.6424342074201,0.9996241385342819,1.0070593370874454,1.0315085709027463,1.0529193247542488,68.94380524797828,66.22918068487081,63.56755820538112,18.119610508205824,15.244144883072678,2.8754656251331454,1145.1914252244392,1020.5685723341544,1082.8799987792968,0.11508463821547074,0.7737860707677886,-0.41814255403076184,1039699.7,0.756197198094796,0.0015164332166710537,0.6383897662857316,0.009090887116055324,-0.13239537670278156,-0.003766096983291334,-0.4219648926084998,0.001728866618801117,-0.46524959468338034,1
2025-09-23,0.01915848201796111,0.018977269152385595,0.027143379964320383,0.0119111328125,1122.060009765625,1123.1847379309302,1112.5599975585938,1112.6858572756641,1086.9099975585937,1096.5122459432803,1062.8840063476562,1069.4564573527787,1.0145625140422307,1.0232257378587872,1.0473728523715167,1.0710482212691288,79.80337813408968,72.16564692765357,67.78842191814459,19.557430643907537,16.10680203523965,3.4506286086678877,1152.5487374640047,1021.2712576531826,1086.9099975585937,0.12078045110054768,0.8922228468254322,1.6398441653587175,1141411.6,1.8183563229951403,-0.005165700548533603,-0.41814255403076184,0.0015164332166710537,0.6383897662857316,0.009090887116055324,-0.13239537670278156,0.012989305514298,1.9071821407294398,1
2025-09-24,0.00939911361771295,0.009355216795754469,0.024366896349225422,0.009399113617712977,1129.6800048828125,1131.8231504825994,1117.35,1119.30660605935,1092.0099975585938,1101.5206011473429,1065.0880053710937,1072.5797325776084,1.017190682865224,1.0284154254136462,1.0522797210235983,1.078877961061605,83.22506109282634,74.57246303904849,69.63530257868297,21.314608557169322,17.148363339625586,4.166245217543736,1160.2811867959713,1023.7388083212162,1092.0099975585938,0.12503766337306693,0.9181117881866908,0.017294686129994075,1221968.6,1.7278578189324993,0.01915848201796111,1.6398441653587175,-0.005165700548533603,-0.41814255403076184,0.0015164332166710537,0.6383897662857316,-0.003766096983291334,-0.4219648926084998,0
2025-09-25,-0.0005221265326644797,-0.000522262888187826,0.015237265999129298,-0.000522126532664459,1135.160009765625,1137.382100321733,1122.3,1124.614495866741,1097.6449951171876,1105.9948296095006,1067.3580053710937,1075.5569979667218,1.0117516386409078,1.0233449166889423,1.0463310133139931,1.0760213482454701,82.3127837390743,74.18510288254917,69.40102334874405,22.400552077146358,18.19880108712974,4.201750990016617,1165.0264087106557,1030.2635815237195,1097.6449951171876,0.1227745106900875,0.8773667111648594,-0.25105807175185235,1294890.8,1.2211894624627806,0.00939911361771295,0.017294686129994075,0.01915848201796111,1.6398441653587175,-0.005165700548533603,-0.41814255403076184,0.009090887116055324,-0.13239537670278156,0
2025-09-26,-0.015411363667283462,-0.015531353129558582,0.03537318559674007,-0.02095233867694805,1136.760009765625,1135.188083157197,1125.4800048828124,1125.73914185972,1102.854998779297,1108.3572314398457,1069.3780053710936,1077.7233921181494,0.9947570631564275,1.0047269111154635,1.025338825212525,1.057437167351985,59.764958007104106,63.67662800279095,62.85098014689485,21.584123663678156,18.875865602439426,2.7082580612387304,1163.2044055907406,1042.5055919678532,1102.854998779297,0.10944214221859065,0.7315271311293902,0.8970965157303421,1489098.5,2.0145692175500813,-0.0005221265326644797,-0.25105807175185235,0.00939911361771295,0.017294686129994075,0.01915848201796111,1.6398441653587175,0.0015164332166710537,0.6383897662857316,0
2025-09-29,-0.007605321263615461,-0.007634389193795685,0.021564849665976365,-0.006902698077986725,1137.8,1130.8587058287565,1127.6099975585937,1125.095652643748,1107.1899963378905,1109.675585700039,1071.1380053710936,1079.46757090457,0.9862892873720118,0.9952022007622918,1.0135568013472223,1.0476707441475677,51.73201190231707,59.28256790601214,59.963710137421195,20.012451177257844,19.103182717403108,0.9092684598547365,1159.4813756624358,1054.8986170133453,1107.1899963378905,0.09445782475907961,0.6435222691375717,-0.12807861082998984,1694098.8,1.543989051878202,-0.015411363667283462,0.8970965157303421,-0.0005221265326644797,-0.25105807175185235,0.00939911361771295,0.017294686129994075,-0.005165700548533603,-0.41814255403076184,1
2025-09-30,0.018267689263925302,0.018102839616383613,0.019952787085308638,0.01231387468328011,1138.6599853515625,1134.805787609796,1130.3599975585937,1128.2964341943166,1112.1249938964843,1112.8207633640234,1073.30400390625,1081.9472720915232,1.0035480001688697,1.0109168350259508,1.0274923749067693,1.0646563760249295,64.86504203383794,65.40991791986445,64.09230825817576,20.18834935824202,19.32021604557089,0.8681333126711301,1157.8477212765956,1066.402266516373,1112.1249938964843,0.08222587862163841,0.8343518533049096,0.05943257368093069,1806761.7,1.5337529016693237,-0.007605321263615461,-0.12807861082998984,-0.015411363667283462,0.8970965157303421,-0.0005221265326644797,-0.25105807175185235,0.01915848201796111,1.6398441653587175,1
2025-10-01,0.002975430611137808,0.002971012778610277,0.014309418692447031,0.0009606773676310044,1138.0599853515625,1138.5705169351766,1133.8699951171875,1131.5334417200656,1115.8199951171875,1115.990212147063,1075.5300024414062,1084.463064385422,1.0070646453946726,1.0107860517708522,1.0271369760366857,1.0656141372015104,66.6223061268449,66.31531209129582,64.72577488741638,20.36732168283288,19.52963717302329,0.8376845098095913,1159.9563036606003,1071.6836865737748,1115.8199951171875,0.07911008717634131,0.8430280133075289,-0.592401789020059,1824654.6,0.619024554016963,0.018267689263925302,0.05943257368093069,-0.007605321263615461,-0.12807861082998984,-0.015411363667283462,0.8970965157303421,0.00939911361771295,0.017294686129994075,1
2025-10-03,0.013611356703818078,0.013519554287022367,0.02573816447517329,0.013611356703818177,1140.6999755859374,1146.2803283474095,1137.9299926757812,1137.0182616203945,1120.2849914550782,1120.3435206256165,1078.1500024414063,1087.4919619064594,1.018409727391421,1.0208887705298988,1.0369682357906136,1.0774938074862264,73.67115343585694,70.17296187433745,67.48889149345432,21.51987843194229,19.92768542480709,1.5921930071351973,1164.0137493266868,1076.5562335834695,1120.2849914550782,0.07806720290845226,0.9735437470965294,0.929943709905038,1960170.4,1.1120885204674043,0.002975430611137808,-0.592401789020059,0.018267689263925302,0.05943257368093069,-0.007605321263615461,-0.12807861082998984,-0.0005221265326644797,-0.25105807175185235,0
2025-10-06,-0.0015493904049809215,-0.0015505919515646565,0.013535712485322675,-0.0015493904049809146,1146.519970703125,1150.820227036294,1141.639990234375,1141.178582128334,1124.6249938964843,1124.1108067007065,1080.672001953125,1090.3314937695027,1.0116701444831633,1.0159945642548303,1.0313660381985297,1.0733136625338187,71.63475269665295,69.18840862608104,66.85444900736512,22.034054053191767,20.348959150484028,1.685094902707739,1165.922049517705,1083.3279382752635,1124.6249938964843,0.07344146865905771,0.9270889290646168,-0.535156703364355,1926378.7,0.5260149523040304,0.013611356703818078,0.929943709905038,0.002975430611137808,-0.592401789020059,0.018267689263925302,0.05943257368093069,-0.015411363667283462,0.8970965157303421,0
2025-10-07,-0.002672623088790349,-0.0026762009220994702,0.016251770431000623,-0.0026726230887903378,1153.439990234375,1152.8135009669045,1145.6199951171875,1144.0188488010233,1127.3949951171876,1127.2240678556986,1083.132001953125,1092.9381037718017,1.0029130762087304,1.0097589547656192,1.0260822993168255,1.0680139140401728,67.86541937605458,67.43358381356963,65.73691177700758,21.93850637007108,20.66686859440144,1.2716377756696424,1169.5129505092807,1085.2770397250945,1127.3949951171876,0.07471730063466378,0.8490797860104301,0.545104924089908,2004323.0,0.7811420614342099,-0.0015493904049809215,-0.535156703364355,0.013611356703818078,0.929943709905038,0.002975430611137808,-0.592401789020059,-0.007605321263615461,-0.12807861082998984,0
2025-10-08,-0.010027746513324609,-0.010078363027394979,0.017464199137918354,-0.011053582753130398,1153.939990234375,1150.275651035228,1146.2999877929688,1144.2335946866326,1129.4299926757812,1128.9360567429535,1085.4980004882811,1094.9875879835693,0.9924259154406072,0.9990403588652115,1.013962758735256,1.0549995952611047,55.18788754022235,61.18040526311822,61.68549071576706,20.68827168997541,20.671149213516237,0.01712247645917131,1170.8537109769559,1088.0062743746066,1129.4299926757812,0.07335331728358996,0.6903493836723799,-0.5286514769161396,1870570.9,0.39451698943889274,-0.002672623088790349,0.545104924089908,-0.0015493904049809215,-0.535156703364355,0.013611356703818078,0.929943709905038,0.018267689263925302,0.05943257368093069,1
2025-10-09,0.026196298706877563,0.025859052724131817,0.02791018566280381,0.025479887584533158,1159.7599853515626,1158.5837510807771,1148.9099853515625,1149.863841320313,1133.1299926757813,1133.3421419266604,1088.4259985351562,1098.1331708536989,1.0133130699587225,1.022882528792948,1.0371272129129239,1.0797242557174327,71.34093785433612,69.14836404894712,67.17844673913305,21.866141707678707,20.910147712348735,0.9559939953299725,1176.9564140375514,1089.3035713140112,1133.1299926757813,0.0773546224088167,0.9799611420337344,1.7123142883469833,1859593.3,1.076370838720488,-0.010027746513324609,-0.5286514769161396,-0.002672623088790349,0.545104924089908,-0.0015493904049809215,-0.535156703364355,0.002975430611137808,-0.592401789020059,0
2025-10-10,-0.006296717708651256,-0.006316625649390286,0.015927363254182408,-0.005281048698360307,1160.9800048828124,1161.6558503298932,1150.839990234375,1153.124969958097,1136.5699951171875,1136.6238473458475,1091.0839990234374,1100.8652052840687,1.0058743853611853,1.0147371126635043,1.0274774574774144,1.070311772396398,64.63613473759781,65.57307585648195,64.77334628101885,21.94948194247263,21.118014558373517,0.8314673840991134,1179.9387859800124,1093.2012042543627,1136.5699951171875,0.07631521340373461,0.8600521606622358,-0.2717030073760549,1847239.4,0.7891603005003034,0.026196298706877563,1.7123142883469833,-0.010027746513324609,-0.5286514769161396,-0.002672623088790349,0.545104924089908,0.013611356703818078,0.929943709905038,0
2025-10-13,-0.005480411154704878,-0.005495483702313128,0.009729678483368366,0.0004307003096604839,1161.2800048828126,1161.5705750246163,1153.8999877929687,1154.6295253137268,1139.6899963378905,1138.9834832571062,1093.5539990234374,1103.2391197597547,1.0001033510701514,1.0064997284863821,1.0190490643472625,1.0620417697262436,59.0375533245496,62.5602902656842,62.73372615792091,21.254097193768075,21.14523108545243,0.10886610831564525,1180.7133988636479,1098.6665938121332,1139.6899963378905,0.07199045820806674,0.7646054049580714,-0.6650372350058446,1596080.0,0.30593579269209564,-0.006296717708651256,-0.2717030073760549,0.026196298706877563,1.7123142883469833,-0.010027746513324609,-0.5286514769161396,-0.0015493904049809215,-0.535156703364355,0
2025-10-14,-0.011709983898785303,-0.011779085744301972,0.026311160382601822,-0.01476390658530043,1159.4800048828124,1156.980399625786,1156.4599975585938,1153.3878023163447,1142.0349975585937,1139.8231561686316,1095.5439990234374,1104.9866071742008,0.9899265567275842,0.9925116746374705,1.0050480513135374,1.0476987230556403,48.60111836203555,56.608278275279616,58.61549085202631,19.382169811787662,20.792618830719476,-1.4104490189318142,1179.0909773432181,1104.9790177739692,1142.0349975585937,0.06489464834937908,0.5777884069324138,1.8855125353779862,1475412.0,0.9549807104727358,-0.005480411154704878,-0.6650372350058446,-0.006296717708651256,-0.2717030073760549,0.026196298706877563,1.7123142883469833,-0.002672623088790349,0.545104924089908,1
2025-10-15,0.011326014503373338,0.011262355419296117,0.016109536858439456,0.011326014503373364,1162.6000244140625,1158.2536160265659,1158.2700073242188,1154.7354835003048,1144.3150024414062,1141.8209554695359,1098.2039990234375,1107.175369592002,0.998451767118408,1.0021843279096478,1.0144060388542908,1.0569985629813314,57.065288465068114,60.478926327533415,61.17366990684355,18.731717648563517,20.380438594288286,-1.6487209457247687,1180.0746645713825,1108.55534031143,1144.3150024414062,0.062499682436536655,0.7304977928314906,-0.08817734689387435,1326774.3,0.9683252079875228,-0.011709983898785303,1.8855125353779862,-0.005480411154704878,-0.6650372350058446,-0.006296717708651256,-0.2717030073760549,-0.010027746513324609,-0.5286514769161396,1
2025-10-16,0.00973460224197975,0.009687526265621629,0.012712247013411905,0.006094399644581545,1161.980029296875,1162.869069213023,1160.8700073242187,1157.8926638795106,1147.3700012207032,1144.7046716710981,1100.527998046875,1109.7214325721563,1.008709225661293,1.0096737517472811,1.0215536176986706,1.0650342178173409,63.20924917894291,63.524667669185675,63.24717647262491,18.910055921321145,20.086362059694856,-1.176306138373711,1181.631414420954,1113.1085880204525,1147.3700012207032,0.059721647182337814,0.8609012596867042,-0.48958201173925797,1279399.6,0.5125521377371073,0.011326014503373338,-0.08817734689387435,-0.011709983898785303,1.8855125353779862,-0.005480411154704878,-0.6650372350058446,0.026196298706877563,1.7123142883469833,0
2025-10-17,-0.007507829486485096,-0.007536155103277521,0.024413326933727775,-0.009957405252659575,1161.080029296875,1163.0127290847238,1161.0300170898438,1158.8758247792587,1149.4800048828124,1146.4756599717675,1102.7259985351564,1111.822554778273,1.001912029726835,1.0019551878115702,1.0120228658929318,1.0549311890473556,55.93669593943954,59.66815297455618,60.60080857685707,18.132291967202036,19.695548041196293,-1.563256073994257,1182.1719978879285,1116.7880118776964,1149.4800048828124,0.0568813600345296,0.7113674125519032,2.365972865031208,1282138.0,1.721551814235285,0.00973460224197975,-0.48958201173925797,0.011326014503373338,-0.08817734689387435,-0.011709983898785303,1.8855125353779862,-0.006296717708651256,-0.2717030073760549,0
2025-10-20,-0.0155592683714606,-0.01568158420976685,0.030736947845531375,-0.02502981868307684,1157.8400146484375,1157.0751364471075,1159.560009765625,1156.389302305189,1150.6,1146.3541638955874,1104.577998046875,1113.1314722839043,0.9890830656078158,0.9876159418462073,0.995306754016926,1.0367759933629206,43.83435140091,52.59542289583269,55.5784611249044,15.872414503878417,18.93092133373272,-3.058506829854302,1181.0146118064022,1120.1853881935976,1150.6,0.052867394066404075,0.411226076753868,-0.44980466794456675,1302250.4,0.9325610497028837,-0.007507829486485096,2.365972865031208,0.00973460224197975,-0.48958201173925797,0.011326014503373338,-0.08817734689387435,-0.005480411154704878,-0.6650372350058446,1
2025-10-21,0.006374475322545203,0.006354244284047693,0.005292820465021692,0.002173913043478261,1158.7800048828126,1155.5500909647385,1159.1300048828125,1155.6821564315183,1152.375,1146.9394816198171,1106.3319970703126,1114.675336115908,0.9945805028941213,0.9942801887149123,1.0001084716346675,1.041730694811273,49.02391477055065,54.91651055693006,57.084635609144684,14.503313098630542,18.045399686712283,-3.542086588081741,1178.5928586336515,1126.1571413663485,1152.375,0.0455023037355922,0.502383871271614,-0.9047131653749749,1157256.2,0.09999427957266507,-0.0155592683714606,-0.44980466794456675,-0.007507829486485096,2.365972865031208,0.00973460224197975,-0.48958201173925797,-0.011709983898785303,1.8855125353779862,0
2025-10-23,-0.012407851477765686,-0.01248547160120547,0.024073120356271155,-0.01963828495101206,1154.2599853515626,1149.766711033784,1158.4300048828125,1152.5035736570376,1152.3649963378907,1146.1071453866798,1108.1119970703126,1115.5978700396715,0.9860862939168804,0.9825366628750402,0.9877078484585778,1.0271524486524022,40.47671515889211,49.77512616785063,53.363087078863515,12.124630745282275,16.861245898426283,-4.736615153144008,1178.6043203454094,1126.125672330372,1152.3649963378907,0.04553995321084003,0.23007983814756766,9.922542172471625,1257491.2,1.383963561733076,0.006374475322545203,-0.9047131653749749,-0.0155592683714606,-0.44980466794456675,-0.007507829486485096,2.365972865031208,0.011326014503373338,-0.08817734689387435,1
2025-10-24,0.0028115211557449005,0.0028075762225858425,0.017084282094711117,0.0012280915912828948,1148.1199951171875,1146.977815493877,1155.0500122070312,1150.4847465219511,1151.979998779297,1145.6588481511926,1109.8859985351562,1116.609719230824,0.9941469787725115,0.9881823404625686,0.9908158350175823,1.0283939304761922,43.068150277877855,50.88331375312453,54.06671594446622,10.378094792659567,15.564615677272942,-5.186520884613374,1178.6225077010743,1125.3374898575196,1151.979998779297,0.04625515885694065,0.30144560716302415,-0.24119789326343055,1189386.0,1.1102871565664973,-0.012407851477765686,9.918798033216357,0.006374475322545203,-0.9047131653749749,-0.0155592683714606,-0.44980466794456675,0.00973460224197975,-0.48958201173925797,1
2025-10-27,0.008060233901429736,0.008027923718459909,0.01173300911389746,0.00243938546672058,1145.57998046875,1148.1852021912305,1153.3300048828125,1150.5056972608577,1152.0849975585938,1146.1294317164065,1111.9339990234375,1117.9426704604364,1.0043820555550678,0.9976329157437013,0.9987110135312904,1.034773625589701,50.322311791172126,54.024076797093144,56.067563696140944,9.625356521065896,14.376763846031533,-4.751407324965637,1178.6883431597478,1125.48165195744,1152.0849975585938,0.04618295639215789,0.47208956356617177,-0.033912885442539564,1171186.8,1.0893018944544115,0.0028115211557449005,-0.24119789326343055,-0.012407851477765686,9.914426266199543,0.006374475322545203,-0.9047131653749749,-0.007507829486485096,2.365972865031208,1
2025-10-28,0.02920213479826206,0.02878387565402573,0.034960332816340145,0.03369411348511495,1153.37998046875,1160.190118518112,1155.6099975585937,1156.631925244679,1154.7549926757813,1149.7551954740702,1114.5439990234374,1120.5409951942183,1.026721437188982,1.0247401404225318,1.025498879574328,1.0624972654372282,67.80271399587937,63.263451615704795,62.35578143638356,11.606253574153243,13.822661791655877,-2.216408217502634,1182.9487285420355,1126.561256809527,1154.7549926757813,0.048830680179046626,1.0221897274588772,1.7052005994782782,1467480.0,2.3518071796549185,0.008060233901429736,-0.033912885442539564,0.0028115211557449005,-0.24119789326343055,-0.012407851477765686,9.90949724803447,-0.0155592683714606,-0.44980466794456675,1
2025-10-29,0.02001357390593883,0.019815934958552803,0.03179073072102129,0.015724919281875062,1164.4599853515624,1176.0934204834289,1161.6199951171875,1165.9533978209306,1159.0399963378907,1155.29279823026,1117.7919995117188,1123.9668394773496,1.0373048791791546,1.0398409372182047,1.0421556013861042,1.0806125155142507,75.03246353739385,68.12872233352837,65.96390976278524,14.916577580089779,14.041444949342658,0.875132630747121,1191.817342947818,1126.2626497279634,1159.0399963378907,0.056559474588436506,1.2453322664833042,0.10677555538170447,1708554.7,2.235653912631536,0.02920213479826206,1.7052005994782782,0.008060233901429736,-0.033912885442539564,0.0028115211557449005,-0.24119789326343055,0.006374475322545203,-0.9047131653749749,1
2025-10-30,0.0017385342689733019,0.0017370247675644877,0.01008260427427686,0.0017385342689732724,1178.8199951171875,1187.3956136556194,1166.539990234375,1173.9618709443976,1162.4049987792969,1160.503007922616,1120.3959985351562,1127.3406889096104,1.0264501832442305,1.0372554821347302,1.0409452826430419,1.079975295861459,75.59886626915898,68.52646612640788,66.26474008311524,17.50766620606828,14.734689200687782,2.772977005380497,1201.0708294894675,1123.7391680691262,1162.4049987792969,0.06652729599541589,1.1154659080967801,-0.6664919600485584,1707471.1,0.7460817345605439,0.02001357390593883,0.10677555538170447,0.02920213479826206,1.7052005994782782,0.008060233901429736,-0.033912885442539564,-0.012407851477765686,9.909223328864798,0
2025-10-31,-0.0033057851239669533,-0.0033112613036560315,0.014096185737976783,-0.003305785123966942,1191.739990234375,1193.597075770413,1169.9299926757812,1179.7869853181435,1165.4,1164.836054787129,1123.047998046875,1130.4253677759002,1.0119657055083136,1.0308309108664886,1.0348378239231164,1.0738632739628131,71.97061468411106,66.81599861536972,65.11370283558477,19.01911551467174,15.591574463484575,3.4275410511871645,1207.662281117788,1123.137718882212,1165.4,0.07252836986062812,0.9803337506421482,0.05015570137050185,1775675.9,0.7534071955360773,0.0017385342689733019,-0.6664919600485584,0.02001357390593883,0.10677555538170447,0.02920213479826206,1.7052005994782782,0.0028115211557449005,-0.24119789326343055,0
2025-11-03,-0.009121061359867344,-0.009162912921519724,0.02301255230125523,-0.015569671335318865,1200.6199951171875,1194.0647171802755,1173.0999877929687,1182.552987987572,1167.0650024414062,1167.708811474069,1125.2959985351563,1132.9577062944923,0.995319089187217,1.0186684958101766,1.0239361110993441,1.061942814651061,62.367350254325665,62.21680615299538,62.0037975583334,19.109064511273573,16.295072473042374,2.8139920382311985,1211.1955519563771,1122.9344529264354,1167.0650024414062,0.07562654937411938,0.8165040755850668,0.1112537159694933,1703613.5,0.8726410068950499,-0.0033057851239669533,0.05015570137050185,0.0017385342689733019,-0.6664919600485584,0.02001357390593883,0.10677555538170447,0.008060233901429736,-0.033912885442539564,0
2025-11-04,-0.011380732707897523,-0.011445988827111188,0.02319284226158033,-0.017628431400512744,1200.060009765625,1189.8431529248712,1176.7199951171874,1182.3433582469338,1168.1400024414063,1169.0127365159733,1127.487998046875,1134.8574050442794,0.9844507897940814,1.0039771817563183,1.0113513979017437,1.0478160534396626,52.30111926610087,56.99337777850192,58.38385029815,17.87687191758164,16.61143236195023,1.26543955563141,1212.5665045483483,1123.7135003344642,1168.1400024414063,0.0760636602018438,0.6492354939483769,-0.252756714288501,1693259.1,0.6560626191230863,-0.009121061359867344,0.1112537159694933,-0.0033057851239669533,0.05015570137050185,0.0017385342689733019,-0.6664919600485584,0.02920213479826206,1.7052005994782782,0
2025-11-06,-0.01066529145552264,-0.010722573325723423,0.018737186429809052,-0.010665291455522606,1192.2400146484374,1182.8287848926225,1178.35,1179.8809383526047,1168.7400024414062,1168.992480545702,1129.7719995117188,1136.1884891142342,0.980339557863922,0.9918954884610898,1.0000513770270492,1.034545066910203,44.532177062194734,52.588302435764525,55.24618153802496,15.702627566180354,16.429671402796252,-0.7270438366158984,1212.8607720642763,1124.6192328185361,1168.7400024414062,0.075501428086153,0.5006804775532255,0.1747347157759045,1812186.6,0.7201212060612301,-0.011380732707897523,-0.252756714288501,-0.009121061359867344,0.1112537159694933,-0.0033057851239669533,0.05015570137050185,0.02001357390593883,0.10677555538170447,1
2025-11-07,0.00248109361961224,0.002478020788442649,0.02705477047300607,0.009999117170982305,1184.5800048828125,1179.1191736523733,1181.7,1178.3934861379264,1170.0650024414062,1169.2503348910518,1132.0499975585938,1137.5810954694357,0.9891269026508583,0.9915375739797537,1.0013973144458277,1.0350249138278267,46.65966499519992,53.47949532843685,55.81995894672823,14.051543687903859,15.954045859817775,-1.9025021719139161,1212.8498744016838,1127.2801304811287,1170.0650024414062,0.07313247019781723,0.51910662175157,-0.35245142889545855,1722659.1,0.4905480138235127,-0.01066529145552264,0.1747347157759045,-0.011380732707897523,-0.252756714288501,-0.009121061359867344,0.1112537159694933,0.0017385342689733019,-0.6664919600485584,1
2025-11-10,0.006486385570511288,0.006465439499033135,0.011023488053713006,0.004514522000106474,1179.2400146484374,1179.179465377624,1185.4900024414062,1178.5583157179624,1170.2700073242188,1170.2074505041064,1134.6939990234375,1139.2171328560512,1.000050909211816,0.9947785695361973,1.0077162034807277,1.0393110828497174,52.25858036871667,55.82319006000936,57.32554783975279,13.204103497298092,15.40405738731384,-2.199953890015747,1213.190408502557,1127.3496061458807,1170.2700073242188,0.07335127946494008,0.6051952131852819,-0.12404162135360519,1664625.7,0.4446801464136953,0.00248109361961224,-0.35245142889545855,-0.01066529145552264,0.1747347157759045,-0.011380732707897523,-0.252756714288501,-0.0033057851239669533,0.05015570137050185,1
2025-11-11,0.010345078153772835,0.010291934038544562,0.03407467527145405,0.0037910699241786015,1178.5400146484376,1183.2863102517495,1189.5800048828125,1180.9113492237873,1171.4550048828125,1172.2353123608582,1137.807998046875,1141.2674413715001,1.0109966443145577,1.0016140109192375,1.0171111950810203,1.0471889827152658,60.10169133499389,59.36241466034127,59.643588490709156,13.36289599418319,14.995825108687711,-1.6329291145045204,1215.3351409270667,1127.5748688385584,1171.4550048828125,0.07491561495978033,0.728406255360872,1.1462769478510615,1695921.1,0.9367947600864214,0.006486385570511288,-0.12404162135360519,0.00248109361961224,-0.35245142889545855,-0.01066529145552264,0.1747347157759045,-0.009121061359867344,0.1112537159694933,0
2025-11-12,-0.008140957760700784,-0.008174276310482023,0.014300240070916051,-0.008557006016673658,1178.62001953125,1182.7908897772081,1189.3400146484375,1181.0729309700305,1172.4750061035156,1173.1462396434551,1140.9119995117187,1142.856955389407,1.0026980954371876,0.9936603782539501,1.0079532976618404,1.0358380395104139,52.1540332461949,55.55169314981088,57.05622821189354,12.561237076388807,14.508907502227931,-1.9476704258391244,1216.3211939617777,1128.6288182452536,1172.4750061035156,0.07479253311160299,0.6063381240206522,-0.38549029728147644,1448427.1,0.6740346131331014,0.010345078153772835,1.1462769478510615,0.006486385570511288,-0.12404162135360519,0.00248109361961224,-0.35245142889545855,-0.011380732707897523,-0.252756714288501,1
2025-11-13,0.0017769296828340497,0.0017753528110024113,0.018836091197110813,-0.006545210268862,1181.6400146484375,1183.1606013228263,1186.9400146484375,1181.5869479598543,1174.2800048828126,1174.1704096216083,1143.88,1144.466487508021,1.0019126042937005,0.997438800447489,1.0081922705753728,1.034986208705513,53.70042998988139,56.20712641257282,57.47556760620564,11.95752814677985,13.998631631138316,-2.041103484358466,1216.868637318003,1131.6913724476221,1174.2800048828126,0.07253573637991151,0.6129411650619357,0.4618494504706594,1209172.3,1.1803024267095765,-0.008140957760700784,-0.38549029728147644,0.010345078153772835,1.1462769478510615,0.006486385570511288,-0.12404162135360519,-0.01066529145552264,0.1747347157759045,0
2025-11-14,-0.01359910064526415,-0.01369241537781977,0.020465853240925893,-0.012097053593732107,1180.8600341796875,1178.040417157926,1182.72001953125,1179.0802390268127,1174.6300048828125,1173.5637085936576,1146.3560009765624,1145.3815291284172,0.9889402766004907,0.9873850358015938,0.9941854404993095,1.0187062726005662,41.65762056766722,50.10664340977039,53.28680784670207,10.063940156364424,13.211693336183538,-3.147753179819114,1216.883498652519,1132.376511113106,1174.6300048828125,0.07194349470737703,0.4191788010251566,-0.2579609287907908,1187684.0,0.8916765739034962,0.0017769296828340497,0.4618494504706594,-0.008140957760700784,-0.38549029728147644,0.010345078153772835,1.1462769478510615,0.00248109361961224,-0.35245142889545855,1
2025-11-17,0.006593552705877803,0.006571910318626628,0.010718822276424926,0.001362957281422758,1180.1000244140625,1177.1936114386174,1179.67001953125,1178.429286476483,1174.8000061035157,1173.7481172990235,1148.422001953125,1146.5626456331852,0.9961020046446092,0.9964650966268457,1.0005958409030027,1.023578438936927,48.146074602114794,52.74807738703903,54.93604658009753,9.07991216440655,12.385337101828142,-3.3054249374215914,1217.0387715061484,1132.561240700883,1174.8000061035157,0.0719080101858816,0.5082861547894663,0.04128494943486016,1164178.5,0.9472361841418648,-0.01359910064526415,-0.2579609287907908,0.0017769296828340497,0.4618494504706594,-0.008140957760700784,-0.38549029728147644,0.006486385570511288,-0.12404162135360519,0
2025-11-18,-0.01063377286261169,-0.010690715461459813,0.023215821152192607,-0.014323268128123855,1174.4000244140625,1172.462407625745,1176.47001953125,1175.623961662577,1174.7850036621094,1172.724487080069,1150.2340014648437,1147.207247765217,0.9902928949445907,0.9885504778637564,0.9899683741064343,1.011098609951452,39.76934710521281,48.27952596218615,51.81763856261968,7.20832428279391,11.349934538021296,-4.141610255227386,1217.0403066167337,1132.529700707485,1174.7850036621094,0.07193708265410877,0.36055000392773595,0.7339392719305882,1206724.7,1.5845411965131733,0.006593552705877803,0.04128494943486016,-0.01359910064526415,-0.2579609287907908,0.0017769296828340497,0.4618494504706594,0.010345078153772835,1.1462769478510615,1
2025-11-19,0.0016337269252471032,0.0016323938451423727,0.011417330714551957,-0.002226959816648822,1171.02001953125,1169.941613221851,1174.82001953125,1173.6741548901196,1175.7700073242188,1171.979300159497,1152.0700024414064,1147.9010821436032,0.9947737912118383,0.9915561575796559,0.9907550091918964,1.0111364951309099,41.57207397493763,48.98694269746709,52.250237273616115,5.811403254358311,10.242228281288698,-4.430825026930387,1216.0951507921159,1135.4448638563217,1175.7700073242188,0.06859359095180154,0.3652207782123589,-0.7268225332813836,1147870.7,0.4550547374368908,-0.01063377286261169,0.7339392719305882,0.006593552705877803,0.04128494943486016,-0.01359910064526415,-0.2579609287907908,-0.008140957760700784,-0.38549029728147644,1
2025-11-20,0.004378037152589664,0.004368481427994795,0.011880362747061966,-0.0005125368174018503,1168.2400146484374,1169.961075481234,1174.9400146484375,1173.0061267282795,1176.6450073242188,1171.790795382402,1153.442001953125,1148.7677063732658,1.0015065271943215,0.9957955175695369,0.9943525810394335,1.0143552931303328,46.57909386615073,50.927148188097235,53.428694349646754,5.057558298714639,9.205294284773887,-4.1477359860592475,1215.6503229162884,1137.6396917321492,1176.6450073242188,0.06629920723629407,0.41481920831362484,0.7397691942474691,1108247.1,0.8199958294499484,0.0016337269252471032,-0.7268225332813836,-0.01063377286261169,0.7339392719305882,0.006593552705877803,0.04128494943486016,0.0017769296828340497,0.4618494504706594,0
2025-11-21,-0.02538457365117519,-0.02571232030806988,0.029641364010166423,-0.02204112450418096,1162.7400146484374,1160.0740665968644,1171.8000244140626,1167.0595671100696,1176.7500122070312,1168.791676662947,1154.1580029296874,1148.4356413714954,0.9807007881920213,0.9731183009646304,0.9690248880384177,0.9879930182294056,29.438921890709253,41.119105324271914,46.42297890924504,2.0400761653545487,7.77225066089002,-5.732174495535471,1215.3499768888864,1138.150047525176,1176.7500122070312,0.0656043582433618,0.02784978329215516,0.15061105376788975,1128305.1,0.9267236317552761,0.004378037152589664,0.7397691942474691,0.0016337269252471032,-0.7268225332813836,-0.01063377286261169,0.7339392719305882,-0.01359910064526415,-0.2579609287907908,0
2025-11-24,-0.030079845092854995,-0.030541525401451778,0.03679923252429928,-0.03152364273204904,1148.8400146484375,1142.049377731243,1164.47001953125,1155.9578276355114,1174.9800109863281,1162.8115169807616,1154.25400390625,1146.7714985726134,0.962710199764806,0.9497882997839766,0.9412926089453868,0.9581946402239473,19.681003665415304,33.17319018179347,40.05422374827857,-3.083482975736615,5.601103933564692,-8.684586909301308,1222.1882112721019,1127.7718107005544,1174.9800109863281,0.08035575047126998,-0.23059352579381606,1.113293746240294,1275254.2,1.7327659065933678,-0.02538457365117519,0.15061105376788975,0.004378037152589664,0.7397691942474691,0.0016337269252471032,-0.7268225332813836,0.006593552705877803,0.04128494943486016,1
2025-11-25,0.005424954792043302,0.005410292728247479,0.014928035598864658,0.0042445145530780395,1138.6400146484375,1132.0329184874954,1156.52001953125,1147.9654953381457,1173.0500122070312,1157.9723248873556,1154.51400390625,1145.4079103932952,0.976603654969334,0.9615051890331354,0.9479561727362598,0.9631758438941358,24.769972544727196,35.52046196898294,41.52761526729802,-6.583895602224175,3.1641040264069193,-9.747999628631094,1226.7913717414915,1119.3086526725708,1173.0500122070312,0.09162671493152937,-0.06799839765762083,-0.36912690629614564,1255786.3,1.110102093007385,-0.030079845092854995,1.113293746240294,-0.02538457365117519,0.15061105376788975,0.004378037152589664,0.7397691942474691,-0.01063377286261169,0.7339392719305882,1
2025-11-26,0.03812951835796996,0.03742055379783608,0.038981288156885306,0.03812951835796988,1136.5400146484376,1139.488620463018,1153.7800170898438,1149.1354097155852,1171.5600158691407,1157.6321057946611,1155.6220043945314,1145.760542315678,1.0157143695210322,1.0005373704822715,0.9853528703415609,0.9989425781303731,50.58341391255361,49.1208682156754,50.54663927847819,-5.869015848040135,1.3574800515175087,-7.226495899557644,1225.6336096965908,1117.4864220416905,1171.5600158691407,0.09231041192086911,0.341327436920172,0.55496678385511,1374927.6,1.5765942875828516,0.005424954792043302,-0.36912690629614564,-0.030079845092854995,1.113293746240294,-0.02538457365117519,0.15061105376788975,0.0016337269252471032,-0.7268225332813836,1
2025-11-27,0.005370712959766211,0.005356342112418977,0.023005300476932486,0.0013804793666415012,1134.660009765625,1146.5257388373245,1151.4500122070312,1151.2198762374674,1169.1950134277345,1157.914760060497,1156.8160034179687,1146.3424808752961,1.022861443601657,1.0079464703477385,0.9926487559875928,1.0032710233578968,53.31610608345809,50.75650066081915,51.69070480575857,-4.7474585015863795,0.136492340896731,-4.88395084248311,1220.7846040019726,1117.6054228534963,1169.1950134277345,0.0882480509782414,0.41669794481671085,0.08042568562206176,1466412.9,1.5971231567861959,0.03812951835796996,0.55496678385511,0.005424954792043302,-0.36912690629614564,-0.030079845092854995,1.113293746240294,0.004378037152589664,0.7397691942474691,0
2025-11-28,-0.0002584238877492151,-0.00025845728495597605,0.01663356541034792,0.0002586627828663793,1138.660009765625,1151.1171755009248,1150.7000122070312,1152.870816708496,1166.7100158691405,1158.1419304193187,1157.7180053710938,1146.8898364812894,1.0190048292527232,1.0083427796291415,0.9945059466758409,1.0022302870345388,53.15022501876113,50.671636839129064,51.630034839961155,-3.8385691709245293,-0.6585199614675211,-3.180049209457008,1214.872238589503,1118.547793148778,1166.7100158691405,0.08256074271289089,0.4334544101272815,-0.46909833384712996,1484849.3,0.8373873362098093,0.005370712959766211,0.08042568562206176,0.03812951835796996,0.55496678385511,0.005424954792043302,-0.36912690629614564,-0.02538457365117519,0.15061105376788975,1
2025-12-01,0.006980931866820361,0.006956677973053805,0.02370759208582366,0.0030045496837897987,1151.1400146484375,1156.8781251386374,1149.9900146484374,1155.694309018599,1164.8300170898438,1159.1188917521513,1158.866005859375,1147.733373262967,1.0149938404937615,1.0160088431474366,1.0030648311529076,1.0082270240963858,57.332835835517784,52.959128163024474,53.188064393432754,-2.436580113881746,-1.0141319919503662,-1.4224481219313798,1209.5210986487066,1120.138935530981,1164.8300170898438,0.07673408291883982,0.5399409367562147,1.4444351508853992,1678513.7,1.8107662749490816,-0.0002584238877492151,-0.46909833384712996,0.005370712959766211,0.08042568562206176,0.03812951835796996,0.55496678385511,-0.030079845092854995,1.113293746240294,0
2025-12-02,-0.0054775969533824576,-0.005492653997023954,0.01161790017211704,-0.005477596953382494,1161.1400146484375,1158.5854167590917,1149.8900146484375,1156.8407982879446,1163.1800170898437,1159.3932830138513,1159.6840063476564,1148.292848821282,1.0007406388038593,1.0105314292647936,0.9989855249638866,1.0019970902760293,52.97328670129411,50.94874496758015,51.80370777460958,-1.8209316023476276,-1.1754919140298186,-0.6454396883178091,1205.6765933811978,1120.6834407984895,1163.1800170898437,0.07306964642958048,0.48611632756303086,-0.06747360330802565,1770734.9,1.6006444555873385,0.006980931866820361,1.4444351508853992,-0.0002584238877492151,-0.46909833384712996,0.005370712959766211,0.08042568562206176,0.005424954792043302,-0.36912690629614564,0
2025-12-03,-0.01583478865237742,-0.01596149831212829,0.057974753561745154,-0.015834788652377366,1158.9800048828124,1153.5902697013737,1147.760009765625,1154.4333759784888,1161.2900146484376,1157.8891584969072,1160.1000048828125,1148.1088145767587,0.9867296853853574,0.9963755191466054,0.984766906768026,0.9857770629881674,42.20818003147471,45.59037567595985,48.02996629790744,-2.785642760502469,-1.4975220833243488,-1.2881206771781204,1203.7394249064473,1118.8406043904279,1161.2900146484376,0.07310733705199492,0.29163386540614916,1.1263627180728197,2321179.1,2.596432993903831,-0.0054775969533824576,-0.06747360330802565,0.006980931866820361,1.4444351508853992,-0.0002584238877492151,-0.46909833384712996,0.03812951835796996,0.55496678385511,1
2025-12-04,0.0061210214668057095,0.006102364110915534,0.01903356933664979,-0.007247648329648404,1156.9800048828124,1152.5935049962284,1145.8200073242188,1153.736394088934,1160.3800109863282,1157.1949506006245,1160.7720043945312,1148.206507165354,0.9944856183599118,1.0041716571810273,0.9915716960756006,0.9912368417138906,46.98951960369681,47.837970163383325,49.49948805652038,-2.9513208159175974,-1.7882818298429985,-1.1630389860745989,1202.92663563445,1117.8333863382065,1160.3800109863282,0.0733322260730032,0.38506684747291137,-0.6207303527950054,2458881.0,0.9296004971367057,-0.01583478865237742,1.1263627180728197,-0.0054775969533824576,-0.06747360330802565,0.006980931866820361,1.4444351508853992,0.005370712959766211,0.08042568562206176,1
2025-12-05,0.010081675501540266,0.010031194416830175,0.022887606869296532,0.010608653192934782,1157.3599853515625,1155.795653721444,1148.0099975585938,1155.2752226494686,1159.905010986328,1157.671617321696,1161.2480029296876,1148.7552696754137,1.0041819018123754,1.0123604791277585,1.001978558730077,1.0008197630822924,54.29940976171864,51.41934144887356,51.867634538564275,-2.1221380967413097,-1.8550530832226608,-0.2670850135186489,1202.1465426375726,1117.6634793350836,1159.905010986328,0.0728361913279852,0.5271645001475617,0.017789136910556058,2586962.2,0.8992937739871112,0.0061210214668057095,-0.6207303527950054,-0.01583478865237742,1.1263627180728197,-0.0054775969533824576,-0.06747360330802565,-0.0002584238877492151,-0.46909833384712996,0
2025-12-08,-0.037084819649560896,-0.03778994961929331,0.047538157745040256,-0.03931672063545723,1147.4999755859376,1143.5637610096087,1149.3199951171875,1148.6979050015536,1156.8950073242188,1153.9981276325761,1160.6480029296874,1147.5923169660225,0.9752505441357431,0.9737061743816884,0.9673306294011093,0.9642027322333083,33.98503174557193,40.33756921089549,43.84616960995791,-4.886484296871913,-2.4613393259525114,-2.4251449709194017,1201.6820946629591,1112.1079199854785,1156.8950073242188,0.07742636463152923,0.0780588336497044,-0.2575846605047457,2538708.9,0.6803395221878333,0.010081675501540266,0.017789136910556058,0.0061210214668057095,-0.6207303527950054,-0.01583478865237742,1.1263627180728197,0.006980931866820361,1.4444351508853992,0
2025-12-09,-0.010097334469063912,-0.010148658332517069,0.01922723038362781,-0.009123391030299643,1136.6599853515625,1131.6425236157809,1148.9,1141.2619311518392,1152.710009765625,1149.598310603581,1159.83400390625,1146.0318358625755,0.9746098772760868,0.9642266940796631,0.9610396712468634,0.9551367222353563,30.495338352546426,38.02379258312314,42.05568789033394,-7.898014829826707,-3.5486744267273505,-4.349340403099356,1199.3832168587176,1106.0368026725325,1152.710009765625,0.08097996321309356,0.01888927572595953,0.12731938230090134,2594012.6,0.7506085359801259,-0.037084819649560896,-0.2575846605047457,0.010081675501540266,0.017789136910556058,0.0061210214668057095,-0.6207303527950054,-0.0054775969533824576,-0.06747360330802565,0
2025-12-10,-0.0099295897410695,-0.009979216908846367,0.021061245949631976,-0.0040860799060059745,1127.3,1120.028365353229,1143.1400024414063,1133.1779525475274,1148.460009765625,1144.5699047202042,1159.15400390625,1144.1011775474992,0.9729442462770559,0.9594625736879884,0.955018058532101,0.9462073591015538,27.310462602547858,35.86699944902108,40.370647547594494,-11.044963084081019,-5.047932158198084,-5.997030925882934,1199.0769726558433,1097.8430468754068,1148.460009765625,0.08814754098498917,-0.01030285093896219,-0.3719215567041654,2499534.7,0.4892606611942614,-0.010097334469063912,0.12731938230090134,-0.037084819649560896,-0.2575846605047457,0.010081675501540266,0.017789136910556058,-0.01583478865237742,1.1263627180728197,1
2025-12-11,0.007840969368232642,0.007810388718524275,0.014293512284387822,0.004087564629127025,1118.260009765625,1115.1522517068402,1137.6200073242187,1128.1274201596248,1144.535009765625,1140.839439929143,1158.8180053710937,1142.5834852677567,0.9885000042572766,0.9716777283251721,0.9658070875791064,0.9539030454226288,33.632616410379896,38.790229713255435,42.269472457749984,-12.698614369486677,-6.578068600455802,-6.120545769030874,1195.7218046669354,1093.3482148643147,1144.535009765625,0.08944557303108142,0.1177238150287003,-0.37928276818510387,2341239.5,0.3242256932705945,-0.0099295897410695,-0.3719215567041654,-0.010097334469063912,0.12731938230090134,-0.037084819649560896,-0.2575846605047457,0.0061210214668057095,-0.6207303527950054,1
2025-12-12,0.01818344051203713,0.018020098861445386,0.01776988005330964,0.013963963963963964,1110.92001953125,1118.6015011378936,1134.1400024414063,1127.6497074033293,1142.4200073242187,1139.3785408882723,1158.4740063476563,1141.9135446690213,1.0131242395603797,0.9923818907517525,0.9851893286044169,0.9715366886378278,46.35497673361382,45.08988538067773,46.45393780844757,-12.246079695989238,-7.711670819562491,-4.534408876426747,1193.0797442145715,1091.7602704338658,1142.4200073242187,0.08868846232658044,0.3330034030689889,0.09018166488822144,2299654.7,0.35985663412859326,0.007840969368232642,-0.37928276818510387,-0.0099295897410695,-0.3719215567041654,-0.010097334469063912,0.12731938230090134,0.010081675501540266,0.017789136910556058,0
2025-12-15,-0.009506842445024422,-0.009552320939097894,0.011302453385414328,-0.004731655096269461,1110.0600341796876,1117.3343503679707,1128.7800048828126,1125.313405844201,1139.385009765625,1137.0377321206392,1157.8480078125,1140.8502703223194,1.0042700525219252,0.987614986096304,0.9784226045394812,0.9628207168005541,41.423339136847105,42.577713517181486,44.64516329191222,-12.605530632788941,-8.69044278220778,-3.915087850581161,1189.0164447585441,1089.7535747727059,1139.385009765625,0.08711969100441032,0.25232470166329557,0.2301008040640642,2097511.6,0.4853203195634293,0.01818344051203713,0.09018166488822144,0.007840969368232642,-0.37928276818510387,-0.0099295897410695,-0.3719215567041654,-0.037084819649560896,-0.2575846605047457,0
2025-12-16,-0.028884169206878085,-0.02930952759613498,0.030944024344604974,-0.028186736457865798,1105.02001953125,1105.7562254406264,1120.8400024414063,1117.5473276154257,1135.365008544922,1131.8531838792392,1156.2660083007813,1138.56594503854,0.9797107350554399,0.9658827069232231,0.9535259299327818,0.9362897186408675,30.15847387299219,36.0655852390748,39.75405083746247,-15.312165777717837,-10.014787381309793,-5.297378396408044,1189.513066393771,1081.216950696073,1135.365008544922,0.09538440491176473,0.012770770963985722,0.9650233554198817,2014112.4,0.9931546024938828,-0.009506842445024422,0.2301008040640642,0.01818344051203713,0.09018166488822144,0.007840969368232642,-0.37928276818510387,-0.010097334469063912,0.12731938230090134,0
2025-12-17,-0.003048149669527267,-0.0030528047397050313,0.016770105408213377,-0.008269778182672275,1101.52001953125,1096.937499903126,1114.410009765625,1110.5932769268256,1131.085009765625,1126.8481233981806,1154.6540087890626,1136.2417922459747,0.9798279011646283,0.9684945750398597,0.9542165615401176,0.9347389266504478,29.208769602161027,35.46690350313301,39.290858368761306,-17.52149327333973,-11.516128559715781,-6.005364713623948,1188.64307713876,1073.5269423924901,1131.085009765625,0.10177496275909742,0.050150280396049705,-0.10925774561633739,1589611.2,1.120886667129673,-0.028884169206878085,0.9650233554198817,-0.009506842445024422,0.2301008040640642,0.01818344051203713,0.09018166488822144,-0.0099295897410695,-0.3719215567041654,1
2025-12-18,0.0026868361091048065,0.002683233017467698,0.01691004403419954,0.0029656637366774793,1096.8800048828125,1092.0249836593757,1107.5700073242188,1105.430854062289,1126.6950073242188,1122.595916519485,1153.1620068359375,1134.1225043607158,0.986616536316107,0.9770939480262423,0.9605083400005341,0.9384630648222887,31.42280524286643,36.465016481068034,39.93659940862797,-18.821441485811874,-12.977191144935,-5.844250340876874,1185.0980648789628,1068.2919497694747,1126.6950073242188,0.10367145886879375,0.11906912056242618,-0.3632172205902656,1474493.8,0.7694864501973491,-0.003048149669527267,-0.10925774561633739,-0.028884169206878085,0.9650233554198817,-0.009506842445024422,0.2301008040640642,0.007840969368232642,-0.37928276818510387,0
2025-12-19,-0.0024024909473725486,-0.0024053815594563344,0.014171961072730773,-0.010449151616922548,1087.7,1087.8833143015631,1099.310009765625,1100.7343307029523,1123.6600036621094,1118.5010650020042,1151.8500073242187,1131.9843659773912,0.9925530712383355,0.9820705406076584,0.9607888258614027,0.937274791614474,30.427393888918132,35.92847103360165,39.54066480530633,-19.832835528241503,-14.348320021596301,-5.484515506645202,1185.1469219036999,1062.1730854205189,1123.6600036621094,0.10944043223252423,0.14171217767774597,-0.058514740398183385,1348671.1,0.7920478165506771,0.0026868361091048065,-0.3632172205902656,-0.003048149669527267,-0.10925774561633739,-0.028884169206878085,0.9650233554198817,0.01818344051203713,0.09018166488822144,1
2025-12-22,0.014171961072730666,0.014072477647502338,0.02064124317500539,0.009124446464573733,1083.7199951171874,1090.2222176723963,1096.8900146484375,1099.6735477413358,1123.1050048828124,1116.2533468507718,1150.2440087890625,1130.530078072947,1.0103163449481858,0.998185788722844,0.9748866042390285,0.9518850053100782,42.85544023830364,41.393403867519346,43.03052054128842,-19.17870633270786,-15.314397283818614,-3.864309048889247,1185.4144034970539,1060.795606268571,1123.1050048828124,0.1109591682760651,0.2736699350657561,0.016950755093558145,1284584.6,0.8456578103147118,-0.0024024909473725486,-0.058514740398183385,0.0026868361091048065,-0.3632172205902656,-0.003048149669527267,-0.10925774561633739,-0.009506842445024422,0.2301008040640642,1
2025-12-23,0.001735340553197462,0.0017338365894544775,0.00993802327571796,0.0016438802083333333,1086.560009765625,1092.4148280576392,1095.7900146484376,1099.1510933934792,1122.3450073242188,1114.4006518009958,1148.8240087890624,1129.207331828052,1.0094242738279213,1.0009217406311295,0.9772396559619438,0.9547154659347917,44.29707662345397,42.054388464758674,43.456104739137324,-18.29608229368705,-15.910734285792302,-2.3853480078947484,1185.54213294264,1059.1478817057978,1122.3450073242188,0.1126162190877282,0.2978946174677931,-0.11466245182124224,1186051.7,0.8108912958853312,0.014171961072730666,0.016950755093558145,-0.0024024909473725486,-0.058514740398183385,0.0026868361091048065,-0.3632172205902656,-0.028884169206878085,0.9650233554198817,0
2025-12-24,-0.0050145876688065805,-0.005027202904692362,0.013928408835415938,-0.007457891015802637,1088.960009765625,1092.0432349811344,1095.2400146484374,1097.7236307452329,1119.190008544922,1112.200594375008,1147.4220092773437,1127.720771710408,1.002148875111588,0.9964026462075739,0.9750802281079536,0.9510886491670446,40.81933682066596,40.62602935014051,42.49130729819428,-17.834811809625762,-16.295549790558994,-1.5392620190667685,1181.9698913316863,1056.4101257581576,1119.190008544922,0.11218806870584119,0.27787502557525556,-0.16140114103429237,1144412.3,0.7047547461697152,0.001735340553197462,-0.11466245182124224,0.014171961072730666,0.016950755093558145,-0.0024024909473725486,-0.058514740398183385,-0.003048149669527267,-0.10925774561633739,1
2025-12-26,0.0028406262688858153,0.002836599314332166,0.016173200636898272,0.0021060790033357243,1091.4000244140625,1092.8288314587771,1094.1400146484375,1097.11933868502,1115.8800109863282,1110.5053019977752,1146.3540087890624,1126.4140757380023,1.0027487629951362,1.000237638476012,0.9807506305688911,0.9546789351485927,43.72458412359328,41.82536305124214,43.2371282680175,-17.022880337370225,-16.44101589992124,-0.581864437448985,1176.52191840968,1055.2381035629764,1115.8800109863282,0.10868893935961857,0.32289486359399805,0.633254807632698,1200230.2,1.0975136269692265,-0.0050145876688065805,-0.16140114103429237,0.001735340553197462,-0.11466245182124224,0.014171961072730666,0.016950755093558145,0.0026868361091048065,-0.3632172205902656,0
2025-12-29,-0.0016447814217555035,-0.0016461355597625692,0.019769335592702997,-0.006727294921875,1094.0000244140624,1092.7525461678306,1090.8500122070313,1096.2976363033686,1112.4950073242187,1108.8000328156954,1144.9900073242188,1125.0880325947842,0.9987202479004744,1.0016042199746285,0.9821167451473487,0.9542441144436588,42.31726160325336,41.303636510984354,42.897930684700704,-16.33635239140972,-16.420083198218936,0.08373080680921774,1170.3341981384733,1054.655816509964,1112.4950073242187,0.10398103440188888,0.32801426283631524,1.3416060045442504,1425928.1,2.163170078491335,0.0028406262688858153,0.633254807632698,-0.0050145876688065805,-0.16140114103429237,0.001735340553197462,-0.11466245182124224,-0.0024024909473725486,-0.058514740398183385,1
2025-12-30,0.0173897130006897,0.017240242288661542,0.022040302751073524,0.01701736101183669,1097.3400146484375,1099.035022640533,1090.5300048828126,1099.07987980929,1109.6550048828126,1109.066694031909,1143.7800073242188,1124.5590891826726,1.0129950250124329,1.0193208537213876,1.0017527706310219,0.9718651912673628,58.69048400934373,48.592850970585054,47.46563525946111,-14.096635597378963,-15.955393678050942,1.8587580806719792,1161.5028164834805,1057.8071932821447,1109.6550048828126,0.09344852476224068,0.5187565361302525,-0.4783358864006614,1485040.2,1.0835302640292162,-0.0016447814217555035,1.3416060045442504,0.0028406262688858153,0.633254807632698,-0.0050145876688065805,-0.16140114103429237,0.014171961072730666,0.016950755093558145,1
2025-12-31,0.04785900900559592,0.04674904345681501,0.03125001964988207,0.007612498986267301,1110.9400146484375,1120.956698036397,1098.7500122070312,1111.0290014490781,1109.7950073242187,1114.3746325839295,1143.8100073242188,1126.1371660315137,1.0484814962729845,1.0601137983046942,1.0495632446901404,1.0183509860636815,78.56549004658446,62.59846776438059,57.46813437855199,-7.9373458209424825,-14.351784106629252,6.414438285686769,1162.219358885553,1057.3706557628843,1109.7950073242187,0.09447573870012722,1.0246134655528616,2.6554279883113767,1873197.5,3.140030883022212,0.0173897130006897,-0.4783358864006614,-0.0016447814217555035,1.3416060045442504,0.0028406262688858153,0.633254807632698,0.001735340553197462,-0.11466245182124224,1
2026-01-01,0.005752018278686988,0.005735538585679421,0.013487024181071276,0.006875805758487323,1126.9800048828124,1137.804465357598,1107.9700073242188,1122.0237284583366,1111.190008544922,1119.8151437664123,1144.3360083007813,1127.9161006969446,1.0395038021298497,1.0573390906394733,1.0542751383573477,1.0237377758824127,79.98067374456426,63.93123433648036,58.51268401540707,-2.486768314912979,-11.978780948285998,9.492012633373019,1168.4042949722802,1053.9757221175637,1111.190008544922,0.10297840331066166,1.0270536016528862,-0.8004560772730163,1812389.8,0.6475963393746753,0.04785900900559592,2.6554279883113767,0.0173897130006897,-0.4783358864006614,-0.0016447814217555035,1.3416060045442504,-0.0050145876688065805,-0.16140114103429237,1
2026-01-02,0.00785313800416132,0.007822462609978657,0.012619653620950728,0.007423166528903583,1144.239990234375,1152.1029606290238,1117.8200073242188,1132.6921325880708,1112.6950073242188,1125.6136968526469,1144.9000073242187,1129.9860556175302,1.031863910760567,1.0562522977184627,1.0611173263113607,1.031269057226513,81.89556816068928,65.73671271841329,59.93148373501849,2.545865645856793,-9.07385162945744,11.619717275314233,1175.3058036013363,1050.0842110471012,1112.6950073242188,0.11253900820078702,1.0430768165498492,-0.23043170426438853,1789253.5,0.5048138790842103,0.005752018278686988,-0.8004560772730163,0.04785900900559592,2.6554279883113767,0.0173897130006897,-0.4783358864006614,0.0028406262688858153,0.633254807632698,1
2026-01-05,0.004404229234553858,0.004394558999869008,0.011721076083905402,0.004404229234553871,1162.9,1163.36864855737,1128.4500122070312,1142.366294738251,1113.8800109863282,1131.3552518584959,1145.8540087890624,1132.1787602762176,1.01977816184888,1.0509105512743715,1.0646568864845338,1.0349486193859205,82.96977168678376,66.74983855876653,60.72855269921254,6.874620424801378,-5.884157218605678,12.758777643407056,1180.9332874766744,1046.826734495982,1113.8800109863282,0.12039586998418489,1.037035751251493,0.12685664939550945,1784214.5,0.5704594374723443,0.00785313800416132,-0.23043170426438853,0.005752018278686988,-0.8004560772730163,0.04785900900559592,2.6554279883113767,-0.0016447814217555035,1.3416060045442504,0
2026-01-06,-0.008095096878576014,-0.008128040081378058,0.02431350369697756,-0.008095096878576017,1175.8400146484375,1167.6791153142885,1136.5900146484375,1148.5360682091373,1116.7400146484374,1135.6357087127462,1146.5520092773438,1133.9090068860964,1.0003912387518339,1.0349378700040492,1.053333840820988,1.0259456521030659,73.56822304566141,63.043701951417844,58.473774965907005,9.42194169575373,-2.822937435733796,12.244879131487526,1189.1086958790063,1044.3713334178685,1116.7400146484374,0.12960703526568154,0.9115042112618265,0.3709371579706471,1815119.6,0.7687482411627311,0.004404229234553858,0.12685664939550945,0.00785313800416132,-0.23043170426438853,0.005752018278686988,-0.8004560772730163,0.0173897130006897,-0.4783358864006614,1
2026-01-07,0.011476663639901519,0.011411306316419697,0.020255483776181044,0.012681950893220323,1180.8400146484375,1175.0527598189008,1145.8900146484375,1156.0386101398624,1120.8400146484375,1140.7942172951632,1147.3360107421875,1136.1008124524506,1.0075878476919289,1.0383195888072725,1.0615253142985954,1.037010986919576,77.71171567899309,65.91015330079338,60.63204886336155,12.387256746263574,0.21910140066567818,12.168155345597896,1199.7168499307018,1041.9631793661733,1120.8400146484375,0.1407459302869459,0.9371374303552554,-0.16761504117187553,1835092.2,0.6329300511440242,-0.008095096878576014,0.3709371579706471,0.004404229234553858,0.12685664939550945,0.00785313800416132,-0.23043170426438853,0.04785900900559592,2.6554279883113767,0
2026-01-08,-0.02849220291044008,-0.028905984371259828,0.03123105357164167,-0.02865544166885504,1177.72001953125,1168.6685146839548,1152.3500122070313,1156.0134127351714,1123.7950134277344,1142.2328655922013,1146.7700122070312,1136.8772521372198,0.9814726804713125,1.0030806718179592,1.0285683871192872,1.0079615024022646,53.254401962977326,54.48234749240471,53.32457827248618,11.865068507834394,2.5482948220994217,9.316773685734972,1203.273840410948,1044.3161864445208,1123.7950134277344,0.14144719639001047,0.7019720987647999,0.09776277782321774,1881942.7,0.6775100007029969,0.011476663639901519,-0.16761504117187553,-0.008095096878576014,0.3709371579706471,0.004404229234553858,0.12685664939550945,0.005752018278686988,-0.8004560772730163,1
2026-01-09,0.002508888617363425,0.002505746610515789,0.01406621165946303,-0.0010344406654094827,1173.3400390625,1165.379026065345,1158.7900146484376,1156.5200738429812,1126.4650146484375,1143.810692567051,1145.7880126953125,1137.7369696545102,0.987608033689882,1.0000086591872217,1.02870487210806,1.01135640798179,54.67797576952343,55.19798712333383,53.82446056398335,11.552073191579211,4.34905049599538,7.203022695583831,1206.8749872206706,1046.0550420762045,1126.4650146484375,0.14276514854272418,0.7010635817008927,0.08851600152152694,1889005.4,0.7347231511355129,-0.02849220291044008,0.09776277782321774,0.011476663639901519,-0.16761504117187553,-0.008095096878576014,0.3709371579706471,0.00785313800416132,-0.23043170426438853,1
2026-01-12,0.02062469911691811,0.02041488993977439,0.03263716680438755,0.019568923424030174,1172.7000244140625,1171.1526677675217,1167.8000122070312,1161.2800515391436,1129.3250122070312,1147.5144314817962,1145.24201171875,1139.5002238316617,1.0085272674593906,1.012758981682732,1.0472626908887226,1.0327074444264484,64.94291407072404,60.684068579617495,57.740834812508886,13.081746299523502,6.095589656701005,6.986156642822497,1213.3805457038288,1045.2694787102337,1129.3250122070312,0.1488597748003978,0.8174980679105277,0.0027754240951771703,1719727.7,0.8092839348927159,0.002508888617363425,0.08851600152152694,-0.02849220291044008,0.09776277782321774,0.011476663639901519,-0.16761504117187553,0.004404229234553858,0.12685664939550945,0
2026-01-13,-0.003889385115286137,-0.0038969684429477937,0.02240898477307262,-0.00388938511528611,1173.060009765625,1173.468437040327,1174.4500122070312,1164.3382195476515,1132.490008544922,1150.4273404440953,1144.6840112304687,1141.0139395867316,1.0042964262513046,1.0031078064974832,1.040274056898407,1.029192304625229,61.79993662606521,59.18197070558765,56.76781190952024,13.76417878693178,7.62930748274716,6.134871304184619,1218.8547490496371,1046.1252680402067,1132.490008544922,0.15252185865318282,0.7640543280421566,0.12871511221859122,1715907.8,0.9154845033048978,0.02062469911691811,0.0027754240951771703,0.002508888617363425,0.08851600152152694,-0.02849220291044008,0.09776277782321774,-0.008095096878576014,0.3709371579706471,1
2026-01-14,0.003140712434313686,0.0031357906994927045,0.026738851142604107,0.0016103266164487545,1171.460009765625,1176.245640969593,1176.1500122070313,1167.5130975986467,1137.4500122070312,1153.4152174330507,1144.4200122070313,1142.6133948510999,1.008826625728836,1.004803840124519,1.0389907566443646,1.032662865226383,63.45946973576291,60.03881397164326,57.37448362931986,14.437153914199143,8.990876769037557,5.446277145161586,1223.1760572222465,1051.723967191816,1137.4500122070312,0.15073373615580388,0.7586730591223599,0.4525080416350762,1355890.6,1.682824558264509,-0.003889385115286137,0.12871511221859122,0.02062469911691811,0.0027754240951771703,0.002508888617363425,0.08851600152152694,0.011476663639901519,-0.16761504117187553,0
2026-01-15,0.0,0.0,0.0,0.0,1176.6400146484375,1178.0971102557705,1177.1800170898437,1170.1107250949153,1142.5750122070312,1156.1185347087721,1144.4280126953124,1144.1501263796108,1.004385397500891,1.003924660350337,1.0343303819898226,1.0326556460679388,63.45946973576291,60.03881397164326,57.37448362931986,14.7998876587626,10.152678946982567,4.647208711780033,1226.0075825582767,1059.1424418557858,1142.5750122070312,0.14604305093297051,0.7350702876344275,-1.0,1238520.9,0.0,0.003140712434313686,0.4525080416350762,-0.003889385115286137,0.12871511221859122,0.02062469911691811,0.0027754240951771703,-0.02849220291044008,0.09776277782321774,1
2026-01-16,0.004653917560296206,0.00464312156877846,0.01692924857207659,0.004653917560296101,1182.3400146484375,1181.1647564465554,1177.8400268554688,1173.2360566827715,1147.8300170898438,1159.088202720139,1144.7980126953125,1145.8422802011212,1.0041950996483548,1.0080316696299685,1.0343866523358152,1.0371262315810155,66.41173487619997,61.43444518488896,58.33272000155077,15.354167513804896,11.192976660347034,4.161190853457862,1228.5862532038045,1067.073780975883,1147.8300170898438,0.14071114173979607,0.744377608699979,-1.0,1336505.8,1.408964330719702,0.0,-1.0,0.003140712434313686,0.4525080416350762,-0.003889385115286137,0.12871511221859122,0.002508888617363425,0.08851600152152694,0
2026-01-19,-0.002695252346149535,-0.002698891078426007,0.016383772328398733,-0.0027792224694903897,1182.62001953125,1182.1431628263495,1177.6600219726563,1175.2113146651652,1153.0550170898437,1161.4702763264056,1145.0460131835937,1147.342581980918,1.0012514214458117,1.0054684318845213,1.0269240912497368,1.0341068934808666,62.958855881360996,60.11884227488047,57.54244572984273,15.358179591583166,12.026017246594261,3.3321623449889053,1228.846846705116,1077.2631874745714,1153.0550170898437,0.1314626422710699,0.7048041237009417,0.17565340777838956,1456109.6,1.5203937945330488,0.004653917560296206,-1.0,0.0,-1.0,0.003140712434313686,0.4525080416350762,0.02062469911691811,0.0027754240951771703,0
2026-01-20,-0.020352990526844583,-0.020562966618256753,0.03318965517241379,-0.02356902356902357,1179.0000244140624,1174.7621085508997,1176.0300170898438,1172.4456210896806,1156.3100158691407,1161.330250009605,1144.6600122070313,1147.8389513149998,0.9838846276330613,0.9863693810048224,1.0031911719869397,1.0134013485483708,43.21679261567382,51.22243821235108,51.97441980387191,13.26379579276977,12.273572955829364,0.990222836940406,1227.269633195603,1085.3503985426782,1156.3100158691407,0.1227345890853079,0.5260005920965082,-0.5000167128906073,1427261.9,0.775536010594832,-0.002695252346149535,0.17565340777838956,0.004653917560296206,-1.0,0.0,-1.0,-0.003889385115286137,0.12871511221859122,1
2026-01-21,0.012586185849946085,0.01250763820300725,0.01643116740105274,0.00954015950660722,1177.560009765625,1174.7080642292458,1174.510009765625,1172.8373219071818,1160.2000122070312,1162.5940333978272,1144.32201171875,1148.8884032471935,0.9974862986555763,1.0000765985981936,1.0124116214681926,1.0264593038997043,53.51828551213578,55.51699382200948,54.75906175219719,12.636412854198397,12.34614093550317,0.29027191869522717,1226.028245473059,1094.3717789410034,1160.2000122070312,0.11347738764595212,0.609375283707771,0.26656686780023,1451308.8,0.9659929024064348,-0.020352990526844583,-0.5000167128906073,-0.002695252346149535,0.17565340777838956,0.004653917560296206,-1.0,0.003140712434313686,0.4525080416350762,1
2026-01-22,0.00834330753602841,0.008308694537039692,0.01342453907996873,0.0037288342492055085,1178.0800048828125,1177.9387176241848,1177.360009765625,1174.9396314538874,1164.8550109863281,1164.6707944469924,1144.3740112304688,1150.2810158419727,1.005364677700203,1.0059794919056568,1.0167789237659586,1.0349763388462103,59.3004769579935,58.17867898187314,56.535290643522565,12.782639086858126,12.433440565774163,0.349198521083963,1223.287599221205,1106.4224227514512,1164.8550109863281,0.1003259421709484,0.6672441185488037,0.019075518882930576,1466675.0,0.9741060562155897,0.012586185849946085,0.26656686780023,-0.020352990526844583,-0.5000167128906073,-0.002695252346149535,0.17565340777838956,0.0,-1.0,0
2026-01-23,-0.012158075073652852,-0.012232589048655507,0.02435897435897436,-0.019525725194603577,1174.6199951171875,1175.2924784161232,1178.4800048828124,1174.0415166440896,1168.635009765625,1165.178337832993,1144.0960107421874,1151.054309338366,0.9960668172375811,0.9928042861587154,1.0011680210013978,1.0226414470591576,48.87731576689583,53.146491366333485,53.30627639502952,11.602812802072549,12.26731501303384,-0.6645022109612917,1217.3148511843401,1119.9551683469099,1168.635009765625,0.08331059913818271,0.5140200768387284,0.6847463107992808,1568584.6,1.5344993186851381,0.00834330753602841,0.019075518882930576,0.012586185849946085,0.26656686780023,-0.020352990526844583,-0.5000167128906073,0.004653917560296206,-1.0,1
2026-01-27,0.04444444444444451,0.04348511193973889,0.039034429821757366,0.020885547201336674,1182.2,1190.8616522774155,1182.410009765625,1182.7612408906186,1175.1050109863281,1170.5899247060413,1145.180009765625,1153.8364932858813,1.0336660463542546,1.0334824552459787,1.0399070624116482,1.067081148447655,70.62767681831157,64.93972872279548,61.618255717340574,14.694369840464788,12.752725978520031,1.9416438619447565,1215.2993196552097,1134.9107023174465,1175.1050109863281,0.06840973069316483,1.0833535961520087,0.5822910919521129,1810266.0,2.1038687132167317,-0.012158075073652852,0.6847463107992808,0.00834330753602841,0.019075518882930576,0.012586185849946085,0.26656686780023,-0.002695252346149535,0.17565340777838956,0
2026-01-28,-0.0027005309559123836,-0.0027041839678310035,0.01952904716640006,-0.01079549417867289,1193.939990234375,1200.1410852422355,1186.4700073242188,1189.295551850847,1180.460009765625,1175.1718319885017,1146.0440087890624,1156.3801583010184,1.020738027991373,1.0271645668653206,1.0323941015281342,1.0633971660997403,68.47081592208967,63.84149276345503,60.895917742685555,16.685820948751143,13.539344972566255,3.146475976184888,1213.2381161688252,1147.681903362425,1180.460009765625,0.05553446306022357,1.0833152918576863,-0.4186012988629304,1874606.6,1.1812040990360324,0.04444444444444451,0.5822910919521129,-0.012158075073652852,0.6847463107992808,0.00834330753602841,0.019075518882930576,-0.020352990526844583,-0.5000167128906073,1
2026-01-29,0.015426314582229539,0.015308538679135892,0.021898970170454547,0.008146639511201629,1206.5199951171876,1212.5940568281571,1192.0400024414062,1198.0599969688747,1184.0950073242188,1181.1078479895968,1147.5340087890625,1159.5613285637235,1.0256771582801687,1.03813630202467,1.0451019490374038,1.0783994117140583,73.79055611765435,67.24045504273798,63.45832087823681,19.555641855221893,14.742604349097384,4.813037506124509,1224.3841702871082,1143.8058443613295,1184.0950073242188,0.06805055795975957,1.1627711864474932,0.11594400560359452,1893536.7,1.3049797239208514,-0.0027005309559123836,-0.4186012988629304,0.04444444444444451,0.5822910919521129,-0.012158075073652852,0.6847463107992808,0.012586185849946085,0.26656686780023,0
2026-01-30,-0.01866664693813136,-0.01884306769767373,0.027585638444106143,-0.011074898685616856,1212.5199951171876,1213.196046023459,1195.3,1201.0309110498179,1186.240008544922,1184.2785314585938,1148.5240087890625,1161.7118656558937,1.001550514057043,1.0159792724956602,1.023738885610242,1.0573571080107032,59.419038171457565,59.80190791222145,58.511686429732805,19.7384876257413,15.74178100442617,3.9967066213151305,1228.1537831490623,1144.3262339407815,1186.240008544922,0.07066660086023077,0.8359279393839042,0.16409290550042543,2181187.2,1.3187795160360376,0.015426314582229539,0.11594400560359452,-0.0027005309559123836,-0.4186012988629304,0.04444444444444451,0.5822910919521129,0.00834330753602841,0.019075518882930576,0
2026-02-02,-0.012516529097997497,-0.012595520674033552,0.02484994166235912,-0.0006667073567708334,1218.3599853515625,1208.5306810729312,1196.489990234375,1200.698009253828,1187.1650085449219,1185.6996190503348,1149.1080078125,1163.1819866565206,0.984273913777496,1.0022649257073761,1.0101375483107475,1.0435920235685525,51.69055906982627,55.45466039307657,55.52145018610846,18.44426137391406,16.282277078323748,2.1619842955903117,1229.3644822028496,1144.9655348869942,1187.1650085449219,0.07109285289607804,0.6425958854902947,-0.3606359105928897,2176791.7,0.8448828613229276,-0.01866664693813136,0.16409290550042543,0.015426314582229539,0.11594400560359452,-0.0027005309559123836,-0.4186012988629304,-0.012158075073652852,0.6847463107992808,1
2026-02-03,0.025183517738368355,0.02487163826028904,0.025947536774251843,0.0035918566645408165,1219.839990234375,1215.4871288533084,1201.0199951171876,1205.9165574647798,1189.3400085449218,1189.861562418309,1150.8900073242187,1165.778772450934,1.0078371214718505,1.0236299390620103,1.0336825597233137,1.0682167857833582,62.88152650723092,61.4506800561763,59.806628847990254,19.629198086259066,16.951661279910812,2.677536806348254,1235.3651359551654,1143.3148811346782,1189.3400085449218,0.07739608031273124,0.9351972294619296,0.13812914121537645,2164722.9,0.9669468549531213,-0.012516529097997497,-0.3606359105928897,-0.01866664693813136,0.16409290550042543,0.015426314582229539,0.11594400560359452,0.04444444444444451,0.5822910919521129,0
2026-02-04,-0.0009761454517291934,-0.0009766221919711218,0.013189994964922425,-0.0006509754500610253,1221.739990234375,1219.7247362928306,1207.839990234375,1209.9680835933425,1191.9350036621095,1193.5128375376962,1153.3340063476562,1168.2266618125395,1.0052875087900337,1.0168565050852054,1.030425272685461,1.0649126310437182,62.21338873574061,61.098732934586856,59.56717908926069,20.238140401839246,17.6089571042965,2.6291832975427454,1240.5085280638564,1143.3614792603626,1191.9350036621095,0.08150364617619127,0.8732995284614482,-0.4926155136797167,2160237.9,0.49163242622490794,0.025183517738368355,0.13812914121537645,-0.012516529097997497,-0.3606359105928897,-0.01866664693813136,0.16409290550042543,-0.0027005309559123836,-0.4186012988629304,1
2026-02-05,0.009444795731494704,0.009400472512234576,0.02226173299665375,0.017397073417791512,1222.2,1226.4165071379289,1214.3599975585937,1215.3920772723939,1194.4350036621095,1197.9211433748799,1155.8900073242187,1171.033461303347,1.0144003017739527,1.0209493488921548,1.0379803380066117,1.0725934483144728,66.25665018437417,63.28751766862602,61.14603891299161,21.409961796574635,18.369158042752126,3.040803753822509,1247.2714321573,1141.5985751669189,1194.4350036621095,0.08847099814254498,0.9292970442745279,0.12806261140085673,2139847.6,0.5598767874871089,-0.0009761454517291934,-0.4926155136797167,0.025183517738368355,0.13812914121537645,-0.012516529097997497,-0.3606359105928897,0.015426314582229539,0.11594400560359452,0
2026-02-06,-0.0029037727975997907,-0.0029079969250826315,0.013104636637882087,0.0018639490333948714,1226.5599853515625,1229.6776551492444,1219.539990234375,1219.1753270722995,1198.45,1201.566744117451,1157.526005859375,1173.5890099256421,1.0078593513040044,1.013660856610613,1.0314989788242104,1.0679673242020085,63.78541164817872,62.11935437172974,60.37774331736931,21.796880035865115,19.054702441374726,2.7421775944903892,1251.1669862257268,1145.7330137742733,1198.45,0.08797527844420161,0.8580435251954178,-0.23362110628011667,2088794.0,0.4395651270541758,0.009444795731494704,0.12806261140085673,-0.0009761454517291934,-0.4926155136797167,0.025183517738368355,0.13812914121537645,-0.01866664693813136,0.16409290550042543,1
2026-02-09,0.007118629004784216,0.007093411172199926,0.015742952277861447,-0.002803364036844213,1235.7199951171874,1234.7851034328296,1227.039990234375,1223.870722150063,1202.7599975585938,1205.7032446776939,1159.2140063476563,1176.3894409089503,1.007509795843299,1.0146368577296283,1.0351192278818273,1.0740035862080637,67.26708095585948,63.87466068100601,61.61561244036117,22.553621810363666,19.754486315172514,2.799135495191152,1255.8988072490324,1149.6211878681552,1202.7599975585938,0.08836145165835531,0.8974496482653294,0.6371965265351065,1998415.8,0.7522008182681502,-0.0029037727975997907,-0.23362110628011667,0.009444795731494704,0.12806261140085673,-0.0009761454517291934,-0.4926155136797167,-0.012516529097997497,-0.3606359105928897,0
2026-02-10,-0.0007229111759537998,-0.0007231726022375404,0.020255665731621728,-0.0007229111759538152,1238.6599853515625,1237.890060817199,1229.2499877929688,1227.5487682293128,1205.8299987792968,1209.3600761927646,1160.8900048828125,1179.0447559943225,1.0043918349657763,1.0120805271022462,1.0317374562296366,1.0716777389357615,66.50417870095785,63.55031572703113,61.40958257637068,22.817692514500095,20.36712755503803,2.4505649594620635,1261.0328169119696,1150.627180646624,1205.8299987792968,0.09155986861921905,0.8466306440611763,-0.23459862560786582,1732615.5,0.6640590483000989,0.007118629004784216,0.6371965265351065,-0.0029037727975997907,-0.23362110628011667,0.009444795731494704,0.12806261140085673,0.025183517738368355,0.13812914121537645,1
2026-02-11,0.0040993293835052125,0.004090950024836343,0.013448646721739677,0.000560633697937525,1242.8599853515625,1241.6600242687578,1232.2999877929688,1231.4853469461423,1209.3849975585938,1213.154350000299,1162.5060034179687,1181.7959401189323,1.0051011102578213,1.0137141633906641,1.0329216533144172,1.0745750538053231,68.84042405987073,64.64582910842785,62.16235994427456,23.171390491667353,20.927980142363896,2.2434103493034563,1266.1229811441226,1152.647013973065,1209.3849975585938,0.09382948143075488,0.8508668364400257,-0.273914679733938,1594726.6,0.5238540574917355,-0.0007229111759537998,-0.23459862560786582,0.007118629004784216,0.6371965265351065,-0.0029037727975997907,-0.23362110628011667,-0.0009761454517291934,-0.4926155136797167,0
2026-02-12,-0.0010406074356575923,-0.0010411492434806108,0.011058519503028379,-0.0050230641070637076,1244.47998046875,1243.7400243171928,1233.339990234375,1234.4698337584914,1212.6899963378905,1216.463461849229,1164.22400390625,1184.388257150114,1.0027481711228687,1.0118053693993339,1.0290346487416404,1.0718727841266453,67.441631023854,64.11685840432423,61.83951555627515,23.0807450003158,21.358533113954277,1.7222118863615243,1270.3094573998446,1155.0705352759364,1212.6899963378905,0.09502751937585811,0.8055393735661041,-0.0866718378173913,1423923.7,0.5358419134396035,0.0040993293835052125,-0.273914679733938,-0.0007229111759537998,-0.23459862560786582,0.007118629004784216,0.6371965265351065,0.009444795731494704,0.12806261140085673,0
2026-02-13,-0.012741424876186014,-0.012823292984461058,0.018344235110592532,-0.0064516129032258064,1243.639990234375,1239.8266828781286,1235.0999877929687,1234.0207730751292,1215.1999938964843,1217.9431321493023,1165.9920043945312,1186.2553843206977,0.9906403860234654,0.9974900916333842,1.013824889884707,1.0566110190779094,52.28202208803045,57.878478647393386,57.97266640367731,21.478320003971703,21.38249049195776,0.09582951201394252,1271.5785307606877,1158.821457032281,1215.1999938964843,0.0927889024808635,0.6489929238850339,1.263046561065691,1308943.2,1.3191557891893246,-0.0010406074356575923,-0.0866718378173913,0.0040993293835052125,-0.273914679733938,-0.0007229111759537998,-0.23459862560786582,-0.0029037727975997907,-0.23362110628011667,1
2026-02-16,0.013149311016132259,0.013063609287645599,0.01874701596654714,0.014879198629604694,1244.27998046875,1242.6177723093774,1239.9999877929688,1236.5988054563556,1218.2449890136718,1220.824733960976,1167.94400390625,1188.6845830207437,1.0031503928092198,1.006612873757766,1.0245886192254776,1.0687155779705233,62.34351482905974,61.94152311414515,60.607822540304625,21.270395442154268,21.36007148199706,-0.08967603984279293,1274.8450728207258,1161.6449052066178,1218.2449890136718,0.09292069217190736,0.7646194152319431,-0.6368373197428621,1187737.1,0.5279560603099793,-0.012741424876186014,1.263046561065691,-0.0010406074356575923,-0.0866718378173913,0.0040993293835052125,-0.273914679733938,0.007118629004784216,0.6371965265351065,0
2026-02-17,-0.0028841337339884365,-0.002888300861984516,0.011891410186760912,-0.0011236150995686195,1244.37998046875,1243.2785067348975,1241.5199829101562,1238.0535636617342,1221.2699890136719,1223.0890426871629,1169.5920043945312,1190.8773435134965,1.0001767909486172,1.0024808240851362,1.0191030540192898,1.0641317407348694,59.11212327695382,60.54390510027692,59.73390477108404,20.577916374705183,21.203640460538686,-0.6257240858335038,1276.7019983766234,1165.8379796507204,1221.2699890136719,0.09077764926938023,0.7104378574796754,0.7781932885007008,1089925.6,1.0230579041358419,0.013149311016132259,-0.6368373197428621,-0.012741424876186014,1.263046561065691,-0.0010406074356575923,-0.0866718378173913,-0.0007229111759537998,-0.23459862560786582,1
2026-02-18,0.005302889053031112,0.005288878246883639,0.015824847826744443,0.005302889053031146,1244.77998046875,1245.91898821389,1243.8199829101563,1240.443815936305,1225.8299865722656,1225.7662720666592,1172.23400390625,1193.242935970688,1.005157514423318,1.0059333089700422,1.020696152710826,1.067363638149453,63.19270235145899,62.226654770696754,60.821389069683335,20.32736340421775,21.028385049274497,-0.7010216450567484,1275.0020474126245,1176.6579257319067,1225.8299865722656,0.08022655895024489,0.757971337442771,0.24635960314136418,1122697.5,1.2378775226630503,-0.0028841337339884365,0.7781932885007008,0.013149311016132259,-0.6368373197428621,-0.012741424876186014,1.263046561065691,0.0040993293835052125,-0.273914679733938,0
2026-02-19,-0.01822244856743971,-0.018390522324658307,0.02637579271419916,-0.018849820755541133,1240.87998046875,1240.0793336139477,1242.67998046875,1238.2540356595337,1228.5199890136719,1226.0171056235547,1174.6460034179688,1194.6216453214086,0.9899426566218167,0.9885087421708516,0.999902350307132,1.045761889828664,45.06613808504165,53.70547406375415,55.39473212952747,18.08061277823549,20.438830595066698,-2.358217816831207,1271.709864314703,1185.3301137126407,1228.5199890136719,0.07031204325084943,0.4986111953464414,-0.40676101375631224,1085338.5,0.7596348973154459,0.005302889053031112,0.24635960314136418,-0.0028841337339884365,0.7781932885007008,0.013149311016132259,-0.6368373197428621,-0.0010406074356575923,-0.0866718378173913,1
2026-02-20,0.006024116140499247,0.006006043696875604,0.024599468532866625,0.004307231879825274,1241.639990234375,1238.6529053520069,1242.639990234375,1237.807856235641,1231.089990234375,1226.9488145001806,1177.4260034179688,1196.2364846746132,0.9952965904350843,0.994495637143498,1.003825925505944,1.0495776764235725,50.44826487162125,55.82009479057661,56.71099501614479,16.70460653987584,19.691985784028528,-2.987379244152688,1269.302963193138,1192.8770172756117,1231.089990234375,0.06207990197611503,0.5616290519823315,0.06308849054109289,1081169.9,0.8106727721517221,-0.01822244856743971,-0.40676101375631224,0.005302889053031112,0.24635960314136418,-0.0028841337339884365,0.7781932885007008,-0.012741424876186014,1.263046561065691,1
2026-02-23,0.003803164740389775,0.0037959509936284466,0.01588065390719468,0.0004032258064516129,1240.1,1239.2686035680047,1242.189990234375,1238.29733692007,1234.614990234375,1228.2394035954014,1180.1280029296875,1197.9723088050207,1.000322554632691,0.9986395074443837,1.0047666760991683,1.051157160003354,53.802109367088455,57.158574026301196,57.5464442174198,15.811097967522755,18.915808220727374,-3.104710253204619,1260.7270770475297,1208.5029034212203,1234.614990234375,0.04229996722816028,0.612687465535314,-0.10098747825094845,1009645.1,0.7804346299506629,0.006024116140499247,0.06308849054109289,-0.01822244856743971,-0.40676101375631224,0.005302889053031112,0.24635960314136418,0.013149311016132259,-0.6368373197428621,1
2026-02-24,0.011285771866182959,0.01122256267462125,0.022957392449681147,0.019752926184866973,1242.0800048828125,1244.3457357120033,1243.2299926757812,1241.2432756618753,1236.239990234375,1230.7404127767916,1182.7080029296876,1200.1890810087455,1.0099993519486365,1.0090651025076725,1.0147706027226664,1.0607013708307345,62.599320702546756,60.95338081114424,59.96316339830017,16.04768130294383,18.342182837170665,-2.2945015342268356,1263.0454692394371,1209.4345112293129,1236.239990234375,0.04336614122955229,0.8406021911075839,0.9234062048677474,1046146.3,1.4487180234733898,0.003803164740389775,-0.10098747825094845,0.006024116140499247,0.06308849054109289,-0.01822244856743971,-0.40676101375631224,-0.0028841337339884365,0.7781932885007008,1
2026-02-25,0.016341171781586228,0.01620909178604948,0.02149011948529412,0.011102299762093577,1246.8400146484375,1254.5638238080023,1245.8099975585938,1247.3808619051706,1239.0549926757812,1234.9556115599541,1185.912001953125,1203.1228425378142,1.0225850831066747,1.0234305411728994,1.0290100177447283,1.0751219297048622,71.77964409755874,65.73898218131349,63.18533110661062,17.68548669334018,18.21084360840457,-0.5253569150643891,1269.4815243061487,1208.6284610454138,1239.0549926757812,0.04911247976921559,1.090685257210578,0.38233906560629616,1172109.2,1.7874042793964933,0.011285771866182959,0.9234062048677474,0.003803164740389775,-0.10098747825094845,0.006024116140499247,0.06308849054109289,0.005302889053031112,0.24635960314136418,1
2026-02-26,0.0043921377144606755,0.004382520427625178,0.00960491102812736,0.003998412846677774,1257.2800048828126,1263.242541067314,1249.0799926757813,1253.420700756219,1241.2099914550781,1239.302693848143,1189.872001953125,1206.161161480878,1.0185479532105488,1.0252345591114898,1.0317351490900282,1.0762501962260533,73.82707744444122,66.93128708709924,64.01598401124994,19.21384524602331,18.411443935928318,0.8024013100949929,1276.592349610737,1205.8276332994192,1241.2099914550781,0.05701268665132157,1.056633110172724,-0.6280769801716728,1173728.5,0.6638596574931936,0.016341171781586228,0.38233906560629616,0.011285771866182959,0.9234062048677474,0.003803164740389775,-0.10098747825094845,-0.01822244856743971,-0.40676101375631224,0
2026-02-27,-0.01241607427548752,-0.012493797742686318,0.013679172527914403,-0.005739032097582547,1263.0599853515625,1263.7283444355012,1252.3499877929687,1255.4714735590655,1243.7249877929687,1241.721480259927,1193.58,1208.4568002922897,1.0012984069160071,1.0098614313085679,1.0168646313170302,1.0595854079088751,59.52218495777416,60.49409598737567,59.981247834948405,18.923937945197167,18.513942737782088,0.4099952074150792,1278.2678773259559,1209.1820982599816,1243.7249877929687,0.05554747210520334,0.803607539243004,1.6716825528015598,1209233.6,1.7215457790785833,0.0043921377144606755,-0.6280769801716728,0.016341171781586228,0.38233906560629616,0.011285771866182959,0.9234062048677474,0.006024116140499247,0.06308849054109289,1
2026-03-02,0.0020559008117622124,0.002053790339807279,0.02154189834788487,0.011251275299735618,1268.4199951171875,1264.9189125663759,1254.2599975585938,1257.6221236079855,1247.1299926757813,1244.1575344092792,1197.282001953125,1210.764378666244,0.9991170540567211,1.0103966093911259,1.0161731786347852,1.0584808313837337,60.96516372885582,61.15207434886096,60.409694471446436,18.6885603807159,18.54886626636885,0.13969411434704782,1276.481243204856,1217.7787421467067,1247.1299926757813,0.047070074012252716,0.8435979010905132,-0.2271328319285063,1307418.0,1.2306064319138945,-0.01241607427548752,1.6716825528015598,0.0043921377144606755,-0.6280769801716728,0.016341171781586228,0.38233906560629616,0.003803164740389775,-0.10098747825094845,0
2026-03-04,-0.04284703443224547,-0.043792061673222756,0.044435304545805854,-0.0186084142394822,1260.1199951171875,1247.612608377584,1251.1,1249.5090102247152,1246.309991455078,1241.1901501798238,1199.9500024414062,1210.8520500910972,0.9626067395964101,0.9695467988170411,0.9732731088706202,1.010875451087164,32.62680207146198,44.48781748274759,48.92404813865816,13.959544885152354,17.63100199012555,-3.6714571049731966,1278.3865751994572,1214.2334077106989,1246.309991455078,0.05147448702859142,-0.019225983049317354,0.045951407064503735,1364197.2,1.2335819190949813,0.0020559008117622124,-0.2271328319285063,-0.01241607427548752,1.6716825528015598,0.0043921377144606755,-0.6280769801716728,0.011285771866182959,0.9234062048677474,1
2026-03-05,0.02893650089524935,0.028525745419374984,0.031167394579749395,0.02766568594972211,1254.739990234375,1247.7750641137018,1250.7900024414062,1249.2528221085738,1247.3049926757812,1241.8482287899299,1203.0140014648437,1212.3127530516792,0.994708055294231,0.9978493377383749,1.0006373604810568,1.037477514032418,50.11414414407584,53.339321746482845,54.761852131247984,12.89539068454178,16.683879729008797,-3.788489044467017,1278.288749901451,1216.3212354501115,1247.3049926757812,0.049681124356284016,0.5128290269053879,0.00786047946072399,1394828.7,1.2159751229667126,-0.04284703443224547,0.045951407064503735,0.0020559008117622124,-0.2271328319285063,-0.01241607427548752,1.6716825528015598,0.016341171781586228,0.38233906560629616,0
2026-03-06,-0.01153755684299429,-0.011604630864612052,0.016130360056478672,-0.005641976525741223,1245.3599853515625,1243.0833597997596,1251.3199951171875,1246.4250273928103,1246.9999877929688,1241.072202350115,1205.7519995117189,1213.1514667034517,0.9906372178993723,0.9859188344995139,0.989334373094395,1.0231788557443604,44.57626443348655,49.82896130218798,52.19214348012125,10.765975723003976,15.500298927807835,-4.734323204803859,1278.3906821837973,1215.6092934021403,1246.9999877929688,0.05034594177725052,0.28815319509179577,-0.32765552507344886,1426417.4,0.7994490252292211,0.02893650089524935,0.00786047946072399,-0.04284703443224547,0.045951407064503735,0.0020559008117622124,-0.2271328319285063,0.0043921377144606755,-0.6280769801716728,0
2026-03-09,-0.03331440156652121,-0.03388196728109949,0.03588801752833918,-0.00864507432590399,1230.939990234375,1226.255565061819,1246.9999877929688,1236.6386543370152,1244.8199890136718,1236.4557998011458,1207.777998046875,1212.345525875314,0.9688530594890028,0.9563752905055658,0.9580501487053477,0.9874331023702352,32.58578571363755,41.4451586232319,45.75735461748705,5.696310954567707,13.53950133315981,-7.843190378592103,1283.9979193195102,1205.6420587078335,1244.8199890136718,0.06294553534102681,-0.16644681099900313,0.8815738704325347,1553334.8,1.381317794463885,-0.01153755684299429,-0.32765552507344886,0.02893650089524935,0.00786047946072399,-0.04284703443224547,0.045951407064503735,-0.01241607427548752,1.6716825528015598,1
2026-03-10,0.018195600944504564,0.01803204205298293,0.020340996663900827,0.015216180598341513,1220.339990234375,1222.270392983921,1244.3799926757813,1232.577089699035,1243.2849914550782,1234.3457282799059,1210.1759985351562,1212.4221738342478,0.9950506076547652,0.9758273646115319,0.9766868072677121,1.0034078103498671,42.16803047413847,46.55782719000128,49.22764196617683,3.3904961273394747,11.509700291995744,-8.119204164656269,1284.6585605786674,1201.911422331489,1243.2849914550782,0.06655524583332698,0.14971667611790218,-0.47260712260020166,1587698.6,0.7127297334645253,-0.03331440156652121,0.8815738704325347,-0.01153755684299429,-0.32765552507344886,0.02893650089524935,0.00786047946072399,0.0020559008117622124,-0.2271328319285063,0
2026-03-11,-0.029234949001492483,-0.029670805985266793,0.044027843793913675,-0.027392698986695545,1213.5,1207.7802782653225,1236.8099975585938,1222.799445904324,1240.0199951171876,1229.0556635702123,1211.9,1211.1036591281254,0.9714050670194685,0.9530971217527529,0.9506298716713217,0.9726875557621296,33.16954793426159,40.350735963339076,44.353391299817474,-1.2866009153872255,8.95044005051915,-10.237040965906376,1290.0265961111793,1190.013394123196,1240.0199951171876,0.08065450749326965,-0.11211865105986887,0.5928773418168964,1616391.5,1.1151382570373576,0.018195600944504564,-0.47260712260020166,-0.03331440156652121,0.8815738704325347,-0.01153755684299429,-0.32765552507344886,-0.04284703443224547,0.045951407064503735,0
2026-03-12,-0.0052596479346528335,-0.005273528575767633,0.027716186829835166,-0.0020425739694148936,1198.4,1196.0535107055275,1226.5699951171875,1213.6722694827993,1236.1899963378905,1223.678931381234,1213.12,1209.593710753922,0.978471274687865,0.9559992338422613,0.948559670487277,0.9665985026921802,31.787394828374502,39.36367447805414,43.56240593150152,-5.430923803904534,6.0741672796344135,-11.505091083538947,1293.9327194158707,1178.4472732599104,1236.1899963378905,0.09342046651249102,-0.05063233393129257,-0.29778418862690703,1533462.6,0.8254156312648251,-0.029234949001492483,0.5928773418168964,0.018195600944504564,-0.47260712260020166,-0.03331440156652121,0.8815738704325347,0.02893650089524935,0.00786047946072399,0
2026-03-13,-0.04545448393957119,-0.04651995119063618,0.04797636811335558,-0.04062732864275845,1175.52001953125,1170.46902341306,1210.4400024414062,1196.513683909222,1229.7599975585938,1213.7380854237952,1212.21,1206.0527828352633,0.9521743825974625,0.9247051044005025,0.910177637140774,0.9233549045364458,22.418327001151653,32.09514489535265,37.52223284909279,-12.8678555655722,2.285762710593091,-15.15361827616529,1306.4024762862,1153.1175188309876,1229.7599975585938,0.12464623809485144,-0.22061832135578963,0.8049076274507325,1683998.6,1.3566228618004788,-0.0052596479346528335,-0.29778418862690703,-0.029234949001492483,0.5928773418168964,0.018195600944504564,-0.47260712260020166,-0.01153755684299429,-0.32765552507344886,1
2026-03-16,0.02349676191415151,0.023224962376197172,0.02609988220257215,0.021489055359730273,1166.12001953125,1162.1793408040194,1198.5300048828126,1187.2566460322612,1225.4399963378905,1207.2487416297135,1211.6919995117187,1203.6820845117602,0.9824031458155046,0.9558375434229948,0.9348478742406423,0.9454547657718178,33.67241591523421,38.162704202534805,41.70969666380184,-16.449869420209325,-1.4613637155673924,-14.988505704641932,1310.381142084956,1140.498850590825,1225.4399963378905,0.13862962854306043,0.030027408685435242,0.13510357177405985,1735143.7,1.4945171399924975,-0.04545448393957119,0.8049076274507325,-0.0052596479346528335,-0.29778418862690703,-0.029234949001492483,0.5928773418168964,-0.03331440156652121,0.8815738704325347,1
2026-03-17,0.018854727694010087,0.018679180479797282,0.02578829584942095,0.01761111697635135,1156.7,1163.8528775933046,1188.5199951171876,1183.6099742394636,1221.3899963378906,1203.4345711099195,1211.4219995117187,1202.2514126160786,1.0090775059841575,0.9820616867760728,0.9556324799380261,0.9634957526298283,41.76653098771255,42.69181806222632,44.89467966405541,-17.345752656500053,-4.638241503753925,-12.707511152746129,1309.2772292230097,1133.5027634527714,1221.3899963378906,0.14391346441125696,0.19170695568007293,-0.3211188330103093,1750299.6,1.0058140903420192,0.02349676191415151,0.13510357177405985,-0.04545448393957119,0.8049076274507325,-0.0052596479346528335,-0.29778418862690703,0.018195600944504564,-0.47260712260020166,1
2026-03-18,0.011223524849446331,0.011161008429251535,0.02033381259606715,0.013742162096535249,1157.0,1169.3352680049115,1185.25,1183.00816961922,1218.175,1201.2312832735581,1211.31,1201.3905748204727,1.0201383308799699,0.995823707089749,0.9689084481524617,0.9743996572538203,46.39510985720151,45.30814124450946,46.74761572127481,-16.804961046753533,-7.071585412353847,-9.733375634399685,1307.1286791162947,1129.2213208837052,1218.175,0.14604417118442717,0.28710857410204116,-0.2701843137878619,1710497.0,0.751140165694532,0.018854727694010087,-0.3211188330103093,0.02349676191415151,0.13510357177405985,-0.04545448393957119,0.8049076274507325,-0.029234949001492483,0.5928773418168964,0
2026-03-19,-0.04185378494486203,-0.04275488733881983,0.03466272207616026,-0.024497561647453203,1148.660009765625,1156.5235201412952,1173.5300048828126,1173.5339614001005,1212.1600036621094,1194.5330681440823,1210.4019995117187,1198.6262395104175,0.9845385186212008,0.9636737192135049,0.9329626625176967,0.9343177100420128,34.37482166939391,38.221784229086985,41.25493072770559,-20.130497077313066,-9.683367745345691,-10.447129331967375,1307.413828242909,1116.9061790813098,1212.1600036621094,0.1571637808425028,0.0734555562169703,0.7178444034703613,1761601.9,1.25290850333438,0.011223524849446331,-0.2701843137878619,0.018854727694010087,-0.3211188330103093,0.02349676191415151,0.13510357177405985,-0.0052596479346528335,-0.29778418862690703,1
2026-03-20,0.03422048840429204,0.03364799165620542,0.04146716912823364,0.026775525110788644,1158.7199951171874,1160.8823386228428,1167.1200073242187,1172.8186912520707,1209.2200012207031,1192.1584879004495,1209.997998046875,1197.4879546506338,1.0093896545451861,1.002124861407701,0.9672350559908294,0.966613149338969,46.939328753283704,45.42327181520697,46.432209100339364,-19.419391058174142,-11.630572407911382,-7.78881865026276,1305.9062990245388,1112.5337034168674,1209.2200012207031,0.15991514812231233,0.29511044204448883,0.6220569192696748,2005575.5,1.7850656831418215,-0.04185378494486203,0.7178444034703613,0.011223524849446331,-0.2701843137878619,0.018854727694010087,-0.3211188330103093,-0.04545448393957119,0.8049076274507325,0
2026-03-23,-0.0512995906741035,-0.0526622211236156,0.046232921734731834,-0.03830826085254546,1151.5199951171876,1143.788217610541,1158.8200073242188,1161.3243793127738,1202.9099975585937,1184.2957724419246,1209.0719970703126,1194.041367236332,0.963595925638283,0.9575257318417093,0.9224297560399061,0.9177286201935,34.86522188810535,38.022841963161895,40.606417975369,-23.42727789721698,-13.989913505772503,-9.43736439144448,1307.9457329703118,1097.8742621468755,1202.9099975585937,0.17463606691256534,0.05581773380792579,-0.2926936909860216,2044232.2,1.2387125102520153,0.03422048840429204,0.6220569192696748,-0.04185378494486203,0.7178444034703613,0.011223524849446331,-0.2701843137878619,0.02349676191415151,0.13510357177405985,1
2026-03-24,0.021719517047764203,0.021487008955804836,0.027079432384328226,0.0015901817466116295,1144.8199951171875,1140.4254621309858,1150.7599975585938,1156.3017560144285,1197.5699951171875,1179.477122797158,1208.5699951171875,1191.6750371945886,0.9902866441949467,0.9851749744317558,0.9466669637635147,0.9380507175854115,41.871961101605855,42.1030670946175,43.591359628248284,-24.37787747767743,-16.06750630015349,-8.31037117752394,1305.2447259347987,1089.8952642995764,1197.5699951171875,0.17982202502839875,0.20341210300538756,-0.518993245441937,2052873.5,0.5933210205110057,-0.0512995906741035,-0.2926936909860216,0.03422048840429204,0.6220569192696748,-0.04185378494486203,0.7178444034703613,0.018854727694010087,-0.3211188330103093,1
2026-03-25,0.01967015064706845,0.01947919327847606,0.028373639063851645,0.014035087719298246,1139.9599853515624,1145.6169747539907,1148.4799926757812,1156.2468912845325,1192.6449951171876,1177.2412063402858,1208.03599609375,1190.2760161281342,1.014070682177051,1.0065477913173728,0.9692741802739155,0.9569251278422073,47.91994281066837,45.66746617139691,46.217487824274805,-23.065917385165676,-17.46718851715593,-5.598728868009747,1298.447797368651,1086.8421928657242,1192.6449951171876,0.17742547478022555,0.32682408056597223,0.34006533592006005,2035845.2,0.8017392481510873,0.021719517047764203,-0.518993245441937,-0.0512995906741035,-0.2926936909860216,0.03422048840429204,0.6220569192696748,0.011223524849446331,-0.2701843137878619,0
2026-03-27,-0.022231791671172174,-0.022482642836377055,0.021144849492700298,-0.017130392323369565,1139.839990234375,1140.5113327787021,1144.25,1151.5292835651856,1185.4099975585937,1172.7706199105562,1207.0799975585937,1187.9240174104868,0.9916304556008003,0.9878086509312869,0.9535097992728506,0.9363919964826178,42.03895851212213,42.425774454062726,43.7526387896134,-23.825307521437026,-18.738812318012148,-5.086495203424878,1287.4186310426205,1083.4013640745668,1185.4099975585937,0.17210692282690096,0.22987605632861402,0.6853230912311292,2184352.1,1.2593267358316453,0.01967015064706845,0.34006533592006005,0.021719517047764203,-0.518993245441937,-0.0512995906741035,-0.2926936909860216,-0.04185378494486203,0.7178444034703613,0
2026-03-30,-0.0069008656915585664,-0.006924786779536376,0.0200445434298441,-0.00663716814159292,1130.4199951171875,1134.5075551858015,1144.5699951171875,1146.251232007879,1177.5049987792968,1167.9829418238367,1205.8939965820311,1185.358369668899,0.9929937588229175,0.9807176536067347,0.9532868235495223,0.9308446705776777,40.2882109741451,41.463756564392334,43.021460212069194,-24.77098394473137,-19.945246643355993,-4.825737301375376,1273.0827810180112,1081.9272165405823,1177.5049987792968,0.16233949297505937,0.21225007794219033,-0.10760418828906215,2201378.4,1.1151258684104468,-0.022231791671172174,0.6853230912311292,0.01967015064706845,0.34006533592006005,0.021719517047764203,-0.518993245441937,0.03422048840429204,0.6220569192696748,1
2026-04-01,0.015946569633908725,0.01582075883043998,0.021483689473426746,-0.0013136001120323012,1136.5800048828125,1136.471711595222,1144.05,1145.1873760817305,1171.2900024414062,1165.35599730862,1205.06599609375,1183.5952973059643,1.0033609772429912,0.9968096013409051,0.9736273869298318,0.9463382321886902,46.27819003196625,44.57002536476576,45.22708026076632,-23.801685930581016,-20.716534500800996,-3.0851514297800193,1259.2409638899962,1083.339040992816,1171.2900024414062,0.1501779427217297,0.3243909019380092,-0.17497537491638882,2144586.4,0.9443695063999287,-0.0069008656915585664,-0.10760418828906215,-0.022231791671172174,0.6853230912311292,0.01967015064706845,0.34006533592006005,-0.0512995906741035,-0.2926936909860216,1
2026-04-02,0.0007892181644988394,0.0007889068956051954,0.03452205618892073,0.005550703813325991,1138.1000244140625,1138.081157339523,1141.460009765625,1144.4805893083476,1164.9900024414062,1163.0649545961921,1204.14599609375,1181.9366601107552,1.0028117251080018,0.9998598628632352,0.9796651013625564,0.9478086980569654,46.592468899375085,44.728842769348844,45.33878937230692,-22.699223306058684,-21.113072261852537,-1.5861510442061473,1241.8854202622415,1088.094584620571,1164.9900024414062,0.1320104338401012,0.34595991357717637,0.09045505761666761,2189386.7,1.008720387312118,0.015946569633908725,-0.17497537491638882,-0.0069008656915585664,-0.10760418828906215,-0.022231791671172174,0.6853230912311292,0.021719517047764203,-0.518993245441937,0
2026-04-06,-0.00674675625405774,-0.006769618502736481,0.026993627597884273,0.0014134059946444347,1133.62001953125,1136.587430088328,1136.7900024414062,1142.5022959042728,1161.020001220703,1160.258766119025,1203.13599609375,1180.04110385488,0.9999823186385499,0.9971938292484824,0.9763828137276395,0.942204355340064,44.02194791129886,43.57843890357571,44.52307572380874,-22.191040787008433,-21.328665966883715,-0.8623748201247174,1235.759123687812,1086.2808787535942,1161.020001220703,0.128747346968231,0.31656176357414056,0.4551295257958079,2382266.7,1.3489770058071162,0.0007892181644988394,0.09045505761666761,0.015946569633908725,-0.17497537491638882,-0.0069008656915585664,-0.10760418828906215,0.01967015064706845,0.34006533592006005,1
2026-04-07,0.01614330383049456,0.016014386287344817,0.03064495703589253,0.011325745754225198,1137.9400146484375,1141.691628196906,1138.8900024414063,1144.2109738151437,1156.2100036621093,1159.4626954804573,1202.9739965820313,1178.9375321121029,1.0122677905565505,1.0114234227579195,0.9962723214343453,0.9575435775726794,51.448871282922056,47.06312035963368,46.9067862539899,-20.080169781098675,-21.07896672972671,0.9987969486280335,1219.4036942443156,1093.016313079903,1156.2100036621093,0.10931178658210951,0.4658986584867983,-0.017268671527431834,2477366.9,1.2747921997343228,-0.00674675625405774,0.4551295257958079,0.0007892181644988394,0.09045505761666761,0.015946569633908725,-0.17497537491638882,-0.022231791671172174,0.6853230912311292,1
2026-04-08,0.036808771174069665,0.036147506431622095,0.028970923697012155,0.02076927250267094,1152.3000244140626,1159.2277684073124,1141.360009765625,1153.3180783629584,1154.240008544922,1162.7805386564257,1203.367998046875,1179.5399837480254,1.0364488618625338,1.0463832959009762,1.0347068547153415,0.9924645252047023,64.2647553173097,54.131657923022146,51.93143235039135,-14.815181492371039,-19.826209682255577,5.011028189884538,1209.6218730990272,1098.8581439908166,1154.240008544922,0.09596247599131782,0.8616711048439553,-0.24515947422017093,2357746.8,1.0110852446072667,0.01614330383049456,-0.017268671527431834,-0.00674675625405774,0.4551295257958079,0.0007892181644988394,0.09045505761666761,-0.0069008656915585664,-0.10760418828906215,1
2026-04-09,0.012894500304894585,0.012812074043286771,0.02727949188394349,0.018952157113711503,1166.160009765625,1176.0518293288333,1151.3700073242187,1163.5693279645795,1155.0950073242188,1167.2490541340876,1203.8739965820312,1180.7227275685684,1.037336164026925,1.0506613369087274,1.0472731190953277,1.0048393391720267,67.85974170746536,56.40838381496874,53.605876244162545,-9.292874452500655,-17.719542636304592,8.426668183803937,1213.2765375790882,1096.9134770693495,1155.0950073242188,0.10073895200992523,0.9692635584562176,0.07541099961701137,2360890.6,1.0858842845153434,0.036808771174069665,-0.24515947422017093,0.01614330383049456,-0.017268671527431834,-0.00674675625405774,0.4551295257958079,0.015946569633908725,-0.17497537491638882,1
2026-04-10,0.004216002200636115,0.004207139763994615,0.017204497509054284,0.003966982502582645,1180.860009765625,1188.9679024952638,1159.4800170898438,1172.884004485224,1155.1200073242187,1171.7777202954246,1204.7699975585938,1182.0590931081588,1.0287417973187494,1.0477110695509249,1.0516656634163513,1.0083252830746587,69.06227252459409,57.16665560200564,54.161132073310945,-4.453533517601954,-15.066340812564064,10.61280729496211,1213.4036154065866,1096.8363992418508,1155.1200073242187,0.10091351151882329,1.0119796411674182,-0.32918989848084024,2411061.8,0.7132645874112393,0.012894500304894585,0.07541099961701137,0.036808771174069665,-0.24515947422017093,0.01614330383049456,-0.017268671527431834,0.0007892181644988394,0.09045505761666761,0
2026-04-13,-0.008725796205289571,-0.008764088883805367,0.020013267366839248,0.004253169618692894,1194.9800048828124,1194.0452520541344,1164.3000122070312,1178.577812973706,1156.3900024414063,1174.8655518074677,1204.4139965820314,1182.9273620518338,1.0077155653244314,1.0342694653839348,1.041344138767657,0.999822282528463,63.31779179852021,55.02429548448151,52.78252350600963,-1.4568664042330965,-12.344445930897871,10.887579526664775,1217.7100377088523,1095.0699671739603,1156.3900024414063,0.10605424664340789,0.8898395403879553,-0.400097108549332,2351006.9,0.4388196393638828,0.004216002200636115,-0.32918989848084024,0.012894500304894585,0.07541099961701137,0.036808771174069665,-0.24515947422017093,-0.00674675625405774,0.4551295257958079,1
2026-04-15,0.011958167246269191,0.011887233297715592,0.017561156115872036,-0.003516271765703264,1208.3199951171875,1202.230159898069,1173.1300048828125,1185.8545698122934,1158.6900024414062,1179.0307350244648,1204.4119970703125,1184.326288072779,1.0085076639551536,1.038759532629691,1.051704919364367,1.0117800043092702,67.59031885616761,57.36197420059464,54.43680742462416,2.056272072653428,-9.464302330187612,11.52057440284104,1225.4766046237314,1091.903400259081,1158.6900024414062,0.11527950019695195,0.9485179001993472,0.36107933947742876,2216343.8,0.6335578442297626,-0.008725796205289571,-0.400097108549332,0.004216002200636115,-0.32918989848084024,0.012894500304894585,0.07541099961701137,0.01614330383049456,-0.017268671527431834,0
2026-04-16,-0.0030362311226010963,-0.0030408498236479038,0.02601035060574465,-0.005158800368250122,1212.439990234375,1206.4534480700668,1182.3700073242187,1191.1355615580696,1163.4700012207031,1182.4468578234741,1203.9599975585938,1185.5252581253785,1.0020289945890122,1.027512552659773,1.0442039959254639,1.0090867029449924,65.31003546603998,56.54868167679337,53.9270820424954,4.490144893281922,-6.673412885493706,11.163557778775628,1231.9583674053463,1094.98163503606,1163.4700012207031,0.1177312111404432,0.8754653969603038,0.91311596360016,2239498.7,1.1995376465277696,0.011958167246269191,0.36107933947742876,-0.008725796205289571,-0.400097108549332,0.004216002200636115,-0.32918989848084024,0.036808771174069665,-0.24515947422017093,1
2026-04-17,0.02090709021617876,0.02069153623305001,0.035233468936389,0.02250622327133141,1218.560009765625,1217.735648322753,1192.360009765625,1200.0745592435342,1168.2050048828125,1187.9566855382027,1204.477998046875,1187.6732891333295,1.0178407619553194,1.040206010491683,1.0617143768807467,1.029740726554854,72.6894205522844,60.671145147752334,56.84015228669316,8.37206833970231,-3.6643166404545027,12.036384980156813,1243.8203402570293,1092.5896695085958,1168.2050048828125,0.1294555922259588,0.9767223711203384,-0.3016785147800204,2224565.0,0.8432862155073014,-0.0030362311226010963,0.91311596360016,0.011958167246269191,0.36107933947742876,-0.008725796205289571,-0.400097108549332,0.012894500304894585,0.07541099961701137,1
2026-04-20,0.027573933585012922,0.027200619626891395,0.036092585327579446,0.026911630868652597,1230.5,1236.6570988818353,1205.6800048828125,1213.6064575628916,1173.5700073242188,1196.1989059631358,1205.9839990234375,1191.0782581869244,1.0357578220235677,1.0570798178940328,1.0860025324828344,1.0568133582469124,79.52975693741851,65.42736936723242,60.381614880238246,14.046254400156158,-0.12220243233237049,14.168456832488529,1262.2383168252475,1084.90169782319,1173.5700073242188,0.15110868367059857,1.0691435488268233,1.455333711809248,2464324.2,1.8691010703867614,0.02090709021617876,-0.3016785147800204,-0.0030362311226010963,0.91311596360016,0.011958167246269191,0.36107933947742876,0.004216002200636115,-0.32918989848084024,1
2026-04-21,0.004001550087043837,0.003993565179743867,0.017739976301416372,-0.003737191479978958,1245.5800048828125,1250.971391116536,1220.2800048828126,1225.6052790216272,1178.5350036621094,1204.1418649748312,1206.987998046875,1194.5496980849248,1.0273125536455008,1.048611769811652,1.0857547477247471,1.0601596516755443,80.38449951661994,66.08602291551722,60.88417401447947,18.738606153519186,3.6499592848379407,15.088646868681245,1278.5493851150607,1078.520622209158,1178.5350036621094,0.16972662015497642,1.005252197012142,-0.5421514344872235,2353850.2,0.8959291462132977,0.027573933585012922,1.455333711809248,0.02090709021617876,-0.3016785147800204,-0.0030362311226010963,0.91311596360016,-0.008725796205289571,-0.400097108549332,0
2026-04-22,-0.012660168397125027,-0.012740991207218612,0.022320682782124786,-0.015276676216630944,1254.5400146484376,1255.1142688823784,1231.4300048828125,1232.4770509111609,1185.1600036621094,1209.7854992071389,1207.6919995117187,1197.2497108821458,1.0070623572482125,1.0259617025770722,1.0660164201544042,1.046127675702801,69.61259358168827,62.04263738698459,58.412828074771596,20.909100953371762,7.101787618544705,13.807313334827057,1289.149955567425,1081.1700517567938,1185.1600036621094,0.17548677239189597,0.8761902920350989,0.36689138278415645,2326298.8,1.2391417645918916,0.004001550087043837,-0.5421514344872235,0.027573933585012922,1.455333711809248,0.02090709021617876,-0.3016785147800204,0.011958167246269191,0.36107933947742876,0
2026-04-23,-0.005065714967854795,-0.005078589198448044,0.01503581894515712,-0.005065714967854851,1262.960009765625,1255.7428459215857,1237.7,1236.9357689273133,1189.5300048828126,1214.2821183302685,1208.0359985351563,1199.5928594750028,0.9952809196494423,1.0155934394441302,1.0567198766237378,1.0405319059400686,65.56315515016267,60.4685893520303,57.44556884550624,21.860807456369457,10.053591586109658,11.8072158702598,1297.7949418412452,1081.26506792438,1189.5300048828126,0.1820297706052373,0.8115967044025155,-0.40498970725875894,2259429.0,0.759123212103589,-0.012660168397125027,0.36689138278415645,0.004001550087043837,-0.5421514344872235,0.027573933585012922,1.455333711809248,-0.0030362311226010963,0.91311596360016,0
2026-04-24,-0.0010342472777445932,-0.0010347824805135148,0.017121924692228622,-0.0065664943260482595,1266.039990234375,1255.7285476716822,1242.3,1240.3474384263245,1196.8350036621093,1218.226673838993,1208.4259985351562,1201.7931375807625,0.9918327705741856,1.010786405193492,1.0491838451663338,1.0391202710749552,64.67160566744403,60.13484292256392,57.24339388999192,22.253612844721147,12.493595837831956,9.760017006889191,1302.218944505346,1091.4510628188727,1196.8350036621093,0.17610437616008864,0.7792880349641221,0.1641706288242959,2202740.4,0.9064926579636893,-0.005065714967854795,-0.40498970725875894,-0.012660168397125027,0.36689138278415645,0.004001550087043837,-0.5421514344872235,0.02090709021617876,-0.3016785147800204,1
2026-04-27,0.02150195193907778,0.02127404612939466,0.022530619407648243,0.007619757401315789,1267.67998046875,1264.7190155050798,1249.089990234375,1248.047895289152,1204.2850036621094,1224.3669859659342,1209.1799975585936,1204.965953800022,1.0118483930759647,1.0269075576621935,1.0651132807195254,1.0608014966851276,73.42702082375895,64.515275606899,60.29096308460879,24.461610082378456,14.887198686741257,9.574411395637199,1311.807633183679,1096.7623741405398,1204.2850036621094,0.17856674988828075,0.8646439259283331,0.1566221013157263,2261718.5,1.0211288451679552,-0.0010342472777445932,0.1641706288242959,-0.005065714967854795,-0.40498970725875894,-0.012660168397125027,0.36689138278415645,0.027573933585012922,1.455333711809248,0
2026-04-28,-0.0008575470708738209,-0.0008579149747081442,0.024344626901169432,-0.0018691778925720404,1268.07998046875,1270.3460021986991,1256.8299926757813,1254.148273524931,1210.5650024414062,1229.817746882125,1209.9299975585936,1207.9712095563325,1.0106617842134766,1.0197083002908143,1.0586791894704304,1.059234813726381,72.57217254693515,64.20574656985856,60.10769408952507,25.825010320612137,17.074761013515435,8.750249307096702,1320.7130618049157,1100.4169430778968,1210.5650024414062,0.1819779345039191,0.8224522227400412,-0.1761489253545997,2348820.6,0.8100614410483287,0.02150195193907778,0.1566221013157263,-0.0010342472777445932,0.1641706288242959,-0.005065714967854795,-0.40498970725875894,0.004001550087043837,-0.5421514344872235,0
2026-04-29,-0.0014825409256065125,-0.0014836409767862548,0.02406818004479886,-0.0025721347062548712,1271.3399658203125,1273.4639851897578,1262.939990234375,1258.7940330971028,1218.0349975585937,1234.5684330049585,1210.5399975585938,1210.784101384393,1.0065757276388054,1.013270591688517,1.0506265860479227,1.0571314898745703,70.90855050644414,63.637790492659185,59.77812648810332,26.447330379410005,18.94927488669435,7.498055492715654,1325.6306635718133,1110.439331545374,1218.0349975585937,0.17667089406935332,0.7865587244271759,0.24264606564709212,2444839.3,0.9670856485332185,-0.0008575470708738209,-0.1761489253545997,0.02150195193907778,0.1566221013157263,-0.0010342472777445932,0.1641706288242959,-0.012660168397125027,0.36689138278415645,0
2026-04-30,-0.011877746152881952,-0.011948850177614202,0.01818900751285093,-0.006286836935166994,1272.8399658203125,1270.4759901265052,1267.8999877929687,1259.8314816249024,1225.1349975585938,1237.4190584330577,1210.8719970703125,1212.890607212456,0.9934477498788015,0.9973184101067096,1.0321311549501495,1.044288746506187,58.41137730554008,59.131420391498196,57.146197936525965,25.420977279236922,20.243615365202867,5.177361914034055,1325.0429526147357,1125.227042502452,1225.1349975585938,0.16309705502697247,0.697006346588145,-0.42215745511804625,2312826.3,0.5907201072557848,-0.0014825409256065125,0.24264606564709212,-0.0008575470708738209,-0.1761489253545997,0.02150195193907778,0.1566221013157263,-0.005065714967854795,-0.40498970725875894,0
2026-05-01,0.0,0.0,0.0,0.0,1274.5999755859375,1268.4839934176703,1270.3199829101563,1260.6803031476475,1231.3399963378906,1239.9981957251473,1211.5219970703124,1214.9145049688302,0.9920759643971478,0.9954184906256269,1.0269300142614795,1.0437284696916758,58.41137730554008,59.131420391498196,57.146197936525965,24.327156733184438,21.060323638799183,3.2668330943852553,1324.62187556841,1138.0581171073713,1231.3399963378906,0.1515127901439854,0.677740864225966,-1.0,2125231.8,0.0,-0.011877746152881952,-0.42215745511804625,-0.0014825409256065125,0.24264606564709212,-0.0008575470708738209,-0.1761489253545997,-0.0010342472777445932,0.1641706288242959,1
2026-05-04,0.0016607161612791632,0.0016593386970355471,0.02210642708014187,-0.00892020689676252,1271.37998046875,1267.8559874737593,1269.52998046875,1261.7566072273366,1237.6049926757812,1242.5316985690322,1211.8899975585937,1216.9413861695011,0.9962403019111169,0.9976920553843631,1.023428301503105,1.045144343246961,59.74549250110146,59.589924097225015,57.43167355543884,23.360461688480882,21.520351248735526,1.8401104397453558,1322.291019115355,1152.9189662362073,1237.6049926757812,0.1368546942534181,0.6711910697028932,-1.0,1819661.6,0.8520095164947152,0.0,-1.0,-0.011877746152881952,-0.42215745511804625,-0.0014825409256065125,0.24264606564709212,0.02150195193907778,0.1566221013157263,0
2026-05-05,-0.011211078040093914,-0.011274395860983073,0.015250698829132853,-0.006426002051517255,1265.539990234375,1262.7039997871939,1266.8099853515625,1260.0554103521958,1243.5449951171875,1243.4715391257016,1212.0459985351563,1218.3319210026214,0.9896171073836403,0.9886250020886116,1.007120795251997,1.0332941372915525,47.679348581999236,55.08925106729475,54.83795517054453,21.2041038056891,21.457101760126243,-0.25299795443714146,1313.6232259379215,1173.4667642964534,1243.5449951171875,0.1127071896809493,0.5631796008058976,-0.05079951934023452,1755934.4,0.8380785751449485,0.0016607161612791632,-1.0,0.0,-1.0,-0.011877746152881952,-0.42215745511804625,-0.0008575470708738209,-0.1761489253545997,1
2026-05-06,0.01668797828700197,0.016550263981015816,0.020105218412186744,0.008554494121287129,1264.260009765625,1266.236016134171,1267.7999877929688,1262.4635264387282,1249.6149963378907,1246.3123495735515,1212.4880004882812,1220.4875338585234,1.0071504587605962,1.0043382718789349,1.018953879842708,1.0501547630288748,61.151670144949634,59.8909174735574,57.78436983035758,20.94024583019973,21.35373057414094,-0.41348474394121126,1306.719210621247,1192.5107820545345,1249.6149963378907,0.09139489274809483,0.7073844530344725,-0.3284801486262334,1566494.6,0.6308454558349579,-0.011211078040093914,-0.05079951934023452,0.0016607161612791632,-1.0,0.0,-1.0,-0.0014825409256065125,0.24264606564709212,1
2026-05-07,0.00793212534251686,0.007900831412283352,0.019479507187491113,0.008882988008014169,1268.0400146484376,1271.9573522274682,1270.439990234375,1266.2701624342435,1254.0699951171875,1249.8445090821715,1213.5880004882813,1222.9546903508976,1.0121131901108684,1.010201217121083,1.0233878726156225,1.0575253083399743,66.0764904982199,62.00502034987763,59.13710333916951,21.300580274148388,21.343100514142428,-0.04252023999404031,1306.9646089568325,1201.1753812775426,1254.0699951171875,0.08435671700239063,0.7772496778763874,0.7945064641738244,1572312.1,1.1278676797055749,0.01668797828700197,-0.3284801486262334,-0.011211078040093914,-0.05079951934023452,0.0016607161612791632,-1.0,-0.011877746152881952,-0.42215745511804625,0
2026-05-08,-0.004363390587041827,-0.004372937958478603,0.01416495139637618,-0.004363390587041771,1270.7000244140625,1273.9049177610204,1272.65,1268.3665054149492,1257.475,1252.506941438929,1214.4280004882812,1225.1054887225537,1.0055874905781452,1.0040467126296506,1.0161633820379135,1.0521826310941151,61.06866629270985,60.11309933040132,58.05410690021381,20.89343023022525,21.253166457358994,-0.35973622713374453,1307.1775841392598,1207.77241586074,1257.475,0.07905140720771371,0.7044667211988119,-0.5421922226733433,1453821.1,0.5584304698838116,0.00793212534251686,0.7945064641738244,0.01668797828700197,-0.3284801486262334,-0.011211078040093914,-0.05079951934023452,0.0,-1.0,0
2026-05-11,-0.011895502161020866,-0.011966819783707472,0.018691569810133576,-0.010501586531396944,1269.9000244140625,1270.1366037026596,1270.6400024414063,1267.318045446038,1259.8649963378907,1253.4681827862632,1214.87,1226.5758607564119,0.9942514775275374,0.9936724588868439,1.002170851048324,1.0392881341920843,49.24898585082064,55.19060178946311,55.17436749065399,19.12379480634786,20.82729212715677,-1.7034973208089106,1305.5653390454302,1214.1646536303513,1259.8649963378907,0.07254799973073114,0.5299229621268855,0.26113433630019034,1325256.7,0.7725763619983963,-0.004363390587041827,-0.5421922226733433,0.00793212534251686,0.7945064641738244,0.01668797828700197,-0.3284801486262334,0.0016607161612791632,-1.0,0
2026-05-12,-0.008157711830330538,-0.0081911680364423,0.021081229245951932,-0.007686173670265452,1269.880029296875,1264.1910854111482,1267.710009765625,1264.5875006064173,1262.270001220703,1253.3569319331073,1214.8260009765625,1227.5846524454987,0.9861561879365219,0.9878442539549332,0.9921015690914492,1.0308472553447476,42.713371754465165,52.07853921384755,53.2934412691056,16.697746743639755,20.00138305045337,-3.3036363068136154,1300.4421293397809,1224.0978731016253,1262.270001220703,0.06048171640324604,0.36940795701150253,0.44118738658139467,1282545.5,1.1505065512295665,-0.011895502161020866,0.26113433630019034,-0.004363390587041827,-0.5421922226733433,0.00793212534251686,0.7945064641738244,-0.011211078040093914,-0.05079951934023452,1
2026-05-13,0.018046773700189478,0.017885863733119543,0.021491900454433995,0.01585659315861554,1270.2000244140625,1267.760731745453,1267.2300170898438,1266.46250493508,1265.0850036621093,1255.4086550265315,1214.8240014648438,1229.4401572285797,1.0037002046210541,1.0060525770545055,1.0077583883482462,1.0494524498007765,57.23956573349036,57.712956763210684,56.69469210132041,16.409556180070012,19.2830176763767,-2.873461496306689,1297.8859743724938,1232.2840329517248,1265.0850036621093,0.051855757700761236,0.6496147909556503,0.6038065109445323,1282762.6,1.8448776102452626,-0.008157711830330538,0.44118738658139467,-0.011895502161020866,0.26113433630019034,-0.004363390587041827,-0.5421922226733433,0.01668797828700197,-0.3284801486262334,1
2026-05-14,0.017256255062126247,0.017109056872771315,0.018582755133207614,0.006988120063197142,1272.9000244140625,1277.4738293016562,1270.47001953125,1271.996599385804,1269.1850036621095,1259.36021401582,1215.1500024414063,1232.0856422162458,1.0188545836591114,1.0208033282773283,1.021836864343641,1.067275662929193,66.80035110907636,62.35325416724144,59.694729320754625,17.751748118241267,18.976763764749613,-1.2250156465083464,1295.781927548294,1242.5880797759248,1269.1850036621095,0.04191181555004481,1.021019289120671,0.3913126336339128,1475399.0,2.231665468120827,0.018046773700189478,0.6038065109445323,-0.008157711830330538,0.44118738658139467,-0.011895502161020866,0.26113433630019034,0.00793212534251686,0.7945064641738244,0
2026-05-15,-0.013956338380142319,-0.014054643798179261,0.031122964739168743,-0.026788395107971843,1273.1000244140625,1277.915902477146,1271.9000244140625,1273.2335901934987,1271.1100036621094,1261.2116268550872,1215.4320043945313,1233.9175797304372,1.0044772793219339,1.0054249738828658,1.0060498659784443,1.0521362315657967,54.99728565360996,56.828132194573335,56.32400197503148,17.15715117840591,18.612841247480873,-1.4556900690749615,1294.4380030569162,1247.7820042673027,1271.1100036621094,0.03670492613164559,0.6648243605434835,0.17583567014122892,1862554.3,2.078625573493347,0.017256255062126247,0.3913126336339128,0.018046773700189478,0.6038065109445323,-0.008157711830330538,0.44118738658139467,-0.004363390587041827,-0.5421922226733433,1
2026-05-18,0.010947763110291886,0.010888270167655428,0.033802559963922785,0.010000038146972656,1279.1400390625,1282.877284594139,1274.5200317382812,1276.7911281270672,1272.0250061035156,1264.2200479953765,1215.9420043945313,1236.2266961656405,1.0106790572951159,1.0143426675412173,1.0163322596843027,1.0632086433035632,61.186010702562754,59.79563210448047,58.23912455623192,17.612584901572973,18.412789978299294,-0.8002050767263214,1297.177338693547,1246.8726735134842,1272.0250061035156,0.039546915303305806,0.9129844150685885,-0.2341218110665152,2004031.2,1.479586744956865,-0.013956338380142319,0.17583567014122892,0.017256255062126247,0.3913126336339128,0.018046773700189478,0.6038065109445323,-0.011895502161020866,0.26113433630019034,0
2026-05-19,-0.005878788187809292,-0.005896136287035055,0.01322751373006123,-0.009861362733532357,1285.72001953125,1283.6515067867176,1277.8000244140626,1278.3200050443047,1272.3050048828125,1266.2181340121858,1217.3860034179688,1238.1472159698067,0.9995955041910566,1.0057911462016176,1.0101351061573873,1.0557045567827374,56.28388469338284,57.485565487203296,56.81899577505614,17.16241737989094,18.162715458617626,-1.0002980787266864,1297.9090287937693,1246.7009809718556,1272.3050048828125,0.04024824835663538,0.7518148384392105,-0.6167605015348359,1970505.9,0.5766833786186583,0.010947763110291886,-0.2341218110665152,-0.013956338380142319,0.17583567014122892,0.017256255062126247,0.3913126336339128,-0.008157711830330538,0.44118738658139467,0
2026-05-20,-0.0015561780858895924,-0.0015573901886688256,0.021430798820468923,0.004068819383313772,1287.3800048828125,1283.500988248437,1278.7900146484376,1279.2072679765902,1273.2950012207032,1267.8354499321563,1218.0880029296875,1239.9139898992996,0.9967530537253311,1.0034485228011807,1.0077789906829728,1.053454223410446,54.93268125342001,56.86300669762342,56.438727385401435,16.45459476455744,17.82109131980559,-1.3664965552481476,1298.9762376577448,1247.6137647836615,1273.2950012207032,0.040338234914016245,0.6928441018689679,-0.08531730317382369,1975625.0,0.5261155330591585,-0.005878788187809292,-0.6167605015348359,0.010947763110291886,-0.2341218110665152,-0.013956338380142319,0.17583567014122892,0.018046773700189478,0.6038065109445323,0
2026-05-21,-0.001480597269361561,-0.0014816944366075268,0.0157651997206664,-0.009048686134474092,1284.260009765625,1282.7673417749997,1278.5800170898438,1279.5877735859601,1274.5100036621093,1269.1177926841533,1219.0400048828126,1241.536972602391,0.9976952011936896,1.0021273848346794,1.0053275730645546,1.0510730113006403,53.50900377315585,56.239914689972544,56.06446606602932,15.56095697566866,17.369064450978204,-1.8081074753095443,1299.2755386994872,1249.7444686247313,1274.5100036621093,0.0388628335065523,0.6370865833459217,4.137115682307315,2332244.4,2.2894487387342424,-0.0015561780858895924,-0.08531730317382369,-0.005878788187809292,-0.6167605015348359,0.010947763110291886,-0.2341218110665152,0.017256255062126247,0.3913126336339128,1
2026-05-22,0.003277882628441642,0.0032725220821455555,0.009179345646149358,0.0010123414402396311,1285.6,1283.67822785,1279.3500122070313,1280.6627238430583,1276.0000061035157,1270.67800290471,1220.8980053710939,1243.2610128924935,0.9999222153080275,1.0048071190325463,1.0074451362468988,1.05291350657033,56.42179845927614,57.352450725173654,56.73047812103,15.018519405769439,16.89895544193645,-1.880436036167012,1299.6187208346412,1252.3812913723903,1276.0000061035157,0.03701992886857305,0.7011115762358758,-0.8897522152599262,2309926.0,0.25484539331563,-0.001480597269361561,4.137115682307315,-0.0015561780858895924,-0.08531730317382369,-0.005878788187809292,-0.6167605015348359,-0.013956338380142319,0.17583567014122892,1
2026-05-25,0.003033857965042852,0.0030292651050120513,0.010392449325531714,-0.0010071486844268087,1284.9199951171875,1285.5854933713542,1282.0300170898438,1282.2513239468772,1276.335009765625,1272.4610525722674,1222.4000048828125,1245.0703858933393,1.0034866212012417,1.0057487010646977,1.010236352171235,1.0548102251829368,59.191670534398966,58.409838538777294,57.3606930717485,14.733494546078418,16.465863262764845,-1.7323687166864268,1300.5079082491864,1252.1621112820637,1276.335009765625,0.0378786107073882,0.7702409613253923,0.5667262355735092,2299768.9,0.4010363823947702,0.003277882628441642,-0.8897522152599262,-0.001480597269361561,4.137115682307315,-0.0015561780858895924,-0.08531730317382369,0.010947763110291886,-0.2341218110665152,1
2026-05-26,0.0032572910596799787,0.0032519975789796953,0.014146605730906862,0.0032572910596799227,1286.6,1288.256987442882,1286.160009765625,1284.314715153979,1276.935009765625,1274.474283335474,1224.6960034179688,1246.9735070577551,1.0054406774334972,1.0057846346984993,1.013050754887965,1.0562621025753873,62.20951324020119,59.57230596027489,58.05155097212351,14.677320238993389,16.108154658010555,-1.4308344190171667,1302.1730932315709,1251.696926299679,1276.935009765625,0.03952915892027777,0.830155137231375,0.8571860725085683,2323497.8,0.7371928649986241,0.003033857965042852,0.5667262355735092,0.003277882628441642,-0.8897522152599262,-0.001480597269361561,4.137115682307315,-0.005878788187809292,-0.6167605015348359,1
2026-05-27,0.012136729698897897,0.01206367013707665,0.02520430670535474,0.011042508747586872,1291.82001953125,1295.271341237963,1289.6000122070313,1288.8575030947327,1278.4150146484376,1277.7910229062027,1227.4300048828125,1249.4176851663972,1.01353131940409,1.0152760828432212,1.0241588481250596,1.0667003769010266,71.42532041215586,63.6611748649399,60.559766244131914,15.718473616135725,16.03021844963559,-0.3117448334998656,1307.3316079769897,1249.4984213198854,1278.4150146484376,0.045238194165772024,1.0340365275530508,0.18556851499183247,2289915.8,0.8868098992984809,0.0032572910596799787,0.8571860725085683,0.003033857965042852,0.5667262355735092,0.003277882628441642,-0.8897522152599262,-0.0015561780858895924,-0.08531730317382369,0
2026-05-28,0.0,0.0,0.0,0.0,1297.42001953125,1299.9475771013504,1290.8400146484375,1292.5743295917132,1280.6550170898438,1280.7918825178144,1231.2300048828124,1251.7660131531316,1.0091566563780687,1.014300791709432,1.0223674848854878,1.0634081720196082,71.42532041215586,63.6611748649399,60.559766244131914,16.355064169553316,16.095187593619137,0.2598765759341788,1311.7701334595708,1249.5399007201167,1280.6550170898438,0.04859250298403224,0.9603073213338666,-1.0,1960656.1,0.0,0.012136729698897897,0.18556851499183247,0.0032572910596799787,0.8571860725085683,0.003033857965042852,0.5667262355735092,-0.001480597269361561,4.137115682307315,0
2026-05-29,-0.023905940319898233,-0.024196324589532376,0.032785526090571206,-0.024054982817869417,1295.92001953125,1292.631718067567,1290.760009765625,1289.924451484129,1281.3300170898438,1280.5259889446893,1233.8780053710936,1252.7947969510478,0.9861719710621246,0.9901143437439296,0.9974011245772523,1.0357587982254668,42.98223113774645,51.595564689640355,53.52531725651006,14.170564962499157,15.710263067395141,-1.5396981048959848,1311.5879230718592,1251.0721111078283,1281.3300170898438,0.04722890368359155,0.4449727768368534,-1.0,1886484.4,1.6590839553192172,0.0,-1.0,0.012136729698897897,0.18556851499183247,0.0032572910596799787,0.8571860725085683,0.003277882628441642,-0.8897522152599262,1
2026-06-01,0.01674493303134783,0.016606282297670118,0.01947056206923925,0.015552969452178586,1297.92001953125,1294.8878201830655,1291.4200073242187,1291.647282925935,1282.97001953125,1282.3235161322486,1236.5220068359374,1254.6224529299895,1.0011402897409247,1.0061792577508368,1.0128062266714661,1.0508507064415455,56.72748457696202,57.52318673847424,57.102464290937675,14.004699269632965,15.369150307842707,-1.364451038209742,1313.411646471729,1252.528392590771,1282.97001953125,0.04745493110057428,0.7698608210878027,-0.5564489640990774,1728794.8,0.8030114389515748,-0.023905940319898233,-1.0,0.0,-1.0,0.012136729698897897,0.18556851499183247,0.003033857965042852,0.5667262355735092,1
2026-06-02,0.00877329859925391,0.00873503684013793,0.020369295275856732,0.010250519328034682,1301.3600341796875,1300.1918963980854,1293.9800170898438,1295.1296039990605,1285.8900207519532,1285.0355668651894,1239.1320068359375,1256.825495906387,1.0072539607798758,1.0129986796674877,1.019371818486938,1.0578372938450586,62.36595983542595,60.31146798923631,58.87309189403212,14.62455346045067,15.220230938364299,-0.5956774779136289,1315.2257363237204,1256.554305180186,1285.8900207519532,0.04562709889390459,0.9245682709738515,0.15405599311935525,1775369.9,0.9024085628578022,0.01674493303134783,-0.5564489640990774,-0.023905940319898233,-1.0,0.0,-1.0,0.0032572910596799787,0.8571860725085683,1
2026-06-03,0.0016020563836680601,0.0016007744602995473,0.0161474223304523,-0.0015969396090779468,1302.080029296875,1304.4279390700779,1296.9500244140625,1298.3605895290607,1287.87001953125,1287.6893247269868,1242.7720068359374,1259.024497024335,1.00830977733606,1.0122980837347269,1.0194351949367708,1.056428707109898,63.39111887927791,60.8216486077796,59.198827544049855,15.11105205030617,15.198395160752675,-0.08734311044650411,1318.839507877046,1256.900531185454,1287.87001953125,0.04809412110869394,0.9041074977302676,-0.491345470252024,1752921.2,0.4648925462251241,0.00877329859925391,0.15405599311935525,0.01674493303134783,-0.5564489640990774,-0.023905940319898233,-1.0,0.012136729698897897,0.18556851499183247,0
2026-06-04,-0.008987774094521228,-0.009028407790328402,0.01521793036634886,-0.0075515060366609455,1300.4400146484375,1303.318617908698,1298.9300170898437,1298.8586597212202,1288.7550170898437,1288.9665295706964,1245.4020068359375,1260.6745157914568,1.0005074904878857,1.0016705738319571,1.0095789799708947,1.0447228834097562,53.786126576357816,56.43191701774631,56.555953776804934,14.37869175635069,15.034454479872279,-0.6557627235215886,1320.1713584086187,1257.3386757710687,1288.7550170898437,0.048754559093343794,0.6964735226618544,0.17604795562754627,1314804.3,0.7289183645048924,0.0016020563836680601,-0.491345470252024,0.00877329859925391,0.15405599311935525,0.01674493303134783,-0.5564489640990774,0.0,-1.0,0
2026-06-05,-0.013142706868652931,-0.013229836495352853,0.033722779461156545,-0.01314270686865296,1301.6400146484375,1296.8790786057987,1298.7800170898438,1296.1570852264529,1289.0650146484375,1288.4935267544395,1248.8900073242187,1261.58924066238,0.986447854668019,0.9886200766139279,0.9960707841800991,1.0281129582828559,42.81757771807531,50.719131065456146,52.95846313324744,12.276944849600113,14.482952553817846,-2.2060077042177326,1320.16359788778,1257.9664314090949,1289.0650146484375,0.04824982896277579,0.41856518656403385,0.6882964570605759,1417740.7,1.1412792198178412,-0.008987774094521228,0.17604795562754627,0.0016020563836680601,-0.491345470252024,0.00877329859925391,0.15405599311935525,-0.023905940319898233,-1.0,0
2026-06-08,-0.018146455473617595,-0.018313121743646486,0.014277782737492948,-0.007322873093011811,1293.9,1284.8193694611575,1295.910009765625,1289.710333580166,1288.9700134277343,1285.8465195561,1251.4300073242186,1261.554366564713,0.9743411014544207,0.9728298583015668,0.9780677114584836,1.0074074808765991,32.335149297709734,44.15931712389777,48.54092758253526,8.631675487941038,13.312697140642486,-4.681021652701448,1320.4012317505503,1257.5387951049183,1288.9700134277343,0.048769510532260606,0.05028688411772403,-0.27519254801185145,1442788.2,0.8128469584101118,-0.013142706868652931,0.6882964570605759,-0.008987774094521228,0.17604795562754627,0.0016020563836680601,-0.491345470252024,0.01674493303134783,-0.5564489640990774,1
2026-06-09,0.0007932101520828905,0.0007928957271692433,0.012602064697945383,-0.0026087342514822132,1284.07998046875,1277.1128966980634,1292.7200073242188,1284.6175367786584,1289.440008544922,1283.54684637665,1253.5440063476562,1261.5600757649938,0.9825711562852143,0.9760040411097591,0.9784867406089327,1.0065063091386652,33.15455985768156,44.49114269942925,48.733639969646134,5.757100626379724,11.801577837789933,-6.044477211410209,1318.8820176807837,1259.9979994090602,1289.440008544922,0.045666349641323496,0.028903458234814487,-0.08694658610498596,1378581.4,0.7767390449341621,-0.018146455473617595,-0.27519254801185145,-0.013142706868652931,0.6882964570605759,-0.008987774094521228,0.17604795562754627,0.00877329859925391,0.15405599311935525,1
2026-06-10,0.0064199872947023895,0.006399466956317729,0.031107259789802198,0.003001618347650079,1275.4599853515624,1274.6752807414173,1288.7700073242188,1281.9234480603795,1289.185009765625,1282.2376275625047,1256.3340063476562,1261.883211963548,0.9955624350521061,0.9852805710962503,0.9849633987436573,1.0107185210401304,40.01877382642875,47.22671503025069,50.31613588152134,4.085494486608013,10.25836116755355,-6.172866680945537,1319.2089199086552,1259.1610996225947,1289.185009765625,0.046578124808461095,0.17717461108242746,1.8512894121953907,1480824.9,2.0617933963698207,0.0007932101520828905,-0.08694658610498596,-0.018146455473617595,-0.27519254801185145,-0.013142706868652931,0.6882964570605759,0.0016020563836680601,-0.491345470252024,1
2026-06-11,0.009844069553734958,0.009795932353872777,0.02526711626009248,0.012875236041172985,1271.7,1277.2168701036533,1286.0700073242188,1281.9919209272423,1288.455010986328,1282.2435724449447,1259.5300073242188,1262.6838722327473,1.0083353376017339,0.9970686210901244,0.9952229902435699,1.0180782048633201,49.377725918480266,51.22171587842217,52.68280820914834,3.7264242120108975,8.951973776445021,-5.225549564434123,1318.4029630802982,1258.507058892358,1288.455010986328,0.04648660890541237,0.3972390142255786,-0.37261979820873814,1672373.8,1.1453713278694033,0.0064199872947023895,1.8512894121953907,0.0007932101520828905,-0.08694658610498596,-0.018146455473617595,-0.27519254801185145,-0.008987774094521228,0.17604795562754627,1
2026-06-12,0.011931627680896506,0.011861007002745652,0.01572135079984937,-0.000308185218846302,1274.4199951171875,1284.0112385977482,1288.0300048828126,1284.829749047005,1289.3950073242188,1283.7060870298012,1262.6740063476564,1264.0531311877744,1.0181886509608777,1.0074299283920762,1.0063634248737676,1.0276603217162172,58.60174249159495,55.64745040606036,55.412446186432426,4.623141952342621,8.08620741162454,-3.4630654592819194,1319.25179681693,1259.5382178315076,1289.3950073242188,0.04631131549775528,0.6374054009343796,-0.4301314181391801,1468547.9,0.7433036402830306,0.009844069553734958,-0.37261979820873814,0.0064199872947023895,1.8512894121953907,0.0007932101520828905,-0.08694658610498596,-0.013142706868652931,0.6882964570605759,0
2026-06-15,-0.0008477000667642676,-0.0008480595676461698,0.020053991515618975,-0.012265713763060645,1281.5800048828125,1288.1741590651654,1287.7400024414062,1286.9516128566404,1289.5800048828125,1284.9245549317247,1265.7780053710937,1265.3255574157047,1.0116418757005745,1.0068026135260113,1.005366084377073,1.024271234370121,57.71959304098555,55.25926223203678,55.17218188801495,5.185265867942917,7.506019102888216,-2.3207532349452995,1319.56447261331,1259.595537152315,1289.5800048828125,0.04650268710272422,0.6153929957901013,0.07079024200766404,1446608.7,0.8079932050733554,0.011931627680896506,-0.4301314181391801,0.009844069553734958,-0.37261979820873814,0.0064199872947023895,1.8512894121953907,-0.018146455473617595,-0.27519254801185145,0
2026-06-16,-0.017122985863382234,-0.01727127944288065,0.026288941941740765,-0.019769193209134617,1284.1000244140625,1283.5494556528188,1284.0900024414063,1284.6513284878192,1289.035009765625,1283.9126972075724,1268.5920068359376,1265.6774982554073,0.9923682147810804,0.992375959944655,0.9885689986494787,1.0044995096622311,42.61497778430693,47.984022070704874,50.529340745845744,3.795648718386701,6.763945025987914,-2.9682963076012125,1319.706473109827,1258.3635464214233,1289.035009765625,0.047588254953259274,0.25979364316366055,-0.04981135303931217,1397460.6,0.7947472723023461,-0.0008477000667642676,0.07079024200766404,0.011931627680896506,-0.4301314181391801,0.009844069553734958,-0.37261979820873814,0.0007932101520828905,-0.08694658610498596,1
2026-06-17,0.010123127873700621,0.010072232208738121,0.015848372582278447,0.005624961853027344,1287.5800048828125,1284.7662874925043,1281.5199951171876,1285.1147144303748,1289.235009765625,1284.2257690136964,1271.2980053710937,1266.5215160168373,0.9997048309934169,1.0044322024442296,0.9984214991228637,1.0125084329036915,51.26147120923362,51.94329405912181,52.94530407823835,3.6927141161743293,6.149698844025197,-2.456984727850868,1319.8036631531184,1258.6663563781315,1289.235009765625,0.04742138268964731,0.4667133097432661,0.07587689127232511,1435458.5,0.8324162628177687,-0.017122985863382234,-0.04981135303931217,-0.0008477000667642676,0.07079024200766404,0.011931627680896506,-0.4301314181391801,0.0064199872947023895,1.8512894121953907,1
2026-06-18,0.0052051534309707215,0.005191653445915794,0.009969877247590459,0.004580764296632376,1289.9,1287.810866466357,1280.8,1286.712043518318,1289.865008544922,1285.147126670874,1273.2900048828126,1267.595183012807,1.0031010345097002,1.0102280015725036,1.0031282466323297,1.016186429998048,55.33911000096408,53.90576394864097,54.16601460440483,4.104463913063682,5.740651857832894,-1.6361879447692118,1320.2724866941394,1259.4575303957045,1289.865008544922,0.047148310788769604,0.5663490712603607,-0.42603266050101307,1408203.3,0.4870269796981728,0.010123127873700621,0.07587689127232511,-0.017122985863382234,-0.04981135303931217,-0.0008477000667642676,0.07079024200766404,0.009844069553734958,-0.37261979820873814,0
2026-06-19,-0.004791771485586849,-0.004803288829621743,0.021666557017938848,-0.0010085716277152832,1287.9199951171875,1287.7738947015298,1281.1699951171875,1286.891663091692,1289.9750061035156,1285.3902528138267,1274.8500048828125,1268.3836052935549,0.9998291478149678,1.0050968693300457,0.9982363573550834,1.01007957504008,50.75476573958599,51.79780423625963,52.834236941417025,3.8856926529813336,5.369660016862582,-1.4839673638812485,1320.3344060368117,1259.6156061702195,1289.9750061035156,0.047069749087618976,0.4625312928345217,0.6601825808906834,1360260.3,0.8370515555000759,0.0052051534309707215,-0.42603266050101307,0.010123127873700621,0.07587689127232511,-0.017122985863382234,-0.04981135303931217,0.011931627680896506,-0.4301314181391801,0
2026-06-22,-0.004115808774388219,-0.004124302027736953,0.01707737367212604,-0.005891453942587209,1285.1,1285.9826046057074,1283.3400024414063,1286.075001513941,1289.6250061035157,1285.1054691567062,1276.2020043945313,1268.9332687884767,0.9978990151848592,0.9992675533953935,0.9943976104253105,1.0048566136067711,46.881589831248874,49.997951216776755,51.69345470910779,3.247223090721036,4.945172631634273,-1.6979495409132372,1320.1637210902386,1259.0862911167928,1289.6250061035157,0.04736061233643851,0.38170783065701397,-0.15565058387083175,1339122.0,0.7179203985895236,-0.004791771485586849,0.6601825808906834,0.0052051534309707215,-0.42603266050101307,0.010123127873700621,0.07587689127232511,-0.0008477000667642676,0.07079024200766404,0
2026-06-23,-0.0313475300037952,-0.03184937951571222,0.03622605197943181,-0.021889802226870078,1278.67998046875,1271.38838679443,1281.3900024414063,1278.0977196335652,1287.0550048828125,1281.019229348627,1276.9620043945313,1267.8849033917472,0.9714705556870439,0.9694159848329835,0.9651490779020578,0.9727775351944488,27.984064052530428,38.9441910409648,44.10845705917289,-0.49685119066271,3.856767867174877,-4.353619057837587,1323.836257968036,1250.2737517975888,1287.0550048828125,0.057155681685216855,-0.10975428986889751,1.2432443677493779,1447703.9,1.4896810045203306,-0.004115808774388219,-0.15565058387083175,-0.004791771485586849,0.6601825808906834,0.0052051534309707215,-0.42603266050101307,-0.017122985863382234,-0.04981135303931217,0
2026-06-24,-0.008855257150527818,-0.008894697951723563,0.01859976065810099,-0.007096813571068549,1267.47998046875,1257.9922415869119,1277.5299926757812,1269.5708526405306,1283.15,1276.2745361889363,1277.21400390625,1266.4462778144975,0.971376250626493,0.9637346741215304,0.9595136587085492,0.9639731066261058,24.793593617209027,36.562197168874505,42.32417489818804,-4.302073477323347,2.2249995982752324,-6.5270730755985795,1325.7745625779874,1240.5254374220128,1283.15,0.06643738078632624,-0.1093909906180928,0.08477258595290671,1376332.3,1.699763203987874,-0.0313475300037952,1.2432443677493779,-0.004115808774388219,-0.15565058387083175,-0.004791771485586849,0.6601825808906834,0.010123127873700621,0.07587689127232511,0
2026-06-25,-0.0001624034923690676,-0.00016241668124420002,0.011779041429731926,0.005144157001146845,1254.8999755859375,1248.994827724608,1272.3999877929687,1262.5579703422522,1279.2349975585937,1271.9626755995137,1277.5360034179687,1265.0562277041251,0.9809546768261127,0.9674630712117668,0.9622938727828353,0.963573626658298,24.733792031297938,36.518472502097254,42.29152246460454,-7.250297032123626,0.3299402721954605,-7.580237304319087,1325.7398773859547,1232.7301177312327,1279.2349975585937,0.0727073288584429,-0.018601464380247214,-0.2706965216874644,1355399.5,1.2587882760765368,-0.008855257150527818,0.08477258595290671,-0.0313475300037952,1.2432443677493779,-0.004115808774388219,-0.15565058387083175,0.0052051534309707215,-0.42603266050101307,0
2026-06-26,0.0,0.0,0.0,0.0,1243.5599853515625,1242.9965518164054,1265.739990234375,1256.8201575527517,1276.8849975585938,1268.06146839956,1277.3500024414063,1263.720689362787,0.9898999762781755,0.9725536125093572,0.9640648941397808,0.9637139371724137,24.733792031297938,36.518472502097254,42.29152246460454,-9.47753432398008,-1.6315546470396478,-7.845979676940432,1327.9303871825246,1225.839607934663,1276.8849975585938,0.07995299454771515,0.05054709253230681,-1.0,1246241.8,0.0,-0.0001624034923690676,-0.2706965216874644,-0.008855257150527818,0.08477258595290671,-0.0313475300037952,1.2432443677493779,-0.004791771485586849,0.6601825808906834,1
2026-06-29,0.0011373065914399572,0.001136660348236517,0.019555318978020708,-0.005326856808666263,1233.5599853515625,1239.4643760156246,1259.3299926757813,1252.3801333457172,1273.5349975585937,1264.665140400941,1276.5080029296876,1262.4924279922488,0.9990596639391075,0.9786156381422323,0.9677001627569025,0.9654463752562509,26.425044583769463,37.1290283794614,42.63316989664361,-11.002831857800402,-3.5058100891917987,-7.497021768608603,1326.9684990546814,1220.101496062506,1273.5349975585937,0.08391367586838433,0.11508256063339811,-1.0,1338461.4,1.5622759087411862,0.0,-1.0,-0.0001624034923690676,-0.2706965216874644,-0.008855257150527818,0.08477258595290671,-0.004115808774388219,-0.15565058387083175,0
2026-06-30,-0.0005680568227189875,-0.0005682182281237616,0.008687141021394664,-0.00024354612672483766,1231.4599853515624,1236.8762344010415,1255.0699829101563,1248.6201002232006,1269.5799926757813,1261.5255985696012,1275.5500024414061,1261.284879881646,1.0001948628645405,0.9813794991064221,0.9701633282483683,0.9656226324443558,26.083125983369044,36.93771706694572,42.50105996320349,-12.128323439425685,-5.230312759238576,-6.8980106801871095,1323.1044566119276,1216.055528739635,1269.5799926757813,0.08431837969238551,0.14614272878009063,-0.8644027917128556,1255752.6,0.22579288308859563,0.0011373065914399572,-1.0,0.0,-1.0,-0.0001624034923690676,-0.2706965216874644,-0.0313475300037952,1.2432443677493779,0
