Date,Close,High,Low,Open,Volume
2021-06-30,19.933551788330078,20.093000115257194,19.795279984425818,19.93031286945108,326568000
2021-07-01,20.14232635498047,20.385484736475224,19.94999086175242,20.05562636236661,480136000
2021-07-02,20.416383743286133,20.43457225231236,20.21782125954532,20.36979576583469,342764000
2021-07-06,20.62714958190918,20.7701542975296,20.280100602150775,20.666014703465514,446708000
2021-07-07,20.30152702331543,20.8030424068204,20.261914895907818,20.78161688378112,418428000
2021-07-08,19.83414649963379,20.063602249461436,19.632843115344528,19.788056528694977,503300000
2021-07-09,19.981136322021484,20.011033596944927,19.686157099051567,19.893689311396027,296624000
2021-07-12,20.44179344177246,20.461972057856865,20.118161969430805,20.170231770581537,321984000
2021-07-13,20.180200576782227,20.390722726429324,20.04466967248551,20.33018116670877,290708000
2021-07-14,19.773109436035156,20.34737328738898,19.68466640492016,20.287580628248975,380100000
2021-07-15,18.900875091552734,19.778589906396334,18.793496553631783,19.743461697812513,550564000
2021-07-16,18.098398208618164,19.09096527868611,18.01070219908961,18.96490214619044,688224000
2021-07-19,18.71501922607422,18.976364277481892,17.803919215628007,17.853499010534822,749060000
2021-07-20,18.5478458404541,18.77306667414846,18.101390096554123,18.665439136855753,434687000
2021-07-21,19.343095779418945,19.45969307152444,18.67739902955173,18.81691585718277,371017000
2021-07-22,19.526464462280273,19.81845383790225,19.209559734509735,19.574299353352185,323826000
2021-07-23,19.490585327148438,19.63209605947266,19.183646421770963,19.588247101340414,195672000
2021-07-26,19.227495193481445,19.374983858977348,18.848803969588506,19.244436793032506,203943000
2021-07-27,19.14179229736328,19.55436484344968,18.676401037537744,19.19859503384595,248863000
2021-07-28,19.435775756835938,19.57828250324593,18.929527349738116,19.252409967559455,202191000
2021-07-29,19.59423065185547,19.784572307365167,19.261380330589333,19.45172198609903,190781000
2021-07-30,19.431787490844727,19.562334550057216,19.19660092206327,19.351065420539463,183497000
2021-08-02,19.681922912597656,19.892196048997913,19.29426383352367,19.632096019964017,217444000
2021-08-03,19.74669647216797,20.15229309655213,19.15374627337289,19.671954243501315,301811000
2021-08-04,20.20411491394043,20.24796386771161,19.75965124376936,19.921093477440312,231309000
2021-08-05,20.56586265563965,20.66153240927619,20.271879455166875,20.429335766295853,211435000
2021-08-06,20.295799255371094,20.499096555119213,20.140336838007727,20.453255584823058,178497000
2021-08-09,20.22504234313965,20.43730746916473,20.07356586786639,20.37552091210464,146443000
2021-08-10,19.867279052734375,20.3595756588384,19.76662547826804,20.251948145392625,179238000
2021-08-11,19.63109588623047,19.979889797414497,19.363024040976125,19.97390996272921,185925000
2021-08-12,19.83639144897461,19.95996268817905,19.552373948791477,19.801512240234526,151652000
2021-08-13,20.1184139251709,20.144325279245585,19.78257563330717,19.83639035283201,183063000
2021-08-16,19.881237030029297,20.217075350798737,19.38594844911108,20.06559883916075,210876000
2021-08-17,19.390933990478516,19.70185888892524,19.200592328362852,19.617150871347825,204585000
2021-08-18,18.974367141723633,19.566319396687003,18.93450411542504,19.43278053951517,285913000
2021-08-19,19.729753494262695,20.42435132672305,18.6973235489856,19.426800578843118,766555000
2021-08-20,20.744247436523438,20.79307832111632,19.86429170671667,19.922090443139417,675741000
2021-08-23,21.882312774658203,21.921177903907907,20.877787845028326,20.898715368530024,575807000
2021-08-24,21.717878341674805,21.88330650113912,21.460768250925426,21.678017210916853,297299000
2021-08-25,22.136430740356445,22.392544826376568,21.64712400159845,21.662071688084197,347701000
2021-08-26,21.99193572998047,22.262997548429166,21.714894075614353,22.123480715517967,237940000
2021-08-27,22.557973861694336,22.643677862471055,22.090590631749375,22.107532230785125,304722000
2021-08-30,22.60979652404785,22.963572419378465,22.473269615708634,22.751307262334937,262580000
2021-08-31,22.31177520751953,22.620760614168464,22.047642674505877,22.620760614168464,259850000
2021-09-01,22.367589950561523,22.622753028655936,22.283865100248764,22.41144663929597,201767000
2021-09-02,22.322734832763672,22.51909087939799,22.222065406056725,22.4443354699411,187834000
2021-09-03,22.768278121948242,22.910810001392324,22.127381804573318,22.25197291405603,280532000
2021-09-07,22.587867736816406,22.82409196545465,22.4483244181334,22.758307882725695,198107000
2021-09-08,22.265926361083984,22.536039786741064,21.90510910488169,22.439356967135367,254434000
2021-09-09,22.10445213317871,22.464271249955324,22.05860308506016,22.239010734032167,196856000
2021-09-10,22.404468536376953,22.551983198863454,22.19714878261406,22.274892739720574,248376000
2021-09-13,22.079538345336914,22.888882461215875,21.786499434109167,22.609797693327096,297500000
2021-09-14,22.16924285888672,22.336692569612442,22.013753027023114,22.202133951589552,199755000
2021-09-15,22.26791763305664,22.29383355511717,21.894144334606132,22.236022722228473,166538000
2021-09-16,22.16924285888672,22.20412821528791,21.855272750166648,22.110435843651945,156033000
2021-09-17,21.828357696533203,22.247979999045086,21.758586993159383,22.22704878803294,294503000
2021-09-20,21.043935775756836,21.362888683857676,20.594410879277827,21.076826867613953,349440000
2021-09-21,21.176504135131836,21.354917572609224,20.881472829403588,21.34694431873025,204688000
2021-09-22,21.869224548339844,21.888161496452156,21.126660825026075,21.29610478128571,268726000
2021-09-23,22.408456802368164,22.461282925863888,21.818392405906536,22.067574601135654,248555000
2021-09-24,22.00876808166504,22.076546431149566,21.789488429342764,21.997804384215325,217655000
2021-09-27,21.589143753051758,21.72768898320493,21.25524054701434,21.638979428215535,245215000
2021-09-28,20.631284713745117,21.34893052299368,20.58344140631402,21.144601235884615,343069000
2021-09-29,20.44988441467285,20.948248800717536,20.40004683540283,20.871501019861885,218394000
2021-09-30,20.648231506347656,20.99708693414732,20.620323224212417,20.70006144475727,221009000
2021-10-01,20.67414665222168,20.790762583446227,20.136908439010178,20.682119903644967,240978000
2021-10-04,19.667449951171875,20.474799620417603,19.49102893557556,20.436923825487426,345635000
2021-10-05,20.384098052978516,20.58045410102996,19.789050920867343,19.884737541485297,279282000
2021-10-06,20.63228416442871,20.65221729292301,20.01431155448803,20.054181613694748,297202000
2021-10-07,21.006059646606445,21.252251394930184,20.90339594423825,21.023002332349666,256919000
2021-10-08,20.76285743713379,21.136630744836808,20.707040866525467,21.03197467494621,151258000
2021-10-11,20.627302169799805,20.994098397870303,20.443904055764555,20.507695778664687,163388000
2021-10-12,20.603378295898438,20.988115251158046,20.460846442919173,20.759864289713306,162134000
2021-10-13,20.870506286621094,20.92134005530111,20.645245715278612,20.849575070301597,180652000
2021-10-14,21.674863815307617,21.683833248654274,21.052904524091133,21.218361862587606,243589000
2021-10-15,21.790485382080078,21.859259915283243,21.5911407550322,21.73865543684794,226994000
2021-10-18,22.149307250976562,22.218081780697908,21.57319699245635,21.677854960050606,189494000
2021-10-19,22.217082977294922,22.30579062746577,21.964910365115337,22.203126935634774,161473000
2021-10-20,22.030698776245117,22.359619226163996,21.91009429442329,22.232037672694034,146276000
2021-10-21,22.617769241333008,22.636708092213606,22.010762150737015,22.024716293024067,187590000
2021-10-22,22.651655197143555,23.054332903700523,22.487195958001656,22.74833799814001,249384000
2021-10-25,23.09021759033203,23.278598494667374,22.695513113631097,22.897848159028317,230235000
2021-10-26,24.636144638061523,25.17637336256749,23.84573943509634,23.9105273389636,485898000
2021-10-27,24.371015548706055,25.007925176618038,24.202567761764556,24.393941025402942,245990000
2021-10-28,24.859405517578125,24.868376849735647,24.44277373436444,24.796611895801696,234204000
2021-10-29,25.48335838317871,25.624894035594185,24.918213855660547,24.91921003669543,292503000
2021-11-01,25.742509841918945,25.809290097010273,25.144472287193395,25.565092648708934,265740000
2021-11-02,26.314634323120117,26.590728607704555,25.71560052254652,25.737529816984793,294112000
2021-11-03,26.51099395751953,26.69638634791327,26.149182413290003,26.58275893777931,239910000
2021-11-04,29.703514099121094,31.26239704427072,27.02929029769168,27.139927249878582,1153631000
2021-11-05,29.65467643737793,31.29728433418583,29.313794225323047,30.088252938531244,851260000
2021-11-08,30.703235626220703,30.998266887418577,29.80916860642571,30.050377560399664,503101000
2021-11-09,30.556713104248047,32.204307519629445,29.86598118563401,32.17639923609389,646746000
2021-11-10,29.362634658813477,30.749085226450433,28.683862559196594,29.259972850188642,636206000
2021-11-11,30.290586471557617,30.489932984419298,29.679592774599925,30.368332333995184,332172000
2021-11-12,30.290586471557617,30.579638725096128,29.53307238423617,29.911830378451516,413054000
2021-11-15,29.926776885986328,30.543751393956548,29.15132212961867,30.45205330248559,384909000
2021-11-16,30.104198455810547,30.29058701140295,29.608824510774056,29.661652535322734,264484000
2021-11-17,29.165279388427734,30.409197952977312,28.70578699749506,30.318494131813672,428508000
2021-11-18,31.571382522583008,32.65283230814321,31.21854045241291,32.26112015873358,781711000
2021-11-19,32.877098083496094,32.97976178244582,31.800631120790957,32.137524780788404,533867000
2021-11-22,31.851463317871094,34.533660369454104,31.795646751201797,33.40735581710539,754335000
2021-11-23,31.642148971557617,32.254140700605305,30.778980809021654,31.43183877897173,532163000
2021-11-24,32.567108154296875,32.74751577697891,30.8268198317491,31.358077087355277,435162000
2021-11-26,31.399944305419922,32.60299466798655,31.24744493690994,32.49335390329238,283069000
2021-11-29,33.266815185546875,33.30269671767384,31.93119862998533,32.26012091262168,454964000
2021-11-30,32.5691032409668,33.24389046679486,31.759761224855104,33.06049048348585,622066000
2021-12-01,31.33600425720215,33.184167626613956,31.281177159177126,33.114388375070114,484368000
2021-12-02,32.02482604980469,32.37571869369958,30.927293561836475,31.11569943003582,472890000
2021-12-03,30.596345901489258,32.02782463570663,30.035117209227543,31.89922925543246,544325000
2021-12-06,29.94240951538086,30.145765658155717,27.94970412663919,29.785902441906565,658938000
2021-12-07,32.32488250732422,32.346816391112846,30.554476224251633,30.859514259780514,593053000
2021-12-08,31.72577476501465,32.18831425036044,31.322049493917223,31.898230293439173,475551000
2021-12-09,30.393980026245117,32.103581165831095,30.33217500414839,31.634061878266106,488507000
2021-12-10,30.102901458740234,31.206415682530494,29.766962833942674,31.051903118678588,488825000
2021-12-13,28.072315216064453,30.19859933646938,28.02745685315274,30.153740973557664,598344000
2021-12-14,28.247758865356445,28.58768456683166,27.16418223461943,27.61176761656936,667035000
2021-12-15,30.363073348999023,30.403944590391255,27.75032752650605,28.3105578612763,698297000
2021-12-16,28.297605514526367,31.06187376372511,28.004532628837605,31.053899534566042,707366000
2021-12-17,27.71344757080078,28.83091752139496,27.672576326059648,27.896868119225253,713758000
2021-12-20,27.631711959838867,28.05537286246123,27.05952009504959,27.219016098484527,461847000
2021-12-21,28.983434677124023,29.028293034389954,27.314704927636466,28.284642127956108,524385000
2021-12-22,29.307418823242188,29.46193141168953,28.35941331564767,28.800022793238682,395184000
2021-12-23,29.546653747558594,29.9643348089571,29.338312319080405,29.661291348376615,343022000
2021-12-27,30.847549438476562,30.989102457785446,29.54665876702278,29.566596240467327,403686000
2021-12-28,30.22650909423828,31.231334077242877,29.91748399123054,31.21339111350028,420591000
2021-12-29,29.906518936157227,30.451797181054715,29.273518478931255,30.177663603854032,343139000
2021-12-30,29.492828369140625,30.36108570963226,29.44697370362588,29.73306863749012,308864000
2021-12-31,29.318378448486328,29.935430483532848,29.23863045980728,29.58055069803875,266530000
2022-01-03,30.02614402770996,30.614286167328913,29.691201708964883,29.72110791823675,391547000
2022-01-04,29.197763442993164,30.372053287940535,28.25972677192673,30.18165478340745,527154000
2022-01-05,27.51706886291504,29.323362739600288,27.446293309746405,28.857832469761814,498064000
2022-01-06,28.089265823364258,28.34844730088948,26.979771740224123,27.55295990089713,454186000
2022-01-07,27.16119384765625,28.332494693927416,26.971791660779605,28.052379478532124,409939000
2022-01-10,27.313711166381836,27.382494114013422,25.5632406683439,26.497290128969677,594681000
2022-01-11,27.729398727416992,27.97661882621992,26.754479886883722,27.23695493896439,404089000
2022-01-12,27.910829544067383,28.504951462178063,27.521060087800688,27.978614296455778,383413000
2022-01-13,26.49131202697754,28.39031167418518,26.41455294503116,28.289629905928102,540171000
2022-01-14,26.85715675354004,27.111354801279813,26.127461534880105,26.217178269218586,395832000
2022-01-18,25.821428298950195,26.554114306336086,25.68884770952801,26.177304414004546,424270000
2022-01-19,24.988059997558594,26.45941170270569,24.973107843056518,25.996874104337753,488315000
2022-01-20,24.073944091796875,25.49844459786639,24.00217033924269,25.224311034871068,435181000
2022-01-21,23.300392150878906,24.744828429105826,23.18974164646766,23.43297273498428,718958000
2022-01-24,23.298398971557617,23.30637320074799,20.822222081779014,22.259680516494218,913982000
2022-01-25,22.25369644165039,22.87074846480711,21.930717378924925,22.47499743870543,664616000
2022-01-26,22.700288772583008,23.981242067414527,22.22977501124328,23.166815419200876,755959000
2022-01-27,21.87489891052246,23.919440934944628,21.60674498365233,23.493785506024345,573353000
2022-01-28,22.768075942993164,22.786018910319385,21.228937446273747,21.942682333906376,543774000
2022-01-31,24.408885955810547,24.43181423649078,22.979402057018028,23.108991809594748,564680000
2022-02-01,24.560413360595703,25.065816744698257,23.814767780089298,25.02494549207549,518925000
2022-02-02,25.16250991821289,25.735698020360548,24.475678597564364,25.712771637079914,543419000
2022-02-03,23.872581481933594,24.998025678674647,23.705111287686467,24.38097558762337,410178000
2022-02-04,24.242414474487305,24.55741930721573,23.557577711661764,23.89650713053911,354829000
2022-02-07,24.650127410888672,25.10269624776117,24.125782912567686,24.29524762592509,376868000
2022-02-08,25.028928756713867,25.150544291203026,23.904480837599923,24.28228698772841,410359000
2022-02-09,26.62090301513672,26.64084048931407,25.27316132302811,25.541313315747384,524282000
2022-02-10,25.74267578125,26.84020840080806,25.519382164128384,25.913138706568642,513200000
2022-02-11,23.873579025268555,26.069642339244744,23.698134593993387,25.834385491481136,605472000
2022-02-14,24.190582275390625,24.79666745710509,23.680193553099095,23.858630725496297,440424000
2022-02-15,26.411561965942383,26.461403743864466,24.705949858768733,24.870429246985168,699869000
2022-02-16,26.427513122558594,26.498290583942875,25.47153350229462,26.176307798231086,732676000
2022-02-17,24.429824829101562,25.70380014996148,24.08890276641559,25.549287576906618,810595000
2022-02-18,23.567548751831055,24.907316200447443,23.02725575627355,24.590316828988254,761255000
2022-02-22,23.31633758544922,23.988214753545286,22.927566415528347,22.96245603840115,633422000
2022-02-23,22.316495895385742,24.078929495655366,22.230768194872702,23.727040557473366,566511000
2022-02-24,23.673213958740234,23.72505025027843,20.82421433341637,20.948820693767292,735801000
2022-02-25,24.0809268951416,24.14073741705025,23.30737152091748,23.64630098063684,528866000
2022-02-28,24.30820655822754,24.587325461796915,23.632342229680074,23.91644455057124,477319000
2022-03-01,23.403066635131836,24.300233919081215,23.059153777179308,24.214504305072836,412056000
2022-03-02,24.147836685180664,24.336274646536083,23.345236751503386,23.68522035856199,389642000
2022-03-03,23.643348693847656,24.253524852561736,23.39907779476586,24.189714450005976,365095000
2022-03-04,22.86766815185547,23.609451053409828,22.4150202714538,23.31433339065873,431415000
2022-03-07,21.28838348388672,22.964376798114145,21.2664496692882,22.749018838877227,450821000
2022-03-08,21.449899673461914,22.306339565350985,20.58847361397796,21.24551054038405,557467000
2022-03-09,22.945430755615234,23.15081636408371,22.18071580003234,22.32029806776181,492742000
2022-03-10,22.590496063232422,22.72010791806969,21.816807022974896,22.46387362746883,428066000
2022-03-11,22.034156799316406,23.076043457185644,21.980316832138143,22.953408821575593,367209000
2022-03-14,21.26645278930664,22.19567534891805,21.095962710522347,21.80384653913913,385354000
2022-03-15,22.904556274414062,22.969363152831257,21.25847601527962,21.453891221892214,491996000
2022-03-16,24.423015594482422,24.523714502325593,23.102960984324504,23.429982841181694,671422000
2022-03-17,24.692216873168945,24.76798876220505,23.834778411537343,24.048141553865687,471941000
2022-03-18,26.37418556213379,26.489841079768297,24.550636279337244,24.725114127062692,730719000
2022-03-21,26.65435028076172,27.071106099040612,25.88963521663449,26.428027300009337,591727000
2022-03-22,26.44497299194336,27.156846357898804,25.99432004218782,26.64736727935604,547007000
2022-03-23,25.55762481689453,26.53270962394399,25.498800590929083,26.048157589776604,502120000
2022-03-24,28.066133499145508,28.23562710130492,25.82981594503605,26.088045093021876,877379000
2022-03-25,27.609495162963867,28.273511278243372,27.189749942659294,27.802917411678866,579016000
2022-03-28,28.134925842285156,28.165833619637276,27.124943427788132,27.67330593129394,425494000
2022-03-29,28.57062339782715,28.85975839254765,27.896636856560235,28.60950676132991,488984000
2022-03-30,27.60750389099121,28.411102336887122,27.421060745065915,28.21967492416321,463487000
2022-03-31,27.20470428466797,28.163838026854247,27.188753110757293,27.699226807551824,523440000
2022-04-01,26.632413864135742,27.41407840137785,26.188740006342908,27.29343862106805,517235000
2022-04-04,27.278486251831055,27.475896299662303,26.533712066907064,26.648369216228314,397120000
2022-04-05,25.853742599487305,27.237607768198263,25.743073244909805,27.17280089255996,436615000
2022-04-06,24.334280014038086,25.224619010193965,23.931484383526115,24.859710266858784,703833000
2022-04-07,24.135873794555664,24.64834229932388,23.40804924530621,24.368179386256767,557992000
2022-04-08,23.05011749267578,23.851722863847915,22.993288112629596,23.84574022331702,524781000
2022-04-11,21.851703643798828,22.25350288523599,21.595469340905495,22.147819689580633,575207000
2022-04-12,21.439931869506836,22.65729475827579,21.218593162457935,22.46985514903304,662258000
2022-04-13,22.136852264404297,22.432968328716512,21.391081501382804,21.663268898797757,516943000
2022-04-14,21.194665908813477,22.70914138808518,21.099949624918715,22.437950489268136,569097000
2022-04-18,21.718101501464844,22.02219119866503,21.016198500677564,21.13683828693259,525701000
2022-04-19,22.131866455078125,22.306344324811956,21.250499340490578,21.655289899939216,512781000
2022-04-20,21.418001174926758,22.60246161145475,21.13684172009428,22.449917550765523,468974000
2022-04-21,20.122865676879883,22.32528363593372,19.940410359200147,21.64431805927398,656209000
2022-04-22,19.45685577392578,20.424963414737594,19.44190107394043,20.242508087919838,624713000
2022-04-25,19.84270477294922,19.8855759292998,19.039106397949094,19.14478957941765,641566000
2022-04-26,18.73202133178711,19.729041835581757,18.61437288191269,19.659250704582643,653143000
2022-04-27,18.360136032104492,19.10989445940128,18.235508451875706,18.542589470786602,499460000
2022-04-28,19.723066329956055,19.97730771532612,18.43491555563578,18.910493792955876,570327000
2022-04-29,18.491744995117188,20.06803419949643,18.461833687592772,19.344197292068042,500435000
2022-05-02,19.474802017211914,19.515678320426133,18.33620442904849,18.48575712100829,572049000
2022-05-03,19.543596267700195,19.765933327881584,19.075993762803037,19.342198449627805,475751000
2022-05-04,20.273418426513672,20.339221777103816,18.695134485364377,19.863643621096067,648855000
2022-05-05,18.787857055664062,19.86563575823811,18.444882087815973,19.807809899114023,626331000
2022-05-06,18.619356155395508,19.453862166104038,17.93639767916028,18.68017522440526,633297000
2022-05-09,16.899503707885742,18.2006142842985,16.77686905131604,17.980273914729565,644455000
2022-05-10,17.542573928833008,18.14377789214046,16.97427258321848,17.636293713121535,761474000
2022-05-11,16.58045196533203,17.70010720962238,16.518638315122686,17.295316703632178,670167000
2022-05-12,16.126808166503906,16.73798268883239,15.520620763164581,16.170677698614824,708728000
2022-05-13,17.653247833251953,17.874586549641382,16.543564832253985,16.73798356385744,670437000
2022-05-16,17.212568283081055,17.735007387650917,17.055039943655906,17.4568392335923,521446000
2022-05-17,18.122844696044922,18.316266948710442,17.581463204511554,18.020150928461515,585830000
2022-05-18,16.88753890991211,18.064023819021532,16.813759960216448,17.652254100833233,545161000
2022-05-19,17.072982788085938,17.634305160902688,16.68414342710916,16.886539645818328,621310000
2022-05-20,16.644264221191406,17.35813066451446,15.708061631405265,17.280363930362633,739105000
2022-05-23,16.84765625,16.86460579941811,16.13079851441161,16.225514794885957,639889000
2022-05-24,16.10586929321289,16.547550187898246,15.732984010714674,16.460809506552845,588550000
2022-05-25,16.924428939819336,17.060023452980932,15.952333251945635,15.972274124910482,781132000
2022-05-26,17.797815322875977,18.03809652185166,15.974264096032462,15.9882223241749,996575000
2022-05-27,18.75495147705078,18.824742600453604,18.04606953482336,18.131813730003465,738379000
2022-05-31,18.616371154785156,19.142797955948794,18.29532999144944,18.923452187686582,664100000
2022-06-01,18.265419006347656,18.9962349851399,18.068008952451528,18.668216603337324,544514000
2022-06-02,19.533626556396484,19.560546538437922,18.14378074438324,18.237500543404728,648656000
2022-06-03,18.66422462463379,19.274402636121195,18.466814594887644,19.025147490431646,598779000
2022-06-06,18.73002815246582,19.27938709229923,18.508689459205605,19.081977060607624,422406000
2022-06-07,18.869611740112305,18.94339066834296,18.133809698571795,18.416963933581936,388914000
2022-06-08,18.59637451171875,19.12690128125382,18.483686480121612,18.74695554636219,363252000
2022-06-09,17.99803352355957,18.880583584037574,17.991052933850728,18.42983530392258,395574000
2022-06-10,16.92700958251953,17.648007580932866,16.82229882218963,17.55127599699547,465248000
2022-06-13,15.603679656982422,16.266838484183843,15.562792805356883,15.955702020878928,604153000
2022-06-14,15.792157173156738,16.021519942748558,15.369330314017972,15.68744737975274,469680000
2022-06-15,16.481245040893555,16.821300578805904,15.881908139766276,16.050439932166825,563936000
2022-06-16,15.557808876037598,15.897865381945072,15.358362760963734,15.816091666385807,545749000
2022-06-17,15.836034774780273,15.950716157739642,15.285562995334534,15.604676739581116,630334000
2022-06-21,16.52013397216797,16.960909651002094,16.36157379723121,16.429386318006205,483089000
2022-06-22,16.314706802368164,16.61587073985761,16.135204840649315,16.181077014713374,437135000
2022-06-23,16.18008041381836,16.539082437023865,15.809109627633456,16.473265177528255,463680000
2022-06-24,17.078584671020508,17.09254584996885,16.26484385133375,16.454318352824092,472153000
2022-06-27,16.822296142578125,17.282020263994987,16.579968879448046,17.26407044859053,427968000
2022-06-28,15.937752723693848,17.15437435755345,15.900854507260869,16.853210426478878,461149000
2022-06-29,15.498969078063965,15.776199264816002,15.127999283665375,15.770216310534561,482352000
2022-06-30,15.117030143737793,15.52390051921732,14.820852506876262,15.31847053785556,686070000
2022-07-01,14.482789993286133,15.021294859447558,14.352153126123206,14.857749366858286,577610000
2022-07-05,14.922572135925293,14.929552726095583,14.016089244404482,14.135756912052631,651397000
2022-07-06,15.088111877441406,15.27658874989287,14.748055399282007,14.968444218161782,529066000
2022-07-07,15.814096450805664,15.900855482165372,15.346395028402622,15.41320992490336,492903000
2022-07-08,15.79415225982666,15.992601679207207,15.346394973873567,15.387281829188536,467972000
2022-07-11,15.110051155090332,15.484012943856513,14.996366451757986,15.483015309181383,437321000
2022-07-12,15.040245056152344,15.388278822055844,14.835812677537918,15.225729983268637,458483000
2022-07-13,15.122017860412598,15.332434145906136,14.424953642931776,14.549607579077355,521918000
2022-07-14,15.329442977905273,15.430163196087623,14.687225812732079,15.0661739121478,456235000
2022-07-15,15.718361854553223,15.738305988579,15.40223910380052,15.615647329390558,385935000
2022-07-18,16.05642318725586,16.850218938777058,15.957698248928537,16.25686691896844,670517000
2022-07-19,16.944955825805664,17.062629156569145,16.127226415976143,16.440356240924725,702366000
2022-07-20,17.75769805908203,17.883350564875844,16.754484694338107,16.90008038178597,760538000
2022-07-21,18.00002670288086,18.093766321144624,17.496425663382336,17.835484504614854,557049000
2022-07-22,17.27105140686035,17.917256187628578,17.089554175506528,17.843461655137467,536671000
2022-07-25,16.976865768432617,17.076589278551587,16.602904032037294,16.971878546789405,480748000
2022-07-26,16.487226486206055,16.872157459195602,16.43237845884533,16.842239834616713,397865000
2022-07-27,17.740745544433594,17.886341221329417,16.866172897497414,16.984842903526864,569776000
2022-07-28,17.9342098236084,18.089778068252926,17.39171718778261,17.925235866496404,474646000
2022-07-29,18.11271095275879,18.19348605858086,17.64301437349248,17.763679641541707,435460000
2022-08-01,18.38994598388672,18.793825424102035,17.94019436661478,18.131662250640616,476469000
2022-08-02,18.474714279174805,18.885574410191698,18.041915688982286,18.07183332591426,489527000
2022-08-03,18.840694427490234,18.915487551007924,18.08678689420816,18.133657657387115,418146000
2022-08-04,19.16180419921875,19.220640875313578,18.708063924460507,18.796818231509185,409652000
2022-08-05,18.936426162719727,19.17576145516048,18.614320486775554,18.757920901412877,386068000
2022-08-08,17.743738174438477,18.188504443935763,17.19426496293747,17.45354536402082,981859000
2022-08-09,17.038700103759766,17.3987007837384,16.677702739944937,17.204240919850708,668263000
2022-08-10,18.046897888183594,18.067839657584745,17.269056663137828,17.64900236749365,597422000
2022-08-11,17.892324447631836,18.655207729285816,17.826507193274058,18.080802254514673,509327000
2022-08-12,18.657201766967773,18.666177625548745,17.903294316475968,18.109721945226894,478094000
2022-08-15,18.979310989379883,19.110945527296405,18.561472236217575,18.64922796080583,457666000
2022-08-16,18.82672882080078,19.089001131232823,18.449775142788685,18.867615667988698,451240000
2022-08-17,18.284238815307617,18.636262177287165,18.094766197974923,18.47171996728055,446799000
2022-08-18,18.721025466918945,18.812769810722802,18.13265879882492,18.250332132443727,415447000
2022-08-19,17.799583435058594,18.468725204485096,17.720801686073024,18.35504051013906,441588000
2022-08-22,16.986841201782227,17.509390657788362,16.91902867077679,17.441578126782925,409593000
2022-08-23,17.133432388305664,17.41664650068236,16.923016122259966,16.941964523094743,369986000
2022-08-24,17.174320220947266,17.357810823683003,16.84822587028311,16.96490062655106,522661000
2022-08-25,17.8634090423584,17.897315311031562,16.78639903354692,16.79736826116041,770691000
2022-08-26,16.214982986450195,17.874375614644485,16.192045948797936,17.807561673056387,769127000
2022-08-29,15.75725269317627,16.29276564803654,15.723347381626995,15.97564717969457,496132000
2022-08-30,15.425175666809082,15.994593942634191,15.13996723606161,15.915813141555713,530181000
2022-08-31,15.052209854125977,15.496975134961382,14.917583393679934,15.3414069074727,573710000
2022-09-01,13.89841365814209,14.340186988303111,13.233260527452883,14.169659947404499,1178865000
2022-09-02,13.609217643737793,14.131766129658757,13.55337197606146,14.060963550220945,743157000
2022-09-06,13.427720069885254,13.74085083822802,13.314035378216058,13.6929833994128,535751000
2022-09-07,13.680094718933105,13.803788702525829,13.313004492414725,13.529468012385438,512657000
2022-09-08,13.955413818359375,13.97336992015191,13.335949711141568,13.425726414837639,624873000
2022-09-09,14.351431846618652,14.438216654464224,14.091077423081934,14.121999969055892,486612000
2022-09-12,14.469139099121094,14.511035078989412,14.16289794182431,14.333475654409431,484159000
2022-09-13,13.098536491394043,13.887581309355834,13.06661601426547,13.767878093148786,714956000
2022-09-14,13.09554672241211,13.257145947776172,12.88107806854957,13.221234691700795,588507000
2022-09-15,12.897035598754883,13.200283922132007,12.758379308646864,12.982823422794079,523625000
2022-09-16,13.165369987487793,13.179335313818578,12.585806090810705,12.710497048087857,670751000
2022-09-19,13.348916053771973,13.429716127163072,12.97783599693244,12.979830907792524,569685000
2022-09-20,13.143424987792969,13.44966616014184,13.024719705664902,13.182329079094677,524818000
2022-09-21,13.228214263916016,13.996311035255735,13.077587561187178,13.18033355166007,807679000
2022-09-22,12.529946327209473,13.116492959222398,12.39727571074283,13.037687792673827,759162000
2022-09-23,12.485058784484863,12.579824199786678,12.226699237698918,12.389296389257975,663309000
2022-09-26,12.197768211364746,12.627703351069655,12.18380288466906,12.460118479404896,547343000
2022-09-27,12.382312774658203,12.704514210651315,12.227696230944117,12.476080251525241,553854000
2022-09-28,12.704514503479004,12.791299318139588,12.323458902869692,12.37932021781137,542414000
2022-09-29,12.189787864685059,12.469095333793417,11.916465127536608,12.417223851541646,532763000
2022-09-30,12.108989715576172,12.601768874936441,12.045147807986924,12.057118225117197,565638000
2022-10-03,12.481067657470703,12.646657634128852,12.075073310975306,12.316475611950034,547478000
2022-10-04,13.134448051452637,13.187317472632325,12.847159945252836,12.847159945252836,584182000
2022-10-05,13.17634391784668,13.288067492068219,12.589798244962582,12.879081259534201,507131000
2022-10-06,13.097540855407715,13.622240530173615,13.07060717712235,13.187318514603342,644157000
2022-10-07,12.04614543914795,12.638676791416017,11.992279039061453,12.474084749119333,672478000
2022-10-10,11.641149520874023,12.094026663340596,11.379797153136787,12.00724185114814,698699000
2022-10-11,11.557354927062988,11.8167113736007,11.255103622772118,11.532416166894459,667482000
2022-10-12,11.471569061279297,11.705987738753207,11.316952527256786,11.550374224944592,492590000
2022-10-13,11.930431365966797,12.048139665363264,10.786266778590695,10.943876148054613,850103000
2022-10-14,11.199244499206543,12.081058872016744,11.176301596444594,12.027192471424224,713432000
2022-10-17,11.858611106872559,11.918463198926593,11.488528921337277,11.489525901270087,580774000
2022-10-18,11.937417030334473,12.46111882553518,11.589279797301561,12.3134849243043,659362000
2022-10-19,12.021206855773926,12.319468398644798,11.804743321043421,11.84963214701234,523131000
2022-10-20,12.16385555267334,12.737433909462094,12.075074868699629,12.083055464879127,652398000
2022-10-21,12.435182571411133,12.467104004984547,11.857614389075882,12.068092268875745,609494000
2022-10-24,12.567852020263672,12.678577660700563,12.034174829585528,12.477077391333092,517457000
2022-10-25,13.228214263916016,13.267118353397784,12.632690116328606,12.662616631719668,505482000
2022-10-26,12.864117622375488,13.354900896725308,12.676582681545735,12.837184898566917,532953000
2022-10-27,13.143424987792969,13.803788998303101,13.089558589412318,13.59630304820485,583113000
2022-10-28,13.799798965454102,13.815760155792058,13.028710226197942,13.071604141512527,521040000
2022-10-31,13.463631629943848,13.803789144395994,13.264126272475048,13.74393706149706,486341000
2022-11-01,13.509517669677734,13.890573215216364,13.4855768377865,13.77685473939127,432817000
2022-11-02,13.186319351196289,14.174869538553562,13.17833970749939,13.815759886644688,672628000
2022-11-03,13.387818336486816,13.746928905168618,12.923968770800348,13.010753571214046,500065000
2022-11-04,14.121003150939941,14.1938226319805,13.663137321682004,13.951423355113537,612576000
2022-11-07,14.265644073486328,14.376369715229352,13.919502771881342,14.19282459299917,410061000
2022-11-08,14.565899848937988,14.854184915550686,14.180853521426073,14.764407269491864,595292000
2022-11-09,13.741942405700684,14.175867398651944,13.724984235954823,14.12698780032859,454414000
2022-11-10,15.711063385009766,15.734006289264514,14.51103733225041,14.76341213300267,700819000
2022-11-11,16.28663444519043,16.348481436653724,15.443724222491777,15.767920535169456,655487000
2022-11-14,16.254711151123047,16.499106232735553,15.882633238435714,16.177901866300843,527852000
2022-11-15,16.624797821044922,16.955975861509707,16.341499544736198,16.680659131421315,545876000
2022-11-16,15.870664596557617,16.321546754871036,15.833756370696808,16.122042368496476,649547000
2022-11-17,15.638243675231934,16.22578826120925,15.496594526959475,15.67614983892832,710894000
2022-11-18,15.370903968811035,15.962438276776751,15.082617967788815,15.926526078879489,492072000
2022-11-21,15.279133796691895,15.438738093483565,15.042719242364662,15.109553993521583,404739000
2022-11-22,15.9983491897583,16.018300200179006,15.084613460927303,15.290104492204474,472866000
2022-11-23,16.47816276550293,16.486144313073122,16.008328349427657,16.05820398423219,427241000
2022-11-25,16.229780197143555,16.446242818507432,16.132022884269546,16.277661873589395,167934000
2022-11-28,15.787869453430176,16.316559781885694,15.686122350635678,15.986376858031377,303741000
2022-11-29,15.600337982177734,15.892613862875352,15.48163268556751,15.787872943961405,298384000
2022-11-30,16.885480880737305,16.892465330806235,15.56242050073122,15.662198222921692,565298000
2022-12-01,17.097009658813477,17.22672059418411,16.598118225185257,16.961311508590725,470977000
2022-12-02,16.838584899902344,16.895459640770735,16.408540682249722,16.622066938764753,371389000
2022-12-05,16.573171615600586,16.95731819181008,16.435477112814326,16.642018866993716,352255000
2022-12-06,15.951557159423828,16.53625748277145,15.783929395985323,16.493353544908274,352694000
2022-12-07,16.084257125854492,16.15011076540868,15.632260566162017,15.737028239030783,372388000
2022-12-08,17.13093376159668,17.14091181811326,15.923615566766111,16.236920451403726,515456000
2022-12-09,16.963306427001953,17.54401680190964,16.937365000489294,17.121954302942694,465338000
2022-12-12,17.496124267578125,17.499117875319435,16.75976146929497,16.99922915428006,457328000
2022-12-13,18.03193473815918,18.7483433376604,17.671735017061216,18.48991676619764,656589000
2022-12-14,17.634815216064453,18.211534767204142,17.38137864220524,17.94712099776623,496888000
2022-12-15,16.914413452148438,17.281597547820855,16.662973286290804,17.107983556218308,478542000
2022-12-16,16.534257888793945,17.003217021729515,16.37361555870543,16.826609420854215,478232000
2022-12-19,16.217958450317383,16.572170824413767,16.109200890531405,16.535254115842392,354039000
2022-12-20,16.049339294433594,16.27384085919094,15.81685699546008,16.028385941930914,403260000
2022-12-21,16.46441650390625,16.590138515163844,16.066300925017234,16.078275356146534,325025000
2022-12-22,15.30499267578125,16.102222004625823,14.849006080737974,16.05831892986543,565045000
2022-12-23,15.172289848327637,15.304994419476047,14.850005959024218,15.162311789148932,349326000
2022-12-27,14.089694023132324,15.066523670848282,14.024837595300793,15.040581290027674,464902000
2022-12-28,14.004881858825684,14.230380640006066,13.853218422811985,13.896123310795858,351066000
2022-12-29,14.570623397827148,14.650445953818707,14.195457574978805,14.370069773045314,354923000
2022-12-30,14.58160400390625,14.596570142907082,14.201448087073608,14.30222402279474,310490000
2023-01-03,14.283262252807617,14.962753137456133,14.064747927725566,14.818074155568226,401277000
2023-01-04,14.716300964355469,14.820070487005857,14.209427782320121,14.534705251277302,431324000
2023-01-05,14.233375549316406,14.53171246808561,14.116634353930149,14.458874351118146,389168000
2023-01-06,14.826057434082031,14.976722686175162,14.00288666985135,14.44191076025438,405044000
2023-01-09,15.593350410461426,16.020400961589182,15.107429705260227,15.250113252108315,504231000
2023-01-10,15.873730659484863,15.926612657782302,15.437699200244237,15.472621454131234,384101000
2023-01-11,15.96552562713623,15.992466195096986,15.528496936448766,15.804883260537807,353285000
2023-01-12,16.474395751953125,16.600115869170452,15.457654762499619,16.06430761543747,551409000
2023-01-13,16.861534118652344,16.884483841910928,16.129162184625386,16.241910621869895,447287000
2023-01-17,17.662755966186523,17.688699300985697,16.861536645437063,16.861536645437063,511102000
2023-01-18,17.33847427368164,17.83337297862017,17.243683680111356,17.627830325283927,439624000
2023-01-19,16.727834701538086,17.158878154395055,16.693911580085434,16.998233856782722,452932000
2023-01-20,17.799448013305664,17.81641051877651,16.787696318202407,16.973282837444028,564967000
2023-01-23,19.150449752807617,19.202334514054723,17.77849813911899,18.0239511412495,655163000
2023-01-24,19.222288131713867,19.45177965907979,18.778275018636265,18.785259468912272,496204000
2023-01-25,19.280160903930664,19.327057588077132,18.538808102919397,18.87107002531869,449537000
2023-01-26,19.758098602294922,20.121291926493868,19.235260153653364,19.657322688857523,489535000
2023-01-27,20.319847106933594,20.582264478452693,19.361976503519905,19.418849333138702,542142000
2023-01-30,19.119522094726562,20.09535278848975,19.107547661178327,19.905775353099752,488611000
2023-01-31,19.493684768676758,19.64335181995639,18.907986325068734,19.127497873404206,498017000
2023-02-01,20.896574020385742,21.145020678253445,19.56752608810673,19.647348666725506,660477000
2023-02-02,21.66086769104004,21.90033534849852,20.654105914331332,20.953440010374486,564276000
2023-02-03,21.053218841552734,21.696789246514708,20.74290754825101,20.95344017438409,429366000
2023-02-06,21.042245864868164,21.522178471104034,20.739916222678673,20.759872338931974,452197000
2023-02-07,22.12384033203125,22.20965010200628,21.103107721044175,21.334593701458743,664150000
2023-02-08,22.155771255493164,22.827279543884256,21.959207503696422,22.33736696829217,559651000
2023-02-09,22.287479400634766,22.968965772411735,22.07096142740167,22.55588404014392,523876000
2023-02-10,21.217853546142578,22.02905079986804,20.76486152389426,21.641912436236254,550737000
2023-02-13,21.739696502685547,21.99912031573908,20.91552751667087,21.490250748186387,474919000
2023-02-14,22.920072555541992,22.99789874171555,21.318629492503824,21.530159368940577,675474000
2023-02-15,22.713533401489258,22.804331263638748,22.056993110518953,22.49900989243005,420575000
2023-02-16,21.953218460083008,22.50000187845595,21.87838398717314,22.0839266243148,412026000
2023-02-17,21.3405818939209,21.691800771351655,20.92849743532747,21.58304317749563,465888000
2023-02-21,20.609203338623047,21.446341861161894,20.572284722285456,20.95343770145244,410015000
2023-02-22,20.70798683166504,21.05721124102222,20.37572493019937,20.661092053593148,513184000
2023-02-23,23.61153793334961,23.835042267919597,22.97395461774742,23.388035501899783,1117995000
2023-02-24,23.234375,23.421959839225643,22.89612775467356,23.173511315975173,589716000
2023-02-27,23.448894500732422,23.827053916300855,23.401999726272685,23.617520428698207,452994000
2023-02-28,23.16452407836914,23.77217493415635,23.15454602243009,23.32017832540314,455963000
2023-03-01,22.64767837524414,23.204441849787724,22.458099073317108,23.140582657134395,460026000
2023-03-02,23.262310028076172,23.328163685156042,22.382265528634285,22.43814303132255,389415000
2023-03-03,23.8370361328125,23.847014191551843,23.078720796703625,23.26830010651087,412393000
2023-03-06,23.50178337097168,24.194243164611763,23.43493056523591,23.8380361602402,437429000
2023-03-07,23.240314483642578,24.07560049580581,23.193409839893587,23.5516758916116,515154000
2023-03-08,24.131486892700195,24.150448993437568,23.37603695159869,23.438907679098733,513573000
2023-03-09,23.388011932373047,24.403927067293445,23.335119057261018,24.12549713017086,501257000
2023-03-10,22.91797637939453,23.57862150456227,22.679465442665016,23.36106747628327,474866000
2023-03-13,22.918973922729492,23.250294843227117,22.25134506080111,22.705413316762304,421890000
2023-03-14,24.01372718811035,24.169407892174178,23.411961279895785,23.447888767567775,474910000
2023-03-15,24.178388595581055,24.23626848807537,23.312165981923513,23.712343919246344,524486000
2023-03-16,25.48870277404785,25.535605516897093,23.845073897032023,23.977802891862606,583253000
2023-03-17,25.672325134277344,26.3449448193976,25.61544073749828,25.9287988632653,848547000
2023-03-20,25.846967697143555,25.970714347329455,25.07854386503028,25.56255140531931,432747000
2023-03-21,26.145357131958008,26.337962757604163,25.329033093000934,26.12639693275394,547408000
2023-03-22,26.413803100585938,27.532507969585293,26.183275210273973,26.37088997719431,797295000
2023-03-23,27.135326385498047,27.442696318613994,26.635352731683053,27.05948178238723,564889000
2023-03-24,26.72416877746582,27.111374826778054,26.301037139360137,26.975653609349873,454920000
2023-03-27,26.47667694091797,26.944716509158773,26.3110164665487,26.782050151047695,361026000
2023-03-28,26.35592269897461,26.45871243560378,25.79706988863312,26.392847592513167,356104000
2023-03-29,26.928747177124023,27.02255456693602,26.542540461107045,26.770074250919894,393694000
2023-03-30,27.32693099975586,27.44269460926943,27.04650622795167,27.17324699449219,364516000
2023-03-31,27.720121383666992,27.777003872770962,27.04949655680014,27.08442473492415,433933000
2023-04-03,27.907737731933594,27.94266591204821,27.280025990589856,27.45267208283813,398716000
2023-04-04,27.396785736083984,27.94266656976958,27.251084780335454,27.908735793018696,368592000
2023-04-05,26.825960159301758,26.9427192704289,26.3409552107088,26.77406658654195,515015000
2023-04-06,26.981637954711914,27.024549174224266,26.372886420842022,26.529564526400943,397654000
2023-04-10,27.52252769470215,27.56444150970001,26.614391229529172,26.76807521785466,395279000
2023-04-11,27.11336898803711,27.733097708803008,27.07045586293639,27.667232866582555,314378000
2023-04-12,26.440752029418945,27.4117593746922,26.39384737924561,27.313960457156856,446259000
2023-04-13,26.4088134765625,26.83194507729408,26.275088982964736,26.67925848324337,353615000
2023-04-14,26.70320701599121,26.827951053263416,26.16630857297882,26.44972742157741,395660000
2023-04-17,26.94671058654785,26.95070210668743,26.37887544680579,26.510605128627287,321471000
2023-04-18,27.6103515625,28.05244531067526,27.300986821273888,27.476627054688475,604812000
2023-04-19,27.873807907104492,27.94266686552096,27.176239781728775,27.304975350464428,358660000
2023-04-20,27.048503875732422,27.972608458107462,26.9447167273433,27.61434236358742,427713000
2023-04-21,27.0634708404541,27.127340875735126,26.66728437395246,26.896812971013922,345103000
2023-04-24,26.986629486083984,27.309965480209698,26.61638884445198,26.957689535565127,339282000
2023-04-25,26.187265396118164,27.19120592261038,26.1712993166917,27.02255136042849,378527000
2023-04-26,26.900806427001953,27.274041202719886,26.65032090270942,26.946713672472086,406337000
2023-04-27,27.170255661010742,27.438705899036655,26.57048635253724,27.30697619433551,377161000
2023-04-28,27.692182540893555,27.701162985929276,27.015569392110717,27.169255299832017,292216000
2023-05-01,28.850805282592773,28.99850296142685,27.723119847489293,27.782996461743867,570329000
2023-05-02,28.15223503112793,28.776954560836412,28.025496178380074,28.621273856351937,402730000
2023-05-03,27.745071411132812,28.30891502450401,27.415747210218576,27.782993707204334,383387000
2023-05-04,27.50556755065918,27.80195842799496,27.184226337640972,27.594384121705687,321850000
2023-05-05,28.621273040771484,28.696118323225086,27.674216876393494,27.769021662211923,361494000
2023-05-08,29.091310501098633,29.16016946274796,28.291951910306917,28.46359870886539,344979000
2023-05-09,28.51249885559082,28.913676170511692,28.3917482221622,28.839828282414175,314869000
2023-05-10,28.82585334777832,29.053387119106517,28.402721772055823,28.945606561729885,369350000
2023-05-11,28.519485473632812,28.89072544575844,28.18816641833993,28.83683515837139,322149000
2023-05-12,28.281970977783203,28.72107056378974,27.988572349830026,28.470583157825374,274222000
2023-05-15,28.893714904785156,28.90968288930767,28.09435634331566,28.449626392092515,293926000
2023-05-16,29.153181076049805,29.808837256233236,28.772962619924,28.78194306415263,449405000
2023-05-17,30.116209030151367,30.13716594058163,29.369741392303435,29.52342540212538,432535000
2023-05-18,31.613134384155273,31.76282685759254,30.25791527609372,30.34773114084469,748725000
2023-05-19,31.199981689453125,31.515334611569322,30.852694703812897,31.471424084571897,473908000
2023-05-22,31.112167358398438,31.45546287720747,30.617182635048753,30.83772890145582,372000000
2023-05-23,30.62516212463379,31.22393392865523,30.568279631249496,30.936523538862662,356253000
2023-05-24,30.475467681884766,30.544326634762978,29.744966242348955,30.148138304684203,721419000
2023-05-25,37.90224075317383,39.399169710914755,36.55999323619556,38.4441283049537,1543911000
2023-05-26,38.866249084472656,39.08978942316248,37.47310777717433,37.8124117084939,714397000
2023-05-30,40.028865814208984,41.852124379037896,39.86719878603495,40.51187589734803,923401000
2023-05-31,37.75653076171875,40.21249015793831,37.74455429743757,39.40714336242504,1002580000
2023-06-01,39.688568115234375,39.967993574032356,38.2614958531395,38.410189027460895,635873000
2023-06-02,39.24647903442383,40.417077693745,38.97802879731639,40.01490294369922,482731000
2023-06-05,39.090789794921875,39.48398018738729,38.62773924122982,38.82932526473996,396094000
2023-06-06,38.57485580444336,39.07982029424169,38.06989131464503,38.75049794421731,388729000
2023-06-07,37.40214157104492,39.42220868882802,37.283373442319295,38.83934443613163,511998000
2023-06-08,38.435123443603516,38.78843525380602,37.43208020342754,37.650652361661095,417772000
2023-06-09,38.694618225097656,39.6337866781629,38.492013810296655,38.96109737948555,427717000
2023-06-12,39.40523147583008,39.45313848189554,38.542912981212005,39.12378209838564,388701000
2023-06-13,40.94223403930664,41.021082803319786,39.66272914194445,40.10786106340082,613208000
2023-06-14,42.91340637207031,42.916398894689806,40.47315646710425,40.74463080916541,740465000
2023-06-15,42.57007598876953,43.20484109231197,42.06505921158456,42.519176450195246,568622000
2023-06-16,42.60899353027344,43.63599213320871,42.5780517641451,43.3655191410193,655709000
2023-06-20,43.72282028198242,43.90446942443079,42.59102630942327,42.91439764756023,451153000
2023-06-21,42.96131134033203,43.530206665673255,41.9981911201456,43.41642607769267,551603000
2023-06-22,42.94134521484375,43.3415626918256,42.15188284213235,42.170843097037455,417737000
2023-06-23,42.12693786621094,42.72576983708017,41.93331479288893,42.38144316710673,358140000
2023-06-26,40.55299377441406,42.68084821314237,40.02202672023089,42.378435975213705,594322000
2023-06-27,41.794586181640625,41.85846093359961,40.369364835566834,40.71968036738126,462175000
2023-06-28,41.03704833984375,41.7636333793526,40.43921407339242,40.5809362479287,582639000
2023-06-29,40.74263381958008,41.51912113593417,40.52106530278883,41.47720297369155,380514000
2023-06-30,42.219757080078125,42.46727602955201,41.420315646901514,41.59896849845373,501148000
2023-07-03,42.330528259277344,42.81458581035407,42.11994000015232,42.434326127886784,198209000
2023-07-05,42.2347297668457,43.09305457985884,42.003178561095986,42.053080590984536,323618000
2023-07-06,42.02113342285156,42.096985857789875,41.26560540265061,41.76263816259273,303582000
2023-07-07,42.42035675048828,43.12997664792233,42.097986731680244,42.239708925322894,355881000
2023-07-10,42.097984313964844,42.72775789742395,41.56801476475212,42.57405800948138,353908000
2023-07-11,42.32255172729492,42.67486603723535,41.985211451319245,42.39840417547179,298244000
2023-07-12,43.81663513183594,43.84957190915323,42.693822639384614,42.94932537767914,481277000
2023-07-13,45.887611389160156,46.065262910266576,44.40549795947818,44.43144838419821,478204000
2023-07-14,45.38059997558594,47.994507542631396,44.97239476607481,46.49243252940778,772075000
2023-07-17,46.37065887451172,46.40559066754623,45.17399273078662,46.19899623861634,510488000
2023-07-18,47.40165328979492,47.80287207706954,45.64507706670889,46.6101959109385,569164000
2023-07-19,46.9854621887207,47.7250225002053,46.65111448328101,47.37171073363014,427502000
2023-07-20,45.43149948120117,46.9954542258262,44.974389752029424,46.416580046967034,537865000
2023-07-21,44.22285079956055,45.77682663388391,44.014257511133955,45.698975360580505,963769000
2023-07-24,44.52526092529297,45.02129625877823,43.95437445925072,44.64402903720118,382516000
2023-07-25,45.59018325805664,46.09320109466631,44.83565269586211,44.85361925028961,348081000
2023-07-26,45.363624572753906,45.96345774796509,44.54322423850326,45.93151847506049,364237000
2023-07-27,45.810760498046875,47.302852779891246,45.66105061247082,46.42855649018283,455976000
2023-07-28,46.65910339355469,46.93556524542494,46.29082136263418,46.57726209617673,331194000
2023-07-31,46.638145446777344,47.038366761861774,46.41557944946755,46.66309836248381,251055000
2023-08-01,46.41657257080078,46.808809981833214,45.9375063312931,46.36966307349115,237858000
2023-08-02,44.18292999267578,45.75087468728102,43.302644871740895,45.74189331269121,530142000
2023-08-03,44.428443908691406,45.030272068122756,43.71483401069051,43.71483401069051,324176000
2023-08-04,44.593135833740234,45.55326355445046,44.306695052607424,44.89754317360456,362666000
2023-08-07,45.32868957519531,45.45145150662656,44.47635002825804,45.02328481487745,322154000
2023-08-08,44.57716369628906,45.15403903929904,43.970344091683025,44.76579541158173,353843000
2023-08-09,42.471256256103516,44.22583731482129,42.05207094997095,44.18790919409857,586449000
2023-08-10,42.30557632446289,43.48927095033714,41.75365024097548,42.07801903458831,492705000
2023-08-11,40.77555847167969,41.93629907044149,40.5599788718329,41.66981614067662,533085000
2023-08-14,43.667938232421875,43.71484774310183,40.232632285095086,40.40729130647671,690286000
2023-08-15,43.85456848144531,45.17998944739272,43.62501611478745,44.473365790467945,676512000
2023-08-16,43.40144348144531,44.58813070182248,43.32159721036821,44.43343331071029,527451000
2023-08-17,43.25972366333008,43.97632609118521,42.91738827793847,43.884505920253574,452395000
2023-08-18,43.214805603027344,43.49326242209668,41.57899267212394,42.55209527796399,583768000
2023-08-21,46.87568283081055,46.97349186656967,44.13602090022551,44.407491420923556,692573000
2023-08-22,45.579200744628906,48.09330371430153,45.24485304459103,48.04140287567031,755293000
2023-08-23,47.02439880371094,47.10823512648874,45.12010736864763,45.77682903768783,779046000
2023-08-24,47.07129669189453,50.16826400478164,47.067306662299096,50.118361983877634,1156044000
2023-08-25,45.928531646728516,47.71205604609622,44.93646092899701,46.92059855717943,925341000
2023-08-28,46.743934631347656,46.88865315492435,44.800721716075714,46.391620353475034,685192000
2023-08-29,48.689144134521484,48.98556752704201,46.30079556232575,46.57526237156326,701397000
2023-08-30,49.168212890625,49.82992198159772,48.330843509784565,48.94863943193041,735206000
2023-08-31,49.2590446472168,49.647288301131454,48.86281712543133,49.283997565683826,528570000
2023-09-01,48.41468048095703,49.7031706927899,48.0483934780796,49.66524637506185,463830000
2023-09-05,48.453609466552734,48.75602175102256,47.76694740479326,48.129240595849275,382653000
2023-09-06,46.97336196899414,48.4585899209421,46.49325871140174,48.35079314460042,468670000
2023-09-07,46.15489959716797,46.257708449088824,45.067926633125616,45.44023319735737,433330000
2023-09-08,45.487144470214844,46.519219579428515,45.186706235848995,45.856458279277405,473069000
2023-09-11,45.093875885009766,46.077038527672016,44.22948732817348,46.06206706824175,473966000
2023-09-12,44.78644943237305,45.58795561962286,44.44807996157311,44.654695251427476,349256000
2023-09-13,45.40030288696289,45.844473946840324,44.420129217307256,44.516948715229006,398355000
2023-09-14,45.496116638183594,45.90135878527719,45.04695390322263,45.864428938573624,370097000
2023-09-15,43.81825256347656,45.514086250608685,43.7264210191702,45.256567267439614,506831000
2023-09-18,43.884132385253906,44.15961943213608,41.92179358623107,42.668401863830084,500271000
2023-09-19,43.438968658447266,43.88413737856735,42.921931591888146,43.75138559586022,373064000
2023-09-20,42.160343170166016,43.821246018935675,42.14437412203361,43.51880884841662,367108000
2023-09-21,40.940616607666016,42.02160003234205,40.90368675780257,41.50556449339025,450736000
2023-09-22,41.53252029418945,42.0365810200349,41.154224400495224,41.494589042058344,479236000
2023-09-25,42.14337921142578,42.4567936946112,41.1003231092512,41.51355366859355,419091000
2023-09-26,41.83295440673828,42.74026210135053,41.577430601284675,41.92278696484624,402282000
2023-09-27,42.388916015625,42.79216683776979,41.55148148041127,42.25117631483952,444935000
2023-09-28,43.00876235961914,43.36509601724836,42.036577072071424,42.38093203987961,424663000
2023-09-29,43.417999267578125,44.06179864340564,43.22635545841842,43.74538760189782,397830000
2023-10-02,44.6986083984375,45.09087429927052,43.779322054087544,43.94800606273331,433298000
2023-10-03,43.435970306396484,45.04596969701848,43.16547499563003,44.72456684968937,470850000
2023-10-04,43.958988189697266,44.06079943552314,43.21138241263282,43.6605451941074,361821000
2023-10-05,44.60478591918945,44.816392949836604,43.80627636575413,43.967973455641534,393483000
2023-10-06,45.67678451538086,45.70373466330227,43.944017177662325,44.11070601288464,434436000
2023-10-09,45.188690185546875,45.52007265706839,44.285376719881796,44.7584930492937,409675000
2023-10-10,45.71272277832031,46.17286291728584,45.00404573819931,45.22563248789511,368582000
2023-10-11,46.718841552734375,46.77174426177856,45.96424879463127,46.109976834306515,378137000
2023-10-12,46.85758972167969,47.520354838657056,46.243736962758504,46.689903262953685,481325000
2023-10-13,45.37635040283203,47.02827139098628,45.19568766753486,46.87255982126832,474115000
2023-10-16,46.0091667175293,46.13892190023753,44.82836714020883,44.97908693457242,375099000
2023-10-17,43.85618209838867,44.670664500769895,42.40089687991119,43.918066921379186,812333000
2023-10-18,42.11742401123047,43.13852165493323,41.74711648202066,42.51168892025405,627294000
2023-10-19,42.02260208129883,43.21637406069788,41.8040081320723,42.73127901942704,501233000
2023-10-20,41.309932708740234,42.39091619548763,41.00150619051564,41.81199440818419,477266000
2023-10-23,42.89497375488281,43.16746801501632,40.86875508234883,41.15222663549808,478530000
2023-10-24,43.581687927246094,43.61562500762833,42.61150169448096,42.99678065247912,401463000
2023-10-25,41.701202392578125,43.56872058494652,41.477620479123594,43.31718712471628,398379000
2023-10-26,40.25090789794922,42.17731428874224,39.80573926150373,41.775064849583806,541001000
2023-10-27,40.424583435058594,41.1292700454015,39.94048596248548,41.053411354619094,416784000
2023-10-30,41.084354400634766,41.68822738791205,40.405620307517786,41.01049469201982,388028000
2023-10-31,40.70405960083008,40.80287807912132,39.15694672159714,40.37467609597359,517969000
2023-11-01,42.24618148803711,42.3020769589568,40.792891628938285,40.807863086135576,437593000
2023-11-02,43.424983978271484,43.802278424689874,42.814124127350155,43.24731404731201,409172000
2023-11-03,44.92119598388672,45.22462694220357,43.64158173973637,43.93802957100558,424610000
2023-11-06,45.66580581665039,45.849465106470674,44.815391150878824,45.20067395834923,400733000
2023-11-07,45.86943054199219,46.13193749816825,45.073913725971586,45.63386992886557,343165000
2023-11-08,46.48727798461914,46.77973167159943,45.882403587242706,46.014157765591044,346719000
2023-11-09,46.86258316040039,48.14019867190769,46.662954784828734,47.37861883692437,540496000
2023-11-10,48.244998931884766,48.38174487246118,47.19495962235481,47.411554622346145,421245000
2023-11-13,48.52946090698242,49.02453947075824,48.009431181663935,48.23002031531456,384136000
2023-11-14,49.56352615356445,49.7411960735644,48.94867598251322,49.5874835308016,416954000
2023-11-15,48.796966552734375,49.86696898933371,48.11024794590893,49.84201782618033,475497000
2023-11-16,49.38786697387695,49.43278516309001,48.24001057724096,48.58835975878918,339756000
2023-11-17,49.20620346069336,49.62442196935827,48.915744960766254,49.43178055903223,325205000
2023-11-20,50.31513214111328,50.45387324372552,49.08941820057832,49.22017477900762,414120000
2023-11-21,49.85099411010742,50.42292511523791,49.13033850268946,50.032654396209196,565747000
2023-11-22,48.625282287597656,50.24126692176278,47.60119189596065,49.759168450104845,899420000
2023-11-24,47.68703842163086,48.829906801279186,47.656094105123046,48.37974638442562,294645000
2023-11-27,48.15216827392578,48.4396301867081,47.5632667713432,47.71098998988454,395662000
2023-11-28,47.73194885253906,48.233016759843025,47.38459731024166,48.14617697047183,401491000
2023-11-29,48.05036163330078,48.67120510025969,47.770884217997974,48.288918833586436,382005000
2023-11-30,46.68291091918945,48.02041588268528,46.335559349897565,47.934573676190574,526247000
2023-12-01,46.677921295166016,47.11211268040661,46.10099843511436,46.43837031596677,369317000
2023-12-04,45.425254821777344,45.99120035967438,44.926185864436995,45.99120035967438,437543000
2023-12-05,46.483375549316406,46.51731180808335,45.19067140687653,45.385325095795785,371718000
2023-12-06,45.42225646972656,47.302916124514056,45.33141833887503,47.13122044302318,380590000
2023-12-07,46.51332092285156,46.54626331215597,45.52308054469381,45.618910872891085,350823000
2023-12-08,47.42171096801758,47.65629461849747,46.467405912391875,46.51232804934258,359224000
2023-12-11,46.54426956176758,47.446664942684954,45.74868658721169,47.40673880790064,509728000
2023-12-12,47.572444915771484,47.581427820158346,45.96430321028968,45.96430321028968,372387000
2023-12-13,48.0026741027832,48.50777677637629,47.52352626972847,47.544488916025955,447792000
2023-12-14,48.26420593261719,48.58363781796952,47.33785498826681,48.30413587026834,391232000
2023-12-15,48.80324935913086,49.31633726064535,48.034615184125286,48.10848518903452,479948000
2023-12-18,49.9881477355957,50.34351507731144,49.062794375670336,49.31235079913167,412587000
2023-12-19,49.51598358154297,49.61181391094036,48.80824198487287,49.33630266590499,464444000
2023-12-20,48.025634765625,49.91028529819524,48.012657344636494,49.5668939044448,397894000
2023-12-21,48.903076171875,49.007889407965415,48.333086371904265,48.724392927903814,300425000
2023-12-22,48.74335479736328,49.29537111268927,48.380996155276534,49.10770498591239,252507000
2023-12-26,49.19156265258789,49.51199224313979,48.87312841671405,48.88111364335506,244200000
2023-12-27,49.32931900024414,49.59185284551433,48.997907338293054,49.42315398247824,233648000
2023-12-28,49.43413162231445,49.79548883206165,49.324326187941345,49.55491912329638,246587000
2023-12-29,49.43413162231445,49.90829110638661,48.664499712290464,49.72461566156116,389293000
2024-01-02,48.0825309753418,49.20753015338818,47.51054964423797,49.1566219566508,411254000
2024-01-03,47.48460006713867,48.09850675959303,47.23604131164446,47.40074947125083,320896000
2024-01-04,47.91283416748047,48.413942329548256,47.42370194062123,47.68224124777032,306535000
2024-01-05,49.0098876953125,49.459090025386296,48.22029079492016,48.37601604637922,415039000
2024-01-08,52.1602897644043,52.18225389964643,49.39121320158821,49.424155596522276,642510000
2024-01-09,53.045711517333984,54.22861030764682,51.59828353362604,52.30802433098523,773100000
2024-01-10,54.253562927246094,54.50311934146144,53.39409057576156,53.52086794542818,533796000
2024-01-11,54.724727630615234,55.247799966123495,53.46496957614301,54.9014155282273,596759000
2024-01-12,54.6129264831543,54.87246729450568,54.23360346337735,54.523086018906326,352994000
2024-01-16,56.281959533691406,56.73415487746208,54.80259064863885,54.92038130782368,449580000
2024-01-17,55.95354461669922,56.37080221365978,54.642874592370525,56.24702168282456,474394000
2024-01-18,57.005672454833984,57.497797746406825,56.00744677307047,57.15840086229008,491650000
2024-01-19,59.38544845581055,59.394431360297894,57.12346628511491,57.88611068736901,543501000
2024-01-22,59.548160552978516,60.22396136186126,58.96519705770333,59.94246019662586,452955000
2024-01-23,59.76676559448242,59.803698694627826,58.48104894335419,59.464301820428496,294654000
2024-01-24,61.25312423706055,62.73748534909312,59.831651069260054,60.19700279855746,560271000
2024-01-25,61.50767135620117,62.607717226695215,60.742030169454694,62.239368666397,482777000
2024-01-26,60.92271041870117,61.67337885004867,60.465526677085045,60.85183724757184,390309000
2024-01-29,62.354164123535156,62.37811980223714,60.798929932553925,61.12335021592604,348733000
2024-01-30,62.662620544433594,63.38034661468554,62.1495325776363,62.788400246614664,410735000
2024-01-31,61.41783142089844,62.15851544921119,60.59229912426738,61.330983989988475,453795000
2024-02-01,62.91516876220703,63.07887923181449,61.5406131324354,61.98981163068563,369146000
2024-02-02,66.04261016845703,66.48182425910672,63.57698787949549,63.86048434942647,476578000
2024-02-05,69.208984375,69.37369252800232,67.08575942583846,68.10394628020288,680078000
2024-02-06,68.10195922851562,69.63024118166943,66.18237446253364,69.50646063248888,683111000
2024-02-07,69.97462463378906,70.09541214076467,67.48005798042527,68.19778404882926,495575000
2024-02-08,69.51744842529297,70.6684027608578,69.33178139416175,69.94967889761836,414422000
2024-02-09,72.00501251220703,72.05691457870752,70.08741583954979,70.40784541342238,436637000
2024-02-12,72.11981201171875,74.4786183227707,71.1235816589561,72.47118484090161,613710000
2024-02-13,72.00001525878906,73.31966811582932,69.49646981196616,70.27508457037247,602580000
2024-02-14,73.76887512207031,74.1042774694229,71.8103584587589,73.07211558631658,504917000
2024-02-15,72.52908325195312,73.84374789733648,72.27154539670707,73.73794078168315,420122000
2024-02-16,72.48416137695312,74.2699886080868,72.37236058649458,73.9685224984471,495327000
2024-02-20,69.32879638671875,71.82835212481986,67.61384178465087,71.81936540993838,704833000
2024-02-21,67.35228729248047,68.76577530674938,66.13045996080022,67.88533642606332,673755000
2024-02-22,78.39865112304688,78.43558041658676,74.08831180865685,74.8918837924214,865100000
2024-02-23,78.67716217041016,82.24781162101127,77.43237298519631,80.64666119604064,829388000
2024-02-26,78.9516830444336,80.50292689292228,78.36571885591441,79.55859846095663,503973000
2024-02-27,78.56135559082031,79.33898034064636,77.0250924240117,79.24014935736925,391705000
2024-02-28,77.52519989013672,78.7929431019633,76.98815248522881,77.48227691873889,393110000
2024-02-29,78.97162628173828,79.84806674793919,78.21097730890395,78.95366047452625,507289000
2024-03-01,82.13301086425781,82.15397732028299,79.29405523547015,79.85805518730493,479135000
2024-03-04,85.08576202392578,87.53940093463996,83.57045769196934,83.98072393894745,615616000
2024-03-05,85.81550598144531,85.94827947163024,83.2729084960246,85.12270452666515,520639000
2024-03-06,88.5467758178711,89.56900902315816,86.87966241798968,87.86995321567885,582520000
2024-03-07,92.5089111328125,92.60674140930558,89.44720809741612,90.00224735235656,608119000
2024-03-08,87.37677764892578,97.23172342794146,86.35654019119092,94.9736304522142,1142269000
2024-03-11,85.62581634521484,88.64358872381372,84.02059266805003,86.27968352904108,678364000
2024-03-12,91.75421905517578,91.80113493638854,86.0011743538899,87.89689583589372,668075000
2024-03-13,90.73099517822266,91.34592838246506,88.28222971094472,90.89770650975179,635713000
2024-03-14,87.79207611083984,90.48941185201531,86.45039611721776,89.42225831640668,602318000
2024-03-15,87.68527221679688,89.39131979974543,86.10800722766477,86.77984124405515,642086000
2024-03-18,88.30219268798828,92.24536587684682,86.9345566695886,90.23185202169164,668976000
2024-03-19,89.24356842041016,90.38758481674583,84.86314816147532,86.55022352343148,672171000
2024-03-20,90.21589660644531,90.25383297742074,88.07060663291891,89.64188526910227,479063000
2024-03-21,91.27703094482422,92.4879403765992,90.24881163098036,92.14054202127372,480372000
2024-03-22,94.12611389160156,94.61426754269417,90.67708069798141,90.9835495525749,586719000
2024-03-25,94.83788299560547,96.59883562555477,93.34846365413705,93.77871885813295,552136000
2024-03-26,92.4011001586914,96.20851455285562,92.34220396856466,95.68541767838448,513648000
2024-03-27,90.0940933227539,93.0789259717654,88.96904130951937,92.95114873658731,586067000
2024-03-28,90.19991302490234,91.1422825108375,89.03892009399118,89.8445252112995,435212000
2024-04-01,90.20690155029297,92.06568455405531,89.0499070749777,90.14301673764523,452441000
2024-04-02,89.29747772216797,89.93836697964663,87.46864171818919,88.29520668047454,433064000
2024-04-03,88.81031799316406,90.21788597554938,88.24729689318218,88.33115142365672,370067000
2024-04-04,85.756591796875,90.47742601324012,85.73163346290652,90.24981545155312,434965000
2024-04-05,87.85596466064453,88.32814710111496,85.77756069682601,86.71593161708087,399678000
2024-04-08,86.98249053955078,88.67655775700885,86.58218224814274,88.54677744335602,283220000
2024-04-09,85.20653533935547,87.48360044285332,82.87857107978263,87.29093308519522,501700000
2024-04-10,86.8886489868164,87.24902545092569,83.56439945092491,83.78102746556362,431929000
2024-04-11,90.45945739746094,90.58224601063488,86.77583708331596,87.2689793680449,431637000
2024-04-12,88.03365325927734,90.01922323878227,87.37878828439109,89.54403999734934,426805000
2024-04-15,85.85242462158203,90.45645646962656,85.78055040974887,88.94407438415881,443077000
2024-04-16,87.26398468017578,87.96576550123054,85.91532070970885,86.28367890740496,370453000
2024-04-17,83.88983154296875,88.62164096734257,83.80497167986917,88.18738725935935,495400000
2024-04-18,84.52471923828125,86.0410998135889,82.25964198597137,84.82320627802973,447260000
2024-04-19,76.06836700439453,84.17833393456459,75.47539894537725,83.00636595540483,875198000
2024-04-22,79.3806381225586,79.93467971860302,76.26802794241385,77.9690792079323,596341000
2024-04-23,82.28060913085938,82.62601207910251,80.12534225900131,80.62946711947102,438559000
2024-04-24,79.53935241699219,83.93674114541149,79.04620255838257,83.80496541021976,512208000
2024-04-25,82.48926544189453,83.17906608261447,78.08787733468318,78.73175981196158,424641000
2024-04-26,87.58345031738281,88.17842147858853,83.2429613231266,83.67321658546781,551011000
2024-04-29,87.60540008544922,87.83998710672722,85.11869845127212,87.44367738781547,388971000
2024-04-30,86.25274658203125,88.66557118869024,86.15092540038592,87.08929643239856,363709000
2024-05-01,82.89753723144531,85.85142484392729,81.11461964994571,84.93002290842145,559863000
2024-05-02,85.66876220703125,86.0880348767794,83.05627839074917,84.30312143328865,377898000
2024-05-03,88.6356201171875,89.12676696706856,86.88964093377092,87.63734759857738,398341000
2024-05-06,91.98084259033203,92.06070623129062,88.90117233789141,89.2355927661625,376203000
2024-05-07,90.39756774902344,91.62244547206083,88.85723403089521,90.94062670307744,437342000
2024-05-08,90.25580596923828,91.03645266362885,89.26551537048084,89.3284100650337,325721000
2024-05-09,88.59368133544922,90.91466159296331,88.07857394048413,90.37260041699219,378013000
2024-05-10,89.72273254394531,91.24310415488777,89.07285618291228,90.14899684375659,335325000
2024-05-13,90.24282836914062,90.84079255928056,88.3760562473726,90.32168664844454,289680000
2024-05-14,91.19818115234375,91.49266969851776,88.78036057605543,89.44421267221655,296507000
2024-05-15,94.4665298461914,94.69813133508781,91.44076747625896,92.31226052004403,417735000
2024-05-16,94.19599914550781,95.65347613046144,93.94043705092355,94.74604980958085,323952000
2024-05-17,92.31924438476562,94.57634022771545,91.64741042469609,94.20598653059943,359691000
2024-05-20,94.61626434326172,95.03553695656012,93.27858287715311,93.58804490846175,318764000
2024-05-21,95.22122192382812,95.23519767784772,93.01903151729087,93.43730641374981,328946000
2024-05-22,94.78596496582031,95.85411617010452,93.0879071432018,95.29408831779949,548648000
2024-05-23,103.61969757080078,106.1363388077003,101.34462744914427,101.85175314144693,835065000
2024-05-24,106.28507232666016,106.29105867121642,102.82206339543845,104.2685576920773,429494000
2024-05-28,113.7042465209961,114.74045547346739,109.69318953443825,110.0535659980523,652728000
2024-05-29,114.62663269042969,115.29248024146612,110.70941556106891,112.8547051589029,557442000
2024-05-30,110.30911254882812,115.61892428256706,109.47356046717066,114.45194499585061,484553000
2024-05-31,109.44361877441406,112.52229098316289,106.75526997887016,112.3256250740568,613263000
2024-06-03,114.80133819580078,114.80133819580078,111.80951385006522,113.42472260342709,438392000
2024-06-04,116.2358627319336,116.39858317577006,113.84799638822281,115.51611513617264,403324000
2024-06-05,122.22848510742188,122.2374646244509,117.26507420610801,118.16651413530396,528402000
2024-06-06,120.78897094726562,125.37004011083056,118.11559592598994,123.83369734866147,664696000
2024-06-07,120.67916870117188,121.48178065904402,117.81812234412239,119.56309618694148,412386000
2024-06-10,121.5796127319336,122.88734731323206,116.80787124184927,120.16206756268633,313434100
2024-06-11,120.7110366821289,122.66781043299152,118.54460180006694,121.56961447657496,222551200
2024-06-12,124.99398040771484,126.6712162731191,122.36831081363356,122.85750238613136,299595000
2024-06-13,129.39674377441406,129.58643359087407,126.95077798576432,129.177104537848,260704500
2024-06-14,131.66299438476562,132.62140615970972,128.10885485479358,129.7461556011969,309320400
2024-06-17,130.7644805908203,133.5099557271365,129.3667902512595,132.77118307637525,288504400
2024-06-18,135.35691833496094,136.10568428406987,130.474964956118,130.9242214788469,294335100
2024-06-20,130.56480407714844,140.52837801062054,129.30688285479897,139.56996619369176,517768400
2024-06-21,126.36172485351562,130.41504917764772,124.09546355999291,126.91082285827493,649445800
2024-06-24,117.91564178466797,124.2551908621237,117.8457572795687,123.03719724453093,476060900
2024-06-25,125.88251495361328,126.29184395373642,119.1236583558784,121.00056206941291,414192600
2024-06-26,126.19200134277344,127.9091645624237,122.39825146602374,125.92244138152637,362975900
2024-06-27,123.78597259521484,126.2019962793405,122.71773358253314,123.8957921998042,252571700
2024-06-28,123.33672332763672,127.49986001719877,122.54802231076043,124.37501298465715,315516700
2024-07-01,124.09546661376953,124.63457133754859,118.63446631453066,123.26683055595603,284885500
2024-07-02,122.4681396484375,123.20692743216773,120.8308389451457,120.93067286767031,218374000
2024-07-03,128.0689239501953,128.0689239501953,121.16031210370706,121.45982152361671,215749000
2024-07-05,125.62294006347656,128.6379747149119,125.47318537524079,127.17038486367325,214176700
2024-07-08,127.98902893066406,130.55480700867955,126.83094180644568,127.28019823232947,237677300
2024-07-09,131.163818359375,133.59980576329167,128.43829962119838,130.1355144487565,285366600
2024-07-10,134.68801879882812,134.87770860466375,132.20211043348235,133.80946190177127,248978600
2024-07-11,127.19036865234375,135.92596317348227,126.84094609019272,135.52662745493282,374782700
2024-07-12,129.02734375,131.70292655352904,127.01066335258953,128.04894535138322,252680500
2024-07-15,128.22865295410156,131.1737956487568,126.97072416574117,130.3451595951711,208326200
2024-07-16,126.1520767211914,128.82765950066548,124.37500690887067,128.22865593379024,214769500
2024-07-17,117.79583740234375,121.64948612259293,116.52793062400055,121.15030890615485,390086200
2024-07-18,120.89073181152344,122.19858126764932,116.36818755438776,121.64948329559192,320979500
2024-07-19,117.73594665527344,121.39990584738524,117.176870571876,120.15196272062997,217223800
2024-07-22,123.33672332763672,123.86585002604772,119.66277824004172,120.15196984200875,258068900
2024-07-23,122.38826751708984,124.4848179409612,121.89907597271183,122.57795729865761,173911000
2024-07-24,114.06200408935547,119.75262181556741,113.25333936427286,118.9739065074374,327776900
2024-07-25,112.09523010253906,116.43807019163434,106.12507509382444,112.85398157444311,460067000
2024-07-26,112.87395477294922,116.00878722251285,111.3963944118867,115.99880916186419,293399100
2024-07-29,111.40637969970703,116.0886649396649,111.11686358531041,113.50293033164324,248152100
2024-07-30,103.55931091308594,111.80571322284378,102.37126667488353,111.33648541055072,486833300
2024-07-31,116.82743072509766,118.1452582531107,110.6975352036146,112.71421539482289,473174200
2024-08-01,109.03028106689453,119.9622661121472,106.6342290284255,117.33658921457162,523462300
2024-08-02,107.09347534179688,108.54109382170915,101.20319035397925,103.58925680976456,482027500
2024-08-05,100.28470611572266,103.239842127859,90.5407717150732,91.90851250035082,552842400
2024-08-06,104.07845306396484,107.53275860175525,100.38454458708775,103.66912407688663,409012100
2024-08-07,98.74724578857422,108.62097103799087,98.52760658313275,107.6325946135043,411440400
2024-08-08,104.7972640991211,105.32639072006307,97.35951914167633,101.83215026963444,391910000
2024-08-09,104.57763671875,106.42459107060563,103.2598090475883,105.46617163856445,290844200
2024-08-12,108.84061431884766,110.88724428013212,106.08516112777683,106.14505996593543,325559900
2024-08-13,115.94889068603516,116.03874655153282,111.39639661656214,112.25498209343158,312646700
2024-08-14,117.88570404052734,118.40484504167927,113.88230026594151,118.33496052966188,339246400
2024-08-15,122.65782928466797,123.03720123653866,117.27669936691132,118.56457753138926,318086700
2024-08-16,124.375,124.79430704362497,120.98059332504539,121.73934484458584,302589900
2024-08-19,129.7860565185547,129.7860565185547,123.21688352211271,124.07546881304408,318333600
2024-08-20,127.04059600830078,129.66627292631446,125.68283342982758,128.18869746225192,300087400
2024-08-21,128.28854370117188,129.13715105648026,126.45157521398528,127.11048517418402,257883600
2024-08-22,123.536376953125,130.5348437487765,122.89743071735391,129.80604926899383,376189100
2024-08-23,129.15713500976562,129.38676754540884,125.0139693437825,125.6529157045682,323230300
2024-08-26,126.25191497802734,131.04401222890846,124.1653576328901,129.35680584239554,331964700
2024-08-27,128.08889770507812,128.98741074794592,123.67616460225028,124.84424526829238,303134600
2024-08-28,125.40331268310547,128.118838213882,122.43819852070378,127.90917706049713,448101100
2024-08-29,117.39649200439453,124.22524016378769,116.51794286125214,121.1602924143949,453023300
2024-08-30,119.17357635498047,121.54965726206557,117.02711271158417,119.33330911013266,333751600
2024-09-03,107.8222885131836,116.01877823521122,107.1134577156826,115.8191103772934,477155100
2024-09-04,106.03522491455078,113.0836048738263,103.94866777615402,105.2365459269591,372470300
2024-09-05,107.03358459472656,109.46957200218677,104.58761912643209,104.8172363950656,306850700
2024-09-06,102.6607894897461,107.97203483673319,100.78387825686288,107.86221523834789,413638100
2024-09-09,106.2947998046875,106.37466998895037,103.5193756446925,104.7074122640328,273912000
2024-09-10,107.92211151123047,109.21997530676359,104.77729355808466,107.63258781478571,268283700
2024-09-11,116.71762084960938,116.99715887318843,107.24323176128858,109.20999122026392,441422400
2024-09-12,118.95413208007812,120.60155948017247,115.19999582839206,116.6577172050991,366052700
2024-09-13,118.9141845703125,119.77284345041441,117.41652479583126,118.8942191250157,238358300
2024-09-16,116.59781646728516,117.99563392468083,114.18159360974668,116.60780299971084,248772300
2024-09-17,115.40966033935547,118.61465900940927,114.65085152654682,117.98563701926243,231925900
2024-09-18,113.19313049316406,117.51636932909096,113.04336298957726,115.70919560695407,310318900
2024-09-19,117.68611907958984,119.47332749554481,117.06708357128667,117.16692604230532,293506400
2024-09-20,115.81903076171875,118.43494609535816,115.2099818009,116.87737463970251,382462400
2024-09-23,116.07861328125,116.80747006945717,114.68079603774753,116.36816173734981,206228500
2024-09-24,120.68143463134766,121.60998405209612,115.19999404233639,116.33821493002908,354966800
2024-09-25,123.31731414794922,124.74508350925583,121.42027681497308,121.82963321276459,284692900
2024-09-26,123.84648895263672,127.47082313052574,121.609985658202,126.6021852727835,302582900
2024-09-27,121.21060180664062,123.83649592385486,119.07394109309165,123.77659196922,271009200
2024-09-30,121.25054931640625,121.31045327548797,117.96568098439478,118.1254274144435,226553700
2024-10-01,116.81747436523438,122.2489901408394,115.60936293760753,121.5800295838127,302094500
2024-10-02,118.66458129882812,119.19375323018366,114.96037016184738,116.25834508658102,221845900
2024-10-03,122.65834045410156,124.16598683922703,120.15225416683853,120.73135113827638,277118000
2024-10-04,124.72511291503906,124.84492844767553,121.63993722019764,124.7450859792245,243678100
2024-10-07,127.52073669433594,130.43617917860723,124.75505409102715,124.7949925984476,346250200
2024-10-08,132.68267822265625,133.27175410957346,129.2180905372518,130.0567764001493,285722500
2024-10-09,132.4430694580078,134.31016275245554,131.17506153574655,133.90079866653508,246191600
2024-10-10,134.59967041015625,134.78937641455914,130.79561711338704,131.70420101079952,242311300
2024-10-11,134.58970642089844,135.5681732923908,133.4514855032485,133.80093033986074,170209500
2024-10-14,137.8546142578125,139.38222619629536,136.08737124143596,136.25710420849128,232347700
2024-10-15,131.3946990966797,138.3538265330219,128.5391603262797,137.654906403531,377831000
2024-10-16,135.50827026367188,136.40686011825153,131.37472950963348,133.77097927850218,264879700
2024-10-17,136.71636962890625,140.6701983777905,136.65646567187503,139.12261346955344,306435900
2024-10-18,137.7847137451172,138.6833036103306,137.06583575895257,138.45366668655112,176090200
2024-10-21,143.48580932617188,143.48580932617188,137.78471061125512,137.91451267760561,264554500
2024-10-22,143.365966796875,144.19467365659466,141.55879320187643,142.6870350476968,226311600
2024-10-23,139.34230041503906,142.2078186781856,137.24558530846375,141.80844872502473,285930000
2024-10-24,140.1909637451172,141.1294997806309,138.24400879643727,140.6003278006047,172354900
2024-10-25,141.31918334960938,143.90515439009727,140.5803475394567,140.71013437273555,205122100
2024-10-28,140.30076599121094,142.91667341121004,139.83149806296922,142.77689244758375,173586700
2024-10-29,141.02964782714844,142.03806672701694,138.6833077693045,140.0711387385227,157593600
2024-10-30,139.1226043701172,140.1110653014331,136.59655278062618,139.32228929215535,179418100
2024-10-31,132.55287170410156,137.39531116933003,131.90389188236236,137.38533225522045,270039600
2024-11-01,135.18875122070312,137.09577501351765,134.36005954202903,134.48984636430032,207127800
2024-11-04,135.83773803710938,138.7432015157854,135.3584911981984,136.99593186321135,187528200
2024-11-05,139.6917266845703,140.151000495864,137.11574997671616,137.23555788662173,160537400
2024-11-06,145.38282775878906,146.26145970555473,141.73852838547052,142.73696823952852,242043900
2024-11-07,148.64776611328125,148.69767593000637,145.94198675435769,146.1616447939007,207323300
2024-11-08,147.39967346191406,149.53633403774526,146.03180056765603,148.5378942315628,175665800
2024-11-11,145.03338623046875,148.61779734270107,143.3460354590936,148.44804913905642,182325600
2024-11-12,148.05865478515625,149.4165337385062,145.7822128979203,146.55101593198214,198634700
2024-11-13,146.04180908203125,149.09703275189045,145.6723759576151,148.83744386134128,191903300
2024-11-14,146.53102111816406,148.76753177848803,145.32291747893564,147.40965302668107,194463300
2024-11-15,141.7584991455078,145.0134231170618,139.86146934373124,144.64398997756967,250132900
2024-11-18,139.93133544921875,141.32916034590224,136.93601597273187,139.28235565663965,221205300
2024-11-19,146.7806396484375,146.90046279249913,140.77004260660007,141.09952959154865,227834900
2024-11-20,145.66241455078125,147.3298075633363,142.5073404172706,147.1800476536701,309871700
2024-11-21,146.44117736816406,152.65147472524168,140.4804899844899,149.11700420524105,400946600
2024-11-22,141.72854614257812,146.93042492260167,140.8798813363258,145.70233282975542,236406200
2024-11-25,135.80780029296875,141.82839170792872,135.60811535874635,141.76848775116036,344941900
2024-11-26,136.70639038085938,139.08268223719327,135.45834049580736,137.4851722903331,190287700
2024-11-27,135.12887573242188,137.00594794359344,131.59440457977618,134.79938868035538,226370900
2024-11-29,138.0343017578125,139.13259162709357,135.83773725423254,136.5665940393106,141863200
2024-12-02,138.4137420654297,140.2308949431091,137.6050081030844,138.61342701841852,171682800
2024-12-03,140.04116821289062,140.3207301527637,137.7347745914462,138.04428850809262,164414000
2024-12-04,144.91354370117188,145.56252344018102,140.07110485324333,141.77844351730124,231224300
2024-12-05,144.8436737060547,146.32146235801875,143.73532840807314,144.89360218968224,172621200
2024-12-06,142.2275848388672,145.4827177885172,141.09926510716357,144.38436733563313,188505600
2024-12-09,138.6029815673828,139.74128080496888,136.92549436926976,138.76274660606958,189308600
2024-12-10,134.8685760498047,141.60850970621567,133.5904709096604,138.80268748950093,210020900
2024-12-11,139.10223388671875,139.9609519122756,135.00835767243856,137.15514511831444,184905200
2024-12-12,137.1351776123047,138.23354324797214,135.59748095840345,136.8755708420711,159211400
2024-12-13,134.0498046875,139.3918327936691,132.34234795745746,138.73281333743972,231514900
2024-12-16,131.80313110351562,134.19954557462145,130.2254857362255,133.9798724705664,237951100
2024-12-17,130.19554138183594,131.39374870651014,126.67080709010266,128.89747709842524,259410300
2024-12-18,128.71774291992188,136.49611794642954,128.08867764771298,133.66035727519176,277444500
2024-12-19,130.485107421875,133.8301176053825,129.3568029702355,131.56349862817564,209719200
2024-12-20,134.49911499023438,135.07825184796977,128.02878306565836,129.61640819653473,306528600
2024-12-23,139.46170043945312,139.58151660116854,134.91848306333998,136.0767567466981,176053500
2024-12-24,140.01089477539062,141.6883821217358,138.44322876231024,139.79122163679293,105157000
2024-12-26,139.7213134765625,140.63995487774488,137.52459740894255,139.49166074428362,116205600
2024-12-27,136.8056640625,138.81267619141968,134.50910636621433,138.34337590905767,170582600
2024-12-30,137.2849578857422,140.06081067569033,133.82013169900247,134.628921256616,167734700
2024-12-31,134.08973693847656,137.8641141320975,133.63043143330796,137.82416524884428,155659200
2025-01-02,138.10372924804688,138.6728864930968,134.42922472124587,135.79717669922962,198247200
2025-01-03,144.25454711914062,144.6838985290199,139.52161059265686,139.8011917981673,229322500
2025-01-06,149.20716857910156,151.93310868099036,147.5995839740372,148.3684248105369,265377400
2025-01-07,139.93099975585938,152.9016324332477,139.80118875754107,152.80177547515166,351782200
2025-01-08,139.9010772705078,143.73534764411033,137.35487662508692,142.36739537864082,227349900
2025-01-10,135.7073211669922,139.71133557177419,134.0198390250661,137.24501786219508,207602500
2025-01-13,133.0312957763672,133.29091776199226,129.31684258602223,129.79613768131526,204808900
2025-01-14,131.56350708007812,136.1766278538369,129.85606565410438,135.84711813885167,195590500
2025-01-15,136.03683471679688,136.2465130176968,131.09420431967888,133.45068552943664,185217300
2025-01-16,133.37081909179688,138.5430870275282,133.2909365646461,138.43325045720013,209235600
2025-01-17,137.504638671875,138.29345383465838,135.25799411499426,136.4861555399997,201188800
2025-01-21,140.61997985839844,141.6184885428412,136.88555189361048,138.95247218370304,197749000
2025-01-22,146.85069274902344,147.56960504936464,143.45575377479585,144.4442829463215,237651400
2025-01-23,147.00045776367188,147.0104373660888,143.50567717742842,144.83369562852502,155915500
2025-01-24,142.4073028564453,148.74783905952535,141.66841618539428,148.14872775799392,234657600
2025-01-27,118.24340057373047,128.20851331467108,116.52596435964819,124.61389107098998,818830900
2025-01-28,128.79763793945312,128.8076175411123,116.0766320864675,121.62833781559046,579666400
2025-01-29,123.51553344726562,126.70077890376498,119.87098248262683,126.31136108771855,467120600
2025-01-30,124.464111328125,124.81358785050304,117.92387627755191,122.91641979157204,392925500
2025-01-31,119.89093780517578,127.6593341751579,119.01225290264883,123.59540412169352,388161100
2025-02-03,116.48602294921875,118.39317051235568,112.84146484737198,114.57886776806536,371235700
2025-02-04,118.47305297851562,121.01924546805154,116.52595653802958,116.78557092036435,256550000
2025-02-05,124.64384460449219,124.8135892575584,120.57991444298676,121.57842315704723,262230800
2025-02-06,128.4880828857422,128.57796024161053,125.02326434711814,127.22996749994309,251483600
2025-02-07,129.6463623046875,130.17557068191934,124.8135839892709,129.02729180363133,228186300
2025-02-10,133.37081909179688,134.79867927002743,129.76620194780145,129.89599772289156,216989100
2025-02-11,132.60195922851562,134.27944654160947,130.82461495038982,132.38228609427233,178902400
2025-02-12,130.94442749023438,132.04279313100764,128.88750205027108,129.8261026458349,160278600
2025-02-13,135.08824157714844,136.29644386397356,130.9743904181038,131.36380821970238,197430000
2025-02-14,138.6429443359375,139.04234173663804,135.29793396994222,136.2764682668825,195479600
2025-02-18,139.19210815429688,143.226091877041,137.72429913092634,141.05932980350207,219176600
2025-02-19,139.02236938476562,141.14919790373787,137.01537227663152,139.30195061666387,167536000
2025-02-20,139.9010772705078,140.45026019183956,136.58602053522247,139.82119473321993,143903600
2025-02-21,134.22952270507812,141.24905316966826,133.83012530319377,139.83115735009994,228217600
2025-02-24,130.08570861816406,138.383313247837,129.88600993089565,136.35634186179794,251381100
2025-02-25,126.44114685058594,130.0058224050398,124.25441810041912,129.78614928447132,271428700
2025-02-26,131.084228515625,133.53057192522448,128.29839578499454,129.79615892181477,322553800
2025-02-27,119.97081756591797,134.8086493121392,119.83102696232622,134.7986697104659,443175800
2025-02-28,124.73371124267578,124.90345590188022,116.22642004317107,117.8439993429124,389091100
2025-03-03,113.88990020751953,123.51552349340123,112.11255593535711,123.32581202011416,411381400
2025-03-04,115.81702423095703,119.13207287466713,109.9457957033308,110.48499132597254,398163300
2025-03-05,117.12507629394531,118.10361057672029,114.3392360416895,117.40465751759531,284337900
2025-03-06,110.40511322021484,115.17798387118098,110.05563667803439,113.36069823382532,321181900
2025-03-07,112.5219497680664,113.31077256873955,107.39959517379882,111.08409477767312,341755500
2025-03-10,106.8204574584961,111.6831896506324,105.30272006245755,109.73610085349598,366487400
2025-03-11,108.5978012084961,112.0726069900584,104.61374627233778,106.83043665954975,354865700
2025-03-12,115.57803344726562,116.59661034457649,112.72203506897391,113.96030532134075,323857500
2025-03-13,115.41825103759766,117.59520049683546,113.63075517539951,116.86621875800482,299033100
2025-03-14,121.49972534179688,121.70943054003341,117.98465480860956,118.44401014075397,277593500
2025-03-17,119.36271667480469,122.71801496792263,117.86481592318836,122.56822336901756,255501500
2025-03-18,115.26846313476562,118.85343549406599,114.37970924440411,117.83486627342975,299686900
2025-03-19,117.35553741455078,120.28143743378797,115.51811599486,117.10588726826337,273426200
2025-03-20,118.36412048339844,120.03178155242583,116.30700581426807,116.3868956857552,248829700
2025-03-21,117.5352783203125,117.82487338576216,115.25847035053427,116.77634740953133,266498500
2025-03-24,121.24009704589844,122.04896105750126,119.17298658297102,119.71223179694545,228452500
2025-03-25,120.5210952758789,121.12025404464302,118.75356814650013,120.38129181712452,167447200
2025-03-26,113.60079956054688,118.6736845133834,112.55226594608844,118.5638454632065,293463300
2025-03-27,111.27405548095703,114.28982567832341,110.50513643809545,111.19416561141583,236902100
2025-03-28,109.51652526855469,112.71205173921601,108.91736643615505,111.33397804410711,229872500
2025-03-31,108.22832489013672,110.80471613819729,103.50494855407659,104.98287310192077,299212700
2025-04-01,109.99585723876953,110.04578269736857,106.32100673854832,108.36813339033893,222614000
2025-04-02,110.26546478271484,111.82328673498283,106.64054773013802,107.1398479774266,220601200
2025-04-03,101.65754699707031,105.48218161280622,101.45782230020173,103.36515315702636,338769400
2025-04-04,94.17802429199219,99.9898797349743,91.9811059228115,98.77159334909085,532273800
2025-04-07,97.50334930419922,101.60759784636036,86.4987754744505,87.33759621246332,611041300
2025-04-08,96.16523742675781,105.70186824827938,94.3278084260022,103.66472218207363,476243400
2025-04-09,114.17000579833984,114.9389248904037,97.39351305704149,98.75161045127601,612918300
2025-04-10,107.4194564819336,110.70485307181585,99.01124202201945,109.21694044618194,437812400
2025-04-11,110.77476501464844,111.39390013023589,107.32959598741144,108.34816524857224,313417300
2025-04-14,110.55506896972656,114.13006086401796,108.91736463288024,113.95031245540225,264705000
2025-04-15,112.04297637939453,113.46099492172469,110.3453585264742,110.81470199440513,228966900
2025-04-16,104.3437728881836,106.64055727885454,100.30942561460589,104.40369410395131,397016900
2025-04-17,101.34796142578125,104.3237942331935,99.90998190333623,104.30381795694564,292517500
2025-04-21,96.77438354492188,99.3008417327631,94.90699776234818,98.63177356997639,288501100
2025-04-22,98.75160217285156,99.67031279819463,97.14385476914264,98.6417555090913,241004800
2025-04-23,102.5662612915039,104.6533403969428,101.87722447592722,104.37372584399631,247526000
2025-04-24,106.28105163574219,106.39089830035945,102.96569827687256,103.33518320501399,220815000
2025-04-25,110.85464477539062,111.76336727797938,105.58203530029881,106.70046299579266,251064700
2025-04-28,108.57784271240234,110.21554702841466,105.8716284785824,109.53649833991803,207708500
2025-04-29,108.867431640625,110.04578062718967,107.2896485179105,107.51932238432487,170444300
2025-04-30,108.76756286621094,108.76756286621094,103.93434018163836,104.32379376082015,235044600
2025-05-01,111.45380401611328,114.7791455573913,111.14424029465428,112.92174799120272,236121500
2025-05-02,114.33976745605469,115.23850951002053,113.21135153306962,114.02021557227994,190194800
2025-05-05,113.66072082519531,114.50952981770942,112.50234808238875,112.75199823422925,133163200
2025-05-06,113.38111114501953,114.57942879752297,110.66491633937942,111.32399638135878,158525600
2025-05-07,116.89617919921875,117.51531428959993,112.12286973799952,112.89179643623137,206758800
2025-05-08,117.20574951171875,118.51391379663416,115.68787240644632,118.08451525459601,198428100
2025-05-09,116.48675537109375,118.06454606438504,115.04876814493281,117.18577270674557,132972200
2025-05-12,122.82786560058594,122.82786560058594,120.11167093091153,121.79930827024249,225023300
2025-05-13,129.7481689453125,131.03637225526788,124.29581818961599,124.8051066300396,330430100
2025-05-14,135.15061950683594,135.25048567508128,131.49573716816334,133.01361454835225,281180800
2025-05-15,134.64129638671875,136.10924022234616,132.47433530494334,134.10204362723803,226632600
2025-05-16,135.21051025390625,136.15919297953724,133.27323795943153,136.02937003025397,226542500
2025-05-19,135.3802947998047,135.6798627990254,132.20473687113784,132.20473687113784,193154600
2025-05-20,134.1919403076172,134.39165736048994,132.4343936724944,134.10205468200522,161514200
2025-05-21,131.61557006835938,137.20772462329396,130.4072565649854,132.87380141479636,270608700
2025-05-22,132.64410400390625,134.0621148614722,131.3658966044825,132.0449376190489,187344000
2025-05-23,131.1062469482422,132.49430097030302,128.97923834191374,129.8180590665907,198821300
2025-05-27,135.31036376953125,135.47014350181522,133.1234263008756,133.96224703921547,192953600
2025-05-28,134.621337890625,137.05792567392893,134.60136161311598,135.83963178227697,304021100
2025-05-29,138.99520874023438,143.28919402135628,137.71700129433316,142.0509238917618,369241900
2025-05-30,134.94090270996094,139.42460961066672,132.73398869983464,138.5258751739265,333170900
2025-06-02,137.187744140625,137.9266987725352,135.21050414256473,135.30038976970178,197663100
2025-06-03,141.02236938476562,141.801276586457,137.75694135463795,138.5857816307834,225578800
2025-06-04,141.7213897705078,142.19073325311263,139.34471555965237,141.99101618842522,167120800
2025-06-05,139.79409790039062,143.79848066110154,138.63571759363617,141.97103980754113,231397900
2025-06-06,141.5216827392578,143.0695167658335,141.3119699021351,142.31057053380505,153986200
2025-06-09,142.43040466308594,144.7970831461155,141.74136782943543,142.98961854621228,185114500
2025-06-10,143.758544921875,144.088069701399,141.33193761060437,142.49031793007975,155881900
2025-06-11,142.64002990722656,144.79716064315863,141.6813000562032,144.4176611881815,167694000
2025-06-12,144.80714416503906,144.80714416503906,141.66133988719625,141.78117540604916,162365000
2025-06-13,141.7811737060547,143.3890329315276,140.6626682408541,142.29048989356696,180820600
2025-06-16,144.49754333496094,145.98555166191812,143.00951976951112,143.159329390418,183133700
2025-06-17,143.9282989501953,145.02684191909495,143.58875484653294,144.29781716982143,139108000
2025-06-18,145.2864990234375,145.45627108510786,142.9296373487004,143.81845298832403,161494100
2025-06-20,143.65866088867188,146.00552584195606,142.46024490398213,145.2565234707711,242956200
2025-06-23,143.97824096679688,144.58743022935184,141.84108794116847,142.31046402404658,154308900
2025-06-24,147.70326232910156,147.76319531946535,145.3064608232896,145.36637857516104,187566100
2025-06-25,154.10475158691406,154.24456476496755,149.06146548674553,149.0714619384952,269146500
2025-06-26,154.81381225585938,156.51154803915952,153.79516469048193,155.77252682686714,198145700
2025-06-27,157.54017639160156,158.4989061985097,155.05348286000648,155.83244416127852,263234500
2025-06-30,157.77984619140625,158.4489531245615,155.7525477292889,158.18928922556665,194580300
2025-07-01,153.09608459472656,156.99089075003695,151.288494680634,156.0820975676339,213143600
2025-07-02,157.0408477783203,157.3903883520798,152.76654166200262,152.77652287552658,171224100
2025-07-03,159.12803649902344,160.76585430203724,157.56013289394807,158.15932560910457,143716100
2025-07-07,158.02951049804688,159.09807923203843,157.13069855849747,157.98955517353815,140139000
2025-07-08,159.7871856689453,160.0068942683196,158.1793265036118,159.11807865757584,138133000
2025-07-09,162.66334533691406,164.2012901564699,160.9456320255445,161.0055497766517,183656400
2025-07-10,163.88172912597656,164.28119097215313,161.3950357038234,164.10143771292147,167704100
2025-07-11,164.7006378173828,167.66668863474402,163.25256951238498,163.50223698698784,193633300
2025-07-14,163.85177612304688,165.2698855378492,161.80449980139463,165.15003478890583,136975800
2025-07-15,170.4729461669922,172.17068192225182,168.97494134085255,170.96229989605533,230627400
2025-07-16,171.14207458496094,171.52157406474134,168.6753584433782,170.83248932029585,158831500
2025-07-17,172.7698974609375,173.92835823409905,170.60278554683865,171.79120519874627,160841100
2025-07-18,172.18067932128906,174.01822826089457,171.03219980516573,173.40903901870553,146456400
2025-07-21,171.1520538330078,173.1493936504508,170.77255439137573,172.52022673163836,123126100
2025-07-22,166.80783081054688,171.1620321483939,164.3610926233022,171.1120956061046,193114300
2025-07-23,170.5528564453125,171.03221376466186,167.7465962646817,169.30451898143798,154082200
2025-07-24,173.5089111328125,173.59878776513457,171.07215417768242,172.21063723590794,128984600
2025-07-25,173.26922607421875,174.4876045602178,172.72995103806022,173.37908037175941,122316800
2025-07-28,176.51490783691406,176.7645753161742,173.73860668662087,173.78854323017163,140023500
2025-07-29,175.2765350341797,179.14139760883538,174.7871965738649,177.72328828972238,154077500
2025-07-30,179.03155517578125,179.65072563032518,175.80584046425426,176.27521653092245,174312200
2025-07-31,177.6334228515625,183.0562087176856,175.69600066981488,182.6567315862202,221685400
2025-08-01,173.4889373779297,176.3051785902702,170.66269971388826,173.85844036702034,204529000
2025-08-04,179.7605743408203,179.96030526461158,174.28786778877773,174.9270158880054,148174600
2025-08-05,178.0228729248047,180.0202125232638,175.66601158908324,179.38106446129657,156407600
2025-08-06,179.1813507080078,179.66070799076476,176.01556896990587,176.09546439011424,137192300
2025-08-07,180.52957153320312,183.6354356942093,178.5621905082108,181.32851054269395,151878400
2025-08-08,182.4569854736328,183.05619350177665,180.16004168373897,181.30852119793246,123396700
2025-08-11,181.81784057617188,183.59547178906817,180.01025048518693,181.80785936297346,138323200
2025-08-12,182.9163818359375,184.234618174838,179.22130626788388,182.7166509044063,145485700
2025-08-13,181.3484649658203,183.72530422356274,179.11145412417423,182.37709375214726,179871700
2025-08-14,181.77789306640625,182.7765629312542,179.22130065055427,179.51090820642335,129554000
2025-08-15,180.20997619628906,181.658044469753,177.8031781362909,181.6380820439347,156602200
2025-08-18,181.7678985595703,182.69666946783065,180.3497891649352,180.359785616326,132008000
2025-08-19,175.40638732910156,182.25726371442747,175.25659293377495,182.1873495042791,185229200
2025-08-20,175.1667022705078,175.76591033294957,168.57548977611862,174.93701244991922,215142700
2025-08-21,174.7472381591797,176.66468235557974,173.57879631630271,174.61742144674352,140040900
2025-08-22,177.7532501220703,178.35244288234992,170.97227338198675,172.38040151215634,172789400
2025-08-25,179.57083129882812,181.6680441727565,176.33515059315872,178.11278178635797,163012800
2025-08-26,181.52822875976562,182.14739921043056,178.57215920342722,179.82049655621498,168688200
2025-08-27,181.35845947265625,182.24727507184866,178.86178472902657,181.7379436715125,235518900
2025-08-28,179.9303436279297,184.22462699678687,176.17535050737845,180.5794881684096,281787800
2025-08-29,173.94830322265625,177.91302365652732,172.91967451951007,177.87308356836775,243257900
2025-09-02,170.5528564453125,172.15073449446965,166.997593786357,169.77389508693435,231164900
2025-09-03,170.39305114746094,172.18067877773825,168.6553752976972,170.83246833565184,164424900
2025-09-04,171.43167114257812,171.6314020660847,169.1846639665207,170.34312465674856,141670100
2025-09-05,166.7978515625,168.80517258283567,163.8517783946414,167.8065026792569,224441400
2025-09-08,168.0861358642578,170.73262035939155,167.12742125141602,167.32715219255022,163769100
2025-09-09,170.53286743164062,170.75257602974241,166.51822538667548,168.86509051949957,157548400
2025-09-10,177.09414672851562,179.05153132643002,175.23661998400823,176.40506201448144,226852000
2025-09-11,176.94430541992188,180.05034427267074,176.2551819566126,179.45110250300584,151159300
2025-09-12,177.593505859375,178.37251110105626,176.22524055900428,177.5435664999128,124911000
2025-09-15,177.52357482910156,178.62217970015598,174.28769658655634,175.44622258887705,147061600
2025-09-16,174.65724182128906,177.27389957504343,174.15787872389456,176.77453647764895,140737800
2025-09-17,170.0730743408203,172.97937117956877,168.1954794867923,172.42008695754546,211843800
2025-09-18,176.01551818847656,176.87442336525442,172.73969733735942,173.7583871307785,191763300
2025-09-19,176.4449462890625,177.8531538116004,174.95683884616588,175.54609885389235,237182100
2025-09-22,183.37612915039062,184.31493427279133,174.48747153493287,175.07671637070237,269637000
2025-09-23,178.2027130126953,182.18763613663097,175.9855548133895,181.73821238324945,192559600
2025-09-24,176.74456787109375,179.5509859124944,175.17656050171237,179.54100413716742,143564100
2025-09-25,177.46365356445312,180.0303718676576,172.90946471941734,174.25773588995062,191586700
2025-09-26,177.96302795410156,179.54101721374016,174.70717071687335,177.94304916264082,148573700
2025-09-29,181.6183624267578,183.76561762390497,180.09031258631592,180.2001578366391,193063500
2025-09-30,186.3423309326172,187.11135435179565,181.2488213615314,181.848063160254,236981000
2025-10-01,187.0015106201172,187.9003581593927,183.665753326035,185.00405809785752,173844900
2025-10-02,188.64939880371094,190.80665113886596,187.82045419605362,189.35850113919957,136805800
2025-10-03,187.38099670410156,190.11751186051177,185.1438598655547,188.94900408551683,137596900
2025-10-06,185.3036651611328,186.99151499327596,183.09648864167906,185.26372281570642,157678100
2025-10-07,184.80429077148438,188.8191743935438,183.76562222076905,185.99277739696944,140088000
2025-10-08,188.86911010742188,189.35849142592937,186.30237648821537,186.33235229407293,130168900
2025-10-09,192.32470703125,195.05122522476873,190.816620752273,191.9851285494953,182997200
2025-10-10,182.92669677734375,195.37081685366852,181.81811007166195,193.26350393527704,268774400
2025-10-13,188.08013916015625,189.86785248459339,185.72314454487463,187.73057886865314,153482800
2025-10-14,179.80067443847656,184.56460262310264,179.47109296765566,184.5346420566055,205641400
2025-10-15,179.60093688964844,184.63451030281777,177.06416377208902,184.56460739230218,214450500
2025-10-16,181.57839965820312,183.04652832403656,179.5410050089342,181.99786281424815,179723300
2025-10-17,182.9866180419922,183.86550198639478,179.52103686227596,179.9504818191574,173135200
2025-10-20,182.4073486328125,184.96408521149223,181.4985041529273,182.89672994644732,128544700
2025-10-21,180.9292449951172,182.55715836486127,179.5709767314294,182.55715836486127,124240200
2025-10-22,180.05035400390625,183.20633238125785,176.53483359319367,180.9092591258601,162249600
2025-10-23,181.92796325683594,182.7968501503985,179.5609718650331,180.19017423035882,111363700
2025-10-24,186.02273559570312,187.23120099697576,183.26625678365264,183.6058200325102,131296700
2025-10-27,191.24609375,191.75543864774096,188.18997864549505,189.74800438556454,153452700
2025-10-28,200.77392578125,202.8912204382634,191.66554775855593,192.8040950113927,297986200
2025-10-29,206.77627563476562,211.9197249544373,204.51915980095313,207.715080745974,308829600
2025-10-30,202.63156127929688,205.89740027142088,201.1534507471854,204.88867704045037,178864400
2025-10-31,202.23207092285156,207.70508615602077,201.81260775338424,206.18701808603035,179802200
2025-11-03,206.61648559570312,211.07079600988305,205.2981596683369,207.8149540137207,180267300
2025-11-04,198.43690490722656,203.71017785907821,197.67786326579136,202.7414122562426,188919300
2025-11-05,194.9613494873047,202.66152000582164,194.40205001057666,198.51681234435117,171350300
2025-11-06,187.84043884277344,197.3682807609907,186.14260723026618,196.16981228388872,223029800
2025-11-07,187.91030883789062,188.08010568481336,178.682089465448,184.66444902638756,264942300
2025-11-10,198.7964630126953,199.68532876518447,193.5431531870904,194.8614791513322,198897100
2025-11-11,192.91395568847656,195.17107140540628,191.05632435423007,194.91140808059743,176483300
2025-11-12,193.55313110351562,195.64046510157328,190.8865341091802,195.47068348463264,154935300
2025-11-13,186.62197875976562,191.1961465947379,183.61581837719615,190.8066439854392,207423100
2025-11-14,189.92774963378906,190.76667594021126,180.34996953708986,182.62706393415107,186591900
2025-11-17,186.36231994628906,188.75925679396335,184.08522536919267,185.73311754704963,173628900
2025-11-18,181.1289825439453,184.5646030780414,179.42115405263684,183.14641371605563,213598900
2025-11-19,186.28240966796875,187.62069907956393,182.5971076589588,184.5546024199349,247246400
2025-11-20,180.40989685058594,195.7503316108911,179.62090987236718,195.70039225393623,343504800
2025-11-21,178.6521453857422,184.32490281868388,172.70971237567008,181.00913979899244,346926200
2025-11-24,182.31747436523438,183.26626122561635,176.25519889972114,179.2613745727385,256618300
2025-11-25,177.593505859375,177.9330691207534,169.3340356551,174.68720886729724,320600300
2025-11-26,180.03036499023438,182.67699835309762,178.01294919921247,181.39863013804072,183852000
2025-11-28,176.7745361328125,179.0616124091028,176.27517303639212,178.7819702942556,121332800
2025-12-01,179.69081115722656,180.07033197943204,173.45875435362808,174.5373804488289,188131000
2025-12-02,181.22886657714844,185.4235136530611,179.7707195907086,181.52847225165078,182632200
2025-12-03,179.3612518310547,182.21760964702736,178.88186747602086,180.84935949817796,165138000
2025-12-04,183.15660095214844,184.29521152983364,179.7407692190929,181.39873533031871,167364900
2025-12-05,182.1877899169922,184.43504894381925,180.6896172324408,183.66598269849337,143971100
2025-12-08,185.323974609375,187.7709870845105,182.17780264974235,182.41751577930148,204378100
2025-12-09,184.7446746826172,185.4937610485011,183.09669077375298,185.33395229946427,144719700
2025-12-10,183.55612182617188,185.2540478736652,181.8182359713298,184.74467463147755,162785400
2025-12-11,180.70957946777344,181.09911899111663,176.40483245042134,180.060377409269,182136600
2025-12-12,174.80679321289062,182.59729422559735,174.40727135263347,180.88937065842447,204274900
2025-12-15,176.07522583007812,178.20263580820242,174.81676632707214,177.72322484137152,164775600
2025-12-16,177.5034942626953,178.27256047932946,174.686922405521,176.04526619844617,148588100
2025-12-17,170.73175048828125,175.91543007880585,170.10251312474713,175.88546784627562,222775500
2025-12-18,173.9278564453125,175.93540231223645,171.6106906687844,174.3173807251694,176096000
2025-12-19,180.76953125,181.22896236326454,176.12518653595592,176.4547863729682,324925900
2025-12-22,183.4662322998047,183.935660967629,182.1278683380167,183.6959478478248,129064400
2025-12-23,188.97952270507812,189.09937165158402,182.67719635774475,182.74711840334103,174873600
2025-12-24,188.38023376464844,188.67987134928,186.36269028434322,187.71105179508496,65528500
2025-12-26,190.2978973388672,192.45526970950266,187.7709805748158,189.68863982420257,139740300
2025-12-29,187.99070739746094,188.53004285167208,185.68352392965699,187.4813341773615,120006100
2025-12-30,187.31153869628906,188.75978454971104,186.70228116711607,188.01069817319677,97687300
2025-12-31,186.27279663085938,190.32784810299728,186.26281429981768,189.33906392286715,120100500
2026-01-02,188.6199493408203,192.69496568024334,188.03065649528438,189.60873357074172,148240500
2026-01-05,187.89083862304688,193.39413642527967,185.9232371396652,191.52640398377517,183529700
2026-01-06,187.0119171142578,191.935904267691,186.5924305704924,190.2879203285983,176862600
2026-01-07,188.87962341308594,191.13686475404677,186.3327268208183,188.34028795646717,153543200
2026-01-08,184.8145751953125,189.31909080925226,183.4862088297309,188.87962438445808,172457000
2026-01-09,184.63479614257812,186.1129888751533,183.44624341374129,184.8545293482555,131327500
2026-01-12,184.71470642089844,186.89204340473577,182.79704721562317,182.99680052530172,137968500
2026-01-13,185.58364868164062,187.88084992986475,183.17658082293008,184.7746378408776,160128900
2026-01-14,182.91690063476562,184.2352999433054,180.57975484984624,184.0954710990846,159586100
2026-01-15,186.82212829589844,189.46889382188115,186.10300422087673,186.2727952885624,206188600
2026-01-16,186.0031280517578,190.20800608356458,185.85331687968656,188.84966224271636,187967200
2026-01-20,177.85308837890625,182.15783564218773,177.39364202987932,181.67840938923754,223345300
2026-01-21,183.09669494628906,185.15418310637224,178.18267486272933,178.8318922054109,200381000
2026-01-22,184.6148223876953,185.94320399708803,183.70592730123704,184.52493568425237,139636600
2026-01-23,187.44137573242188,189.3690325020707,186.59242035942677,187.27158465782284,142748100
2026-01-26,186.2428436279297,188.88960930416175,185.76343263076708,186.93200550896393,124799600
2026-01-27,188.29034423828125,189.76853699604698,185.47377232125424,187.01190478720812,143711600
2026-01-28,191.28668212890625,192.1156727976695,189.60872088942648,191.0369866951896,148552700
2026-01-29,192.27548217773438,193.244301759811,185.83334250366076,191.10690928022157,171764400
2026-01-30,190.8971710205078,194.25307849059112,189.23918956869622,190.97707539362895,179489500
2026-02-02,185.38388061523438,190.06816944570554,184.65477420739685,186.97193993484487,165794100
2026-02-03,180.12030029296875,186.04308409913696,176.01530661894333,186.01312186532803,204019600
2026-02-04,173.97781372070312,179.36124730830178,171.70059231104517,179.241398362594,207014100
2026-02-05,171.67062377929688,176.60460839935587,170.8216531377948,174.7168961324724,206312900
2026-02-06,185.18414306640625,186.77220252110314,174.38731390455436,176.4747642750831,231346200
2026-02-09,189.80848693847656,193.42408742490235,183.7259094221984,184.03552934237337,196387400
2026-02-10,188.31031799316406,192.24552080983682,187.89083145679504,191.1468699498802,136764800
2026-02-11,189.81849670410156,193.02457795983298,188.54005713468442,192.21556708670826,144192700
2026-02-12,186.7122802734375,193.3741533411549,186.28279615580217,192.79485804306626,189932500
2026-02-13,182.58729553222656,187.27158453858374,181.36878053627944,187.25160463564347,161888000
2026-02-17,184.7446746826172,186.92201173748992,178.9617194034806,181.5285959992061,162276900
2026-02-18,187.75099182128906,190.13807962880853,186.53247684939709,188.52005804720127,164749100
2026-02-19,187.6710968017578,188.20044994409497,185.43383529156333,186.8321237354349,126554500
2026-02-20,189.58877563476562,190.09814888521723,185.71349722992974,186.342734664171,178422300
2026-02-23,191.316650390625,193.71372053376285,189.34904909171755,191.1668239815537,171584800
2026-02-24,192.61508178710938,193.53395924081437,187.171708627792,191.2567378902843,175123600
2026-02-25,195.32176208496094,197.38924768090467,193.5539140704845,194.2131137016724,250637100
2026-02-26,184.66476440429688,194.0533071271398,184.09546670933034,194.03334246429932,360807900
2026-02-27,176.97415161132812,182.36756729714082,176.1651407824763,181.0292033274304,311636500
2026-03-02,182.25770568847656,183.2365228635074,174.42725972943845,174.79680413295333,209095300
2026-03-03,179.83065795898438,180.67961330625172,176.70446619030554,178.27256086028186,178099400
2026-03-04,182.8170166015625,184.47499807110998,179.84065106191534,180.22019302825058,177731200
2026-03-05,183.11663818359375,183.83576224630102,177.6632984882966,180.94928366467312,198779700
2026-03-06,177.6033935546875,182.53736302725528,176.6046117177772,179.62092189230134,189021900
2026-03-09,182.427490234375,182.68718325690133,175.34613090826778,176.61458806542097,177213600
2026-03-10,184.54490661621094,186.21287029543888,181.78825925636124,182.17778352587916,179118500
2026-03-11,185.8134307861328,187.40157611978597,184.23526832414757,185.6935753620157,145280400
2026-03-12,182.9268035888672,184.72471123223085,181.53842231669145,183.83574790315467,155762700
2026-03-13,180.0401611328125,185.87335881208497,179.73052445930352,184.70472270189353,160988400
2026-03-16,183.0067138671875,188.66012868968363,181.19882333613754,182.7570048934839,217307400
2026-03-17,181.71820068359375,185.1841623368753,181.4684917186082,184.8445618023411,182497800
2026-03-18,180.1899871826172,183.16652908726184,180.12007659614625,182.26756764801692,156683100
2026-03-19,178.3521270751953,179.77047215436778,175.5853475010711,177.80276430906588,170968500
2026-03-20,172.4989471435547,178.05247199547227,171.52009228430225,177.79278016290237,241323500
2026-03-23,175.43553161621094,178.16234927411983,174.55655117338722,177.0536408486584,182836300
2026-03-24,174.99603271484375,176.01484951930743,173.777451794472,174.6264683383626,147667800
2026-03-25,178.47198486328125,181.00903649280792,176.64412864426953,176.89383761026875,162602100
2026-03-26,171.04066467285156,176.30451888215924,170.9407749866337,175.86504388946904,186152200
2026-03-27,167.32498168945312,170.77096223786808,166.81556566439232,169.80209026823204,196212700
2026-03-30,164.97772216796875,169.25273855906806,164.07877596313077,168.58352034150624,185627000
2026-03-31,174.1969757080078,174.41672082635512,166.7656493784466,166.77563225072552,226181300
2026-04-01,175.54541015625,177.16351944386196,174.54657425208924,175.79511913229018,168132000
2026-04-02,177.18348693847656,177.28337661769746,171.170490985778,171.97954556798163,143143200
2026-04-06,177.43319702148438,177.58301630024127,175.55538077559635,176.953760088437,107564300
2026-04-07,177.89266967773438,178.0225079733855,173.4578360976707,175.52541836668527,132534900
2026-04-08,181.8680419921875,185.0443328296099,180.09011531444295,184.28522303450282,147732700
2026-04-09,183.69590759277344,183.86570786090292,180.40972906189933,181.6283100364998,116428500
2026-04-10,188.41041564941406,189.77881591864653,184.08545448929232,184.09543736125556,160459500
2026-04-13,189.08961486816406,189.43921351677633,185.52377876103736,185.81343445538195,133648200
2026-04-14,196.28123474121094,196.28123474121094,190.54792650193752,190.61783708872017,161307000
2026-04-15,198.63848876953125,200.166706463506,195.5121427945441,196.31119931453722,185338400
2026-04-16,198.1190948486328,199.6173486077875,195.58204328148997,197.20015246424893,134012900
2026-04-17,201.44520568847656,201.46518667284232,199.03802288778024,199.66727910555997,160324400
2026-04-20,201.82476806640625,201.9346406188145,197.6096795882359,199.7471876833392,119381400
2026-04-21,199.64732360839844,202.51397775047528,198.76834314349978,201.89470437258373,107945300
2026-04-22,202.26426696777344,202.26426696777344,198.76834136586132,200.75603026628932,107501000
2026-04-23,199.4075927734375,203.59271751351986,196.99041179336916,202.22431724671497,113561800
2026-04-24,208.0275421142578,210.70441481695215,199.57738430538978,199.72721882416832,214134400
2026-04-27,216.3578338623047,216.5775789683675,207.13858324348888,209.4059296471886,187172400
2026-04-28,212.92184448242188,214.4800260296235,207.95762889823203,209.24613572912838,180275400
2026-04-29,209.00640869140625,212.47237042757808,207.33835459433345,212.4523894424142,123711800
2026-04-30,199.33767700195312,210.05518135667162,198.46867945247158,209.68560172993963,225239200
2026-05-01,198.21897888183594,202.76368521944246,196.89052532216473,201.0456862731779,128647000
2026-05-04,198.24893188476562,201.49514834231712,194.51329562325486,199.26774870200734,125368100
2026-05-05,196.271240234375,200.00689171848026,195.80178617585554,199.06798360144137,113406600
2026-05-06,207.5880584716797,208.0275486883452,198.37879062945476,199.65729931010404,188362800
2026-05-07,211.2537841796875,213.95063795079753,206.25960488465944,208.0974592073836,168307900
2026-05-08,214.94947814941406,217.5464575316693,212.642169707093,212.7820061205359,136421400
2026-05-11,219.18453979492188,222.04121091513153,213.64099781886503,213.79081709888328,160685800
2026-05-12,220.52297973632812,223.48952345691538,214.6698009927987,218.29558003818886,159176600
2026-05-13,225.56710815429688,227.57476278227756,221.3120728008497,224.6681467194947,150405400
2026-05-14,235.465576171875,236.26463268418732,229.03307065698914,229.58243343997336,180782900
2026-05-15,225.05770874023438,231.23050718880455,223.97896415639156,229.49252726355346,180977600
2026-05-18,222.0612030029297,229.7322553439391,218.1157890335498,229.60240180074675,146280900
2026-05-19,220.35317993164062,224.21866983705235,217.6563261548179,219.36432694236115,140948200
2026-05-20,223.20985412597656,225.8667612103758,220.2433103590018,222.9201831873553,184201600
2026-05-21,219.25445556640625,227.13526994336974,217.6762930684293,222.03121805596584,203381800
2026-05-22,215.07933044433594,220.75271088945502,214.54994865072538,220.64283833374193,169275700
2026-05-26,214.60987854003906,217.92600574795006,211.75320730356688,216.28791550863897,187202600
2026-05-27,212.35250854492188,213.90069192498567,208.53694826896,213.87072806866348,167601200
2026-05-28,214.00057983398438,215.2691056248748,210.97410844231206,211.03403615445995,143996000
2026-05-29,210.8942108154297,217.6063892667686,210.88422794322287,214.33020874183248,289410600
2026-06-01,224.09881591796875,224.60821672379726,215.44889364463796,215.47885750139108,212850700
2026-06-02,222.56060791015625,232.00958636747916,221.09231801448135,226.91551751623658,193362900
2026-06-03,214.5,222.56061267075634,214.2602739078757,221.46188713313538,160907000
2026-06-04,218.66000366210938,221.60000610351562,210.97000122070312,213.91000366210938,169022200
2026-06-05,205.10000610351562,214.8699951171875,204.3300018310547,214.52999877929688,219655500
2026-06-08,208.63999938964844,210.47000122070312,206.0,210.17999267578125,138372800
2026-06-09,208.19000244140625,211.39999389648438,199.33999633789062,210.6199951171875,180962500
2026-06-10,200.4199981689453,207.22000122070312,199.9199981689453,204.42999267578125,161746600
2026-06-11,204.8699951171875,205.66000366210938,199.5399932861328,201.49000549316406,158643200
2026-06-12,205.19000244140625,207.07000732421875,203.44000244140625,204.86000061035156,112001800
2026-06-15,212.4499969482422,212.7100067138672,208.33999633789062,208.9199981689453,149936700
2026-06-16,207.41000366210938,211.49000549316406,207.2899932861328,211.17999267578125,125694100
2026-06-17,204.64999389648438,209.2100067138672,203.0800018310547,208.52999877929688,128363500
2026-06-18,210.69000244140625,211.38999938964844,206.5,207.3300018310547,241272000
2026-06-22,208.64999389648438,213.99000549316406,207.72000122070312,211.44000244140625,122041400
2026-06-23,200.0399932861328,203.77000427246094,200.0,202.1699981689453,153496200
2026-06-24,199.0,201.6699981689453,196.5800018310547,200.1199951171875,151810700
2026-06-25,195.74000549316406,200.8000030517578,192.1300048828125,200.0800018310547,149550000
2026-06-26,192.52999877929688,195.5500030517578,191.22000122070312,193.1199951171875,179304100
2026-06-29,194.97000122070312,196.17999267578125,189.8000030517578,193.85000610351562,148328300
