Date,daily_return,log_return,high_low_range,open_close,sma_5,ema_5,sma_10,ema_10,sma_20,ema_20,sma_50,ema_50,price_sma_5_ratio,price_sma_10_ratio,price_sma_20_ratio,price_sma_50_ratio,rsi_7,rsi_14,rsi_21,macd,macd_signal,macd_diff,bb_high,bb_low,bb_middle,bb_width,bb_pct,volume_change,volume_sma_10,volume_ratio,return_lag_1,volume_lag_1,return_lag_2,volume_lag_2,return_lag_3,volume_lag_3,return_lag_5,volume_lag_5,target
2021-09-09,0.004570469276269362,0.00456005639734063,0.01152607276928523,0.00044857144200805997,3332.343017578125,3315.2312040930547,3304.7505615234377,3287.637284139845,3204.6322265625,3206.4075067278736,2983.1157958984377,3064.5050772719537,0.9937878028264794,1.002085266059085,1.0333921684534173,1.1101284939245022,62.07014307979194,69.02542283533369,70.15744055591766,106.81228820589195,105.98518857358796,0.8270996323039839,3445.913164101604,2963.351289023396,3204.6322265625,0.15058260697697454,0.7217531567807388,-0.6524988697125151,2587624.2,0.5569386775714958,-0.010940923685359705,1.616449816061308,-0.009371834023713554,-0.08044007836662326,0.0025896831568452683,-0.013234967472172121,0.03278638817489132,0.28765960891842735,1
2021-09-13,0.014229511846561183,0.014129222601215206,0.022208615646154325,0.020799070256503852,3332.919384765625,3329.7424335880783,3315.686279296875,3300.569576583169,3226.189245605469,3220.917733951707,2991.9706982421876,3076.0446778721957,1.0077546153473247,1.0129923670855812,1.0410935741457954,1.1225928430888152,69.30644153355921,72.27677712985431,72.53992743127617,105.84578609913706,105.95730807869779,-0.11152197956073451,3440.110706589866,3012.2677846210718,3226.189245605469,0.1326155688329745,0.8098699082424599,0.17369832938740504,2362298.7,0.7160284175747968,0.004570469276269362,-0.6524988697125151,-0.010940923685359705,1.616449816061308,-0.009371834023713554,-0.08044007836662326,0.0013813189093168088,-0.48679282090726106,1
2021-09-14,0.010545374483345471,0.010490159855255336,0.018399856351645944,0.009337771043213821,3338.84150390625,3351.2230644493443,3331.8103759765627,3317.5904401447515,3244.6411254882814,3237.4193141631513,3001.6080712890625,3088.520742511399,1.016575456547092,1.0187207383244403,1.0460892884297301,1.1307886458055192,73.70546084167931,74.44787253033718,74.16756371925861,106.70781720133346,106.10740990322493,0.6004072981085216,3449.4858341536474,3039.7964168229155,3244.6411254882814,0.12626648109475538,0.8650160203256388,0.1771917139676482,2358106.1,0.8444013609056861,0.014229511846561183,0.17369832938740504,0.004570469276269362,-0.6524988697125151,-0.010940923685359705,1.616449816061308,0.0025896831568452683,-0.013234967472172121,1
2021-09-15,0.01766650633670208,0.01751226753797809,0.02882755271583477,0.018662566484469414,3363.062744140625,3385.5312779922715,3346.4932373046877,3342.419033769001,3265.674108886719,3258.0601132979104,3012.72447265625,3102.8590547689178,1.027083931483644,1.032169336717424,1.0577135347579607,1.1465196158587587,79.50660661102879,77.64035977565993,76.6299137162211,110.95055763914979,107.07603945040991,3.8745181887398843,3465.8072773959393,3065.5409403774984,3265.674108886719,0.12256775283523111,0.9708704648892891,0.2361308927132948,2283495.0,1.0778955066685059,0.010545374483345471,0.1771917139676482,0.014229511846561183,0.17369832938740504,0.004570469276269362,-0.6524988697125151,-0.009371834023713554,-0.08044007836662326,0
2021-09-16,-0.012959821218107792,-0.013044532391496642,0.02296771993499843,-0.006793880705311805,3385.624267578125,3393.4817081146393,3362.9448486328124,3354.5942218763416,3280.97060546875,3272.4717756847167,3023.02314453125,3114.8795847136416,1.0070174062162678,1.013808647425616,1.039138406993524,1.1278056453279433,66.69157216511931,70.55342095873618,71.30231889719126,109.43924015116681,107.5486795905613,1.8905605606055076,3475.8670317190436,3086.0741792184563,3280.97060546875,0.11880412822073969,0.8294364226199649,0.19716547986100408,2313828.0,1.2735026112571894,0.01766650633670208,0.2361308927132948,0.010545374483345471,0.1771917139676482,0.014229511846561183,0.17369832938740504,-0.010940923685359705,1.616449816061308,0
2021-09-17,-0.019329772053811478,-0.019519035007162185,0.036574054999102615,-0.023507628148915813,3391.99189453125,3376.81446556601,3362.1674560546876,3352.5734507113248,3292.64443359375,3279.234461854625,3033.0269775390625,3123.8443061158027,0.9856981043673148,0.9944418367525732,1.0154391243574137,1.102357481561731,52.23181444760451,61.633962787194655,64.38310693695647,101.75080217185723,106.3891041068205,-4.638301934963266,3472.5750659635996,3112.7138012239,3292.64443359375,0.10929247660881791,0.6412642922593274,1.1981276466352142,2621171.1,2.4710893539151257,-0.012959821218107792,0.19716547986100408,0.01766650633670208,0.2361308927132948,0.010545374483345471,0.1771917139676482,0.004570469276269362,-0.6524988697125151,0
2021-09-20,-0.0011363359219866975,-0.001136982041169166,0.01651625535340665,0.0038067734313467876,3388.175048828125,3364.436531731507,3360.547216796875,3350.2293076842657,3304.1741455078127,3284.99124301728,3042.73431640625,3132.3084770156734,0.9856871666703295,0.9937907277034886,1.0107459585939078,1.0975919409246915,51.481078041442146,61.153972172762245,64.00711930811076,94.26446452977052,103.96417619141052,-9.699711661639995,3464.0086486247938,3144.3396423908316,3304.1741455078127,0.09674702123935201,0.6110727592048774,-0.6909121113181296,2646690.7,0.7564193277287746,-0.019329772053811478,1.1981276466352142,-0.012959821218107792,0.19716547986100408,0.01766650633670208,0.2361308927132948,0.014229511846561183,0.17369832938740504,1
2021-09-21,0.010317462870262917,0.010264601138615966,0.012917626972939885,0.001283035555177528,3384.16572265625,3367.6702529251716,3361.50361328125,3354.5762872530354,3314.0245727539063,3293.4813813311102,3053.4175390625,3141.7919757724117,0.9970367800617402,1.0037584615352881,1.0181390093039173,1.105036455757201,57.88579772113749,63.89983546931327,65.90328323315464,90.07357041383602,101.18605503589563,-11.112484622059611,3465.3845351690684,3162.6646103387443,3314.0245727539063,0.09134510568181099,0.6985766962392295,-0.21672191120115403,2631134.3,0.5959897219993674,-0.0011363359219866975,-0.6909121113181296,-0.019329772053811478,1.1981276466352142,-0.012959821218107792,0.19716547986100408,0.010545374483345471,0.1771917139676482,0
2021-09-22,-0.00020693944662364405,-0.00020696086154537417,0.011496225575664648,-9.064016990286142e-05,3368.024072265625,3369.5933196584483,3365.543408203125,3358.0059537752104,3324.8969848632814,3301.096435787671,3064.9644580078125,3150.8761905705524,1.0016078806870676,1.0023461426474634,1.0145996909025181,1.1006455374421185,57.705710542306306,63.8014172432632,65.8294932667767,85.70792669649336,98.09042936801518,-12.38250267152182,3459.611934867052,3190.182034859511,3324.8969848632814,0.0810340594713552,0.6801673394837023,0.1121961267217173,2647037.1,0.658875162724391,0.010317462870262917,-0.21672191120115403,-0.0011363359219866975,-0.6909121113181296,-0.019329772053811478,1.1981276466352142,0.01766650633670208,0.2361308927132948,1
2021-09-23,0.001838234229831981,0.0018365467449685986,0.011371712864250075,-0.00019379844961249612,3362.07568359375,3372.942421438966,3373.8499755859375,3361.9395303615356,3334.079211425781,3308.576834760274,3076.897734375,3159.8473448619034,1.0052244336711287,1.0017163328114662,1.0136653662630695,1.0983922498439798,59.02648442837927,64.32691256972777,66.18258508138558,81.80550243280322,94.83344398097279,-13.027941548169565,3456.908971244248,3211.2494516073143,3334.079211425781,0.0736813686954606,0.685465695127774,0.14896331390938533,2432706.5,0.8237200007481379,-0.00020693944662364405,0.1121961267217173,0.010317462870262917,-0.21672191120115403,-0.0011363359219866975,-0.6909121113181296,-0.012959821218107792,0.19716547986100408,1
2021-09-24,0.0005300148638214264,0.0005298744555536126,0.023092992332333515,-0.0048071853912275185,3369.666064453125,3375.7722425478523,3380.8289794921875,3365.4835947986426,3342.7897705078126,3315.5154109512596,3088.963583984375,3168.536934662049,1.0034916873326467,1.0001783306038532,1.0115598398076773,1.0946816926873584,59.45319652496194,64.48728534624324,66.28824049444145,77.95868360428904,91.45849190563604,-13.499808301347002,3452.395853586272,3233.183687429353,3342.7897705078126,0.06557761068044009,0.6762772337651696,0.1581365847767493,2520667.1,0.9206903997755197,0.001838234229831981,0.14896331390938533,-0.00020693944662364405,0.1121961267217173,0.010317462870262917,-0.21672191120115403,-0.019329772053811478,1.1981276466352142,0
2021-09-27,-0.008873136373137247,-0.00891273707668656,0.026349079071352442,-0.016166679186698757,3372.01552734375,3367.657487870443,3380.0952880859377,3362.9280282017303,3347.8907836914063,3318.9356554811993,3099.9587109375,3175.709132460229,0.9938945865874045,0.9915187865645805,1.001056544270037,1.0811201990177717,49.39960529340361,59.649973178868,62.835492382083174,71.6629021591084,87.49937395633052,-15.836471797222117,3448.7882275109273,3246.9933398718854,3347.8907836914063,0.06027523019031748,0.5175286642075183,-0.27895761463731183,2518856.0,0.6643341262859013,0.0005300148638214264,0.1581365847767493,0.001838234229831981,0.14896331390938533,-0.00020693944662364405,0.1121961267217173,-0.0011363359219866975,-0.6909121113181296,0
2021-09-28,-0.015064124441474869,-0.015178740885019417,0.02613021514144156,-0.018402622767857108,3357.376318359375,3345.4188753771705,3370.7710205078124,3351.65777769062,3351.2906982421873,3317.2219407106686,3110.02447265625,3180.6202115947544,0.9831908423073862,0.979283858294632,0.9849762218843112,1.0613876769822694,37.0878399549735,52.51208194916907,57.54025457622127,61.886239214489706,82.37674700796236,-20.49050779347266,3440.354263439448,3262.2271330449266,3351.2906982421873,0.05315179924199124,0.21734205934801892,0.34643609691148725,2545044.7,0.8852791465705887,-0.008873136373137247,-0.27895761463731183,0.0005300148638214264,0.1581365847767493,0.001838234229831981,0.14896331390938533,0.010317462870262917,-0.21672191120115403,1
2021-09-29,0.0033738745092046774,0.003368195763933952,0.022112951242310663,0.008537649103342641,3345.104150390625,3334.3054546785306,3356.564111328125,3344.4615659798255,3351.528674316406,3316.7321000031047,3120.455341796875,3185.7754430334408,0.9901272021364362,0.9867467158167067,0.9882292336218181,1.0614087530488518,40.87987195019205,53.82472555893451,58.35316874917337,54.40962295896088,76.78332219816207,-22.373699239201187,3440.145316105178,3262.912032527634,3351.528674316406,0.05288132694066642,0.27741166761210717,0.10478390643897795,2547823.9,0.9769752925231607,-0.015064124441474869,0.34643609691148725,-0.008873136373137247,-0.27895761463731183,0.0005300148638214264,0.1581365847767493,-0.00020693944662364405,0.1121961267217173,0
2021-09-30,-0.00431201669669945,-0.004321340252567988,0.014540901758351772,-0.007739803198915816,3328.735400390625,3322.1359281190207,3345.4055419921874,3335.977076710766,3354.1751953125,3314.928745240904,3130.77876953125,3190.168440365463,0.9907056219046446,0.9857689400000705,0.9831915994157702,1.053347143878121,37.49836120506385,51.84559456887295,56.886670917339686,46.79253853166347,70.78516546486235,-23.992626933198878,3432.4500211339428,3275.900369491057,3354.1751953125,0.04667306939174367,0.1398693978501613,-0.0951119674460591,2478398.5,0.9088175287388206,0.0033738745092046774,0.10478390643897795,-0.015064124441474869,0.34643609691148725,-0.008873136373137247,-0.27895761463731183,0.001838234229831981,0.14896331390938533,0
2021-10-01,-0.01201130371128456,-0.012084022303042468,0.02278698222954411,-0.01363126828270635,3304.08623046875,3300.8192971314306,3336.8761474609373,3321.833250973581,3349.5218017578127,3309.5246776137938,3139.93962890625,3192.8357970239254,0.9861080516333898,0.9764180302692494,0.9727316996254122,1.0376588152082367,29.580807178103754,46.71501027248495,53.00718648425576,37.13164996397563,64.05446236468501,-26.922812400709375,3438.2991021144976,3260.7445014011278,3349.5218017578127,0.053008940147871275,-0.014409461847783658,-0.29925164667920434,1988521.1,0.79374264623091,-0.00431201669669945,-0.0951119674460591,0.0033738745092046774,0.10478390643897795,-0.015064124441474869,0.34643609691148725,0.0005300148638214264,0.1581365847767493,1
2021-10-04,0.011554430584622688,0.01148818792736625,0.020194511484858,0.013020833162644223,3292.967138671875,3299.1570379313707,3332.4913330078125,3317.105845256793,3346.5192749023436,3308.2206625583135,3149.6691259765626,3196.8748841810757,1.0008701516713376,0.9889995772491701,0.9848538881125755,1.0464059517710036,42.93968747206707,51.615672146859886,56.00152432943143,32.14256337289271,57.67208256632655,-25.529519193433842,3438.2458418337055,3254.7927079709816,3346.5192749023436,0.05481908777234739,0.22370733438098722,-0.14034316328069263,1924006.3,0.7052263810154883,-0.01201130371128456,-0.29925164667920434,-0.00431201669669945,-0.0951119674460591,0.0033738745092046774,0.10478390643897795,-0.008873136373137247,-0.27895761463731183,1
2021-10-05,0.015901132837471632,0.01577603422200658,0.025669762630199544,0.021124147263751912,3302.426806640625,3315.5180220323723,3329.9015625,3322.766598889081,3345.702587890625,3312.032027098891,3160.507900390625,3202.81077069297,1.0138725810672404,1.005507198152911,1.0007584064264807,1.0593993420552903,56.379310938172054,57.47855628775095,59.75030489879308,32.04809076220363,52.547284205501974,-20.499193443298346,3437.06173997406,3254.3434358071904,3345.702587890625,0.054612835231737815,0.5138869630786005,0.38405288681219885,1954990.0,0.9606013329991457,0.011554430584622688,-0.14034316328069263,-0.01201130371128456,-0.29925164667920434,-0.00431201669669945,-0.0951119674460591,-0.015064124441474869,0.34643609691148725,0
2021-10-06,-0.005843569721761588,-0.005860710182243815,0.01638719272932549,-0.006543299701837782,3305.745947265625,3319.9034534903317,3325.425048828125,3323.8407293467476,3345.484228515625,3313.6170070329254,3171.222646484375,3207.7465960150594,1.0069359138622223,1.0009770984251383,0.9949753425928319,1.049650146796355,51.133563098673555,54.80838045228643,57.81915907720161,30.04805885856922,48.04743913611542,-17.9993802775462,3436.984150606055,3253.984306425195,3345.484228515625,0.054700555041043,0.40814247856538216,-0.10639809240422882,1948398.7,0.8612990760053372,0.015901132837471632,0.38405288681219885,0.011554430584622688,-0.14034316328069263,-0.01201130371128456,-0.29925164667920434,0.0033738745092046774,0.10478390643897795,1
2021-10-07,0.021517135155949108,0.02128890963896,0.02028049863916157,0.01642295100359015,3326.246142578125,3346.7015861810546,3327.490771484375,3337.7420242950657,3350.670373535156,3321.8723255595514,3183.624912109375,3215.2976256443712,1.0222628470083632,1.0218804754327377,1.0148112086522507,1.0680585638807443,65.02971497473398,61.80360980450644,62.48022658127594,33.85221263475478,45.208393835843296,-11.356181201088518,3442.251673559494,3259.0890735108183,3350.670373535156,0.054664464011548945,0.7709476607896767,-0.018425603371323485,1912735.1,0.8611924358997751,-0.005843569721761588,-0.10639809240422882,0.015901132837471632,0.38405288681219885,0.011554430584622688,-0.14034316328069263,-0.00431201669669945,-0.0951119674460591,1
2021-10-08,0.010981488581681687,0.01092162986247631,0.02284245412433986,0.00271335091560515,3362.136572265625,3377.01378531862,3333.1114013671877,3355.904962349372,3356.9701904296876,3332.897645372332,3196.5145703125,3224.0168632110135,1.02245643795405,1.0313601226120697,1.0240299998474924,1.0754332908476865,70.1863686782419,64.85769664623288,64.62033417078695,39.42561073956176,44.051837216586996,-4.626226477025234,3454.1114203110296,3259.8289605483455,3356.9701904296876,0.057874347623508744,0.915209861263844,0.7813745839234645,1974093.6,1.4864234401043597,0.021517135155949108,-0.018425603371323485,-0.005843569721761588,-0.10639809240422882,0.015901132837471632,0.38405288681219885,-0.01201130371128456,-0.29925164667920434,0
2021-10-11,-0.06353430678851968,-0.06564239075193408,0.026454307959781664,-0.018481997961051953,3346.81611328125,3324.419265082205,3319.8916259765624,3331.055010033009,3349.99345703125,3322.0721767282407,3205.071015625,3223.8291518933024,0.9618784288250636,0.969679311041493,0.9609661230390113,1.0044177520296267,34.98386072865655,43.13333355151204,47.85585504362561,25.920081350105647,40.42548604329073,-14.505404693185085,3464.1667233981366,3235.820190664363,3349.99345703125,0.06816327723103474,-0.07265258577116253,3.0368212398090337,2991297.6,3.9599543689668324,0.010981488581681687,0.7813745839234645,0.021517135155949108,-0.018425603371323485,-0.005843569721761588,-0.10639809240422882,0.011554430584622688,-0.14034316328069263,0
2021-10-12,-0.008885961871434978,-0.008925677479930737,0.02091514852820535,-0.014341581852064245,3315.29296875,3279.8209325808452,3308.8598876953124,3305.5221477684845,3339.8154541015624,3309.5533282377537,3213.5505810546874,3222.526999567217,0.9623958719947214,0.9642669607870459,0.9553295118925752,0.992865737476882,32.493553913793406,41.18742306969735,46.20728048086741,12.761483901741485,34.892685614980884,-22.1312017132394,3471.3841012202643,3208.2468069828606,3339.8154541015624,0.07878797432182964,-0.0669708923465498,-0.5143367021228997,3341277.8,1.7217595615665362,-0.06353430678851968,3.0368212398090337,0.010981488581681687,0.7813745839234645,0.021517135155949108,-0.018425603371323485,0.015901132837471632,0.38405288681219885,1
2021-10-13,0.00064328797822788,0.0006430811572086441,0.008330584257671745,0.0014246441566780938,3288.09345703125,3250.7728743247303,3296.9197021484374,3285.0048041401237,3326.741906738281,3298.4222262924914,3221.163671875,3221.3564018513457,0.9709811474443613,0.9683817157366594,0.959700766490411,0.9911563282824687,32.8934264645855,41.391727626926716,46.346527295002346,2.4703428551756588,28.40821706301984,-25.93787420784418,3462.175376783396,3191.308436693166,3326.741906738281,0.08142108636128093,0.00505163575472889,-0.38367272583787204,3446927.2,1.0286422643332878,-0.008885961871434978,-0.5143367021228997,-0.06353430678851968,3.0368212398090337,0.010981488581681687,0.7813745839234645,-0.005843569721761588,-0.10639809240422882,0
2021-10-14,-0.010073560066815479,-0.010124641711906773,0.017112253987645952,-0.003737944504310405,3240.1369140625,3220.6869617894035,3283.1915283203125,3262.370319154419,3314.29853515625,3285.288217761659,3226.9893017578124,3218.9704698853616,0.975426415779474,0.9626350182304704,0.9536000161704654,0.9794005623127252,29.679495900988115,39.09968535606896,44.45326175469875,-8.186268397961612,21.08931997082355,-29.27558836878516,3462.2284065370422,3166.368663775458,3314.29853515625,0.08926768051316658,-0.01978480411721688,0.8169559644127813,3865915.9,1.6664353717575697,0.00064328797822788,-0.38367272583787204,-0.008885961871434978,-0.5143367021228997,-0.06353430678851968,3.0368212398090337,0.021517135155949108,-0.018425603371323485,1
2021-10-18,0.00988538847952225,0.009836847661245965,0.014052068429396177,0.012127253538699288,3190.960888671875,3211.0439934064775,3276.54873046875,3249.531725970093,3306.712438964844,3276.3805833691795,3233.63107421875,3217.903316424784,1.0002498206642332,0.974121955507741,0.965236051079118,0.9870507746192902,36.69015861695962,42.43448561805141,46.675173313215964,-13.949861740436063,14.081483628571627,-28.03134536900769,3463.1923860823545,3150.232491847333,3306.712438964844,0.09464381920460926,0.13268653766257865,-0.44272890780139207,4067089.2,0.8827214805124018,-0.010073560066815479,0.8169559644127813,0.00064328797822788,-0.38367272583787204,-0.008885961871434978,-0.5143367021228997,0.010981488581681687,0.7813745839234645,0
2021-10-19,-0.0035645550394880487,-0.0035709232034205106,0.01785841207114741,-0.009498527570523295,3183.191015625,3200.822948729319,3265.003564453125,3236.9588411346213,3298.747448730469,3267.237752512591,3239.8706201171876,3216.431847520871,0.9991171889351892,0.9740818950400445,0.9641177170440791,0.9816382295105242,35.19928311330534,41.54239257626703,45.97204433845173,-19.214107454556142,7.422365411946073,-26.636472866502217,3463.6921740152725,3133.8027234456654,3298.747448730469,0.10000445796375405,0.14119316591940115,-0.12664413623326543,4244947.3,0.7386289577729269,0.00988538847952225,-0.44272890780139207,-0.010073560066815479,0.8169559644127813,0.00064328797822788,-0.38367272583787204,-0.06353430678851968,3.0368212398090337,0
2021-10-20,-0.0069615501533756285,-0.006985894793724389,0.014325879372338366,-0.00087206598664165,3176.7142578125,3186.628791991421,3246.00361328125,3222.646411567531,3287.952587890625,3256.857059750975,3245.215771484375,3214.149833050077,0.9941846266936215,0.9729627119308998,0.9605492762113652,0.9731989183175431,32.226260003119265,39.78934971818372,44.599218628959015,-24.885736530417944,0.9607450234732697,-25.846481553891213,3459.8605580284984,3116.044617752752,3287.952587890625,0.10456839966062906,0.12272805248363769,-0.06434437771273638,4350520.0,0.6743315741566526,-0.0035645550394880487,-0.12664413623326543,0.00988538847952225,-0.44272890780139207,-0.010073560066815479,0.8169559644127813,-0.008885961871434978,-0.5143367021228997,0
2021-10-21,-0.021156521571753184,-0.02138352826505427,0.027232824110934143,-0.01986628997979606,3156.463525390625,3154.8935598953226,3222.2784912109373,3198.7876268649115,3273.851770019531,3241.1014441273705,3248.99921875,3209.337019820785,0.9793945251816427,0.9593904139990592,0.94427705127428,0.9515001043590586,24.83944113394263,34.990470035646595,40.743757429444976,-34.37588401899393,-6.106580785020171,-28.26930323397376,3460.9885792601617,3086.7149607789006,3273.851770019531,0.11432210276246815,0.012579392967447743,0.6604365214765144,4669825.7,1.0431248001397568,-0.0069615501533756285,-0.06434437771273638,-0.0035645550394880487,-0.12664413623326543,0.00988538847952225,-0.44272890780139207,0.00064328797822788,-0.38367272583787204,0
2021-10-22,-0.009525630427999476,-0.009571289430724677,0.0218929349695666,-0.017176938860604028,3136.75556640625,3123.920820529174,3188.446240234375,3173.91266594345,3257.968505859375,3224.04181533399,3251.998056640625,3203.5581304865136,0.9761600089563083,0.9603346304411255,0.9398419095488458,0.9415673959411751,22.220580175121356,33.09596622795402,39.17654720103868,-43.768545365596765,-13.638973701135491,-30.129571664461274,3459.8376239802533,3056.0993877384967,3257.968505859375,0.12392330850210596,0.014553870629334671,-0.4474330920996853,4774269.4,0.5637867858902139,-0.021156521571753184,0.6604365214765144,-0.0069615501533756285,-0.06434437771273638,-0.0035645550394880487,-0.12664413623326543,-0.010073560066815479,0.8169559644127813,0
2021-10-25,-0.0016863539520601822,-0.001687777447455819,0.018480095544016806,-0.002868983393698334,3109.76630859375,3101.551136212158,3150.3635986328127,3152.6215935133905,3241.7375,3208.115144119146,3254.7136865234374,3197.8033711567728,0.9829715368420814,0.9703044337182898,0.9429547480565977,0.9391952908900248,21.75143889253887,32.76101163140427,38.90105134769719,-51.040590285762846,-21.119297018060962,-29.921293267701884,3453.2594235234815,3030.215576476519,3241.7375,0.13049910643504065,0.0628686394738029,-0.03569382576616009,4740394.9,0.5475480534332698,-0.009525630427999476,-0.4474330920996853,-0.021156521571753184,0.6604365214765144,-0.0069615501533756285,-0.06434437771273638,0.00988538847952225,-0.44272890780139207,0
2021-10-26,-0.002963252616606682,-0.0029676517422714253,0.015505656258478141,-0.003405323320575162,3083.240869140625,3083.6186448445637,3133.2159423828125,3133.5546968944786,3226.5537841796877,3192.842622022977,3257.11626953125,3191.9190688411886,0.9884902903998087,0.9727237822591814,0.9445848003690506,0.9357214817965324,20.85049376718584,32.14638044839434,38.40361528388155,-56.87898614054211,-28.27123484255719,-28.60775129798492,3447.7751413850515,3005.332426974324,3226.5537841796877,0.13712547318445314,0.09587961051986205,0.4943642958028105,3943731.0,0.9835262597778601,-0.0016863539520601822,-0.03569382576616009,-0.009525630427999476,-0.4474330920996853,-0.021156521571753184,0.6604365214765144,-0.0035645550394880487,-0.12664413623326543,1
2021-10-27,0.0020530938233438434,0.0020509891065151925,0.00809513575471026,0.0019379844961240889,3062.394970703125,3073.7494253390846,3119.5546142578123,3119.0922040642326,3214.2072509765626,3179.6205614806104,3257.6935546875,3186.510908742637,0.9972622785580545,0.978989427647741,0.9501599454734085,0.9374764492300708,23.407288526091392,33.08038011279169,38.96967493150695,-60.30587456611829,-34.678162787269414,-25.627711778848877,3444.8078447430257,2983.6066572100995,3214.2072509765626,0.14348831656477687,0.15265426677375848,-0.35267687146649584,3619524.6,0.6936858503462029,-0.002963252616606682,0.4943642958028105,-0.0016863539520601822,-0.03569382576616009,-0.009525630427999476,-0.4474330920996853,-0.0069615501533756285,-0.06434437771273638,0
2021-10-28,-0.019514392133999636,-0.019707311815524094,0.0301024368184037,-0.027387748054647425,3042.993115234375,3047.304223012515,3099.7283203125,3096.4234066633494,3198.324011230469,3161.9818240404925,3256.9120703125,3178.977689511921,0.9840356862354391,0.9660246024585446,0.9362446730990696,0.9194027206488451,17.224566593280542,28.987689218806096,35.68966119407757,-67.0577022638222,-41.15407068257997,-25.903631581242223,3443.0965475137946,2953.551474947143,3198.324011230469,0.15306300138687706,0.08347003310235238,-0.03420047610076893,3507453.3,0.6913682927724227,0.0020530938233438434,-0.35267687146649584,-0.002963252616606682,0.4943642958028105,-0.0016863539520601822,-0.03569382576616009,-0.021156521571753184,0.6604365214765144,0
2021-10-29,-0.006984767127004687,-0.007009274799846201,0.02208816093830469,-0.000676474991571901,3025.29775390625,3022.702327060427,3081.02666015625,3074.073430025695,3182.109094238281,3144.0310346229458,3254.31298828125,3170.919683458758,0.9828779766609362,0.9650999043953269,0.9344426753124982,0.9137100659536406,15.543578862732701,27.692812765471388,34.6160337342217,-73.25186106012052,-47.57362875808808,-25.67823230203244,3440.9376653030213,2923.280523173541,3182.109094238281,0.16267737113940609,0.09701017893064838,0.6332353516084097,3259273.5,1.2151484065390645,-0.019514392133999636,-0.03420047610076893,0.0020530938233438434,-0.35267687146649584,-0.002963252616606682,0.4943642958028105,-0.009525630427999476,-0.4474330920996853,1
2021-11-01,0.023147761187902516,0.02288391562802735,0.02130078555640325,0.011183976415587011,3022.40107421875,3029.2443410871597,3066.08369140625,3068.3016007738643,3171.3162109375,3134.3450664817724,3252.9594873046876,3165.876886818831,1.0065932000527182,0.99225222640458,0.9593267169788964,0.9352493878309608,38.563447466502,37.575350974750094,40.77256875783446,-71.77935642530247,-52.41477429153096,-19.364582133771506,3434.5204546599675,2908.111967215032,3171.3162109375,0.16599053907945663,0.2549662574345033,-0.48978222704652774,3102334.6,0.6513539835451663,-0.006984767127004687,0.6332353516084097,-0.019514392133999636,-0.03420047610076893,0.0020530938233438434,-0.35267687146649584,-0.0016863539520601822,-0.03569382576616009,1
2021-11-02,0.0022434920314182705,0.002240979160872293,0.012585413659024266,-0.00280482221755157,3022.681103515625,3035.8808302560233,3052.960986328125,3064.820184013843,3158.982275390625,3126.2316133495797,3251.7608349609377,3161.2995112021613,1.0087580211645002,0.9987529556547154,0.9652329588385252,0.9376931340740434,40.44152878938493,38.47337653130414,41.347603454708434,-69.2632068385119,-55.78446080092716,-13.478746037584749,3420.8063352807253,2897.158215500525,3158.982275390625,0.16576481731460443,0.2902628451278022,0.5278796942472923,3097531.9,0.9967335606777771,0.023147761187902516,-0.48978222704652774,-0.006984767127004687,0.6332353516084097,-0.019514392133999636,-0.03420047610076893,-0.002963252616606682,0.4943642958028105,1
2021-11-03,0.002310451462023577,0.0023077864731399964,0.015419816312012339,-0.0034101795954533053,3023.11865234375,3042.6534636602655,3042.7568115234376,3063.252647005644,3144.3802124023437,3119.5618149799766,3249.3422265625,3157.1779119577136,1.0109423684377568,1.0044176777106884,0.9719558463108945,0.9405592016393799,42.55610709601258,39.44173522456109,41.95832877199048,-65.94055220540258,-57.815679081822246,-8.124873123580336,3394.6763415355076,2894.0840832691797,3144.3802124023437,0.15920220343959915,0.3238456938207805,-0.5019653988742683,2957926.5,0.5198367843149585,0.0022434920314182705,0.5278796942472923,0.023147761187902516,-0.48978222704652774,-0.006984767127004687,0.6332353516084097,0.0020530938233438434,-0.35267687146649584,1
2021-11-04,0.004696126197157868,0.004685133797557615,0.0023513317742215743,-0.0012240563879057746,3038.34609375,3051.9526509037187,3040.6696044921873,3064.5796248938223,3131.4740478515623,3114.894120733372,3247.6334228515625,3153.7807791511614,1.0105994941481065,1.0098272501735446,0.9805449377737187,0.945473403428195,47.02635915684988,41.46304624513637,43.222969898395085,-61.44096106369534,-58.54073547819687,-2.900225585498468,3368.706344013446,2894.2417516896785,3131.4740478515623,0.15151477709013356,0.3715962719945931,-0.7860414570650198,2503704.5,0.13140168897727347,0.002310451462023577,-0.5019653988742683,0.0022434920314182705,0.5278796942472923,0.023147761187902516,-0.48978222704652774,-0.019514392133999636,-0.03420047610076893,0
2021-11-08,-0.0016815646557992725,-0.0016829800726108955,0.019070744080543916,-0.012753664036076761,3056.72392578125,3056.4309990399793,3041.01083984375,3064.726546788127,3114.7285400390624,3110.1792230742412,3245.0212548828126,3150.314383706508,1.0028343317033566,1.0080160370194544,0.9841588619706989,0.9446433334450379,45.53896313654252,40.93370708800338,42.870128112261355,-57.62734805504397,-58.3580579935663,0.730709938522331,3318.634763398493,2910.822316679632,3114.7285400390624,0.13093033356728623,0.3790109396524203,6.6782708341565575,2487145.7,1.0156550136970262,0.004696126197157868,-0.7860414570650198,0.002310451462023577,-0.5019653988742683,0.0022434920314182705,0.5278796942472923,-0.006984767127004687,0.6332353516084097,1
2021-11-09,0.0008422383613411188,0.0008418838776383465,0.011124739864563403,-0.0006556581608109364,3061.8521484375,3060.277160167278,3042.126611328125,3065.3161714488083,3096.2451049804686,3106.159247774016,3242.23623046875,3147.0851718914246,1.0019979194578343,1.0084950018179775,0.9908677699601007,0.9462510638770821,46.52562491612208,41.33699236112091,43.11393788883945,-53.77679817281569,-57.441806029416185,3.6650078566004964,3236.9375097227685,2955.5527002381687,3096.2451049804686,0.09087937160788014,0.39951261899892615,-0.294285775362795,2405855.5,0.7409804952957483,-0.0016815646557992725,6.6782708341565575,0.004696126197157868,-0.7860414570650198,0.002310451462023577,-0.5019653988742683,0.023147761187902516,-0.48978222704652774,0
2021-11-10,-0.00610429253303435,-0.006122999895694881,0.011336566726876775,-0.0039165097689751365,3061.8697265625,3056.5986731844355,3042.2754150390624,3062.3935401342524,3087.7456787109377,3100.7385288639907,3238.23291015625,3143.2481729630845,0.9958757137071513,1.0022898269319243,0.9875300677262182,0.9416375485701611,40.34064896852461,39.2438677677916,41.75665972826464,-51.641098797840186,-56.281664583100984,4.640565785260797,3217.830988662289,2957.660368759586,3087.7456787109377,0.084259083154581,0.3520048900733405,-0.14932641196572372,2169628.1,0.6989626471006712,0.0008422383613411188,-0.294285775362795,-0.0016815646557992725,6.6782708341565575,0.004696126197157868,-0.7860414570650198,0.0022434920314182705,0.5278796942472923,1
2021-11-11,0.001119322859310934,0.0011186968845476092,0.021228728245136268,0.0023563078080100276,3061.1609375,3055.284043841707,3042.139794921875,3060.622857410979,3080.847204589844,3096.159124701349,3234.627138671875,3139.695491088307,0.9972212658800302,1.0034564454440678,0.9908491341629689,0.9437424019170438,41.98058454965582,39.84172449145338,42.105429753792286,-49.107058542684626,-54.84674337501772,5.73968483233309,3202.7541586038546,2958.940250575833,3080.847204589844,0.07913859137992557,0.3843691089584862,-0.1529684686140157,2046998.2,0.6275110549681968,-0.00610429253303435,-0.14932641196572372,0.0008422383613411188,-0.294285775362795,-0.0016815646557992725,6.6782708341565575,0.002310451462023577,-0.5019653988742683,1
2021-11-12,0.010850650776723647,0.010792204869576359,0.013740573871881828,0.005718781753601001,3064.20634765625,3065.4487212850963,3051.276220703125,3065.1965335493232,3075.5022705078127,3095.1704534128276,3230.196318359375,3137.5810826602115,1.0070399072608556,1.011307352390666,1.0033411796709113,0.9552911872982227,55.75191235224788,45.45167885135067,45.43495962800401,-43.91976095642758,-52.661346891299694,8.741585934872113,3186.1852640511975,2964.819276964428,3075.5022705078127,0.07197718213689325,0.5464199843855618,0.36024909031742736,1979229.9,0.8827973950878572,0.001119322859310934,-0.1529684686140157,-0.00610429253303435,-0.14932641196572372,0.0008422383613411188,-0.294285775362795,0.004696126197157868,-0.7860414570650198,1
2021-11-15,0.007728484707319128,0.007698772955740368,0.01170745422131454,0.007171215654230477,3073.0541015625,3080.1746358046476,3064.889013671875,3073.2747028755825,3072.9578369140627,3096.5472164062485,3227.4915185546874,3136.4848231379974,1.011900982564106,1.0145967605914308,1.0119326817599654,0.9634809098541895,63.10743685873551,49.129891692008755,47.70844165776116,-37.452693255975646,-49.61961616423489,12.166922908259245,3177.8972629369287,2968.0184108911967,3072.9578369140627,0.06829864358194296,0.6747133051866385,0.035425772595820026,1764095.5,1.0255436851349602,0.010850650776723647,0.36024909031742736,0.001119322859310934,-0.1529684686140157,-0.00610429253303435,-0.14932641196572372,-0.0016815646557992725,6.6782708341565575,1
2021-11-16,0.0008722598596375697,0.0008718796620775194,0.009433710985655727,-0.003530428034813602,3081.927978515625,3090.8960462655987,3071.8900634765623,3080.377278205022,3068.9868774414062,3098.05118314732,3222.7132177734375,3135.537922904645,1.0098674884305772,1.0131673995081583,1.0141258309264052,0.9657511099724242,63.90364093860679,49.54659381416506,47.967344847930896,-31.74271702727674,-46.04423633684327,14.30151930956653,3160.838299450748,2977.1354554320646,3068.9868774414062,0.05985781345922047,0.7359897582297893,0.11278567863375044,1763344.1,1.141696620642562,0.007728484707319128,0.035425772595820026,0.010850650776723647,0.36024909031742736,0.001119322859310934,-0.1529684686140157,0.0008422383613411188,-0.294285775362795,0
2021-11-17,-0.009700787722757953,-0.009748146893707907,0.016028336090680342,-0.00808319566358516,3088.508984375,3087.9796070156076,3075.18935546875,3080.6989964433133,3064.0751708984376,3096.5364731823965,3217.2384912109374,3133.4441505756636,0.9979400235221713,1.0022624210227908,1.0058978832467378,0.9580100253480229,49.91430362579248,45.11640732018567,45.34343276944039,-29.31583825750795,-42.69855672097621,13.382718463468258,3140.8416790535957,2987.3086627432795,3064.0751708984376,0.050107457469882453,0.6177046999497602,-0.18889789609001373,1617894.1,1.009283611331545,0.0008722598596375697,0.11278567863375044,0.007728484707319128,0.035425772595820026,0.010850650776723647,0.36024909031742736,-0.00610429253303435,-0.14932641196572372,0
2021-11-18,-0.01311793371493608,-0.013204733734342425,0.019924044357353475,-0.011222836086043244,3086.32109375,3072.5581820208217,3073.741015625,3073.6110574593013,3058.248913574219,3091.3154121203825,3210.7813232421877,3129.8469420052943,0.9855472712126164,0.9895808776891251,0.9945937750620678,0.9473442834654906,37.193593998753,39.96319585206461,42.104885409801504,-30.30565047074424,-40.21997547092982,9.914325000185578,3122.1542116629475,2994.3436154854903,3058.248913574219,0.041792084225114025,0.3706399779247328,0.30845715083586756,1677790.0,1.273459729763558,-0.009700787722757953,-0.18889789609001373,0.0008722598596375697,0.11278567863375044,0.007728484707319128,0.035425772595820026,0.001119322859310934,-0.1529684686140157,0
2021-11-22,-0.004977339029089811,-0.004989767237751261,0.021874249502633464,-0.005749770170624634,3074.480615234375,3057.2306825451315,3069.3434814453126,3065.059171301928,3055.00654296875,3085.1497236892747,3204.6520068359373,3125.797088734253,0.9844185286440738,0.9860661414696331,0.9906936829839414,0.9444319311855617,33.467502886358716,38.20353590766729,40.9548079343007,-31.943502074752814,-38.56468079169442,6.621178716941607,3118.4286895953915,2991.584396342109,3055.00654296875,0.04152013799944914,0.27586016173207356,0.4827010041196331,1961684.5,1.6149059647461148,-0.01311793371493608,0.30845715083586756,-0.009700787722757953,-0.18889789609001373,0.0008722598596375697,0.11278567863375044,0.010850650776723647,0.36024909031742736,1
2021-11-23,0.0016915581969425553,0.0016901291237224453,0.021115653415241405,0.005587808417997178,3058.894384765625,3048.718892530088,3065.9742431640625,3058.9930151561225,3053.492541503906,3080.058827385534,3199.3544140625,3122.1068229995767,0.991108201577313,0.9888195633931071,0.9928615417566501,0.9475959584766326,35.99711737792839,39.17881914543051,41.521959856444305,-32.454287184235454,-37.34260207020263,4.888314885967176,3117.6187431905882,2989.366339817224,3053.492541503906,0.042001872161180225,0.3300442843129367,-0.32023216378108643,1924422.4,1.1190168021324216,-0.004977339029089811,0.4827010041196331,-0.01311793371493608,0.30845715083586756,-0.009700787722757953,-0.18889789609001373,0.007728484707319128,0.035425772595820026,0
2021-11-24,-0.006047516859636559,-0.006065877149922345,0.02005345100599792,-0.00832322526068698,3039.098828125,3036.932956348184,3060.5134033203126,3050.696300397623,3051.3200073242188,3073.7066613473285,3193.388798828125,3117.842284214667,0.9915311262988759,0.9845933302285876,0.9875598353339771,0.9436248680681116,31.06275113242107,36.93097230565021,40.07453245691386,-33.94718506118261,-36.66351866839862,2.716333607216015,3117.7518780482574,2984.88813660018,3051.3200073242188,0.0435430374818631,0.21430186350218064,0.003847295121667038,1962327.8,1.1016232863846702,0.0016915581969425553,-0.32023216378108643,-0.004977339029089811,0.4827010041196331,-0.01311793371493608,0.30845715083586756,0.0008722598596375697,0.11278567863375044,1
2021-11-25,0.0007551815737316669,0.0007548965676055719,0.008401274555939442,0.0005807369716637143,3025.796826171875,3029.8342104821227,3057.1529052734377,3044.321831007146,3049.71416015625,3068.1761906237734,3186.5262353515627,3113.8342228238957,0.9966421713004672,0.9864199836220738,0.9888260211886534,0.9463712193216232,32.40449065144233,37.410968955261765,40.34554602819993,-34.54843976909751,-36.2405028885384,1.6920631194408884,3117.9416774820606,2981.486642830439,3049.71416015625,0.044743548898572995,0.2502661481619078,-0.14438652829703402,1995640.8,0.9268296178350333,-0.006047516859636559,0.003847295121667038,0.0016915581969425553,-0.32023216378108643,-0.004977339029089811,0.4827010041196331,-0.009700787722757953,-0.18889789609001373,1
2021-11-26,0.00027558183064058106,0.0002755438649428356,0.02265839692574835,0.0063795905565692665,3020.747314453125,3025.3787314672486,3053.5342041015624,3039.257456903574,3047.8369995117187,3063.251579463176,3178.971904296875,3110.015930691096,0.9985832840121552,0.9878611378859703,0.9897077087523892,0.9488815454330611,32.960419720437216,37.59775053423174,40.44881891803629,-34.55949889829981,-35.90430209049069,1.3448031921908807,3117.5382986032173,2978.13570042022,3047.8369995117187,0.04573820653969697,0.27497387793992556,0.04954101358171603,2061314.5,0.9417539147956316,0.0007551815737316669,-0.14438652829703402,-0.006047516859636559,0.003847295121667038,0.0016915581969425553,-0.32023216378108643,-0.01311793371493608,0.30845715083586756,1
2021-11-29,0.016000062158794348,0.015873410336203975,0.03509427369628065,0.015911723948806737,3028.378466796875,3038.4963027489994,3051.429541015625,3043.8890911597427,3051.352880859375,3063.3925190678738,3171.1835791015624,3108.2400685193866,1.0120041067898875,1.0043592369143963,1.0043844697665243,0.9664314187010197,56.94963076462202,47.412777310408075,46.13511236970931,-30.32422953202513,-34.78828757879758,4.46405804677245,3116.8899132253227,2985.8158484934274,3051.352880859375,0.042956049283614794,0.6020687386210996,0.5359914817815934,2184763.1,1.3647909926710131,0.00027558183064058106,0.04954101358171603,0.0007551815737316669,-0.14438652829703402,-0.006047516859636559,0.003847295121667038,-0.004977339029089811,0.4827010041196331,1
2021-11-30,0.007752801291150968,0.007722902759377789,0.020614029444225673,0.010928072856989353,3039.737744140625,3055.161434905583,3049.316064453125,3051.9986562613803,3057.1025390625,3065.782917177481,3164.76576171875,3107.4656226644597,1.0160388688702184,1.0128473513199594,1.010267617705056,0.9758989864518199,64.28907654576653,51.460424222395716,48.668729125972405,-24.765018411715573,-32.78363374538118,8.018615333665608,3113.90453612579,3000.30054199921,3057.1025390625,0.037160675075497474,0.7763033148401064,0.8742199618008917,2562692.0,2.1806935831539644,0.016000062158794348,0.5359914817815934,0.00027558183064058106,0.04954101358171603,0.0007551815737316669,-0.14438652829703402,0.0016915581969425553,-0.32023216378108643,1
2021-12-01,0.013785109192059553,0.013690958836245642,0.015372575115821505,0.012107510276697436,3063.27890625,3080.4632547808055,3051.1888671875,3066.3746995831743,3061.5394653320313,3072.000438830221,3160.5175,3108.391162737667,1.0221292250414882,1.026179312661618,1.0227099568653375,0.9906817141595483,73.67229377099619,57.73763154766322,52.842078031559616,-16.73097681490117,-29.57310235928518,12.842125544384011,3126.3330727952557,2996.745857868807,3061.5394653320313,0.04232746838440467,1.0365300059784535,-0.623845698786389,2571583.4,0.8174411142955738,0.007752801291150968,0.8742199618008917,0.016000062158794348,0.5359914817815934,0.00027558183064058106,0.04954101358171603,-0.006047516859636559,0.003847295121667038,1
2021-12-02,0.01819553445069544,0.01803197674744514,0.020286009587088764,0.014961537919987392,3097.759228515625,3116.3216132132457,3061.77802734375,3088.495359673165,3068.48369140625,3083.0516665681166,3157.4846533203126,3111.5145810647437,1.0291433565047468,1.0412375755547219,1.038962122890438,1.009676587572859,81.33054530116696,64.37647702515116,57.67679483897539,-5.701103476735625,-24.79870258277527,19.097599106039645,3153.1892645573794,2983.7781182551203,3068.48369140625,0.05521005269694622,1.205707040424417,0.4998863051455722,2723585.8,1.1576422523571683,0.013785109192059553,-0.623845698786389,0.007752801291150968,0.8742199618008917,0.016000062158794348,0.5359914817815934,0.0007551815737316669,-0.14438652829703402,0
2021-12-03,-0.0006726039298663444,-0.0006728302293685595,0.009641625070089574,-0.0016454359940060296,3131.644482421875,3139.5124231317477,3076.1958984375,3106.2042111814526,3074.96845703125,3092.846178606272,3153.7197802734377,3114.431422708038,1.017323026560448,1.0356603246844485,1.036073731320351,1.0102020042796962,80.30482067772108,63.969171865029615,57.44405189796011,2.834450776369522,-19.272071910946316,22.106522687315838,3173.62786844129,2976.3090456212103,3074.96845703125,0.06416938110987408,1.0621642393368855,-0.21144564212807226,2758552.3,0.9012926816721946,0.01819553445069544,0.4998863051455722,0.013785109192059553,-0.623845698786389,0.007752801291150968,0.8742199618008917,0.00027558183064058106,0.04954101358171603,0
2021-12-06,-0.028581649056946712,-0.028998058016632706,0.03845718916287321,-0.02858164518774137,3137.665380859375,3124.6202612544985,3083.021923828125,3104.137252330279,3076.1827026367187,3093.0356794532936,3148.1477099609374,3113.6629723077226,0.9863499009101969,1.00383195902065,1.0060637604025577,0.9830656699200436,49.423622780464854,49.613771565047564,48.6843427634976,2.2256549455250934,-14.972526539652035,17.19818148517713,3175.191906783551,2977.1734984898862,3076.1827026367187,0.06437147186476777,0.5941994990466657,-0.2560553730639116,2626722.9,0.7041633512236863,-0.0006726039298663444,-0.21144564212807226,0.01819553445069544,0.4998863051455722,0.013785109192059553,-0.623845698786389,0.016000062158794348,0.5359914817815934,1
2021-12-07,0.013601365303592905,0.013509697008487375,0.02056073404153297,0.006175438596491245,3147.35302734375,3128.723484716541,3093.5453857421876,3110.099557659433,3079.759814453125,3097.216084423516,3143.29349609375,3114.575402085484,0.9966882978767966,1.0140242150958547,1.0185631739589576,0.9979755105716239,58.11120130625443,54.677229830284695,52.220844792032295,5.081240024365798,-10.96177322684847,16.04301325121427,3182.065133570488,2977.4544953357617,3079.759814453125,0.06643720632839642,0.7794093097051753,-0.19743496309015474,2559822.6,0.579906591964615,-0.028581649056946712,-0.2560553730639116,-0.0006726039298663444,-0.21144564212807226,0.01819553445069544,0.4998863051455722,0.007752801291150968,0.8742199618008917,1
2021-12-08,0.011828904732052115,0.011759490101622836,0.012531349746516197,0.007192419423424124,3155.946923828125,3143.8277821287356,3109.6129150390625,3121.7244338946493,3085.0631591796873,3104.532302759669,3139.1455859375,3116.90720502147,1.0057318622782978,1.0207175181201784,1.0288399987885808,1.011114741276074,64.4001148942944,58.62446419884436,55.08585186203367,10.220674227595737,-6.7252837359596285,16.945957963555365,3195.079922084403,2975.046396274972,3085.0631591796873,0.07132221107198905,0.9043620963947856,-0.037588129808994286,2486514.0,0.5745634249394936,0.013601365303592905,-0.19743496309015474,-0.028581649056946712,-0.2560553730639116,-0.0006726039298663444,-0.21144564212807226,0.013785109192059553,-0.623845698786389,0
2021-12-09,-0.0069343142330737795,-0.0069584683161140965,0.019087943360866253,-0.0022853185595568277,3148.744580078125,3146.560725195199,3123.251904296875,3127.233920700736,3090.2024047851564,3109.055570242379,3135.15755859375,3118.2844366413387,1.0010423300990385,1.0092130599493632,1.0200065233420421,1.0053806076470178,58.339037409014544,55.53492704802026,53.10268579309824,12.375056767418755,-2.9052156352839518,15.280272402702707,3202.622270131276,2977.782539439037,3090.2024047851564,0.07275890095227294,0.7749701147240462,0.09750185488499707,2458347.8,0.6378092636037912,0.011828904732052115,-0.037588129808994286,0.013601365303592905,-0.19743496309015474,-0.028581649056946712,-0.2560553730639116,0.01819553445069544,0.4998863051455722,1
2021-12-10,0.00973122993089226,0.009684186460576387,0.018395265465668564,0.014449107065027831,3148.105712890625,3158.607052473883,3139.87509765625,3137.3186091244656,3096.7046508789062,3116.069297555605,3132.7927197265626,3120.8105256762374,1.0109888286149262,1.0136389531567565,1.0277698604960395,1.015930510496412,63.86800580066125,58.79405415148412,55.449625144147156,16.368793665051726,0.9495862247831837,15.419207440268542,3214.5956799862415,2978.813621771571,3096.7046508789062,0.07613966612791145,0.8647226460040845,-0.03650546539222699,2415294.5,0.6254798327905768,-0.0069343142330737795,0.09750185488499707,0.011828904732052115,-0.037588129808994286,0.013601365303592905,-0.19743496309015474,-0.0006726039298663444,-0.21144564212807226,0
2021-12-13,-0.0074652866472164625,-0.0074932913621152,0.016705234706826257,-0.011054821275684946,3160.926513671875,3158.718015451339,3149.295947265625,3141.249760448426,3100.362744140625,3120.1522160175714,3129.7299462890624,3122.305796881336,0.99937152216066,1.0030622698857496,1.018893659258527,1.0093330720600422,57.028312050126246,55.406308984432535,53.28092507392436,17.415884931971505,4.242845966220848,13.173038965750656,3221.1747320771697,2979.5507562040807,3100.362744140625,0.07793409862434132,0.742431228333036,0.24699910903292333,2305506.4,0.8171150598410831,0.00973122993089226,-0.03650546539222699,-0.0069343142330737795,0.09750185488499707,0.011828904732052115,-0.037588129808994286,-0.028581649056946712,-0.2560553730639116,1
2021-12-14,0.003920081106618678,0.0039124176098345445,0.01608809758887717,0.005214992740117932,3167.80517578125,3162.9197576967263,3157.5791015625,3146.717666219167,3103.4475830078127,3125.0256470813742,3127.2004736328126,3124.2280496384406,1.0011105690568178,1.0043527462600061,1.0218710506184556,1.014109350816077,59.65542931149014,56.8033412441089,54.259922044600984,19.025625617299283,7.199401896436536,11.826223720862748,3228.136743154927,2978.7584228606984,3103.4475830078127,0.08035525447880613,0.7721794705313771,-0.07264696389972947,1921362.5,0.9092542401550983,-0.0074652866472164625,0.24699910903292333,0.00973122993089226,-0.03650546539222699,-0.0069343142330737795,0.09750185488499707,0.013601365303592905,-0.19743496309015474,0
2021-12-15,-0.014749717854244948,-0.014859576537356738,0.01816351222778414,-0.01371544263639509,3157.90732421875,3150.128878178026,3156.9271240234375,3142.686657659432,3104.057995605469,3124.980072991779,3124.5276953125,3124.240562167938,0.9894359771668162,0.9897431889902023,1.0066007540980753,1.000006216564556,46.994199492217874,50.382588110656144,50.096312697421446,16.338573596453898,9.027236236440007,7.311337360013891,3229.0344867634717,2979.081504447466,3104.057995605469,0.08052458513013395,0.5819719106581913,-0.08229732336504658,1871474.0,0.8566685938463479,0.003920081106618678,-0.07264696389972947,-0.0074652866472164625,0.24699910903292333,0.00973122993089226,-0.03650546539222699,0.011828904732052115,-0.037588129808994286,1
2021-12-16,0.0031511597969862137,0.0031462052985021726,0.010735411582391887,-0.0001116421953517952,3154.380615234375,3144.883607587434,3151.56259765625,3141.178731977035,3106.6703125,3125.8765485550616,3121.29890625,3124.6386995890484,0.9936635583126547,0.9945520576799685,1.0089236227592946,1.0041950997163491,49.62001392636352,51.62217338766269,50.9285407738156,14.832570528987617,10.18830309494953,4.6442674340380865,3231.8895167896685,2981.4511082103313,3106.6703125,0.08061312704205306,0.6106968937532907,0.2925881640410346,1763412.2,1.1751761726498207,-0.014749717854244948,-0.08229732336504658,0.003920081106618678,-0.07264696389972947,-0.0074652866472164625,0.24699910903292333,-0.0069343142330737795,0.09750185488499707,1
2021-12-17,0.0007675367025707924,0.0007672422969110305,0.021663661296687876,-0.00503814083102012,3145.200439453125,3142.1886810999563,3146.653076171875,3140.3823858221194,3111.4244873046873,3126.9167656569603,3117.0700830078126,3125.115567374772,0.9973287516996577,0.9968683398492524,1.0081552166616434,1.0063292593980275,50.32155088746949,51.93812660724121,51.137599801966104,13.675534068747766,10.885749289709178,2.7897847790385875,3233.6012281511253,2989.2477464582494,3111.4244873046873,0.07853427993830259,0.6038427635428797,1.0913719888820261,1948185.1,2.224630503538909,0.0031511597969862137,0.2925881640410346,-0.014749717854244948,-0.08229732336504658,0.003920081106618678,-0.07264696389972947,0.00973122993089226,-0.03650546539222699,0
2021-12-20,-0.007658272734008653,-0.007687747886915453,0.0269476511253778,-0.008944022751811062,3135.967724609375,3132.384576462471,3148.447119140625,3135.363109706734,3115.734521484375,3125.570061040821,3112.7521240234373,3124.63167717135,0.9926047206290161,0.9886703665002761,0.9990505756262361,1.0000077883374894,43.29778720317807,48.529849149516316,48.95106552920038,10.696855809229419,10.847970593613226,-0.15111478438380743,3231.5505481946084,2999.9184947741414,3115.734521484375,0.07434267965491313,0.4872290805473923,-0.46647109639334816,1994451.9,1.1593711535485012,0.0007675367025707924,1.0913719888820261,0.0031511597969862137,0.2925881640410346,-0.014749717854244948,-0.08229732336504658,-0.0074652866472164625,0.24699910903292333,1
2021-12-21,0.014450743737300042,0.014347326850031074,0.020729996900456703,0.007159545918119029,3133.254736328125,3140.842484568731,3150.5299560546873,3139.4349626293733,3122.0376708984377,3128.635607682767,3107.9013330078124,3125.9307604501696,1.0078204826977588,1.0022943266140578,1.0114414474289584,1.0160420046942695,56.547303411424764,54.544866772148545,52.90980029008629,11.829534430370131,11.04428336096461,0.7852510694055219,3232.4691661737265,3011.606175623149,3122.0376708984377,0.07074321767777367,0.6617320755902392,0.012402748766385141,2080105.0,1.1254186687691246,-0.007658272734008653,-0.46647109639334816,0.0007675367025707924,1.0913719888820261,0.0031511597969862137,0.2925881640410346,0.003920081106618678,-0.07264696389972947,1
2021-12-22,0.006221732838376015,0.006202457766868456,0.00841425293069612,0.0018625827814570531,3143.826318359375,3153.0299994781126,3150.8668212890625,3146.338611114373,3130.2398681640625,3133.280314503158,3102.696669921875,3127.9493592284716,1.0106808416041964,1.0084225102211573,1.0150675868685026,1.024078525013172,61.170674694232225,56.913301849122945,54.52700394864327,14.14941158572583,11.665309005916855,2.484102579808974,3231.1209851054678,3029.3587512226572,3130.2398681640625,0.06445583801255059,0.7337660533646124,-0.477003950039919,2059671.8,0.594428685191495,0.014450743737300042,0.012402748766385141,-0.007658272734008653,-0.46647109639334816,0.0007675367025707924,1.0913719888820261,-0.014749717854244948,-0.08229732336504658,1
2021-12-23,0.008800005470757544,0.008761511091607574,0.011057416807249485,0.004029591878255172,3158.020947265625,3170.475403297909,3156.20078125,3157.070901991305,3139.7263427734374,3140.1456379730953,3102.4193896484376,3130.985314197453,1.0149920676469448,1.0155774087566216,1.0209062386329124,1.033182754605182,67.00056757160556,60.09973145302624,56.746770477528266,18.036253914265217,12.939497987586527,5.096755926678689,3230.935136526377,3048.517549020498,3139.7263427734374,0.0580998366070155,0.8598330021876159,0.46436330787174684,2082162.2,0.8610573182050851,0.006221732838376015,-0.477003950039919,0.014450743737300042,0.012402748766385141,-0.007658272734008653,-0.46647109639334816,0.0031511597969862137,0.2925881640410346,1
2021-12-24,0.0022386013444861685,0.0022360994096904054,0.016399235275644304,-0.003826349431818071,3173.16953125,3184.4975182142316,3159.1849853515623,3167.156510365045,3149.5300415039064,3147.0405055991696,3102.8577392578127,3134.1836057209603,1.0124078516477388,1.0168894075347648,1.0200067012260916,1.035349351470847,68.42013705579981,60.89889149526742,57.30831630608613,21.448366916413306,14.641271773351884,6.807095143061423,3226.7082488473898,3072.351834160423,3149.5300415039064,0.04900934826875352,0.9082221439954776,0.23262372264219033,2152082.7,1.0268764299810595,0.008800005470757544,0.46436330787174684,0.006221732838376015,-0.477003950039919,0.014450743737300042,0.012402748766385141,0.0007675367025707924,1.0913719888820261,1
2021-12-27,0.006865031164858149,0.006841574132722644,0.012689023864231968,0.0068374006146145055,3197.533447265625,3201.196994564696,3166.7505859375,3179.4182261651504,3158.0232666015627,3155.379119091213,3103.696123046875,3138.121344605065,1.011590965539921,1.0214242831846005,1.0242470286631118,1.04217546403681,72.64043439829754,63.32992688031794,59.02508165894018,25.636558329661057,16.84032908461372,8.796229245047336,3233.369251762828,3082.6772814402975,3158.0232666015627,0.047717181794133576,1.0081404171713437,-0.30579707980775805,2117109.8,0.7246364831904326,0.0022386013444861685,0.23262372264219033,0.008800005470757544,0.46436330787174684,0.006221732838376015,-0.477003950039919,-0.007658272734008653,-0.46647109639334816,1
2021-12-28,0.002827252516339973,0.002823263355086371,0.00840401503646192,-0.0009299059762466662,3214.72998046875,3215.378318642089,3173.9923583984373,3191.1132699163727,3165.7857299804687,3163.7945331584187,3105.3606396484374,3142.2632905733717,1.0090243928741707,1.0219750397992868,1.0246242934504879,1.044561757298535,74.30183749038119,64.32052765013927,59.73014855998884,29.355267595186433,19.343316786728263,10.01195080845817,3242.84785545011,3088.7236045108275,3165.7857299804687,0.0486843596140138,1.00579474898546,-0.05078888103067858,2088030.9,0.6974120928957517,0.006865031164858149,-0.30579707980775805,0.0022386013444861685,0.23262372264219033,0.008800005470757544,0.46436330787174684,0.014450743737300042,0.012402748766385141,0
2021-12-29,-0.003197037443580353,-0.003202158886330781,0.009459482944153597,0.0006635388101767191,3225.923095703125,3221.3757475843095,3184.87470703125,3198.7964218349866,3170.900915527344,3170.4208257594028,3106.192890625,3145.8361264516216,1.0023086445475236,1.0152269407428918,1.0197009277822284,1.0409432766482705,68.77646327504058,62.26636726892269,58.53093577893701,31.106987995332474,21.696051028449105,9.41093696688337,3251.5630148128585,3090.238816241829,3170.900915527344,0.05087645526262048,0.8872307471213097,0.00048413081008469305,2073399.9,0.7026734205977342,0.002827252516339973,-0.05078888103067858,0.006865031164858149,-0.30579707980775805,0.0022386013444861685,0.23262372264219033,0.006221732838376015,-0.477003950039919,1
2021-12-30,0.010569103358334608,0.010513640835922563,0.0160696350853699,0.0142338818514194,3238.358740234375,3236.7653095874566,3198.18984375,3211.29606033658,3174.876220703125,3179.670693172198,3107.936162109375,3150.6090012415093,1.009012495433802,1.0216855762891264,1.029187976616645,1.0513550675301027,75.71846618505263,66.10760697864114,61.22462623635148,34.851040261881735,24.32704887513563,10.523991386746104,3265.719039778367,3084.033401627883,3174.876220703125,0.05722605403187874,1.0100469901416813,0.3497453194163316,2062815.4,0.9532966449639653,-0.003197037443580353,0.00048413081008469305,0.002827252516339973,-0.05078888103067858,0.006865031164858149,-0.30579707980775805,0.008800005470757544,0.46436330787174684,1
2021-12-31,0.001232155561675663,0.0012313970809917755,0.0076771705223296636,-0.0011889363882177434,3250.164501953125,3248.3670586051794,3211.6670166015624,3222.255059664588,3179.160046386719,3188.4230611215717,3110.202763671875,3155.3525916493177,1.0065861450011642,1.0186518526763244,1.0290675866913135,1.051883367494099,76.43848864572985,66.53977216798424,61.53371725367249,37.70842390167172,27.00332388044285,10.705100021228873,3279.2834380920085,3079.0366546814294,3179.160046386719,0.0629873238493199,0.9614831193789052,-0.3861396661539048,1750130.3,0.6897435008124824,0.010569103358334608,0.3497453194163316,-0.003197037443580353,0.00048413081008469305,0.002827252516339973,-0.05078888103067858,0.0022386013444861685,0.23262372264219033,1
2022-01-03,0.021239365858496395,0.021016954269803916,0.02226442276209812,0.018066666666666658,3271.456640625,3279.2635859451198,3234.4950439453123,3243.8553471119353,3191.471081542969,3202.9595925028507,3115.1954345703125,3162.6351033738542,1.0212749266292287,1.0329453578477918,1.0468704103092519,1.072503061460682,85.24706774297327,72.9504394625783,66.38897451671315,45.06043859368856,30.61474682309199,14.445691770596568,3306.529491046057,3076.412672039881,3191.471081542969,0.07210368294953264,1.1500418340913023,0.9435658303379639,1753515.1,1.3379742210375034,0.001232155561675663,-0.3861396661539048,0.010569103358334608,0.3497453194163316,-0.003197037443580353,0.00048413081008469305,0.006865031164858149,-0.30579707980775805,1
2022-01-04,0.017549547795800535,0.01739733277142806,0.019936920309382943,0.01400378506856854,3302.64658203125,3319.4059485727885,3258.68828125,3272.189042878515,3204.6091186523436,3221.695885962401,3121.9497412109376,3171.9314002544143,1.029383734949075,1.0432696779834487,1.0608753042735584,1.0889639346050002,89.21605095593404,76.9615467434093,69.76974066176714,54.984413566956846,35.488680171864964,19.495733395091882,3348.2201831173643,3060.998054187323,3204.6091186523436,0.08962781989799397,1.1792009929823246,0.06071543348742914,1768276.8,1.4073622410247084,0.021239365858496395,0.9435658303379639,0.001232155561675663,-0.3861396661539048,0.010569103358334608,0.3497453194163316,0.002827252516339973,-0.05078888103067858,0
2022-01-05,-0.006126476493976796,-0.006145320354828367,0.014918633596575689,-0.0010478780926585253,3331.744970703125,3339.2248153245673,3278.834033203125,3291.5842257784443,3214.8504272460937,3236.6641395686606,3128.3907568359373,3180.0463472573047,1.0141420122306228,1.0305073433458545,1.0510170302767483,1.0800641005107416,80.26684870706976,72.83011888985374,67.24686909301948,60.47150178171751,40.485244493835474,19.986257287882033,3376.3760082186764,3053.324846273511,3214.8504272460937,0.10048715150393407,1.0076970489580555,-0.30361375002712365,1819147.1,0.9526612773645408,0.017549547795800535,0.06071543348742914,0.021239365858496395,0.9435658303379639,0.001232155561675663,-0.3861396661539048,-0.003197037443580353,0.00048413081008469305,0
2022-01-06,-0.013856898871741241,-0.013953801920154704,0.016546507717221406,-0.0011936119696025435,3344.644482421875,3336.830540945545,3291.501611328125,3298.940183307363,3223.8511962890625,3245.7477445799786,3134.0765234375,3186.006960783979,0.9962320389205463,1.0123166826714745,1.0335594881125327,1.0631654866336413,63.548913310815706,64.45392305435294,61.95869221967145,60.34639541703018,44.45747467847442,15.888920738555761,3390.356043499152,3057.346349078973,3223.8511962890625,0.10329561575407148,0.8248878267247276,0.044582006900049764,1820890.3,0.994180154619968,-0.006126476493976796,-0.30361375002712365,0.017549547795800535,0.06071543348742914,0.021239365858496395,0.9435658303379639,0.010569103358334608,0.3497453194163316,1
2022-01-07,0.012094993245918673,0.012022433303850442,0.01777604774879972,0.008769633507853425,3364.798974609375,3348.6680331564057,3307.48173828125,3312.286153174774,3233.333361816406,3257.8044372464688,3140.4431640625,3193.3142571288477,1.0022420486411454,1.019610472386336,1.0429926766609758,1.0738430346931156,69.85413658630924,67.8784209024616,64.48298206725285,62.77556601241622,48.12109294526279,14.654473067153432,3410.6339356350627,3056.0327879977494,3233.333361816406,0.10967045706605,0.8920169370232786,0.35922251259878935,1845957.1,1.3329621798903126,-0.013856898871741241,0.044582006900049764,-0.006126476493976796,-0.30361375002712365,0.017549547795800535,0.06071543348742914,0.001232155561675663,-0.3861396661539048,1
2022-01-10,0.006837631216763063,0.006814360633323114,0.030155804233436088,-0.024673178065296588,3375.668017578125,3364.245973927187,3323.5623291015627,3327.3980990464056,3245.156457519531,3270.9089532676385,3148.4629248046876,3201.2392609853146,1.0058459059919,1.0216152186279615,1.0462983526113439,1.0784315828268427,72.97467172639686,69.6783838684452,65.84459552048406,65.80282273782632,51.6574389037755,14.145383834050818,3432.30002335947,3058.0128916795925,3245.156457519531,0.11533716065140587,0.901417482014107,0.600059497901114,2086252.8,1.887159600217193,0.012094993245918673,0.35922251259878935,-0.013856898871741241,0.044582006900049764,-0.006126476493976796,-0.30361375002712365,0.021239365858496395,0.9435658303379639,1
2022-01-11,0.009291704961170044,0.009248802623107785,0.01762047082937478,0.015534207039354129,3381.120068359375,3385.1476251962504,3341.8833251953124,3345.498613353309,3257.937841796875,3285.7700936930423,3157.53197265625,3210.090698897043,1.0135549340006842,1.02545498877765,1.0518773206072842,1.085325804270947,76.80693594490961,71.99097341639654,67.62751548004039,69.94145046424819,55.31424121587004,14.62720924837815,3457.6597390490115,3058.2159445447387,3257.937841796875,0.12260632765294396,0.9231210705056829,-0.5158594211158896,2131241.6,0.8943641115113369,0.006837631216763063,0.600059497901114,0.012094993245918673,0.35922251259878935,-0.013856898871741241,0.044582006900049764,0.017549547795800535,0.06071543348742914,0
2022-01-12,-0.01430063324302544,-0.01440387274072129,0.02395138566047762,-0.016586012141719807,3380.93623046875,3382.7462032558337,3356.3406005859374,3351.397658084525,3270.6076538085936,3294.548499948467,3164.2442724609373,3216.6731561706883,0.999114780377465,1.0064364024274806,1.0328182762739564,1.0675355846493677,61.104097822102894,63.84514370623528,62.32141375882569,68.47747584557692,57.94688814181142,10.530587703765498,3466.9960128526855,3074.2192947645017,3270.6076538085936,0.1200928878249272,0.7732741036405016,0.6807795579049645,2305923.7,1.3893538628359645,0.009291704961170044,-0.5158594211158896,0.006837631216763063,0.600059497901114,0.012094993245918673,0.35922251259878935,-0.006126476493976796,-0.30361375002712365,1
2022-01-13,0.009844712973118952,0.00979656950093183,0.01693219468265859,-0.005130193378318016,3396.76748046875,3392.230216233056,3370.7059814453123,3362.270491557793,3284.4479125976563,3305.657999209327,3171.4851611328127,3224.301590916446,1.0042483807919518,1.0120129910366211,1.0385910609523406,1.0755838570498197,66.52248445156243,66.60634570212211,64.31623670517237,69.20292825364822,60.198096164178786,9.004832089469438,3479.4977433039285,3089.398081891384,3284.4479125976563,0.11877176067134401,0.8249178149267878,1.0864672707931722,2777726.9,2.4064665968421877,-0.01430063324302544,0.6807795579049645,0.009291704961170044,-0.5158594211158896,0.006837631216763063,0.600059497901114,-0.013856898871741241,0.044582006900049764,1
2022-01-14,0.018022700394810576,0.01786221689229578,0.02947216059121141,0.023286048303434056,3416.834326171875,3419.0458928532876,3390.816650390625,3382.3444469279666,3301.241833496094,3321.5645941507005,3179.8147314453126,3234.041812688105,1.0163434672539244,1.0241418525810573,1.051930582866782,1.09210049621832,74.25714203971947,71.01372150922187,67.64172773547153,73.8869732923381,62.93587158981065,10.951101702527446,3500.3455735677653,3102.1380934244226,3301.241833496094,0.1206235411483416,0.9305178108054235,-0.4991219247732106,2991825.1,1.1190904842666103,0.009844712973118952,1.0864672707931722,-0.01430063324302544,0.6807795579049645,0.009291704961170044,-0.5158594211158896,0.012094993245918673,0.35922251259878935,1
2022-01-17,0.012852284498279909,0.012770394790047932,0.02007886073739515,0.00662457772818914,3441.215771484375,3451.8002892459417,3408.44189453125,3406.8834714921995,3321.468469238281,3340.2069263298004,3188.749892578125,3245.1503330545033,1.0221123334309408,1.0319404557474412,1.058962056875368,1.1030369895794752,78.47016067304267,73.72492838885236,69.7879401190432,80.27516673598575,66.40373061904567,13.871436116940075,3522.0650716932246,3120.8718667833377,3321.468469238281,0.120787901082166,0.9881453882972847,0.028219094698731295,3101469.7,1.1099911761188574,0.018022700394810576,-0.4991219247732106,0.009844712973118952,1.0864672707931722,-0.01430063324302544,0.6807795579049645,0.006837631216763063,0.600059497901114,0
2022-01-18,-0.007103541650673173,-0.0071288919251545286,0.015461321521069592,-0.010746254673544352,3454.29033203125,3465.308102986878,3417.7052001953125,3422.4180640333907,3338.196740722656,3354.6942410097004,3197.28861328125,3254.8434074629054,1.011010481106588,1.0218329334751204,1.0461707327989087,1.0922766609063537,70.8926692960808,69.78955433082831,67.1692281041867,82.37221142632507,69.59742678050156,12.774784645823502,3537.188591952367,3139.2048894929453,3338.196740722656,0.11922116441023958,0.8872696012264688,-0.30603665132556634,3091513.2,0.772773993007696,0.012852284498279909,0.028219094698731295,0.018022700394810576,-0.4991219247732106,0.009844712973118952,1.0864672707931722,0.009291704961170044,-0.5158594211158896,0
2022-01-19,-0.017308678814123457,-0.017460225253572294,0.025928244551123435,-0.02426473022339239,3465.076904296875,3454.1641422256275,3423.0065673828126,3424.1377288824333,3350.920300292969,3362.0449057424075,3204.566748046875,3261.785870727228,0.9904184857910139,1.0025911879354337,1.0241593094300327,1.0709329811260104,55.7087451904977,61.2686170366922,61.32377118604047,78.25445692689664,71.32883280978058,6.925624117116058,3539.4264675249883,3162.4141330609496,3350.920300292969,0.11251008698448507,0.7147301640017776,0.2986545647395755,3228464.0,0.9609953835632052,-0.007103541650673173,-0.30603665132556634,0.012852284498279909,0.028219094698731295,0.018022700394810576,-0.4991219247732106,-0.01430063324302544,0.6807795579049645,0
2022-01-20,-0.02250514246852009,-0.022762247973815174,0.02848518864489465,-0.021342698509430894,3453.76552734375,3420.989880624377,3425.26650390625,3411.502024980514,3358.3840576171874,3361.339805902357,3210.6747412109376,3265.4272623623124,0.9712996817134514,0.9793811236574345,0.9988855651613687,1.0448399877954124,42.22679842211651,52.455880668913494,54.912507366902794,67.97532163651067,70.6581305751266,-2.682808938615935,3534.671649518995,3182.09646571538,3358.3840576171874,0.10498358072059545,0.48938467490838183,0.9908777939616553,3665112.3,1.6852896976717466,-0.017308678814123457,0.2986545647395755,-0.007103541650673173,-0.30603665132556634,0.012852284498279909,0.028219094698731295,0.009844712973118952,1.0864672707931722,1
2022-01-21,0.0018163675545432856,0.001814719953794022,0.020986031347821732,0.006960861570790611,3431.377001953125,3400.9047934631267,3424.1056640625,3402.2715875550793,3365.793701171875,3361.282169067906,3216.836337890625,3269.164805765384,0.9794128180108771,0.98149267249928,0.998496912621386,1.044732857421139,43.48564058632466,53.02988537707537,55.29963273773423,59.63329268130474,68.45316299636224,-8.8198703150575,3528.9035198948527,3202.6838824488973,3365.793701171875,0.09692205358051947,0.48449179187721914,-0.4961193347467999,3730289.0,0.8343476872703428,-0.02250514246852009,0.9908777939616553,-0.017308678814123457,0.2986545647395755,-0.007103541650673173,-0.30603665132556634,0.018022700394810576,-0.4991219247732106,0
2022-01-24,-0.016212333830879055,-0.016345191628616546,0.029047901109891913,-0.01787757873535159,3389.1650390625,3369.3529515014598,3415.1904052734376,3384.8129839229055,3369.3763671875,3356.0409403545937,3221.24576171875,3270.6190983854917,0.9755350446116632,0.9681010061614441,0.9812644558725659,1.0263883950953248,35.431622498642085,47.50671709413676,51.17423229940232,48.07152351561581,64.37683510021296,-16.30531158459715,3523.7136885621944,3215.0390458128054,3369.3763671875,0.09161180263368655,0.2954898431335437,0.046927763451376725,3662421.2,0.8896884935026041,0.0018163675545432856,-0.4961193347467999,-0.02250514246852009,0.9908777939616553,-0.017308678814123457,0.2986545647395755,0.012852284498279909,0.028219094698731295,0
2022-01-25,-0.00038434850196755743,-0.0003844223827843004,0.023130574665301617,0.00010608896239545419,3351.69599609375,3347.894806209307,3402.9931640625,3370.297626050559,3372.4382446289064,3351.1778522851087,3225.152802734375,3271.9665265125313,0.9860615400313163,0.9711975182693315,0.9799967489067158,1.0247509863169728,35.253957277640595,47.382765048154695,51.080912705677456,38.36396320417907,59.174260721006185,-20.810297516827113,3518.913752090603,3225.96273716721,3372.4382446289064,0.08686623554633197,0.26972351837884145,0.022123339759772653,3804860.7,0.8753279719281181,-0.016212333830879055,0.046927763451376725,0.0018163675545432856,-0.4961193347467999,-0.02250514246852009,0.9908777939616553,-0.007103541650673173,-0.30603665132556634,0
2022-01-27,-0.032003609020245904,-0.03252692003921058,0.02967727743714461,-0.02191101581345487,3305.16220703125,3298.332295936413,3385.1195556640623,3339.1902895669346,3370.730078125,3336.7044640094437,3226.8901708984376,3269.1132225469664,0.9679425925253468,0.9450795526667989,0.9491140498470924,0.9914211844712071,23.709252301880724,38.40148576128079,44.05904430911357,21.883536808098597,51.71611593842467,-29.832579130326074,3524.278881582638,3217.1812746673622,3370.730078125,0.09110714883646263,-0.058528620451594814,0.7169479907077043,4056316.0,1.4097267076825375,-0.00038434850196755743,0.022123339759772653,-0.016212333830879055,0.046927763451376725,0.0018163675545432856,-0.4961193347467999,-0.017308678814123457,0.2986545647395755,1
2022-01-28,0.01118059565689844,0.011118554804756754,0.022709732312367337,0.012081746798717761,3281.22919921875,3277.2136367440676,3367.49736328125,3320.242294801924,3369.101672363281,3327.016069185627,3229.9467626953124,3267.7745204219627,0.9859037945686977,0.9606470234047197,0.9601895795831467,1.0015571636418754,32.43821421723237,42.379096434307726,46.66253157945572,11.575507739637942,43.68799429866733,-32.112486559029385,3527.6040049410944,3210.5993397854677,3369.101672363281,0.09409174788520451,0.0768978543641935,-0.45021008877293367,3702251.5,0.849175697545129,-0.032003609020245904,0.7169479907077043,-0.00038434850196755743,0.022123339759772653,-0.016212333830879055,0.046927763451376725,-0.02250514246852009,0.9908777939616553,1
2022-01-31,0.012519788931149023,0.01244206443092055,0.009795944504851202,-0.0034009069085088974,3264.177783203125,3276.6349375168784,3347.777392578125,3312.1032483038466,3369.297021484375,3322.107637745329,3234.6220068359376,3268.0765995843367,1.0034617464519002,0.978403625738106,0.9721545824474264,1.0126306975406152,41.30913711001174,46.58501286599407,49.45905845242375,6.598368579815542,36.270069154896966,-29.671700575081424,3527.326983035767,3211.2670599329826,3369.297021484375,0.09380589514294035,0.2031591936717511,-0.12865354777022653,3641378.5,0.7522955935506292,0.01118059565689844,-0.45021008877293367,-0.032003609020245904,0.7169479907077043,-0.00038434850196755743,0.022123339759772653,0.0018163675545432856,-0.4961193347467999,1
2022-02-01,0.017236722102484503,0.017089855076685916,0.01883890900135168,0.00812994757128644,3269.31513671875,3295.0686367300023,3329.240087890625,3315.709209549738,3368.8409912109373,3323.043675593988,3240.7292138671874,3270.5808911753925,1.0191541334557148,1.0008097785664154,0.9890452068972773,1.0281439192447137,51.636577420873216,51.86012186096399,53.06126391930709,7.127517147776871,30.441558753472947,-23.314041605696076,3527.246489004287,3210.4354934175876,3368.8409912109373,0.0940415402250318,0.38351112629047684,-0.23151990240173648,3507635.0,0.6001676343177098,0.012519788931149023,-0.12865354777022653,0.01118059565689844,-0.45021008877293367,-0.032003609020245904,0.7169479907077043,-0.016212333830879055,0.046927763451376725,1
2022-02-02,0.014615892452964241,0.014510109789815602,0.016428115361859893,0.007393100538182108,3284.446484375,3323.5908424554186,3318.071240234375,3327.5139448872856,3367.888220214844,3328.5285878142035,3247.7080126953124,3274.896748537387,1.029286143034708,1.0188555365880136,1.003784874336059,1.0409295542244943,58.91226266879795,55.90525241117397,55.90750581317611,11.345704932957233,26.622387989369805,-15.276683056412573,3525.7683994137033,3210.0080410159844,3367.888220214844,0.09375618718651414,0.5403693286772576,-0.057457144770799884,3467152.1,0.5722887092262263,0.017236722102484503,-0.23151990240173648,0.012519788931149023,-0.12865354777022653,0.01118059565689844,-0.45021008877293367,-0.00038434850196755743,0.022123339759772653,0
2022-02-03,-0.008194506250486566,-0.008228265771731424,0.01737435273627589,-0.006855336884899993,3315.191552734375,3333.3714340327792,3310.1768798828125,3332.1355216691422,3366.5917236328123,3330.8527810878504,3254.499443359375,3277.9569786805287,1.0113842786616647,1.0129164509499569,0.9959427493540639,1.0302452575399796,53.56441370219372,53.16831869895997,53.95340187304602,12.311360183862234,23.760182428268294,-11.44882224440606,3524.515990941529,3208.667456324096,3366.5917236328123,0.09381848484930273,0.45675425101510536,-0.011931184772594916,3352952.0,0.5847199721320198,0.014615892452964241,-0.057457144770799884,0.017236722102484503,-0.23151990240173648,0.012519788931149023,-0.12865354777022653,-0.032003609020245904,0.7169479907077043,0
2022-02-04,-0.002536332029767552,-0.0025395539689415563,0.014600632414406229,-0.00010487942737233522,3337.081982421875,3337.057111620811,3309.1555908203127,3334.370602601457,3367.211047363281,3332.145703536329,3261.0752783203125,3280.5637037046995,1.0022014695514516,1.0106591772458238,0.9932339909064369,1.025560032002541,51.877815153815206,52.321507825597195,53.35232500231952,12.249233523822568,21.45799264737915,-9.208759123556582,3524.6849980966927,3209.7370966298695,3367.211047363281,0.09353375747369486,0.4276623833329272,0.17690450274363467,2966011.0,0.7779357527669317,-0.008194506250486566,-0.011931184772594916,0.014615892452964241,-0.057457144770799884,0.017236722102484503,-0.23151990240173648,0.01118059565689844,-0.45021008877293367,0
2022-02-07,-0.00941047373638193,-0.009455032007640727,0.02001856218162872,-0.0031653917172249,3344.57763671875,3329.023344596166,3304.3777099609374,3330.477004046078,3364.2416870117186,3330.318094680191,3267.0050390625,3281.833982404393,0.9905453454496879,1.0025959806471516,0.9847555909366315,1.0140651057880097,45.66903279212887,49.1985038000797,51.13846263902838,9.550327140329046,19.07645954596913,-9.526132405640084,3523.4466978522787,3205.0366761711584,3364.2416870117186,0.09464540639586075,0.3389313370412534,-0.16825115738032026,2846690.1,0.6741685721252201,-0.002536332029767552,0.17690450274363467,-0.008194506250486566,-0.011931184772594916,0.014615892452964241,-0.057457144770799884,0.012519788931149023,-0.12865354777022653,0
2022-02-08,-0.009407240321515298,-0.009451767881073901,0.021023374747467422,-0.012686130220308367,3334.5484375,3313.278909418278,3301.931787109375,3321.624828594518,3358.5610961914062,3325.6963750975533,3271.3462109375,3281.8322591360834,0.9841782479917868,0.9939000108586411,0.97714168212811,1.0031925169185951,40.12157500918691,46.254263646170386,49.02334750313458,4.840805301057117,16.229328696986727,-11.38852339592961,3520.9883804103015,3196.133811972511,3358.5610961914062,0.09672432900094452,0.2636756118342603,0.5352862127953588,2815493.0,1.0465105045546197,-0.00941047373638193,-0.16825115738032026,-0.002536332029767552,0.17690450274363467,-0.008194506250486566,-0.011931184772594916,0.017236722102484503,-0.23151990240173648,1
2022-02-09,0.004568072576150328,0.004557670598582496,0.008469466727493723,0.0028133463541666613,3317.777685546875,3307.779770992394,3301.1120849609374,3317.10785869381,3352.052624511719,3322.942576911179,3275.5120068359374,3282.4185036460653,0.9936716099159641,0.9986881418416413,0.9835112581565915,1.006493484762168,43.94291268091623,47.870321743227294,50.06646648826746,2.2917426662520484,13.441811490839791,-11.150068824587743,3513.425149677932,3190.680099345506,3352.052624511719,0.09628281130563673,0.3287467760879218,-0.44383074778639875,2646315.0,0.6192463860122472,-0.009407240321515298,0.5352862127953588,-0.00941047373638193,-0.16825115738032026,-0.002536332029767552,0.17690450274363467,0.014615892452964241,-0.057457144770799884,1
2022-02-10,0.002605894405921072,0.0026025049501925486,0.008434242975975254,-0.005132183999493363,3308.265673828125,3306.9773668595126,3311.72861328125,3314.974167766526,3348.4240844726564,3321.2692418333286,3278.9981201171877,3283.3186626636216,0.9991254888453299,0.9980807440978074,0.9871427499047849,1.008043444219974,46.23684081037846,48.82005284002596,50.67380751407732,0.9538241746595304,10.94421402760374,-9.99038985294421,3510.5665105915746,3186.2816583537383,3348.4240844726564,0.09684700744496882,0.3672416377705744,0.2890900891609982,2285731.2,0.9241939734645963,0.004568072576150328,-0.44383074778639875,-0.009407240321515298,0.5352862127953588,-0.00941047373638193,-0.16825115738032026,-0.008194506250486566,-0.011931184772594916,0
2022-02-11,-0.019998144592662026,-0.020200814046517836,0.016914978775335814,-0.015336455383910737,3287.234228515625,3284.408657984467,3312.15810546875,3301.2099991243167,3339.827734375,3313.4599083477137,3280.0227783203127,3281.5913127644353,0.9854093183061956,0.9779941467425632,0.969891712346223,0.9875758368645213,33.81536303641427,42.41679113692354,46.139930853047645,-5.3783119961353805,7.6797088228559165,-13.058020818991297,3505.928086913526,3173.7273818364743,3339.827734375,0.09946641907841339,0.19730198460204443,0.8232249714669018,2356493.8,1.6344146545176568,0.002605894405921072,0.2890900891609982,0.004568072576150328,-0.44383074778639875,-0.009407240321515298,0.5352862127953588,-0.002536332029767552,0.17690450274363467,1
2022-02-14,0.0105009362713675,0.010446184403778879,0.022296618680950852,0.002618152524167577,3279.300390625,3280.7013123542283,3311.939013671875,3296.133021300577,3329.858203125,3309.6338809901936,3281.7706298828125,3281.265638581271,0.9981661425258745,0.9883293767129873,0.9830108135000588,0.9974148075091508,43.007469768161336,46.31869003304974,48.62365786260534,-7.5646183634330555,4.630843385598123,-12.195461749031178,3486.534641361907,3173.181764888093,3329.858203125,0.09410397000681262,0.319463658135663,0.545310539718675,2677729.0,2.2226838488883676,-0.019998144592662026,0.8232249714669018,0.002605894405921072,0.2890900891609982,0.004568072576150328,-0.44383074778639875,-0.00941047373638193,-0.16825115738032026,1
2022-02-15,0.022510807851972903,0.02226117890533679,0.022787992793573537,0.008399378982600396,3292.336572265625,3302.7911906580275,3313.4425048828125,3305.3762805669494,3321.3412963867186,3313.1897920640445,3286.813330078125,3283.8423173532065,1.0165944075888946,1.0101189147943275,1.0077166567936842,1.0183027179052089,57.814491752847914,53.646105824495756,53.5008619938083,-3.3133780350585766,3.041999101466783,-6.35537713652536,3452.8264982115184,3189.856094561919,3321.3412963867186,0.07917596542568046,0.597462111793604,-0.3394066782094999,2860380.4,1.3745315133609501,0.0105009362713675,0.545310539718675,-0.019998144592662026,0.8232249714669018,0.002605894405921072,0.2890900891609982,-0.009407240321515298,0.5352862127953588,0
2022-02-16,-0.0012309258466198791,-0.0012316840581050928,0.012614433511938212,-0.008038476156022399,3301.55048828125,3316.1444851782685,3309.6640869140624,3312.189879412731,3313.8676635742186,3316.0146760787784,3290.9317529296877,3286.1563862498947,1.012509451569526,1.0100272977659286,1.0087460977887304,1.0157764807012002,56.8510100428895,53.208780689997354,53.20434277202816,-0.27352573554117043,2.3788941340651926,-2.652419869606363,3420.218371633909,3207.516955514528,3313.8676635742186,0.06418524748509992,0.6362633647359648,-0.17162548455712223,2987649.8,1.0901230793515357,0.022510807851972903,-0.3394066782094999,0.0105009362713675,0.545310539718675,-0.019998144592662026,0.8232249714669018,0.004568072576150328,-0.44383074778639875,0
2022-02-17,-0.0075792864290764594,-0.007608155182671629,0.014798372370005995,-0.01066667943218951,3303.97890625,3316.6012062646796,3306.1222900390626,3313.1580192354163,3308.1495849609373,3316.157530589133,3293.801318359375,3287.386122021958,1.0040968004250557,1.0034458369651846,1.0028309068970571,1.007199380832702,50.77941546075776,50.483198408759186,51.36603211213667,0.09010265031201925,1.921135837314558,-1.8310331870025387,3399.7855146025154,3216.5136553193593,3308.1495849609373,0.05540011253309762,0.5510992986768012,-0.03762282362463021,3105033.2,1.0094487878583713,-0.0012309258466198791,-0.17162548455712223,0.022510807851972903,-0.3394066782094999,0.0105009362713675,0.545310539718675,0.002605894405921072,0.2890900891609982,1
2022-02-18,0.002563189275669009,0.0025599099086012315,0.015379913813640306,0.0066065010198328574,3321.328271484375,3319.7401596452037,3304.28125,3315.496209630113,3306.7184204101563,3317.0966292383823,3297.2811474609375,3288.9011002331067,1.0014120239068627,1.006578379611678,1.0058364951418208,1.0087153377768352,52.75508637594825,51.38330569452912,51.95108201529823,1.0523052105213537,1.7473697119559173,-0.6950645014345636,3396.275721720049,3217.1611191002635,3306.7184204101563,0.05416687478263385,0.6077502655496038,0.1769129509834826,3243184.9,1.1374260530135054,-0.0075792864290764594,-0.03762282362463021,-0.0012309258466198791,-0.17162548455712223,0.022510807851972903,-0.3394066782094999,-0.019998144592662026,0.8232249714669018,0
2022-02-21,-0.019636918031294748,-0.01983228412785984,0.03286820541210561,-0.02377955319061672,3318.81201171875,3300.0618805186778,3299.056201171875,3305.5342301092965,3301.7169555664063,3311.7260285743105,3298.841259765625,3287.795383450068,0.9824917201552996,0.988375196853989,0.9875786950084745,0.9884395960590387,38.799569159911144,44.66717328413345,47.35668804139907,-3.4159579026472784,0.7147041890352781,-4.130662091682557,3389.8097629384706,3213.624148194342,3301.7169555664063,0.053361816629101104,0.26722484772470295,1.0238977489933947,3797862.2,1.9658222459993413,0.002563189275669009,0.1769129509834826,-0.0075792864290764594,-0.03762282362463021,-0.0012309258466198791,-0.17162548455712223,0.0105009362713675,0.545310539718675,0
2022-02-22,-0.03575834078387674,-0.036413331953380826,0.027297542106158184,-0.01742468428938355,3278.239404296875,3248.077223731202,3285.28798828125,3276.1839901178337,3293.6098876953124,3295.762398248781,3298.544619140625,3282.160580575801,0.9590842895839714,0.9570265746477646,0.9546084743983825,0.9531803486640085,25.016500382672746,35.696937950513714,40.622562199494475,-16.179023610833156,-2.664041370938409,-13.514982239894746,3405.2407901435654,3181.9789852470594,3293.6098876953124,0.06778635373017183,-0.16962630535198234,-0.27557092077843837,4044071.0,1.3373976371829277,-0.019636918031294748,1.0238977489933947,0.002563189275669009,0.1769129509834826,-0.0075792864290764594,-0.03762282362463021,0.022510807851972903,-0.3394066782094999,0
2022-02-23,-0.006301469468016907,-0.006321407530271142,0.01887030671715537,-0.013071157898608394,3234.528271484375,3206.816619206218,3268.0393798828127,3248.5678846702726,3284.575732421875,3279.4322089066354,3297.6040625,3275.9697895789554,0.9659199573860773,0.9560152271691056,0.95120212309812,0.947444068766594,23.37066197814036,34.431596937801416,39.61742393552812,-27.574684509145754,-7.646169998579879,-19.928514510565876,3418.152017203484,3150.9994476402658,3284.575732421875,0.08133548784586365,-0.09995800350217712,-0.5514118343779484,4122819.2,0.5884815419507118,-0.03575834078387674,-0.27557092077843837,-0.019636918031294748,1.0238977489933947,0.002563189275669009,0.1769129509834826,-0.0012309258466198791,-0.17162548455712223,0
2022-02-24,-0.04549932117507116,-0.04656692463279629,0.02726618043088298,-0.020826165128454237,3167.453759765625,3131.925109418729,3235.7163330078124,3200.12683106545,3273.7224731445312,3251.11886423398,3294.7559619140625,3264.447134687379,0.941495067023303,0.9216327338162092,0.910933078264051,0.9051177459927254,15.0709159536284,27.028666721277688,33.392736703626,-47.52853344860296,-15.622642688584495,-31.905890760018462,3458.6741366940323,3088.77080959503,3273.7224731445312,0.11299165709171931,-0.2882610453588641,1.0769638814229476,4415486.9,1.1412412977603896,-0.006301469468016907,-0.5514118343779484,-0.03575834078387674,-0.27557092077843837,-0.019636918031294748,1.0238977489933947,-0.0075792864290764594,-0.03762282362463021,1
2022-02-25,0.035012780341050265,0.03441377479669867,0.019314066605126762,0.015210495963091077,3119.561181640625,3116.801798206236,3220.4447265625,3179.4774391955953,3266.301416015625,3235.4461320003866,3293.7992041015623,3257.4709794361584,0.989419663876566,0.9584251362313666,0.9449694877046476,0.9370805518253074,34.88659322852823,37.63509921998743,40.59163627879387,-54.291006150330304,-23.35631538093366,-30.934690769396646,3468.0262187356025,3064.5766132956473,3266.301416015625,0.12351879206913498,0.05447659928093223,-0.4940158392232319,4285310.4,0.5949914386598459,-0.04549932117507116,1.0769638814229476,-0.006301469468016907,-0.5514118343779484,-0.03575834078387674,-0.27557092077843837,0.002563189275669009,0.1769129509834826,1
2022-02-28,0.00950063001630208,0.009455782858031498,0.030344409188540453,0.018395401481912592,3090.59599609375,3116.494330314574,3204.70400390625,3167.914158347532,3258.3215087890626,3224.0588236699928,3293.3808154296876,3251.9183682634166,1.0081807516962606,0.972283053515479,0.9562835914523516,0.9461035844786511,39.51091260920375,40.26130634164034,42.42659892862778,-56.63128490638064,-30.011309286023057,-26.619975620357586,3470.3278695844183,3046.315147993707,3258.3215087890626,0.13013225381441668,0.16406169672591026,0.2899212973330829,4019030.1,0.8183422164466994,0.035012780341050265,-0.4940158392232319,-0.04549932117507116,1.0769638814229476,-0.006301469468016907,-0.5514118343779484,-0.019636918031294748,1.0238977489933947,0
2022-03-02,-0.0022650482556825224,-0.0022676173576425596,0.01859762079665237,-0.0017875010995778225,3083.53876953125,3113.9368126576333,3180.8890869140623,3157.1700890741167,3247.1657958984374,3213.083866877017,3293.3017236328124,3246.306737246959,1.0081993481198692,0.9773436584548667,0.9573954558373852,0.9439832843236835,38.7384140525975,39.82661749917539,42.09800307424308,-58.38246667144722,-35.685540763107895,-22.696925908339324,3465.8781904701427,3028.453401326732,3247.1657958984374,0.13470971814741672,0.18373073042888058,-0.1604166324611379,3901995.9,0.707673988073642,0.00950063001630208,0.2899212973330829,0.035012780341050265,-0.4940158392232319,-0.04549932117507116,1.0769638814229476,-0.03575834078387674,-0.27557092077843837,0
2022-03-03,-0.0004934137936287719,-0.000493535562271176,0.013683557537604288,-0.00517849328677531,3080.137255859375,3111.7204890373805,3157.332763671875,3148.1005895691633,3233.498425292969,3203.0080549646227,3292.292314453125,3240.8550158567596,1.0088147324882524,0.9841496207017472,0.9609677918786496,0.9438067902281694,38.54730973792933,39.72622491696549,42.0237256684933,-59.21151315013685,-40.390735240513685,-18.820777909623168,3451.3017141266514,3015.6951364592865,3233.498425292969,0.13471680525958415,0.2102647435400527,-0.30177439150036156,3769109.2,0.5115370496561893,-0.0022650482556825224,-0.1604166324611379,0.00950063001630208,0.2899212973330829,0.035012780341050265,-0.4940158392232319,-0.006301469468016907,-0.5514118343779484,0
2022-03-04,-0.0056566707662044635,-0.0056727303193210765,0.021039312295637356,0.0065258025578323504,3101.651025390625,3104.383971858254,3134.552392578125,3137.4842891929516,3220.3373413085938,3192.2178533013252,3290.5384326171875,3234.9277970976714,0.9961504089941514,0.9856944630486002,0.9594370434013247,0.9389681964731055,36.162420501147466,38.527769109746785,41.15016831720903,-60.58842212264835,-44.43027261694062,-16.158149505707733,3439.4890677235503,3001.185614893637,3220.3373413085938,0.1361048257918865,0.20197267905328528,0.2293615429978335,3692697.7,0.6418768045919383,-0.0004934137936287719,-0.30177439150036156,-0.0022650482556825224,-0.1604166324611379,0.00950063001630208,0.2899212973330829,-0.04549932117507116,1.0769638814229476,0
2022-03-07,-0.011193986214325213,-0.011257110394217168,0.033415579911938845,0.010115913722826036,3095.36494140625,3087.9642331919613,3107.4630615234373,3122.509828586846,3205.8721557617187,3179.1613678306635,3287.533603515625,3227.876697441268,0.98699985742922,0.9831572235525131,0.952977725692706,0.9293060160943399,31.665025782389748,36.21276720289512,39.45561508132652,-63.73574225053335,-48.291366543659166,-15.444375706874183,3428.514988595402,2983.2293229280353,3205.8721557617187,0.13889688797074512,0.1614591227040449,0.2885227213757833,3629222.4,0.8415383967651032,-0.0056566707662044635,0.2293615429978335,-0.0004934137936287719,-0.30177439150036156,-0.0022650482556825224,-0.1604166324611379,0.035012780341050265,-0.4940158392232319,1
2022-03-08,0.03301413616385318,0.032480874616814544,0.041389464303940394,0.040447962766437875,3103.386474609375,3110.638508976933,3096.9912353515624,3128.596598034124,3198.023718261719,3176.954290946493,3286.402509765625,3225.0574959944292,1.0169494152171688,1.0190494001151462,0.9868554265327047,0.9603166535957731,51.98271040657177,46.33898622420416,46.23511820370061,-57.42926229302975,-50.11894569353329,-7.31031659949646,3416.032346182568,2980.01509034087,3198.023718261719,0.13633959415369643,0.4035894631424729,0.0808289103607247,3212729.4,1.0274727775081214,-0.011193986214325213,0.2885227213757833,-0.0056566707662044635,0.2293615429978335,-0.0004934137936287719,-0.30177439150036156,0.00950063001630208,0.2899212973330829,1
2022-03-09,0.009069753103658096,0.009028869907369733,0.015677462324746143,0.007656060376213527,3118.5443359375,3135.2960339794136,3101.041552734375,3138.781050025079,3193.1647705078126,3177.6835093310533,3285.4028125,3223.4713621901137,1.021185123868702,1.0269488589007496,0.9973212511291495,0.9693213483192558,56.28599761442115,48.82202295690516,47.97115632665041,-49.55042555873979,-50.0052416665746,0.45481610783480875,3407.794555967292,2978.534985048333,3193.1647705078126,0.1344307612571754,0.4800733935759991,-0.1761100905424794,2943841.7,0.9238451918117744,0.03301413616385318,0.0808289103607247,-0.011193986214325213,0.2885227213757833,-0.0056566707662044635,0.2293615429978335,-0.0022650482556825224,-0.1604166324611379,0
2022-03-10,-0.003207257312789702,-0.003212411586196213,0.019055772913312084,-0.017114562656928567,3131.9662109375,3148.3297615852343,3106.0517333984376,3145.2567167108596,3187.045556640625,3177.3705290897033,3284.0159375,3221.546885900183,1.0135477214636597,1.022003974584048,0.9960313275668761,0.9666205271870351,54.26157399769716,47.969060927357795,47.39774395377874,-43.62765198918214,-48.72972373109611,5.102071741913967,3396.42398156581,2977.6671317154396,3187.045556640625,0.13139343081489252,0.46979550340903226,-0.2626117145783986,2901765.5,0.691110635921476,0.009069753103658096,-0.1761100905424794,0.03301413616385318,0.0808289103607247,-0.011193986214325213,0.2885227213757833,-0.0004934137936287719,-0.30177439150036156,0
2022-03-11,-0.006020535856224529,-0.006038732354095157,0.01305863919960486,-0.0011378887549434715,3145.08115234375,3150.6483892339065,3123.3660888671875,3147.0801581327487,3179.5412109375,3175.267206750803,3282.45423828125,3218.9484058464996,1.0032445878796785,1.0102196011469278,0.9923713627856711,0.9612580756596967,50.311364545945196,46.33773904653878,46.310170099331,-40.01469097451718,-46.98671717978033,6.972026205263148,3382.0641640357094,2977.018257839291,3179.5412109375,0.12739130563965517,0.4401165002899993,-0.1904907698605942,2560194.2,0.6341015068310052,-0.003207257312789702,-0.2626117145783986,0.009069753103658096,-0.1761100905424794,0.03301413616385318,0.0808289103607247,-0.0056566707662044635,0.2293615429978335,1
2022-03-14,0.01218348737431385,0.012109866065003382,0.018762036139514132,0.01759776536312843,3172.801806640625,3165.008268603855,3134.0833740234375,3155.561588898385,3177.264050292969,3177.0253801406075,3280.97791015625,3217.959371395412,1.0065955020131818,1.0190309721223985,1.0051818095034508,0.9734073543919883,57.56153297755537,50.01967386677586,48.791836877271564,-33.66138681018401,-44.321651105861065,10.660264295677052,3378.0662478935014,2976.4618526924364,3177.264050292969,0.12639943953164168,0.5409955101276676,0.08763273650798342,2481790.7,0.7114572554405978,-0.006020535856224529,-0.1904907698605942,-0.003207257312789702,-0.2626117145783986,0.009069753103658096,-0.1761100905424794,-0.011193986214325213,0.2885227213757833,0
2022-03-15,-0.013477801874554274,-0.013569451871520274,0.020479172947541452,-0.017791773068119705,3171.74111328125,3160.2333769859033,3137.5637939453127,3154.674680689587,3171.133898925781,3174.516638579597,3278.5601708984377,3215.321105605396,0.9933608958678644,1.0041815244776873,0.9935511063778453,0.9609961170505542,48.34627439430296,46.19744678891547,46.27698454936024,-31.733865295063424,-41.80409394370154,10.070228648638114,3367.2676411820107,2975.0001566695514,3171.133898925781,0.12369943906983542,0.4478664279268563,1.0678245533752282,2518009.8,1.4500074622426014,0.01218348737431385,0.08763273650798342,-0.006020535856224529,-0.1904907698605942,-0.003207257312789702,-0.2626117145783986,0.03301413616385318,0.0808289103607247,1
2022-03-16,0.01725134054489663,0.01710422571142275,0.014155201559764758,0.004230161336011634,3175.826318359375,3175.1679544489357,3147.1853271484374,3163.8314859051166,3164.03720703125,3177.423350083921,3275.8397802734376,3214.9178116355765,1.0091978553256387,1.018382070393986,1.0129580974119514,0.9783864060370719,58.20382739165063,51.26197380158619,49.71348792566722,-25.526166390965045,-38.54850843315425,13.022342042189202,3343.7957804847256,2984.2786335777746,3164.03720703125,0.11362608066302685,0.6140415768663222,-0.1535572656487726,2550923.2,1.211512365405591,-0.013477801874554274,1.0678245533752282,0.01218348737431385,0.08763273650798342,-0.006020535856224529,-0.1904907698605942,0.009069753103658096,-0.1761100905424794,1
2022-03-17,0.004608986464787135,0.004598397610130191,0.013532081184909136,-0.006451900943077825,3184.90869140625,3190.048330309707,3158.437451171875,3174.0092306553224,3157.885107421875,3181.460086459857,3272.2421484375,3215.109626160897,1.0109580506088514,1.0194310103676754,1.0196093184213184,0.9839764100492114,60.58860001106181,52.56873506389081,50.61495934752185,-19.19329716428183,-34.67746617937976,15.484169015097933,3320.331935646089,2995.4382791976614,3157.885107421875,0.10288330493241836,0.690597672131541,0.16501573382732437,2718164.5,1.324589442618355,0.01725134054489663,-0.1535572656487726,-0.013477801874554274,1.0678245533752282,0.01218348737431385,0.08763273650798342,-0.003207257312789702,-0.2626117145783986,0
2022-03-21,-0.01253835016967264,-0.012617618575840504,0.027283743486941073,-0.018750013211072687,3189.73916015625,3186.5115496335548,3167.41015625,3174.9962774964,3150.9812744140627,3181.267505680942,3268.2536572265626,3213.710738400911,0.9967705284483214,1.003797371176422,1.0090310641000173,0.9728247320250285,51.26270009469353,48.723823296376985,48.13859154397665,-17.233406563156223,-31.188654256135056,13.955247692978833,3296.5659838481374,3005.396564979988,3150.9812744140627,0.09240595024554488,0.5977324953211292,-0.3295755644013585,2722521.9,0.8866158248350546,0.004608986464787135,0.16501573382732437,0.01725134054489663,-0.1535572656487726,-0.013477801874554274,1.0678245533752282,-0.006020535856224529,-0.1904907698605942,1
2022-03-22,0.020473274238810735,0.020266514035862018,0.023237277221965405,0.016744492080185427,3199.899853515625,3205.851531135912,3186.350830078125,3187.6390441589865,3146.906945800781,3187.292647439007,3266.503447265625,3214.919395488743,1.0139478242032995,1.0182593402814573,1.0310223816659445,0.9932735558129007,62.205771908259806,54.50214366332105,52.10572074537492,-10.30884329926812,-27.01269206476167,16.70384876549355,3276.333604640459,3017.4802869611035,3146.906945800781,0.0822564257976449,0.8771423492465047,0.2045627883642227,2707870.0,1.0737631422483354,-0.01253835016967264,-0.3295755644013585,0.004608986464787135,0.16501573382732437,0.01725134054489663,-0.1535572656487726,0.01218348737431385,0.08763273650798342,1
2022-03-23,0.0030938475880502025,0.003089071490078342,0.010720840931764414,0.0011865971800836864,3220.67705078125,3222.0908807833166,3196.20908203125,3199.8082325079204,3146.6001586914062,3193.699974357018,3264.147978515625,3216.4743046883264,1.010523417518268,1.0182592867203124,1.0343130413594146,0.9970655746919123,63.67322641863797,55.337981937361434,52.69168625209715,-3.965376982982434,-22.403229048405823,18.43785206542339,3274.9711757154255,3018.229141667387,3146.6001586914062,0.08159347266886657,0.9205365973166545,-0.45102869675482726,2537390.3,0.629069560169754,0.020473274238810735,0.2045627883642227,-0.01253835016967264,-0.3295755644013585,0.004608986464787135,0.16501573382732437,-0.013477801874554274,1.0678245533752282,1
2022-03-24,0.010087754469620736,0.010037212692317667,0.016853994033355257,0.013472999366553981,3237.1498046875,3243.860880157628,3206.4880615234374,3215.734168216707,3153.7648071289063,3202.623870028374,3261.987958984375,3219.255738971382,1.0155232464515498,1.0252340928237762,1.042373505936545,1.0077906234607277,68.36080477347778,58.05230336770513,54.59924506928244,3.6687857295469257,-17.188826092815273,20.8576118223622,3296.0234292398372,3011.5061850179754,3153.7648071289063,0.09021511165915946,0.9696941028753128,0.17720328656586437,2453329.5,0.7659166858752564,0.0030938475880502025,-0.45102869675482726,0.020473274238810735,0.2045627883642227,-0.01253835016967264,-0.3295755644013585,0.01725134054489663,-0.1535572656487726,0
2022-03-25,-0.01130722661700978,-0.01137163931685735,0.0289956712607868,-0.013949826467236512,3243.23388671875,3245.983750834252,3214.0712890625,3222.0060453023057,3160.0615112304686,3207.157738805434,3258.4535302734375,3220.4703959602493,1.0021569845756106,1.011249969236229,1.0285336157655747,0.9974760916460738,58.40572741437628,54.04730487004954,52.10176021349745,6.642918991377428,-12.422477075976733,19.06539606735416,3307.595641708248,3012.527380752689,3160.0615112304686,0.09337421436479088,0.8055834628401864,-0.10053665530274403,2421798.7,0.6978833542193246,0.010087754469620736,0.17720328656586437,0.0030938475880502025,-0.45102869675482726,0.020473274238810735,0.2045627883642227,0.004608986464787135,0.16501573382732437,1
2022-03-28,6.752828451106474e-05,6.75260045790996e-05,0.01397093872489684,0.0034370639166102297,3257.436083984375,3247.472158759293,3223.5876220703126,3227.1774869944998,3173.47685546875,3211.280713643904,3255.903642578125,3221.6460264955094,0.9978550279438013,1.0083327508627828,1.024254822910708,0.9983246838458552,58.44741179210676,54.06745505672808,52.11533999909807,8.91488616758943,-8.155004427263501,17.06989059485293,3301.341426080025,3045.6122848574746,3173.47685546875,0.08058326966584321,0.8009908013324127,0.04192391959686015,2435555.4,0.7230342615076627,-0.01130722661700978,-0.10053665530274403,0.010087754469620736,0.17720328656586437,0.0030938475880502025,-0.45102869675482726,-0.01253835016967264,-0.3295755644013585,0
2022-03-29,-0.0006339268485971994,-0.0006341278651795807,0.008366280967514664,0.002868962083023142,3258.207470703125,3247.7775817509873,3229.053662109375,3231.034021674477,3181.5685180664063,3214.81478165252,3252.6474462890624,3222.69474811272,0.9969863665659598,1.0059877498636456,1.021002190991184,0.9986905993886468,57.812821391909026,53.828811170519536,51.97009575507599,10.428949176956394,-4.438213706419522,14.867162883375915,3306.8630568745716,3056.273979258241,3181.5685180664063,0.07876274742893977,0.766651325363329,0.52701775705711,2527892.9,1.0637566963378868,6.752828451106474e-05,0.04192391959686015,-0.01130722661700978,-0.10053665530274403,0.010087754469620736,0.17720328656586437,0.020473274238810735,0.2045627883642227,1
2022-03-30,0.007070889042861461,0.00704600752770279,0.008521940858896305,-0.0017255086067081578,3261.5650390625,3255.637528458992,3241.121044921875,3238.365548983663,3189.342419433594,3220.1997950070418,3248.6210498046876,3224.6030882602604,1.0030023570571858,1.0093289872652238,1.0257153330234048,1.006998776318241,63.03261374699246,56.1521210367777,53.487332592586995,13.328616888653414,-0.8848475874049351,14.213464476058348,3316.6467184362205,3062.0381204309674,3189.342419433594,0.07983106374964587,0.8221218885927566,-0.41114990611971536,2321125.1,0.6821928727581292,-0.0006339268485971994,0.52701775705711,6.752828451106474e-05,0.04192391959686015,-0.01130722661700978,-0.10053665530274403,0.0030938475880502025,-0.45102869675482726,1
2022-03-31,0.0022510575037240077,0.0022485276696048587,0.009211340157394467,-1.3382039605500017e-05,3259.829150390625,3263.3321641549533,3248.4894775390626,3245.7029829042467,3197.83740234375,3225.7732845822643,3243.849296875,3226.725376389147,1.0057954832246305,1.0093064663490046,1.0252933539221987,1.0107502338981866,64.66778415507125,56.900913454218255,53.976751603054645,16.035985937014175,2.4993191174788874,13.536666819535288,3325.1901901017654,3070.4846145857346,3197.83740234375,0.07964932029669576,0.8175589424740891,0.369227417261621,2228888.6,0.9727314321586104,0.007070889042861461,-0.41114990611971536,-0.0006339268485971994,0.52701775705711,6.752828451106474e-05,0.04192391959686015,0.010087754469620736,0.17720328656586437,1
2022-04-01,0.005026864824329236,0.005014272322254558,0.009298290966910443,0.0028681963713980897,3268.823876953125,3273.955817769969,3256.0288818359377,3254.703008739838,3207.2331665039064,3232.385650336334,3239.906884765625,3229.410778295455,1.0080699508569007,1.0120312947414563,1.0274286133652037,1.0170672313128453,68.32608903076238,58.604777328176326,55.08734417731481,19.289176390685498,5.85729057212021,13.431885818565288,3334.2047508043056,3080.2615822035073,3207.2331665039064,0.0791782684380297,0.8464159283386095,-0.36026585366978614,2007544.8,0.6909006464015149,0.0022510575037240077,0.369227417261621,0.007070889042861461,-0.41114990611971536,-0.0006339268485971994,0.52701775705711,-0.01130722661700978,-0.10053665530274403,1
2022-04-04,0.0030861325411464247,0.00308138020915616,0.011378227812429925,0.0022195900202684744,3279.80859375,3284.42806471123,3268.6223388671874,3263.915654167822,3218.016247558594,3239.336784456088,3237.3768115234375,3232.3896716404865,1.0077943465641455,1.0112433361571223,1.0271460130449717,1.0210033465453516,70.5231020302127,59.66436155781672,55.77868701313981,22.42938952408076,9.17171036251232,13.257679161568442,3339.7563685769705,3096.2761265402173,3218.016247558594,0.07566159500328001,0.858781929508554,0.06198928056962649,1913461.1,0.7698060859455151,0.005026864824329236,-0.36026585366978614,0.0022510575037240077,0.369227417261621,0.007070889042861461,-0.41114990611971536,6.752828451106474e-05,0.04192391959686015,1
2022-04-05,0.01178937049544837,0.011720417281325906,0.016671934791388995,0.01134677858645945,3298.999072265625,3304.398983244987,3278.603271484375,3278.5384116486725,3232.47705078125,3249.3371688233656,3237.17080078125,3236.779912764879,1.0137440923909493,1.0200504737489517,1.0346062068729038,1.033106075065729,77.50014886097757,63.517934898106965,58.35775299650231,27.742644172833934,12.885897124576644,14.85674704825729,3341.422218957188,3123.531882605312,3232.47705078125,0.06740661509080607,1.0133948177976964,0.5715929596454568,1854194.7,1.2484918654982673,0.0030861325411464247,0.06198928056962649,0.005026864824329236,-0.36026585366978614,0.0022510575037240077,0.369227417261621,-0.0006339268485971994,0.52701775705711,0
2022-04-06,-0.01558406005948132,-0.01570676805212575,0.020810349089196534,-0.014162694059364468,3303.1720703125,3300.3401261997833,3282.3685546875,3281.0264117324364,3239.288818359375,3253.4214777077473,3235.800556640625,3238.9541284254474,0.9966851081414935,1.0030020569773626,1.016341115818382,1.0174367531252688,56.597054228801504,55.83470680530235,53.93990841325324,27.431701215650264,15.795057942791368,11.636643272858896,3345.247333248762,3133.330303469988,3239.288818359375,0.06542085058229084,0.7497845208818696,-0.11370368306488221,1899748.1,1.0800005537576272,0.01178937049544837,0.5715929596454568,0.0030861325411464247,0.06198928056962649,0.005026864824329236,-0.36026585366978614,0.007070889042861461,-0.41114990611971536,0
2022-04-07,-0.0189597390215146,-0.019141779506134243,0.0180502970190476,-0.01637968165965818,3293.388330078125,3276.827662258189,3276.608740234375,3271.713015849266,3241.5484008789062,3251.172073580819,3234.2716259765625,3238.5952502273904,0.9806929553000461,0.9857151068161935,0.9963765259526214,0.9986182695461724,41.10575486284137,48.299351744328156,49.25124789251603,21.89612544741476,17.015271443716045,4.880854003698715,3344.6350161861774,3138.461785571635,3241.5484008789062,0.06360331703165095,0.44303010886090377,0.21596419410165768,1961326.4,1.2720111247164165,-0.01558406005948132,-0.11370368306488221,0.01178937049544837,0.5715929596454568,0.0030861325411464247,0.06198928056962649,0.0022510575037240077,0.369227417261621,1
2022-04-08,0.00040735423687721095,0.0004072712906649562,0.01695766056354283,-0.0011788882537262459,3280.57138671875,3261.5912442398344,3274.6976318359375,3264.332178095422,3244.3844604492188,3249.2622006877054,3232.794423828125,3238.302040736243,0.9849254984312082,0.986692138165935,0.9959110726833351,0.9994815582417964,41.499510714261355,48.45725041012869,49.34868968887268,17.414561427850458,17.09512944054293,0.319431987307528,3342.947019084247,3145.8219018141904,3244.3844604492188,0.06075886494745532,0.43270237486824387,-0.07938660325016267,2021990.4,1.1358970843778486,-0.0189597390215146,0.21596419410165768,-0.01558406005948132,-0.11370368306488221,0.01178937049544837,0.5715929596454568,0.005026864824329236,-0.36026585366978614,1
2022-04-11,0.0029165839608584765,0.002912338981747119,0.015217509329640886,0.0017343908790650626,3267.605322265625,3254.5749082692646,3273.7069580078123,3260.006734137731,3248.6472900390627,3248.431727891555,3233.621123046875,3238.3898915437676,0.9917177617036271,0.9898693676296948,0.9975050988958422,1.0021403599920602,44.5949981488255,49.64356868583685,50.069718058146215,14.456666374883298,16.567436827411004,-2.1107704525277065,3338.408773080943,3158.8858069971825,3248.6472900390627,0.055260836297683066,0.45485227384692334,-0.0022261668871934592,2075057.4,1.1043839076451571,0.00040735423687721095,-0.07938660325016267,-0.0189597390215146,0.21596419410165768,-0.01558406005948132,-0.11370368306488221,0.0030861325411464247,0.06198928056962649,0
2022-04-12,-0.0014336341310549061,-0.0014346627677090562,0.024559047423642146,0.002199320569169176,3245.916455078125,3248.3487669711767,3272.457763671875,3255.6230523626887,3250.755712890625,3247.2378951756928,3233.6395263671875,3238.2921108704827,0.9969130534190277,0.9888275779437864,0.9954289925703423,1.0006979621536072,43.27792049076738,49.0442809982498,49.70347752811932,11.603877600658507,15.574724982060506,-3.970847381401999,3337.176969397407,3164.334456383843,3250.755712890625,0.053169948245624835,0.4140302448943275,0.9564315823464213,2254498.7,1.988679789436117,0.0029165839608584765,-0.0022261668871934592,0.00040735423687721095,-0.07938660325016267,-0.0189597390215146,0.21596419410165768,0.01178937049544837,0.5715929596454568,0
2022-04-13,-0.007897402127863717,-0.00792875177095827,0.014828178853386043,-0.012152697283011877,3229.540234375,3235.6796141787013,3266.35615234375,3247.390008041063,3253.7385986328127,3243.723934548841,3232.3368017578123,3237.1960009772774,0.9940552139351297,0.9828509687439297,0.9866623305088805,0.9931951728693308,36.38214415241942,45.771091364187946,47.68873651312212,7.19795923829497,13.899371833307399,-6.701412595012428,3329.612323702051,3177.8648735635743,3253.7385986328127,0.046637873799155065,0.2140163475599716,-0.6383002830839286,2258320.4,0.7180876548783778,-0.0014336341310549061,0.9564315823464213,0.0029165839608584765,-0.0022261668871934592,0.00040735423687721095,-0.07938660325016267,-0.01558406005948132,-0.11370368306488221,0
2022-04-18,-0.036565183407685664,-0.037250446148684245,0.024801235466901637,-0.02270081749913431,3202.17060546875,3188.104606067051,3247.7794677734373,3219.3108410960967,3248.13447265625,3229.364949338832,3227.5571728515624,3231.5394750504724,0.9658931302915347,0.9523290052585283,0.9522249204523858,0.9582958331025039,19.624722724272374,34.41054693342619,39.889975507114436,-5.700181820403486,9.979461102565223,-15.679642922968709,3349.7569589932227,3146.5119863192776,3248.13447265625,0.06257283200092882,-0.26351154358660017,1.356081871056539,2423588.6,1.5765018865000437,-0.007897402127863717,-0.6383002830839286,-0.0014336341310549061,0.9564315823464213,0.0029165839608584765,-0.0022261668871934592,-0.0189597390215146,0.21596419410165768,0
2022-04-19,-0.015915392388604954,-0.016043402281325884,0.03583056827197027,-0.022000027508802783,3164.692724609375,3139.979405346784,3222.6320556640626,3187.3868706979424,3239.33046875,3211.68533548811,3220.8190478515626,3224.1743585350127,0.9617771040573755,0.9444854241292069,0.9396166995832231,0.9450170775463341,16.01574116026154,30.9422492102281,37.21057631592845,-19.667431022997334,4.050082677452712,-23.71751370045005,3374.285799768648,3104.375137731352,3239.33046875,0.08332297820217448,-0.22468965607858044,-0.170325419441833,2601888.6,1.218351162305719,-0.036565183407685664,1.356081871056539,-0.007897402127863717,-0.6383002830839286,-0.0014336341310549061,0.9564315823464213,0.00040735423687721095,-0.07938660325016267,1
2022-04-20,0.02445361452538264,0.024159411464286164,0.025064637066995816,0.01622858537946427,3140.21611328125,3132.7059967936893,3203.9107177734377,3174.8000177869526,3236.2665283203123,3202.778082554719,3216.1235791015624,3220.016900540993,0.9929759822897342,0.9732353534041265,0.9635050612799458,0.9695396034994933,36.58712535890104,40.678268927825265,43.26121391317481,-24.448852347060892,-1.6497043274500087,-22.799148019610882,3379.075718717149,3093.4573379234757,3236.2665283203123,0.08825551860276319,0.0864854765137421,-0.16707938829292235,2718626.2,0.9712147995925294,-0.015915392388604954,-0.170325419441833,-0.036565183407685664,1.356081871056539,-0.007897402127863717,-0.6383002830839286,0.0029165839608584765,-0.0022261668871934592,1
2022-04-21,0.020200548387955486,0.019999224036397124,0.021109806599631856,0.01358935819657818,3129.266357421875,3148.8532328885017,3187.59140625,3175.954142748984,3233.0973388671873,3200.718046604567,3212.8579638671877,3218.4926183659786,1.0165793964879979,0.9979785046605281,0.98393193017589,0.9901302020986653,48.9362806553386,47.432603423208334,47.736443310802265,-22.891635092906654,-5.898090480541338,-16.993544612365316,3377.8324238250484,3088.3622539093262,3233.0973388671873,0.0895333915362866,0.32053544997680694,-0.13610743948764759,2715231.1,0.8400743494724997,0.02445361452538264,-0.16707938829292235,-0.015915392388604954,-0.170325419441833,-0.036565183407685664,1.356081871056539,-0.0014336341310549061,0.9564315823464213,0
2022-04-22,-0.004436844535690376,-0.0044467165415997155,0.012594981214103856,0.008782203879879906,3120.60478515625,3154.913304347543,3175.072509765625,3174.3321981156455,3228.7205322265627,3197.5099895246676,3209.9395166015624,3216.474611656161,1.0148780974541287,0.997468069634544,0.980894263115923,0.9866333714034079,46.56562413915426,46.16420584063986,46.866710925241804,-22.53664345041625,-9.22580107451632,-13.310842375899929,3375.867721117367,3081.573343335758,3228.7205322265627,0.0911489163723502,0.2903898626064999,-0.3066778722978909,2668204.7,0.5927075235269618,0.020200548387955486,-0.13610743948764759,0.02445361452538264,-0.16707938829292235,-0.015915392388604954,-0.170325419441833,-0.007897402127863717,-0.6383002830839286,0
2022-04-25,-0.01781305809383149,-0.017973620205575854,0.014345274517840803,-0.002754370103463967,3124.137646484375,3140.148501726487,3163.1541259765627,3162.747961455414,3219.8814331054687,3189.234647330354,3206.51609375,3212.3234071396205,0.9956728058972648,0.9833915049978893,0.966066285703038,0.970093024808906,37.984825850577856,41.398956702313434,43.53764137174303,-26.50199429482791,-12.681039718578639,-13.820954576249271,3372.9849900892386,3066.7778761216987,3219.8814331054687,0.09509887874107631,0.14317440177867247,0.23979601192565125,2614791.2,0.7498472535780294,-0.004436844535690376,-0.3066778722978909,0.020200548387955486,-0.13610743948764759,0.02445361452538264,-0.16707938829292235,-0.036565183407685664,1.356081871056539,0
2022-04-26,-0.0005352758142058711,-0.0005354191254474842,0.01966838649849975,-0.008069550733162782,3137.1826171875,3129.750286958283,3150.9376708984373,3152.9672152674975,3212.8176513671874,3181.588857815261,3202.759541015625,3208.2696993075524,0.9910018755009766,0.9866757715126141,0.9676720544967393,0.9707109814544481,37.7453258462759,41.26357341553469,43.44201208505414,-29.439557254326246,-16.03274322572816,-13.406814028598085,3372.5608690094296,3053.0744337249453,3212.8176513671874,0.09944119771270851,0.17490390052764626,-0.008785154644222914,2579460.8,0.7534400212633586,-0.01781305809383149,0.23979601192565125,-0.004436844535690376,-0.3066778722978909,0.020200548387955486,-0.13610743948764759,-0.015915392388604954,-0.170325419441833,1
2022-04-27,0.0042014170418025465,0.0041926157325914955,0.017451955294815323,0.004286506252643831,3137.953955078125,3127.172147685731,3139.0850341796877,3147.339697789884,3206.39599609375,3175.915239846248,3199.0924072265625,3204.887196163751,0.9949208668560264,0.9945623757071865,0.973683809780226,0.9759067484540846,41.14184791510573,42.842702629454024,44.447108283714826,-30.363589324752866,-18.898912445533103,-11.464676879219763,3369.854597550528,3042.937394636972,3206.39599609375,0.10195783780663054,0.24189144468045354,-0.11104936585044578,2523059.6,0.6847432379322311,-0.0005352758142058711,-0.008785154644222914,-0.01781305809383149,0.23979601192565125,-0.004436844535690376,-0.3066778722978909,0.02445361452538264,-0.16707938829292235,1
2022-04-28,0.006486663006400661,0.006465715146925758,0.018511244207168934,-0.001031201552919526,3130.177880859375,3132.2038764519457,3129.722119140625,3146.417449825246,3201.08994140625,3172.7106773832124,3197.1523291015624,3202.4315152939716,1.0038622255939273,1.0040084117267236,0.9816241941030767,0.9828331623058415,46.428596568061785,45.29821811302337,46.009069214570324,-29.126020796100875,-20.944334115646658,-8.181686680454217,3365.637568926637,3036.542313885863,3201.08994140625,0.10280725036304385,0.3212596306969325,-0.013884772824093838,2245078.0,0.7588422317621036,0.0042014170418025465,-0.11104936585044578,-0.0005352758142058711,-0.008785154644222914,-0.01781305809383149,0.23979601192565125,0.020200548387955486,-0.13610743948764759,0
2022-04-29,-0.010490161122988617,-0.010545570707483945,0.024360646102922434,-0.013983889026445668,3118.632080078125,3124.570732087756,3119.6184326171874,3139.669630467815,3192.9872924804686,3166.6719884285612,3193.872685546875,3198.779473257321,0.9970090615118291,0.9966938298767649,0.9737916748625439,0.9735217240905708,39.66330422430376,42.12592049073642,43.89955822464932,-30.454013699053576,-22.846270032328043,-7.607743666725533,3358.85085632795,3027.123728632987,3192.9872924804686,0.10389240460686625,0.24773588852207648,0.2039462099245155,2288022.3,0.8964576088266273,0.006486663006400661,-0.013884772824093838,0.0042014170418025465,-0.11104936585044578,-0.0005352758142058711,-0.008785154644222914,-0.004436844535690376,-0.3066778722978909,0
2022-05-02,-0.001212496106420713,-0.00121323177454804,0.015582642472227144,0.006392227229250998,3117.615185546875,3118.2252960012124,3120.876416015625,3133.4632292605984,3184.3279418945312,3160.8493632285195,3189.043955078125,3195.1228046522547,0.996124999077899,0.9950840757074619,0.9752558406344518,0.9738136154827776,38.906833716057385,41.765661222417116,43.659165464100596,-31.448151990764927,-24.56664642401542,-6.881505566749507,3349.4652078024587,3019.1906759866038,3184.3279418945312,0.10371875568172685,0.26143023310577973,-0.35441893799226276,2038359.2,0.6496210285213715,-0.010490161122988617,0.2039462099245155,0.006486663006400661,-0.013884772824093838,0.0042014170418025465,-0.11104936585044578,-0.01781305809383149,0.23979601192565125,0
2022-05-04,-0.017685710891805817,-0.017843971824405537,0.023033235819742738,-0.016603080401300006,3105.94658203125,3095.687143948725,3121.564599609375,3118.399158457535,3172.0983276367188,3150.3504562394937,3183.199150390625,3189.4556687774116,0.9821839362892999,0.9772698089366775,0.9617012225836393,0.9583474660922159,29.382180191430948,36.82476537142057,40.28469319736755,-36.25002029224652,-26.90332119766164,-9.346699094584878,3338.8000197769115,3005.396635496526,3172.0983276367188,0.1051049967069521,0.13561411335045057,0.7413479176625803,1951940.3,1.1812989362430808,-0.001212496106420713,-0.35441893799226276,-0.010490161122988617,0.2039462099245155,0.006486663006400661,-0.013884772824093838,-0.0005352758142058711,-0.008785154644222914,1
2022-05-05,0.00967027447595914,0.009623816638311113,0.013562333827118012,0.00037009329214944943,3097.565625,3090.495123960609,3117.7597900390624,3111.4376903715056,3160.83525390625,3143.6609922151965,3178.4510791015623,3185.1676458443517,0.9943650778938299,0.9879244365858553,0.9744611270637679,0.9690604031115103,38.77443056896377,40.87088868359612,42.77895622402645,-37.245766348660254,-28.971810227861365,-8.27395612079889,3320.277887208906,3001.3926206035935,3160.83525390625,0.10088639267460243,0.24685512823711636,-0.30078735376708987,1849129.5,0.8719032387942542,-0.017685710891805817,0.7413479176625803,-0.001212496106420713,-0.35441893799226276,-0.010490161122988617,0.2039462099245155,0.0042014170418025465,-0.11104936585044578,0
2022-05-06,-0.022997693033563804,-0.023266265666363004,0.014566217612747729,-0.007632235427507944,3070.96728515625,3063.4219608956146,3100.5725830078127,3092.862771170436,3144.081994628906,3130.8623867438087,3172.11623046875,3178.269919919696,0.9799113293427721,0.9705548101848911,0.9571237772763009,0.9486649971589907,28.249169579681748,35.06377133747691,38.70311852126051,-43.252147198358216,-31.827877621960738,-11.424269576397478,3292.939213396504,2995.2247758613084,3144.081994628906,0.09469041775748424,0.04719575920014118,0.2471992765443829,1822111.1,1.103561687319725,0.00967027447595914,-0.30078735376708987,-0.017685710891805817,0.7413479176625803,-0.001212496106420713,-0.35441893799226276,0.006486663006400661,-0.013884772824093838,1
2022-05-09,0.0036415727317060664,0.0036349582589181337,0.03168265050353871,0.013861123500956418,3053.15322265625,3049.0260175502017,3085.8926513671877,3079.6575638411523,3130.4825805664063,3120.326362373863,3167.306806640625,3172.072437995762,0.9892180020470001,0.9787230056500108,0.9647822829644739,0.9535653838545433,31.600280919820705,36.565383670749995,39.63732903528967,-46.59091715348177,-34.78048552826495,-11.810431625216822,3272.247305874393,2988.7178552584196,3130.4825805664063,0.09057052493314745,0.11115697340253596,0.23424268405002557,1912147.6,1.2979280469771266,-0.022997693033563804,0.2471992765443829,0.00967027447595914,-0.30078735376708987,-0.017685710891805817,0.7413479176625803,-0.010490161122988617,0.2039462099245155,0
2022-05-10,-0.0018431996626917524,-0.0018449004454328035,0.01244639733278806,0.0013832265579498055,3034.97978515625,3037.5730904761763,3076.2974853515625,3067.8411406569658,3119.7258056640626,3110.263588464745,3164.7179931640626,3165.899684989188,0.9933071880980983,0.9799660958288647,0.9663244221190218,0.9525863735220471,30.74913569974113,36.108581756825636,39.317700301813986,-49.11989469171567,-37.64836736095509,-11.47152733076058,3262.35870761219,2977.0929037159353,3119.7258056640626,0.09143938335168306,0.1317169183932565,-0.34617399257805737,1878346.7,0.8638900369138456,0.0036415727317060664,0.23424268405002557,-0.022997693033563804,0.2471992765443829,0.00967027447595914,-0.30078735376708987,-0.001212496106420713,-0.35441893799226276,0
2022-05-11,-0.0077789440412462385,-0.00780935785401382,0.01943143283356542,-0.006695778748180486,3023.10087890625,3022.120829848701,3064.52373046875,3053.909353009108,3107.7307006835936,3098.9257522865555,3162.0564111328126,3159.049356503092,0.9894530246956114,0.9760786900926407,0.9625082082999616,0.9459718359427184,27.15454770730807,34.171898465127526,37.96361709948732,-52.41224574815442,-40.60114303839496,-11.81110270975946,3251.222478606728,2964.238922760459,3107.7307006835936,0.09234505286546954,0.09400324612237437,0.13501326505144262,1868176.7,0.9858644527576005,-0.0018431996626917524,-0.34617399257805737,0.0036415727317060664,0.23424268405002557,-0.022997693033563804,0.2471992765443829,-0.017685710891805817,0.7413479176625803,0
2022-05-12,-0.0009820419845801842,-0.0009825245037385038,0.029219736954253176,0.009073387313129124,3004.734423828125,3010.8401560970506,3051.1500244140625,3041.9765267517705,3095.117529296875,3088.387948125336,3162.1791455078123,3152.352472271353,0.9945234377108744,0.9793942561600568,0.9654815302837964,0.945006171721452,26.698440704436734,33.926433838042826,37.792430717116545,-54.62876300606922,-43.406667031929814,-11.222095974139407,3233.9681399060337,2956.2669186877165,3095.117529296875,0.08972235095751055,0.11527457375085536,0.5241840860607383,1976131.4,1.4205507791637744,-0.0077789440412462385,0.13501326505144262,-0.0018431996626917524,-0.34617399257805737,0.0036415727317060664,0.23424268405002557,0.00967027447595914,-0.30078735376708987,1
2022-05-13,0.0018334165305691208,0.0018317378739531895,0.016911183827193477,-0.00585155681404669,3001.630810546875,3005.145960184492,3036.2990478515626,3033.209443407698,3083.0105834960937,3079.375531004768,3160.323193359375,3146.133064274805,0.9973770118031052,0.9859890350648137,0.9710500458173884,0.9472947496794012,29.283072727011344,34.866190375507486,38.33695876147806,-55.30574853445887,-45.78648333243563,-9.519265202023242,3212.564452669178,2953.4567143230092,3083.0105834960937,0.08404373949710678,0.1555370530173965,-0.22063732658401003,2024547.7,1.0806477911090957,-0.0009820419845801842,0.5241840860607383,-0.0077789440412462385,0.13501326505144262,-0.0018431996626917524,-0.34617399257805737,-0.022997693033563804,0.2471992765443829,0
2022-05-16,-0.011156760025805679,-0.011219463487463449,0.01877514256899881,-0.01118593006497077,2989.65537109375,2990.216284654245,3021.404296875,3019.9635325324343,3070.511364746094,3068.0404264894332,3157.212744140625,3138.8477258167245,0.9902000619257726,0.97979503658468,0.9641250534301629,0.9376488610366173,23.41172097837233,31.88850433933422,36.302826349704304,-57.87032346211345,-48.20325135837119,-9.667072103742257,3196.707418552739,2944.315310939449,3070.511364746094,0.08219872120035644,0.06355833708904944,-0.45342333452020567,1939017.5,0.6167107826515232,0.0018334165305691208,-0.22063732658401003,-0.0009820419845801842,0.5241840860607383,-0.0077789440412462385,0.13501326505144262,0.0036415727317060664,0.23424268405002557,1
2022-05-17,0.02215127603350986,0.02190950042995241,0.03378146203420999,0.024213678829747808,2991.908447265625,3002.1217288319967,3013.4441162109374,3021.048820651537,3067.160266113281,3064.0301589368682,3155.5549609375,3134.419682341069,1.011372062521823,1.004144261680308,0.9865583649536432,0.9589224889584906,47.51558656927087,42.30629499828991,42.58310183120959,-53.98900628442516,-49.36040234358199,-4.6286039408431705,3194.350037024326,2939.970495202236,3067.160266113281,0.08293650143832902,0.3379285982258148,0.4668480774167867,1982009.0,0.8849990085816967,-0.011156760025805679,-0.45342333452020567,0.0018334165305691208,-0.22063732658401003,-0.0009820419845801842,0.5241840860607383,-0.0018431996626917524,-0.34617399257805737,0
2022-05-18,-0.0008112652510605667,-0.0008115945048011456,0.015063196020751403,-0.004675310583513631,2998.3607421875,3009.240413622373,3010.730810546875,3021.490450206371,3066.147705078125,3060.168027914607,3153.878759765625,3130.069019629777,1.008376924318086,1.0042338466832026,0.9860835400054829,0.9586537763511903,46.87133161322431,42.0470236939591,42.418708357827605,-50.52865614927077,-49.59405310471975,-0.9346030445510252,3194.38562364327,2937.90978651298,3066.147705078125,0.08364758054725047,0.333629856315378,0.06425320225577447,1938104.6,0.9631993030716711,0.02215127603350986,0.4668480774167867,-0.011156760025805679,-0.45342333452020567,0.0018334165305691208,-0.22063732658401003,-0.0077789440412462385,0.13501326505144262,0
2022-05-19,-0.054178218717208626,-0.055701119556893885,0.05364889180385197,-0.039755681138688624,2972.639208984375,2959.3839899409572,2988.68681640625,2992.068757910326,3053.2233032226563,3041.0730864539896,3149.2779638671873,3119.465181314026,0.9619973839863176,0.9568319861686746,0.9366072699496829,0.9080402477609704,22.80235722414048,29.191291246254067,33.38776198722563,-60.30892687786127,-51.73702785934806,-8.571899018513207,3207.3734851193676,2899.073121325945,3053.2233032226563,0.10097537362171106,-0.12780386718655143,1.4871492692501156,2241174.7,2.0716649175095543,-0.0008112652510605667,0.06425320225577447,0.02215127603350986,0.4668480774167867,-0.011156760025805679,-0.45342333452020567,-0.0009820419845801842,0.5241840860607383,1
2022-05-20,0.00951865214096248,0.009473635213202294,0.013316080630314244,-0.005135951661631466,2951.265966796875,2935.219779101263,2976.448388671875,2972.945594185153,3038.5104858398436,3026.3891122604546,3145.9132958984374,3110.344639200608,0.9781874591787916,0.9699114449318702,0.9501008375239945,0.9176639932148579,29.79183531038514,32.864603536838914,35.77358830978757,-65.11283778163897,-54.412189843806246,-10.700647937832727,3197.1192602446295,2879.9017114350577,3038.5104858398436,0.1043990304749246,0.022034234906131447,-0.33983428254758874,2346606.0,1.3061949897000178,-0.054178218717208626,1.4871492692501156,-0.0008112652510605667,0.06425320225577447,0.02215127603350986,0.4668480774167867,0.0018334165305691208,-0.22063732658401003,1
2022-05-23,0.008730787156079112,0.008692894230880042,0.021645187730488465,0.005128888562527587,2941.613818359375,2927.511916536259,2965.6345947265627,2961.8820664071704,3025.763623046875,3015.5040721791015,3141.035478515625,3102.570190267496,0.9899654989486051,0.9819470667709658,0.9624334727356645,0.9271134348289609,36.04702576298529,36.16674116309411,37.9348829238851,-66.12391697209432,-56.754535269463865,-9.369381702630456,3181.9663686009635,2869.560877492787,3025.763623046875,0.10324847874058034,0.13615418142165253,-0.25168141592920357,2327792.0,0.9853500656416038,0.00951865214096248,-0.33983428254758874,-0.054178218717208626,1.4871492692501156,-0.0008112652510605667,0.06425320225577447,-0.011156760025805679,-0.45342333452020567,0
2022-05-24,-0.010160508774939125,-0.010212479073699016,0.01497871046228704,-0.008189645459035054,2912.928857421875,2912.510548524173,2952.41865234375,2947.4503838785936,3014.3580688476563,3002.8377617334727,3134.9934130859374,3093.940293100143,0.9895565438049182,0.976320824355905,0.9562592587422566,0.9194621591445697,32.12685286988933,34.04947229808808,36.4240542255266,-68.52285064406533,-59.108198344384164,-9.414652299681165,3177.279255368403,2851.4368823269097,3014.3580688476563,0.10809677072175371,0.09535570798563303,-0.2538180835248006,2336674.5,0.7324554618112193,0.008730787156079112,-0.25168141592920357,0.00951865214096248,-0.33983428254758874,-0.054178218717208626,1.4871492692501156,0.02215127603350986,0.4668480774167867,0
2022-05-25,-0.03011319285778169,-0.03057590796176051,0.04381798907935705,-0.03802183263720799,2867.374560546875,2873.5757986254903,2932.8676513671876,2919.8605502330533,2998.695690917969,2983.1109557424875,3127.4195947265625,3082.244842344378,0.9750056156928864,0.9532330234966029,0.9323074386291914,0.8939338691687644,23.41248026532017,28.73491224680403,32.44385871749664,-76.5458071683629,-62.595720109179915,-13.950087059182984,3181.2720293384164,2816.1193524975215,2998.695690917969,0.12177050107045484,-0.05590279070661428,1.0730501136423394,2507302.2,1.4150851062149588,-0.010160508774939125,-0.2538180835248006,0.008730787156079112,-0.25168141592920357,0.00951865214096248,-0.33983428254758874,-0.0008112652510605667,0.06425320225577447,1
2022-05-26,0.018720549517330598,0.0185474767058321,0.01888778942782817,0.011266045494163256,2865.0490234375,2865.065018094077,2918.8441162109375,2906.8028969236343,2984.9970703125,2970.2473844366555,3121.2747509765627,3073.060474292883,0.9940644762909339,0.9757435969990763,0.9541193475051175,0.9124616332285949,35.68443296262818,35.29297939372708,36.81506971374175,-77.78423846699752,-65.63342378074344,-12.15081468625408,3169.60789439572,2800.38624622928,2984.9970703125,0.1236924658447943,0.12907480110832176,-0.20711681866582343,2507901.3,1.121729152578692,-0.03011319285778169,1.0730501136423394,-0.010160508774939125,-0.2538180835248006,0.008730787156079112,-0.25168141592920357,-0.054178218717208626,1.4871492692501156,1
2022-05-27,0.010644643140944599,0.010588387787130464,0.015239306542718689,0.0024898861975367406,2863.342724609375,2869.4966331564683,2907.304345703125,2901.631436261382,2971.8016967773438,2961.4961919456646,3114.9673876953125,3065.4251562139953,1.005244617957469,0.9900442200127229,0.9685571774195354,0.9240417330374934,41.96840892882783,38.805842749074195,39.20752399027622,-75.44968655319826,-67.5966763352344,-7.853010217963856,3147.0506524243247,2796.552741130363,2971.8016967773438,0.11794121783901187,0.23340259532181834,0.10307423682614658,2599434.3,1.1937801236215126,0.018720549517330598,-0.20711681866582343,-0.03011319285778169,1.0730501136423394,-0.010160508774939125,-0.2538180835248006,0.00951865214096248,-0.33983428254758874,1
2022-05-30,0.034940230345616774,0.0343436765914847,0.0297015035923265,0.023733697300576298,2876.7095703125,2905.9745620782705,2909.1616943359377,2915.685796926926,2965.282995605469,2963.1565946100654,3111.53232421875,3062.033205771167,1.0355339484612174,1.023982415869759,1.0046024019753363,0.9573837291469665,57.89151941876008,48.74642524281889,46.291190351574045,-64.7380737086255,-67.02495580991263,2.2868821012871194,3128.901409210718,2801.6645820002195,2965.282995605469,0.11035601920473075,0.5417050380079236,-0.32500137763107395,2689315.4,0.778868852645547,0.010644643140944599,0.10307423682614658,0.018720549517330598,-0.20711681866582343,-0.03011319285778169,1.0730501136423394,0.008730787156079112,-0.25168141592920357,0
2022-05-31,-0.0032293863338211937,-0.0032346120554834082,0.01735844981901079,0.0030410672180669162,2894.070068359375,2927.0864756303054,2903.499462890625,2925.4357070737346,2958.471789550781,2963.742662050476,3106.8177880859375,3058.3970134952147,1.0259980693617599,1.0226660416800046,1.0036635513043846,0.9557400868892673,56.1714907761466,47.94413491905237,45.755699235724855,-56.375445372892955,-64.89505372250869,8.519608349615737,3108.9861289868095,2807.9574501147526,2958.471789550781,0.10175141095996913,0.5360049189472759,1.311137941702186,2998004.3,1.6147291716693002,0.034940230345616774,-0.32500137763107395,0.010644643140944599,0.10307423682614658,0.018720549517330598,-0.20711681866582343,-0.010160508774939125,-0.2538180835248006,0
2022-06-01,-0.002719634739989485,-0.0027233396654362096,0.014291235058920302,-0.009681242275125403,2927.17578125,2938.4692715139536,2897.2751708984374,2931.94464456601,2954.0029907226562,2963.503824072455,3101.6463037109374,3054.586733094667,1.011635475480979,1.0220758086857793,1.0024481602020399,0.9547300282879794,54.583262891188156,47.241255704338364,45.29388365235172,-49.825267967963555,-61.88109657159967,12.055828603636115,3098.496214513632,2809.5097669316806,2954.0029907226562,0.09782875931051606,0.5250249540042632,-0.6914179301027791,2960709.7,0.5045530130833158,-0.0032293863338211937,1.311137941702186,0.034940230345616774,-0.32500137763107395,0.010644643140944599,0.10307423682614658,-0.03011319285778169,1.0730501136423394,1
2022-06-02,0.02020748575876863,0.020006024020221017,0.025036503409837877,0.02026825633383016,2961.781884765625,2966.004172545761,2913.4154541015623,2948.149977301167,2951.051135253906,2968.9866955521616,3098.4790234375,3053.2725072717144,1.0200190601977572,1.036952683955956,1.023728100987123,0.9750183724844939,63.504118070919155,52.76704116392345,49.27711561234733,-39.352062909801134,-57.37528983923997,18.023226929438835,3087.295368369883,2814.8069021379292,2951.051135253906,0.09233607068910007,0.7569754247721536,0.7792721418362805,2762207.3,0.9622518194054444,-0.002719634739989485,-0.6914179301027791,-0.0032293863338211937,1.311137941702186,0.034940230345616774,-0.32500137763107395,0.018720549517330598,-0.20711681866582343,1
2022-06-03,0.005009972670011242,0.004997464516543446,0.013400607230761129,-0.0055645489227649225,2993.351806640625,2989.4059392492572,2928.347265625,2964.1607946384547,2952.3978271484375,2975.38886480017,3094.3125830078125,3052.6033686593432,1.014317617434926,1.036833816910109,1.0283876531601304,0.9812226112285386,65.50362272370252,54.077200713276895,50.23936253023698,-29.490713656392018,-51.798374602670386,22.307660946278368,3091.421590434696,2813.374063862179,2952.3978271484375,0.0941768497509932,0.8014292072328638,-0.2800353958461801,2647057.0,0.722924364681229,0.02020748575876863,0.7792721418362805,-0.002719634739989485,-0.6914179301027791,-0.0032293863338211937,1.311137941702186,0.010644643140944599,0.10307423682614658,0
2022-06-06,-0.002674345469244388,-0.0026779279196543224,0.02210760831131995,0.0037887510742759594,3003.183642578125,3002.30049270263,2939.9466064453127,2975.784213724077,2952.7906005859377,2980.407982401047,3089.7829833984374,3051.642044382874,1.0082931848316372,1.0299811544096837,1.0255009613646477,0.9800331013147059,63.33191928911352,53.22424641557459,49.70816972859957,-22.07624797547942,-45.853949277232196,23.777701301752778,3092.6208038247373,2812.960397347138,2952.7906005859377,0.0947105448053461,0.7692515539537726,-0.43342520100625936,2526109.0,0.429201590271837,0.005009972670011242,-0.2800353958461801,0.02020748575876863,0.7792721418362805,-0.002719634739989485,-0.6914179301027791,0.034940230345616774,-0.32500137763107395,0
2022-06-07,-0.019892195914635535,-0.02009270919879509,0.018690367433569978,-0.011275958044035252,3002.892431640625,2990.8184111507117,2948.48125,2974.3424017827674,2950.449951171875,2979.2123886530308,3083.39205078125,3048.356248448129,0.9883318552391146,1.0065705006761956,1.0058988619237845,0.9625289937732373,49.211418938167334,47.268084976154995,45.925861785359295,-20.820711763505187,-40.847301774486795,20.026590010981607,3087.6002711273786,2813.2996312163714,2950.449951171875,0.09296908758003473,0.5634497129888087,1.1289750140655408,2585783.6,0.8926717610862719,-0.002674345469244388,-0.43342520100625936,0.005009972670011242,-0.2800353958461801,0.02020748575876863,0.7792721418362805,-0.0032293863338211937,1.311137941702186,1
2022-06-08,0.012326087534141772,0.01225073984681318,0.019814036721895082,0.007100276820077963,3011.53271484375,2995.357700532766,2969.354248046875,2979.8140158762412,2951.110949707031,2981.6146639524445,3078.4761865234377,3046.633896716707,0.9976435801238696,1.0118147005440916,1.0180695780330244,0.9759491700632004,56.140205529230165,50.864373195678546,48.428205823285246,-16.681531762516443,-36.01414777209272,19.332616009576277,3089.1652438562446,2813.0566555578175,2951.110949707031,0.0935608972362891,0.693131730955823,-0.053091598158956366,2449549.7,0.8922893052547576,-0.019892195914635535,1.1289750140655408,-0.002674345469244388,-0.43342520100625936,0.005009972670011242,-0.2800353958461801,-0.002719634739989485,-0.6914179301027791,1
2022-06-09,0.0067419833512796234,0.00671935781857134,0.024481310715472805,0.012437251892540678,3012.25634765625,3005.135846579136,2987.0191162109377,2987.9736745663567,2952.9316162109376,2985.71728059239,3073.9610498046877,3045.77343561691,1.0041283973142927,1.0126122468572367,1.024301450825,0.9839721745544098,59.69248237143573,52.784513467468166,49.7793809139307,-11.632629512311723,-31.13784412013652,19.505214607824797,3093.8297253324413,2812.033507089434,2952.9316162109376,0.09542930716580392,0.7546539584823477,-0.4147445197366344,2296150.8,0.5571049601794447,0.012326087534141772,-0.053091598158956366,-0.019892195914635535,1.1289750140655408,-0.002674345469244388,-0.43342520100625936,0.02020748575876863,0.7792721418362805,0
2022-06-10,-0.01960854584002969,-0.019803344053266867,0.012202744483965028,-0.006534623789547483,2998.09091796875,2991.8846724590076,2995.7213623046873,2983.8661563213373,2951.5128540039063,2983.780618080615,3068.300927734375,3042.6208430130605,0.9890901928443983,0.9898725433988305,1.004699105476037,0.9664574610054237,46.75637230185318,46.993734478402445,46.06856614797887,-12.275638537473696,-27.36540300360396,15.089764466130262,3091.3051211771253,2811.7205868306874,2951.5128540039063,0.09472583999326467,0.5496074299934551,0.19417259421340116,2138593.7,0.7142927616405117,0.0067419833512796234,-0.4147445197366344,0.012326087534141772,-0.053091598158956366,-0.019892195914635535,1.1289750140655408,0.005009972670011242,-0.2800353958461801,0
2022-06-13,-0.04175698979582598,-0.04265386908235864,0.03123060186925738,-0.0213981466090425,2960.784375,2941.775409894547,2981.9840087890625,2957.9917433112078,2945.5728515625,2970.2355006220446,3059.7049169921875,3034.735981905318,0.959731113403226,0.9529081565797991,0.9646873555540482,0.9287029180444594,30.602635703924776,37.69571505708632,39.5977007532945,-22.517340054445867,-26.39579041377234,3.8784503593264716,3093.2317928118555,2797.9139103131447,2945.5728515625,0.10025821712135122,0.1477830400354128,0.9841298208541343,2232223.4,1.3578036141006318,-0.01960854584002969,0.19417259421340116,0.0067419833512796234,-0.4147445197366344,0.012326087534141772,-0.053091598158956366,-0.002674345469244388,-0.43342520100625936,0
2022-06-14,-0.0028110621369484834,-0.00281502059216682,0.019996558282998404,0.006442021576214787,2933.92734375,2905.7066371953233,2968.4098876953126,2935.369443035874,2935.9546752929687,2957.2196521625046,3050.8018701171877,3026.8470842540064,0.965793886420905,0.9545747383279576,0.9651269877026024,0.9287948586736744,29.827091063593087,37.18460402294248,39.224518048743874,-30.922060168618373,-27.301044364741546,-3.6210158038768263,3086.4556909903376,2785.4536595955997,2935.9546752929687,0.10252271056081683,0.15985085541889957,-0.138383019550823,2009276.2,1.2997182766610185,-0.04175698979582598,0.9841298208541343,-0.01960854584002969,0.19417259421340116,0.0067419833512796234,-0.4147445197366344,-0.019892195914635535,1.1289750140655408,0
2022-06-15,-0.0013236777718720338,-0.0013245546071442257,0.010292237001356497,-0.0037905705054761874,2899.003759765625,2880.410544588549,2955.2682373046873,2916.1783369157147,2926.2717041015626,2945.0861957065517,3041.4941748046876,3019.1204675920844,0.9761347669324104,0.9575504259321982,0.9670388280789612,0.9304040043268271,29.418670980221847,36.93138702511609,39.043102527352644,-37.45377042085647,-29.331589575964536,-8.122180844891936,3077.917477630674,2774.625930572451,2926.2717041015626,0.10364435627529703,0.18197813073884836,-0.46217125605927334,2000346.3,0.7021464233467974,-0.0028110621369484834,-0.138383019550823,-0.04175698979582598,0.9841298208541343,-0.01960854584002969,0.19417259421340116,0.012326087534141772,-0.053091598158956366,0
2022-06-16,-0.020054290697489874,-0.020258107522990527,0.035582447112706785,-0.03024691358024691,2848.67900390625,2844.6298161840327,2930.46767578125,2890.158340999221,2921.9415649414063,2928.703544627356,3030.8480908203123,3009.4713653090616,0.9734576467100825,0.9462886699938473,0.949049903203868,0.9149479869261468,23.69208225172028,33.24278682384265,36.3706673637944,-46.67144916069128,-32.79956149290989,-13.871887667781394,3085.4302991608965,2758.452830721916,2921.9415649414063,0.11190417781183015,0.04469888620417699,0.44676106557610495,1937755.2,1.04865052097396,-0.0013236777718720338,-0.46217125605927334,-0.0028110621369484834,-0.138383019550823,-0.04175698979582598,0.9841298208541343,0.0067419833512796234,-0.4147445197366344,0
2022-06-17,-0.01690004866844952,-0.017044484114345136,0.03072288042475689,-0.0010026189056436435,2800.843212890625,2805.1543338362303,2899.4670654296874,2860.34834611584,2913.9071655273438,2909.41781362862,3018.485341796875,2998.3628164397114,0.9733509382437128,0.9402429162397175,0.9355834672403679,0.9031693251548946,19.950493563065322,30.530892194293017,34.33294116283251,-57.09992660620219,-37.65963451556835,-19.44029209063384,3097.9923218288473,2729.8220092258402,2913.9071655273438,0.1263493624500482,-0.009828712314230445,1.5789182038830174,2270436.4,2.3081175055156797,-0.020054290697489874,0.44676106557610495,-0.0013236777718720338,-0.46217125605927334,-0.0028110621369484834,-0.138383019550823,-0.01960854584002969,0.19417259421340116,1
2022-06-20,0.007607735581934172,0.00757894270179682,0.02241035926889594,0.0059469626191823045,2781.920556640625,2785.7507570626954,2871.3524658203123,2839.7293020067095,2905.6495361328125,2893.9440793321446,3007.579765625,2988.5032394622967,0.9874270481802553,0.9566723821663792,0.945380221997312,0.9133402328715252,25.985548860826086,33.13076184329415,35.99916980335148,-62.96518309791327,-42.72074423203733,-20.244438865875935,3103.6124146735983,2707.6866575920267,2905.6495361328125,0.13626067154971389,0.09915229110873508,-0.7132357739836052,2312292.3,0.6499044260105006,-0.01690004866844952,1.5789182038830174,-0.020054290697489874,0.44676106557610495,-0.0013236777718720338,-0.46217125605927334,-0.04175698979582598,0.9841298208541343,1
2022-06-21,0.03198503379244033,0.03148416481510575,0.03497878216167697,0.02618209302615822,2782.16767578125,2802.1020672084637,2858.047509765625,2838.833917550944,2903.2643798828126,2888.3117563005117,2999.6798046875,2982.475845267697,1.0189194246547233,0.9918675871600431,0.9764197525870599,0.9450357611736242,46.07750633323489,42.88277987731192,42.49003150795273,-59.83405617844437,-46.14340662131874,-13.690649557125631,3103.4224075505235,2703.1063522151017,2903.2643798828126,0.13788480928890817,0.3289858938446755,0.9726657922807831,2377912.8,1.246665142641059,0.007607735581934172,-0.7132357739836052,-0.01690004866844952,1.5789182038830174,-0.020054290697489874,0.44676106557610495,-0.0028110621369484834,-0.138383019550823,1
2022-06-22,0.0034247495556076757,0.0034188984560763742,0.020959074714630224,0.007203365583792815,2785.106640625,2816.2391060035593,2842.0552001953124,2839.8665113769084,2905.704724121094,2884.1404636617726,2991.9477001953123,2977.065544809895,1.0213300783898955,1.0008648612448725,0.9789408951228337,0.9507228964624155,47.90072841219968,43.857103035859176,43.15887440633684,-55.9245575511145,-48.099636807277896,-7.824920743836607,3101.7047429294316,2709.7047053127562,2905.704724121094,0.13490704487712393,0.34389914628737556,0.12543730546632248,2492973.6,1.3382873368574781,0.03198503379244033,0.9726657922807831,0.007607735581934172,-0.7132357739836052,-0.01690004866844952,1.5789182038830174,-0.0013236777718720338,-0.46217125605927334,1
2022-06-23,0.02663699628688243,0.026288408179199377,0.028726440832164798,0.026637117844487402,2814.549462890625,2850.9202275700814,2831.6142333984376,2854.4875948907656,2909.3166748046874,2887.5825595704728,2985.5425048828124,2974.838757590022,1.037566583642097,1.031313671282924,1.0037691998239324,0.9781413146612532,60.164583198101084,50.89705119587881,48.10470789973839,-46.179969540338334,-47.71570335388999,1.5357338135516585,3103.588032489001,2715.045317120374,2909.3166748046874,0.13355119390525308,0.528222883777486,0.1067833822645643,2734311.7,1.350459788472543,0.0034247495556076757,0.12543730546632248,0.03198503379244033,0.9726657922807831,0.007607735581934172,-0.7132357739836052,-0.020054290697489874,0.44676106557610495,0
2022-06-24,-0.004744898978612744,-0.004756191747965182,0.020497403054356232,-0.013746601480607959,2850.593994140625,2869.4221601769295,2825.718603515625,2863.93094589074,2910.7199829101564,2889.377175362868,2978.953095703125,2972.1559053469086,1.0195861042873038,1.0285617335620707,0.9985247782181925,0.9756535037704642,57.28744816004754,49.670415083164656,47.314182027137726,-39.12441081562338,-45.997444846236675,6.873034030613297,3104.4814074941496,2716.9585583261633,2910.7199829101564,0.1331364237863027,0.4889194726743195,-0.4225936459568356,2794765.3,0.7628969774313429,0.02663699628688243,0.1067833822645643,0.0034247495556076757,0.12543730546632248,0.03198503379244033,0.9726657922807831,-0.01690004866844952,1.5789182038830174,1
2022-06-27,0.0065591625372825035,0.006537744834470111,0.017015085279079516,-0.010537328008395554,2886.30322265625,2888.1113554825365,2834.1118896484377,2875.12345501856,2908.04794921875,2892.8164678134285,2973.256064453125,2970.3258598860007,1.0135767174875816,1.0322421485118738,1.0059977679802996,0.9839346772279566,60.33225320276495,51.405615828628314,48.53591939854029,-31.629936535718116,-43.12394318413297,11.494006648414853,3099.4324497355383,2716.663448701962,2908.04794921875,0.13162403361898062,0.545567422722066,-0.044290231591309626,2695441.8,0.7559747719279267,-0.004744898978612744,-0.4225936459568356,0.02663699628688243,0.1067833822645643,0.0034247495556076757,0.12543730546632248,0.007607735581934172,-0.7132357739836052,1
2022-06-28,0.0010409081145099641,0.0010403667453030357,0.017298767094038207,0.003371606393634735,2905.049267578125,2901.5858743581493,2843.6084716796877,2884.834629035072,2906.0091796875,2896.2182244130427,2969.9676708984375,2968.686999188878,1.0080844221106202,1.0298657291520594,1.0077514319566938,0.9860494243102219,60.8523211468467,51.6921209163934,48.73530560524779,-25.15482308399669,-39.53011916410571,14.375296080109024,3095.600130556195,2716.418228818805,2906.0091796875,0.13048200411334065,0.5594061381059156,-0.3129235809638973,2574297.1,0.5438556412156157,0.0065591625372825035,-0.044290231591309626,-0.004744898978612744,-0.4225936459568356,0.02663699628688243,0.1067833822645643,0.03198503379244033,0.9726657922807831,0
2022-06-29,-0.008332861619975707,-0.008367773993294322,0.018842121258167425,0.005961479669825746,2916.972998046875,2902.434528217933,2851.0398193359374,2888.3432121082406,2903.1540283203126,2896.971901701086,2967.1757275390623,2966.155424159412,0.9955977782043326,1.018621983544912,1.0003368087285927,0.9787528958880201,54.207785853419274,49.18927034903392,47.19670646314932,-21.741747987851795,-35.972444928854934,14.230696941003139,3091.0445569592234,2715.2634996814018,2903.1540283203126,0.1294388976995611,0.5026020673428051,0.5242313466843231,2647242.9,0.8061194535643103,0.0010409081145099641,-0.3129235809638973,0.0065591625372825035,-0.044290231591309626,-0.004744898978612744,-0.4225936459568356,0.0034247495556076757,0.12543730546632248,0
2022-06-30,-0.007111617976946261,-0.007137026065479236,0.017109944805135134,-0.0014975251661826995,2909.612255859375,2896.1159387338303,2862.080859375,2887.458766227765,2896.274267578125,2895.686840564376,2962.482119140625,2962.913202026323,0.9910182203690122,1.0074763437659473,0.9955820800689571,0.9733320384063895,48.93221675461051,47.11028625298076,45.90873399638834,-20.46745593492051,-32.87144713006805,12.40399119514754,3076.301839946102,2716.246695210148,2896.274267578125,0.12431666046497501,0.4644623663914491,0.2744192345433023,2716000.4,1.0013264357398475,-0.008332861619975707,0.5242313466843231,0.0010409081145099641,-0.3129235809638973,0.0065591625372825035,-0.044290231591309626,0.02663699628688243,0.1067833822645643,1
2022-07-01,0.01469206515533461,0.014585182380075308,0.024418554127251267,0.016901870446702476,2913.495654296875,2906.024965015262,2882.04482421875,2894.4377210187395,2890.7559448242187,2898.558857422828,2957.376025390625,2961.4594693028644,1.0042379892563218,1.0151969160893421,1.012137680739437,0.9893375047536153,58.5791324477967,51.6266269584576,48.91150458326716,-15.856346655587913,-29.468427035172024,13.61208037958411,3059.7133629505124,2721.798526697925,2890.7559448242187,0.11689497235406895,0.6038340699775584,-0.4473902992458826,2342244.9,0.6416404194113092,-0.007111617976946261,0.2744192345433023,-0.008332861619975707,0.5242313466843231,0.0010409081145099641,-0.3129235809638973,-0.004744898978612744,-0.4225936459568356,0
2022-07-04,-0.024146936817839193,-0.02444325392111398,0.0287166816406449,-0.02323368090938257,2899.436279296875,2889.0809337080914,2892.8697509765625,2887.30229375965,2882.1111083984374,2894.428763486725,2951.1392138671877,2957.292151726036,0.9847406861399092,0.98697595013737,0.990660236093519,0.9674883711610104,42.8354833216271,44.761915448483,44.578190155952434,-17.69886421434512,-27.114514471006643,9.415650256661522,3039.364140953906,2724.858075842969,2882.1111083984374,0.10912350470961028,0.4144110709114865,0.7450074157666717,2454221.5,1.0685812181174357,0.01469206515533461,-0.4473902992458826,-0.007111617976946261,0.2744192345433023,-0.008332861619975707,0.5242313466843231,0.0065591625372825035,-0.044290231591309626,0
2022-07-05,-0.005796045616582313,-0.00581290787683185,0.020225118254071535,-0.011889385920699007,2881.45810546875,2872.2686367949777,2893.2536865234374,2878.4553390703954,2875.650598144531,2889.1159329612037,2945.699716796875,2952.6392847159464,0.985141528721607,0.9811251796518725,0.9871310668967714,0.9636569629899221,39.90467627494235,43.30924204626901,43.62755572471973,-20.26087008129889,-25.74378559306509,5.482915511766201,3028.8467581257373,2722.454438163325,2875.650598144531,0.10654713064240391,0.3792183982277328,-0.17231724266787674,2374838.1,0.9140105171800974,-0.024146936817839193,0.7450074157666717,0.01469206515533461,-0.4473902992458826,-0.007111617976946261,0.2744192345433023,0.0010409081145099641,-0.3129235809638973,1
2022-07-06,0.013820229763502168,0.013725601249906101,0.02031741163842675,0.013127233183159975,2876.206689453125,2874.137343149777,2896.58984375,2878.3497784865735,2869.3225219726564,2888.0453446657916,2941.078134765625,2949.7073424078458,1.0005799535938662,0.9935389237344021,1.002980576014452,0.9785101326757895,49.4670173920677,47.64680832209155,46.469034633364465,-18.907730970614466,-24.376574668574968,5.4688436979605015,3010.7181523237127,2727.9268916216,2869.3225219726564,0.09855680514705398,0.5302422142236118,0.005305840201932366,2259421.0,0.9657978747652607,-0.005796045616582313,-0.17231724266787674,-0.024146936817839193,0.7450074157666717,0.01469206515533461,-0.4473902992458826,-0.008332861619975707,0.5242313466843231,1
2022-07-07,0.008310898367164254,0.00827655301394458,0.016530514439927837,0.00515135972370837,2879.86943359375,2883.355722256101,2894.7408447265625,2882.612087937878,2863.1775390625,2889.354595694645,2936.6736669921875,2947.828328214156,1.0076125141713952,1.002436016251691,1.0134867436194313,0.9881222122445891,54.604781013095355,50.15100596835692,48.142333441657634,-15.724139892599851,-22.646087713379945,6.921947820780094,2986.5655332305037,2739.789544894496,2863.1775390625,0.08618955163248815,0.6564777094669051,-0.08808905370131392,2089155.3,0.9525002760685144,0.013820229763502168,0.005305840201932366,-0.005796045616582313,-0.17231724266787674,-0.024146936817839193,0.7450074157666717,-0.007111617976946261,0.2744192345433023,0
2022-07-08,-0.006812868729608956,-0.006836182268160433,0.01684300810681911,-0.010469711766098509,2871.105419921875,2882.911464576984,2892.300537109375,2882.5049718071277,2859.0095703125,2888.656343649322,2931.468779296875,2945.2477251162973,1.0038025525712573,0.9964465698641066,1.0080494235294688,0.9831327454594333,49.72912246917813,48.10287525482088,46.87077487045932,-14.627737525008797,-21.042417675705718,6.41468015069692,2973.626216249396,2744.392924375604,2859.0095703125,0.08017926706301162,0.6003928300210449,0.07386976668923029,2089635.1,1.0226263906076232,0.008310898367164254,-0.08808905370131392,0.013820229763502168,0.005305840201932366,-0.005796045616582313,-0.17231724266787674,0.01469206515533461,-0.4473902992458826,0
2022-07-11,-0.046440818903144665,-0.04755378864504225,0.038216969019826824,-0.02880397246807317,2849.702734375,2838.000790837781,2874.5695068359373,2858.0821484529906,2854.3406982421875,2875.2775912407556,2924.246279296875,2937.519557204261,0.9643740767094813,0.9560316551135752,0.9628070836294382,0.939790695064222,29.162163671975506,37.06613268747455,39.46153810652685,-24.279009783911533,-21.689736097346884,-2.589273686564649,2978.62072971031,2730.060666774065,2854.3406982421875,0.08708142762681345,0.07289496297704719,2.26386250091253,2583326.5,2.6998523028351236,-0.006812868729608956,0.07386976668923029,0.008310898367164254,-0.08808905370131392,0.013820229763502168,0.005305840201932366,-0.024146936817839193,0.7450074157666717,0
2022-07-12,-0.009345586828922503,-0.00938953082811294,0.018137890899443825,-0.009695319952063793,2826.47314453125,2799.4992251418544,2853.965625,2833.4301385069925,2848.7870483398438,2860.7269724321122,2916.5855126953124,2929.08726451978,0.9632131474581925,0.9539344377176933,0.9556685170050037,0.9334532047490189,26.69087622588772,35.388226344225075,38.24346805030023,-33.612678220165435,-24.074324521910594,-9.538353698254841,2985.5805501323002,2711.9935465473873,2848.7870483398438,0.09603631262798258,0.038388326437271955,-0.4645119433372523,2816803.4,1.3259054572285733,-0.046440818903144665,2.26386250091253,-0.006812868729608956,0.07386976668923029,0.008310898367164254,-0.08808905370131392,-0.005796045616582313,-0.17231724266787674,0
2022-07-13,-0.014895872641001784,-0.015007930342458868,0.024681201151789407,-0.02102126288659791,2787.28662109375,2760.3135296518612,2831.7466552734377,2805.8868658096985,2841.3932373046873,2843.6998454073278,2909.212138671875,2919.3952988002543,0.962205364304968,0.9470981924450804,0.9438827767521311,0.9218791930024897,23.086788265743124,32.85887388794032,36.38159182431756,-43.77740428648076,-28.01494047482463,-15.76246381165613,2996.277939294141,2686.5085353152335,2841.3932373046873,0.10902025102049981,-0.01474127717167787,0.03446355441969673,2989757.0,1.2922555244456322,-0.009345586828922503,-0.4645119433372523,-0.046440818903144665,2.26386250091253,-0.006812868729608956,0.07386976668923029,0.013820229763502168,0.005305840201932366,0
2022-07-14,-0.010558627102651874,-0.010614764914277135,0.03001250521050442,-0.018733638743455523,2737.65302734375,2724.7505236741576,2808.76123046875,2778.2028014295256,2835.421044921875,2825.597432675082,2900.6824072265626,2908.9729149931363,0.9693063676127979,0.9447668541323074,0.9358837610630297,0.9148276643825917,20.798859485883895,31.182870216756044,35.12771081124555,-53.501289203228225,-33.112210220505354,-20.38907898272287,3008.523221845635,2662.318867998115,2835.421044921875,0.12209980400179299,-0.02511336493241849,0.23330425802310328,3194287.5,1.4916966616185925,-0.014895872641001784,0.03446355441969673,-0.009345586828922503,-0.4645119433372523,-0.046440818903144665,2.26386250091253,0.008310898367164254,-0.08808905370131392,0
2022-07-15,-0.0013837206371076771,-0.0013846788625546762,0.02534558868249343,-0.007934256773768996,2691.23896484375,2699.817894689022,2781.1721923828127,2754.88458966393,2831.608508300781,2808.869356869717,2893.495947265625,2898.8152570215916,0.9846589884197083,0.952818615106446,0.9358471091432619,0.9158307753024416,20.49165061954905,30.96233814631215,34.96364741701244,-60.802929360756934,-38.65035404855567,-22.152575312201265,3017.081492483019,2646.1355241185433,2831.608508300781,0.13100185540376,0.010290211852245086,-0.039896258227860804,3501480.2,1.3065348763074542,-0.010558627102651874,0.23330425802310328,-0.014895872641001784,0.03446355441969673,-0.009345586828922503,-0.4645119433372523,-0.006812868729608956,0.07386976668923029,1
2022-07-18,0.023008039464148755,0.0227473456523428,0.020450433276889227,0.013397287462785392,2683.787646484375,2703.5195469801815,2766.7451904296877,2746.891546372761,2829.807470703125,2799.54111826903,2887.3097216796873,2891.4469273957448,1.0101107869371375,0.979823823653772,0.9579884425454974,0.9389096123658758,38.180397257446735,38.712996219252155,39.86074776556038,-60.96695588569264,-43.11367441598307,-17.85328146970957,3019.1923413865197,2640.4226000197305,2829.807470703125,0.13385000403319877,0.18612957647664682,-0.2999058320724419,3559506.2,0.8997863242940832,-0.0013837206371076771,-0.039896258227860804,-0.010558627102651874,0.23330425802310328,-0.014895872641001784,0.03446355441969673,-0.046440818903144665,2.26386250091253,1
2022-07-19,0.003509114782680678,0.003502972205213606,0.015906286848418306,0.014587201683011636,2683.3755859375,2709.158294991996,2754.924365234375,2742.0814090350996,2824.0890258789063,2792.007277578229,2881.4250927734374,2884.7406083220144,1.013811039077922,0.9874811175747775,0.9632967537802664,0.9441285834007725,40.58649515337298,39.847710078386264,40.59357658334516,-59.64181960685164,-46.41930345415678,-13.222516152694858,3019.3408254284254,2628.8372263293872,2824.0890258789063,0.13827595218160893,0.23456522525675066,-0.41767300123798123,3528950.9,0.5285066448501735,0.023008039464148755,-0.2999058320724419,-0.0013837206371076771,-0.039896258227860804,-0.010558627102651874,0.23330425802310328,-0.009345586828922503,-0.4645119433372523,1
2022-07-20,0.0294542581131223,0.029028815331175257,0.023350575456137848,0.018340948292826367,2707.1,2739.626932989456,2747.193310546875,2752.714645389513,2821.8915771484376,2792.8222234264335,2877.61205078125,2881.4395730538718,1.0345255841987275,1.0194274273428816,0.9924421730668993,0.9732250767521087,57.02388517312129,48.49745292208406,46.37305573069185,-51.53191801644243,-47.44182636661392,-4.090091649828516,3017.1637058866304,2626.619448410245,2821.8915771484376,0.138398037911519,0.44539064970030406,0.8241908900129431,3650961.6,0.9318780564550446,0.003509114782680678,-0.41767300123798123,0.023008039464148755,-0.2999058320724419,-0.0013837206371076771,-0.039896258227860804,-0.014895872641001784,0.03446355441969673,1
2022-07-21,0.0039497481978860716,0.003941968421183534,0.012573553192311624,0.003252304650497391,2738.700244140625,2763.6265328002623,2738.1766357421875,2763.4257521226696,2816.458740234375,2794.613033806952,2874.0789892578123,2878.7017753820287,1.0266277729507902,1.0268240900608587,0.9982840125639129,0.9782701668710696,58.857117747761905,49.57542214414825,47.1187734950924,-43.70834745895445,-46.695130585082026,2.986783126127577,3006.453648905366,2626.463831563384,2816.458740234375,0.13491758707971027,0.48728121756970555,-0.2885181016920856,3694033.5,0.6552837162954802,0.0294542581131223,0.8241908900129431,0.003509114782680678,-0.41767300123798123,0.023008039464148755,-0.2999058320724419,-0.010558627102651874,0.23330425802310328,0
2022-07-22,-0.00198282122246507,-0.0019847896148757565,0.01687164932198047,-0.004395604395604371,2769.919873046875,2777.767948950175,2730.5794189453127,2771.1757574185476,2811.439978027344,2795.7023430872423,2870.324853515625,2875.852716788616,1.0130440264914167,1.0276393214498916,0.9980831186795867,0.9776073874750097,57.416981164813464,49.018558333347265,46.77456890726959,-37.52539401071408,-44.86118327020844,7.335789259494362,2996.9127686649526,2625.967187389735,2811.439978027344,0.13194149054375073,0.4854717321100924,-0.14242266508030932,3687930.5,0.5628864209886819,0.0039497481978860716,-0.2885181016920856,0.0294542581131223,0.8241908900129431,0.003509114782680678,-0.41767300123798123,-0.0013837206371076771,-0.039896258227860804,0
2022-07-25,-0.0013403129954938642,-0.001341212018361286,0.011794380205454974,0.000552922590837264,2788.19326171875,2785.9418976074085,2735.9904541015626,2776.832855146425,2805.27998046875,2796.3297194524453,2867.1635107421876,2872.9678963232536,1.0050557948750065,1.0242322997585471,0.9989340865911089,0.9773735555794935,56.3321344567546,48.62177016806352,46.53377750703251,-32.553581597262564,-42.39966293561927,9.846081338356704,2983.222805663213,2627.3371552742874,2805.27998046875,0.12686279190195432,0.4915979035861452,-0.1341027397458242,3170220.9,0.5669964512567562,-0.00198282122246507,-0.14242266508030932,0.0039497481978860716,-0.2885181016920856,0.0294542581131223,0.8241908900129431,0.023008039464148755,-0.2999058320724419,0
2022-07-26,-0.016057599380528864,-0.016187919599001566,0.023235631635435888,-0.015420118678250945,2795.564453125,2776.3918477538973,2739.47001953125,2773.2799265828703,2796.717822265625,2792.6118174138196,2861.790693359375,2868.4315767830035,0.986309489292818,1.006505538804427,0.9859027343034519,0.9634847700235437,44.57592996143634,44.02958529670072,43.70717265310496,-31.876893769375783,-40.295109102370574,8.41821533299479,2966.4017203857884,2627.0339241454612,2796.717822265625,0.12134502577932758,0.38382493962146663,0.4683511135441145,3060676.1,0.8623477015421527,-0.0013403129954938642,-0.1341027397458242,-0.00198282122246507,-0.14242266508030932,0.0039497481978860716,-0.2885181016920856,0.003509114782680678,-0.41767300123798123,1
2022-07-27,0.023412352916853063,0.023142487783910978,0.026373173739982995,0.023707896518860315,2799.8208984375,2791.5433770182235,2753.46044921875,2782.110200939962,2792.603552246094,2795.396066759825,2857.75806640625,2866.6047084992338,1.0078667664498349,1.0248363786549135,1.0104715484148337,0.9874336350296667,58.92366923155012,51.15668066977501,48.42616861630233,-25.833794117676916,-37.40284610543184,11.569051987754925,2955.525778429469,2629.6813260627187,2792.603552246094,0.11668124252892013,0.5897449169024587,-0.47343131894882373,2813303.9,0.49401275134193645,-0.016057599380528864,0.4683511135441145,-0.0013403129954938642,-0.1341027397458242,-0.00198282122246507,-0.14242266508030932,0.0294542581131223,0.8241908900129431,1
2022-07-28,0.022468648673855895,0.02221994702108637,0.01912286387248875,0.013837064676616963,2814.545654296875,2822.7787552517325,2776.62294921875,2800.8628028997414,2792.69208984375,2803.953537708294,2858.2696337890625,2867.3358772529405,1.025120877792099,1.0391218269410918,1.0331427235432096,1.0094392347071615,68.32068873377217,56.95431592542013,52.52998358382859,-15.74697442109482,-33.07167176856444,17.324697347469623,2955.813561520229,2629.5706181672713,2792.69208984375,0.11682023397402574,0.7837070464229573,0.5155568251154117,2547446.4,0.8268409494307711,0.023412352916853063,-0.47343131894882373,-0.016057599380528864,0.4683511135441145,-0.0013403129954938642,-0.1341027397458242,0.0039497481978860716,-0.2885181016920856,1
2022-07-29,0.012697430068856042,0.012617493650557855,0.012810821066410745,0.003616991593844928,2837.712451171875,2855.814092042822,2803.816162109375,2822.8667961225156,2792.494177246094,2815.1850832241707,2858.969501953125,2869.4750493459624,1.0296620309145013,1.0421099660923558,1.0463351327401902,1.0220062731095572,72.55343428950754,59.91505776421296,54.71613403511651,-4.742272359500475,-27.40579188675165,22.663519527251175,2954.9773253818744,2630.0110291103133,2792.494177246094,0.1163713424792301,0.8981661786574313,0.15378574992653116,2332991.5,1.0416913220643966,0.022468648673855895,0.5155568251154117,0.023412352916853063,-0.47343131894882373,-0.016057599380528864,0.4683511135441145,-0.00198282122246507,-0.14242266508030932,0
2022-08-01,-0.0009388337605823471,-0.0009392747410238403,0.016975869762065058,-0.008476089922415093,2861.0828125,2876.9232618827145,2824.638037109375,2840.3713062025126,2795.691613769531,2825.0857040182977,2859.11041015625,2871.422757276023,1.0202925930031954,1.0334568759648355,1.044157226492702,1.0209964579167718,71.71635993645889,59.58458013198535,54.518733511992906,3.7148602975548783,-21.181661449890345,24.896521747445224,2965.3429261782003,2626.040301360862,2795.691613769531,0.12136625625880258,0.8638344615206778,-0.46223259515351667,2143403.3,0.6097373275482034,0.012697430068856042,0.15378574992653116,0.022468648673855895,0.5155568251154117,0.023412352916853063,-0.47343131894882373,-0.0013403129954938642,-0.1341027397458242,0
2022-08-02,-0.002121804455438081,-0.002124058671746895,0.012531137793343392,0.0005471273033814875,2892.214013671875,2888.9314258905597,2843.8892333984377,2853.5670239668284,2799.4067993164062,2833.4535182933405,2859.719208984375,2873.051188516424,1.0071688125900655,1.0242831259729788,1.0405589336346435,1.0186132067633238,69.6010340711702,58.7959973869979,54.05637606445829,9.804388232383644,-14.984451513435548,24.788839745819192,2975.77906366804,2623.0345349647723,2799.4067993164062,0.1260068843118497,0.8218787120731091,-0.028922353668530354,2083807.3,0.6090361618370375,-0.0009388337605823471,-0.46223259515351667,0.012697430068856042,0.15378574992653116,0.022468648673855895,0.5155568251154117,-0.016057599380528864,0.4683511135441145,1
2022-08-03,0.01449054656799853,0.014386561923903127,0.021545126866858933,0.018140243902439044,2918.876318359375,2911.0069369218318,2859.3486083984376,2872.038103060928,2803.270959472656,2845.0444174067725,2862.9082421875,2876.271061868109,1.0124300027365987,1.033507404555194,1.0541820614944377,1.032222379829536,75.37569787641459,62.44384077482518,56.68493267535402,17.83085082878233,-8.421391044991973,26.252241873774302,2989.4635731941667,2617.0783457511457,2803.270959472656,0.13283954096006229,0.9078760066682806,1.2817682257070682,2033164.6,1.4242939307520897,-0.002121804455438081,-0.028922353668530354,-0.0009388337605823471,-0.46223259515351667,0.012697430068856042,0.15378574992653116,0.023412352916853063,-0.47343131894882373,1
2022-08-04,0.004626444741619995,0.004615775640163054,0.02400924182471454,0.001477597364738866,2935.5923828125,2930.28123594268,2875.0690185546873,2889.6365995924634,2806.6228271484374,2856.8335046998773,2865.3239697265626,2879.900817637374,1.011322229668695,1.0326116746501,1.0577943731045407,1.0361236165094763,77.02493127170717,63.56887230315424,57.511659017895944,25.006823223923675,-1.7357481912088426,26.742571415132517,3001.977375349457,2611.268278947418,2806.6228271484374,0.1392096909576568,0.9151605589162605,-0.25735576471498267,2006157.3,1.0719832388018626,0.01449054656799853,1.2817682257070682,-0.002121804455438081,-0.028922353668530354,-0.0009388337605823471,-0.46223259515351667,0.022468648673855895,0.5155568251154117,1
2022-08-05,0.00301036312592573,0.0030058410559595148,0.006537792805685501,0.00114545332386657,2946.76884765625,2946.1098539097034,2892.2406494140623,2905.660325092697,2811.4100341796875,2868.3509889992933,2867.3121142578125,2883.738710665075,1.0105194006690261,1.0295709972982416,1.05917210710696,1.038522131942559,78.14144126365423,64.32128059926879,58.06108024370586,31.05698926332707,4.82279929969834,26.23418996362873,3018.274159023134,2604.545909336241,2811.4100341796875,0.14716040871199723,0.902092571126,-0.48528318345812993,1909262.0,0.5797700891758176,0.004626444741619995,-0.25735576471498267,0.01449054656799853,1.2817682257070682,-0.002121804455438081,-0.028922353668530354,0.012697430068856042,0.15378574992653116,1
2022-08-08,0.0027935709088857674,0.002789676141527379,0.01271315413312074,0.0028083064403789156,2960.157666015625,2959.4351337262606,2910.6202392578125,2920.2831193230018,2823.3053466796873,2879.563817985968,2867.4552197265625,2887.7523178295573,1.0087590021441828,1.0259276195099933,1.0576559481499666,1.0413713430698754,79.23712761818348,65.04491995636994,58.584480946559296,36.10681434087701,11.079602307934074,25.027212032942934,3041.3178875305034,2605.292805828871,2823.3053466796873,0.15443780539515997,0.8733279426138075,-0.034416717181617984,1836395.2,0.5820294019500813,0.00301036312592573,-0.48528318345812993,0.004626444741619995,-0.25735576471498267,0.01449054656799853,1.2817682257070682,-0.0009388337605823471,-0.46223259515351667,0
2022-08-10,-0.005986097465237372,-0.006004085969889016,0.014906461951255888,-0.00908419497784348,2971.21025390625,2962.360320270632,2931.7121337890626,2928.9972236932513,2835.5910766601564,2888.00637754534,2867.4332275390625,2890.9075482424914,0.9989904583349727,1.0124495714124362,1.046769655113819,1.035145531847939,70.39152330128596,62.128923073781976,56.98003641167824,38.22583040629797,16.508847927606855,21.71698247869112,3057.159851824078,2614.022301496235,2835.5910766601564,0.15627695896468394,0.7992741567513373,0.757387475721252,1760294.4,1.0670709399518628,0.0027935709088857674,-0.034416717181617984,0.00301036312592573,-0.48528318345812993,0.004626444741619995,-0.25735576471498267,-0.002121804455438081,-0.028922353668530354,1
2022-08-11,0.020347117334061693,0.020142880515312465,0.01567564714207464,0.006617647058823614,2985.89970703125,2984.4419550502134,2952.3880126953127,2947.1077693143643,2852.9242309570313,2901.396743932391,2868.780634765625,2896.307457119624,1.0143023951801065,1.025815445526241,1.0615792707517544,1.0557116803937179,79.43920106850942,67.44012326832612,60.78967220309036,44.26820354409165,22.060719050903813,22.207484493187835,3077.913702285915,2627.9347596281477,2852.9242309570313,0.15772551467545248,0.8904204774887841,-0.22844993954829718,1766238.4,0.8205279649678096,-0.005986097465237372,0.757387475721252,0.0027935709088857674,-0.034416717181617984,0.00301036312592573,-0.48528318345812993,0.01449054656799853,1.2817682257070682,0
2022-08-12,-0.00612107841837195,-0.006139889018931184,0.011097881688674656,-0.005103817248281575,2994.147119140625,2992.9836015438923,2964.8697509765625,2958.554882990162,2870.7463500976564,2911.746282084663,2868.5604931640623,2900.768611527923,1.005316964984404,1.0152442256661698,1.048531123074964,1.049330108848813,71.60354492106417,64.45212766481146,59.102793999799225,47.01893447437487,27.052362135598024,19.96657233877685,3086.023934187474,2655.468766007839,2870.7463500976564,0.14998021966133948,0.8235834911066882,0.01594344101216638,1702840.5,0.8646458667150564,0.020347117334061693,-0.22844993954829718,-0.005986097465237372,0.757387475721252,0.0027935709088857674,-0.034416717181617984,0.004626444741619995,-0.25735576471498267,0
2022-08-16,-0.002601702587524901,-0.0026050928973638116,0.008061454903137859,-0.005365009917362982,2999.0408203125,2996.06759959697,2972.904833984375,2966.496830756155,2888.360498046875,2920.364311953088,2867.881015625,2904.7477089465583,1.0010652657239565,1.009866027793241,1.0394255141396833,1.0468480314720605,68.28406647163195,63.1786831208952,58.38417032182468,48.01351823717505,31.24459335591343,16.76892488126162,3085.3663785380177,2691.354617555732,2888.360498046875,0.13641363716500016,0.7890144633560059,-0.42952442143669256,1543809.0,0.5440711901537042,-0.00612107841837195,0.01594344101216638,0.020347117334061693,-0.22844993954829718,-0.005986097465237372,0.757387475721252,0.00301036312592573,-0.48528318345812993,1
2022-08-17,0.002475856817962141,0.0024727969339863546,0.013774911696339058,0.004726595828311894,3003.757421875,3000.6013001219385,2981.9575439453124,2974.346261740831,2903.2977905273438,2928.869491878687,2867.51259765625,2908.8622576612765,1.0019679616116222,1.0092929415721656,1.0366379608015375,1.049574709325363,69.83272171693775,63.907602822193155,58.88241980489301,48.83854221138108,34.76338312700696,14.075159084374121,3089.214810922472,2717.3807701322153,2903.2977905273438,0.12807299409776304,0.7860709321246159,0.9314738398603712,1575350.3,1.029819209099081,-0.002601702587524901,-0.42952442143669256,-0.00612107841837195,0.01594344101216638,0.020347117334061693,-0.22844993954829718,0.0027935709088857674,-0.034416717181617984,0
2022-08-18,-0.005836252189497015,-0.005853349665215175,0.008872458410351213,-0.0025811209439528687,3008.535986328125,2997.768705289626,2989.8731201171877,2977.5748533561346,2916.8811767578127,2934.8917798545262,2867.9975830078124,2912.1266207186777,0.9945380508068375,1.0007459833304648,1.02578861952505,1.0432726768503868,61.54728532801911,60.842436135023526,57.183659934111716,47.52715254969689,37.316137011544946,10.211015538151948,3086.341184239217,2747.4211692764084,2916.8811767578127,0.11619260244928002,0.7219471720353896,-0.11814333247448416,1591504.8,0.8989347691568382,0.002475856817962141,0.9314738398603712,-0.002601702587524901,-0.42952442143669256,-0.00612107841837195,0.01594344101216638,-0.005986097465237372,0.757387475721252,1
2022-08-19,0.0013308141155397024,0.0013299293673046115,0.014841615594772293,-0.00036905816356665264,3002.03203125,2997.2076199326675,2993.965869140625,2980.940416240246,2926.6572387695314,2940.7197483654045,2867.83056640625,2915.4191237971118,0.9980191477075034,1.0007079506483263,1.0237226995800877,1.044721917785129,62.71719689982309,61.295633615056026,57.47568106674807,46.27573765927764,39.108057141091486,7.1676805181861525,3090.618040605158,2762.696436933905,2926.6572387695314,0.11204646698194248,0.7117219776676302,-0.022541360310178726,1441763.4,0.9699302950817035,-0.005836252189497015,-0.11814333247448416,0.002475856817962141,0.9314738398603712,-0.002601702587524901,-0.42952442143669256,0.020347117334061693,-0.22844993954829718,0
2022-08-22,-0.00921514939008139,-0.009257871542447397,0.010940422643364879,-0.0031054832605869782,2993.7138671875,2987.6304380280285,2993.9304931640627,2978.6741722363377,2934.499755859375,2943.363207970485,2866.7062451171873,2917.499788519529,0.9915697377610573,0.9914979926877288,1.0115782317894333,1.0355006130380138,50.330245534001925,56.41978209753302,54.75677345298107,42.565468298872474,39.799539372647686,2.765928926224788,3090.513978770324,2778.485532948426,2934.499755859375,0.10633105189355155,0.6088885286400084,0.09877074677669628,1380359.9,1.1131386821654266,0.0013308141155397024,-0.022541360310178726,-0.005836252189497015,-0.11814333247448416,0.002475856817962141,0.9314738398603712,-0.00612107841837195,0.01594344101216638,0
2022-08-23,-0.020852252979263408,-0.021072731576096453,0.021890001889439955,-0.010647706753274273,2974.582080078125,2960.6125120707693,2986.8114501953123,2965.565533676321,2939.5260498046873,2939.8597272262723,2865.5301318359375,2917.0714305444985,0.9771378237039307,0.9731369752068495,0.9887909176206734,1.0143242354579654,33.186232285609805,47.329673223418844,49.27005547686456,34.23564054657345,38.68675960743284,-4.451119060859391,3084.768933507462,2794.2831661019127,2939.5260498046873,0.09882061341992536,0.3865714146936623,0.20352586213629142,1454592.2,1.271322642868565,-0.00921514939008139,0.09877074677669628,0.0013308141155397024,-0.022541360310178726,-0.005836252189497015,-0.11814333247448416,-0.002601702587524901,-0.42952442143669256,0
2022-08-24,-0.008905249057187592,-0.008945137776807192,0.017755401752253645,-0.011133020153022595,2948.7869140625,2933.9726317450964,2976.27216796875,2950.13414047949,2943.4462036132813,2934.224788546984,2866.3128515625,2915.6448203699592,0.976907777688508,0.9678862377225967,0.9786803195375212,1.0050169050888536,28.457279971402926,44.127993688327706,47.193756231767985,25.254468786406505,36.00030144322757,-10.745832656821065,3077.4593951108354,2809.4330121157273,2943.4462036132813,0.09105869937968884,0.26586882299315784,-0.08507908045181412,1516900.9,1.115381367365528,-0.020852252979263408,0.20352586213629142,-0.00921514939008139,0.09877074677669628,0.0013308141155397024,-0.022541360310178726,0.002475856817962141,0.9314738398603712,0
2022-08-25,-0.011412100258676006,-0.01147771797649332,0.01970042362366681,-0.017643482548267704,2919.929833984375,2905.254459574856,2964.23291015625,2931.5312267985596,2947.972521972656,2925.995581564831,2866.59783203125,2912.9849495803282,0.975303612466742,0.9607268394723616,0.9660260039767053,0.993448778692626,23.496106978525773,40.39079550920789,44.682624191785045,15.307650344087051,31.86177122339947,-16.554120879312418,3061.0027624207514,2834.9422815245607,2947.972521972656,0.0766833744925549,0.056957472879689226,0.1507202159909169,1523758.0,1.2777160152727665,-0.008905249057187592,-0.08507908045181412,-0.020852252979263408,0.20352586213629142,-0.00921514939008139,0.09877074677669628,-0.005836252189497015,-0.11814333247448416,1
2022-08-26,0.001242984902349864,0.0012422130361619329,0.012475933145382388,-0.0037411796906827366,2890.984326171875,2887.2889431019876,2946.5081787109375,2916.9542601363214,2949.448095703125,2918.8872319068705,2867.028623046875,2910.5682029362465,0.9862931058958396,0.9677074480084035,0.9667428676945437,0.9945341623851766,25.13567061689936,40.97049290847813,45.01340983957548,7.622489617016981,27.01391490212297,-19.39142528510599,3056.4641911854787,2842.4320002207714,2949.448095703125,0.07256686133128365,0.04170358624675477,-0.2511482179636658,1524629.4,0.9562730457644331,-0.011412100258676006,0.1507202159909169,-0.008905249057187592,-0.08507908045181412,-0.020852252979263408,0.20352586213629142,0.0013308141155397024,-0.022541360310178726,0
2022-08-29,-0.02782254411746321,-0.02821692340477944,0.019696397570712863,0.0024160156249998645,2851.694287109375,2848.8679217034087,2922.7040771484376,2890.6036453672177,2943.7869140625,2904.9004363830018,2867.0077734375,2905.1351706213445,0.9720627808656582,0.9484456194452645,0.9416530339421832,0.966870723054452,16.108960160354115,33.182111665198136,39.460647709782556,-4.8139948086591176,20.648332959966552,-25.46232776862567,3073.3850843718037,2814.188743753196,2943.7869140625,0.08804860819933136,-0.1626676701774355,0.7415906587414487,1631311.3,1.5565226575700175,0.001242984902349864,-0.2511482179636658,-0.011412100258676006,0.1507202159909169,-0.008905249057187592,-0.08507908045181412,-0.00921514939008139,0.09877074677669628,1
2022-08-30,0.02509138013731982,0.02478175997010851,0.026283389100629762,0.017797116432250345,2838.694921875,2846.4385591303976,2906.6385009765627,2881.6902251157917,2939.7716674804688,2898.8699028212277,2869.315302734375,2902.642804478718,1.0010162811393164,0.9776172141907811,0.9665988231051125,0.9903337675285916,38.646193213549594,43.3500615144811,45.634459964825716,-8.954355195094195,14.727795328954404,-23.6821505240486,3076.6092118513207,2802.934123109617,2939.7716674804688,0.09309399494153811,0.14121018852114892,0.3514341086645141,1890469.6,1.8151706856328182,-0.02782254411746321,0.7415906587414487,0.001242984902349864,-0.2511482179636658,-0.011412100258676006,0.1507202159909169,-0.020852252979263408,0.20352586213629142,0
2022-09-01,-0.024742181769724536,-0.025053413985335116,0.022032762102314526,-0.01827587737558788,2816.8109375,2821.383355826515,2882.79892578125,2861.6143567708746,2932.3782348632812,2886.717812001944,2869.8018896484373,2897.4910454489154,0.983833494937482,0.9613133002218405,0.9450598549228276,0.9656669887963042,29.348198739304905,37.189482985362375,41.1774794890478,-17.704709778931374,8.241294307377249,-25.946004086308623,3087.617101946231,2777.1393677803317,2932.3782348632812,0.10587915654079148,-0.018894812464867558,0.03363227719454187,2082930.5,1.702858064635378,0.02509138013731982,0.3514341086645141,-0.02782254411746321,0.7415906587414487,0.001242984902349864,-0.2511482179636658,-0.008905249057187592,-0.08507908045181412,0
2022-09-02,-0.00041484841954997353,-0.000414934492961344,0.013640414165584733,-0.010306701756639223,2801.27197265625,2804.2966675562184,2860.6009033203127,2844.9796175426472,2925.23701171875,2875.613571908009,2868.50826171875,2892.496231549571,0.988880522153981,0.9683711166420769,0.9469739648166196,0.9657016951925477,29.21410981791132,37.09664579384432,41.108544437898715,-24.450348243680764,1.7029657971656462,-26.15331404084641,3095.780091976363,2754.6939314611373,2925.23701171875,0.11660120501306577,0.04523595894709129,-0.42121860141220524,2145154.6,0.9569939621134999,-0.024742181769724536,0.03363227719454187,0.02509138013731982,0.3514341086645141,-0.02782254411746321,0.7415906587414487,-0.011412100258676006,0.1507202159909169,1
2022-09-05,0.0009581872704398364,0.0009577285020511849,0.011393359381026237,0.003121348520102786,2785.555908203125,2793.7903076676876,2838.2701171875,2831.8519757877343,2916.1179931640627,2865.819668668258,2867.0735498046874,2887.8013827786317,0.9954126498502976,0.9769251950685466,0.9508454714077226,0.967110727968424,30.07465486143944,37.484665559119776,41.34658103201214,-29.245017395621744,-4.486630841391832,-24.75838655422991,3098.387131505961,2733.8488548221644,2916.1179931640627,0.12500806810230033,0.106789150984624,0.046281845194602766,2220104.8,0.9674822557926095,-0.00041484841954997353,-0.42121860141220524,-0.024742181769724536,0.03363227719454187,0.02509138013731982,0.3514341086645141,0.001242984902349864,-0.2511482179636658,0
2022-09-06,-0.0020264504837727015,-0.0020285065126510043,0.011032762335521026,-0.002694929412175146,2784.582470703125,2784.9131022472084,2818.13837890625,2820.089560445646,2906.0344360351564,2856.423385119496,2864.01107421875,2883.0702968424603,0.9937427677290249,0.9819101546320143,0.952211252933953,0.96618295799051,29.19800060081799,36.96484299236538,40.97842028199103,-33.116479073011305,-10.212600487715727,-22.90387858529558,3097.600073292761,2714.468798777552,2906.0344360351564,0.13183989486302633,0.13752438428674002,-0.09844863290488626,2260096.9,0.8568008743341934,0.0009581872704398364,0.046281845194602766,-0.00041484841954997353,-0.42121860141220524,-0.024742181769724536,0.03363227719454187,-0.02782254411746321,0.7415906587414487,1
2022-09-07,0.007211131679977667,0.00718525579174924,0.019018256440976003,0.015344970230899363,2773.689111328125,2785.6464138679307,2806.1920166015625,2814.09382892996,2896.5017333984374,2849.8223995947224,2861.624814453125,2879.307267049006,1.0048397369865372,0.9932011140437592,0.9622342030637359,0.9739617237845382,36.827389762948236,40.1396121978551,42.8751215370697,-34.180480113759586,-15.0061764129245,-19.174303700835086,3091.7790971651575,2701.2243696317173,2896.5017333984374,0.1348366973270222,0.2199145508238758,-0.33304139062502425,2204324.7,0.5859091448732575,-0.0020264504837727015,-0.09844863290488626,0.0009581872704398364,0.046281845194602766,-0.00041484841954997353,-0.42121860141220524,0.02509138013731982,0.3514341086645141,1
2022-09-08,0.006365881614556423,0.006345704972994269,0.007382487992269308,-0.00011044090102531086,2780.405615234375,2792.049432161954,2798.6082763671875,2812.4141270790583,2887.440222167969,2845.539834752368,2859.21212890625,2876.3875886843393,1.0087936283043235,1.0022322496633655,0.9713986274819009,0.9809889376144177,43.178891040545345,42.89367515364697,44.53907121629638,-33.20922734969463,-18.646786600278528,-14.562440749416101,3082.066929597617,2692.8135147383205,2887.440222167969,0.13480916829752917,0.28783807600552275,0.0422590500908222,2169743.7,0.6204018474624444,0.007211131679977667,-0.33304139062502425,-0.0020264504837727015,-0.09844863290488626,0.0009581872704398364,0.046281845194602766,-0.024742181769724536,0.03363227719454187,1
2022-09-09,0.01514385280547259,0.015030329353385559,0.02020107903990852,0.007089171312597825,2795.847314453125,2810.4768838110945,2798.5596435546877,2818.7627925391157,2881.396276855469,2845.7104968816066,2857.58806640625,2875.2481454853214,1.0184146224259463,1.017427587676044,0.9881777837988778,0.9964108615172887,55.63692981579246,48.94924374259493,48.32293720042017,-28.681397339497835,-20.65370874812239,-8.027688591375444,3073.1002195755327,2689.692334135405,2881.396276855469,0.13306322650577906,0.41115339292776937,0.1597726193863369,2131169.2,0.7325485935138326,0.006365881614556423,0.0422590500908222,0.007211131679977667,-0.33304139062502425,-0.0020264504837727015,-0.09844863290488626,-0.00041484841954997353,-0.42121860141220524,1
2022-09-12,0.007862778603632048,0.007832028044662554,0.013814597666527572,0.0009414021790978356,2815.2357421875,2830.2244980615633,2800.3958251953127,2828.027689634276,2873.452001953125,2847.9970901845486,2856.89982421875,2875.03134474325,1.019353258257749,1.0247550366785567,0.9987011178930122,1.0044873475209288,60.90739159401721,51.84752967132741,50.203150126224024,-23.021166151891975,-21.12720022887631,-1.8939659230156671,3052.8708670289802,2694.03313687727,2873.452001953125,0.1248803633774997,0.48959898840891913,0.14395667393678524,2163965.8,0.8253032464745977,0.01514385280547259,0.1597726193863369,0.006365881614556423,0.0422590500908222,0.007211131679977667,-0.33304139062502425,0.0009581872704398364,0.046281845194602766,0
2022-09-13,-0.00419358856432317,-0.004202406317500194,0.011906405316593078,-0.01044901991016599,2833.341064453125,2839.378099619167,2808.961767578125,2833.419982925203,2865.8329223632813,2848.919777094056,2856.383955078125,2874.351107801726,1.0085920606547059,1.0173457452211103,0.9971569802393827,1.0004555926922698,56.684143171436425,50.197774958803556,49.192938286894744,-19.284173633340288,-20.758594909769105,1.4744212764288172,3033.9873740912885,2697.678470635274,2865.8329223632813,0.11735118988677139,0.4757734049108457,0.10456748536335181,2107316.3,0.9361091166048495,0.007862778603632048,0.14395667393678524,0.01514385280547259,0.1597726193863369,0.006365881614556423,0.0422590500908222,-0.0020264504837727015,-0.09844863290488626,0
2022-09-14,-0.03373749122069147,-0.034319733467732455,0.008844973201958742,-0.004657128438995281,2828.173291015625,2813.3434563867368,2800.931201171875,2820.302562379143,2853.7848510742188,2840.572576410991,2853.092578125,2869.9167180809477,0.9763454660623975,0.98584148327763,0.9675831620181455,0.9678179359102794,34.39415167666223,39.38555552711971,42.07159888438797,-23.82748440717205,-21.372372809249697,-2.455111597922354,3015.527437403147,2692.0422647452906,2853.7848510742188,0.1133530344924532,0.2140187898188755,1.5803851414168961,2273190.7,2.239261756613732,-0.00419358856432317,0.10456748536335181,0.007862778603632048,0.14395667393678524,0.01514385280547259,0.1597726193863369,0.007211131679977667,-0.33304139062502425,0
2022-09-15,-0.0051435967547462935,-0.005156870584917587,0.012160355247464288,-0.008194856978833842,2816.616455078125,2791.2527339453245,2798.51103515625,2806.9877854124807,2840.65498046875,2831.6676919016113,2850.930146484375,2865.099250276303,0.9753089683580308,0.981618887527139,0.9670555938508212,0.963570185137665,32.21680852239572,38.08416174812565,41.15015487186089,-28.248513436338726,-22.747600934667503,-5.500912501671223,2991.9450731486654,2689.364887788835,2840.65498046875,0.10651775292679164,0.19071440915749388,-0.5799783862110235,2132299.5,1.0026841914093212,-0.03373749122069147,1.5803851414168961,-0.00419358856432317,0.10456748536335181,0.007862778603632048,0.14395667393678524,0.006365881614556423,0.0422590500908222,0
2022-09-16,-0.03081157809755486,-0.03129623614656745,0.03135909169656513,-0.02187907959301851,2779.63603515625,2748.31171846355,2787.7416748046876,2780.7044948829384,2824.1712890625,2815.549786720506,2847.405859375,2857.1514242850753,0.9578339227964205,0.9550489242108607,0.9427295354963434,0.9350369490650686,22.370519719514107,31.42095557696595,36.19030123706759,-38.14239882957372,-25.826560513648747,-12.315838315924974,2977.687943091162,2670.6546350338376,2824.1712890625,0.10871624863775387,-0.026788453623741645,1.4893188707511564,2459231.6,2.164180470029744,-0.0051435967547462935,-0.5799783862110235,-0.03373749122069147,1.5803851414168961,-0.00419358856432317,0.10456748536335181,0.01514385280547259,0.1597726193863369,1
2022-09-19,0.006680780889166682,0.0066585633712066,0.017894859448660306,-0.0023715254189311157,2741.73544921875,2725.6134112673667,2778.485595703125,2762.4340043360403,2808.3778564453123,2802.660930544743,2843.4527001953124,2850.212811445465,0.9775621486889701,0.964632244637116,0.9543647378944472,0.9425923619868549,27.781857696976417,34.03294915980925,37.843387535662245,-44.0404325199479,-29.46933491490858,-14.57109760503932,2952.6114048332233,2664.1443080574013,2808.3778564453123,0.10271662558290769,0.05571688763550456,-0.6106475097520377,2451662.4,0.8452305668186615,-0.03081157809755486,1.4893188707511564,-0.0051435967547462935,-0.5799783862110235,-0.03373749122069147,1.5803851414168961,0.007862778603632048,0.14395667393678524,1
2022-09-20,0.003796626176608031,0.0037894371816512293,0.016429283415999654,-0.003180311859631095,2708.276904296875,2713.8731335532448,2770.808984375,2749.33556320676,2794.473681640625,2791.968706504768,2839.2247021484377,2843.9453513152507,0.9933964189025501,0.9709772825541277,0.9627546667555232,0.9475800122791209,30.992440152301498,35.54540134879281,38.79583600431705,-47.34777058198006,-33.04502204832288,-14.30274853365718,2927.4692811384607,2661.478082142789,2794.473681640625,0.09518472145334693,0.10870470937153663,-0.2547630077887483,2412446.6,0.6401364490306231,0.006680780889166682,-0.6106475097520377,-0.03081157809755486,1.4893188707511564,-0.0051435967547462935,-0.5799783862110235,-0.00419358856432317,0.10456748536335181,0
2022-09-21,-0.012860431468746159,-0.012943842725744703,0.014410902540202908,-0.008850742677716393,2687.1806640625,2694.51307861883,2757.6769775390626,2732.3278187600763,2781.9344970703123,2778.9995886233614,2834.7001025390623,2836.56682650877,0.9883194696462843,0.9630544078879089,0.9546569020754611,0.9368867508669387,26.34616299326322,32.79234455101637,36.78350247805806,-52.159496927366945,-36.86791702413169,-15.291579903235252,2917.5514479068165,2646.317546233808,2781.9344970703123,0.09749830628961537,0.03493450655595101,0.4594478386577694,2508675.0,0.8984097182775768,0.003796626176608031,-0.2547630077887483,0.006680780889166682,-0.6106475097520377,-0.03081157809755486,1.4893188707511564,-0.03373749122069147,1.5803851414168961,1
2022-09-22,0.0020657046874241747,0.002063574053165929,0.016841758325614475,0.005819365332357812,2670.022216796875,2683.4350699906786,2743.3193359375,2719.4098613008578,2770.9638061523438,2767.7881090148867,2832.9620947265626,2829.692796164676,0.9967254339654938,0.9700945193917467,0.9604163889927264,0.9393980447843732,28.333642765302145,33.669588497679555,37.32474451032585,-54.897321445057514,-40.473797908316854,-14.42352353674066,2908.3371553833726,2633.590456921315,2770.9638061523438,0.09915203433983526,0.10077862979992791,-0.10463799650193584,2575862.0,0.783420462742181,-0.012860431468746159,0.4594478386577694,0.003796626176608031,-0.2547630077887483,0.006680780889166682,-0.6106475097520377,-0.0051435967547462935,-0.5799783862110235,0
2022-09-23,-0.00842916980984254,-0.008464896165689973,0.014587280323177028,-0.007306907846829305,2665.305615234375,2668.5722732229524,2722.4708251953125,2704.762010098429,2760.515234375,2755.507972888469,2831.2891064453124,2822.2086347341988,0.9900728324002918,0.9692837312584192,0.9559254181348336,0.9320301037715558,25.10231724084838,31.839526966797408,36.001371722200176,-58.20620720544821,-44.020279767743126,-14.185927437705082,2904.5444554600813,2616.486013289919,2760.515234375,0.10434952090941126,0.07762545068674699,0.31436885246307833,2684980.9,0.9878558167769462,0.0020657046874241747,-0.10463799650193584,-0.012860431468746159,0.4594478386577694,0.003796626176608031,-0.2547630077887483,-0.03081157809755486,1.4893188707511564,1
2022-09-26,0.004141565011052117,0.0041330123368538115,0.033312183827525745,0.011672822456400115,2659.2173828125,2662.30672707051,2700.476416015625,2694.7644873106465,2750.4361206054687,2745.438226400579,2830.6457763671874,2815.446556304059,0.9964494260198882,0.9812252456828319,0.9634019910203605,0.9361028698427647,29.661841227497575,33.72941803898814,37.14147002248792,-59.26349499205298,-47.068922812605095,-12.194572179447889,2895.832942525922,2605.039298685015,2750.4361206054687,0.10572637614172001,0.1538422074489532,0.10297001855696064,2798937.0,1.0452143081462713,-0.00842916980984254,0.31436885246307833,0.0020657046874241747,-0.10463799650193584,-0.012860431468746159,0.4594478386577694,0.006680780889166682,-0.6106475097520377,1
2022-09-27,0.007697622541560589,0.007668147009544724,0.016238877460409966,0.002674968129644691,2655.173388671875,2664.928687187632,2681.725146484375,2690.2932364217786,2745.34345703125,2738.2700722121313,2830.97673828125,2809.749538700836,1.0056490543382188,0.9956921241247841,0.9726187812978915,0.9431983567067376,37.89408045094882,37.22761733026208,39.26183051479214,-57.78937797488197,-49.21301384506047,-8.5763641298215,2894.4465009722267,2596.2404130902737,2745.34345703125,0.10862250663690218,0.24792315561601777,-0.23860694741973054,2824413.9,0.7886404326221451,0.004141565011052117,0.10297001855696064,-0.00842916980984254,0.31436885246307833,0.0020657046874241747,-0.10463799650193584,0.003796626176608031,-0.2547630077887483,1
2022-09-28,0.006031529409226133,0.006013412547477043,0.02304282556360274,0.018674463873741613,2661.270361328125,2672.0450688021715,2674.2255126953123,2689.563162896228,2737.5783569335936,2733.3184302901427,2831.7032421875,2804.907510988304,1.0093968170489243,1.004506844796268,0.981260618614838,0.9486438381008073,43.93831106036533,39.92417232338809,40.914243707053025,-54.69112731766245,-50.308636539580874,-4.382490778081575,2881.9251343686083,2593.231579498579,2737.5783569335936,0.10545581431079101,0.3223011077422937,0.23000322791069783,2589363.7,1.0580850422827817,0.007697622541560589,-0.23860694741973054,0.004141565011052117,0.10297001855696064,-0.00842916980984254,0.31436885246307833,-0.012860431468746159,0.4594478386577694,0
2022-09-29,-0.0126329251838182,-0.012713399048382283,0.021969805019019115,-0.018565799335911987,2659.4830078125,2665.477474253531,2664.7526123046873,2682.795730579868,2731.6318237304686,2725.6064164678673,2830.531630859375,2798.924560955674,0.9973149959464778,0.9953427845079759,0.9709735631700408,0.9370473928782682,35.455709535514515,36.37805654190936,38.591375458643824,-54.347571398841865,-51.11642351143308,-3.231147887408788,2879.6876226843906,2583.5760247765465,2731.6318237304686,0.10840099142770183,0.23223089154753376,-0.08973938294752803,2624951.6,0.9500754223430252,0.006031529409226133,0.23000322791069783,0.007697622541560589,-0.23860694741973054,0.004141565011052117,0.10297001855696064,0.0020657046874241747,-0.10463799650193584,1
2022-09-30,0.0024186316745020697,0.0024157114925288936,0.023164817488319632,0.004580621135981049,2663.46513671875,2663.2374242419373,2664.3853759765625,2678.425111241483,2726.063525390625,2719.2398362536655,2829.2980615234374,2793.427806573834,0.9982324482362853,0.9978876735293033,0.975310112715649,0.9397233046514514,38.09159517206869,37.50803536508765,39.27567538786643,-52.947317105334605,-51.48260223021339,-1.4647148751212171,2876.2711009097775,2575.855949871472,2726.063525390625,0.11020108234464494,0.2759560363741683,0.12969675632803535,2374464.8,1.1865212741835551,-0.0126329251838182,-0.08973938294752803,0.006031529409226133,0.23000322791069783,0.007697622541560589,-0.23860694741973054,-0.00842916980984254,0.31436885246307833,0
2022-10-03,-0.006523437894560891,-0.006544808506148461,0.015645137082965416,-0.0033556089576377494,2661.792626953125,2655.962644807125,2660.5050048828125,2671.695652095304,2719.4953002929688,2711.827764794983,2826.1150390625,2787.466444980252,0.9923436781628805,0.992823949246375,0.9712879759905976,0.9346445737091189,33.74471903876136,35.66373841377606,38.071304878510816,-52.63044950630092,-51.712171685430896,-0.9182778208700242,2872.4215834246747,2566.5690171612628,2719.4953002929688,0.11246666476329735,0.2447063619266109,-0.3741178332995546,2343575.9,0.7524104510547323,0.0024186316745020697,0.12969675632803535,-0.0126329251838182,-0.08973938294752803,0.006031529409226133,0.23000322791069783,0.004141565011052117,0.10297001855696064,1
2022-10-04,0.03557841650069671,0.03496012713759478,0.024262815576538088,0.020198337318477838,2674.836181640625,2682.4385568245416,2665.00478515625,2683.2765118705897,2717.906884765625,2714.071823467782,2824.59033203125,2785.4242463872765,1.0226384702115137,1.0264110579069743,1.0064327060620613,0.9684202164964119,61.51031352280208,50.00751849727489,47.270450960868466,-44.2856499462664,-50.226867337598,5.941217391331598,2869.473790004492,2566.339979526758,2717.906884765625,0.11153208087328369,0.5576758365099438,0.21694395436818148,2403733.9,0.8927256881470949,-0.006523437894560891,-0.3741178332995546,0.0024186316745020697,0.12969675632803535,-0.0126329251838182,-0.08973938294752803,0.007697622541560589,-0.23860694741973054,1
2022-10-06,0.003493881156095613,0.003487791733020806,0.010171037355456295,-0.0029090481607602077,2686.5701171875,2703.2748744715695,2673.9202392578127,2694.4894205787778,2715.7986083984374,2717.0123650199575,2823.3682666015625,2783.836923382506,1.0217293389086153,1.0265629727712173,1.0107330864950907,0.9722243967378966,63.33340456328686,51.19910284504598,48.09377133885879,-36.480629752051755,-47.477619820488755,10.996990068437,2864.604146676953,2566.993070119922,2715.7986083984374,0.10958510533022862,0.5979429317766061,-0.16546117551115513,2357433.7,0.7596463900554233,0.03557841650069671,0.21694395436818148,-0.006523437894560891,-0.3741178332995546,0.0024186316745020697,0.12969675632803535,0.006031529409226133,0.23000322791069783,0
2022-10-07,-0.011944174777789973,-0.0120160795691722,0.015302262337469907,-0.010492671603498128,2698.533935546875,2706.2370419654217,2679.0084716796873,2697.7025035559313,2711.1639038085937,2716.55036615645,2821.5656982421874,2781.0261176401773,1.0050499425731656,1.0123750654855719,1.0003679132578926,0.9612256693660473,53.24051012633264,47.055501766559836,45.53287538782727,-32.56526977009389,-44.495149810409785,11.929880040315894,2854.249847531938,2568.0779600852493,2711.1639038085937,0.1055531489795507,0.5034855734902233,0.08323747386666192,2349623.3,0.8256127695022433,0.003493881156095613,-0.16546117551115513,0.03557841650069671,0.21694395436818148,-0.006523437894560891,-0.3741178332995546,-0.0126329251838182,-0.08973938294752803,1
2022-10-10,0.01750479543052119,0.01735335127733625,0.03912074460560437,0.03606313914555634,2718.709912109375,2724.0370969873647,2691.0875244140625,2708.963358733262,2706.7791748046875,2720.653874811193,2821.612607421875,2780.1873368319843,1.0150539396423213,1.0254728551172312,1.0195280179183352,0.9780354680059172,63.158962475899436,52.98865202235186,49.612303428174094,-25.339320150987533,-40.663983878525336,15.324663727537803,2837.7687836826035,2575.7895659267715,2706.7791748046875,0.096786328265857,0.7017642188542866,0.5795124335074506,2390792.2,1.2816099199252866,-0.011944174777789973,0.08323747386666192,0.003493881156095613,-0.16546117551115513,0.03557841650069671,0.21694395436818148,0.0024186316745020697,0.12969675632803535,0
2022-10-11,-0.015712603045753948,-0.015837354498591624,0.02985776445597918,-0.009822564894153177,2733.68251953125,2721.450105673868,2697.7375732421874,2710.2929522448276,2699.1069946289062,2720.236946071734,2819.501201171875,2777.6810147227643,0.9936326196037718,1.006871887758307,1.0063610403189405,0.9633888866292746,51.515406590102536,47.72788633322318,46.2876468338715,-22.848200281199297,-37.10082715906013,14.252626877860834,2806.953839567206,2591.2601496906063,2699.1069946289062,0.07991298244412687,0.5795995860045389,0.5439124456644657,2571307.8,1.8397816861909726,0.01750479543052119,0.5795124335074506,-0.011944174777789973,0.08323747386666192,0.003493881156095613,-0.16546117551115513,-0.006523437894560891,-0.3741178332995546,1
2022-10-12,0.010164511224159067,0.010113199989427718,0.015431703141377236,0.0051379617355519205,2735.381591796875,2728.928651178412,2705.10888671875,2716.400732234404,2693.4170166015624,2722.4892123684735,2816.67392578125,2776.35570991746,1.0031089448054078,1.0143346745334845,1.0187378060192167,0.9741581079273984,57.355511270762015,51.05967829317135,48.59092695697032,-18.433613098139176,-33.367384346875944,14.933771248736768,2776.3208756770223,2610.5131575261025,2693.4170166015624,0.06156035887830277,0.804381039367543,-0.6479873251956129,2515087.8,0.6621029293689071,-0.015712603045753948,0.5439124456644657,0.01750479543052119,0.5795124335074506,-0.011944174777789973,0.08323747386666192,0.03557841650069671,0.21694395436818148,1
2022-10-13,0.0008223183719200389,0.0008219804534060194,0.018576966918013655,0.0008223974290494511,2735.6205078125,2734.666464066858,2711.0953125,2721.80825179974,2692.6604125976564,2724.7418673661186,2813.159072265625,2775.1708620714326,1.0038461409399448,1.0129271653350438,1.0198620208459555,0.976177322113569,57.83969810455659,51.33268635554529,48.7794012533235,-14.584827736005082,-29.610873024701775,15.026045288696693,2773.319126134759,2612.001699060554,2692.6604125976564,0.05991005264513804,0.8315306859034668,0.2339196527602212,2446589.2,0.8398553381989914,0.010164511224159067,-0.6479873251956129,-0.015712603045753948,0.5439124456644657,0.01750479543052119,0.5795124335074506,0.003493881156095613,-0.16546117551115513,0
2022-10-14,-0.0013372808693445926,-0.001338175827368825,0.025490861200439502,-0.014578727394673965,2741.682177734375,2737.2675515654055,2720.108056640625,2725.564883574787,2692.4303344726563,2726.430234908631,2809.625634765625,2773.8884646004944,1.0002872502270763,1.0082208755888515,1.0185852133105031,0.9760979159030463,56.619026419087945,50.83563506050405,48.47568694757309,-11.696140802512218,-26.027926580263866,14.331785777751648,2772.4909438987725,2612.36972504654,2692.4303344726563,0.05947088650804175,0.8125094378404806,0.09304933226460621,2421796.7,0.9274011315648418,0.0008223183719200389,0.2339196527602212,0.010164511224159067,-0.6479873251956129,-0.015712603045753948,0.5439124456644657,-0.011944174777789973,0.08323747386666192,1
2022-10-17,0.006664111136709838,0.0066420041095289345,0.018301583087290022,0.01272520426958675,2741.90390625,2745.0936509133953,2730.3069091796874,2731.9614228538026,2697.346142578125,2729.698388689654,2806.5815966796877,2773.373067934176,1.0068718467180509,1.0111485416995971,1.0235044757624812,0.9836684787199708,61.35443776129719,53.26117339384846,50.09922984503649,-7.841710844583304,-22.390683433127755,14.548972588544451,2781.4082307171034,2613.284054439147,2697.346142578125,0.062329477712957965,0.8771004767715996,-0.32456788293023486,2291761.9,0.661938310432685,-0.0013372808693445926,0.09304933226460621,0.0008223183719200389,0.2339196527602212,0.010164511224159067,-0.6479873251956129,0.01750479543052119,0.5795124335074506,1
2022-10-18,0.01058886108658319,0.01053319173555216,0.008522291234220405,-0.0016825551835317675,2756.644482421875,2760.055435244347,2745.1635009765623,2742.5100739542477,2702.8342529296874,2735.4393996626636,2803.278017578125,2774.024281109552,1.0120924267517764,1.0163252581909037,1.0322419885281917,0.9952559062681323,67.89442953100398,56.92208057106691,52.60732322067402,-2.400504570733574,-18.39264766064892,15.992143089915345,2795.589003449999,2610.079502409376,2702.8342529296874,0.06863517466509218,0.9697589637604576,0.18241007775188622,2294801.0,0.7816459902187597,0.006664111136709838,-0.32456788293023486,-0.0013372808693445926,0.09304933226460621,0.0008223183719200389,0.2339196527602212,-0.015712603045753948,0.5439124456644657,0
2022-10-19,-0.007265994700270895,-0.007292520609276993,0.015055175146072913,-0.011760019735280038,2761.808740234375,2763.272633912898,2748.595166015625,2747.454975280748,2706.7999755859373,2738.7029836233623,2799.2955615234373,2773.854977193491,1.0028598254834094,1.007680965714925,1.0232403783919959,0.9894300085063777,59.718227682181215,53.77644766648098,50.75002210181946,0.27276753529667985,-14.6595646214598,14.93233215675648,2803.7740471772986,2609.825903994576,2706.7999755859373,0.07165218890647392,0.824349873279254,-0.33418389248724156,2199642.4,0.5429468899126513,0.01058886108658319,0.18241007775188622,0.006664111136709838,-0.32456788293023486,-0.0013372808693445926,0.09304933226460621,0.010164511224159067,-0.6479873251956129,1
2022-10-20,0.011355326530756216,0.01129133875620666,0.01741994715402913,0.016843816047705296,2772.8119140625,2775.9010756033904,2754.2162109375,2757.2191541359525,2714.068225097656,2744.6510765148873,2795.76337890625,2774.925682361761,1.010222851675628,1.0170435958732873,1.0320882625872771,1.0019295553117358,66.92719054509661,57.683581678221,53.42847097418943,4.873008947204653,-10.753049907726911,15.626058854931564,2816.308156700136,2611.8282934951762,2714.068225097656,0.07534072331494253,0.9259086079269568,0.3293273236209997,2179320.9,0.7284842723253836,-0.007265994700270895,-0.33418389248724156,0.01058886108658319,0.18241007775188622,0.006664111136709838,-0.32456788293023486,0.0008223183719200389,0.2339196527602212,0
2022-10-21,-0.006302935370530283,-0.006322882729790498,0.010645726838583409,-0.006460240094031777,2781.01845703125,2778.4348642043437,2761.3503173828126,2761.9979336396427,2720.17939453125,2748.3512065045406,2791.7117138671874,2775.262025853702,1.0008931923370448,1.0080222070644167,1.0232789965993812,0.9970594125388521,59.90574584145745,54.879216488947115,51.76894917218683,7.013236469421827,-7.199792632297164,14.213029101718991,2823.6709438568496,2616.687845205651,2720.17939453125,0.07609170890248097,0.8059334181758954,-0.35631622806989915,2087524.3,0.489533463155375,0.011355326530756216,0.3293273236209997,-0.007265994700270895,-0.33418389248724156,0.01058886108658319,0.18241007775188622,-0.0013372808693445926,0.09304933226460621,1
2022-10-24,0.0077454828103573625,0.0077156405544418025,0.007274567591866262,-0.0026498048091874006,2789.881689453125,2787.310580042479,2765.8927978515626,2769.827766017662,2728.4901611328123,2753.752235572561,2788.448740234375,2776.430652750371,1.00544120645797,1.0141615083193436,1.0280638177394588,1.005957890222138,65.11910810009587,57.59058742621605,53.61619844038972,10.329981744299403,-3.6938377569778513,14.023819501277254,2831.2142335556837,2625.766088709941,2728.4901611328123,0.07529737426666949,0.87270645906017,-0.7446465599322056,1807212.9,0.14439305961129428,-0.006302935370530283,-0.35631622806989915,0.011355326530756216,0.3293273236209997,-0.007265994700270895,-0.33418389248724156,0.006664111136709838,-0.32456788293023486,1
2022-10-25,0.00012654995407124225,0.00012654194730130167,0.01046775770342755,-0.005785223186212846,2792.969287109375,2793.3460507574864,2774.806884765625,2776.2985344121776,2736.2722290039064,2758.672688583508,2783.9849755859377,2777.5673719439837,1.0044567998422238,1.011031437030783,1.0252696944590065,1.007698323370819,65.20601436630537,57.63572737886839,53.646890872602384,12.839168287715893,-0.38723654803910224,13.226404835754995,2837.5359681641767,2635.008489843636,2736.2722290039064,0.07401583664585419,0.8414092929857058,6.931216444592621,1541112.7,1.3429536983245938,0.0077454828103573625,-0.7446465599322056,-0.006302935370530283,-0.35631622806989915,0.011355326530756216,0.3293273236209997,0.01058886108658319,0.18241007775188622,0
2022-10-27,-0.0014866432721015732,-0.0014877494226475856,0.012557770181191806,-0.0010440879802277867,2799.2771484375,2795.979479801866,2780.5429443359376,2780.8344986809857,2742.8259155273436,2762.727321850852,2779.808564453125,2778.4959588438523,1.000703463554591,1.00744580967428,1.021299354812334,1.0077119603528228,63.052669867810195,56.86983938473915,53.2125129265338,14.326038105311909,2.5554183826311,11.77061972268081,2843.0907479013936,2642.5610831532936,2742.8259155273436,0.07311060596769431,0.7913305741405772,0.17818435353343554,1618430.1,1.5066582115594611,0.00012654995407124225,6.931216444592621,0.0077454828103573625,-0.7446465599322056,-0.006302935370530283,-0.35631622806989915,-0.007265994700270895,-0.33418389248724156,1
2022-10-28,0.001852987278524676,0.0018512726154366597,0.010590373824389428,0.0042063492063492015,2800.332958984375,2799.465323774161,2786.5724365234373,2785.489501051488,2748.833874511719,2766.890149457319,2775.8925927734376,2779.591686407574,1.0021797596299364,1.0071286771285572,1.0209554814283797,1.0110034585000982,64.74324521315442,57.6245697679781,53.70239392148046,15.741775753759612,5.192689856856802,10.54908589690281,2849.2250667981084,2648.4426822253295,2748.833874511719,0.07304274966723638,0.7868933812575141,-0.44400946350117554,1548525.9,0.8755029541320556,-0.0014866432721015732,0.17818435353343554,0.00012654995407124225,6.931216444592621,0.0077454828103573625,-0.7446465599322056,0.011355326530756216,0.3293273236209997,1
2022-10-31,0.009452234095618905,0.009407841252704587,0.006639196974847434,-0.0018287269947639816,2810.22529296875,2810.631586292149,2795.621875,2794.1212483745126,2757.8649658203126,2773.182907730729,2772.3585009765625,2781.6847226789682,1.0080914574416036,1.0133573988177944,1.0272309001486861,1.0218606685716203,72.3001193118644,61.34714159457209,56.16522690708372,18.78770036735068,7.911691958955578,10.876008408395101,2854.3305194333725,2661.3994122072527,2757.8649658203126,0.06995669099728147,0.8892536905403982,0.4157695544643918,1515869.6,1.2662131360111712,0.001852987278524676,-0.44400946350117554,-0.0014866432721015732,0.17818435353343554,0.00012654995407124225,6.931216444592621,-0.006302935370530283,-0.35631622806989915,1
2022-11-01,0.02084149695173676,0.020627284184705948,0.018145886851674998,0.014061269613275853,2827.61435546875,2837.756832267683,2808.7480224609376,2811.918716709828,2769.5274658203125,2784.4995188248263,2770.3565771484373,2786.01109920994,1.0227728963907192,1.0296428519368794,1.0442240995657213,1.043911584549715,82.2046424878255,68.07049638765129,61.01224029985609,25.670003581612036,11.463354283486872,14.206649298125164,2871.4878353147797,2667.5670963258453,2769.5274658203125,0.07363015586795583,1.1006248261246436,0.558319362055294,1663275.1,1.798295423288667,0.009452234095618905,0.4157695544643918,0.001852987278524676,-0.44400946350117554,-0.0014866432721015732,0.17818435353343554,0.0077454828103573625,-0.7446465599322056,0
2022-11-02,-0.005522021479255401,-0.0055373242005010625,0.014791606840275688,-0.008654449182912919,2841.7384765625,2850.5170873972056,2817.3538818359375,2823.576695063723,2781.25869140625,2793.2174310944856,2767.9556201171877,2789.5415501294033,1.0120697669319803,1.0208293733345528,1.0340777024959438,1.0390475832609218,73.86980882766402,64.7879502760558,59.15460351675517,29.495647529889084,15.069812932767316,14.425834597121767,2875.2355667674033,2687.2818160450965,2781.25869140625,0.06757866548087055,1.004267171502375,-0.5299475771131305,1624498.4,0.8654702276099503,0.02084149695173676,0.558319362055294,0.009452234095618905,0.4157695544643918,0.001852987278524676,-0.44400946350117554,0.00012654995407124225,6.931216444592621,0
2022-11-03,-0.010781350141126023,-0.010839890036181158,0.010306400195875868,-0.006598425831674313,2850.49521484375,2848.688068030429,2824.886181640625,2827.4773012879323,2786.740673828125,2798.1519642566177,2765.48669921875,2791.717568920285,0.9980827241812527,1.0071308528418481,1.0209166773270935,1.028762868431295,60.07252758779899,58.853516992640806,55.69730004947017,29.683275967479858,17.992505539709825,11.690770427770033,2882.155666897023,2691.3256807592275,2786.740673828125,0.06847784149059472,0.8054517617931385,0.011875913524970638,1647334.7,0.8636083486859106,-0.005522021479255401,-0.5299475771131305,0.02084149695173676,0.558319362055294,0.009452234095618905,0.4157695544643918,-0.0014866432721015732,0.17818435353343554,1
2022-11-04,0.0033211355843176804,0.003315632793842467,0.016752703462541495,0.00012430909037932918,2860.103564453125,2850.618298608828,2830.21826171875,2832.3866573747855,2792.217236328125,2803.5164209717614,2764.4447412109375,2794.178792090691,0.998033356289119,1.0085719530451132,1.0222982376254421,1.0325685723474614,62.558693336778845,60.054248862223716,56.510557120323426,30.24575223412512,20.443154878592885,9.802597355532235,2889.9536466361387,2694.4808260201116,2792.217236328125,0.07000630827459596,0.8185175475612639,0.02907316757717271,1634975.9,0.8954339938588698,-0.010781350141126023,0.011875913524970638,-0.005522021479255401,-0.5299475771131305,0.02084149695173676,0.558319362055294,0.001852987278524676,-0.44400946350117554,1
2022-11-07,0.005066051884438316,0.005053262619457543,0.014750889659564424,0.0014555438748451435,2867.298681640625,2856.725431494427,2838.7619873046874,2839.0326646276653,2800.05615234375,2809.7472091902246,2764.209677734375,2797.1105922936295,1.0005723211312123,1.0106305882972564,1.0246007726895823,1.0378878709436723,66.30492372718942,61.88736493846846,57.75669982797209,31.495336890508952,22.6535912809761,8.84174560953285,2895.9836799940726,2704.1286246934274,2800.05615234375,0.06851828851362697,0.8590395093521589,0.0071618216504907295,1680234.4,0.8775549411439262,0.0033211355843176804,0.02907316757717271,-0.010781350141126023,0.011875913524970638,-0.005522021479255401,-0.5299475771131305,0.009452234095618905,0.4157695544643918,0
2022-11-09,-0.005458006461820819,-0.005472955799624303,0.01497182747573225,-0.010385254321160442,2859.55341796875,2855.5772896160765,2843.58388671875,2841.6232721243396,2804.7383422851562,2813.8932850634774,2764.318935546875,2799.313353609933,0.9978065064041256,1.0034101751616742,1.0173073768923018,1.03218227432751,58.86442270156546,58.743781627334066,55.93443494213011,30.866308610077795,24.296134746796444,6.570173863281351,2901.455650606008,2708.0210339643045,2804.7383422851562,0.06896708107327508,0.7509512744770689,-0.21175410207406187,1770366.2,0.6565121950475558,0.005066051884438316,0.0071618216504907295,0.0033211355843176804,0.02907316757717271,-0.010781350141126023,0.011875913524970638,0.02084149695173676,0.558319362055294,0
2022-11-10,-0.0032338387849993877,-0.0032390789419078805,0.01715720732940536,0.01124602597594632,2853.156689453125,2851.736178103426,2847.4475830078127,2842.065214479573,2811.127233886719,2816.7657298267773,2764.1728564453124,2801.0678870008423,0.9968095918430807,0.9988081859873597,1.0117129956959938,1.0288987349132495,54.64853386371151,56.90936142661231,54.86343638112038,29.285666349582243,25.294041067353607,3.991625282228636,2900.2058318807913,2722.0486358926464,2811.127233886719,0.06337571414077237,0.6848183622826957,0.35346869523095803,1720711.1,0.9142104098706633,-0.005458006461820819,-0.21175410207406187,0.005066051884438316,0.0071618216504907295,0.0033211355843176804,0.02907316757717271,-0.005522021479255401,-0.5299475771131305,1
2022-11-11,0.034408066788877756,0.03382934696489912,0.026101132436434325,0.01417600077417731,2872.533154296875,2881.794903240826,2861.5141845703124,2860.219239758855,2821.028564453125,2828.6844558923817,2767.5705859375,2806.5911994131866,1.024152619131643,1.0280963726752887,1.0428509624417555,1.062994515284989,75.955822004927,68.23774850606722,62.79615350750372,35.51989959521006,27.339212772924903,8.18068682228516,2921.3257084539923,2720.7314204522577,2821.028564453125,0.07110679081004667,1.1026282715560407,1.0757806917840789,1803408.4,1.8106791562022224,-0.0032338387849993877,0.35346869523095803,-0.005458006461820819,-0.21175410207406187,0.005066051884438316,0.0071618216504907295,-0.010781350141126023,0.011875913524970638,1
2022-11-14,0.005895648930923425,0.005878337600458923,0.011992205066706712,0.0034596871239470648,2893.48876953125,2907.615547473051,2876.7961669921874,2878.2260754276995,2831.6843017578126,2841.1199206585834,2769.9241259765627,2812.5780871200222,1.0227296774394963,1.028664063826089,1.0450518209605832,1.0683530311120657,78.08489447310168,69.7554295004881,63.97445538837691,41.38309062649023,30.14798834363797,11.23510228285226,2942.612892915963,2720.755710599662,2831.6843017578126,0.07834813442253423,1.0750209790269836,-0.5890008985133188,1802041.9,0.7447518284674736,0.034408066788877756,1.0757806917840789,-0.0032338387849993877,0.35346869523095803,-0.005458006461820819,-0.21175410207406187,0.0033211355843176804,0.02907316757717271,0
2022-11-15,-0.0008691443923150022,-0.0008695223172991368,0.01438815032310571,0.003492953223803142,2911.03779296875,2923.9719697997425,2889.1682373046874,2892.4913007050495,2842.395056152344,2852.1261010199682,2773.63236328125,2818.229331329164,1.0156806694831064,1.0233688631477633,1.0402089632309914,1.0659973735507329,76.90673275211638,69.22717433619235,63.660519150412114,45.299981137982286,33.17838690250683,12.121594235475456,2958.0646236577786,2726.725488646909,2842.395056152344,0.08138880431491662,0.9940355564803647,0.043689096130317795,1750171.3,0.8003262309237958,0.005895648930923425,-0.5890008985133188,0.034408066788877756,1.0757806917840789,-0.0032338387849993877,0.35346869523095803,0.005066051884438316,0.0071618216504907295,1
2022-11-16,0.006826344665049611,0.006803150667957738,0.013843548309406198,0.004926830930436848,2935.755224609375,2941.604034553995,2897.6543212890624,2907.8325485882224,2853.201171875,2864.0062975002093,2777.7672607421873,2824.450462024589,1.0140042123091497,1.0273372300455073,1.0433432431636889,1.0716765965724266,79.70955123975705,71.07812768577284,65.07275469056782,49.46259867408162,36.43522925682179,13.027369417259827,2976.4717890683623,2729.9305546816377,2853.201171875,0.08640864051822483,1.0016077432041892,0.24810809961819302,1625888.8,1.075248811603844,-0.0008691443923150022,0.043689096130317795,0.005895648930923425,-0.5890008985133188,0.034408066788877756,1.0757806917840789,-0.005458006461820819,-0.21175410207406187,0
2022-11-17,-0.0018925221917828194,-0.0018943152745624643,0.012615706180949454,0.0026946107784432244,2961.19130859375,2951.4808147026633,2907.1739990234373,2919.360153390364,2862.2639404296874,2874.218495357332,2781.736396484375,2830.2066939059778,1.0033915628406391,1.0220352741177796,1.0380714136914828,1.0681221911447532,76.67887560902068,69.81579505836109,64.33992074497623,51.710813300807786,39.49034606561899,12.220467235188792,2992.087162047335,2732.44071881204,2862.2639404296874,0.09071366185618664,0.9196877616057392,-0.18890423770259723,1627091.9,0.8714848866250272,0.006826344665049611,0.24810809961819302,-0.0008691443923150022,0.043689096130317795,0.005895648930923425,-0.5890008985133188,-0.0032338387849993877,0.35346869523095803,0
2022-11-18,-0.00165716584542408,-0.0016585404636004681,0.012487101828865864,-0.0019552384561566808,2966.070947265625,2956.424058760109,2919.30205078125,2927.8965885693883,2872.0941162109375,2882.9891669304434,2785.71943359375,2835.5440999047632,1.0000807801342702,1.0161026489469187,1.0328040888814463,1.0648274593282627,73.81710262413146,68.66796136673779,63.68178839463632,52.49015398925894,42.090307650346986,10.399846338911956,3002.16841199147,2742.019820430405,2872.0941162109375,0.0905780176536382,0.862163908321399,-0.17873660247703438,1601280.7,0.7272553775237534,-0.0018925221917828194,-0.18890423770259723,0.006826344665049611,0.24810809961819302,-0.0008691443923150022,0.043689096130317795,0.034408066788877756,1.0757806917840789,0
2022-11-21,-0.017930605477790684,-0.018093306604870612,0.01848635637943502,-0.011738148984198647,2956.844140625,2941.990306751531,2925.166455078125,2925.210445690295,2877.6923583984376,2885.8590370070083,2788.23962890625,2838.586401976513,0.9852135128497563,0.9958827463227461,1.0123121028669153,1.0447892543142403,50.20399312687468,57.64325254978507,57.06154127864002,48.259673184215444,43.32418075712068,4.935492427094765,3004.6736330163712,2750.711083780504,2877.6923583984376,0.08825215402010819,0.6395105083113315,0.11992202929912232,1585298.8,0.8226802417310857,-0.00165716584542408,-0.17873660247703438,-0.0018925221917828194,-0.18890423770259723,0.006826344665049611,0.24810809961819302,0.005895648930923425,-0.5890008985133188,1
2022-11-22,0.009578155690453505,0.009532575972533352,0.01921596166161015,0.01065547291825457,2953.71220703125,2941.6685866624794,2932.375,2928.085845834673,2885.568493652344,2891.112952195329,2790.9630224609373,2842.6036076434884,0.995704706600503,1.0029498773125454,1.0192186229347957,1.0537671487639848,58.356941759011235,61.165683115209575,59.38717118193698,46.62105412688243,43.98355543107303,2.6374986958093984,3007.6503120947,2763.486675209988,2885.568493652344,0.08461543623789274,0.727129041570659,-0.11842946678178246,1552822.9,0.7404186272626454,-0.017930605477790684,0.11992202929912232,-0.00165716584542408,-0.17873660247703438,-0.0018925221917828194,-0.18890423770259723,-0.0008691443923150022,0.043689096130317795,0
2022-11-23,-0.0020059869974853317,-0.002008001684143407,0.011788531700386287,-0.006516501853415919,2945.363671875,2939.4875538687365,2940.5594482421875,2929.3657808249595,2892.071667480469,2895.30462229875,2792.718896484375,2846.2319166881066,0.996523966228173,0.9981520659396341,1.0148868443631236,1.0509920966181538,56.091513554374764,60.02896818041791,58.681550666641336,44.33531370818855,44.05390708649613,0.2814066216924189,3010.0959265609736,2774.0474083999643,2892.071667480469,0.08161918005533084,0.6823939465335426,0.0002365754314674895,1551597.3,0.7411787839538003,0.009578155690453505,-0.11842946678178246,-0.017930605477790684,0.11992202929912232,-0.00165716584542408,-0.17873660247703438,0.006826344665049611,0.24810809961819302,1
2022-11-24,0.021718187424442315,0.02148570759651311,0.025043239143049484,0.019268722908028574,2950.891015625,2959.2820671624913,2956.041162109375,2942.003110447694,2901.7443725585936,2905.168095770298,2795.301923828125,2852.2177667689652,1.016259522249702,1.0144889496768923,1.0334718392529407,1.072825467684396,70.51854282769175,67.13578445611276,63.58967756898261,47.12436522713824,44.66799871462456,2.456366512513682,3021.472806013904,2782.015939103283,2901.7443725585936,0.08252169597540449,0.9056125950552073,0.12745965038595286,1523947.2,0.8508109729785914,-0.0020059869974853317,0.0002365754314674895,0.009578155690453505,-0.11842946678178246,-0.017930605477790684,0.11992202929912232,-0.0018925221917828194,-0.18890423770259723,1
2022-11-25,0.0028103837251256536,0.0028064419802678077,0.016329148806187483,0.0019656820407183036,2959.088720703125,2975.2877355302026,2962.579833984375,2953.8751035054993,2912.047009277344,2914.8948554365197,2798.29419921875,2858.2993865923636,1.0162922967551458,1.0150946947549788,1.0327096584240647,1.0746900998133888,71.94063031766377,67.94721864575315,64.18036187382772,49.4448071224092,45.62336039618149,3.8214467262277125,3030.869180675833,2793.224837878855,2912.047009277344,0.08160731679120524,0.9008177172122119,0.22550673265509324,1356305.9,1.1715506066883585,0.021718187424442315,0.12745965038595286,-0.0020059869974853317,0.0002365754314674895,0.009578155690453505,-0.11842946678178246,-0.00165716584542408,-0.17873660247703438,1
2022-11-28,0.0016520677190270394,0.0016507045563044869,0.015153508923312017,0.008689839572192451,2978.917626953125,2987.6142683482603,2967.8808837890624,2964.4918726834767,2922.338525390625,2924.16842482203,2803.3140625,2864.3373453136187,1.0111952431075983,1.0149556036557117,1.0307728922615935,1.0745379457405604,72.84159841206092,68.4418787693585,64.53647107953046,51.09567213903301,46.71782274475179,4.37784939428122,3038.412534454771,2806.2645163264788,2922.338525390625,0.07943912592989595,0.8873770248775185,0.38166346860031686,1441642.2,1.5228723188042081,0.0028103837251256536,0.22550673265509324,0.021718187424442315,0.12745965038595286,-0.0020059869974853317,0.0002365754314674895,-0.017930605477790684,0.11992202929912232,1
2022-11-29,0.0006184022738400241,0.0006182111419474175,0.01353996458349532,0.004241826088161364,2993.538623046875,2996.452887883215,2973.6254150390623,2973.517009823413,2931.396826171875,2932.7362059773723,2808.6552392578124,2870.2115720445795,1.0068786498185522,1.013621322883915,1.0282231665268233,1.0731577463916893,73.21776928233123,68.63731238227872,64.67473119187494,51.95539690866417,47.765337577534275,4.190059331129895,3046.4296335518907,2816.3640187918595,2931.396826171875,0.07848327210631353,0.8596074140307516,-0.2821347185093446,1459174.2,1.0800821450927518,0.0016520677190270394,0.38166346860031686,0.0028103837251256536,0.22550673265509324,0.021718187424442315,0.12745965038595286,0.009578155690453505,-0.11842946678178246,0
2022-11-30,-0.0019278500830681722,-0.0019297107778512147,0.0117671056296993,0.0023056603098212144,3008.177392578125,3000.408370567977,2976.7705322265624,2979.8447054805197,2937.2124267578124,2939.9345993069082,2815.5730322265626,2875.6275627854784,1.0000471858340951,1.0105983324443015,1.0242089773732088,1.0684572204325005,69.70413193240819,67.23849363059699,63.85927820660016,51.57334726643194,48.52693951531381,3.0464077511181245,3055.4087459134125,2819.0161076022123,2937.2124267578124,0.08048196860318267,0.8008000151260148,1.1641125665280057,1625420.9,2.0983500335205485,0.0006184022738400241,-0.2821347185093446,0.0016520677190270394,0.38166346860031686,0.0028103837251256536,0.22550673265509324,-0.0020059869974853317,0.0002365754314674895,1
2022-12-01,0.025023543110755053,0.024715581215132135,0.017262958492896444,0.014788292655109517,3025.122802734375,3028.138295222401,2988.0069091796877,2998.708967126107,2947.5904541015625,2953.6168417092267,2823.6406591796876,2883.7832718735476,1.0193299067872617,1.031991637990491,1.0461419903977613,1.0920646487032397,82.44035137823451,74.49137259839928,69.1503256773072,56.691437294765365,50.15983907120413,6.531598223561232,3078.2688371120275,2816.9120710910975,2947.5904541015625,0.08866793745286188,1.0203909296107363,-0.3605844192779082,1701707.9,1.2815689461158406,-0.0019278500830681722,1.1641125665280057,0.0006184022738400241,-0.2821347185093446,0.0016520677190270394,0.38166346860031686,0.021718187424442315,0.12745965038595286,0
2022-12-02,-0.010501552680204251,-0.010557083097093644,0.01625398832009463,-0.005479944124620245,3033.906103515625,3035.830722205559,2996.497412109375,3008.2556233162463,2957.8997314453127,2962.911959277098,2830.857119140625,2890.349244591129,1.005705342243846,1.018260707932326,1.031548008113502,1.077841603357977,68.07735229822258,67.56231274495418,64.86130285609266,57.472055797758,51.62228241651491,5.849773381243089,3087.1112635406407,2828.6881993499846,2957.8997314453127,0.08736708058199909,0.8610971993495014,0.10587264817117692,1826428.8,1.3204724980245603,0.025023543110755053,-0.3605844192779082,-0.0019278500830681722,1.1641125665280057,0.0006184022738400241,-0.2821347185093446,0.0028103837251256536,0.22550673265509324,0
2022-12-05,-0.0038527645592069115,-0.0038602055750515856,0.009384367103590854,-0.002068190403801372,3039.34462890625,3037.0404684495397,3009.1311279296874,3013.9291392473833,2967.148791503906,2970.2022451495172,2838.530458984375,2896.196723663536,1.0000379463487468,1.0100789336583944,1.0243705909324967,1.0707864526579776,63.39924432267208,65.1916010691491,63.36325739259774,56.49092941191566,52.59601181559506,3.894917596320596,3091.8270747327088,2842.4705082751034,2967.148791503906,0.08403911767809205,0.7899910375766583,-0.3883836999621436,1843515.9,0.8001368472059287,-0.010501552680204251,0.10587264817117692,0.025023543110755053,-0.3605844192779082,-0.0019278500830681722,1.1641125665280057,0.0016520677190270394,0.38166346860031686,0
2022-12-06,-0.011836096628750625,-0.011906700892719028,0.011800833006764303,-0.004323451408293619,3037.21552734375,3025.8551853465683,3015.3770751953125,3012.030135591609,2973.8760375976562,2973.3719950534323,2845.3745703125,2900.4040921136184,0.9888941341503594,0.9960560633850686,1.0099562258710981,1.0555673936492516,50.90905604924049,58.43411790051979,58.98567110284668,52.20864153708135,52.518537759892325,-0.30989622281097695,3090.9175011251014,2856.834574070211,2973.8760375976562,0.07871307482069295,0.6264875739358207,-0.2088491015650158,1845241.9,0.632436863697925,-0.0038527645592069115,-0.3883836999621436,-0.010501552680204251,0.10587264817117692,0.025023543110755053,-0.3605844192779082,0.0006184022738400241,-0.2821347185093446,0
2022-12-07,-0.0014033179071867297,-0.0014043034799168604,0.011743462706339835,0.0036517081761775335,3035.405615234375,3016.9933820279207,3021.79150390625,3009.7100701005206,2981.1754760742188,2975.838450323641,2852.5830322265624,2904.2811777323245,0.9880952187535043,0.9925468952816529,1.0060695183700605,1.0514224271500232,49.574111630288485,57.67975903831003,58.48858209139539,47.92237556349801,51.59930532061346,-3.6769297571154524,3084.6448581356863,2877.7060940127512,2981.1754760742188,0.06941515713642048,0.5874379403641218,0.00043359077428517523,1846991.3,0.6321118025840187,-0.011836096628750625,-0.2088491015650158,-0.0038527645592069115,-0.3883836999621436,-0.010501552680204251,0.10587264817117692,-0.0019278500830681722,1.1641125665280057,0
2022-12-08,-0.008888963776908954,-0.008928706303965727,0.012281609253611233,-0.002812485467820008,3013.207861328125,3002.198713018614,3019.16533203125,3002.964489173153,2987.6032470703126,2975.530919340437,2859.03970703125,2906.9607148800765,0.986526489974631,0.9845798583677007,0.9949813041323289,1.0397230117823992,41.5364535069015,53.01745834649933,55.38844230580315,41.89131044689702,49.657706345870174,-7.766395898973151,3070.0341962201023,2905.172297920523,2987.6032470703126,0.05518199193994232,0.40905192633978765,0.10116787508404679,1845894.1,0.6964749494567429,-0.0014033179071867297,0.00043359077428517523,-0.011836096628750625,-0.2088491015650158,-0.0038527645592069115,-0.3883836999621436,0.025023543110755053,-0.3605844192779082,0
2022-12-09,-0.017250846925312868,-0.01740137647174995,0.029686432313415858,-0.024110161317608254,2987.230615234375,2975.2422572467844,3010.568359375,2988.121735814966,2986.5740966796875,2970.368864708312,2864.062841796875,2907.5241905986277,0.9779390083928692,0.9703580842487824,0.9781539821666912,1.0199948489504238,30.455657568888157,45.41367445555398,50.032529034083026,32.598008540443516,46.24576678478485,-13.647758244341333,3071.7300666721053,2901.4181266872697,2986.5740966796875,0.05702585453151129,0.11691029423790353,0.39846719751341575,1866785.6,0.9630972083778662,-0.008888963776908954,0.10116787508404679,-0.0014033179071867297,0.00043359077428517523,-0.011836096628750625,-0.2088491015650158,-0.010501552680204251,0.10587264817117692,0
2022-12-12,-0.001913208223627949,-0.0019150407441833894,0.01822632422027027,0.009506973175203501,2962.486669921875,2955.4082496228566,3000.9156494140625,2974.9614628258814,2984.3982666015627,2965.1661380099013,2868.65208984375,2907.8463883937793,0.9842205414723072,0.9716168579894295,0.9769943465673079,1.0164147282613887,29.456433264609842,44.66183246333185,49.48491944218821,24.499589236671454,41.896531275162175,-17.39694203849072,3074.3251421290856,2894.4713910740397,2984.3982666015627,0.060264661411913896,0.11825632313029015,-0.15033461334804687,1800002.9,0.8486708549191783,-0.017250846925312868,0.39846719751341575,-0.008888963776908954,0.10116787508404679,-0.0014033179071867297,0.00043359077428517523,-0.0038527645592069115,-0.3883836999621436,1
2022-12-13,0.013890377456946768,0.013794790307972668,0.02060259305896531,0.016752150403500293,2953.037939453125,2955.685822014196,2995.1267333984374,2971.557736275153,2984.37607421875,2964.3161217038987,2874.7300634765625,2909.7442149978224,1.0010846549923917,0.9870169879064047,0.9905725328436563,1.0283542807569686,44.77443411381923,50.99324591562209,53.36829424493749,21.10630388717982,37.73848579756571,-16.63218191038589,3074.330510421734,2894.4216380157663,2984.37607421875,0.0602835795261038,0.34361467533192175,-0.09792682687335119,1780201.7,0.7740785777252095,-0.001913208223627949,-0.15033461334804687,-0.017250846925312868,0.39846719751341575,-0.008888963776908954,0.10116787508404679,-0.011836096628750625,-0.2088491015650158,1
2022-12-14,0.009978558503457302,0.009929101423327612,0.010726996184257686,0.004942083309487601,2950.331982421875,2965.703878087589,2992.868798828125,2974.136327904102,2984.8196655273437,2966.356490135373,2881.269716796875,2912.7244414776874,1.0120013639222505,0.9976180684577483,1.000308335112389,1.0362584151106966,53.377141042574145,55.02911252798267,55.9576560837958,20.560417760658765,34.30287219018432,-13.742454429525552,3074.709107677115,2894.9302233775725,2984.8196655273437,0.06023107069946884,0.5051192035739743,-0.11952328565125514,1560462.6,0.777532893130537,0.013890377456946768,-0.09792682687335119,-0.001913208223627949,-0.15033461334804687,-0.017250846925312868,0.39846719751341575,-0.0014033179071867297,0.00043359077428517523,0
2022-12-15,-0.017902969935789326,-0.01806516688956212,0.019908640248077803,-0.015987838034779846,2942.2673828125,2954.564711042768,2977.7376220703127,2966.527245913015,2982.872265625,2963.1117174513493,2887.0871826171874,2913.491576202214,0.9966077162403119,0.9847363163294465,0.9830412152559017,1.0156556388764693,40.15387733120332,47.40999176155816,50.610634347966574,15.634316542109445,30.569161060569343,-14.934844518459897,3075.500444935729,2890.2440863142715,2982.872265625,0.06210670190486372,0.226941147670728,0.16680224608529892,1483946.4,0.954006155478392,0.009978558503457302,-0.11952328565125514,0.013890377456946768,-0.09792682687335119,-0.001913208223627949,-0.15033461334804687,-0.008888963776908954,0.10116787508404679,0
2022-12-16,-0.019621344232553684,-0.019816398508207177,0.020615708302793065,-0.01061068702290079,2932.951708984375,2927.960132882679,2960.091162109375,2949.840651485649,2978.294287109375,2954.6964087952683,2889.87439453125,2911.972337000657,0.9801562595648639,0.9711697441486696,0.9652340230463355,0.9947667559540411,30.626295609254257,40.85333278293858,45.67771334203483,7.006948131262561,25.85671847470799,-18.849770343445428,3082.117851762969,2874.470722455781,2978.294287109375,0.06972015163374704,0.0013496652116215093,0.9097912401973873,1513139.5,1.7868015473788108,-0.017902969935789326,0.16680224608529892,0.009978558503457302,-0.11952328565125514,0.013890377456946768,-0.09792682687335119,-0.017250846925312868,0.39846719751341575,0
2022-12-19,-0.011789234461544784,-0.011859278541125668,0.015927296332755567,-0.007731624162341199,2917.975634765625,2898.9267096822027,2940.23115234375,2930.0259627212126,2974.6811401367186,2943.8548330320286,2891.7926416015625,2909.183612541072,0.9735721674418406,0.9662028990532638,0.9550132365281618,0.9823871263839635,26.33247105498215,37.55833988626128,43.08063827017692,-2.53580194675078,20.178214390416237,-22.714016337167017,3091.537004125911,2857.825276147526,2974.6811401367186,0.07856698481896571,-0.07259119177726943,-0.21552661557580777,1577729.5,1.3443147256865007,-0.019621344232553684,0.9097912401973873,-0.017902969935789326,0.16680224608529892,0.009978558503457302,-0.11952328565125514,-0.001913208223627949,-0.15033461334804687,1
2022-12-20,0.013085500184682797,0.01300062465119792,0.0263105470000908,0.014082981713531527,2902.334228515625,2891.9624516370936,2927.686083984375,2920.5728668713327,2971.5315795898437,2937.586176128681,2895.1100927734374,2907.9620565805153,0.9916273278487371,0.9830404807711055,0.968535537469915,0.9941017243975673,37.53875352441862,42.989822243891204,46.578781152579644,-7.017964454526918,14.738978621427606,-21.756943075954524,3095.0516397880474,2848.01151939164,2971.5315795898437,0.08313562005977607,0.12152850357690997,-0.2786439191594392,1614026.7,0.947921741319397,-0.011789234461544784,-0.21552661557580777,-0.019621344232553684,0.9097912401973873,-0.017902969935789326,0.16680224608529892,0.013890377456946768,-0.09792682687335119,1
2022-12-21,0.0075833696896117075,0.007554760486760328,0.013170992698600332,0.006017251101300394,2885.158056640625,2894.594678044521,2917.74501953125,2916.8067330509766,2969.76826171875,2933.9931241982713,2897.91453125,2907.6442947875294,1.0050954138144748,0.9938699617162748,0.9764597353401187,1.0006710341483178,43.432816945992975,45.96181255369874,48.52884458857367,-8.708612212562002,10.049460454629685,-18.758072667191687,3096.287332993559,2843.249190443941,2969.76826171875,0.08520467600497975,0.223720976786467,-0.06366460540755348,1640532.8,0.8732321596983614,0.013085500184682797,-0.2786439191594392,-0.011789234461544784,-0.21552661557580777,-0.019621344232553684,0.9097912401973873,0.009978558503457302,-0.11952328565125514,0
2022-12-22,-0.0027076510569319368,-0.0027113233744558325,0.015001350761186052,-0.010412886711634818,2877.10224609375,2893.7322267692643,2909.684814453125,2912.297749626935,2964.4250732421874,2929.994476581174,2901.4291552734376,2907.0310802554204,1.0051805868718209,0.9939246030544042,0.9755710644613345,0.9967526930521247,41.77814626855217,45.05189057539486,47.86877755950758,-10.560305291043278,5.927507305495093,-16.48781259653837,3094.551298337608,2834.298848146767,2964.4250732421874,0.08779187996349097,0.221740375660886,-0.033830902031738885,1650381.0,0.8386554377443753,0.0075833696896117075,-0.06366460540755348,0.013085500184682797,-0.2786439191594392,-0.011789234461544784,-0.21552661557580777,-0.017902969935789326,0.16680224608529892,0
2022-12-23,-0.009617360346766635,-0.009663905826966832,0.01544135429811041,0.0035281621561236457,2874.9908203125,2883.8861003982597,2903.9712646484377,2903.551585632265,2957.269812011719,2923.7277500168952,2903.8353173828127,2905.351188780943,0.9962445192589949,0.9863024068190966,0.9685263874207837,0.9863485819980001,36.095177992371866,41.8883688490971,45.563717633830684,-14.109455488103322,1.9201147467754103,-16.029570234878733,3092.8045572341844,2821.7350667892533,2957.269812011719,0.09166207606215433,0.1566343036145647,-0.017209726746819753,1606619.5,0.8466727809540466,-0.0027076510569319368,-0.033830902031738885,0.0075833696896117075,-0.06366460540755348,0.013085500184682797,-0.2786439191594392,-0.019621344232553684,0.9097912401973873,1
2022-12-26,0.007604414622965461,0.007575646811616349,0.014433260346574717,0.007604443119512582,2884.013720703125,2884.582188676965,2900.994677734375,2900.355727378103,2950.9551635742187,2920.132189561417,2906.631962890625,2904.5913133477447,1.0006798319013448,0.9948223577880776,0.9779797405457227,0.9928929434754766,43.15911192341825,45.13724400574906,47.6369915859214,-14.99186001816497,-1.4622802062126659,-13.529579811952305,3087.416992246458,2814.4933349019793,2950.9551635742187,0.09248654832624144,0.2619085169380307,-0.36031084753811893,1540874.2,0.5647164447298813,-0.009617360346766635,-0.017209726746819753,-0.0027076510569319368,-0.033830902031738885,0.0075833696896117075,-0.06366460540755348,-0.011789234461544784,-0.21552661557580777,1
2022-12-27,0.002028855377202765,0.002026800029664389,0.012977465509472182,-0.0029670718575650437,2886.7728515625,2886.9979890658933,2894.5535400390627,2898.805520553675,2944.84013671875,2917.43670387402,2909.61916015625,2904.0908536024904,1.0017516924750463,0.9990589394330996,0.9819988371477216,0.9938859454336475,45.06367243793965,46.01108933463175,48.19393808230662,-15.045271746460458,-4.178878514262224,-10.866393232198234,3080.387943654183,2809.2923297833167,2944.84013671875,0.09205783719483358,0.3044581167578355,-0.03938829429631663,1486660.9,0.5622553199589766,0.007604414622965461,-0.36031084753811893,-0.009617360346766635,-0.017209726746819753,-0.0027076510569319368,-0.033830902031738885,0.013085500184682797,-0.2786439191594392,0
2022-12-28,-0.0007361797034918238,-0.0007364508168366678,0.012311595116498054,0.002246307070724996,2884.741162109375,2887.898887241846,2884.949609375,2897.1500956518703,2938.9092041015624,2914.795178133042,2912.1982568359376,2903.5265332099907,1.0017192258180794,1.0016468482511136,0.9832561957208013,0.9922747109715563,44.43214680036734,45.725910707776144,47.99903278237584,-15.08548973305733,-6.360200758021246,-8.725288975036083,3073.2023693396386,2804.616038863486,2938.9092041015624,0.09138980207395023,0.3167869510686747,0.08962019804207055,1456409.3,0.6253702170124841,0.002028855377202765,-0.03938829429631663,0.007604414622965461,-0.36031084753811893,-0.009617360346766635,-0.017209726746819753,0.0075833696896117075,-0.06366460540755348,1
2022-12-29,0.0035768194120180397,0.003570437806172249,0.013307839388145244,0.01165234787094965,2886.347021484375,2891.944798525814,2881.7246337890624,2897.6749184594846,2929.7311279296873,2913.389601272157,2914.3994091796876,2903.3896739113147,1.004742880709588,1.0063545236383706,0.9898644259355905,0.9950717845876931,48.518672799918605,47.429536798526485,49.04945216784732,-14.120565907934633,-7.912273788003924,-6.208292119930709,3047.2596076535447,2812.20264820583,2929.7311279296873,0.08023158070953056,0.3736710161413346,0.13958355063433592,1418632.6,0.7316390445278079,-0.0007361797034918238,0.08962019804207055,0.002028855377202765,-0.03938829429631663,0.007604414622965461,-0.36031084753811893,-0.0027076510569319368,-0.033830902031738885,0
2022-12-30,-0.003686308514086356,-0.003693119693207405,0.016212745914503276,-0.008931725695022997,2891.377490234375,2891.0785961526262,2883.1841552734377,2896.1606044498058,2921.637658691406,2911.099752713499,2916.7921923828126,2902.838949107195,0.9992974632904262,1.0021372329344769,0.9889474770462743,0.9905903474891912,44.56403067004563,45.827266930872106,47.99653127267664,-14.056451137876138,-9.141109257978368,-4.91534187989777,3026.1623971776417,2817.1129202051707,2921.637658691406,0.07155215717821206,0.3455319393628116,0.12062890742797894,1264577.7,0.9197781994732313,0.0035768194120180397,0.13958355063433592,-0.0007361797034918238,0.08962019804207055,0.002028855377202765,-0.03938829429631663,-0.009617360346766635,-0.017209726746819753,1
2023-01-02,0.0014584154713039865,0.0014573530163355783,0.009704317698636661,0.0001379795068614563,2892.89462890625,2891.9057502996675,2888.4541748046877,2895.6877779305223,2914.342663574219,2909.4293056544752,2918.640234375,2902.4750710478443,1.000230022096502,1.0017676873095651,0.9928688533300403,0.991406897127689,46.56684889350539,46.59313546906499,48.45449111358549,-13.50988234138731,-10.014863874660158,-3.495018466727153,3004.3082374606324,2824.3770896878054,2914.342663574219,0.06173987363316953,0.384496902077743,-0.3899681119323619,1123435.9,0.6315865462373065,-0.003686308514086356,0.12062890742797894,0.0035768194120180397,0.13958355063433592,-0.0007361797034918238,0.08962019804207055,0.007604414622965461,-0.36031084753811893,1
2023-01-03,0.015299920975509584,0.015184057491401148,0.02255875971095508,0.01825033753267214,2902.094970703125,2907.2142664758203,2894.4339111328127,2903.3502362755407,2911.0599975585938,2912.134257385299,2921.7268115234374,2903.8615897843256,1.0123139761054551,1.0149933938820968,1.009196409999101,1.0055119757402269,62.966439108258605,53.95783083254823,53.01855387512174,-9.396091244628224,-9.891109348653771,0.49501810402554725,2992.1265532323664,2829.993441884821,2911.0599975585938,0.055695558141543214,0.6651192717331182,0.7548915011972428,1094956.6,1.137193930791412,0.0014584154713039865,-0.3899681119323619,-0.003686308514086356,0.12062890742797894,0.0035768194120180397,0.13958355063433592,0.002028855377202765,-0.03938829429631663,1
2023-01-04,0.000996563136953288,0.0009960668975722052,0.012414628300647502,0.0024041949040636114,2912.306640625,2918.395855384922,2898.5239013671876,2910.15183571692,2908.1344604492188,2914.860426510806,2924.440751953125,2905.308548349769,1.0097697104354433,1.0145712553262078,1.0112183852561158,1.00557996643943,63.823102680313205,54.40560989513688,53.30564806983429,-5.832406119023744,-9.079368702727766,3.246962583704022,2979.9520414576555,2836.316879440782,2908.1344604492188,0.04939082562045159,0.7271350015957353,-0.010849854398326975,1074866.8,1.145879656902604,0.015299920975509584,0.7548915011972428,0.0014584154713039865,-0.3899681119323619,-0.003686308514086356,0.12062890742797894,-0.0007361797034918238,0.08962019804207055,0
2023-01-05,-0.0010709527801975316,-0.0010715266598948642,0.01671652804922137,-0.0057353473652246145,2919.821240234375,2924.80044330349,2903.084130859375,2915.144159975775,2906.38447265625,2917.0270162850748,2927.0846044921873,2906.575257008234,1.0060922835484347,1.0118926929861416,1.0107436393148073,1.0035957329802785,62.02253592876863,53.79947564717639,52.9402456894282,-3.225114266409946,-7.908517815464203,4.6834035490542565,2973.3760332255624,2839.392912086938,2906.38447265625,0.04609958606617948,0.7330528369470359,0.48258865213677704,1119062.4,1.6317740637161968,0.000996563136953288,-0.010849854398326975,0.015299920975509584,0.7548915011972428,0.0014584154713039865,-0.3899681119323619,0.0035768194120180397,0.13958355063433592,0
2023-01-06,-0.030065533624950347,-0.03052677020511088,0.03162026039892478,-0.026803015506628756,2911.809765625,2899.6299016554517,2901.5936279296875,2903.1704615000654,2902.7824462890626,2910.5757593397702,2928.0454541015624,2904.3287300023967,0.9785284917978817,0.9819737646695783,0.9815716027916339,0.9731026594440786,32.25266526139026,40.25498381589225,44.04910013404859,-8.191144765955869,-7.965043205562536,-0.2261015603933325,2973.798526957827,2831.766365620298,2902.7824462890626,0.048929661097787035,0.12336961272761385,0.3627044500801453,1231871.9,2.019995747934505,-0.0010709527801975316,0.48258865213677704,0.000996563136953288,-0.010849854398326975,0.015299920975509584,0.7548915011972428,-0.003686308514086356,0.12062890742797894,1
2023-01-09,0.0337531115349079,0.03319597730035906,0.031883040170195026,0.028166599929351225,2922.189990234375,2914.906994983843,2907.5423095703127,2910.8596833438037,2904.2684936523438,2913.8981805112803,2930.8259375,2905.941767321543,1.0079636134146033,1.0130415546991356,1.0141834985568012,1.0049935562372936,57.91473109774943,53.872951831343904,53.06214609604132,-4.3166935877115975,-7.235373281992349,2.918679694280751,2977.515776211593,2831.0212110930943,2904.2684936523438,0.05044112327723206,0.7811891892027573,0.15941481512440236,1433362.2,2.0127920214444055,-0.030065533624950347,0.3627044500801453,-0.0010709527801975316,0.48258865213677704,0.000996563136953288,-0.010849854398326975,0.0014584154713039865,-0.3899681119323619,0
2023-01-10,-0.010105590657766061,-0.010156998771855,0.02066087644882368,0.0004261498763318594,2917.762841796875,2915.1698488694374,2909.92890625,2911.738933034135,2902.2412231445314,2914.0693591902655,2932.48056640625,2906.3242688634678,0.99929148280092,1.0019817152158732,1.0046358425994364,0.9942761735719889,50.94646166280367,50.06904935948692,50.42251618522995,-3.6064276379452167,-6.509584153182923,2.903156515237706,2971.7726049819653,2832.7098413070976,2902.2412231445314,0.04791564621365121,0.5967500798959392,0.339540598809037,1736239.4,2.225876800169378,0.0337531115349079,0.15941481512440236,-0.030065533624950347,0.3627044500801453,-0.0010709527801975316,0.48258865213677704,0.015299920975509584,0.7548915011972428,1
2023-01-11,0.012871389349584428,0.012789257038193353,0.0235377471101493,0.011732121324552517,2920.25595703125,2927.8547690379582,2916.281298828125,2919.2817832779283,2900.6154541015626,2917.7984306364306,2933.704912109375,2908.1634979031355,1.0112896447533544,1.0126679516690384,1.018137238839794,1.0066535994077161,58.32269872777824,54.43727966068079,53.485789710491865,-0.015081987517987727,-5.2106837200499365,5.195601732531949,2963.460444940125,2837.7704632630002,2900.6154541015626,0.04333217679696048,0.9185628366832053,-0.29605307588905094,1917211.1,1.41899449674582,-0.010105590657766061,0.339540598809037,0.0337531115349079,0.15941481512440236,-0.030065533624950347,0.3627044500801453,0.000996563136953288,-0.010849854398326975,1
2023-01-12,0.0016973633825843049,0.0016959244893444024,0.010331833839550912,0.0016071185509913826,2924.381494140625,2937.982280921139,2922.1013671875,2926.3646053523958,2901.9130004882813,2921.6497519746276,2935.34890625,2910.1271766005616,1.0115770841166618,1.0123664216121224,1.0194093703669758,1.0077975052263006,59.276934050965636,55.0035223386056,53.88539642751557,3.1986953645264293,-3.5288079031346635,6.727503267661093,2968.2922474645156,2835.533753512047,2901.9130004882813,0.045748612701390565,0.9242613976879279,-0.17280607473887266,2038457.5,1.1039675833320046,0.012871389349584428,-0.29605307588905094,-0.010105590657766061,0.339540598809037,0.0337531115349079,0.15941481512440236,-0.0010709527801975316,0.48258865213677704,1
2023-01-13,0.012056179200359063,0.011984082368314872,0.021928849455262356,0.009467871431682578,2953.30419921875,2956.622301864093,2932.556982421875,2938.6441941519597,2907.870568847656,2928.53095119133,2938.3263525390626,2913.412477273089,1.0137466856756543,1.0209187278187046,1.0295858336419825,1.018914165597335,65.78045213999235,58.91575227758676,56.66658682340143,8.525234065677978,-1.1179995093721353,9.643233575050113,2984.087933615147,2831.6532040801653,2907.870568847656,0.05242142864542598,1.0643843444652863,-0.2255403616527083,2096428.1,0.8313364050023943,0.0016973633825843049,-0.17280607473887266,0.012871389349584428,-0.29605307588905094,-0.010105590657766061,0.339540598809037,-0.030065533624950347,0.3627044500801453,1
2023-01-16,0.010455985407840762,0.010401699671767075,0.016481441600191032,0.00514020163645606,2969.253271484375,2979.4837155656455,2945.721630859375,2954.3828030277396,2917.0879028320314,2937.7381504082273,2941.740908203125,2917.796558280762,1.0188442232334067,1.0269831715518163,1.037063895137254,1.0283728708170319,70.59005085421207,62.035822888728845,58.948357394303436,15.098495560489482,2.1252995046001883,12.973196055889293,3002.672416276171,2831.5033893878917,2917.0879028320314,0.05867804899609001,1.131648389327391,0.057819520701017924,2209834.1,0.8342739393875767,0.012056179200359063,-0.2255403616527083,0.0016973633825843049,-0.17280607473887266,0.012871389349584428,-0.29605307588905094,0.0337531115349079,0.15941481512440236,1
2023-01-17,0.013302213514282624,0.013214515930700842,0.017996699794463562,0.014534505208333328,2999.203857421875,3008.1386391531387,2958.483349609375,2974.5765636278093,2926.458630371094,2949.9010395434557,2945.671083984375,2923.586829968894,1.022087404543149,1.0361553958831213,1.0474942151973652,1.0406621781348842,75.71019064541578,65.64749657670754,61.672472921582845,23.28660764850565,6.357561133381282,16.92904651512437,3031.6755343264126,2821.2417264157752,2926.458630371094,0.07190732365963874,1.160492044206387,-0.08414591613071554,2254163.8,0.7490471632984258,0.010455985407840762,0.057819520701017924,0.012056179200359063,-0.2255403616527083,0.0016973633825843049,-0.17280607473887266,-0.010105590657766061,0.339540598809037,1
2023-01-18,0.003433636158809872,0.0034277546895460725,0.01082594429848818,0.0029585798816568784,3023.753759765625,3030.750466466676,2972.0048583984376,2993.012483167071,2935.2643798828126,2961.9079996911028,2950.1249462890623,2929.562802169869,1.017270044281705,1.0349828710412472,1.047937672045935,1.0426589304168261,76.93550530518391,66.54402133404324,62.35846788051628,30.27607251189056,11.141263409083138,19.134809102807424,3058.105340878901,2812.423418886724,2935.2643798828126,0.08370009995555691,1.0727313595968113,0.433950162128548,2373115.9,1.0202573755457962,0.013302213514282624,-0.08414591613071554,0.010455985407840762,0.057819520701017924,0.012056179200359063,-0.2255403616527083,0.012871389349584428,-0.29605307588905094,0
2023-01-19,-0.0049853204848883115,-0.004997788650853584,0.007708042823296555,-0.002041391225961619,3044.2341796875,3040.713445743409,2984.3078369140626,3005.3082870088533,2943.6959838867188,2971.310990605938,2954.4566552734377,2934.7030610768106,1.0053889496145987,1.0255776453215173,1.0397267316496963,1.035939856769911,70.85978713969106,63.92646097689759,60.696619524680905,34.18384025283285,15.74977877783308,18.434061474999773,3076.2670165090385,2811.124951264399,2943.6959838867188,0.09007114413172461,0.9410594761802722,-0.34534478720992046,2349014.6,0.6747697523889379,0.003433636158809872,0.433950162128548,0.013302213514282624,-0.08414591613071554,0.010455985407840762,0.057819520701017924,0.0016973633825843049,-0.17280607473887266,0
2023-01-20,-0.002964651914241001,-0.0029690551996865294,0.01161125258053243,-0.0005646069372214643,3055.766845703125,3044.3308551049813,3004.5355224609375,3013.7187209759936,2953.0645751953125,2978.954293769956,2956.6497216796874,2939.2859086356857,0.9986251660918085,1.0156530521991187,1.0333555518765782,1.0321025353299258,67.19647275910484,62.36327245703062,59.70800288812962,36.13209186144468,19.826241394555403,16.305850466889275,3088.294204887505,2817.83494550312,2953.0645751953125,0.09158596180257844,0.8641993949736421,-0.03513782582691716,2253111.9,0.678771879905299,-0.0049853204848883115,-0.34534478720992046,0.003433636158809872,0.433950162128548,0.013302213514282624,-0.08414591613071554,0.012056179200359063,-0.2255403616527083,1
2023-01-23,0.015402329730679787,0.015284917925491281,0.01856566931880978,0.007939758661083169,3070.438916015625,3062.409534913738,3019.84609375,3029.145661622404,2963.694201660156,2990.3459700329363,2959.4359228515623,2945.532221808061,1.0091608982575446,1.026067818801817,1.045508302710699,1.0470126656925987,75.00538923856413,66.88096174058991,62.98692527297638,40.99612321361019,24.060217758366363,16.935905455243827,3109.1901213399387,2818.1982819803734,2963.694201660156,0.09818551428030668,0.9634930421689176,-0.30171857437380223,2071397.5,0.5155533884732408,-0.002964651914241001,-0.03513782582691716,-0.0049853204848883115,-0.34534478720992046,0.003433636158809872,0.433950162128548,0.010455985407840762,0.057819520701017924,1
2023-01-24,0.006266757959710878,0.00624720348496647,0.010083491502893227,0.003299284329379583,3080.94619140625,3080.9346443695754,3040.0750244140627,3045.298243742194,2975.0019653320314,3002.5020551042044,2962.661923828125,2952.295070493284,1.0120218496442142,1.0256276040036885,1.048061446552107,1.052426818667325,77.57806350131379,68.56002125558754,64.24899838849302,45.8887934529007,28.425932897273235,17.462860555627465,3131.161555920698,2818.842374743365,2975.0019653320314,0.10498116801831292,0.957810171665485,0.2995994066949086,1823718.3,0.7610073332049143,0.015402329730679787,-0.30171857437380223,-0.002964651914241001,-0.03513782582691716,-0.0049853204848883115,-0.34534478720992046,0.013302213514282624,-0.08414591613071554,0
2023-01-25,-0.0019059191156146627,-0.0019077376905241256,0.008746993221080284,0.001299142004624535,3088.159814453125,3091.303841689092,3055.956787109375,3057.4335151214536,2986.11904296875,3012.934453316006,2965.3654052734373,2958.5596652319055,1.007733544670592,1.01835282797693,1.042169515530829,1.0494633244165612,74.8281142163905,67.43328557428843,63.552649348717495,48.725077177418825,32.485761753302356,16.23931542411647,3147.9591044918297,2824.27898144567,2986.11904296875,0.10839491607285766,0.8890359166151741,-0.3701755864952089,1639078.1,0.5332936850294077,0.006266757959710878,0.2995994066949086,0.015402329730679787,-0.30171857437380223,-0.002964651914241001,-0.03513782582691716,0.003433636158809872,0.433950162128548,0
2023-01-27,-0.0054526091586794,-0.005467528891026009,0.018674587080233358,-0.004363675181516338,3095.046630859375,3092.5603899021035,3069.6404052734374,3064.277146249939,2995.870886230469,3020.7572183647794,2967.8421875,2963.9131484121494,1.000008676918946,1.0082853617026266,1.0331131092977366,1.0428699677375028,66.92509693829246,64.18936473260655,61.55247960126631,49.038332777227424,35.79627595808737,13.242056819140053,3159.284438912511,2832.4573335484265,2995.870886230469,0.10909252026388638,0.8035323523339494,1.0430826783814395,1592626.9,1.1213417279338935,-0.0019059191156146627,-0.3701755864952089,0.006266757959710878,0.2995994066949086,0.015402329730679787,-0.30171857437380223,-0.0049853204848883115,-0.34534478720992046,1
2023-01-30,0.006625637817029295,0.0066037847526726045,0.021231023667843886,0.003991199515716368,3107.849560546875,3100.2337006899443,3081.808203125,3073.6049964346093,3007.1825927734376,3029.7879901648603,2970.8275830078123,2969.860880720129,1.0024874954749707,1.0109585402188168,1.036046274593594,1.0487247190263589,71.21192746343509,66.29929637382449,63.02897726394751,50.36079250682451,38.7091792678348,11.651613238989711,3170.855248016156,2843.509937530719,3007.1825927734376,0.10885448435092726,0.8311418432463227,0.09402596704479982,1613723.0,1.210739389597843,-0.0054526091586794,1.0430826783814395,-0.0019059191156146627,-0.3701755864952089,0.006266757959710878,0.2995994066949086,-0.002964651914241001,-0.03513782582691716,0
2023-01-31,-0.021827983522519467,-0.022069738444649236,0.02917795618087507,-0.026181516041787575,3097.65087890625,3082.6802959026713,3084.0448974609376,3068.871994597066,3014.883264160156,3031.481846942314,2973.5165966796876,2972.908433881227,0.9838337519185484,0.9881741633648592,1.0108429479033494,1.0249054906002983,47.42837654568498,54.773620457257834,55.59466563120023,45.397948772812015,40.04693316883024,5.351015603981772,3170.7543824493473,2859.012145870965,3014.883264160156,0.10340109691285942,0.6048629872126725,0.443534592624212,1711399.8,1.647993063923462,0.006625637817029295,0.09402596704479982,-0.0054526091586794,1.0430826783814395,-0.0019059191156146627,-0.3701755864952089,0.015402329730679787,-0.30171857437380223,1
2023-02-01,0.014782428483341992,0.014674233342135032,0.0187774137533611,0.01348501268398755,3092.5787109375,3085.9948717476145,3086.762451171875,3073.190545295327,3022.622900390625,3037.304911370427,2976.54857421875,2977.603162883434,1.000014652011876,1.0018989385669765,1.023159065935029,1.038996658822951,58.2140729214475,59.763701437838925,58.96154966019193,44.58610038853294,40.95476661277078,3.631333775762158,3177.792232731461,2867.4535680497893,3022.622900390625,0.10267197560157616,0.7255636535611127,-0.21813198599477024,1763068.4,1.2507518142801495,-0.021827983522519467,0.443534592624212,0.006625637817029295,0.09402596704479982,-0.0054526091586794,1.0430826783814395,0.006266757959710878,0.2995994066949086,1
2023-02-02,0.015271182977895759,0.015155752156453957,0.014131286476638066,0.009746105148453529,3098.140673828125,3103.9472647588263,3093.150244140625,3085.31081902004,3032.5775512695313,3047.071305600029,2980.64310546875,2983.965864369623,1.0134633579764427,1.0150984604543838,1.0353740333752752,1.0534142933853403,66.59596946880868,64.22060538753593,62.122807544231044,47.20941109620799,42.205695509458224,5.003715586749763,3190.9736926136306,2874.181409925432,3032.5775512695313,0.10446304417032287,0.8386272500119679,-0.17745370972913088,1702334.2,1.0655058213598716,0.014782428483341992,-0.21813198599477024,-0.021827983522519467,0.443534592624212,0.006625637817029295,0.09402596704479982,-0.0019059191156146627,-0.3701755864952089,1
2023-02-03,0.006328827508387036,0.0063088845789169975,0.01467423741197904,-0.006192908439462031,3111.070703125,3122.5393874433844,3103.0586669921877,3098.8404215277596,3043.683251953125,3057.8000986678835,2983.86015625,2990.858325877187,1.015638644804385,1.0182610037067839,1.0381249858325148,1.0589382435346832,69.59032560220088,65.93060868717052,63.36942900181505,50.311909948346965,43.82693839723598,6.484971551110988,3205.0072576862563,2882.3592462199936,3043.683251953125,0.10600577811742407,0.859650072944921,-0.005170226595738181,1724276.7,1.0465077907739517,0.015271182977895759,-0.17745370972913088,0.014782428483341992,-0.21813198599477024,-0.021827983522519467,0.443534592624212,-0.0054526091586794,1.0430826783814395,0
2023-02-06,-0.00641813758805676,-0.006438822385857835,0.010491424789311022,-0.0038005705319448676,3115.84345703125,3128.174288894548,3111.8465087890627,3106.222907031235,3058.191015625,3065.575717061121,2986.503056640625,2996.6852186583515,1.0075743968177757,1.0088685553512573,1.0265689996984277,1.0512107412099174,62.879357947495855,62.640361138678365,61.21069513198804,50.551546404493365,45.17185999868746,5.379686405805906,3197.6891250237163,2918.692906226284,3058.191015625,0.09122916697223185,0.7912336106994675,-0.3689478733078817,1685213.2,0.6757091624964723,0.006328827508387036,-0.005170226595738181,0.015271182977895759,-0.17745370972913088,0.014782428483341992,-0.21813198599477024,0.006625637817029295,0.09402596704479982,1
2023-02-07,0.00364160560061344,0.0036349910085647493,0.009099968959961964,0.001052249008946345,3136.5041015625,3135.741762257824,3117.077490234375,3114.341780113624,3068.4617919921875,3073.699621053812,2989.275244140625,3002.731943769176,1.0045823652565016,1.0108432398154652,1.026858707254321,1.0540604165375906,65.09336304374304,63.73899639679252,61.97741685712882,51.075213416095266,46.352530682169025,4.722682733926241,3203.422125400747,2933.501458583628,3068.4617919921875,0.0879661162871688,0.8053301474244895,0.2783253740623195,1723986.3,0.8443495171626364,-0.00641813758805676,-0.3689478733078817,0.006328827508387036,-0.005170226595738181,0.015271182977895759,-0.17745370972913088,-0.021827983522519467,0.443534592624212,1
2023-02-08,0.013693253001648698,0.013600347570363311,0.017570481463525984,0.0120901218319999,3156.7837890625,3155.1686618177164,3124.68125,3128.829176627056,3082.378137207031,3085.158939137973,2992.8730908203124,3010.2335326777375,1.0117963960674226,1.0221914510280048,1.0362201906322988,1.0672094552669638,72.35346891177896,67.61012181365177,64.73925920414317,54.3452664907777,47.951077843890765,6.394188646886938,3208.573322224905,2956.1829521891573,3082.378137207031,0.08188170263381143,0.9423477952611896,0.3649916497612402,1783894.6,1.1138247741766805,0.00364160560061344,0.2783253740623195,-0.00641813758805676,-0.3689478733078817,0.006328827508387036,-0.005170226595738181,0.014782428483341992,-0.21813198599477024,1
2023-02-09,0.0058947240007349855,0.005877418090950493,0.011946297544796992,0.007354224084281564,3171.383447265625,3174.395888477436,3134.762060546875,3144.1057521124776,3095.359423828125,3097.3200251054877,2996.9637109375,3018.179289898096,1.0130753329645468,1.0249104333093713,1.0379571164060313,1.0720351167655087,75.00059597800765,69.15749527559854,65.87500860101935,57.789893823077364,49.91884103972809,7.8710527833492705,3219.1319651939466,2971.586882462303,3095.359423828125,0.07997296883393822,0.9746243256874493,-0.16684852029194552,1862026.3,0.8890459817887642,0.013693253001648698,0.3649916497612402,0.00364160560061344,0.2783253740623195,-0.00641813758805676,-0.3689478733078817,0.015271182977895759,-0.17745370972913088,0
2023-02-10,-0.0009320785556962141,-0.0009325132110228036,0.00966776295471199,0.004985809326171889,3181.40986328125,3186.2158299484995,3146.240283203125,3156.0602904357766,3107.9403442382813,3108.0377096564534,2999.4888623046877,3025.6960123683916,1.0089412715845534,1.0202195077175524,1.0327919320720815,1.0701342329453758,73.6912973729342,68.5961733927421,65.52254626215473,59.59121385645403,51.853315603073284,7.737898253380749,3224.3358282270533,2991.5448602495094,3107.9403442382813,0.07490200653597107,0.9377977785726416,-0.2824685111454628,1802220.5,0.6590874978949579,0.0058947240007349855,-0.16684852029194552,0.013693253001648698,0.3649916497612402,0.00364160560061344,0.2783253740623195,0.006328827508387036,-0.005170226595738181,0
2023-02-13,-0.015589878250496292,-0.015712678367036957,0.021709194743937784,-0.018765877051634267,3185.483935546875,3177.4153710073333,3150.6636962890625,3156.7428654701807,3116.235949707031,3112.968828082029,3001.66083984375,3030.955559064729,0.9919417322638395,1.0029043902231507,1.0139843401209931,1.0526887019285904,54.979780230394645,59.85371218699034,59.89928581055501,56.33150696276516,52.748953875011665,3.582553087753496,3222.112726840134,3010.359172573928,3116.235949707031,0.06795170766389304,0.7057982146697956,-0.08408842746508105,1715634.6,0.634132116477483,-0.0009320785556962141,-0.2824685111454628,0.0058947240007349855,-0.16684852029194552,0.013693253001648698,0.3649916497612402,-0.00641813758805676,-0.3689478733078817,1
2023-02-14,0.005082827252638644,0.0050699532918498475,0.008528355425102904,-0.001397974991084172,3190.483642578125,3176.9019953850975,3163.4938720703126,3160.221479773898,3123.769384765625,3118.959915325705,3004.3891455078124,3036.6386839696665,0.9954212589456515,1.003913828371733,1.0166804437066053,1.0570785242282013,58.88855813186817,61.547585103579856,61.02647071590429,54.4168537571295,53.08253385143524,1.3343199056942652,3223.954113496341,3023.584656034909,3123.769384765625,0.06414348589195407,0.760048911820952,0.45212001775834865,1591578.9,0.9926105454149965,-0.015589878250496292,-0.08408842746508105,-0.0009320785556962141,-0.2824685111454628,0.0058947240007349855,-0.16684852029194552,0.00364160560061344,0.2783253740623195,1
2023-02-15,0.005871059320584404,0.005853891813341175,0.01870396076940576,0.009650101044952659,3190.583349609375,3182.774995621315,3173.6835693359376,3166.4577554684165,3130.223010253906,3126.1562087321854,3008.209873046875,3042.8301471902187,1.0012341462525518,1.0065656913496805,1.0205410239555515,1.0619342169960266,63.21440311085878,63.474359747638665,62.317640677417906,53.784044663423174,53.222836013832826,0.5612086495903483,3231.1748572170436,3029.2711632907685,3130.223010253906,0.064501376823595,0.8184586898312136,-0.09518121707690375,1514007.7,0.9441490951466099,0.005082827252638644,0.45212001775834865,-0.015589878250496292,-0.08408842746508105,-0.0009320785556962141,-0.2824685111454628,0.013693253001648698,0.3649916497612402,1
2023-02-16,0.010623199909390868,0.010567170181924641,0.013490535361021485,0.008746342164696505,3193.7046875,3198.002340830877,3182.5440673828125,3177.7303510650677,3137.8471557617186,3135.899144210073,3012.7936181640625,3050.109632839622,1.010881514463757,1.014426497448296,1.02887644649036,1.071582537809994,69.93233927476717,66.74087030038771,64.56132450696583,55.382478580665975,53.65476452719946,1.7277140534665136,3244.149372142946,3031.544939380491,3137.8471557617186,0.06775487211735934,0.9261899637319451,0.13255597086709625,1494516.1,1.083247614395054,0.005871059320584404,-0.09518121707690375,0.005082827252638644,0.45212001775834865,-0.015589878250496292,-0.08408842746508105,0.0058947240007349855,-0.16684852029194552,0
2023-02-17,-0.015991896404653483,-0.016121146602669518,0.013966811963982296,-0.007089885765600367,3187.09912109375,3190.9441875070434,3184.2544921875,3177.5662655731235,3143.6565795898437,3139.797119129054,3016.87798828125,3055.07897589922,0.996777244809741,0.9976677079842876,1.0105518209224555,1.0530183498303325,52.813221146843006,58.211558076045776,58.95394889517208,51.88510878574152,53.300833378907875,-1.4157245931663525,3245.031406816717,3042.28175236297,3143.6565795898437,0.06449484837819024,0.6636071901523198,-0.3444013364374393,1420206.1,0.7473344889871969,0.010623199909390868,0.13255597086709625,0.005871059320584404,-0.09518121707690375,0.005082827252638644,0.45212001775834865,-0.0009320785556962141,-0.2824685111454628,0
2023-02-20,-0.0039559533231936506,-0.003963798804281398,0.013463123480771918,-0.004197587427719798,3187.988330078125,3182.0496243536545,3186.7361328125,3175.147035113805,3149.2913208007812,3142.126964740275,3021.736611328125,3059.360604218736,0.992557114526618,0.9929471302834889,1.0047531891213823,1.0471662176592245,49.38037476062183,56.324631272940024,57.67367177780446,47.551194690307966,52.15090564118789,-4.599710950879924,3241.6959292766323,3056.88671232493,3149.2913208007812,0.05868279499297324,0.5809980015769765,0.22114175183183238,1435942.9,0.9025999571431427,-0.015991896404653483,-0.3444013364374393,0.010623199909390868,0.13255597086709625,0.005871059320584404,-0.09518121707690375,-0.015589878250496292,-0.08408842746508105,0
2023-02-21,-0.010409225163456215,-0.010463780060746027,0.01858878653832218,-0.012306811677160908,3179.077880859375,3165.1407489180615,3184.78076171875,3167.179028374363,3150.9291259765623,3141.0980155313796,3026.0482666015623,3062.1826588786635,0.9849783853676491,0.9832146173719584,0.9937776677462998,1.0347895083522718,41.19326666146402,51.60340654006809,54.4213360525614,40.9862911147934,49.91798273590899,-8.93169162111559,3240.806045621392,3061.0522063317326,3150.9291259765623,0.05704788400594338,0.3909279044766685,-0.12078016668698432,1404332.3,0.8114468349122212,-0.0039559533231936506,0.22114175183183238,-0.015991896404653483,-0.3444013364374393,0.010623199909390868,0.13255597086709625,0.005082827252638644,0.45212001775834865,0
2023-02-22,-0.014329054049154744,-0.014432706294669086,0.015287148286386325,-0.003923894210851127,3157.464501953125,3138.911866466208,3174.02392578125,3152.501768954024,3149.352587890625,3135.8938332486296,3028.652529296875,3063.1344801603827,0.9775103091905863,0.9724104712924634,0.98002812178923,1.0190849137385345,32.60255214604361,45.95265323700095,50.3593196100667,31.79648271226324,46.29368273117984,-14.497200018916601,3242.531231695033,3056.1739440862166,3149.352587890625,0.05917320541541364,0.1624844290492393,0.0692287508742555,1327480.7,0.9178513857112951,-0.010409225163456215,-0.12078016668698432,-0.0039559533231936506,0.22114175183183238,-0.015991896404653483,-0.3444013364374393,0.005871059320584404,-0.09518121707690375,1
2023-02-23,0.003601216758333914,0.0035947479031117565,0.013006005538898312,-0.0021046334907556313,3131.2869140625,3125.130941576431,3162.49580078125,3142.514009470906,3148.6289306640624,3132.243857872272,3030.889111328125,3064.484857087304,0.9892319601521664,0.979469788080561,0.9837834689347091,1.0220001385796431,36.43379618616812,47.486724257618675,51.304712662268294,25.120803182399413,42.05910682142376,-16.938303639024348,3243.1702368159104,3054.0876245122145,3148.6289306640624,0.060052364526745734,0.22996015738783313,0.18313731605426664,1306095.0,1.1037252267254678,-0.014329054049154744,0.0692287508742555,-0.010409225163456215,-0.12078016668698432,-0.0039559533231936506,0.22114175183183238,0.010623199909390868,0.13255597086709625,0
2023-02-24,-0.003910576613796568,-0.0039182429114792,0.015189137639255773,-0.006442673141891864,3113.0125,3111.9058978999124,3150.055810546875,3132.1397914847184,3148.148046875,3127.7878533650915,3033.9525,3065.307247419052,0.9911479027298719,0.9794924268377375,0.9800859948786854,1.0169756482828505,33.97799282044521,45.95581667465497,50.21047656154231,18.6379913349856,37.37488372413613,-18.736892389150533,3243.8646340973164,3052.4314596526838,3148.148046875,0.0608081867797349,0.17251111773076047,-0.3218560319651491,1285072.1,0.7607293007139443,0.003601216758333914,0.18313731605426664,-0.014329054049154744,0.0692287508742555,-0.010409225163456215,-0.12078016668698432,-0.015991896404653483,-0.3444013364374393,0
2023-02-27,-0.020173718571735888,-0.020379986879322503,0.022209882747142244,-0.017153363523230058,3084.8025390625,3082.340829719734,3136.3954345703123,3112.334500916474,3143.5295654296874,3117.8281238407376,3036.9216943359374,3063.65640216181,0.9800337801453434,0.9639124773734267,0.9617249115791707,0.9954852306524287,24.19927685787762,38.998349572662114,45.02872896715119,8.38104402835097,31.576115784979102,-23.19507175662813,3253.010525918239,3034.0486049411356,3143.5295654296874,0.06965479930110781,-0.04949678708241666,0.15387810047545392,1289080.4,0.875059460992503,-0.003910576613796568,-0.3218560319651491,0.003601216758333914,0.18313731605426664,-0.014329054049154744,0.0692287508742555,-0.0039559533231936506,0.22114175183183238,0
2023-02-28,-0.005702543415926464,-0.0057188649958873836,0.02780086479657148,-0.0047017882961544,3059.732080078125,3056.884120854823,3119.40498046875,3092.995628590751,3141.449426269531,3107.175036153524,3040.2239111328126,3061.394217885857,0.9824293841597556,0.963635924782455,0.9568738169038704,0.9887333272123863,22.140323147649582,37.31338144262608,43.7166798074376,-1.125806148288575,25.035731398325566,-26.16153754661414,3259.397495733157,3023.5013568059053,3141.449426269531,0.0750914966049217,-0.0743151361468938,2.6490573765405285,1542720.3,2.668155076458124,-0.020173718571735888,0.15387810047545392,-0.003910576613796568,-0.3218560319651491,0.003601216758333914,0.18313731605426664,-0.010409225163456215,-0.12078016668698432,1
2023-03-01,0.02199016995471892,0.021751873295645537,0.021856632621678876,0.018868477632222335,3056.85576171875,3061.9469171584237,3107.1601318359376,3089.1914251680005,3140.4218505859376,3103.8319384022957,3044.1046826171873,3061.812974430162,1.0049779084238897,0.9887074947599883,0.9782356179926719,1.0091875379017492,43.60441092018122,46.80383159744679,49.625938470151624,-3.2882847467076317,19.37092816931893,-22.65921291602656,3260.394225570474,3020.449475601401,3140.4218505859376,0.07640526062583104,0.21514550399989069,-0.5944560260064035,1566706.1,1.0654882878160747,-0.005702543415926464,2.6490573765405285,-0.020173718571735888,0.15387810047545392,-0.003910576613796568,-0.3218560319651491,-0.014329054049154744,0.0692287508742555,0
2023-03-02,-0.018977035190308023,-0.019159410098835376,0.01562567646862727,-0.011767345679299298,3040.0966796875,3045.8891719858243,3085.691796875,3075.479108163023,3134.1179321289064,3095.254961567851,3046.3829736328125,3059.9290805952783,0.9913413944290809,0.9766930335339359,0.9616018755214691,0.989295734556545,33.96890242793728,40.919780409195255,45.228486161925325,-9.595679798213496,13.577606575812446,-23.173286374025942,3266.187232168149,3002.048632089664,3134.1179321289064,0.08427844956653055,0.044389761842749106,-0.06755438035064854,1560466.8,0.9974822918372886,0.02199016995471892,-0.5944560260064035,-0.005702543415926464,2.6490573765405285,-0.020173718571735888,0.15387810047545392,0.003601216758333914,0.18313731605426664,1
2023-03-03,0.006232291083491326,0.006212950672534774,0.008048682174574487,-0.003533123928518123,3029.516796875,3041.444913485341,3071.2646484375,3067.674978766905,3127.7595703125,3089.283669655139,3049.193955078125,3058.855642002694,1.0010033281916477,0.9873966406728193,0.9695618631522201,0.9945436207604827,39.03280949468774,43.389105530132326,46.82255727956756,-12.929682374698587,8.27614878571024,-21.205831160408827,3266.36838560178,2989.1507550232195,3127.7595703125,0.08863137474178148,0.15657604954838822,-0.329801135597075,1558648.9,0.6692912047094122,-0.018977035190308023,-0.06755438035064854,0.02199016995471892,-0.5944560260064035,-0.005702543415926464,2.6490573765405285,-0.003910576613796568,-0.3218560319651491,1
2023-03-06,0.008886633990135229,0.008847380242680567,0.013627518970613475,0.002959694102005608,3036.77578125,3047.465147401686,3060.78916015625,3066.1896399428088,3123.762646484375,3086.447664472209,3053.1001904296877,3058.8811311490344,1.0074848575007467,0.9995806490239237,0.979429605087852,1.002098006748932,45.96891235181823,46.82333840038885,49.05623789671838,-13.244650619811182,3.9719889046059556,-17.216639524417136,3265.3709687816336,2982.154324187117,3123.762646484375,0.09066522544959095,0.2731170378704351,0.2788964618142429,1562453.9,0.8538696725708196,0.006232291083491326,-0.329801135597075,-0.018977035190308023,-0.06755438035064854,0.02199016995471892,-0.5944560260064035,-0.020173718571735888,0.15387810047545392,1
2023-03-08,0.005501233468470312,0.005486156951319314,0.019215993458090903,0.00784777120801126,3050.848974609375,3057.088988241749,3055.29052734375,3068.034554484457,3120.03564453125,3085.4847126102723,3056.9074365234374,3059.565662081303,1.008354295976176,1.0068884259581108,0.985994078405492,1.0063558461621376,50.10498748688334,48.9079856824405,50.421883776988395,-11.997836185842061,0.7780238865163525,-12.775860072358414,3262.5142918547717,2977.5569972077283,3120.03564453125,0.09133142281451566,0.34664728564502323,0.3826143140258984,1632958.8,1.1295998404858714,0.008886633990135229,0.2788964618142429,0.006232291083491326,-0.329801135597075,-0.018977035190308023,-0.06755438035064854,-0.005702543415926464,2.6490573765405285,0
2023-03-09,-0.015794550688752795,-0.01592061377301739,0.01622784984611205,-0.014224491091211135,3041.983935546875,3047.3084303122077,3049.4198486328123,3060.7096017514878,3111.721887207031,3079.985912785782,3059.625791015625,3058.317883742943,0.9953199552018047,0.9928928992216653,0.9730134710627116,0.9895809230474821,39.8346951786355,43.59473782868834,46.63261056162449,-14.760333732964227,-2.3296476373797637,-12.430686095584463,3255.3613945617003,2968.082379852362,3111.721887207031,0.09232155864905701,0.20768984696334494,-0.10630546625537385,1675965.8,0.9836119567594995,0.005501233468470312,0.3826143140258984,0.008886633990135229,0.2788964618142429,0.006232291083491326,-0.329801135597075,0.02199016995471892,-0.5944560260064035,0
2023-03-10,-0.001753153390116613,-0.001754691962019244,0.014184929450615476,0.005463520839686293,3043.717041015625,3039.018689869597,3041.9068603515625,3053.751348521104,3102.2013305664063,3074.505274328505,3062.2805615234374,3056.9108768896663,0.9930092608003568,0.9936001816423342,0.9742885412380801,0.9869896465269524,38.8205304400362,43.04458679811109,46.23405712112486,-17.179913344507895,-5.29970077880539,-11.880212565702506,3242.9799885323027,2961.42267260051,3102.2013305664063,0.09076049099636789,0.21671088951084583,-0.37858416742493173,1634249.2,0.626834634522079,-0.015794550688752795,-0.10630546625537385,0.005501233468470312,0.3826143140258984,0.008886633990135229,0.2788964618142429,-0.018977035190308023,-0.06755438035064854,0
2023-03-13,-0.014725388575087539,-0.014834883340901292,0.02979937241066211,-0.015316546303067897,3032.79228515625,3018.6566656422315,3031.154541015625,3039.9661246422665,3090.60517578125,3065.307878410314,3063.8384814453125,3053.813690234679,0.9819111687149641,0.9824416989935814,0.9635435287960169,0.9719613599809321,31.080158672672866,38.641371952591754,42.998672091742684,-22.430196279291977,-8.725799878902707,-13.70439640038927,3232.2081303186533,2949.002221243847,3090.60517578125,0.09163445117288939,0.1021532214428874,0.8559406249877979,1726613.3,1.1011342261756005,-0.001753153390116613,-0.37858416742493173,-0.015794550688752795,-0.10630546625537385,0.005501233468470312,0.3826143140258984,0.006232291083491326,-0.329801135597075,0
2023-03-14,-0.020414651654766525,-0.02062591078891241,0.029549449118289228,-0.019832331959794124,3004.318994140625,2984.8174971469043,3020.5473876953124,3017.633949281172,3078.4714111328126,3051.196571909927,3064.3943408203127,3048.4539047414073,0.9709818317713921,0.9657650702782176,0.947593389890473,0.9519463997493731,23.585855211186697,33.5872778326177,39.07670698265899,-31.137671546594447,-13.208174212441056,-17.92949733415339,3235.068316136779,2921.8745061288464,3078.4714111328126,0.10173679342134402,-0.015119538832764517,0.4045274829544827,1880844.5,1.4197526696119749,-0.014725388575087539,0.8559406249877979,-0.001753153390116613,-0.37858416742493173,-0.015794550688752795,-0.10630546625537385,0.008886633990135229,0.2788964618142429,0
2023-03-15,-0.004992383209349471,-0.005004886786863719,0.02136675099029253,-0.01572310697115392,2969.566796875,2957.403559295853,3010.2078857421875,2996.714264610732,3064.806433105469,3037.0422015941003,3064.5746533203123,3042.7331901865973,0.977440779122481,0.9642442627772533,0.9470665593235081,0.9471381878228861,22.096730480002194,32.4909361730421,38.20028590161131,-38.76668110805258,-18.319875591563363,-20.446805516489217,3232.3356073266978,2897.27725888424,3064.806433105469,0.1093244730966432,0.01581343886561899,-0.3332212374931376,1647275.0,1.0808893475588472,-0.020414651654766525,0.4045274829544827,-0.014725388575087539,0.8559406249877979,-0.001753153390116613,-0.37858416742493173,0.005501233468470312,0.3826143140258984,0
2023-03-16,-0.0043452954213786255,-0.004354763655666598,0.015007864624215004,-0.007169576059850406,2942.0099609375,2934.923417785777,2991.9969482421875,2977.3049682752576,3049.5785400390623,3023.0346714199595,3063.6172900390625,3036.742207621069,0.9823090924697991,0.9658977548300951,0.9476598476878734,0.9433172818817642,20.771670716372896,31.531023637600356,37.43676614022932,-45.3081690629142,-23.71753428583353,-21.590634777080673,3222.4580689917484,2876.6990110863762,3049.5785400390623,0.11337929270086722,0.03836233173355914,0.0676981244825956,1670450.3,1.1380524161658685,-0.004992383209349471,-0.3332212374931376,-0.020414651654766525,0.4045274829544827,-0.014725388575087539,0.8559406249877979,-0.015794550688752795,-0.10630546625537385,0
2023-03-17,-0.0017895144741334468,-0.001791117567951885,0.024344950509556186,0.009141421624543655,2914.480419921875,2918.212779825935,2979.09873046875,2960.4843383899833,3032.395263671875,3009.868655466273,3062.497939453125,3030.7833564949983,0.9898133074380301,0.9683437055650514,0.951324366736118,0.941973369758868,20.19241910964844,31.12496601730149,37.11735894721703,-50.32948580193897,-29.03992458905462,-21.28956121288435,3198.9417200015296,2865.8488073422204,3032.395263671875,0.10984482024812713,0.05686910721935522,2.5453725816123636,2188793.1,3.0793070391166713,-0.0043452954213786255,0.0676981244825956,-0.004992383209349471,-0.3332212374931376,-0.020414651654766525,0.4045274829544827,-0.001753153390116613,-0.37858416742493173,0
2023-03-20,-0.011323188874575063,-0.011387784257783605,0.02373297246740322,-0.008313174744043802,2889.319189453125,2896.1840081652067,2961.0557373046877,2940.7829068361225,3016.160192871094,2994.8455896927,3060.7882763671873,3023.777203881224,0.9871275126870235,0.9632126909707918,0.9456150477633618,0.9318274272237165,16.750333094439682,28.61810203935532,35.12959646440058,-56.29576857622442,-34.491093386488586,-21.804675189735832,3186.4852462396493,2845.8351395025384,3016.160192871094,0.11294164930041228,0.018468584676143433,-0.6603146069282841,2313420.9,0.9896461123870715,-0.0017895144741334468,2.5453725816123636,-0.0043452954213786255,0.0676981244825956,-0.004992383209349471,-0.3332212374931376,-0.014725388575087539,0.8559406249877979,0
2023-03-21,-0.011834731315981117,-0.01190531922736812,0.01909148030125334,-0.011834680302233195,2869.5658203125,2870.2467769278464,2936.9424072265624,2918.526435493759,2998.8657836914062,2978.0386110984546,3060.1699462890624,3015.7221101781615,0.9821598426155634,0.9596280497425871,0.9398127551356747,0.9209855543712024,13.894858588628225,26.264068884737398,33.20045214224517,-63.02129820460323,-40.19713435011151,-22.824163854491715,3175.646739511563,2822.0848278712497,2998.8657836914062,0.1178985446974895,-0.010500320582895534,-0.207109686617153,2361537.4,0.7686928862528284,-0.011323188874575063,-0.6603146069282841,-0.0017895144741334468,2.5453725816123636,-0.0043452954213786255,0.0676981244825956,-0.020414651654766525,0.4045274829544827,1
2023-03-22,0.007952059818159274,0.007920608813971212,0.011945797163810898,0.0002396127820003328,2857.20751953125,2860.4259111810643,2913.387158203125,2904.3914798926207,2984.3388427734376,2964.9667604878873,3058.07640625,3008.8617991785277,0.9942519611433599,0.9750795295739533,0.9518973311514024,0.9289448013403442,23.939033966930538,30.360119095896565,35.66358881207417,-65.78455526563766,-45.314618533216745,-20.46993673242092,3162.9343473889776,2805.7433381578976,2984.3388427734376,0.11968848982950321,0.0981011297149789,-0.38085117752081343,2289472.3,0.49091618186426633,-0.011834731315981117,-0.207109686617153,-0.011323188874575063,-0.6603146069282841,-0.0017895144741334468,2.5453725816123636,-0.004992383209349471,-0.3332212374931376,0
2023-03-23,-0.0019642738666665327,-0.0019662055826054304,0.014513657233161992,0.003130116634779745,2846.255712890625,2852.0186413082097,2894.1328369140624,2891.8119565598713,2971.7763427734376,2952.608412018803,3056.4665771484374,3002.051693389664,0.996117140396742,0.9796385519697166,0.9540435667229653,0.9276084099069827,23.1544686791283,29.914549518244073,35.32308250642379,-67.64495315230988,-49.780685457035375,-17.864267695274506,3155.1552336948816,2788.3974518519935,2971.7763427734376,0.1234136555177662,0.12762278546705116,0.22090077842302835,2261844.1,0.6066810705477004,0.007952059818159274,-0.38085117752081343,-0.011834731315981117,-0.207109686617153,-0.011323188874575063,-0.6603146069282841,-0.0043452954213786255,0.0676981244825956,0
2023-03-24,-0.0013280810567746215,-0.0013289637380226873,0.020509533728569267,-0.009018991782689466,2835.58515625,2845.1586677731816,2875.0327880859377,2880.8350045859174,2958.46982421875,2941.0684414173097,3054.030859375,2995.360988578427,0.9985377143275928,0.9848370190547164,0.957061889739176,0.9271152948606983,22.572084515557762,29.59887424293879,35.085732855422236,-68.63201944942739,-53.55095225551378,-15.081067193913611,3142.0283445431673,2774.911303894333,2958.46982421875,0.12409017582113752,0.15397655393192008,-0.031074508569338133,2292361.4,0.5800032228775096,-0.0019642738666665327,0.22090077842302835,0.007952059818159274,-0.38085117752081343,-0.011834731315981117,-0.207109686617153,-0.0017895144741334468,2.5453725816123636,1
2023-03-27,0.0005767586028559979,0.0005765923415383722,0.01497293638308289,-0.00405102110745609,2831.77421875,2841.1297042967044,2860.5467041015627,2872.150781450978,2945.850622558594,2930.7830448388754,3051.527548828125,2988.9967057849103,1.000458214000664,0.990395218257259,0.9617160339525666,0.9284110112103466,23.5450987548013,29.944160634540978,35.28376008628925,-68.49295838951912,-56.53935348231485,-11.953604907204266,3127.4452239893594,2764.2560211278283,2945.850622558594,0.12328839761266856,0.18947632714224247,0.14639242405667363,2254659.8,0.6760297052353531,-0.0013280810567746215,-0.031074508569338133,-0.0019642738666665327,0.22090077842302835,0.007952059818159274,-0.38085117752081343,-0.011323188874575063,-0.6603146069282841,0
2023-03-28,-0.002049850305000045,-0.002051954123636998,0.012644869129055847,-0.0035497594039814915,2833.55263671875,2836.5079376300946,2851.559228515625,2863.9896219684133,2936.0533081054687,2920.924126692018,3048.1947900390624,2982.654262589301,0.9977807956201736,0.9914801614584045,0.9629472314047351,0.9275209096006112,22.37835610089988,29.3920914470455,34.8863778838641,-68.06672710826433,-58.84482820750475,-9.221898900759584,3121.0080915210056,2751.0985246899318,2936.0533081054687,0.12598870933639938,0.2059040544948269,-0.1447871267673828,2117979.4,0.6154592438434482,0.0005767586028559979,0.14639242405667363,-0.0013280810567746215,-0.031074508569338133,-0.0019642738666665327,0.22090077842302835,-0.011834731315981117,-0.207109686617153,1
2023-03-29,0.0073815625006745655,0.0073544520978768135,0.014622926430204877,0.0031639189337647673,2835.022607421875,2840.3833028211047,2846.1150634765627,2861.1067876474517,2928.161474609375,2913.991736835933,3044.65333984375,2977.378959476118,1.0046248046653756,1.0007093774079872,0.972669730784937,0.9354542916039466,35.73076137290775,34.09452375881115,37.540707857117425,-65.29228232150308,-60.13431903030442,-5.157963291198662,3113.9770259477264,2742.345923271024,2928.161474609375,0.12691619157590317,0.2846589243207953,0.33530950572675744,2113988.8,0.8233799535740209,-0.002049850305000045,-0.1447871267673828,0.0005767586028559979,0.14639242405667363,-0.0013280810567746215,-0.031074508569338133,0.007952059818159274,-0.38085117752081343,1
2023-03-31,0.021345098391842177,0.021120482457049797,0.019027418777300104,0.005000063140807502,2849.767333984375,2863.2314466724033,2848.0115234375,2869.8015052342785,2920.0042358398437,2913.5094508872726,3041.5229248046876,2974.694597707447,1.020759729990978,1.0213890324657027,0.9962066830832327,0.9564050004856688,59.44164189663335,45.48438996521518,44.46510783220114,-57.52486044555508,-59.61242731335455,2.087566867799474,3093.7660471981944,2746.242424481493,2920.0042358398437,0.11901476664014075,0.4681273423134371,0.36881483336933596,2162140.9,1.1019545488455447,0.0073815625006745655,0.33530950572675744,-0.002049850305000045,-0.1447871267673828,0.0005767586028559979,0.14639242405667363,-0.0019642738666665327,0.22090077842302835,0
2023-04-03,-0.0018404581531398234,-0.0018421538771720525,0.015999984741211,-0.0077365390314999595,2864.194384765625,2876.6789559847275,2849.8897705078125,2875.9419542115684,2914.494250488281,2912.5632150512824,3038.074921875,2971.9055536643855,1.0137489236251584,1.0188372914128523,0.9962531146262935,0.9557282322772291,57.27081605208584,44.75091712220934,44.01391243823324,-51.21080009162233,-57.932101869008115,6.721301777385783,3082.919831193531,2746.068669783031,2914.494250488281,0.11557791248140754,0.4675813025753585,-0.36126830525384024,1640327.3,0.9277599659531363,0.021345098391842177,0.36881483336933596,0.0073815625006745655,0.33530950572675744,-0.002049850305000045,-0.1447871267673828,-0.0013280810567746215,-0.031074508569338133,1
2023-04-05,0.012437443449062835,0.012360733841992717,0.024337951869829438,0.017046004968803864,2885.517431640625,2897.681641229402,2858.6458251953127,2887.5319646674197,2909.85078125,2915.1464337815173,3035.6558740234377,2970.6420814312237,1.0187729172882958,1.0283495023444886,1.0102535259405752,0.9683861194129718,66.80969528126157,50.54424750843687,47.76777419128594,-42.79947577036728,-54.90557664927995,12.10610087891267,3069.913675106996,2749.7878873930044,2909.85078125,0.11001450307237863,0.5932015839205252,0.7446528193030759,1676887.0,1.5833297055794457,-0.0018404581531398234,-0.36126830525384024,0.021345098391842177,0.36881483336933596,0.0073815625006745655,0.33530950572675744,0.0005767586028559979,0.14639242405667363,0
2023-04-06,-0.005895378092008907,-0.005912824435754016,0.013149345887014621,-0.0013333484738372204,2904.53583984375,2905.9065759237683,2869.04423828125,2893.8636884210705,2902.9933227539063,2915.833101546373,3033.071689453125,2968.7485270736265,1.006135440032893,1.0185818699899825,1.0066700541151177,0.9634973203813103,59.387029796970786,47.9459516997112,46.206638780759505,-37.10415886993587,-51.34529309341114,14.241134223475264,3047.8518589246273,2758.1347865831854,2902.9933227539063,0.09979942773915983,0.5668345928049885,-0.358409681118918,1665703.7,1.0226692778553592,0.012437443449062835,0.7446528193030759,-0.0018404581531398234,-0.36126830525384024,0.021345098391842177,0.36881483336933596,-0.002049850305000045,-0.1447871267673828,1
2023-04-10,0.01325809283430246,0.013170973500851686,0.017466446560552684,0.013478230541537288,2927.129296875,2924.304823402304,2881.0759521484374,2906.0887120462166,2897.231555175781,2920.1443602904687,3030.3223779296877,2968.448636535813,1.0116059176205996,1.0277762084513122,1.022045101320774,0.97715719618663,68.5117115785248,53.67894540307659,50.039500291999204,-29.128417478451865,-46.90191797041929,17.773500491967425,3021.798518164388,2772.664592187174,2897.231555175781,0.08599033982359704,0.7563671845697785,0.29335694796015654,1773628.5,1.242191924633597,-0.005895378092008907,-0.358409681118918,0.012437443449062835,0.7446528193030759,-0.0018404581531398234,-0.36126830525384024,0.0073815625006745655,0.33530950572675744,0
2023-04-11,-0.015198862266113111,-0.01531554881819947,0.025141591760690776,-0.01537988700118721,2928.562939453125,2921.5685313567446,2889.16513671875,2907.9082093588363,2891.6489868164062,2919.758797145246,3026.284599609375,2966.3955898977665,0.995742965937475,1.0093213123073541,1.0084543319609942,0.9635894613619707,52.52057474128173,47.17898993798144,46.03861499974104,-26.13784151848904,-42.74910268003324,16.6112611615442,3001.4513928196097,2781.8465808132028,2891.6489868164062,0.07594449153670736,0.6113225171427733,0.0660824523746737,1871284.6,1.2551693098954588,0.01325809283430246,0.29335694796015654,-0.005895378092008907,-0.358409681118918,0.012437443449062835,0.7446528193030759,0.021345098391842177,0.36881483336933596,1
2023-04-12,0.008665534916193263,0.008628204671179073,0.019110623613945627,0.004244164680094056,2936.121240234375,2928.1675137430384,2900.1578125,2913.991349205525,2887.5953002929687,2921.816576323377,3022.871064453125,2965.4140169023885,1.001786110944394,1.0142087667912467,1.0186210921652354,0.973037028639445,58.817227342844646,50.78263714982841,48.4677111532473,-21.481127472723074,-38.495507638571205,17.01438016584813,2982.800175865587,2792.3904247203504,2887.5953002929687,0.06594059462761902,0.7823919358081758,0.029354826486442498,1980099.6,1.221012821779268,-0.015198862266113111,0.0660824523746737,0.01325809283430246,0.29335694796015654,-0.005895378092008907,-0.358409681118918,-0.0018404581531398234,-0.36126830525384024,0
2023-04-13,-0.016287908373231907,-0.016422014552828424,0.015679633243578635,-0.006588754624221193,2926.8751953125,2916.5972715318176,2906.1963134765624,2910.25779246077,2883.3715087890623,2919.1156440172817,3018.83873046875,2962.592164753643,0.9885822230286259,0.9956164260796451,1.0034977380783472,0.9584668296143444,45.47707673328947,44.57371512739898,44.48160812341614,-21.409681566451127,-35.07834242414719,13.66866085769606,2969.2045555421814,2797.538462035943,2883.3715087890623,0.05953658520345625,0.5587493902512914,0.7264438871717114,2245084.9,1.859203631898286,0.008665534916193263,0.029354826486442498,-0.015198862266113111,0.0660824523746737,0.01325809283430246,0.29335694796015654,0.012437443449062835,0.7446528193030759,0
2023-04-17,-0.01547580204156418,-0.015596802273133857,0.0296702985646599,0.0017229514615019182,2912.13955078125,2893.957588573295,2908.3376953125,2899.061507041766,2879.9484619140626,2912.407318173374,3013.5006884765626,2958.124951338059,0.9782080058258283,0.9794867450391316,0.989142083731238,0.9453053166868077,36.459838013059155,39.68927628068076,41.159517744565804,-24.68179966957632,-32.99903387323302,8.317234203656696,2965.5820819476503,2794.314841880475,2879.9484619140626,0.05946885589520178,0.3174184435648779,0.31886815506208577,2665236.7,2.0655005988773905,-0.016287908373231907,0.7264438871717114,0.008665534916193263,0.029354826486442498,-0.015198862266113111,0.0660824523746737,-0.005895378092008907,-0.358409681118918,0
2023-04-18,-0.0027870656158549556,-0.0027909567147421086,0.014772818014852588,-0.007670470703627455,2888.067041015625,2876.217982225947,2907.5981689453124,2888.457372948945,2876.8566162109373,2905.581742112219,3009.363994140625,2953.5215716593607,0.9836124747756093,0.9770052821850845,0.9874453782381211,0.9439664909470252,35.023337555233866,38.875845143300126,40.59508251362974,-27.59749758177304,-31.918726614941022,4.321229033167981,2963.4589291350844,2790.25430328679,2876.8566162109373,0.06020620731401598,0.291472967290596,-0.5245632735627374,2752905.3,0.9507417490895892,-0.01547580204156418,0.31886815506208577,-0.016287908373231907,0.7264438871717114,0.008665534916193263,0.029354826486442498,0.01325809283430246,0.29335694796015654,0
2023-04-19,-0.013143725507418269,-0.013230868700615102,0.022171154141263694,-0.013143784187095735,2865.52802734375,2851.945614452715,2897.0454833984377,2872.992555850273,2872.5285034179688,2895.8502313306985,3003.57953125,2947.6344856690425,0.9783191272796274,0.9676758252402942,0.9759349212968765,0.9333533038625944,28.798042005679164,35.22005302597498,38.020481488377456,-32.54589608042579,-32.044160508037976,-0.5017355723878154,2964.5601461572332,2780.4968606787043,2872.5285034179688,0.06407709627929382,0.12443556121471876,0.2600892063659448,2844450.6,1.1594625689755342,-0.0027870656158549556,-0.5245632735627374,-0.01547580204156418,0.31886815506208577,-0.016287908373231907,0.7264438871717114,-0.015198862266113111,0.0660824523746737,1
2023-04-20,0.004919648898824569,0.004907586970306803,0.011272867640288384,0.004789659814927165,2840.69345703125,2840.361285286185,2888.4073486328125,2862.84711423261,2869.1485595703125,2888.359030913787,2997.1263427734375,2942.5191186605753,0.9917270798720094,0.9753446404595958,0.9818915153612789,0.9399645876610567,33.863947018958314,37.55591498404524,39.50843768083722,-34.95175664308999,-32.62567973504838,-2.326076908041614,2964.0509451687044,2774.2461739719206,2869.1485595703125,0.06615369237806537,0.22626645637205203,-0.2662298205536996,2934267.5,0.8247370084697458,-0.013143725507418269,0.2600892063659448,-0.0027870656158549556,-0.5245632735627374,-0.01547580204156418,0.31886815506208577,0.008665534916193263,0.029354826486442498,1
2023-04-21,0.018052778432790184,0.01789176200326496,0.020136956950583113,0.01635051371583601,2835.612255859375,2849.5911172741235,2881.2437255859377,2863.793235508499,2869.944775390625,2886.424911898189,2991.2928857421875,2939.598791703298,1.0114396900787812,0.9954210939467626,0.999340059029405,0.9587997199874297,49.363436674150826,45.377647340646206,44.65319704060032,-32.38131877371052,-32.57680754278081,0.19548876907029467,2964.5292225022295,2775.360328279021,2869.944775390625,0.06591377501243416,0.4899878140726964,-0.2028161995108262,2861679.4,0.674144000896816,0.004919648898824569,-0.2662298205536996,-0.013143725507418269,0.2600892063659448,-0.0027870656158549556,-0.5245632735627374,-0.016287908373231907,0.7264438871717114,1
2023-04-24,0.004413436145247918,0.004403725497010881,0.017260944936785084,0.00752116735025419,2842.018359375,2859.963658260874,2877.078955078125,2866.8687818222943,2873.0615966796877,2885.880514596873,2986.1181787109376,2937.289377920203,1.0136136984237794,1.0012616216700774,1.0026616705898421,0.9647001785702713,52.589713192888226,47.151952692036716,45.85659214448417,-28.98867335850673,-31.859180705925997,2.8705073474192666,2964.705408134785,2781.4177852245903,2873.0615966796877,0.06379522914580561,0.5417220946688484,-0.14954923947119614,2855400.6,0.5745869773929444,0.018052778432790184,-0.2028161995108262,0.004919648898824569,-0.2662298205536996,-0.013143725507418269,0.2600892063659448,-0.01547580204156418,0.31886815506208577,1
2023-04-25,0.0003779858658712332,0.00037791444721009684,0.01375943046973404,-0.0021991831605402807,2850.230126953125,2867.241641314541,2869.148583984375,2869.5831137494906,2875.112268066406,2885.4916662944925,2980.7365966796874,2935.1132300575237,1.011075414637658,1.0044086331074338,1.0023252446277393,0.966807201492402,52.890944273690835,47.31050694313423,45.962715199921824,-25.91340138168289,-30.670024841077378,4.75662345939449,2965.603507491403,2784.6210286414093,2875.112268066406,0.06294796932284993,0.5369391523309278,0.23369269740033993,2837490.9,0.7133379705288218,0.004413436145247918,-0.14954923947119614,0.018052778432790184,-0.2028161995108262,0.004919648898824569,-0.2662298205536996,-0.0027870656158549556,-0.5245632735627374,1
2023-04-26,0.006973999908334916,0.006949794046928047,0.008567422785176484,0.0053913556566331025,2869.92900390625,2878.792848766986,2867.728515625,2875.4580500990146,2878.446826171875,2887.053913663767,2974.894052734375,2933.810564709067,1.0111383451374985,1.011914219864508,1.008146211799641,0.9754617180415541,58.56061447368741,50.27582780970691,47.94025835084714,-21.60545900517809,-28.85711167389752,7.25165266871943,2967.716757960898,2789.1768943828515,2878.446826171875,0.062026458837001225,0.6313344652005404,-0.011887317263560404,2802615.9,0.7136293631960056,0.0003779858658712332,0.23369269740033993,0.004413436145247918,-0.14954923947119614,0.018052778432790184,-0.2028161995108262,-0.013143725507418269,0.2600892063659448,0
2023-04-27,-0.003189422860850888,-0.003194519910593623,0.008955613878953743,0.0009262013098509875,2885.01845703125,2883.408530037366,2862.85595703125,2878.5820214588525,2881.506884765625,2887.585911655611,2968.48984375,2932.1960285470695,1.0026417285228455,1.010403574610076,1.0038636061816684,0.97444830362766,55.00395313896794,48.910665309831415,47.10666822817473,-18.722394620748673,-26.830168263267755,8.107773642519081,2968.282463807647,2794.7313057236024,2881.506884765625,0.06022930536852111,0.5641482772884111,0.2172053505224174,2804287.8,0.8681156049675073,0.006973999908334916,-0.011887317263560404,0.0003779858658712332,0.23369269740033993,0.004413436145247918,-0.14954923947119614,0.004919648898824569,-0.2662298205536996,1
2023-04-28,0.009818325115103388,0.009770438549857888,0.009629572105304041,0.005889919457392038,2895.616455078125,2895.9526105197024,2865.61435546875,2886.3017941907656,2885.9053344726562,2890.77208878216,2962.713544921875,2931.758567485788,1.0087802776371375,1.0193418964103975,1.0121748404537112,0.9859342549302724,63.04016907181852,53.11752722395146,49.912788532594675,-13.984625693181897,-24.261059749250585,10.276434056068688,2971.322015468826,2800.4886534764864,2885.9053344726562,0.05919576084208464,0.7056708162969612,0.20409818085921816,2680012.0,1.093768236858641,-0.003189422860850888,0.2172053505224174,0.006973999908334916,-0.011887317263560404,0.0003779858658712332,0.23369269740033993,0.018052778432790184,-0.2028161995108262,1
2023-05-02,4.663764712908858e-05,4.663655962783591e-05,0.007765422363900818,-0.004822286756182451,2903.710107421875,2904.36074099751,2872.8642333984376,2892.642741056649,2890.600964355469,2893.6677947984426,2957.9407958984375,2931.343604131566,1.0060153713301492,1.0168169341220612,1.0105777442043002,0.9875711528789588,63.077072153067185,53.13746060563024,49.9261682813202,-10.10246212914035,-21.42934022522854,11.32687809608819,2972.8741677658763,2808.3277609450615,2890.600964355469,0.056924635689902116,0.6858201475706017,-0.2081501389139061,2361623.1,0.98286597891086,0.009818325115103388,0.20409818085921816,-0.003189422860850888,0.2172053505224174,0.006973999908334916,-0.011887317263560404,0.004413436145247918,-0.14954923947119614,0
2023-05-03,-0.012269391560032594,-0.012345281936026105,0.01347529764212617,-0.01122515474385876,2904.4177734375,2898.019139831674,2877.3239501953126,2891.314231319076,2892.4610595703125,2892.874284579543,2952.130009765625,2929.5393819107203,0.9934300650161235,1.0027845273745222,0.9975366575647622,0.977374278217873,48.28058516063051,47.42446083743154,46.49513769652744,-9.804869468341167,-19.104446073851065,9.299576605509898,2972.460411041654,2812.461708098971,2892.4610595703125,0.0553157673163114,0.4554676260540377,0.06338471427420522,2346721.4,1.051801462244304,4.663764712908858e-05,-0.2081501389139061,0.009818325115103388,0.20409818085921816,-0.003189422860850888,0.2172053505224174,0.0003779858658712332,0.23369269740033993,1
2023-05-04,0.012830571071934305,0.012748956659901618,0.014422315607193875,0.01275098661174424,2908.510009765625,2906.1315749919495,2889.2195068359374,2896.958270226971,2893.1324951171873,2895.6821094112534,2946.68671875,2929.2576981225548,1.0047606628481196,1.0114691661184483,1.0101011447780683,0.9917431760618851,59.678635538955795,53.04053352550792,50.20639205076985,-6.506773518645787,-16.58491156281001,10.078138044164223,2973.8951688902303,2812.3698213441444,2893.1324951171873,0.05583060845595433,0.6809248556916097,-0.2086598589709049,2212243.3,0.882928654366362,-0.012269391560032594,0.06338471427420522,4.663764712908858e-05,-0.2081501389139061,0.009818325115103388,0.20409818085921816,0.006973999908334916,-0.011887317263560404,1
2023-05-05,0.0031049362521482493,0.0031001258922517243,0.010508543561762968,0.003322966202445729,2916.26806640625,2914.5644419217165,2900.64326171875,2903.225889418658,2894.5253051757813,2899.086687160777,2940.746181640625,2929.3428933248565,1.0051991480308888,1.0106138229643093,1.0127498870158358,0.9968320945488136,62.06898670007044,54.328263185229666,51.07966438011268,-3.124813594526586,-13.892891969153327,10.768078374626741,2976.9048376191363,2812.1457727324264,2894.5253051757813,0.05692092744606503,0.7239929598462145,-0.12452355122454695,2141246.1,0.7986130132356107,0.012830571071934305,-0.2086598589709049,-0.012269391560032594,0.06338471427420522,4.663764712908858e-05,-0.2081501389139061,-0.003189422860850888,0.2172053505224174,1
2023-05-08,0.006159752640471083,0.006140858911609874,0.007244831145210695,0.0017257619895993306,2921.95732421875,2926.2053147967695,2908.7868896484374,2911.63701144197,2895.0153076171873,2903.8867227213573,2936.199365234375,2930.1328606668967,1.009421676387928,1.0139921460191113,1.0188157046307718,1.0045254744857692,66.65802376982157,56.8633321269919,52.809008635339026,1.0009157699992102,-10.91413042132282,11.91504619132203,2978.5716952792636,2811.458919955111,2895.0153076171873,0.05772431492312172,0.8259580413527783,-0.4571810854448497,2041151.2,0.45476052925427574,0.0031049362521482493,-0.12452355122454695,0.012830571071934305,-0.2086598589709049,-0.012269391560032594,0.06338471427420522,0.009818325115103388,0.20409818085921816,1
2023-05-09,0.010044119330534507,0.009994012404594934,0.01583796543059466,0.009423200339271865,2933.5443359375,2943.8408967134715,2918.6272216796874,2923.9052021883163,2897.8530883789062,2911.051040609502,2932.496396484375,2932.0536136033666,1.015533334216615,1.0207237287509359,1.0280410944550078,1.015896239162778,72.92734229491897,60.71597248424484,55.517844455442834,6.585166232006486,-7.4142710906569596,13.999437322663447,2988.486432844932,2807.2197439128804,2897.8530883789062,0.06255206299414387,0.9482840870913072,0.19298992173318186,1987821.1,0.557079809646854,0.006159752640471083,-0.4571810854448497,0.0031049362521482493,-0.12452355122454695,0.012830571071934305,-0.2086598589709049,4.663764712908858e-05,-0.2081501389139061,1
2023-05-10,0.0010813408429770632,0.0010807566150961008,0.012306787930801266,-0.0009726295355242956,2952.94384765625,2956.6717631735646,2928.680810546875,2934.52852835294,2898.914697265625,2917.839845893716,2929.5166064453124,2934.025373701029,1.009952660786566,1.0183197449697008,1.028775872193414,1.0180292166742573,73.55809570085037,61.12258896958433,55.807480582018925,11.142227221853773,-3.702971428154813,14.845198650008586,2992.921160946505,2804.9082335847447,2898.914697265625,0.0648563158961186,0.9436865060220934,0.40872513827745793,1941410.8,0.8035326680988897,0.010044119330534507,0.19298992173318186,0.006159752640471083,-0.4571810854448497,0.0031049362521482493,-0.12452355122454695,-0.012269391560032594,0.06338471427420522,0
2023-05-11,-0.0014149076781745373,-0.0014159096052444708,0.011486358726319543,-0.008114263419839922,2964.0953125,2963.8190986261266,2936.3026611328123,2942.453117658087,2902.015588378906,2923.580219573481,2927.3497998046873,2935.7543304002534,1.0047294218145186,1.0142393728520844,1.0262225266663205,1.0173412722080393,71.02910795380953,60.242969381207985,55.312131386046836,14.248980838863645,-0.1125809747511215,14.361561813614767,3001.986647442184,2802.044529315628,2902.015588378906,0.06889767199294947,0.8806010552722886,0.1023316219942858,1913370.2,0.8987403483131492,0.0010813408429770632,0.40872513827745793,0.010044119330534507,0.19298992173318186,0.006159752640471083,-0.4571810854448497,0.012830571071934305,-0.2086598589709049,0
2023-05-12,-0.0023914701934375504,-0.002394334325516113,0.0091622635533164,-0.0014789971974623456,2972.0076171875,2966.2099654903345,2944.137841796875,2947.6419506691163,2903.4968994140627,2928.095598587316,2924.818251953125,2937.1361880009786,0.9996581711423367,1.0091211277680823,1.023246038188747,1.0157867748653413,66.52537806443883,58.707320111865904,54.45554260566187,15.952523153884613,3.100439850976026,12.852083302908587,3006.585664676169,2800.4081341519563,2903.4968994140627,0.07101007428863455,0.827362538648512,-0.4024975241666342,1772673.5,0.5796211203021876,-0.0014149076781745373,0.1023316219942858,0.0010813408429770632,0.40872513827745793,0.010044119330534507,0.19298992173318186,0.0031049362521482493,-0.12452355122454695,0
2023-05-15,-0.00587919549563809,-0.0058965460035841025,0.013409902056487588,-0.008815454071825508,2972.81513671875,2961.9815297279315,2947.38623046875,2948.7115338571175,2906.50029296875,2930.5174137888216,2922.17962890625,2937.778873106945,0.9935110399979606,1.0020826682539665,1.0161790333715548,1.0107265922282154,56.30946379012798,55.0041082256956,52.367144626583524,15.712029978892588,5.622757876559339,10.089272102333249,3011.721995058962,2801.2785908785377,2906.50029296875,0.07240439806234245,0.7234537376807434,0.11962385605934522,1594581.3,0.7214370317775581,-0.0023914701934375504,-0.4024975241666342,-0.0014149076781745373,0.1023316219942858,0.0010813408429770632,0.40872513827745793,0.006159752640471083,-0.4571810854448497,1
2023-05-16,0.0009521694195320229,0.0009517163937789826,0.010604192521427937,0.0005988425775796754,2968.260107421875,2960.0999911727877,2950.9022216796875,2950.0979666217327,2911.8832275390623,2932.9764138148867,2920.8421533203127,2938.506639418928,0.9959831035933939,1.0018417053411275,1.0152663012386685,1.012152235170202,57.53438892544798,55.49091337285274,52.673973346213025,15.568894426254246,7.611985186498321,7.956909239755926,3015.7281217311784,2808.0383333469463,2911.8832275390623,0.07132490287385536,0.7140388647380057,-0.1426333678143934,1461096.0,0.6750453084533802,-0.00587919549563809,0.11962385605934522,-0.0023914701934375504,-0.4024975241666342,-0.0014149076781745373,0.1023316219942858,0.010044119330534507,0.19298992173318186,0
2023-05-17,-0.015177028027386852,-0.015293377847992971,0.02547760814162241,-0.014511893827788622,2954.087109375,2943.889496068317,2953.515478515625,2943.0744283013037,2915.419714355469,2930.9280416286474,2918.952109375,2937.4463204558083,0.9855730037951921,0.9857637540882698,0.9986447205262974,0.9974362020220924,37.80528651795918,46.792685447021654,47.543518799987325,11.700081650276843,8.429604479254026,3.270477171022817,3014.0171925764175,2816.82223613452,2915.419714355469,0.06763861665300311,0.4799629332951117,0.6108743128400314,1373149.0,1.15705943054978,0.0009521694195320229,-0.1426333678143934,-0.00587919549563809,0.11962385605934522,-0.0023914701934375504,-0.4024975241666342,0.0010813408429770632,0.40872513827745793,0
2023-05-18,-0.0027581522593629337,-0.0027619629699320663,0.010609856754459173,-0.00809059468084551,2939.152001953125,2930.405741519503,2951.6236572265625,2935.8678472323168,2920.42158203125,2928.309964561336,2915.579423828125,2936.1126699446736,0.9878489545598467,0.9836749428787395,0.9941846239892658,0.99583575350168,35.27927169785045,45.42043140156213,46.688938774450335,7.895034652428876,8.322690513888997,-0.4276558614601207,3004.9227966576177,2835.9203674048827,2920.42158203125,0.057869189261088895,0.3995082515412995,-0.13812243716228767,1314760.1,1.0415314550540435,-0.015177028027386852,0.6108743128400314,0.0009521694195320229,-0.1426333678143934,-0.00587919549563809,0.11962385605934522,-0.0014149076781745373,0.1023316219942858,1
2023-05-19,0.00718764954299278,0.007161941503431716,0.00975842816727538,0.00400314568730522,2929.815087890625,2928.372870648419,2950.9113525390626,2933.7658984457594,2925.777307128906,2927.9287421179947,2913.7900927734377,2935.64970755101,0.998120031872612,0.9909844043231182,0.9994975085017326,1.0036094007454057,46.181826026864435,49.560267602849756,49.18147742330188,6.488655844863388,7.955883580083875,-1.4672277352204874,2995.7594203410968,2855.7951939167156,2925.777307128906,0.047838304741562664,0.4894960429517291,-0.15840565401164342,1259002.3,0.9153668742304918,-0.0027581522593629337,-0.13812243716228767,-0.015177028027386852,0.6108743128400314,0.0009521694195320229,-0.1426333678143934,-0.0023914701934375504,-0.4024975241666342,1
2023-05-22,0.023535138949347223,0.02326245767383667,0.02770785573003687,0.021269334728134665,2937.736376953125,2949.958948270821,2955.2757568359375,2944.5595720948254,2932.0313232421877,2934.138490822531,2913.0015869140625,2937.9038799417795,1.0188562619154933,1.0128094126553582,1.020838720169563,1.0275075430653813,67.3462064981308,60.2645225298578,56.26266998986444,10.803078903559708,8.525322644779042,2.2777562587806663,3002.6137694947374,2861.448876989638,2932.0313232421877,0.04814576549236926,0.9328256069137738,0.15687809178540646,1299503.1,1.0259636933532517,0.00718764954299278,-0.15840565401164342,-0.0027581522593629337,-0.13812243716228767,-0.015177028027386852,0.6108743128400314,-0.00587919549563809,0.11962385605934522,0
2023-05-23,-0.0005000870727369655,-0.0005002121579812056,0.011479914758672787,-0.002707184262515107,2944.795849609375,2963.8507246284644,2956.527978515625,2953.1186094128116,2937.577600097656,2939.614280015028,2911.64416015625,2940.0109543497,1.0159054923079263,1.0118741642505107,1.0184017869840432,1.027472490726067,66.68084736873047,59.966459316981926,56.084207939495826,13.940807942633,9.608419704349835,4.3323882382831655,3008.5884295067804,2866.566770688532,2937.577600097656,0.04834652157394142,0.880622770469627,0.2656492477365342,1357507.4,1.2430267415116854,0.023535138949347223,0.15687809178540646,0.00718764954299278,-0.15840565401164342,-0.0027581522593629337,-0.13812243716228767,0.0009521694195320229,-0.1426333678143934,1
2023-05-24,0.0019106828987800473,0.001908859865999208,0.012472172174879911,0.008348625658196003,2961.972216796875,2975.0172636846014,2958.0296630859375,2961.16074257355,2943.3552368164064,2945.1129525656797,2910.06443359375,2942.259557779001,1.0119441110214933,1.0132928615292913,1.018344746262728,1.029994493316195,68.08560728363135,60.76452026175179,56.63574221325493,16.696255403209307,11.02598684412173,5.670268559087576,3014.0750230337194,2872.6354505990935,2943.3552368164064,0.048053857266515294,0.8817538758852328,-0.3975677632927941,1303164.2,0.7800667022620787,-0.0005000870727369655,0.2656492477365342,0.023535138949347223,0.15687809178540646,0.00718764954299278,-0.15840565401164342,-0.015177028027386852,0.6108743128400314,0
2023-05-25,-0.0029817187983495197,-0.0029861729781236464,0.011811113509564387,-0.00015179113539760963,2978.9671875,2979.4825377689012,2959.0595947265624,2966.115714094268,2947.6811279296876,2949.2367747915673,2909.2777490234375,2944.069500059727,1.00317086353859,1.009919871591383,1.0138183053865195,1.027201025045005,63.22333346730995,58.79111839221952,55.49161188207358,17.951867557007517,12.411162986698889,5.540704570308629,3018.311793407094,2877.0504624522814,2947.6811279296876,0.04792286710266645,0.7883447135355254,0.3525259331762669,1268693.6,1.0837265987626956,0.0019106828987800473,-0.3975677632927941,-0.0005000870727369655,0.2656492477365342,0.023535138949347223,0.15687809178540646,-0.0027581522593629337,-0.13812243716228767,1
2023-05-26,0.010748382015826063,0.010691028761628233,0.01431400875412373,0.010748414253453745,2998.2125,2993.166255648018,2964.0137939453125,2976.009891787355,2954.075817871094,2956.026957326299,2909.239638671875,2947.0680957988066,1.007444833015088,1.0190687025736496,1.022497010108241,1.0382553747910512,71.6980739825173,63.39260819996132,58.64435463480549,21.293357087467484,14.187601806852609,7.105755280614876,3026.744341670675,2881.4072940715128,2954.075817871094,0.04919882107288026,0.9572672600206246,0.3027077270846168,1345057.2,1.331627383578929,-0.0029817187983495197,0.3525259331762669,0.0019106828987800473,-0.3975677632927941,-0.0005000870727369655,0.2656492477365342,0.00718764954299278,-0.15840565401164342,0
2023-05-29,-0.0025684390353590825,-0.002571743133694279,0.018070383614773675,-0.01203581010003241,3002.14140625,2999.702715353887,2969.9388916015623,2982.6945723288586,2958.662561035156,2961.4315932729014,2909.9364990234376,2949.6448620327997,1.0035422143985244,1.0144234426119665,1.0182897078034936,1.0353406803814102,67.32632734575517,61.603378600940175,57.60945330384057,23.049797562080585,15.960040957898205,7.08975660418238,3033.944911838871,2883.380210231441,2958.662561035156,0.05088944700566035,0.8594007968186251,-0.3242354622679169,1351055.4,0.8958714794374828,0.010748382015826063,0.3027077270846168,-0.0029817187983495197,0.3525259331762669,0.0019106828987800473,-0.3975677632927941,0.023535138949347223,0.15687809178540646,0
2023-05-30,-0.0012499666743083226,-0.0012507485342522573,0.0077196350921417065,0.00036197622077670455,3005.61650390625,3002.805065444258,2975.2061767578125,2987.479152928157,2963.05419921875,2965.962847782625,2911.7739111328124,2951.972897467788,1.0011289736113507,1.0113617634741618,1.0155095260891167,1.0333940262739556,65.07909454390455,60.70766748836974,57.095907374464055,23.86283916986622,17.540600600291807,6.322238569574413,3039.318353136924,2886.790045300576,2963.05419921875,0.05147671881147647,0.8012920490507047,0.11058748880509461,1386847.2,0.9692661166998067,-0.0025684390353590825,-0.3242354622679169,0.010748382015826063,0.3027077270846168,-0.0029817187983495197,0.3525259331762669,-0.0005000870727369655,0.2656492477365342,0
2023-05-31,-0.008051178329664843,-0.008083764086258554,0.019015062723248242,-0.005893019038984602,3003.103173828125,2996.7979407649223,2982.5376953125,2986.989069015083,2968.0265869140626,2967.755309080113,2913.4180712890625,2953.259595269296,0.9938998158366559,1.0007530486864524,1.0056458741192107,1.024495495795978,52.04197808901555,55.1521051290156,53.853225281035634,22.295332068260905,18.491546893885626,3.803785174375278,3035.877387502658,2900.175786325467,2968.0265869140626,0.04572115417546976,0.6234849430428383,3.3262313423953147,1809508.1,3.213814848355749,-0.0012499666743083226,0.11058748880509461,-0.0025684390353590825,-0.3242354622679169,0.010748382015826063,0.3027077270846168,0.0019106828987800473,-0.3975677632927941,1
2023-06-01,0.010487847132190753,0.010433231200590006,0.012785800240673927,0.0030175015087506836,3008.6380859375,3003.2278426714065,2993.80263671875,2992.2797194640452,2972.7131469726564,2972.3583888329,2915.9405615234373,2955.7234404149854,1.0024760573834701,1.007443713721239,1.014590879565992,1.0343446935381344,63.16580423892227,60.218163194108385,57.15470051910031,23.31033195707232,19.455303906522964,3.8550280505493575,3040.246075847427,2905.1802180978857,2972.7131469726564,0.04543521391799591,0.8211359275720871,-0.7975531964651245,1790303.1,0.6576059662746492,-0.008051178329664843,3.3262313423953147,-0.0012499666743083226,0.11058748880509461,-0.0025684390353590825,-0.3242354622679169,-0.0029817187983495197,0.3525259331762669,0
2023-06-02,-0.005535420205530328,-0.00555079741642589,0.011631761264508978,-0.006208163049605428,3004.409814453125,3001.9493397757296,3001.3111572265625,2993.572922104105,2976.1112548828123,2974.9330502758976,2918.232578125,2957.435946045158,0.9983299613639216,0.9993606716725897,1.0078226508042554,1.0278112705847184,55.19928652994226,56.54926953295867,54.953075584449074,22.508095180989585,20.06586216141629,2.442233019573294,3041.807578941101,2910.4149308245237,2976.1112548828123,0.04414910494391143,0.6771870758012785,0.7248253227261376,1878124.3,1.0812175743639545,0.010487847132190753,-0.7975531964651245,-0.008051178329664843,3.3262313423953147,-0.0012499666743083226,0.11058748880509461,0.010748382015826063,0.3027077270846168,0
2023-06-05,-0.005052130106757424,-0.0050649352631494575,0.01275501000865984,-0.007873332626319876,2998.702490234375,2996.0458977411117,3000.4219482421877,2991.8758478436994,2977.8488525390626,2975.819332504086,2920.8748291015627,2958.487046736402,0.9951767550767033,0.9946064470766208,1.0021458984150131,1.0216935638388183,48.695908372620075,53.370860685555236,53.00714067246282,20.414247708349194,20.135539270802873,0.2787084375463209,3042.465975347887,2913.2317297302384,2977.8488525390626,0.043398524242577605,0.54944634529549,-0.08331917538180922,1930946.8,0.9640182733154533,-0.005535420205530328,0.7248253227261376,0.010487847132190753,-0.7975531964651245,-0.008051178329664843,3.3262313423953147,-0.0025684390353590825,-0.3242354622679169,0
2023-06-06,-0.017209390185727536,-0.017359192904290045,0.021114995195060653,-0.014542668040205787,2983.476953125,2974.9912918534496,2994.546728515625,2981.1497082499586,2975.537353515625,2971.7300703682804,2923.1650244140624,2957.482930396862,0.9830416410645036,0.9794076853600923,0.9856646822507193,1.0033241556952504,33.22031375680638,44.2858800497359,47.07505126139834,14.444278516228678,18.997287119888036,-4.553008603659357,3043.050933152361,2908.023773878889,2975.537353515625,0.04537908392040039,0.18409856456277865,0.08669555426147535,1964489.9,1.0297069992571608,-0.005052130106757424,-0.08331917538180922,-0.005535420205530328,0.7248253227261376,0.010487847132190753,-0.7975531964651245,-0.0012499666743083226,0.11058748880509461,1
2023-06-07,0.01317929574293375,0.013093204415211446,0.01155763497661782,0.006732217136105257,2980.827294921875,2973.839328032508,2991.965234375,2979.401652275534,2974.997448730469,2971.7115303704086,2925.780048828125,2958.034007651519,0.99688277997619,0.9931717675895246,0.998836285274355,1.0156386846580714,47.78981318216862,51.0408862375724,51.37542452040561,12.685800814951563,17.73498985890074,-5.049189043949177,3042.4576819173785,2907.5372155435593,2974.997448730469,0.04535145616054033,0.47434008024956154,-0.22525309600469434,2019554.0,0.776010941029554,-0.017209390185727536,0.08669555426147535,-0.005052130106757424,-0.08331917538180922,-0.005535420205530328,0.7248253227261376,-0.008051178329664843,3.3262313423953147,0
2023-06-08,-0.011740629207349751,-0.011810094641696701,0.011432279367274844,-0.0075283805054049135,2964.939306640625,2961.442120381047,2986.7886962890625,2971.6282073305506,2972.9241455078127,2968.37211843781,2927.8089208984375,2957.1953291192294,0.9904579491731467,0.983212407602441,0.9877977241752022,1.003018907455537,38.86178979001359,45.6598588834031,47.702110355039544,8.38044457603155,15.864080802326903,-7.483636226295353,3042.392749878373,2903.4555411372526,2972.9241455078127,0.04673419231064438,0.23890046620066285,0.12262027212933169,2057998.9,0.854891613401737,0.01317929574293375,-0.22525309600469434,-0.017209390185727536,0.08669555426147535,-0.005052130106757424,-0.08331917538180922,0.010487847132190753,-0.7975531964651245,0
2023-06-09,-0.008388903396090108,-0.008424288278724143,0.01391266060026189,-0.011001525784861332,2947.463330078125,2944.96556397799,2975.936572265625,2960.7889789380642,2969.9751831054687,2963.0045310791497,2929.4203955078124,2955.4234515526664,0.9879724105319707,0.9785196627880132,0.9804837655670285,0.9940575465499483,33.67851253314312,42.27096044202802,45.30061994610946,2.946593141894482,13.280583270240419,-10.333990128345937,3044.3552981083017,2895.5950681026357,2969.9751831054687,0.05008803805899791,0.11036137191112194,0.009277773925379984,2056456.3,0.8634703300040949,-0.011740629207349751,0.12262027212933169,0.01317929574293375,-0.22525309600469434,-0.017209390185727536,0.08669555426147535,-0.005535420205530328,0.7248253227261376,1
2023-06-12,0.011715933201331463,0.01164783304444253,0.01336656615512598,0.00992220912713847,2939.84140625,2945.3535074957435,2969.2719482421876,2958.123599955007,2969.605419921875,2961.397375217445,2931.6815478515623,2955.058978728297,1.0021388869031784,0.9922059837851369,0.992094564067962,1.004928177376658,45.43673902053561,48.024324865805745,49.03178978260556,1.3773022504619803,10.899927066284732,-9.522624815822752,3044.38145205263,2894.8293877911206,2969.605419921875,0.050360921103600256,0.3430243975129985,0.3091284566159953,2167879.6,1.0722943285226725,-0.008388903396090108,0.009277773925379984,-0.011740629207349751,0.12262027212933169,0.01317929574293375,-0.22525309600469434,-0.005052130106757424,-0.08331917538180922,0
2023-06-13,-0.000985469381585613,-0.0009859552757854346,0.008015537932417707,-0.00500001497795248,2941.910205078125,2944.644363070079,2962.6935791015626,2955.4149589120516,2968.9498779296873,2959.6667751223313,2934.00078125,2954.5949432573343,1.0004472839240144,0.9934291196969766,0.9913357231450215,1.0031442707949176,44.650800739521884,47.5896648225673,48.73474940517279,-0.0994988119196023,8.700041890643867,-8.799540702563469,3044.406483779689,2893.4932720796855,2968.9498779296873,0.050830501660485625,0.32954571424751733,-0.40982317425971293,2170650.0,0.6320355653836408,0.011715933201331463,0.3091284566159953,-0.008388903396090108,0.009277773925379984,-0.011740629207349751,0.12262027212933169,-0.017209390185727536,0.08669555426147535,1
2023-06-14,0.00226586240551363,0.002263299210461258,0.009227787806839057,0.002265961021947911,2937.58212890625,2946.3945818904695,2959.2047119140625,2954.4113335700877,2970.871203613281,2958.7361317327045,2936.0360009765627,2954.410632522978,1.0041915051510695,0.9968539883890659,0.9929393828798371,1.0047203162870202,47.10281419357266,48.737385199901794,49.4730149980904,-0.7234071542475249,6.815352081665589,-7.538759235913114,3042.2205504608346,2899.5218567657275,2970.871203613281,0.048032608590218163,0.3530036713100597,0.20891475354391775,1754962.0,0.9450597790721394,-0.000985469381585613,-0.40982317425971293,0.011715933201331463,0.3091284566159953,-0.008388903396090108,0.009277773925379984,0.01317929574293375,-0.22525309600469434,0
2023-06-15,-0.0033311070226446082,-0.003336667511465592,0.01164379896257506,-0.008935999619040428,2938.26630859375,2944.2859224321883,2951.6028076171874,2951.8035644692764,2972.7027221679687,2956.958271902506,2936.658818359375,2953.848200012886,1.00061338719251,0.9960922234957237,0.9890220712589304,1.0011611104207723,43.769559761903,47.100685302026946,48.394775314993005,-1.9878539176684171,5.054710881798788,-7.042564799467205,3038.7150722891606,2906.6903720467767,2972.7027221679687,0.04441234545851236,0.25281808182536497,0.3709675474391996,1864611.6,1.219455032887278,0.00226586240551363,0.20891475354391775,-0.000985469381585613,-0.40982317425971293,0.011715933201331463,0.3091284566159953,-0.011740629207349751,0.12262027212933169,0
2023-06-16,-0.012872138649374198,-0.012955702497578023,0.013669691542625158,-0.006912761231232498,2936.308544921875,2930.2651592256257,2941.8859375,2942.7890314407714,2971.5985473632813,2951.7454491320295,2936.6318115234376,2951.8237071814983,0.9883919174065264,0.9865180685009137,0.9766540084587341,0.9882831144933053,33.209917175176045,41.34231799869548,44.47496647106413,-5.974835752305353,2.8488015549779604,-8.823637307283313,3041.4397048448845,2901.757389881678,2971.5985473632813,0.04700578248941043,0.0033378808974112153,0.8278523711303936,2077164.4,2.0008955477958317,-0.0033311070226446082,0.3709675474391996,0.00226586240551363,0.20891475354391775,-0.000985469381585613,-0.40982317425971293,-0.008388903396090108,0.009277773925379984,1
2023-06-19,0.011181569762140242,0.011119518138880045,0.012428327796366136,0.0063949537127742165,2934.01767578125,2931.735122426459,2936.929541015625,2941.3137618748356,2968.675744628906,2950.1196967221335,2936.531572265625,2951.151210775484,1.0002240521767476,0.9992323642239234,0.9885468475759615,0.9993677835937355,46.19565564850952,47.29280121727297,48.24895286406766,-6.44173322546294,0.9906945988897804,-7.43242782435272,3039.5527855448354,2897.798703712977,2968.675744628906,0.047749937691352065,0.2601430917445392,-0.6467470560169424,2037836.2,0.7204632050407191,-0.012872138649374198,0.8278523711303936,-0.0033311070226446082,0.3709675474391996,0.00226586240551363,0.20891475354391775,0.011715933201331463,0.3091284566159953,1
2023-06-20,0.005388659589437239,0.005374192711467786,0.009743765420468172,0.004262585927776856,2935.470263671875,2937.9864195082646,2938.690234375,2942.9819894742973,2966.6184814453127,2950.154869764966,2937.0942236328124,2951.125242261617,1.0051163011888984,1.0040149789041595,0.994563012441836,1.0045605585041446,51.55106654365169,49.95697582785878,49.98827394303652,-5.472613158772219,-0.3019669526426195,-5.1706462061296,3037.097969195076,2896.1389936955493,2966.6184814453127,0.04751503315345514,0.38557331864623384,0.0410479326188915,1988396.5,0.7686857223898754,0.011181569762140242,-0.6467470560169424,-0.012872138649374198,0.8278523711303936,-0.0033311070226446082,0.3709675474391996,-0.000985469381585613,-0.40982317425971293,1
2023-06-21,0.00944957234065491,0.009405204418208217,0.011494061669973823,0.002523061899038433,2941.165234375,2951.4475706878015,2939.373681640625,2949.416150123857,2965.6694580078124,2952.8420129346714,2937.4395947265625,2952.1936591551566,1.0126496254739596,1.0132668369625206,1.0042824782798263,1.013933998300354,59.784501946276485,54.33912400966517,52.917639258211516,-2.426850955140253,-0.7269437531421463,-1.6999072019981067,3034.969423406869,2896.369492608756,2965.6694580078124,0.046734787123315254,0.5916336318923726,0.07689806418520173,1996275.6,0.8245289377879487,0.005388659589437239,0.0410479326188915,0.011181569762140242,-0.6467470560169424,-0.012872138649374198,0.8278523711303936,0.00226586240551363,0.20891475354391775,0
2023-06-22,-0.006046279477774474,-0.006064632240218049,0.011594813860583654,-0.006595092024539926,2945.223876953125,2954.4189859272847,2941.7450927734376,2951.40627126611,2964.26689453125,2953.5581846938694,2938.324912109375,2952.5139790473563,1.0051398264055857,1.006328462543728,0.9986826158831364,1.0074998187593405,52.997752782351085,51.21935125488201,50.89585819589861,-1.4494537361033508,-0.8714457497343873,-0.5780079863689636,3032.8000701229344,2895.7337189395653,2964.26689453125,0.04623954456875715,0.47150957845390107,-0.07070772733928032,1973299.3,0.7751500241245715,0.00944957234065491,0.07689806418520173,0.005388659589437239,0.0410479326188915,0.011181569762140242,-0.6467470560169424,-0.0033311070226446082,0.3709675474391996,0
2023-06-23,-0.006839637851752456,-0.006863135379067576,0.01251418495434622,-0.006471427070672288,2952.801953125,2949.650661842148,2944.5552490234377,2949.353133521703,2960.2459106445312,2952.2777874536796,2938.2998828125,2952.027705895377,0.9957030848480382,0.9984917126778193,0.9931992484474802,1.000617408342146,46.12862583690539,47.89006246830726,48.69923215069609,-2.2823780277926744,-1.1536322053460448,-1.1287458224466296,3024.3988899647366,2896.092931324326,2960.2459106445312,0.043343006801916224,0.3430946061587228,-0.2681074762536423,1907680.9,0.5868408076004745,-0.006046279477774474,-0.07070772733928032,0.00944957234065491,0.07689806418520173,0.005388659589437239,0.0410479326188915,-0.012872138649374198,0.8278523711303936,0
2023-06-26,-0.00830145581055819,-0.008336104786051152,0.012822693272291937,-0.004789422045631868,2949.00830078125,2938.336036931224,2941.51298828125,2943.2356159921887,2955.392468261719,2948.7948350399365,2938.7448828125,2950.6033561390636,0.9887075551252085,0.9912268953852372,0.9865717729274427,0.9921605662887361,39.016773080401755,44.16351829346863,46.17675672465903,-4.855959258144139,-1.8940976159056637,-2.9618616422384756,3017.5716727083345,2893.2132638151033,2955.392468261719,0.04207847527146721,0.180876576778846,0.7675695954908643,1873100.7,1.0564317230782094,-0.006839637851752456,-0.2681074762536423,-0.006046279477774474,-0.07070772733928032,0.00944957234065491,0.07689806418520173,0.011181569762140242,-0.6467470560169424,1
2023-06-27,0.00241418736997856,0.0024112779013772527,0.008553912671519134,-0.0014521868656308657,2943.45966796875,2933.139307823941,2939.4649658203125,2939.510203922586,2951.0792724609373,2946.313979284645,2940.2262353515625,2949.5109049026055,0.9929627646728825,0.9943121906859428,0.9903989624690988,0.9940547480557742,42.02424664292737,45.48113397951838,47.00794852605784,-6.25543860661719,-2.766365814047969,-3.489072792569221,3009.645783882811,2892.5127610390637,2951.0792724609373,0.03969158806976703,0.25810901004955333,-0.5636038554621152,1822262.1,0.47388462943942034,-0.00830145581055819,0.7675695954908643,-0.006839637851752456,-0.2681074762536423,-0.006046279477774474,-0.07070772733928032,0.005388659589437239,0.0410479326188915,1
2023-06-28,0.005661080124264473,0.005645116429677076,0.011678007556746353,0.0023223039812577118,2935.64404296875,2935.190121231586,2938.404638671875,2939.470484672456,2948.8046752929686,2945.6451953572387,2942.197294921875,2949.110153653361,1.0012425570078436,1.000301901706567,0.9967739717296981,0.9990124568192573,48.93096001848749,48.554259840034206,48.95358399278043,-5.96070900591485,-3.4052344524213454,-2.555474553493505,3005.4609429612206,2892.1484076247166,2948.8046752929686,0.03842659918641311,0.41604700029133534,0.824893288340347,1813994.9,0.8687301160549018,0.00241418736997856,-0.5636038554621152,-0.00830145581055819,0.7675695954908643,-0.006839637851752456,-0.2681074762536423,0.00944957234065491,0.07689806418520173,1
2023-06-30,0.026994588324159574,0.026636661530551047,0.029040775938753916,0.025543478260869595,2947.2990234375,2963.005653737724,2946.2614501953126,2953.8643454138273,2948.93212890625,2952.596769013692,2946.50201171875,2951.8366856179355,1.0242044308179146,1.0245651208414954,1.0236372309693011,1.024481472181033,69.35553183863347,60.15366355290713,56.91817041724988,0.6676461391111843,-2.5906583341148397,3.258304473226024,3006.201413034923,2891.662844777577,2948.93212890625,0.038840693257944876,1.1085687197271163,0.6958268184218008,1853854.5,1.4415403150570878,0.005661080124264473,0.824893288340347,0.00241418736997856,-0.5636038554621152,-0.00830145581055819,0.7675695954908643,-0.006046279477774474,-0.07070772733928032,0
2023-07-03,-0.00906955294647449,-0.009110931723149909,0.015295067103045555,-0.012672358984169248,2957.52802734375,2972.423446892858,2955.164990234375,2960.6633795573357,2948.5254638671877,2956.2788894126857,2949.98333984375,2953.382660033041,1.0114051348110704,1.0122138841953074,1.0144932000281555,1.0139918394798668,59.737877366200536,55.503496079833006,53.872839667642346,3.669218461086075,-1.338682975074657,5.007901436160732,3004.4555658245486,2892.595361909827,2948.5254638671877,0.037937676064024775,0.8820265638753517,-0.3686348556319661,1606962.0,1.049971312327236,0.026994588324159574,0.6958268184218008,0.005661080124264473,0.824893288340347,0.00241418736997856,-0.5636038554621152,-0.006839637851752456,-0.2681074762536423,1
2023-07-04,0.011169425369180752,0.011107507965582856,0.011393671535189453,0.005729512965425478,2979.32060546875,2989.838857173364,2964.164453125,2972.300888316797,2950.5469970703125,2962.7922978242755,2953.1157177734376,2956.1782293546617,1.015221279704636,1.0204122360841306,1.025121674298922,1.02422998852713,66.37634570389827,59.60726225574178,56.83234683803002,8.644299833091736,0.6579135865586216,7.986386246533114,3013.92149235158,2887.172501789045,2950.5469970703125,0.04295779416101088,1.0847989821070168,-0.018125794185142374,1625811.5,1.018987133502254,-0.00906955294647449,-0.3686348556319661,0.026994588324159574,0.6958268184218008,0.005661080124264473,0.824893288340347,-0.00830145581055819,0.7675695954908643,1
2023-07-05,0.003354576021868283,0.0033489619833674965,0.007229024639822772,-1.5074948230356134e-05,3001.73466796875,3004.8312921520346,2972.59716796875,2983.6673017336293,2955.643701171875,2969.6517134704754,2956.1978662109377,2959.2620698548467,1.0110207922417778,1.0209308529292385,1.0267868758694119,1.0265943957260226,68.23216774537318,60.789948514121264,57.69780409793297,13.253051230439723,3.1769411153348424,10.076110115104882,3028.2403240834656,2883.0470782602843,2955.643701171875,0.049124069239338305,1.0452902474121806,-0.12294038502282578,1618267.1,0.897878971895307,0.011169425369180752,-0.018125794185142374,-0.00906955294647449,-0.3686348556319661,0.026994588324159574,0.6958268184218008,0.00241418736997856,-0.5636038554621152,1
2023-07-06,0.000888693528803497,0.0008882988745099317,0.007959900071988121,0.0049446865385931954,3021.378955078125,3015.72525596594,2978.5114990234374,2993.457462071833,2958.942590332031,2976.1147106250733,2959.312177734375,2962.3307409818626,1.0053400214787713,1.0198091176044335,1.0265536051691027,1.026425399269382,68.76676169142283,61.11585448645622,57.93319238918613,16.92801143246652,5.927155178761178,11.00085625370534,3039.66899362734,2878.216187036722,2958.942590332031,0.054564359280962205,0.9866474291830899,0.2720081376014447,1638492.2,1.1280114729871769,0.003354576021868283,-0.12294038502282578,0.011169425369180752,-0.018125794185142374,-0.00906955294647449,-0.3686348556319661,0.005661080124264473,0.824893288340347,1
2023-07-07,0.0019108391858511098,0.001909015855012541,0.016490171162799497,0.008252574197456067,3026.315087890625,3024.9226315814603,2986.8070556640623,3002.5229022064996,2964.27607421875,2982.514965119114,2962.1406201171876,2965.506687720319,1.0056181509288002,1.0189199791266308,1.0266646245541018,1.027404763347157,70.03291319581255,61.85074651784706,58.455566908578874,20.077354987886793,8.757195140586301,11.320159847300491,3052.181573062933,2876.3705753745676,2964.27607421875,0.059309927040011305,0.9495811390243911,-0.03187468280600225,1664464.5,1.0750160186654627,0.000888693528803497,0.2720081376014447,0.003354576021868283,-0.12294038502282578,0.011169425369180752,-0.018125794185142374,0.026994588324159574,0.6958268184218008,0
2023-07-10,-0.017211121832318987,-0.017360954874845843,0.018200171065207268,-0.015880907986502657,3026.2509765625,3013.594579908474,2991.889501953125,3000.4166429985,2968.222375488281,2983.317204304198,2964.106591796875,2966.5040127729535,0.9883312718365113,0.9996821321810166,1.007653099465124,1.0090522671620117,49.083729017608256,52.25315438649019,52.30152821858102,18.13761334341052,10.633278781151144,7.504334562259377,3053.4336601468035,2883.011090829759,2968.222375488281,0.05741570130472778,0.6332927978098902,-0.21342952597793807,1693257.1,0.8311974596179162,0.0019108391858511098,-0.03187468280600225,0.000888693528803497,0.2720081376014447,0.003354576021868283,-0.12294038502282578,-0.00906955294647449,-0.3686348556319661,1
2023-07-11,0.00013770434851889668,0.00013769486814541195,0.010451030495197243,-0.006858906724203274,3019.587109375,3006.1798338712742,2999.453857421875,2998.768224598204,2970.4834228515624,2984.0822650177865,2965.512783203125,2967.4783786170287,0.9906487984763024,0.997298336293806,1.007024755224953,1.0087126782052993,49.22306935782617,52.3158121842198,52.342951976165146,16.444031636738146,11.795429352268545,4.6486022844696,3055.629616518927,2885.337229184198,2970.4834228515624,0.05732817292454511,0.6225358295335675,-0.21120680161229932,1606394.0,0.6910957087738127,-0.017211121832318987,-0.21342952597793807,0.0019108391858511098,-0.03187468280600225,0.000888693528803497,0.2720081376014447,0.011169425369180752,-0.018125794185142374,0
2023-07-12,-0.003819851360175708,-0.0038271656245924537,0.011978835503330877,-0.006415839662719141,3008.608642578125,2997.42783195585,3005.1716552734374,2995.341970693985,2972.318310546875,2983.68622340895,2966.6877197265626,2967.966435460479,0.9904657541538721,0.9915985407675023,1.0025587830048812,1.004461577910754,45.21777139363347,50.34200711427211,51.05143276709153,14.018238250144805,12.239991131843798,1.7782471183010067,3056.613261072217,2888.0233600215333,2972.318310546875,0.05672000217892711,0.5451125336139698,0.36486958777558787,1671563.8,0.9064805064574861,0.00013770434851889668,-0.21120680161229932,-0.017211121832318987,-0.21342952597793807,0.0019108391858511098,-0.03187468280600225,0.003354576021868283,-0.12294038502282578,1
2023-07-13,0.024739942623847933,0.024438865886080283,0.028348610195226866,0.01721986870527562,3011.835400390625,3016.16754552265,3016.607177734375,3005.9428801416693,2977.505908203125,2990.349151908693,2970.0539404296874,2971.3264565269797,1.0138824227446832,1.0122786271925845,1.0255720951697709,1.0281452909284432,66.02643405256023,60.65595790569429,58.061676667941434,17.83898443977796,13.359789793430632,4.479194646347327,3068.1717974140242,2886.8400189922254,2977.505908203125,0.06090056040601765,0.9198991766132255,2.0260196404529975,1972491.2,2.3245457318136578,-0.003819851360175708,0.36486958777558787,0.00013770434851889668,-0.21120680161229932,-0.017211121832318987,-0.21342952597793807,0.000888693528803497,0.2720081376014447,1
2023-07-14,0.05211725733302064,0.050804569447339666,0.04917989058909814,0.044472482122956854,3045.730859375,3081.7099229265586,3036.0229736328124,3043.5522978857975,2991.1422119140625,3011.5344400825675,2975.862705078125,2980.795798535113,1.0548517994770088,1.0582247583884528,1.0741029513533142,1.0796179112201447,82.63676794192776,73.4673780703134,68.33942127542778,33.324696709229556,17.35277117659042,15.971925532639137,3126.3027054314653,2855.9817183966597,2991.1422119140625,0.09037383309897003,1.3199602563295367,0.37533265025802875,2335860.7,2.6996905252098293,0.024739942623847933,2.0260196404529975,-0.003819851360175708,0.36486958777558787,0.00013770434851889668,-0.21120680161229932,0.0019108391858511098,-0.03187468280600225,0
2023-07-17,-0.006529830260128544,-0.006551242866431224,0.020863720976705177,-0.005213689124821912,3085.906298828125,3118.411839893748,3056.0786376953124,3070.509275329857,3005.6218139648436,3028.7040813916683,2981.0704150390625,2989.07108776229,1.0343203470047744,1.0444154265072108,1.061948532246532,1.0706944920609334,76.85772369857695,70.22131878994963,66.0973740984922,43.40406986560356,22.563030914393046,20.841038951210514,3160.2257868345537,2851.0178410951335,3005.6218139648436,0.10287653100691696,1.1021638914162741,-0.5649882550247768,2441457.1,1.1236027862213922,0.05211725733302064,0.37533265025802875,0.024739942623847933,2.0260196404529975,-0.003819851360175708,0.36486958777558787,-0.017211121832318987,-0.21342952597793807,1
2023-07-18,0.0014749484785343547,0.0014738618104156171,0.01687232748110773,0.005998301972453921,3126.94091796875,3144.449039095832,3073.264013671875,3093.4209411789734,3018.7142333984375,3044.6868772115095,2986.011142578125,2997.206474026514,1.0222525853083437,1.04010700781963,1.0589022975856137,1.070499500795606,77.27381234347939,70.53592636118631,66.35743890703412,51.181929470597424,28.286810625633922,22.895118844963502,3190.466205490742,2846.962261306133,3018.7142333984375,0.11379147465637914,1.0176336607244385,-0.05217867417509592,2535798.0,1.0253537545183016,-0.006529830260128544,-0.5649882550247768,0.05211725733302064,0.37533265025802875,0.024739942623847933,2.0260196404529975,0.00013770434851889668,-0.21120680161229932,0
2023-07-19,-0.007664118732509717,-0.007693639018528915,0.02051849233026056,-0.008557128906250043,3165.3611328125,3153.6409935118054,3086.9848876953124,3107.71257048166,3029.7910278320314,3056.8143081764847,2989.8693994140626,3004.0620986664057,1.0021052161986108,1.0275479206222895,1.046945110473013,1.0609242340034601,69.66895077008607,66.59313910399257,63.68799623118004,54.738125166084046,33.57707353372395,21.1610516323601,3210.837581345329,2848.744474318734,3029.7910278320314,0.11951091798093119,0.892810224087673,-0.07488971535600686,2631034.2,0.9142298492357112,0.0014749484785343547,-0.05217867417509592,-0.006529830260128544,-0.5649882550247768,0.05211725733302064,0.37533265025802875,-0.003819851360175708,0.36486958777558787,1
2023-07-20,0.0006500616427147499,0.0006498504441681783,0.012372550143359518,0.0029538533154014083,3189.44912109375,3160.456300362037,3100.6422607421873,3119.780632950903,3039.5768798828126,3067.9831277846765,2993.7044677734375,3010.7297384858607,0.9951834293484569,1.0236869161754676,1.0442528810736555,1.0602539256064984,69.95926434222285,66.76154970748178,63.81663747116546,57.065013039929,38.27466143496496,18.790351604964037,3229.393202843519,2849.7605569221064,3039.5768798828126,0.12489654347418536,0.8543162992561295,-0.2868440198389437,2617750.8,0.6552969060309332,-0.007664118732509717,-0.07488971535600686,0.0014749484785343547,-0.05217867417509592,-0.006529830260128544,-0.5649882550247768,0.024739942623847933,2.0260196404529975,0
2023-07-21,-0.027430378753732443,-0.027813616081520262,0.022518734203033308,-0.010502195763046184,3164.294287109375,3135.977702845525,3105.0125732421875,3113.8242465621024,3045.909814453125,3069.7962115968503,2995.8826025390626,3013.7215333614154,0.9755794587084801,0.994205477431964,1.0134970159537557,1.0304210536141156,47.542665778899085,54.31153151398132,55.15390231074473,51.292291496190046,40.87818744720998,10.414104048980064,3233.166287054588,2858.653341851662,3045.909814453125,0.12295601906065218,0.6097710877179418,1.1978630106960226,2815840.5,1.3389334374585493,0.0006500616427147499,-0.2868440198389437,-0.007664118732509717,-0.07488971535600686,0.0014749484785343547,-0.05217867417509592,0.05211725733302064,0.37533265025802875,1
2023-07-24,0.007852544787288362,0.007821874015246776,0.0121805297932469,0.004066844128956019,3148.183447265625,3127.738960100142,3117.044873046875,3113.358288025243,3054.4671875,3073.74528426471,2998.687998046875,3017.5466290966297,0.9882719754821407,0.9981445892911234,1.0185938442363363,1.0375409101032926,52.48777570882093,56.73091804656974,56.865624390083404,48.11872876057578,42.32629570988314,5.792433050692637,3237.1901734698413,2871.7442015301585,3054.4671875,0.11964311596969243,0.6554108992033139,-0.5543680042268057,2843110.6,0.5909485195546033,-0.027430378753732443,1.1978630106960226,0.0006500616427147499,-0.2868440198389437,-0.007664118732509717,-0.07488971535600686,-0.006529830260128544,-0.5649882550247768,1
2023-07-25,0.0012960101860310935,0.001295171089736597,0.007825514737643365,0.0004856224705666396,3131.9375,3123.590540457387,3129.439208984375,3113.7101813246304,3064.446533203125,3077.702276351107,3001.92337890625,3021.3798476093843,0.9946857819390952,0.995479858572779,1.016592610580026,1.0377658947134525,53.34135454665406,57.13750717005777,57.151272145112344,45.40561672756712,42.94215991341994,2.463456814147179,3237.300296392898,2891.592770013352,3064.446533203125,0.11281238639141593,0.6470814607400992,-0.24233334047562927,2859391.4,0.44519263784594165,0.007852544787288362,-0.5543680042268057,-0.027430378753732443,1.1978630106960226,0.0006500616427147499,-0.2868440198389437,0.0014749484785343547,-0.05217867417509592,0
2023-07-26,-0.003191867114129443,-0.003196971987579323,0.01058055577712168,-0.003543767106931297,3118.6025390625,3117.5103928570084,3141.9818359375,3112.1901661121974,3073.5767456054687,3080.3354021896916,3004.903642578125,3024.6727985916145,0.9957505192661602,0.9883411998560075,1.0103375821333274,1.0334275128343033,50.719785229372356,55.74634415240999,56.187803629272,41.969294293307485,42.74758678939745,-0.7782924960899678,3234.3989577082284,2912.754533502709,3073.5767456054687,0.10464824887336863,0.5987840909391275,-0.16196405285236215,2814547.7,0.37903177125049253,0.0012960101860310935,-0.24233334047562927,0.007852544787288362,-0.5543680042268057,-0.027430378753732443,1.1978630106960226,-0.007664118732509717,-0.07488971535600686,1
2023-07-27,0.0025382259102038063,0.0025350100553794153,0.007830626241671693,0.0005743681644561627,3106.431591796875,3116.084321149464,3147.9403564453123,3112.3796227707753,3082.2737670898437,3083.468428432043,3008.938916015625,3028.145715420743,1.00218919545998,0.9889743213717905,1.0100440171717002,1.0346611428911467,52.86223253155603,56.64740386446368,56.79403950348338,39.4275062465631,42.08357068083058,-2.656064434267485,3231.5026172510297,2933.0449169286576,3082.2737670898437,0.09683036708454475,0.6037279675179844,0.5952045504183996,2526210.0,0.6736451047220936,-0.003191867114129443,-0.16196405285236215,0.0012960101860310935,-0.24233334047562927,0.007852544787288362,-0.5543680042268057,0.0006500616427147499,-0.2868440198389437,0
2023-07-28,-0.012217021300288677,-0.012292262548969384,0.018686282707488674,-0.008744489706425366,3104.067041015625,3102.455465401726,3134.1806640625,3105.6192829772253,3085.1018188476564,3082.680745143872,3012.3741064453125,3029.990893400567,0.9906995284805675,0.9811807561597943,0.9967897121317358,1.020855194355349,42.46819755427661,51.22708603713912,53.073150031442765,33.95267546300647,40.457391637265765,-6.504716174259293,3231.5167682950523,2938.6868694002605,3085.1018188476564,0.09491741799438219,0.46617809527378634,0.5277226227531469,2155583.0,1.2060918090372768,0.0025382259102038063,0.5952045504183996,-0.003191867114129443,-0.16196405285236215,0.0012960101860310935,-0.24233334047562927,-0.027430378753732443,1.1978630106960226,1
2023-07-31,0.01968472555991929,0.01949348692890555,0.019216998915176278,0.01695697612771363,3108.961181640625,3113.5477028459427,3128.572314453125,3111.0943547512525,3092.325476074219,3087.733262533444,3016.602607421875,3034.1376104332653,1.0086109135912795,1.0022885401268091,1.0140369123483282,1.0394913038990952,57.85522617979078,58.09902271399196,57.70397566127683,34.10530993553493,39.1869752969196,-5.081665361384665,3233.676123371888,2950.9748287765497,3092.325476074219,0.09142029090489996,0.6535426348941521,0.05532936563953572,2155628.0,1.2727975327839498,-0.012217021300288677,0.5277226227531469,0.0025382259102038063,0.5952045504183996,-0.003191867114129443,-0.16196405285236215,0.007852544787288362,-0.5543680042268057,1
2023-08-01,0.008943659817039373,0.00890390216832946,0.013035732206511996,0.010849209027269399,3118.657861328125,3130.2908351004207,3125.2976806640627,3120.673035634547,3099.2808471679687,3094.9755327311514,3020.01552734375,3039.2215119695834,1.0144675178514246,1.0123122412253338,1.0208100703427188,1.0476029248737242,63.17815798892386,60.85107565477392,59.64135525179371,36.073432592808786,38.56426675609744,-2.4908341632886533,3240.3202112994913,2958.241483036446,3099.2808471679687,0.091014252071025,0.7286462819743784,-0.2870274864616037,2091235.7,0.9354120150110291,0.01968472555991929,0.05532936563953572,-0.012217021300288677,0.5277226227531469,0.0025382259102038063,0.5952045504183996,0.0012960101860310935,-0.24233334047562927,0
2023-08-02,-0.003302458377611339,-0.0033079235288861982,0.009533025916166801,0.0016593986092665728,3128.25361328125,3137.970175874239,3123.428076171875,3126.6104577776973,3105.2064819335938,3100.532992225506,3023.2494189453123,3043.6963098304577,1.0080157324950145,1.009573065401476,1.0154973190247611,1.0430263668162523,59.890397609815054,59.288725320392494,58.59150318260919,36.37083777551288,38.12558095998053,-1.7547431844676495,3244.865881916775,2965.5470819504126,3105.2064819335938,0.08995176378494231,0.6722847710002925,-0.021096358337503895,2042188.6,0.9376700075595368,0.008943659817039373,-0.2870274864616037,0.01968472555991929,0.05532936563953572,-0.012217021300288677,0.5277226227531469,-0.003191867114129443,-0.16196405285236215,0
2023-08-03,-0.01182932687934024,-0.011899850079611838,0.019191458973538682,-0.005862587376644703,3128.81259765625,3130.6558171192846,3117.6220947265624,3124.686210838002,3109.132177734375,3102.00862150016,3025.6229541015623,3046.5328113904156,0.995913626128822,0.9994883936959886,1.0022176354946815,1.0298795146914324,49.22147270360994,53.961903427386034,54.964575866852904,33.213726252412016,37.14321001846683,-3.9294837660548154,3245.3307250061157,2972.9336304626345,3109.132177734375,0.08761193766357563,0.5253120242951024,0.05820254749728315,2073283.3,0.9773632961785782,-0.003302458377611339,-0.021096358337503895,0.008943659817039373,-0.2870274864616037,0.01968472555991929,0.05532936563953572,0.0025382259102038063,0.5952045504183996,1
2023-08-04,0.012823931089009033,0.012742400771009202,0.020255259546390667,0.01243661854557146,3144.97041015625,3139.0994835482734,3124.5187255859373,3130.377230032229,3114.7656494140624,3107.149401967407,3028.9744287109374,3050.8251253126055,1.0035028648328213,1.010071340127562,1.013234115060933,1.041932472750972,58.468131379708005,58.28564187780283,57.89619760677933,33.549371541443634,36.424442323062195,-2.875070781618561,3248.914276888076,2980.6170219400487,3114.7656494140624,0.0861372203069269,0.6536399133124663,0.10962661454012657,1921110.3,1.1704132761143387,-0.01182932687934024,0.05820254749728315,-0.003302458377611339,-0.021096358337503895,0.008943659817039373,-0.2870274864616037,-0.012217021300288677,0.5277226227531469,1
2023-08-07,0.01176095902798835,0.011692336470043512,0.013418291742314304,0.008714688423912308,3156.44482421875,3157.101071714474,3132.7030029296875,3141.782142398528,3124.8739379882813,3115.335577784499,3032.42583984375,3056.404698753165,1.0116141500547846,1.0192808718415696,1.0218345800222963,1.0529867560459134,65.31311392366038,61.86802141031525,60.4097434324839,36.39094719459308,36.417743297368375,-0.026796102775293207,3250.3645660105794,2999.3833099659832,3124.8739379882813,0.08031724191926023,0.771854205903209,-0.1754970996129408,1938486.0,0.9563592411810041,0.012823931089009033,0.10962661454012657,-0.01182932687934024,0.05820254749728315,-0.003302458377611339,-0.021096358337503895,0.01968472555991929,0.05532936563953572,0
2023-08-08,-0.0038603237032316384,-0.003867793984110771,0.009609246982430096,-0.0038604356950608923,3159.844970703125,3164.9933251534,3139.251416015625,3148.872267786295,3134.3453125,3121.5681734270465,3035.7858837890626,3061.2820765287765,1.0066246482097085,1.0132281268724666,1.0148141046699843,1.0477609270852852,61.392858013440964,60.024458889735456,59.17785073832697,37.21923741510591,36.57804212091588,0.6411952941900267,3245.9177504348313,3022.772874565169,3134.3453125,0.07119345624738417,0.7080823919899055,-0.11848821585326841,1974610.5,0.8276189152240404,0.01176095902798835,-0.1754970996129408,0.012823931089009033,0.10962661454012657,-0.01182932687934024,0.05820254749728315,0.008943659817039373,-0.2870274864616037,0
2023-08-09,-0.0023338895001145943,-0.002336617265242047,0.012115509363718297,-0.0006926325179341208,3163.850048828125,3167.780299451225,3146.0518310546877,3153.323536924582,3144.0168334960936,3126.500180533697,3039.0727734375,3065.6770636471338,1.0030039979999275,1.0086783112479856,1.009331188764075,1.0441850145159535,58.908492280532045,58.886391257093635,58.42444900018955,36.85183715703852,36.632801128140414,0.21903602889810259,3231.248685914772,3056.784981077415,3144.0168334960936,0.0554907031599307,0.6681576954824564,0.09812847068182173,2047389.1,0.8765256198736234,-0.0038603237032316384,-0.11848821585326841,0.01176095902798835,-0.1754970996129408,0.012823931089009033,0.10962661454012657,-0.003302458377611339,-0.021096358337503895,0
2023-08-10,-0.005891802768397958,-0.005909227915727049,0.010124590374159696,-0.002289826766304447,3171.576123046875,3163.4060232018587,3150.1943603515624,3153.5660703388626,3149.0673583984376,3129.1818272164996,3042.4702490234376,3069.16649137482,0.9946655379888859,1.0014167730117658,1.0017751644117039,1.0368737284171297,52.648373711350494,56.00624786844797,56.521515309144185,34.65254318204779,36.23674953892189,-1.5842063568740983,3225.857117817444,3072.2775989794313,3149.0673583984376,0.048769842419668176,0.5363988137675022,-0.3888845858299589,1986882.3,0.5519707936398648,-0.0023338895001145943,0.09812847068182173,-0.0038603237032316384,-0.11848821585326841,0.01176095902798835,-0.1754970996129408,-0.01182932687934024,0.05820254749728315,1
2023-08-11,0.0019466040917768268,0.0019447119131822434,0.015266151008563171,0.003112169764681655,3172.538427734375,3162.536795415823,3158.7544189453124,3154.88102843066,3146.4675415039064,3132.19292365719,3045.364462890625,3072.759897197131,0.9962994655043441,1.0006470654654818,1.0045545673523757,1.037904782287883,54.501117057322666,56.75439822025474,57.004468167861205,33.02441873785074,35.594283378707665,-2.5698646408569275,3217.7761658019094,3075.1589172059034,3146.4675415039064,0.045326146453060094,0.6004843276737069,0.5318432280083634,1894896.6,0.8865781911266293,-0.005891802768397958,-0.3888845858299589,-0.0023338895001145943,0.09812847068182173,-0.0038603237032316384,-0.11848821585326841,0.012823931089009033,0.10962661454012657,1
2023-08-14,0.00030440353976279866,0.00030435721840530697,0.012754177356834323,0.002659385187382742,3166.269677734375,3162.278029626174,3161.3572509765627,3156.1318410881536,3144.9647827148438,3135.0088831228745,3048.611826171875,3076.250116838298,0.9985758699837828,1.0001275550462345,1.0053405098283907,1.0371148176044047,54.824226310568385,56.87813441323454,57.08289536594308,31.449229371986803,34.76527257736349,-3.316043205376687,3213.604210497041,3076.3253549326464,3144.9647827148438,0.043650363374145885,0.6223474311683252,-0.29140272408977763,1739571.3,0.6843209013623069,0.0019466040917768268,0.5318432280083634,-0.005891802768397958,-0.3888845858299589,-0.0023338895001145943,0.09812847068182173,0.01176095902798835,-0.1754970996129408,1
2023-08-16,0.0024783463215636292,0.0024752802860724932,0.008905866787485122,0.0024347543025362325,3164.0333984375,3164.717498266408,3161.9391845703126,3158.579949171557,3143.6184326171874,3138.302935734684,3052.318974609375,3079.9107567876536,1.0017582106156409,1.0024216945771534,1.0082637264943315,1.0384224132251803,57.679764687506804,57.93377838093177,57.74204740717759,30.48179990446397,33.90857804278359,-3.4267781383196194,3209.145565161823,3078.091300072552,3143.6184326171874,0.041688986083518835,0.6982232544052799,0.11594178549677636,1676799.1,0.7922505445047053,0.00030440353976279866,-0.29140272408977763,0.0019466040917768268,0.5318432280083634,-0.005891802768397958,-0.3888845858299589,-0.0038603237032316384,-0.11848821585326841,0
2023-08-17,-0.006549193628705097,-0.006570733695518009,0.013854354262169745,-0.005571635311143295,3159.13017578125,3159.4243770994804,3161.4901123046875,3156.8087101886604,3142.459094238281,3139.306288023345,3056.638095703125,3082.6137912181625,0.9967421282305723,0.9959980967551281,1.0020299518103641,1.0301638716052484,48.25315103844411,54.15180566181851,55.37629537949324,27.720538579502318,32.67097015012734,-4.950431570625021,3206.7435588565195,3078.1746296200427,3142.459094238281,0.04091347743307424,0.5496157241506691,0.38751773690292035,1669633.3,1.103979538501059,0.0024783463215636292,0.11594178549677636,0.00030440353976279866,-0.29140272408977763,0.0019466040917768268,0.5318432280083634,-0.0023338895001145943,0.09812847068182173,0
2023-08-18,-0.01998109576782292,-0.020183417470735984,0.015889043523606487,-0.012580616523093884,3145.382861328125,3134.923217545487,3158.4794921875,3143.9200171429948,3138.0507934570314,3134.2219652056456,3058.9258056640624,3082.7434816973523,0.9810954769221585,0.9770273658798565,0.9833878103158099,1.008825023713701,30.580506840000908,44.639814464741335,48.98866493142583,20.222214830585017,30.181219086218874,-9.959004255633857,3205.088168462745,3071.0134184513176,3138.0507934570314,0.04272548751950704,0.11118782608143402,0.3708185744566228,1719673.1,1.469319372385368,-0.006549193628705097,0.38751773690292035,0.0024783463215636292,0.11594178549677636,0.00030440353976279866,-0.29140272408977763,-0.005891802768397958,-0.3888845858299589,1
2023-08-21,0.010261052037305207,0.010208764819902119,0.01109755591661278,0.007896267361111027,3136.74033203125,3129.1440428167834,3154.6393798828126,3139.131958273246,3139.579052734375,3132.637558363144,3062.5445654296873,3084.1098429390004,0.9938934573333104,0.9882542243149155,0.9929948063082389,1.017972351668282,42.866738581230436,49.4521197487838,51.91943525309629,16.64297371245948,27.473570011466997,-10.830596299007517,3203.199909344377,3075.9581961243734,3139.579052734375,0.040528271810574085,0.3271529137856449,-0.4555933335681541,1632381.7,0.8426821986548857,-0.01998109576782292,0.3708185744566228,-0.006549193628705097,0.38751773690292035,0.0024783463215636292,0.11594178549677636,0.0019466040917768268,0.5318432280083634,0
2023-08-22,-0.005732585381676314,-0.0057490797162489775,0.013586018508532874,-0.005250028722426512,3124.331005859375,3119.333984273689,3145.300341796875,3131.965032621292,3139.001672363281,3129.5019687273684,3066.29859375,3084.7217654585493,0.9921208288668172,0.9855064796186263,0.9874839808077571,1.0108975927868245,38.39246714846017,46.97037779664932,50.20986976852128,12.22338871204147,24.423533751581893,-12.200145039540423,3203.838000767834,3074.1653439587285,3139.001672363281,0.04131015856117012,0.19702321104118492,-0.11163808112801954,1569194.0,0.7787513844687145,0.010261052037305207,-0.4555933335681541,-0.01998109576782292,0.3708185744566228,-0.006549193628705097,0.38751773690292035,0.00030440353976279866,-0.29140272408977763,1
2023-08-23,0.004760315263474091,0.004749020792083753,0.0076509968366070295,0.0030253837072018587,3113.305615234375,3117.712483656418,3138.6695068359377,3128.784023494125,3138.9604614257814,3128.0703033649406,3069.6653955078127,3085.888342594366,1.0003738364720138,0.9922897188246944,0.992197742117216,1.0145957559347116,44.02061134737472,49.23556620419349,51.59169570675409,9.79853912970384,21.498534827206285,-11.699995697502445,3203.858032849366,3074.062890002197,3138.9604614257814,0.041349722126863976,0.3113105123452572,0.08840666049105894,1538776.1,0.86435317002909,-0.005732585381676314,-0.11163808112801954,0.010261052037305207,-0.4555933335681541,-0.01998109576782292,0.3708185744566228,0.0024783463215636292,0.11594178549677636,0
2023-08-24,-0.00308986524669419,-0.0030946487364160243,0.010316567388938108,-0.005941901408450735,3104.5072265625,3113.423719573029,3131.818701171875,3124.4316903872386,3138.935266113281,3125.8584831783987,3072.8977978515627,3086.6317876458124,1.0001091847494668,0.9913875890211868,0.9891399242682564,1.0103968292004453,41.159624325122365,47.80147082080426,50.62948717555003,7.019394001215915,18.602706662008213,-11.583312660792298,3203.885382438914,3073.9851497876484,3138.935266113281,0.04138353347188062,0.23757495262885453,-0.13320215992529583,1474605.3,0.781823447942307,0.004760315263474091,0.08840666049105894,-0.005732585381676314,-0.11163808112801954,0.010261052037305207,-0.4555933335681541,-0.006549193628705097,0.38751773690292035,0
2023-08-25,-0.0019039980499235831,-0.0019058129582978716,0.010513722034353518,0.0018666811342592411,3107.1099609375,3108.5940031528526,3126.2464111328127,3119.79585037365,3138.2203857421873,3123.2943010006943,3075.8785888671873,3087.1142497111728,0.997368811941714,0.9912636954262297,0.9874814988749121,1.0074957384627472,39.32777819905519,46.897781696011684,50.0276599100461,4.290425690776829,15.740250467761937,-11.449824776985109,3204.585698801043,3071.855072683332,3138.2203857421873,0.042294870914975656,0.20401845769304924,0.004480080771562811,1480739.8,0.7820725829075439,-0.00308986524669419,-0.13320215992529583,0.004760315263474091,0.08840666049105894,-0.005732585381676314,-0.11163808112801954,-0.01998109576782292,0.3708185744566228,0
2023-08-28,-0.0017003544249866165,-0.0017018016683556843,0.01004277876298086,-0.0054360492551193225,3102.32587890625,3103.61776316961,3119.53310546875,3115.0448381608267,3139.143762207031,3120.4724897818783,3078.9505224609375,3087.371152985367,0.9972083539766047,0.991707790431755,0.9855124573931805,1.0047791481658583,37.588134062437916,46.06189095434251,49.47722215956239,1.6831093739779135,12.928822249005133,-11.24571287502722,3202.417811301144,3075.8697131129184,3139.143762207031,0.04031293491931497,0.14062297533494178,-0.10410726344203947,1416490.9,0.7324332263624144,-0.0019039980499235831,0.004480080771562811,-0.00308986524669419,-0.13320215992529583,0.004760315263474091,0.08840666049105894,0.010261052037305207,-0.4555933335681541,1
2023-08-29,0.00017764059669245214,0.00017762482046995958,0.007271611017947344,-0.0014492972341753865,3101.22607421875,3100.483456696407,3112.7785400390626,3111.257566449767,3137.0678955078124,3117.971761588366,3082.7903466796874,3087.6395330153528,0.9977392069133444,0.9940362939250957,0.9863397754893426,1.0037058949151756,37.92225784731989,46.16965471718165,49.53802379489422,-0.33500096591706097,10.276057606020695,-10.611058571937756,3203.308080890807,3070.8277101248177,3137.0678955078124,0.04223063547833865,0.17653282135277867,-0.08960900639527314,1391900.1,0.678581027474601,-0.0017003544249866165,-0.10410726344203947,-0.0019039980499235831,0.004480080771562811,-0.00308986524669419,-0.13320215992529583,-0.005732585381676314,-0.11163808112801954,1
2023-08-30,0.004383653213721583,0.004374072993344599,0.007387324846675552,-0.0020747642225205447,3099.887939453125,3102.9152406621884,3106.59677734375,3110.6250650214,3134.2679809570313,3117.0010041603073,3086.252421875,3088.429308528231,1.002545533675652,1.0003804907217506,0.9915485298244368,1.0069749274447461,46.21369533884195,48.88414595247077,51.06423565125085,-0.8302981852402809,8.0547864477685,-8.88508463300878,3200.4895626303123,3068.0463992837504,3134.2679809570313,0.042256489920852645,0.2999959250900136,0.25799747384112726,1377875.6,0.8623419995244853,0.00017764059669245214,-0.08960900639527314,-0.0017003544249866165,-0.10410726344203947,-0.0019039980499235831,0.004480080771562811,0.004760315263474091,0.08840666049105894,0
2023-08-31,-0.010070810533862273,-0.010121864203372941,0.021970328565070876,-0.012996163237834459,3094.214892578125,3094.1038127852094,3099.3610595703126,3104.4170453868273,3130.4255859375,3113.141952052778,3088.7722607421874,3087.960745724428,0.9942686800488835,0.9926178002177537,0.9827676373626065,0.9960206507073512,33.991713448008724,43.440736397497446,47.5778714969378,-3.705584186160195,5.702712320982761,-9.408296507142957,3200.5786080098587,3060.272563865141,3130.4255859375,0.04482011799769358,0.11552170303790364,1.876327217640128,1535316.7,2.2260241160667373,0.004383653213721583,0.25799747384112726,0.00017764059669245214,-0.08960900639527314,-0.0017003544249866165,-0.10410726344203947,-0.00308986524669419,-0.13320215992529583,1
2023-09-01,0.006672980318009225,0.00665081453808269,0.009528868263835208,0.003921554121175046,3093.830029296875,3095.072626492223,3100.4699951171874,3103.070356026722,3129.474743652344,3111.605599848347,3091.145068359375,3088.3156283982253,1.001027924798473,0.9988841236275835,0.9896262176865485,1.0018974151704851,45.10218169870059,47.56519429155939,49.93218036657178,-4.278407550856173,3.7064883466149743,-7.984895897471147,3200.886813380951,3058.062673923737,3129.474743652344,0.04563837421820096,0.2726960591572875,-0.6260736903581757,1410436.8,0.906066829793437,-0.010070810533862273,1.876327217640128,0.004383653213721583,0.25799747384112726,0.00017764059669245214,-0.08960900639527314,-0.0019039980499235831,0.004480080771562811,1
2023-09-04,0.011629947418101194,0.011562839387049944,0.018370644676941595,0.01198934280639431,3101.70263671875,3107.724524432316,3102.0142578125,3108.517258624136,3128.3268188476563,3113.6458589401714,3094.5983984375,3090.0690672968244,1.010099512191436,1.0099980399580337,1.0015028805291435,1.0124183874374149,59.16950954117982,53.914913717494066,53.757971721491074,-1.8052079375033827,2.604149089791303,-4.409357027294686,3198.7282418344744,3057.9253958608383,3128.3268188476563,0.04500899494430122,0.5333906707093404,0.4306756915372276,1455712.1,1.255970875010244,0.006672980318009225,-0.6260736903581757,-0.010070810533862273,1.876327217640128,0.004383653213721583,0.25799747384112726,-0.0017003544249866165,-0.10410726344203947,1
2023-09-05,0.003173877360693078,0.003168851243986678,0.012203506922449302,0.0027339466831140047,3111.4541015625,3119.473738944461,3106.340087890625,3114.7817875958835,3125.82021484375,3116.438840752417,3098.6555615234374,3092.1436986957233,1.010129690291887,1.0117926817546241,1.0054871847854683,1.014301882079312,62.282516488583575,55.516507951097545,54.76006453112381,0.9462976459644779,2.272578801025938,-1.32628115506146,3190.1234207318175,3061.5170089556823,3125.82021484375,0.04114325295019051,0.6333677916063504,-0.178572600599891,1483695.1,1.012230882207537,0.011629947418101194,0.4306756915372276,0.006672980318009225,-0.6260736903581757,-0.010070810533862273,1.876327217640128,0.00017764059669245214,-0.08960900639527314,1
2023-09-06,0.00016040561725705338,0.00016039275365160757,0.013353102420337087,-0.0011939713617501063,3118.593603515625,3127.4745987494325,3109.240771484375,3119.998975007427,3123.9551391601562,3119.013838619746,3103.2109521484376,3094.156742604102,1.0079788257167268,1.011010902464995,1.0062488666865002,1.0129753880196448,62.45184749974843,55.60075564069924,54.81219447615108,3.1314687451304053,2.4443567898468315,0.6871119552835738,3183.7821223629426,3064.12815595737,3123.9551391601562,0.0383020757582775,0.6631469460281059,-0.12452974414086171,1482172.3,0.8870884984154676,0.003173877360693078,-0.178572600599891,0.011629947418101194,0.4306756915372276,0.006672980318009225,-0.6260736903581757,0.004383653213721583,0.25799747384112726,1
2023-09-07,0.007390833524197005,0.007363655145864562,0.010910918507163001,0.007126603364782662,3136.6392578125,3140.5528086714967,3115.4270751953127,3128.491748372554,3123.6228881835937,3123.556256705068,3108.0902197265623,3097.0019381300444,1.009586684419711,1.0164607137585133,1.0137937074590608,1.0188601374622324,69.75266108739763,59.415356084010035,57.198661537350596,6.66114869289413,3.2877151704562912,3.373433522437839,3182.4136561311507,3064.8321202360366,3123.6228881835937,0.03764267970372327,0.8664379785825008,0.433728470404269,1555393.4,1.2119711964831534,0.00016040561725705338,-0.12452974414086171,0.003173877360693078,-0.178572600599891,0.011629947418101194,0.4306756915372276,-0.010070810533862273,1.876327217640128,0
2023-09-08,-0.003863666203294036,-0.00387114944293823,0.00870157529900295,-0.0038637139588307942,3148.13203125,3145.1932461455813,3120.9810302734377,3133.215816140044,3123.613720703125,3126.500815218276,3112.3938671875,3099.25574922666,1.002014556499154,1.0107315906426313,1.0098797108573585,1.0135202213157797,62.309033070884375,56.65478503394881,55.57568409537322,8.374636963694684,4.30509952910397,4.069537434590714,3182.385182414365,3064.8422589918855,3123.613720703125,0.03763042870615271,0.7625457959702485,-0.19424781389979906,1591480.5,0.9544050335520919,0.007390833524197005,0.433728470404269,0.00016040561725705338,-0.12452974414086171,0.003173877360693078,-0.178572600599891,0.006672980318009225,-0.6260736903581757,1
2023-09-11,0.011258345699769468,0.011195442211658812,0.01169320452035961,0.0053870312951329255,3159.5240234375,3160.1249245137215,3130.613330078125,3143.538082523672,3125.0732177734376,3132.5472405546307,3115.8208984375,3102.8138877373794,1.0096420402524287,1.0189659165510527,1.0207723336232146,1.0238034807615846,72.31415213015441,62.15176663505921,59.111658956778456,12.454714487883393,5.935022520859855,6.5196919670235385,3188.7139395034287,3061.4324960434465,3125.0732177734376,0.04072910763693023,1.0100119994865704,0.1742603447061295,1666092.4,1.0705312622517216,-0.003863666203294036,-0.19424781389979906,0.007390833524197005,0.433728470404269,0.00016040561725705338,-0.12452974414086171,0.011629947418101194,0.4306756915372276,1
2023-09-12,0.028773494220810436,0.028367310387065487,0.02985363630642669,0.02542956724745841,3187.28466796875,3200.6750798841476,3149.369384765625,3168.672138542095,3131.0739624023436,3146.7594453232377,3121.6312255859375,3109.8319858898353,1.0296461510344066,1.0420420692789674,1.048130906529921,1.0513014361614745,84.62246677353009,72.02598543406062,66.37477609013972,22.831470965662447,9.314312209820374,13.517158755842074,3223.5295117567025,3038.6184130479846,3131.0739624023436,0.05905676484462323,1.314993958042776,1.5095346276415618,2019242.3,2.216680979791281,0.011258345699769468,0.1742603447061295,-0.003863666203294036,-0.19424781389979906,0.007390833524197005,0.433728470404269,0.003173877360693078,-0.178572600599891,0
2023-09-13,-0.00361668280495564,-0.003623238814322423,0.012290341930300167,-0.0009100837028156182,3212.570654296875,3223.752136589432,3165.58212890625,3187.0783406253504,3136.089453125,3158.48771243531,3126.53595703125,3116.1094080118028,1.0178472637252156,1.0329557461615426,1.0426699553297678,1.0458559552613893,79.30361234955014,69.5009350582836,64.81161659336232,29.754394640951887,13.402328696046677,16.35206594490521,3245.659032142834,3026.5198741071663,3136.089453125,0.06987656484648527,1.1106475815391221,-0.607926111077351,2075915.2,0.8453760538966139,0.028773494220810436,1.5095346276415618,0.011258345699769468,0.1742603447061295,-0.003863666203294036,-0.19424781389979906,0.00016040561725705338,-0.12452974414086171,0
2023-09-14,-0.0021860545266014775,-0.0021884474317816183,0.014634584570735258,-0.0028010811790391663,3231.780419921875,3236.7541099398304,3184.2098388671875,3200.838288991764,3141.78544921875,3168.418221407245,3131.094794921875,3121.8603354090114,1.0095853160467811,1.0246680406594628,1.0385044139318798,1.0420502317375655,75.94947379920332,67.95579088332053,63.86057531629512,34.26903002009203,17.575668960855747,16.693361059236285,3264.472842241627,3019.0980561958727,3141.78544921875,0.07810042729263077,0.9930115655783712,0.4842315558065311,1994622.1,1.3058719243108756,-0.00361668280495564,-0.607926111077351,0.028773494220810436,1.5095346276415618,0.011258345699769468,0.1742603447061295,0.007390833524197005,0.433728470404269,1
2023-09-15,0.010744181288941057,0.010686872696984448,0.012478155205260768,0.008534537701535687,3260.44833984375,3257.1073135275956,3204.290185546875,3218.4701856665565,3152.380090332031,3180.7416022925668,3136.3008056640624,3128.7604681656435,1.0114601971767985,1.0291869742566053,1.0461345479300295,1.051497903118022,80.63548522667428,71.32292075689162,66.39946543315286,40.2120704842896,22.10294926554252,18.109121218747077,3289.6681284823185,3015.092052181744,3152.380090332031,0.0871011960590242,1.0296660667985134,0.13367113022853494,2162116.8,1.3657435157989615,-0.0021860545266014775,0.4842315558065311,-0.00361668280495564,-0.607926111077351,0.028773494220810436,1.5095346276415618,-0.003863666203294036,-0.19424781389979906,1
2023-09-18,0.0021813250003979157,0.002178949365080455,0.01221525727466169,0.007290359955768826,3283.4521484375,3273.0739837579804,3221.4880859375,3234.2042108578644,3161.751171875,3192.5764329522035,3141.5346044921876,3135.672109579491,1.0065647905944077,1.025925670389976,1.0453091165484711,1.0520359443097673,81.49850485891258,71.97372250502566,66.90049319559841,44.983890268205414,26.6791374660751,18.304752802130313,3313.123630514802,3010.3787132351986,3161.751171875,0.0957522906839211,0.9731909411758815,-0.5273275701793865,2118858.9,0.6587286203909095,0.010744181288941057,0.13367113022853494,-0.0021860545266014775,0.4842315558065311,-0.00361668280495564,-0.607926111077351,0.011258345699769468,0.1742603447061295,0
2023-09-20,-2.7479610055447523e-05,-2.7479987626848947e-05,0.012479028130689367,0.007276549951990217,3288.08037109375,3283.688157140737,3237.68251953125,3247.0609914121164,3172.0113037109377,3203.2754873287795,3147.8141650390626,3142.3091446511285,1.005120353188599,1.0207660831379892,1.0418993463358175,1.049908390594347,81.44504079276788,71.95152138148195,66.88727156927615,48.202613660667794,30.983832704993645,17.21878095567415,3332.7037958754454,3011.31881154643,3172.0113037109377,0.10131899087277116,0.9135389227122436,0.1817248467314776,2133614.3,0.7730525615618531,0.0021813250003979157,-0.5273275701793865,0.010744181288941057,0.13367113022853494,-0.0021860545266014775,0.4842315558065311,0.028773494220810436,1.5095346276415618,0
2023-09-21,-0.005754181632508071,-0.005770800719131296,0.021476584651588065,-0.0009056582619103908,3291.27900390625,3284.425242781325,3251.9248291015624,3254.1225228030953,3180.582800292969,3211.144432731991,3153.705146484375,3147.9401356084372,0.9983655017282445,1.010447530846008,1.0331123634825135,1.041917129673803,70.1956188372258,67.27220509021168,64.1019387923009,48.6580551497259,34.5186771939401,14.139377955785797,3346.293641579393,3014.871959006545,3180.582800292969,0.10420155782214514,0.8177722499987069,0.2150344732253504,2202539.8,0.9098918439521503,-2.7479610055447523e-05,0.1817248467314776,0.0021813250003979157,-0.5273275701793865,0.010744181288941057,0.13367113022853494,-0.00361668280495564,-0.607926111077351,1
2023-09-22,0.005118045531317117,0.005104992853476643,0.01906399151793127,0.005482673645019547,3299.270751953125,3290.522427479217,3265.5255859375,3262.957845361623,3190.4763305664064,3219.8656102694204,3160.161005859375,3154.0098085992827,1.0010444868520825,1.0113890428841403,1.0351798461042547,1.0451102936689955,73.91310299859225,69.1810030221148,65.43832516926943,49.80193237947515,37.57532823104711,12.226604148428038,3360.490127047328,3020.462534085485,3190.4763305664064,0.1065758080397599,0.8300922296655758,-0.00747976745358081,2212938.9,0.8988422590429406,-0.005754181632508071,0.2150344732253504,-2.7479610055447523e-05,0.1817248467314776,0.0021813250003979157,-0.5273275701793865,-0.0021860545266014775,0.4842315558065311,0
2023-09-25,-0.0073536021185209854,-0.007380773135761667,0.017150552627401398,-0.007036807121790424,3295.393994140625,3286.49159553302,3277.9211669921874,3265.770951957805,3199.4510986328123,3225.4431646857256,3164.6566650390623,3158.889029110708,0.9948521898959083,1.0001552095436463,1.0246851195949085,1.0359512195614933,61.077650520146335,63.42766766956277,61.9417195164477,48.193175348422756,39.69889765452224,8.494277693900514,3368.133325203309,3030.7688720623155,3199.4510986328123,0.10544447867484395,0.7341053785379259,-0.3772115090219965,2184925.0,0.5669659141618133,0.005118045531317117,-0.00747976745358081,-0.005754181632508071,0.2150344732253504,-2.7479610055447523e-05,0.1817248467314776,0.010744181288941057,0.13367113022853494,1
2023-09-26,0.0023900749818537292,0.002387223295569794,0.016440291149461335,0.005073397527799036,3291.645654296875,3286.4162720220133,3287.5489013671877,3269.497256147295,3209.0811157226562,3231.2357799537517,3166.126083984375,3163.884189733818,0.9983655502864193,0.9996096555805896,1.0240519034870088,1.0379452800769187,63.465699878059795,64.45474954592973,62.618375487983485,47.00861275335001,41.1608406742878,5.84777207906221,3374.465423601682,3043.6968078436307,3209.0811157226562,0.10307268773527556,0.7333489502940094,0.39335861631381897,2179170.8,0.7920728379803915,-0.0073536021185209854,-0.3772115090219965,0.005118045531317117,-0.00747976745358081,-0.005754181632508071,0.2150344732253504,0.0021813250003979157,-0.5273275701793865,1
2023-09-27,0.0010039713105205461,0.0010034676683910169,0.01624273480484305,-0.0001949724712743872,3288.575341796875,3287.465828483426,3288.3278564453126,3273.1459261943774,3218.8486206054686,3236.7909381873233,3168.0810693359376,3168.812846662149,1.0003009204614526,1.0003762048721854,1.021969445952845,1.0383462005584903,64.53461268941177,64.90171049257698,62.90992498846171,45.80801929100426,42.09027639763109,3.7177428933731704,3378.933066564578,3058.764174646359,3218.8486206054686,0.09946689939646641,0.7208719291156013,-0.10713867752143313,1885682.6,0.817281763113262,0.0023900749818537292,0.39335861631381897,-0.0073536021185209854,-0.3772115090219965,0.005118045531317117,-0.00747976745358081,-2.7479610055447523e-05,0.1817248467314776,0
2023-09-28,-0.014640652430025214,-0.014748884472640878,0.021333131030430455,-0.017569444444444388,3279.676171875,3272.111740473326,3285.477587890625,3267.374587695968,3225.5298583984377,3237.2302359269233,3168.978671875,3171.6595414774815,0.9883303700072332,0.9865852003982786,1.004921270845891,1.022854332602773,43.07280288190082,54.18983656678963,56.19258445375731,40.503421473350045,41.77290541277488,-1.2694839394248376,3377.4604957122474,3073.599221084628,3225.5298583984377,0.09420507264455916,0.5522399771874204,0.1392604406884801,1885765.0,0.9310560965974021,0.0010039713105205461,-0.10713867752143313,0.0023900749818537292,0.39335861631381897,-0.0073536021185209854,-0.3772115090219965,-0.005754181632508071,0.2150344732253504,0
2023-09-29,-0.0023044728661425484,-0.002307132250175744,0.017825738424008218,-0.0024312602155204185,3265.919580078125,3259.385772945759,3282.595166015625,3261.294451367724,3233.4025024414063,3236.9162932567997,3170.2168505859377,3174.1016707485855,0.9902062064287772,0.9851759581477527,1.0001643270359373,1.0200986211062852,40.62795843574038,52.73602801660813,55.23215538139154,35.2899444662321,40.476313223466335,-5.186368757234234,3369.0712712578834,3097.7337336249293,3233.4025024414063,0.08391703087632255,0.5019582084139697,0.27796506684026734,1849672.0,1.2130750749322041,-0.014640652430025214,0.1392604406884801,0.0010039713105205461,-0.10713867752143313,0.0023900749818537292,0.39335861631381897,0.005118045531317117,-0.00747976745358081,0
2023-10-03,-0.00417999345170339,-0.004188754045671271,0.015396175708152698,-0.0057579802492153,3254.316796875,3246.3958538388397,3274.8553955078123,3253.8620085054104,3239.572790527344,3235.3448382442475,3171.1434326171875,3175.9179195672687,0.9895828269446436,0.9833765545930706,0.994086635448242,1.0155377970296182,36.28018943239081,50.11573308901656,53.494797977804694,29.72480207802755,38.32601099437858,-8.601208916351027,3360.2661444777414,3118.8794365769463,3239.572790527344,0.07451189508895142,0.42063865045039317,-0.13176048927908168,1749197.1,1.1137384117547415,-0.0023044728661425484,0.27796506684026734,-0.014640652430025214,0.1392604406884801,0.0010039713105205461,-0.10713867752143313,-0.0073536021185209854,-0.3772115090219965,1
2023-10-04,0.0068015462870250065,0.006778520121134976,0.01998443959349166,0.014757751900663165,3245.52763671875,3245.03717729881,3268.5866455078126,3251.763429544199,3245.0373657226564,3236.009122622772,3174.2494189453123,3178.521915828111,0.9990116206487636,0.9919638595705693,0.9991625546341587,1.0214445672942913,47.00184613831276,54.09582021160389,55.85722815131625,26.773215968502427,36.01545198920335,-9.242236020700922,3355.3940772162614,3134.6806542290515,3245.0373657226564,0.06801567997909878,0.4876874660946022,-0.08213441689235113,1788435.6,0.9998335975866282,-0.00417999345170339,-0.13176048927908168,-0.0023044728661425484,0.27796506684026734,-0.014640652430025214,0.1392604406884801,0.0023900749818537292,0.39335861631381897,1
2023-10-05,0.014585699890862891,0.01448035171923504,0.020282236852755545,0.009946566588702811,3245.5369140625,3259.895227574207,3267.0561279296876,3258.644865649799,3252.3693237304688,3241.114094575365,3177.816416015625,3182.8783633691655,1.013580007015644,1.0069038300268216,1.01145073043298,1.0351797893503063,62.777904892633664,61.2790974588115,60.415831081133554,27.92815347671194,34.39799228670507,-6.469838809993128,3353.7472308163296,3150.991416644608,3252.3693237304688,0.06234095638903665,0.683679094711383,0.6725599478340039,1922572.8,1.5556071530815374,0.0068015462870250065,-0.08213441689235113,-0.00417999345170339,-0.13176048927908168,-0.0023044728661425484,0.27796506684026734,0.0010039713105205461,-0.10713867752143313,1
2023-10-06,0.008929032625791145,0.008889404532969939,0.016540537902202754,0.008465581270885538,3261.053076171875,3279.591610049472,3270.3646240234375,3269.6156855316535,3261.1447265625,3248.5303117586636,3181.8902294921877,3188.2158540213554,1.0177645985744366,1.0148667676440148,1.0177359955743108,1.0430857558306441,69.38217431924812,64.94798150142357,62.91354481419949,30.8578985289937,33.6899735351628,-2.8320750061690987,3353.261092931512,3169.0283601934884,3261.1447265625,0.056493270978568044,0.8139488166836619,-0.3059672298219053,1929734.6,1.0756354785782458,0.014585699890862891,0.6725599478340039,0.0068015462870250065,-0.08213441689235113,-0.00417999345170339,-0.13176048927908168,-0.014640652430025214,0.1392604406884801,1
2023-10-09,0.004680622248899535,0.004669702198410635,0.013192793082479939,-0.0018380957962508943,3281.170166015625,3297.9008357361063,3273.544873046875,3281.4163403639664,3269.5352294921877,3256.719737982541,3186.47361328125,3193.953243554219,1.016259175353448,1.0186264176686686,1.0198756254500676,1.0464606620971437,72.40341862761198,66.74279272577601,64.16907805295767,34.04087811396175,33.76015445092259,0.2807236630391614,3356.1203053666964,3182.950153617679,3269.5352294921877,0.05296476091983065,0.8752613077995762,1.0393565323547675,2154133.7,1.9650934387220254,0.008929032625791145,-0.3059672298219053,0.014585699890862891,0.6725599478340039,0.0068015462870250065,-0.08213441689235113,-0.0023044728661425484,0.27796506684026734,0
2023-10-10,-0.002597488935394132,-0.0026008682628911673,0.012855108600163156,-0.0030631849383403655,3302.258544921875,3307.219860542821,3278.2876708984377,3289.4966257807446,3278.1044189453123,3263.3043258086086,3190.7261279296877,3199.1259755778283,1.0071464317264514,1.0145106970569107,1.014567410035798,1.0423514199616508,68.0364688857222,64.75201908148861,62.92203037834126,35.45579924992444,34.09928341072296,1.356515839201478,3350.1452994987985,3206.063538391826,3278.1044189453123,0.04395276742079157,0.8314332837414686,-0.5634028604271979,2215070.7,0.834351698119613,0.004680622248899535,1.0393565323547675,0.008929032625791145,-0.3059672298219053,0.014585699890862891,0.6725599478340039,-0.00417999345170339,-0.13176048927908168,0
2023-10-11,-0.005235594023334844,-0.005249347772759315,0.012465719609228917,-0.010986328124999929,3315.48359375,3307.628263148339,3280.505615234375,3292.941797158677,3284.0272583007813,3267.603444146777,3195.39107421875,3203.4129988241634,0.9978770742814431,1.0085168130776097,1.00743532502566,1.0353803310814673,59.60452246796133,60.82411644459228,60.44248762579923,34.77124239829345,34.23367520823706,0.537567190056393,3344.6967615433846,3223.357755058178,3284.0272583007813,0.03694823365990866,0.7012362781425168,0.31289106716561665,2285106.2,1.0618399267395098,-0.002597488935394132,-0.5634028604271979,0.004680622248899535,1.0393565323547675,0.008929032625791145,-0.3059672298219053,0.0068015462870250065,-0.08213441689235113,0
2023-10-12,-0.018656977722803503,-0.018833214605794266,0.014269326894681888,-0.009076909418706276,3306.905224609375,3287.325336239518,3276.2210693359375,3284.5377399338036,3282.274462890625,3265.614495411072,3197.6108203125,3205.1112922985835,0.9817999797092433,0.9909952392437174,0.9891675784975528,1.0153579234212673,39.406886139064795,49.3873474171198,52.71112530162843,28.91467684261943,33.16987553511353,-4.255198692494105,3345.0905380888184,3219.458387692431,3282.274462890625,0.03827594304400305,0.2169913882985461,0.7479604701088065,2555120.9,1.659914018158593,-0.005235594023334844,0.31289106716561665,-0.002597488935394132,-0.5634028604271979,0.004680622248899535,1.0393565323547675,0.014585699890862891,0.6725599478340039,1
2023-10-13,0.007988381902616082,0.007956643692491466,0.014562358703920593,0.011572265625000024,3297.639453125,3282.4353966857207,3279.3462646484377,3282.3773358691346,3282.4119262695312,3266.2850689507914,3199.788388671875,3207.760085446801,0.9924236909759195,0.9979597314432942,0.9970276708376166,1.0227724836943028,48.0384346497321,53.35602774235185,55.23726836180576,26.065659034055898,31.749032234902007,-5.683373200846109,3345.1310940123067,3219.692758526756,3282.4119262695312,0.03821529360213841,0.42222147516833014,-0.3185179194681984,2668581.3,1.083106218274107,-0.018656977722803503,0.7479604701088065,-0.005235594023334844,0.31289106716561665,-0.002597488935394132,-0.5634028604271979,0.008929032625791145,-0.3059672298219053,0
2023-10-16,-0.01310612909691955,-0.01319277227732569,0.01576305782205695,-0.011763867406582933,3276.688330078125,3264.8781550821473,3278.929248046875,3272.8112151429277,3280.76220703125,3262.806840657859,3201.3170849609373,3208.6229711890837,0.9856792427365204,0.9850056001662247,0.9844552783962973,1.0088859010710618,37.68186795733867,46.81788177865379,50.54841201982051,20.114906289956707,29.42220704591295,-9.307300755956241,3347.0941037926577,3214.4303102698423,3280.76220703125,0.040436881782682586,0.11558060566480566,-0.42183474221350514,2611312.6,0.6399478944037569,0.007988381902616082,-0.3185179194681984,-0.018656977722803503,0.7479604701088065,-0.005235594023334844,0.31289106716561665,0.004680622248899535,1.0393565323547675,0
2023-10-17,-0.004823830957058961,-0.004835503181295952,0.008782254104925622,-0.006501402598264809,3254.353515625,3247.9800493516404,3278.3060302734375,3262.151692006145,3276.580712890625,3258.176078489551,3203.2802197265623,3208.8410443930657,0.9876566336319917,0.9804404494910854,0.9809567105261531,1.0034038914538028,34.52740269557181,44.67636384613865,48.963219233536606,13.980570160756088,26.33387966888158,-12.353309508125491,3348.402478245972,3204.758947535278,3276.580712890625,0.04383946049171807,0.06561305134116578,0.0005750689364636408,2583704.3,0.6471580358479878,-0.01310612909691955,-0.42183474221350514,0.007988381902616082,-0.3185179194681984,-0.018656977722803503,0.7479604701088065,-0.002597488935394132,-0.5634028604271979,0
2023-10-18,-0.005645903772622862,-0.005661902132545293,0.011097555716359666,-0.006764454571347179,3231.871875,3230.6656546458853,3273.677734375,3250.1308144112777,3271.132189941406,3252.258058179534,3204.081220703125,3208.338919720176,0.9889119955395432,0.9762832888755777,0.9770430174182669,0.997489340964027,31.00081574279851,42.25207671029453,47.15467159277438,7.567521868596032,22.58060810882447,-15.01308624022844,3349.716337211582,3192.54804267123,3271.132189941406,0.04804706303940809,0.022198004841549598,-0.1577809475110118,2545715.0,0.5531825047187136,-0.004823830957058961,0.0005750689364636408,-0.01310612909691955,-0.42183474221350514,0.007988381902616082,-0.3185179194681984,-0.005235594023334844,0.31289106716561665,0
2023-10-19,-0.0064973809803354765,-0.006518580839070285,0.0072201166256968905,-0.003991957819930732,3217.582177734375,3212.20076846184,3262.243701171875,3236.5199383535455,3264.6499145507814,3244.925957028507,3203.7245556640623,3207.0421384014926,0.9868500074579547,0.9733396051782146,0.972622204280262,0.9911185999058478,27.280832201048824,39.60374086132937,45.15084074444524,0.8002776983503281,18.224542026729644,-17.424264328379316,3351.925262435427,3177.3745666661357,3264.6499145507814,0.053466895482822324,-0.012051344528388788,0.07548402444176983,2398092.7,0.6315623245089733,-0.005645903772622862,-0.1577809475110118,-0.004823830957058961,0.0005750689364636408,-0.01310612909691955,-0.42183474221350514,-0.018656977722803503,0.7479604701088065,1
2023-10-20,0.011256805559933802,0.011193919217050138,0.01586755101432017,0.012795660715844847,3205.253955078125,3211.8053137401853,3251.4467041015623,3231.88256852506,3260.9056640625,3241.6962853397804,3204.329287109375,3207.197913534645,1.0017971896453397,0.9875648277569232,0.9847001830456299,1.0020862765928562,41.40128509030259,45.89052892420681,49.062902275191014,-1.6594881931691816,14.247735982749878,-15.90722417591906,3350.6049062424077,3171.206421882592,3260.9056640625,0.05501492617125187,0.22189698288889032,-0.022009250302896244,2338644.7,0.6333629901113238,-0.0064973809803354765,0.07548402444176983,-0.005645903772622862,-0.1577809475110118,-0.004823830957058961,0.0005750689364636408,0.007988381902616082,-0.3185179194681984,0
2023-10-23,-0.02415186984192519,-0.024448309022891686,0.02277023138788777,-0.018096774447523736,3185.993701171875,3185.6910099413735,3231.341015625,3213.98799285573,3252.4429443359377,3231.3882964830154,3203.5314501953126,3204.306324860492,0.9835118007895612,0.9697095995724492,0.9634181001700922,0.9781275604935015,27.7577307111671,36.912616804685605,42.20507245675343,-9.754228142122884,9.447343157775325,-19.20157129989821,3355.6815338897404,3149.204354782135,3252.4429443359377,0.06348372058829847,-0.07624064076437731,-0.2531300402170926,2025964.5,0.5460470802918808,0.011256805559933802,-0.022009250302896244,-0.0064973809803354765,0.07548402444176983,-0.005645903772622862,-0.1577809475110118,-0.01310612909691955,-0.42183474221350514,0
2023-10-25,-0.005879391292111902,-0.005896742958010774,0.014099893056600794,-0.00011794789669663979,3166.16484375,3162.1405235546663,3210.2591796875,3195.997367024006,3244.2734252929686,3220.307463559038,3202.739091796875,3200.8056670534634,0.9838526117584588,0.9703389590757221,0.9601655416882601,0.9726173320704616,25.434719596260678,35.153211809857154,40.783177016007905,-17.454730755067885,4.0669283752066825,-21.521659130274568,3362.730658156645,3125.816192429292,3244.2734252929686,0.07302543117368679,-0.045487478423728765,0.3726615154320094,1993003.4,0.7619339736199146,-0.02415186984192519,-0.2531300402170926,0.011256805559933802,-0.022009250302896244,-0.0064973809803354765,0.07548402444176983,-0.004823830957058961,0.0005750689364636408,0
2023-10-26,-0.01573711271284839,-0.015862255734076347,0.013096561376151854,-0.009293225568015333,3140.16103515625,3130.0996231249865,3186.016455078125,3172.364722522482,3233.26103515625,3205.6132120072843,3200.8434814453126,3195.5198692186464,0.9763887227245542,0.9623358402241656,0.948274138378517,0.9578780843358176,20.18942545800759,30.928763546816654,37.27455528555384,-27.199539000016557,-2.1863650998379653,-25.013173900178593,3373.0800900325717,3093.441980279928,3233.26103515625,0.08648794721862905,-0.09807017376337314,0.3068308510098865,1948808.8,1.0182994863323687,-0.005879391292111902,0.3726615154320094,-0.02415186984192519,-0.2531300402170926,0.011256805559933802,-0.022009250302896244,-0.005645903772622862,-0.1577809475110118,1
2023-10-27,0.004255634611040282,0.004246605006802052,0.007460570991595055,0.0002835675139925184,3120.919970703125,3113.0883066926995,3169.25107421875,3155.4012591235078,3222.7360717773436,3193.561065514031,3199.1895849609373,3190.953038026861,0.9865891156236313,0.9715436239418624,0.9554197443571654,0.9624517685049043,24.992764357477185,33.22877192968467,38.74727663639155,-33.48353976244107,-8.445800032358587,-25.03773973008248,3375.1417298390425,3070.3304137156447,3222.7360717773436,0.09458153237950195,0.028657925905034295,-0.4412359767414087,1635565.8,0.6779617182017379,-0.01573711271284839,0.3068308510098865,-0.005879391292111902,0.3726615154320094,-0.02415186984192519,-0.2531300402170926,-0.0064973809803354765,0.07548402444176983,1
2023-10-30,0.008236537485807993,0.00820280232495222,0.014532890425370804,0.008522402635261224,3099.602392578125,3110.201042352425,3152.428173828125,3146.1331235868474,3215.8872192382814,3185.072060576683,3197.8861865234376,3187.5598409933323,1.001556367715195,0.984773115354454,0.9653406049504413,0.9707745468724243,34.000120751646406,37.57956367631866,41.548122581510185,-36.00223644332982,-13.957087314552835,-22.045149128776984,3376.4163216966044,3055.3581167799584,3215.8872192382814,0.0998350324588473,0.15283333719708497,-0.1784540934715304,1437627.3,0.6336635371351115,0.004255634611040282,-0.4412359767414087,-0.01573711271284839,0.3068308510098865,-0.005879391292111902,0.3726615154320094,0.011256805559933802,-0.022009250302896244,0
2023-10-31,-0.0029008163195650694,-0.002905031841501966,0.01453059775046394,-0.008899676375404592,3091.994140625,3105.274409094325,3138.9939208984374,3136.912763403443,3208.9615844726563,3176.533877910154,3196.8178466796876,3183.9465587025397,1.0011083468458424,0.9861188713905374,0.9646176998677939,0.9682819888512333,32.38882892352811,36.66594600225501,40.85165523600937,-38.283669583204755,-18.82240376828322,-19.461265814921536,3377.529120210322,3040.3940487349905,3208.9615844726563,0.10506048844792719,0.16321972556083011,0.09752110932059388,1370498.0,0.7295238665069194,0.008236537485807993,-0.1784540934715304,0.004255634611040282,-0.4412359767414087,-0.01573711271284839,0.3068308510098865,-0.02415186984192519,-0.2531300402170926,0
2023-11-01,-0.011309705261007608,-0.011374146311114344,0.018194676544540444,-0.007257853250745114,3081.068798828125,3090.3205533285086,3123.6168212890625,3123.003686747703,3200.96142578125,3165.474731613651,3196.307685546875,3179.1020992160434,0.9932958468700516,0.9797657705447673,0.9560917595406287,0.9574838040891709,26.658868038392356,33.27879574805749,38.235436091559045,-42.42752102767099,-23.543427220160773,-18.88409380751022,3381.3668274182996,3020.5560241442004,3200.96142578125,0.11271950994724567,0.1104645905582721,0.5637705526344479,1359639.0,1.1499192064952535,-0.0029008163195650694,0.09752110932059388,0.008236537485807993,-0.1784540934715304,0.004255634611040282,-0.4412359767414087,-0.005879391292111902,0.3726615154320094,1
2023-11-02,0.008842123031712168,0.008803260379418094,0.009746733444888675,0.00505508097966179,3085.359912109375,3089.3714984429644,3112.7604736328126,3116.5436325520977,3193.219104003906,3158.0460322858626,3195.705439453125,3175.508816449605,1.0006850016279154,0.9918763151951021,0.9668842907774668,0.9661320316181045,36.74978725564254,38.0432220450068,41.28720773209465,-43.031947667607255,-27.44113130965007,-15.590816357957184,3379.0688773234733,3007.369330684339,3193.219104003906,0.11640276928478498,0.21550754826533436,-0.20345128639728804,1343352.9,0.9270713600275847,-0.011309705261007608,0.5637705526344479,-0.0029008163195650694,0.09752110932059388,0.008236537485807993,-0.1784540934715304,-0.01573711271284839,0.3068308510098865,0
2023-11-03,-0.002737956923496432,-0.0027417119832479357,0.01301138642939759,-0.009195771039695525,3085.35078125,3085.921005472393,3103.1353759765625,3109.721157457398,3182.6895385742187,3150.5197453568517,3195.2915625,3171.72494206065,0.9979481225417794,0.9922287127297102,0.9674270714166452,0.9636116014158723,34.994981909980865,37.15075471739755,40.62874884142021,-43.689451574301074,-30.690795362580275,-12.9986562117208,3369.3621001762367,2996.0169769722006,3182.6895385742187,0.11730491418628512,0.22232255733440387,0.12623736935756358,1332158.2,1.0528764526615533,0.008842123031712168,-0.20345128639728804,-0.011309705261007608,0.5637705526344479,-0.0029008163195650694,0.09752110932059388,0.004255634611040282,-0.4412359767414087,1
2023-11-06,0.008758795229749872,0.008720659503045104,0.009851356801456936,0.001555555555555574,3085.66318359375,3092.6101787784705,3092.6327880859376,3109.0424970816207,3172.03974609375,3146.2786767886396,3195.121943359375,3169.147043367708,1.0065870254099485,1.0043185655135454,0.979177051364358,0.9721032813304663,44.8045759521,41.83848363899874,43.63969400954842,-41.55537067396199,-32.86371042485662,-8.691660249105368,3350.5175473267423,2993.561944860758,3172.03974609375,0.11253188201867956,0.31495956290693183,-0.21584659325052513,1294022.3,0.8499482582332623,-0.002737956923496432,0.12623736935756358,0.008842123031712168,-0.20345128639728804,-0.011309705261007608,0.5637705526344479,0.008236537485807993,-0.1784540934715304,0
2023-11-07,-0.0028992788864190544,-0.0029034899367587964,0.011318934532905847,-0.002235064780380411,3085.975634765625,3094.067918664814,3088.9848876953124,3106.8499336917803,3160.162951660156,3141.5838883742454,3194.9646875,3166.3170965077,1.0035670287049143,1.0025893654494875,0.9800075014519535,0.9693325909216329,42.31687872549107,40.74563221880957,42.877305427417866,-40.12816219646493,-34.31660077917828,-5.811561417286647,3324.895654436084,2995.430248884228,3160.162951660156,0.10425582813024717,0.3082361542122152,0.08300389506951844,1302509.5,0.9144992800436388,0.008758795229749872,-0.21584659325052513,-0.002737956923496432,0.12623736935756358,0.008842123031712168,-0.20345128639728804,-0.0029008163195650694,0.09752110932059388,1
2023-11-08,0.0032933540734414457,0.0032879428603537993,0.009581375959518317,0.002995772680160719,3095.329638671875,3098.439566219251,3088.19921875,3106.9104659892973,3149.22919921875,3138.307600084139,3195.1296533203126,3163.998106892815,1.0038293894479478,1.0061471560716893,0.9866486891773213,0.9724747345070035,46.259720281783984,42.575233961408834,44.03995674906011,-37.739045555339544,-35.001089734410535,-2.7379558209290096,3296.6371017687034,3001.821296668797,3149.22919921875,0.0936152265999068,0.35738099123832034,-0.1664324380595461,1249945.7,0.7943537067250201,-0.0028992788864190544,0.08300389506951844,0.008758795229749872,-0.21584659325052513,-0.002737956923496432,0.12623736935756358,-0.011309705261007608,0.5637705526344479,0
2023-11-09,-0.010084056591090684,-0.010135245105756323,0.014772424350829635,-0.012580792677437823,3093.004931640625,3090.9096619847096,3089.182421875,3101.263081903175,3137.5994384765627,3132.35924326809,3194.7733447265623,3160.5413126427293,0.9944535884991621,0.9956841110240157,0.9803194811282476,0.9627756092909571,37.15697319228959,38.62919538236382,41.326730933910554,-37.93665512861298,-35.58820281325102,-2.3484523153619605,3268.7293415209015,3006.469535432224,3137.5994384765627,0.08358613367677546,0.26454804157043277,1.127459086976621,1262733.8,1.6728403088600305,0.0032933540734414457,-0.1664324380595461,-0.0028992788864190544,0.08300389506951844,0.008758795229749872,-0.21584659325052513,0.008842123031712168,-0.20345128639728804,0
2023-11-10,-0.004182263206759518,-0.004191033330710648,0.007529692625743834,-0.0013631062996179153,3089.798095703125,3081.6017212710567,3087.5744384765626,3094.3035833469157,3128.4127563476563,3125.7522524657716,3194.1487646484375,3156.7156078270827,0.9913223275343908,0.9920362734169593,0.9790862262752404,0.9589365009368548,33.9565040697953,37.10851834714251,40.257552644786756,-38.68534001450553,-36.207630253501925,-2.4777097610036023,3253.2705633936325,3003.55494930168,3128.4127563476563,0.07982182452915487,0.23799429105857076,-0.3663191551408098,1285704.4,1.0411078938518061,-0.010084056591090684,1.127459086976621,0.0032933540734414457,-0.1664324380595461,-0.0028992788864190544,0.08300389506951844,-0.002737956923496432,0.12623736935756358,0
2023-11-13,-0.0005699829188450245,-0.0005701454208607614,0.008704656863912684,-0.007285444330117714,3080.848388671875,3074.8144775921633,3083.2557861328123,3088.2920209628173,3117.8419799804688,3119.6082274913524,3193.21798828125,3152.9714659607025,0.993635390008285,0.9928595622856025,0.981845779834407,0.9586692801646428,33.499636289850415,36.89623379920535,40.10967997576953,-38.970327970701874,-36.760169796941916,-2.2101581737599574,3226.85458473925,3008.8293752216873,3117.8419799804688,0.06992824232834553,0.24038786674559204,-0.22977504880255384,1297706.2,0.7944710443704438,-0.004182263206759518,-0.3663191551408098,-0.010084056591090684,1.127459086976621,0.0032933540734414457,-0.1664324380595461,0.008758795229749872,-0.21584659325052513,1
2023-11-15,0.02183671071938953,0.021601704769075265,0.01672882835092026,0.0062664274067923765,3087.069189453125,3092.572119176026,3086.522412109375,3095.5275448502593,3112.758166503906,3120.4157679534856,3194.2501171875,3151.9956203286656,1.013287105138674,1.0134666089160094,1.00492464721635,0.9792869335786374,58.4638666956052,48.94057703827584,47.81596807859719,-33.416945739957555,-36.09152498554504,2.6745792455874877,3209.1742858564817,3016.3420471513305,3112.758166503906,0.06194899455415475,0.5794951920009754,0.9978874673857165,1403705.3,1.4674034499976598,-0.0005699829188450245,-0.22977504880255384,-0.004182263206759518,-0.3663191551408098,-0.010084056591090684,1.127459086976621,-0.0028992788864190544,0.08300389506951844,1
2023-11-16,0.02747988198534479,0.02710908762026344,0.03292026338165024,0.019766489661364777,3108.4419921875,3133.063704450684,3101.8858154296877,3117.0765139683936,3112.751318359375,3129.3330162436296,3196.590849609375,3154.4290028647965,1.0339735736030842,1.0361589904478077,1.032542129544102,1.0054608256770672,73.4285019230246,59.614948495268585,55.54018863287956,-21.828019441411925,-33.23882387671842,11.410804435306495,3209.1386360621404,3016.3640006566097,3112.751318359375,0.06193062525378212,1.0254610204684569,0.9186232463120241,1642556.2,2.4059962149240315,0.02183671071938953,0.9978874673857165,-0.0005699829188450245,-0.22977504880255384,-0.004182263206759518,-0.3663191551408098,0.0032933540734414457,-0.1664324380595461,1
2023-11-17,0.0013150282694616156,0.0013141643770658842,0.00912217208448189,0.001315051642352405,3136.926708984375,3161.466948800456,3114.9658203125,3135.475954610504,3113.863146972656,3137.8035325537603,3198.295751953125,3156.9327061838244,1.0259319824982338,1.0331649280110355,1.033530789761539,1.0062463534007682,73.96653914248063,60.05711322272237,55.8773682362878,-12.16246229079752,-29.023551559534244,16.861089268736723,3214.487485104167,3013.2388088411453,3113.863146972656,0.06462990400161883,1.0188123095571826,-0.48853740298543724,1720147.0,1.175069340004081,0.02747988198534479,0.9186232463120241,0.02183671071938953,0.9978874673857165,-0.0005699829188450245,-0.22977504880255384,-0.010084056591090684,1.127459086976621,1
2023-11-20,0.004896659456861352,0.004884709812958002,0.012117826218993183,0.008120328723594701,3171.135986328125,3185.655374721138,3130.467041015625,3153.395276783594,3116.8012084960938,3146.968170078402,3200.116953125,3159.95621678691,1.0198339776362613,1.0330829822483214,1.0376126067157718,1.0105981356101317,76.07395182250647,61.739160428076964,57.14962040327031,-3.1940173924153896,-23.857644726110472,20.663627333695082,3227.3664170994366,3006.235999892751,3116.8012084960938,0.0709478732887763,1.030144244954022,-0.2699614899776974,1727449.3,0.8542195710172217,0.0013150282694616156,-0.48853740298543724,0.02747988198534479,0.9186232463120241,0.02183671071938953,0.9978874673857165,-0.004182263206759518,-0.3663191551408098,0
2023-11-21,-0.002670799351018216,-0.0026743722987738806,0.010839852246998667,-0.002670799586190128,3203.966943359375,3198.901841610967,3142.407666015625,3166.486094712145,3117.520227050781,3154.437370584328,3201.755322265625,3162.5224347713693,1.0066879067137886,1.0264087662057617,1.0346026779245294,1.0073832790908808,72.32987337542689,60.241740233413715,56.21673252047456,3.179913615597343,-18.45013305776891,21.63004667336625,3230.6833160168785,3004.357138084684,3117.520227050781,0.07259814257766742,0.9766331023897823,0.22472911404757734,1798187.7,1.0050318996175984,0.004896659456861352,-0.2699614899776974,0.0013150282694616156,-0.48853740298543724,0.02747988198534479,0.9186232463120241,-0.0005699829188450245,-0.22977504880255384,1
2023-11-22,0.0056835036469387035,0.005667413476991681,0.014602723995736054,0.008614257812499986,3227.0947265625,3213.8433338604364,3157.0819580078123,3180.529771738914,3123.0334228515626,3162.941079896237,3203.2956640625,3165.7069007944287,1.0051537352343516,1.027444444428119,1.0386460467008423,1.012621580564811,75.33553981843139,62.329964303873034,57.753504746198594,9.599841182166983,-12.840138209781731,22.439979391948714,3248.8073004997527,2997.2595452033725,3123.0334228515626,0.08054596965110236,0.9798011231132189,-0.0050823467438674275,1858878.4,0.9672773646732352,-0.002670799351018216,0.22472911404757734,0.004896659456861352,-0.2699614899776974,0.0013150282694616156,-0.48853740298543724,0.02183671071938953,0.9978874673857165,0
2023-11-23,-0.006203682092753682,-0.006223004884932037,0.012541865602508319,-0.006161473087818717,3229.006005859375,3217.0966464017497,3168.7239990234375,3188.3613171471798,3128.4616088867188,3168.71843147606,3204.6782470703124,3167.9773467038385,0.9983268119151231,1.0173190446620946,1.0304116446011025,1.005905436663217,66.13520100130373,58.686082736384655,55.50786605631027,12.915041762161309,-7.689102215393124,20.604143977554433,3261.545364382281,2995.3778533911563,3128.4616088867188,0.08507935984736027,0.857450322330394,0.5182016527896038,2032568.9,1.343031471159477,0.0056835036469387035,-0.0050823467438674275,-0.002670799351018216,0.22472911404757734,0.004896659456861352,-0.2699614899776974,0.02747988198534479,0.9186232463120241,0
2023-11-24,-0.014579957904794494,-0.014687290033843524,0.014911355578935595,-0.010631724216570037,3220.67197265625,3203.598854762625,3178.7993408203124,3186.223490663033,3133.9908813476563,3169.469368619709,3204.410546875,3168.3156182638595,0.9863169234414365,0.9993091513176888,1.0135968456035822,0.9913221870344475,49.62206212084481,51.16275321124418,50.67556934698936,11.615953421562608,-3.828091088001978,15.444044509564586,3265.4164237624796,3002.565338932833,3133.9908813476563,0.08387104327394121,0.6621160900451893,-0.27110774253389625,2020307.0,0.9848666564041999,-0.006203682092753682,0.5182016527896038,0.0056835036469387035,-0.0050823467438674275,-0.002670799351018216,0.22472911404757734,0.0013150282694616156,-0.48853740298543724,1
2023-11-28,0.0037748531726142787,0.0037677462937116737,0.013904298476389056,0.0037747835812873176,3211.584423828125,3198.597397315709,3191.360205078125,3186.6545800737313,3139.467321777344,3171.290808029439,3202.5469287109377,3169.110867838684,0.9928415578193499,0.9991333718294008,1.0156482471735744,0.9956433280761701,53.10716363217303,52.82441312402288,51.799665842790304,11.422337464010525,-0.7780053775994773,12.200342841610002,3270.4087688663094,3008.5258746883783,3139.467321777344,0.08341634657616745,0.687592094545712,-0.1510443863573655,2055370.8,0.8218444088044843,-0.014579957904794494,-0.27110774253389625,-0.006203682092753682,0.5182016527896038,0.0056835036469387035,-0.0050823467438674275,0.004896659456861352,-0.2699614899776974,1
2023-11-29,0.012564160146297798,0.012485886036613578,0.012009946971718179,0.009408216029876529,3212.236767578125,3208.617096257348,3208.10185546875,3194.291291722257,3145.678820800781,3176.754206706695,3201.72193359375,3171.4459904387604,1.0051116177761952,1.006407102890713,1.0263783043555352,1.0084125233563437,63.06616787312797,57.96968163901599,55.367858143461454,14.336304956722415,2.2448566892649016,12.091448267457514,3281.0918989435954,3010.2657426579667,3145.678820800781,0.08609466246038613,0.8063872207835455,-0.14655560784870902,2096435.2,0.687659699665413,0.0037748531726142787,-0.1510443863573655,-0.014579957904794494,-0.27110774253389625,-0.006203682092753682,0.5182016527896038,-0.002670799351018216,0.22472911404757734,0
2023-11-30,-0.007442052777945185,-0.007469883014753108,0.010221900833099365,-0.0033862045981417318,3204.417236328125,3207.2876182080236,3215.7559814453125,3196.1708136108236,3151.139196777344,3179.4089167450456,3200.559345703125,3172.7472716807456,1.0000659794794675,0.9965397500929357,1.0169746437690643,1.0012714391350728,54.90667474422744,54.15469218953744,52.901602113095464,14.539201092887197,4.703725569989361,9.835475522897836,3286.8126607372697,3015.465732817418,3151.139196777344,0.08611073994997014,0.6971257450455841,1.265647869015298,2217078.5,1.4732157657024774,0.012564160146297798,-0.14655560784870902,0.0037748531726142787,-0.1510443863573655,-0.014579957904794494,-0.27110774253389625,0.0056835036469387035,-0.0050823467438674275,1
2023-12-01,0.006895772022874391,0.006872104926618293,0.0076601891110490905,0.0033285435267857346,3205.0419921875,3213.767429065766,3217.0239990234377,3201.7264930963556,3159.4549072265627,3183.9154057008745,3199.1376123046875,3174.8641257631184,1.0067659202739336,1.0030161577161867,1.02129232590116,1.0086240236651423,60.403549094299095,56.960090185542256,54.84397008488758,16.295310824757507,7.02204262094299,9.273268203814517,3292.222128703698,3026.687685749427,3159.4549072265627,0.0840443844749672,0.7533462055100422,-0.6411339049394793,1939094.2,0.6044786271858273,-0.007442052777945185,1.265647869015298,0.012564160146297798,-0.14655560784870902,0.0037748531726142787,-0.1510443863573655,-0.006203682092753682,0.5182016527896038,1
2023-12-04,0.00022796960869286842,0.00022794362757015387,0.014178151865625882,-0.00908409915195974,3215.2138671875,3218.3325015386363,3217.942919921875,3206.405793712359,3166.4543701171874,3188.06276196597,3197.58671875,3176.9268128502267,1.0038096312727058,1.0029583267321383,1.019267063167858,1.0093432736504655,60.59011576963152,57.05429705333289,54.9089656085436,17.544158724052522,9.126465841564897,8.417692882487625,3298.0594911909266,3034.8492490434483,3166.4543701171874,0.08312459659342483,0.7317853434176178,0.38653370200342785,1899486.3,0.8556065921612596,0.006895772022874391,-0.6411339049394793,-0.007442052777945185,1.265647869015298,0.012564160146297798,-0.14655560784870902,-0.014579957904794494,-0.27110774253389625,1
2023-12-05,0.00545194451275588,0.005437136460674391,0.009967139596364619,-0.0018089039976681342,3226.506689453125,3227.2411989424245,3219.045556640625,3213.4335755373845,3174.756298828125,3193.490936421592,3196.389560546875,3179.598647395316,1.005749842192337,1.0080809782439122,1.0221441547963304,1.0152262520826147,65.16997244276581,59.346571139364976,56.482213853050354,19.726332686580918,11.246439210568102,8.479893476012816,3304.1819202237893,3045.330677432461,3174.756298828125,0.08153420874757418,0.7715934223987816,-0.1523228032264079,1889689.8,0.7290381733552247,0.00022796960869286842,0.38653370200342785,0.006895772022874391,-0.6411339049394793,-0.007442052777945185,1.265647869015298,0.0037748531726142787,-0.1510443863573655,1
2023-12-06,0.020529034529663592,0.020321154141487746,0.02433345160683292,0.020240049262139116,3243.110693359375,3255.3863038522413,3227.67373046875,3231.2959279254737,3185.0406982421873,3204.746705683524,3196.9051025390627,3184.7781715630244,1.021141991993334,1.0260257975922882,1.0397595595872848,1.0359007876216464,76.98406836635921,66.61253693853843,61.782904409585406,26.525461651713613,14.302243698797206,12.223217952916407,3323.3575218837204,3046.723874600654,3185.0406982421873,0.08685403845412065,0.9577744488909088,0.37666587304813404,1898623.4,0.9989195329626719,0.00545194451275588,-0.1523228032264079,0.00022796960869286842,0.38653370200342785,0.006895772022874391,-0.6411339049394793,0.012564160146297798,-0.14655560784870902,1
2023-12-07,0.002996322714955646,0.0029918426868918383,0.010747212566262555,0.0027461587638695495,3266.504833984375,3277.4573243129526,3235.46103515625,3247.7147347089103,3196.2714965820314,3215.8755304026527,3197.28275390625,3190.143708569744,1.0168665084088664,1.0266232011889969,1.039210645524438,1.0388819572420496,78.26520218462665,67.54307397545176,62.49733899110402,32.341696587766364,17.910134276591037,14.431562311175327,3340.5138505327336,3052.0291426313293,3196.2714965820314,0.09025663439726528,0.9344350505232915,0.03747867204619704,1915583.6,1.0271820034374903,0.020529034529663592,0.37666587304813404,0.00545194451275588,-0.1523228032264079,0.00022796960869286842,0.38653370200342785,-0.007442052777945185,1.265647869015298,1
2023-12-08,0.0032644700719302033,0.0032591532574171985,0.011842708729735665,-0.001734117486409333,3287.64794921875,3295.7857585263437,3246.344970703125,3263.1198060260404,3207.5344848632812,3226.977158645555,3198.3630078125,3195.7240583102684,1.013625144305679,1.026521413166806,1.0389421041860343,1.041921326257562,79.70538303132659,68.57381608660194,63.28486101929355,37.39499900710689,21.80710722269421,15.58789178441268,3357.26622971444,3057.8027400121223,3207.5344848632812,0.09336251601207098,0.91710641325261,-0.16593271272932775,1806718.7,0.9083622148815973,0.002996322714955646,0.03747867204619704,0.020529034529663592,0.37666587304813404,0.00545194451275588,-0.1523228032264079,0.006895772022874391,-0.6411339049394793,1
2023-12-11,0.004466696484204613,0.004456750401886077,0.010431250108066803,0.005520439575783351,3311.620947265625,3312.9663845904793,3263.4174072265623,3278.430320697442,3221.1083740234376,3238.43910893824,3199.584248046875,3201.669296679229,1.0107822392785042,1.025712380312238,1.0391850406876109,1.04617580823573,81.65242807350447,69.9830499279411,64.36349527876834,42.11539343083223,25.868764464321814,16.246628966510414,3369.8458951233497,3072.3708529235255,3221.1083740234376,0.0923517645661368,0.9243020246738097,-0.32821518991198273,1717995.7,0.6417379275163494,0.0032644700719302033,-0.16593271272932775,0.002996322714955646,0.03747867204619704,0.020529034529663592,0.37666587304813404,0.00022796960869286842,0.38653370200342785,1
2023-12-12,0.008015737250754107,0.007983781879243973,0.0183545928899837,0.009109811052416187,3337.441015625,3333.3639015759445,3281.9738525390626,3295.8355233973384,3236.667028808594,3251.3648067104914,3201.2761279296874,3208.433596242666,1.0110018183841967,1.0280883051327463,1.0424794720972246,1.0540043409904143,84.73274534439615,72.3867801419635,66.24067010918861,47.474149157295415,30.189841402916535,17.28430775437888,3381.0239162144194,3092.3101414027683,3236.667028808594,0.08920095031150783,0.9762221921277469,1.028897880549985,1772762.8,1.2617965584566644,0.004466696484204613,-0.32821518991198273,0.0032644700719302033,-0.16593271272932775,0.002996322714955646,0.03747867204619704,0.00545194451275588,-0.1523228032264079,0
2023-12-13,-0.02139103675648335,-0.021623140917560832,0.024210042664738037,-0.013722879974183864,3335.5021484375,3322.9033269620886,3289.3064208984374,3296.953096913163,3248.704138183594,3256.185508712766,3202.4877001953123,3212.1021680658705,0.9899505474104319,1.003853626027482,1.0163997819698565,1.031067871871294,55.49370845277408,58.75622862782232,57.66158167183475,45.37389847182067,33.22665281669736,12.147245655123307,3371.0055179645683,3126.4027584026194,3248.704138183594,0.0752924086521189,0.7178145481522574,0.7215908328885146,2013696.2,1.9123877772625286,0.008015737250754107,1.028897880549985,0.004466696484204613,-0.32821518991198273,0.0032644700719302033,-0.16593271272932775,0.020529034529663592,0.37666587304813404,1
2023-12-14,0.020508884378531267,0.020301409137295213,0.01374324148714969,0.010261707988980651,3345.122705078125,3338.502934120559,3305.81376953125,3310.180197190315,3260.784875488281,3266.9966172579784,3205.20306640625,3218.282559452993,1.0073478450647153,1.0193260671532955,1.0334021645426423,1.0513225148682046,67.6958546217087,65.34907654777295,62.4523765089872,48.613484361549126,36.304019125667715,12.309465235881412,3380.7526834418295,3140.817067534733,3260.784875488281,0.07358216658532798,0.9539437487738032,-0.14556651730162395,2016112.3,1.632049960709034,-0.02139103675648335,0.7215908328885146,0.008015737250754107,1.028897880549985,0.004466696484204613,-0.32821518991198273,0.002996322714955646,0.03747867204619704,1
2023-12-15,0.052832571383030436,0.05148421897417057,0.059375809375809364,0.0529904413820462,3388.180615234375,3408.2460153251645,3337.9142822265626,3353.371466380144,3277.469140625,3293.73333730335,3211.7493896484375,3231.202152326773,1.047090630818972,1.0628589825164272,1.0824608945235825,1.1046105244602271,82.45186722875194,76.14492292946089,71.38897366277718,64.79944733175307,42.00310476688479,22.796342564868283,3448.6698381933898,3106.26844305661,3277.469140625,0.1044712796507018,1.2893164015918004,1.5927669496315944,2752021.2,3.099987020448825,0.020508884378531267,-0.14556651730162395,-0.02139103675648335,0.7215908328885146,0.008015737250754107,1.028897880549985,0.0032644700719302033,-0.16593271272932775,0
2023-12-18,-0.0004661593691117627,-0.0004662680551684629,0.025614142544294293,0.000285076459341454,3427.93076171875,3454.1901332636517,3369.7758544921876,3388.4090850638677,3293.8593872070314,3317.766197478328,3217.824560546875,3243.55023926065,1.0344661592180573,1.052318766072649,1.0765724799647438,1.1020110955141578,82.0456995560103,75.90832662050352,71.22362712953154,76.61037435982735,48.9245586854733,27.685815674354046,3498.711713019756,3089.0070613943067,3293.8593872070314,0.12438437816037168,1.1156117118342392,-0.7044257393130885,2841661.1,0.8873725301021997,0.052832571383030436,1.5927669496315944,0.020508884378531267,-0.14556651730162395,-0.02139103675648335,0.7215908328885146,0.004466696484204613,-0.32821518991198273,0
2023-12-19,-0.01114216388221001,-0.011204702769807597,0.017058880165925074,-0.007490259773244556,3454.412451171875,3471.6492164466017,3395.9267333984376,3409.892411927255,3307.4861450195312,3335.7472627482493,3222.163681640625,3253.864637046997,1.0150980615018719,1.0325803994314506,1.060191102566748,1.0882648211797439,72.14049610143704,70.28915080882075,67.31267303450686,81.83902341422481,55.5074516312236,26.33157178300121,3530.0952232838777,3084.877066755185,3307.4861450195312,0.13460922797790398,0.9471543553955186,-0.2050977707910654,2904339.0,0.6901518727669187,-0.0004661593691117627,-0.7044257393130885,0.052832571383030436,1.5927669496315944,0.020508884378531267,-0.14556651730162395,0.008015737250754107,1.028897880549985,0
2023-12-20,-0.009472808416127632,-0.009517960838844574,0.03498630925296865,-0.012332602043732429,3488.686083984375,3472.2162582300266,3412.0941162109375,3421.4302173580945,3319.883923339844,3348.8523178957375,3225.2510009765624,3262.4719195862076,0.9956041495800089,1.0179526775931846,1.0462264410445536,1.0769240411816605,64.50258563402124,65.87419578300467,64.20073457849404,82.35311243948127,60.87658379287514,21.476528646606127,3550.3060790835825,3089.4617675961053,3319.883923339844,0.1388133808678052,0.8330114197605786,0.2901805246865077,2973290.1,0.8697715032919257,-0.01114216388221001,-0.2050977707910654,-0.0004661593691117627,-0.7044257393130885,0.052832571383030436,1.5927669496315944,-0.02139103675648335,0.7215908328885146,1
2023-12-21,0.00197078157114694,0.001968842128873035,0.016726033931518076,0.00831946755407644,3510.784765625,3474.876024366893,3427.9537353515625,3432.1148245003724,3331.707385253906,3361.361197776203,3228.1645263671876,3271.0101014314787,0.9912870736811091,1.015239943512162,1.0445681910854254,1.0780725481043125,65.38373310605533,66.34335434011123,64.55530365990084,82.36344875803616,65.17395678590735,17.189491972128806,3569.4365602537337,3093.9782102540785,3331.707385253906,0.14270711530791322,0.8123053184087031,-0.4131812474696288,2928281.0,0.5182432970059909,-0.009472808416127632,0.2901805246865077,-0.01114216388221001,-0.2050977707910654,-0.0004661593691117627,-0.7044257393130885,0.020508884378531267,-0.14556651730162395,1
2023-12-22,0.009636979782574162,0.009590840286329234,0.02195343911398399,0.006315789473684233,3503.98515625,3487.8287265310537,3446.0828857421875,3446.9546983838272,3346.2139282226562,3375.872905688886,3231.92205078125,3280.528690820808,1.00278225339853,1.0196313458962603,1.0500626099317258,1.0871964347067105,69.6851505973353,68.61968936860241,66.27377122779927,84.10837403067217,68.96084023486031,15.147533795811853,3591.0870562519394,3101.340800193373,3346.2139282226562,0.14635832214071723,0.8420550960101384,0.590088576282221,3005471.3,0.8028883855919703,0.00197078157114694,-0.4131812474696288,-0.009472808416127632,0.2901805246865077,-0.01114216388221001,-0.2050977707910654,0.052832571383030436,1.5927669496315944,0
2023-12-26,-0.007439834827829284,-0.007467648437271743,0.01155302843912934,-0.006361518961970459,3492.28798828125,3487.749994119661,3460.109375,3454.3433949134724,3361.763391113281,3386.512869842028,3235.505,3288.6488413492816,0.9986554777268853,1.0079428570944742,1.0374295045618676,1.0779128850973418,62.61038397837287,64.93326868016517,63.74441995434948,82.43161081159042,71.65499435020634,10.77661646138408,3601.0116563914225,3122.5151258351398,3361.763391113281,0.1423349816412344,0.762967712717393,-0.46738495303469707,3023744.1,0.42504622001577447,0.009636979782574162,0.590088576282221,0.00197078157114694,-0.4131812474696288,-0.009472808416127632,0.2901805246865077,-0.0004661593691117627,-0.7044257393130885,1
2023-12-27,0.0041232244972218,0.0041147473013598435,0.013171691807048682,0.0032113585606409786,3491.36904296875,3492.490881496441,3472.8907470703125,3463.0032606110226,3377.4322998046873,3397.5090399761207,3240.6100634765626,3297.0144811493096,1.0030370932292605,1.0083739775586722,1.0368742717515063,1.0806522807909338,64.89749528144242,66.01485331308943,64.5263945128544,81.32564849305345,73.58912517877576,7.73652331427769,3610.2238526128635,3144.640746996511,3377.4322998046873,0.1378512030110201,0.7674932894750176,0.00680422429897809,2929455.1,0.4417121805348715,-0.007439834827829284,-0.46738495303469707,0.009636979782574162,0.590088576282221,0.00197078157114694,-0.4131812474696288,-0.01114216388221001,-0.2050977707910654,0
2023-12-28,-0.002964916536996487,-0.002969320609324323,0.012079239854565419,-0.006302326792952469,3495.01689453125,3492.1904542007524,3491.8514892578123,3468.200776792541,3390.578955078125,3406.4690932745257,3244.9887451171876,3304.644877951665,0.9990193767225453,0.9999249997746917,1.0297915624055782,1.0759943635746823,61.71730893342505,64.46866952174486,63.488237978316505,78.7040877594145,74.61211769490352,4.091970064510988,3617.9115278187423,3163.246382337508,3390.578955078125,0.1340966104919265,0.7221649174896319,0.3005565791019309,2712647.2,0.6203862411595581,0.0041232244972218,0.00680422429897809,-0.007439834827829284,-0.46738495303469707,0.009636979782574162,0.590088576282221,-0.009472808416127632,0.2901805246865077,0
2023-12-29,-0.001710513775743605,-0.0017119783748149855,0.015078872985987873,0.0003691725590057663,3496.101220703125,3489.999365300502,3503.4429931640625,3471.3673969211695,3404.628381347656,3414.007007010285,3250.1058154296875,3311.741831267286,0.9970012214918033,0.9949119178765448,1.0237878549670922,1.072462678277192,59.75236104199424,63.5466892878181,62.877249777040085,75.27681399345738,74.74505695461428,0.5317570388430966,3618.5945093871137,3190.6622533081986,3404.628381347656,0.12569132608520592,0.6892561380963268,-0.06411177445452432,2541107.2,0.6198069880719711,-0.002964916536996487,0.3005565791019309,0.0041232244972218,0.00680422429897809,-0.007439834827829284,-0.46738495303469707,0.00197078157114694,-0.4131812474696288,1
2024-01-01,0.004666007521981985,0.004655155453014621,0.015481094300378993,0.005567308088720313,3493.730615234375,3493.9599447055434,3498.8578857421876,3476.9153435747066,3418.386083984375,3422.3759685822224,3255.8597607421875,3319.1982733162404,1.002332889732743,1.000864058464837,1.024425274816802,1.0755626350188239,63.44945168362879,65.01401668533813,63.87140740289015,73.03117897016818,74.40228135772506,-1.3711023875568742,3619.846373200865,3216.9257947678852,3418.386083984375,0.11786865746988613,0.707224510239648,-0.4756132713987845,1770574.9,0.46646261618189666,-0.001710513775743605,-0.06411177445452432,-0.002964916536996487,0.3005565791019309,0.0041232244972218,0.00680422429897809,0.009636979782574162,0.590088576282221,0
2024-01-02,-0.00732077242246687,-0.007347700781648959,0.011590742816188436,-0.0073207593003219665,3491.46103515625,3488.0548394391126,3491.87451171875,3476.7933954531686,3430.8251831054686,3427.506317184511,3261.463916015625,3325.356953927613,0.9956418226934848,0.9955239276898279,1.0132386360064167,1.065854082222382,54.280069862628494,60.85577515663228,61.160536294469466,68.39443926547392,73.20071293927484,-4.806273673800916,3613.4354068886555,3248.2149593222816,3430.8251831054686,0.1064526544123675,0.6243617275632605,0.6273841970100751,1652820.5,0.813196593338478,0.004666007521981985,-0.4756132713987845,-0.001710513775743605,-0.06411177445452432,-0.002964916536996487,0.3005565791019309,-0.007439834827829284,-0.46738495303469707,0
2024-01-03,-0.024172645560710637,-0.02446959915944379,0.022970149340590534,-0.01997610830899925,3469.509423828125,3456.1080928292004,3480.4392333984374,3461.4154325724785,3438.1829833984375,3424.145201224974,3265.8027880859377,3327.9788223857217,0.9777216848906939,0.9746512931636745,0.9866300356871566,1.038707729684292,34.96005968024484,49.64703239425115,53.365338137269916,57.27899198295154,70.01636874801018,-12.737376765058642,3601.051811652863,3275.314155144012,3438.1829833984375,0.09474122176792306,0.3588791229060326,0.341505786909591,1632684.5,1.1043621716259326,-0.00732077242246687,0.6273841970100751,0.004666007521981985,-0.4756132713987845,-0.001710513775743605,-0.06411177445452432,0.0041232244972218,0.00680422429897809,0
2024-01-04,-0.006758208331333115,-0.006781148435680021,0.018544779942863777,-0.009441467190349188,3445.049365234375,3427.1684974330087,3470.0331298828123,3444.6652278575957,3441.063623046875,3418.9208303121786,3268.9682861328124,3329.59884137611,0.9780090063851391,0.9709674751014294,0.9791418223349507,1.0306888937813747,31.402454733751753,47.09829354591209,51.48554162702962,46.08875786970248,65.23084657234864,-19.142088702646163,3596.7606147992506,3285.3666312944993,3441.063623046875,0.09049352689068528,0.2695064124283096,0.9955598075509893,1733890.6,2.0751851356711892,-0.024172645560710637,0.341505786909591,-0.00732077242246687,0.6273841970100751,0.004666007521981985,-0.4756132713987845,-0.002964916536996487,0.3005565791019309,1
2024-01-05,0.019390086336044998,0.01920449387754129,0.019502903835932065,0.017115619685374128,3434.849951171875,3429.6523706845064,3465.4755859375,3442.8388440993963,3446.7146606445312,3420.4160004907803,3274.9914404296874,3333.7173227804788,0.9999330876202331,0.991096324881004,0.9964909937004273,1.0487417080811878,48.74377365851933,54.298577131518314,56.11143295468171,42.0078270511558,60.586242668110074,-18.578415616954274,3592.549424372636,3300.8798969164263,3446.7146606445312,0.08462247565386455,0.45853340058348374,-0.4544056602515074,1778447.1,1.1038433473787328,-0.006758208331333115,0.9955598075509893,-0.024172645560710637,0.341505786909591,-0.00732077242246687,0.6273841970100751,-0.001710513775743605,-0.06411177445452432,0
2024-01-08,-0.015944821385871277,-0.016073307674707472,0.0183101152059922,-0.015944743056991503,3410.444873046875,3413.0534847532126,3452.087744140625,3431.387365697801,3449.085314941406,3416.5531159574325,3280.287763671875,3335.526671412249,0.991030741942789,0.9790758414606922,0.9799281271034732,1.0303534190876278,39.08163285260216,48.3569691034908,51.766873030980996,33.96312447674791,55.26161902983765,-21.29849455308974,3588.8268712037034,3309.3437586791088,3449.085314941406,0.08103108128809582,0.25229414963421504,-0.4560693220560871,1643921.8,0.6495473203165747,0.019390086336044998,-0.4544056602515074,-0.006758208331333115,0.9955598075509893,-0.024172645560710637,0.341505786909591,0.004666007521981985,-0.4756132713987845,1
2024-01-09,0.0031537380861692554,0.003148775485302557,0.018862326756355,-0.005404398736374191,3393.29892578125,3405.5406206948505,3442.37998046875,3423.956006948769,3451.244677734375,3414.0732851594034,3286.777705078125,3337.6830722422833,0.9991795496759885,0.9849333634912777,0.9824035121160645,1.0315619724874379,41.70557029460175,49.51491622774114,52.51821250509374,28.12355560318838,49.8340063445078,-21.71045074131942,3585.8709196622826,3316.618435806467,3451.244677734375,0.0780160518878571,0.2744504181110153,0.28388984880198165,1652493.1,0.8296216183898135,-0.015944821385871277,-0.4560693220560871,0.019390086336044998,-0.4544056602515074,-0.006758208331333115,0.9955598075509893,-0.00732077242246687,0.6273841970100751,1
2024-01-10,0.006273821248083511,0.006254222760449047,0.01110946511831133,0.006246625698678805,3397.21328125,3407.6225394476087,3433.3613525390624,3421.7433469495604,3453.1260498046877,3413.8554843778534,3293.432119140625,3340.5890841917285,1.0042897205729053,0.9937160778110401,0.9880283336735127,1.0359364497372372,47.018680188278516,51.83583396506061,54.019044544611006,24.92476899309804,44.85215887422585,-19.92738988112781,3584.400632045702,3321.8514675636734,3453.1260498046877,0.07603231411053721,0.3425450222508997,-0.05741810022874749,1652318.2,0.7820690954078943,0.0031537380861692554,0.28388984880198165,-0.015944821385871277,-0.4560693220560871,0.019390086336044998,-0.4544056602515074,-0.024172645560710637,0.341505786909591,1
2024-01-11,0.006059674939177473,0.006041388943270981,0.01766808077453139,0.003101516871139989,3409.84755859375,3415.9019240848643,3427.4484619140626,3423.6919553877087,3459.6499755859377,3415.62740904276,3299.992802734375,3344.1918923943813,1.006631714285477,1.0014623798143163,0.992141030908204,1.0401418725868847,51.981313310525096,54.04703510026247,55.45591538549069,23.783787413690334,40.63848458211875,-16.854697168428416,3571.8073957179845,3347.492555453891,3459.6499755859377,0.06483743784690327,0.37878964140512594,0.37584882532248587,1661820.2,1.069856414069344,0.006273821248083511,-0.05741810022874749,0.0031537380861692554,0.28388984880198165,-0.015944821385871277,-0.4560693220560871,-0.006758208331333115,0.9955598075509893,1
2024-01-12,0.03941858231232298,0.03866150135458503,0.02154370590599866,0.009043671732880752,3436.476220703125,3466.5224253013685,3435.6630859375,3449.886768541648,3469.5530395507812,3430.1165536800568,3309.4396484375,3352.959403584185,1.038204020222898,1.0384497369190753,1.0283063515859407,1.0780566521038806,72.0036031175132,65.28096965532094,63.33022816804064,33.41219618436844,39.19322690256869,-5.781030718200249,3583.1601941338195,3355.945884967743,3469.5530395507812,0.0654880633257288,0.9322368100145022,2.832282754629174,2185665.6,3.1173341429722825,0.006059674939177473,0.37584882532248587,0.006273821248083511,-0.05741810022874749,0.0031537380861692554,0.28388984880198165,0.019390086336044998,-0.4544056602515074,1
2024-01-15,0.005408470311715208,0.005393897058548869,0.020492852861153783,-0.014191906861584558,3477.9169921875,3506.7014736384126,3444.1809326171874,3474.8272779545296,3471.5194091796875,3445.0635076450512,3319.9725830078123,3362.139802279413,1.031381593744235,1.041484068488452,1.0332823030824172,1.0804485520969915,73.8198946984507,66.53736717250169,64.27589298145914,42.11434894615422,39.7774513112858,2.3368976348684214,3591.6455119188063,3351.3933064405687,3471.5194091796875,0.06920664330521736,0.9809119687489334,-0.5888272461087996,2383225.4,1.1755098783354694,0.03941858231232298,2.832282754629174,0.006059674939177473,0.37584882532248587,0.006273821248083511,-0.05741810022874749,-0.015944821385871277,-0.4560693220560871,0
2024-01-16,-0.010886775897193335,-0.01094647049172019,0.011252674131103013,-0.009669133411612015,3509.415625,3520.47033463915,3451.357275390625,3488.1328740792737,3471.6158935546873,3454.8677504065345,3329.1832763671873,3369.4287534308332,1.010996825615554,1.0280037021780253,1.0220047855028447,1.0657292681441737,64.01428721025827,61.673204892246886,60.936531563449776,45.33711883474098,40.88938481597684,4.447734018764137,3591.984237642077,3351.2475494672976,3471.6158935546873,0.06934427527588087,0.8173266346111546,-0.48860630268373606,2392085.8,0.5989216607531386,0.005408470311715208,-0.5888272461087996,0.03941858231232298,2.832282754629174,0.006059674939177473,0.37584882532248587,0.0031537380861692554,0.28388984880198165,1
2024-01-17,0.006034071852459633,0.006015939744633942,0.025073340857535282,0.017177297108209033,3540.941748046875,3536.785887155267,3469.0775146484375,3502.9118046444055,3474.7583740234377,3465.7772020047214,3338.9912158203124,3377.2714294605066,1.0080417149353929,1.0289239652660893,1.0272417843127482,1.0690105967561156,66.83216527389756,63.25895879496935,62.07084981491031,49.053253989540735,42.52215865068962,6.531095338851117,3601.7139850961407,3347.8027629507346,3474.7583740234377,0.07307305855958013,0.8728020264888278,1.4141576020191642,2557647.9,1.352295599406001,-0.010886775897193335,-0.48860630268373606,0.005408470311715208,-0.5888272461087996,0.03941858231232298,2.832282754629174,0.006273821248083511,-0.05741810022874749,1
2024-01-18,0.004633820900920682,0.004623117804268769,0.011992017541390199,0.0011801174079656934,3571.641015625,3553.1762685201784,3490.744287109375,3518.0109367545133,3480.388708496094,3477.2229000280813,3348.5905859375,3385.4551785502904,1.004008245946995,1.0272757716720262,1.0303323368726602,1.0708854782992365,69.01881094420803,64.48163752855824,62.94373381134216,52.725177765500575,44.56276247365181,8.162415291848767,3616.269377763636,3344.5080392285518,3480.388708496094,0.07808361688787188,0.888459680552675,-0.3526143957144542,2421744.5,0.9245855621846153,0.006034071852459633,1.4141576020191642,-0.010886775897193335,-0.48860630268373606,0.005408470311715208,-0.5888272461087996,0.006059674939177473,0.37584882532248587,1
2024-01-19,0.017403772310608412,0.01725406119462957,0.012300122848913343,-0.0004942842007288029,3587.761572265625,3584.9062493259526,3512.118896484375,3541.7118956968743,3488.7972412109375,3493.5222629718355,3359.6182421875,3395.7654151144948,1.0168920474371446,1.0387934800810725,1.0457375303562144,1.085946660583076,75.98757857590616,68.71249553569966,66.04009181641658,59.979694456602374,47.64614887024192,12.33354558636045,3643.147568047945,3334.44691437393,3488.7972412109375,0.08848340339975352,1.016905188983066,0.31390373853897313,2519629.3,1.167622157751539,0.004633820900920682,-0.3526143957144542,0.006034071852459633,1.4141576020191642,-0.010886775897193335,-0.48860630268373606,0.03941858231232298,2.832282754629174,0
2024-01-23,-0.02150624195815387,-0.021740871275350047,0.023624675006479655,-0.010705128205128265,3584.33037109375,3579.905354368344,3531.123681640625,3546.837653652556,3491.605712890625,3500.7966726367204,3368.87265625,3402.594362147382,0.9959750343447771,1.0109823065711712,1.0224245971626844,1.0596730505174092,57.13661099574884,59.16972979413318,59.47926081316036,58.72077482886516,49.861074061966576,8.859700766898584,3649.668203010495,3333.543222770755,3491.605712890625,0.09053856770615334,0.7476800520576428,-0.10983132079640379,2674734.2,0.9791081296975228,0.017403772310608412,0.31390373853897313,0.004633820900920682,-0.3526143957144542,0.006034071852459633,1.4141576020191642,0.005408470311715208,-0.5888272461087996,0
2024-01-24,-0.004263480670823605,-0.004272595220234304,0.020315946612398026,-0.009845348240174068,3585.6654296875,3571.498019448688,3547.54052734375,3548.264143826523,3494.96025390625,3505.9287371103064,3378.449326171875,3408.5586361654996,0.9913594615321304,1.0020134575519488,1.0170883476103552,1.052164175461288,54.09931294971052,57.501483741363465,58.299582070495326,55.85111097539448,51.059081444652165,4.792029530742312,3655.369965343821,3334.5505424686785,3494.96025390625,0.09179487020390832,0.6861579799872914,0.014836642287046065,2803410.7,0.9480269872694713,-0.02150624195815387,-0.10983132079640379,0.017403772310608412,0.31390373853897313,0.004633820900920682,-0.3526143957144542,-0.010886775897193335,-0.48860630268373606,0
2024-01-25,-0.008199322760198302,-0.008233122088254519,0.021599361670595226,-0.007708496124484533,3576.889501953125,3556.1777974710003,3558.915625,3544.1320001336326,3496.1384887695312,3507.796224387004,3387.7003564453125,3413.1460368458966,0.9856433506236467,0.9906212242712624,1.0084089531466016,1.0406874819397969,48.35640507216663,54.34184312998165,56.063806577274235,50.6412822169018,50.975521599102095,-0.3342393822002947,3657.082204461356,3335.1947730777065,3496.1384887695312,0.09206941670578332,0.5913327513898919,-0.17028011719868508,2894703.4,0.7617892734709885,-0.004263480670823605,0.014836642287046065,-0.02150624195815387,-0.10983132079640379,0.017403772310608412,0.31390373853897313,0.006034071852459633,1.4141576020191642,0
2024-01-29,-0.002440826389427997,-0.002443810062233364,0.010299895381149681,5.260765346926913e-05,3563.084521484375,3543.095907949417,3567.3627685546876,3539.186569001381,3497.405615234375,3508.666310531694,3396.81419921875,3417.216079671793,0.9870470677022004,0.985863327359648,1.0055831424261514,1.035361936992352,46.65060746355854,53.40872033225264,55.405110341828376,45.29594225531855,49.83960573034539,-4.54366347502684,3658.584999146487,3336.226231322263,3497.405615234375,0.09217082697530389,0.5605738562771848,-0.2532281192152567,2881587.2,0.5714722080942058,-0.008199322760198302,-0.17028011719868508,-0.004263480670823605,0.014836642287046065,-0.02150624195815387,-0.10983132079640379,0.004633820900920682,-0.3526143957144542,0
2024-01-30,-0.00011835877132904127,-0.00011836577628115367,0.015997697187772147,-0.0018122109107767254,3536.714453125,3534.235895013153,3562.2380126953126,3535.0646235721524,3498.950549316406,3509.413887542068,3404.5827685546874,3421.1101890627274,0.994288884711479,0.9871647701833116,1.0050201680694375,1.0328771858977173,46.55792104775613,53.36098771987839,55.372066931864275,40.55859885960899,47.983404356198115,-7.424805496589123,3660.24064035798,3337.6604582748323,3498.950549316406,0.09219340986290028,0.5544525696240427,-0.14278210314031237,2341404.3,0.6028950232986248,-0.002440826389427997,-0.2532281192152567,-0.008199322760198302,-0.17028011719868508,-0.004263480670823605,0.014836642287046065,0.017403772310608412,0.31390373853897313,1
2024-01-31,0.004052028760212156,0.004043841401166136,0.009840288606666107,0.0012463266322565033,3528.88671875,3533.0788942014774,3556.608544921875,3534.2828543005107,3500.394738769531,3511.447316593121,3410.91712890625,3425.4103735143117,1.0005322284272107,0.992733624739037,1.0086762082779468,1.0351365216868536,50.48662052952976,54.84856632945331,56.30863767180772,37.52147301058176,45.89101808707485,-8.36954507649309,3662.2800796541987,3338.5093978848636,3500.394738769531,0.09249547720527884,0.5938014326764476,0.7422225937415212,2307189.6,1.0659540074209766,-0.00011835877132904127,-0.14278210314031237,-0.002440826389427997,-0.2532281192152567,-0.008199322760198302,-0.17028011719868508,-0.02150624195815387,-0.10983132079640379,1
2024-02-01,0.010010570451015388,0.009960796591486595,0.02590710170741029,0.008939765011452952,3531.172021484375,3544.0892172280683,3558.4187255859374,3540.0695832060997,3504.8880004882812,3516.6532734205616,3417.873857421875,3430.9280005639953,1.0098941205878122,1.0021613919800982,1.0174675660918238,1.0433708240979935,59.17239724195075,58.393581681587136,58.573015820350044,37.53390514494822,44.219595498649525,-6.685690353701304,3668.818339188866,3340.9576617876965,3504.8880004882812,0.09354383859213015,0.6867313374639857,-0.03913663647179466,2400233.1,0.984532293967615,0.004052028760212156,0.7422225937415212,-0.00011835877132904127,-0.14278210314031237,-0.002440826389427997,-0.2532281192152567,-0.004263480670823605,0.014836642287046065,1
2024-02-02,0.029098598418570765,0.028683271910260058,0.02833872903210109,0.02354808295381769,3560.040283203125,3586.019032188504,3568.464892578125,3563.6712339157857,3518.771203613281,3531.246167581401,3426.5907861328124,3440.2986147422457,1.0308531281020852,1.0284194387738481,1.0429432463073836,1.0709999796185563,74.49642889854334,66.66791334112303,64.27984831918266,45.393761508362786,44.45442870059218,0.9393328077706045,3689.087107925701,3348.4552993008615,3518.771203613281,0.09680419354206905,0.9436093596371049,0.19609903402596673,2337014.5,1.2094533431435706,0.010010570451015388,-0.03913663647179466,0.004052028760212156,0.7422225937415212,-0.00011835877132904127,-0.14278210314031237,-0.008199322760198302,-0.17028011719868508,1
2024-02-05,0.001764855799592624,0.0017633002715155299,0.015075605065722777,-0.0024353379793810213,3591.924951171875,3616.1311777090027,3577.504736328125,3584.159276612915,3534.12451171875,3545.0661010260296,3435.61,3449.5557462719617,1.0235056463389023,1.027631195402227,1.040245032839004,1.0700735731791442,75.17493002505715,67.10760369026345,64.59944723102168,51.55112914324263,45.87376878912227,5.67736035412036,3703.128072633477,3365.120950804023,3534.12451171875,0.09564097719496344,0.9207927817065772,-0.4015506755681034,2282255.8,0.7411627566024808,0.029098598418570765,0.19609903402596673,0.010010570451015388,-0.03913663647179466,0.004052028760212156,0.7422225937415212,-0.002440826389427997,-0.2532281192152567,1
2024-02-06,0.04094817281466123,0.040132002432529526,0.03866051797479457,0.03477608206154622,3654.00087890625,3686.385954410169,3595.357666015625,3628.2931368310215,3553.73828125,3571.9069969104553,3447.2733837890623,3464.3533839794336,1.0473165263600053,1.064399112217802,1.0768647561931373,1.1101224306167958,85.57871571210035,75.27235504429137,70.9440863601859,67.79669232492142,50.258353496282105,17.53833882863932,3759.130954209617,3348.345608290383,3553.73828125,0.11559245881628155,1.16496341526313,1.6451877982149816,2435497.9,1.8371586360226384,0.001764855799592624,-0.4015506755681034,0.029098598418570765,0.19609903402596673,0.010010570451015388,-0.03913663647179466,-0.00011835877132904127,-0.14278210314031237,0
2024-02-07,-0.01271747737347273,-0.012799036712721014,0.019848667964556782,-0.016758992934324632,3703.493310546875,3716.99965320053,3616.1900146484377,3655.553848458336,3573.656848144531,3591.5565258505308,3458.365859375,3476.6621552265638,1.0201792561691814,1.044808772624346,1.057243941242689,1.0924891131859762,73.89784928020065,69.28459524632154,66.87545374709276,75.8697017516647,55.38062314735863,20.48907860430608,3784.9177410950433,3362.395955194019,3573.656848144531,0.1182323328330757,0.9841648631217312,-0.5252393842654963,2386039.2,0.8902900673216098,0.04094817281466123,1.6451877982149816,0.001764855799592624,-0.4015506755681034,0.029098598418570765,0.19609903402596673,0.004052028760212156,0.7422225937415212,1
2024-02-08,0.012416111589210743,0.012339663814681554,0.017404017675495008,0.010782419964853233,3755.29892578125,3753.045748618062,3643.2354736328125,3686.387319548297,3595.3880004882812,3613.8023747650636,3471.336552734375,3490.3278722550563,1.018597457899399,1.0499288248417638,1.0639012921369382,1.1019207965992408,77.37116568765445,71.6274133084459,68.69261888967364,85.07227630482748,61.3189537788524,23.75332252597508,3816.0292152259462,3374.7467857506163,3595.3880004882812,0.12273569067243938,1.0206414840446032,0.10399163570304482,2354785.6,0.9959178449197242,-0.01271747737347273,-0.5252393842654963,0.04094817281466123,1.6451877982149816,0.001764855799592624,-0.4015506755681034,0.010010570451015388,-0.03913663647179466,0
2024-02-09,-9.675917401108514e-05,-9.676385548194873e-05,0.020502212544611723,-0.0006888855470253604,3786.2767578125,3776.9531065005835,3673.1585205078127,3711.547410951447,3616.037072753906,3633.8943221460695,3484.06001953125,3503.4431644123338,1.0101659405572252,1.0412749139225421,1.0577236198944038,1.0977904516065755,77.27651408747184,71.58102265433301,68.66141475817209,91.28326096480077,67.31181521604208,23.971445748758697,3841.3326967548164,3390.741448752996,3616.037072753906,0.12460913395964125,0.9632374695188831,-0.10428953429022081,2344329.8,0.8960326315862215,0.012416111589210743,0.10399163570304482,-0.01271747737347273,-0.5252393842654963,0.04094817281466123,1.6451877982149816,0.029098598418570765,0.19609903402596673,0
2024-02-12,-0.003144785966315178,-0.003149741197189598,0.013116773947843918,-0.0022517686894673824,3813.55361328125,3788.8819863649724,3702.7392822265624,3729.9460173409566,3635.051025390625,3650.9272196648963,3495.7416845703124,3515.5724421253303,0.9997865856180268,1.0297078609869181,1.0488820430475334,1.0906812030541673,73.85112701872758,69.99446261389166,67.61336763935522,94.14964730332213,72.6793816334981,21.47026566982403,3859.350663241337,3410.751387539913,3635.051025390625,0.12340934764546171,0.896096762361672,-0.5174150574408406,2281026.7,0.4444121587879703,-9.675917401108514e-05,-0.10428953429022081,0.012416111589210743,0.10399163570304482,-0.01271747737347273,-0.5252393842654963,0.001764855799592624,-0.4015506755681034,1
2024-02-13,0.006988994416462724,0.006964684596724978,0.02132787082781059,0.005829619447309377,3816.051904296875,3805.71697854019,3735.0263916015624,3749.84437107726,3648.6322021484375,3668.875766638775,3508.4368505859375,3528.271050782793,1.0061149741090982,1.0279410532476354,1.0522811700861119,1.0943297902738127,76.53901323696246,71.50148997261833,68.72388622069208,97.44816503606444,77.63313831401138,19.815026722053062,3887.4158804067783,3409.8485238900967,3648.6322021484375,0.13088942103714207,0.8994300660194398,0.24040165095549448,2265606.1,0.555001595378826,-0.003144785966315178,-0.5174150574408406,-9.675917401108514e-05,-0.10428953429022081,0.012416111589210743,0.10399163570304482,0.04094817281466123,1.6451877982149816,0
2024-02-14,-0.011904964025158393,-0.011976395602318602,0.01595080626961634,-0.0016800346588142783,3819.142333984375,3801.7043854330436,3761.317822265625,3757.8143398302577,3658.96318359375,3680.761807836868,3519.7758935546876,3538.679213466556,0.9933327609869255,1.0086037337131037,1.036818084486077,1.0778183935419372,63.48076390034223,65.4309700628887,64.7265566258418,95.27575003192533,81.16166065759417,14.114089374331158,3903.994236249676,3413.932130937824,3658.96318359375,0.1339346915293431,0.7748958023172866,0.10646286230083146,2158798.6,0.644470957133287,0.006988994416462724,0.24040165095549448,-0.003144785966315178,-0.5174150574408406,-9.675917401108514e-05,-0.10428953429022081,-0.01271747737347273,-0.5252393842654963,1
2024-02-15,0.0007560375856479062,0.0007557519331993745,0.015426935483141559,-0.0060077046239098205,3813.42421875,3799.9853780491126,3784.361572265625,3764.856707730438,3671.3901489257814,3691.789003593475,3531.157587890625,3548.7916899298775,0.9955743566672259,1.0032200387787813,1.034089870397481,1.0751565934923788,63.93126290986051,65.6281724285277,64.86122084988766,92.71675136378872,83.47267879883309,9.24407256495563,3917.857534510236,3424.922763341327,3671.3901489257814,0.13426379414161077,0.7539021827546879,-0.21541339899934087,2031646.1,0.5372894422901705,-0.011904964025158393,0.10646286230083146,0.006988994416462724,0.24040165095549448,-0.003144785966315178,-0.5174150574408406,0.012416111589210743,0.10399163570304482,1
2024-02-16,0.006117168804046669,0.006098534879587281,0.011590751621749577,0.003658859706436423,3812.424951171875,3806.5807468244084,3799.3508544921874,3774.8412125749032,3683.9078735351563,3703.9778112869535,3542.651845703125,3559.418348535569,1.001926997461515,1.0053747681287892,1.0368802954644645,1.0782237856672234,67.69581283315222,67.25695807216613,65.96591745650576,91.50787316274136,85.07971767161476,6.428155491126603,3933.7940429046425,3434.02170416567,3683.9078735351563,0.13566363652285915,0.7718510015633424,0.1978541236480631,1879750.7,0.6956007517379832,0.0007560375856479062,-0.21541339899934087,-0.011904964025158393,0.10646286230083146,0.006988994416462724,0.24040165095549448,-9.675917401108514e-05,-0.10428953429022081,0
2024-02-19,-0.0059347617223911575,-0.005952442409224074,0.017861447481861626,-0.00466887399179966,3809.297412109375,3803.421181476689,3811.4255126953126,3778.88863770333,3694.465124511719,3712.846786476887,3552.3603564453124,3568.7392780353994,0.996798527390023,0.9962419672465451,1.0277812681431377,1.0688955144688193,60.504355097103634,64.06562284415702,63.90674036084587,87.70953373663315,85.60568088461845,2.103852852014697,3944.7469382757963,3444.1833107476414,3694.465124511719,0.13549014827804395,0.7050427170994524,-0.4093629641866199,1787827.5,0.4319717646137561,0.006117168804046669,0.1978541236480631,0.0007560375856479062,-0.21541339899934087,-0.011904964025158393,0.10646286230083146,-0.003144785966315178,-0.5174150574408406,0
2024-02-20,-0.01782487286961365,-0.017985649327873145,0.02183270741247695,-0.012603854408675676,3787.303857421875,3778.753850802168,3801.677880859375,3769.8941925669287,3698.5177734375,3714.4251105698618,3560.5167529296873,3575.0404510321728,0.9847161278450592,0.9809929474114425,1.008355081118592,1.0474376188188022,44.16271282143841,55.58520685666183,58.210327301380964,78.33488531978492,84.15152177165174,-5.816636451866827,3948.3069361576117,3448.7286107173886,3698.5177734375,0.13507528043481642,0.5618549973888375,0.5455935651198836,1459752.7,0.817705629179518,-0.0059347617223911575,-0.4093629641866199,0.006117168804046669,0.1978541236480631,0.0007560375856479062,-0.21541339899934087,0.006988994416462724,0.24040165095549448,0
2024-02-21,-0.009713007606001245,-0.009760486556798184,0.02073155455342607,-0.005357587839521587,3767.207080078125,3750.234338034779,3793.17470703125,3755.948941645669,3704.6823608398436,3712.403225039399,3567.731806640625,3579.6739750113034,0.9803536768739057,0.973642291153655,0.9968993162649336,1.035166181949509,37.78969090525047,51.64498090187356,55.433598910650986,67.20771605881646,80.76276062908468,-13.555044570268223,3947.4578950861933,3461.906826593494,3704.6823608398436,0.1310641564375916,0.4763422447498614,0.5799791898449125,1435919.9,1.3134012558778523,-0.01782487286961365,0.5455935651198836,-0.0059347617223911575,-0.4093629641866199,0.006117168804046669,0.1978541236480631,-0.011904964025158393,0.10646286230083146,1
2024-02-22,0.023950759843377467,0.023668439370691238,0.0303271141421161,0.02923699261048855,3764.22763671875,3760.7062741846444,3788.825927734375,3760.621887979979,3716.0307006835938,3718.9981699389205,3576.4182568359374,3587.5946091867177,1.0046284421259952,0.9981060673182495,1.017658477845382,1.057384756175025,55.91406909441028,59.24263216545631,60.290345150902006,64.78017457893338,77.56624341905442,-12.786068840121033,3950.785227990617,3481.2761733765706,3716.0307006835938,0.12634692563968225,0.639761832399,0.5812027854559454,1499607.8,1.9885546074113511,-0.009713007606001245,0.5799791898449125,-0.01782487286961365,0.5455935651198836,-0.0059347617223911575,-0.4093629641866199,0.0007560375856479062,-0.21541339899934087,0
2024-02-23,-0.008563401638992385,-0.008600278239828684,0.020631301212081225,-0.01886196182657388,3750.126611328125,3756.892968597055,3781.27578125,3758.5572460603235,3727.217150878906,3721.8808544611065,3583.9204052734376,3593.934677744959,0.9997706067033441,0.9915347555481543,1.0059157289877165,1.046135497848988,49.72622798714501,55.78674471732779,57.86620224699462,59.556696803908835,73.96433409602531,-14.407637292116476,3945.3284071954204,3509.1058945623918,3727.217150878906,0.11703705337644844,0.5505457785979005,-0.14888405701845575,1543355.4,1.644515579496466,0.023950759843377467,0.5812027854559454,-0.009713007606001245,0.5799791898449125,-0.01782487286961365,0.5455935651198836,0.006117168804046669,0.1978541236480631,0
2024-02-26,-0.01259836315633367,-0.012678395427670661,0.016808087671809274,-0.00865955182652991,3731.112548828125,3738.60589182512,3770.20498046875,3748.2798810095824,3736.472131347656,3719.9904624439773,3591.921396484375,3598.173778158147,0.9922058608079221,0.981917895037361,0.9907826442013407,1.0306549976022992,41.845805033446766,51.104028694056794,54.509559104414855,51.0175158600764,69.37497044883554,-18.35745458875914,3932.7189259364973,3540.225336758815,3736.472131347656,0.10504389578736646,0.4122523424177128,-0.45656230398507214,1579912.2,0.8730130699667994,-0.008563401638992385,-0.14888405701845575,0.023950759843377467,0.5812027854559454,-0.009713007606001245,0.5799791898449125,-0.0059347617223911575,-0.4093629641866199,1
2024-02-27,0.025830608482646733,0.02550263417345799,0.030455122057824045,0.0263565647271193,3744.760205078125,3758.2897514511224,3766.03203125,3757.2576245902264,3750.5292114257813,3727.38732037342,3600.4805029296876,3605.9966680618713,1.014125675004041,1.0083975492483075,1.0125657624886029,1.0547640704103232,57.6846390205559,58.668035177077925,59.50306945603799,51.37414174275045,65.77480470761853,-14.400662964868076,3920.2200363948823,3580.8383864566804,3750.5292114257813,0.09048900323300892,0.6388650779614197,1.1463853709605853,1750218.2,1.6914890954739243,-0.01259836315633367,-0.45656230398507214,-0.008563401638992385,-0.14888405701845575,0.023950759843377467,0.5812027854559454,-0.01782487286961365,0.5455935651198836,1
2024-02-28,0.0035449870316719423,0.0035387183756458392,0.01599919863530921,0.0057012640637479385,3768.345166015625,3775.899873363249,3767.776123046875,3767.0508050624576,3764.54697265625,3735.3618724509515,3605.74826171875,3614.0407248903275,1.0113511234474049,1.0115038666643426,1.01237151372251,1.05695679247748,59.49654910558422,59.615224594674665,60.14970901814396,52.14203249011962,63.04825026411875,-10.906217773999131,3902.691700979578,3626.4022443329222,3764.54697265625,0.07339248484704307,0.6685664921727792,-0.34496153488882697,1805012.4,1.0743555002724636,0.025830608482646733,1.1463853709605853,-0.01259836315633367,-0.45656230398507214,-0.008563401638992385,-0.14888405701845575,-0.009713007606001245,0.5799791898449125,0
2024-02-29,-0.005790325750585468,-0.0058071546815061945,0.017960500860582148,-0.0009514277491462035,3769.825634765625,3780.284078986958,3767.0266357421874,3771.051111457352,3775.6941040039064,3740.4752646208017,3610.607744140625,3620.903931374408,1.0051001975506342,1.0058470132074997,1.0035379948328713,1.0494223573256702,54.993353828559314,57.297323005688014,58.540865538413684,50.38906460088492,60.51641313147199,-10.12734853058707,3879.768974252834,3671.6192337549787,3775.6941040039064,0.055128867637111965,0.5641768094378489,0.9454777037218476,2073126.1,1.8198212834231355,0.0035449870316719423,-0.34496153488882697,0.025830608482646733,1.1463853709605853,-0.01259836315633367,-0.45656230398507214,0.023950759843377467,0.5812027854559454,0
2024-03-01,-0.00018305460729628464,-0.00018307136383584989,0.012993503218576377,-0.003128675751163901,3777.644140625,3782.975681564222,3763.8853759765625,3774.1979796866967,3781.618115234375,3745.035609582511,3616.24357421875,3627.470792368304,1.002836356653747,1.0065021934244842,1.0017825098354642,1.0475950551912654,54.84114565873071,57.22201497501514,58.489235653010375,48.386092161053966,58.09034893738839,-9.704256776334425,3873.72620812893,3689.5100223398204,3781.618115234375,0.048713587722406075,0.536591635287095,-0.45841049916519094,2146697.0,0.9518180721359372,-0.005790325750585468,0.9454777037218476,0.0035449870316719423,-0.34496153488882697,0.025830608482646733,1.1463853709605853,-0.008563401638992385,-0.14888405701845575,0
2024-03-04,-0.0033339309528999106,-0.0033395008839886284,0.010292351925541158,-0.005919622126218071,3792.383544921875,3780.5600409646904,3761.748046875,3774.4763033374106,3786.586779785156,3747.9587667428077,3622.291142578125,3633.284830305454,0.9956083595029434,1.0037165468597078,0.9971325046404595,1.0423592723908692,51.79560840570692,55.78421200828194,57.51930347080679,45.25787180696534,55.523853511303784,-10.265981704338444,3865.1745792173037,3707.9989803530084,3786.586779785156,0.0415085162456552,0.43091790266435803,-0.14388442027832904,2244395.0,0.7793953381646279,-0.00018305460729628464,-0.45841049916519094,-0.005790325750585468,0.9454777037218476,0.0035449870316719423,-0.34496153488882697,-0.01259836315633367,-0.45656230398507214,0
2024-03-05,-0.016810768047481495,-0.016953672832069493,0.020936666073977112,-0.012284564831056182,3775.30322265625,3757.791980434794,3760.0317138671876,3763.163495344245,3780.8547973632812,3744.558489850636,3626.9323486328126,3636.3817334062205,0.9833000531181464,0.9872937628914171,0.9818562357813579,1.0235249799391353,39.07332237654061,49.10632625378065,52.89104604421729,37.22786241796348,51.86465529263573,-14.636792874672253,3863.4664077120497,3698.243187014513,3780.8547973632812,0.04369996457223412,0.08481055084950334,0.18384115440089044,2332116.1,0.8879742307855084,-0.0033339309528999106,-0.14388442027832904,-0.00018305460729628464,-0.45841049916519094,-0.005790325750585468,0.9454777037218476,0.025830608482646733,1.1463853709605853,1
2024-03-06,0.01301050942428339,0.012926599767798516,0.027938402052984618,0.01758866292139014,3765.1900390625,3758.7127200294462,3766.7676025390624,3762.689077866882,3779.971154785156,3746.081890742837,3631.86875,3641.251241869457,0.9987687633836128,0.99835046809999,0.9948632000691789,1.0354322961750062,49.980290225932634,53.65284804020743,55.7366922978133,34.36515439510731,48.36475511313005,-13.99960071802274,3863.0530223266273,3696.889287243685,3779.971154785156,0.04395899552635255,0.38314564813607505,-0.15773888999685637,2317942.6,0.7524793754599445,-0.016810768047481495,0.18384115440089044,-0.0033339309528999106,-0.14388442027832904,-0.00018305460729628464,-0.45841049916519094,0.0035449870316719423,-0.34496153488882697,1
2024-03-07,0.010899856718363576,0.010840881441158488,0.02100473318816174,0.010725731280750259,3767.68828125,3772.989713743589,3768.7569580078125,3769.7535548314263,3778.7914428710938,3751.363967926555,3638.1477734375,3647.5372206656302,1.0089857274261136,1.008699617282138,1.0060210410245596,1.0449118446829857,57.51135887306155,57.15131737101131,57.99759239739708,35.00048411254784,45.69190091301361,-10.691416800465774,3859.9215673468443,3697.661318395343,3778.7914428710938,0.04293972065000157,0.6402207777185267,0.5416229982272716,2288627.9,1.1748982873100515,0.01301050942428339,-0.15773888999685637,-0.016810768047481495,0.18384115440089044,-0.0033339309528999106,-0.14388442027832904,-0.005790325750585468,0.9454777037218476,1
2024-03-11,0.0033466436556952583,0.003341056106702568,0.015525124864185265,0.008156052251467294,3772.8697265625,3786.7485135894763,3775.25693359375,3777.8467472768484,3778.266357421875,3757.354648436526,3644.393642578125,3654.075608611341,1.0109721219440213,1.0103328542596348,1.009528114869048,1.0466119984181932,59.708089988558264,58.20583104229725,58.685338011081384,36.11427691855488,43.77637611412187,-7.662099195566988,3858.3283283833166,3698.2043864604334,3778.266357421875,0.042380268296421754,0.7248243168826853,-0.14312034080787528,2265227.5,1.017146401410013,0.010899856718363576,0.5416229982272716,0.01301050942428339,-0.15773888999685637,-0.016810768047481495,0.18384115440089044,-0.00018305460729628464,-0.45841049916519094,1
2024-03-12,0.016956284467095628,0.01681413135110055,0.025976597441707883,0.016956323623141884,3793.512353515625,3817.4796405700677,3792.94794921875,3796.227683141285,3781.57646484375,3768.934386159833,3652.1406884765624,3662.8938943336907,1.0225199058430516,1.0226720604827209,1.025747312157424,1.0621008951737,69.16362975124665,63.168255787422474,62.00603877798802,41.73466947974521,43.368034787246536,-1.6333653075013288,3871.8843925068345,3691.268537180665,3781.57646484375,0.047762052944136935,1.0390746538373974,0.7533341029865439,2531279.2,1.595952354840983,0.0033466436556952583,-0.14312034080787528,0.010899856718363576,0.5416229982272716,0.01301050942428339,-0.15773888999685637,-0.0033339309528999106,-0.14388442027832904,0
2024-03-13,-0.010316622216336668,-0.010370207427501133,0.026295516427151076,-0.013317479191438728,3818.846044921875,3824.6278658487954,3797.0746337890623,3803.9907073712784,3781.553332519531,3775.600093802349,3659.2068310546874,3669.7970481404577,1.0052576802647162,1.0110215591352298,1.0151712745641734,1.0491137816606455,59.14432754966,58.53696309771108,58.92886493912353,42.470216741591685,43.18847117811556,-0.7182544365238783,3871.802233550317,3691.304431488745,3781.553332519531,0.04773112691797254,0.8178486565013597,-0.29767332598808705,2518957.7,1.1263627015253173,0.016956284467095628,0.7533341029865439,0.0033466436556952583,-0.14312034080787528,0.010899856718363576,0.5416229982272716,-0.016810768047481495,0.18384115440089044,1
2024-03-14,0.0141239312515955,0.01402511786994138,0.03303545887771675,0.013037330363287507,3845.364208984375,3847.4669170762804,3805.2771240234374,3820.200582309455,3786.5266235351564,3786.794848633673,3667.032109375,3678.5557921165673,1.0124255617804,1.023091063447938,1.0281573078962147,1.0616610117970273,66.75677034179289,62.54400353930111,61.637372379361224,46.88780738985815,43.92833842046409,2.9594689693940666,3889.030590465919,3684.022656604394,3786.5266235351564,0.054141421477746456,1.0200696089552814,0.029023776460387785,2616996.0,1.1156333444911646,-0.010316622216336668,-0.29767332598808705,0.016956284467095628,0.7533341029865439,0.0033466436556952583,-0.14312034080787528,0.01301050942428339,-0.15773888999685637,1
2024-03-15,0.002768726230412355,0.00276490036815936,0.014694554719440592,0.006356414092211543,3865.840283203125,3866.285968806062,3816.7642822265625,3835.423035028759,3791.895458984375,3797.950012789097,3675.5856982421874,3687.393763887119,1.0098513612235798,1.022836042153543,1.029544225175252,1.0621229901217208,68.13386353508052,63.30326298207138,62.158289743352455,50.6744161513293,45.27755396663713,5.396862184692168,3906.47344469233,3677.3174732764205,3791.895458984375,0.06043309313102389,0.9888749465660756,0.155341059484698,2577038.4,1.3089222884688099,0.0141239312515955,0.029023776460387785,-0.010316622216336668,-0.29767332598808705,0.016956284467095628,0.7533341029865439,0.010899856718363576,0.5416229982272716,0
2024-03-18,-0.015820294996902184,-0.01594677156850211,0.03296806799367848,-0.014886424292746574,3871.41962890625,3858.2449264696666,3822.144677734375,3836.6484544411437,3793.015026855469,3802.1607584088856,3684.5846630859373,3693.463139491423,0.9924428788625942,1.0052374166208606,1.0129574532643366,1.0427668768992167,53.35829506074957,56.265551576534406,57.46388916081221,48.13682438971773,45.849408051253256,2.2874163384644746,3909.0884884074885,3676.9415653034494,3793.015026855469,0.061203797364466656,0.7117099562822116,-0.5473349336212547,2525402.3,0.6046181236153939,0.002768726230412355,0.155341059484698,0.0141239312515955,0.029023776460387785,-0.010316622216336668,-0.29767332598808705,0.0033466436556952583,-0.14312034080787528,0
2024-03-19,-0.042191392673003536,-0.04310730455418604,0.02298038901306435,-0.018253613371644446,3831.642578125,3798.8488311881115,3812.5774658203127,3808.1772155654808,3787.1627563476563,3790.5317948104203,3690.800009765625,3692.937394437838,0.9604383930887995,0.9652411455548485,0.9717186393578845,0.9970891489345944,32.06499902767996,42.81194582906381,47.563960085109386,32.668566085402745,43.213239658083154,-10.54467357268041,3913.1970010882283,3661.1285116070844,3787.1627563476563,0.06655866296177854,0.07509121452220037,4.849227587327036,3243596.1,2.75348986885266,-0.015820294996902184,-0.5473349336212547,0.002768726230412355,0.155341059484698,0.0141239312515955,0.029023776460387785,0.016956284467095628,0.7533341029865439,0
2024-03-20,-0.001609246736924974,-0.0016105429652759384,0.014555906784255482,-0.0037882834059834464,3798.684619140625,3757.2773946201996,3808.76533203125,3783.805816641643,3784.3985229492187,3779.4463402079396,3695.5902978515624,3692.200026871036,0.9672123089585608,0.9646523745071279,0.9708635333207682,0.9941942221301802,31.52874334157535,42.41296052508952,47.2516965410522,19.704849179517623,38.51156156237005,-18.806712382852425,3917.5986707491497,3651.1983751492876,3784.3985229492187,0.07039435566427972,0.08609654986846525,-0.7964538731542392,3218301.5,0.564867213342193,-0.042191392673003536,4.849227587327036,-0.015820294996902184,-0.5473349336212547,0.002768726230412355,0.155341059484698,-0.010316622216336668,-0.29767332598808705,1
2024-03-21,0.0005163046277041339,0.0005161713883292707,0.015202784602392076,-0.004285685003192447,3755.2619140625,3730.1954277936748,3800.3130615234377,3764.210485277821,3783.54033203125,3769.5973072491474,3701.5138134765625,3691.5659667639607,0.978901492962401,0.9672970185953597,0.9715851217494734,0.9931157032986988,31.95402226324009,42.597500877970155,47.36791285603473,9.474859688174547,32.70422118753095,-23.2293614993564,3919.276881547688,3647.8037825148117,3783.54033203125,0.07175107841050339,0.10397977452047591,1.1065815580833624,3426839.3,1.1175259954559293,-0.001609246736924974,-0.7964538731542392,-0.042191392673003536,4.849227587327036,-0.015820294996902184,-0.5473349336212547,0.0141239312515955,0.029023776460387785,0
2024-03-22,-0.015618158301523688,-0.015741406695427545,0.021222736984462077,0.003566821232679019,3698.200830078125,3693.0031693103665,3782.020556640625,3737.7392429261718,3775.3887573242187,3755.2183877343477,3706.075888671875,3688.70528776709,0.9784808393619084,0.9567950776972993,0.9584757716205156,0.9764016606903679,26.206622833238185,38.56904898798053,44.26842494393699,-3.228006748248845,25.51777560037499,-28.745782348623834,3929.004302500221,3621.7732121482163,3775.3887573242187,0.08137733889151925,-0.010267710214002218,0.5282307572993605,3743197.3,1.563498937125222,0.0005163046277041339,1.1065815580833624,-0.001609246736924974,-0.7964538731542392,-0.042191392673003536,4.849227587327036,0.002768726230412355,0.155341059484698,0
2024-03-26,-0.008540155076332545,-0.008576831162963292,0.019406834300451384,0.0006451612903225637,3647.311279296875,3657.907142170453,3759.3654541015626,3710.4621238287996,3767.3111938476563,3739.265692511136,3709.594462890625,3684.7448877719344,0.9836602398746348,0.9543406012778931,0.9523277752444961,0.9671448250693614,23.546957640296625,36.56458208955942,42.68966088055003,-15.608850189021268,17.29245044249574,-32.901300631517,3941.2208050750164,3593.4015826202963,3767.3111938476563,0.09232558834606998,-0.016348995002458632,-0.4120574422659776,3856883.0,0.8921517712619231,-0.015618158301523688,0.5282307572993605,0.0005163046277041339,1.1065815580833624,-0.001609246736924974,-0.7964538731542392,-0.015820294996902184,-0.5473349336212547,0
2024-03-27,-0.009439152609603041,-0.009483983745585,0.017079356224883685,-0.012241249236530761,3622.069970703125,3623.221460665719,3726.8562744140627,3681.9872099792447,3759.9021118164064,3721.6070644297183,3712.0222509765626,3679.6117587477897,0.9811655010536332,0.9535785219447421,0.9451975056710684,0.9573892227400576,20.842639406925855,34.45159723837449,41.006939551930685,-27.832543271695158,8.26745169965756,-36.099994971352714,3955.56974159892,3564.234482033893,3759.9021118164064,0.10408123614047306,-0.026535774949554575,-0.4278936623146392,3649760.4,0.5393710228211145,-0.008540155076332545,-0.4120574422659776,-0.015618158301523688,0.5282307572993605,0.0005163046277041339,1.1065815580833624,-0.042191392673003536,4.849227587327036,1
2024-03-28,0.009216662991350377,0.009174448737787649,0.019219358424671703,0.006805005196572545,3604.564013671875,3611.015885886521,3701.62431640625,3664.644942042677,3749.349475097656,3708.7496998486145,3712.3990771484373,3675.9644245352542,0.9950176284078653,0.9689272680730084,0.9565938731904173,0.9661150813244633,29.924185582154706,38.17311161374186,43.277615357393614,-34.479425157268,-0.28192367172755173,-34.19750148554044,3958.063852712443,3540.6350974828692,3749.349475097656,0.1113336481440427,0.11012571191932811,1.190306693928349,3797212.7,1.135512635360142,-0.009439152609603041,-0.4278936623146392,-0.008540155076332545,-0.4120574422659776,-0.015618158301523688,0.5282307572993605,-0.001609246736924974,-0.7964538731542392,1
2024-04-01,0.010435217902333482,0.010381146852818688,0.011552945682006809,0.0048875103437341656,3594.1640625,3615.354503351431,3674.71298828125,3657.260723176963,3739.9950561523438,3700.6813225564847,3713.1385205078127,3673.9278486037247,1.0083100479727336,0.9862081065482872,0.9689937242883965,0.9760023005512931,39.22001407496805,42.21052524386085,45.781438902224636,-36.308538442784084,-7.487246625938859,-28.821291816845225,3953.511929947436,3526.4781823572516,3739.9950561523438,0.11418029734764162,0.22844460531400101,-0.6359566332535751,3662219.5,0.42861330403598147,0.009216662991350377,1.190306693928349,-0.009439152609603041,-0.4278936623146392,-0.008540155076332545,-0.4120574422659776,0.0005163046277041339,1.1065815580833624,0
2024-04-02,-0.008412605360510472,-0.008448191044409118,0.009488155207003827,-0.00159381778197293,3589.149169921875,3608.0843987186627,3643.675,3645.6758988635374,3730.2196411132813,3690.4777860704503,3714.0492431640623,3670.775548244878,1.0012245296372972,0.9862416899018505,0.9633599453089133,0.9675542660257577,34.82917612877513,39.923471824473395,44.1158395063093,-39.75988706652561,-13.941774714056208,-25.8181123524694,3951.614007216247,3508.8252750103156,3730.2196411132813,0.1187031260373133,0.19133033042812037,0.36503711593985,3539171.8,0.6054145209904759,0.010435217902333482,-0.6359566332535751,0.009216662991350377,1.190306693928349,-0.009439152609603041,-0.4278936623146392,-0.015618158301523688,0.5282307572993605,1
2024-04-03,0.01634984938335804,0.016217629829147533,0.0329339037802799,0.025006504499642916,3602.065771484375,3622.8222977134837,3624.688525390625,3646.879934652553,3723.4166015625,3686.841625083086,3715.706865234375,3670.050942262849,1.0139454211570518,1.0076170876805268,0.980899664617295,0.9829349375957163,47.9345717352821,45.9961365384757,47.94782234802284,-37.3239097111491,-18.61820171347479,-18.70570799767431,3945.607193229931,3501.226009895069,3723.4166015625,0.11934769349966937,0.33996058220632625,0.8542740679135246,3783790.4,1.0500290925205582,-0.008412605360510472,0.36503711593985,0.010435217902333482,-0.6359566332535751,0.009216662991350377,1.190306693928349,-0.008540155076332545,-0.4120574422659776,1
2024-04-04,0.01418714257992404,0.014087446897440693,0.023330727450991542,0.006891558428878689,3632.118505859375,3649.9194549860727,3627.09423828125,3657.2860864486793,3719.8358520507813,3688.486591221006,3718.07,3671.386739410629,1.0198218377389756,1.021234499627034,0.995773447231317,0.9962463776989808,56.86032686469227,50.72652449734947,51.05561074914365,-30.85659267764322,-21.065879906308478,-9.790712771334743,3940.843950189678,3498.827753911885,3719.8358520507813,0.11882680146601231,0.46443098091896495,-0.1455927250578265,3230133.2,1.050927868856925,0.01634984938335804,0.8542740679135246,-0.008412605360510472,0.36503711593985,0.010435217902333482,-0.6359566332535751,-0.009439152609603041,-0.4278936623146392,0
2024-04-05,-0.0060076917753368875,-0.006025810560067349,0.01042910096123643,0.0003142282554047242,3651.169677734375,3660.566501891757,3627.866845703125,3661.7541790403966,3718.3160888671873,3687.855544028827,3718.7398876953125,3671.79747887308,1.0084057769639987,1.0148830572610323,0.99019569818897,0.9900828524968324,52.362588103724974,48.75148724044035,49.717050261337945,-27.21314627383299,-22.29533317981338,-4.9178130940196105,3939.928979926296,3496.7031978080786,3718.3160888671873,0.11920067351058622,0.41774961061642646,-0.5178220823021725,3212023.8,0.5095911804887623,0.01418714257992404,-0.1455927250578265,0.01634984938335804,0.8542740679135246,-0.008412605360510472,0.36503711593985,0.009216662991350377,1.190306693928349,0
2024-04-08,-0.001683652720749218,-0.0016850716568787031,0.018287976602127613,-0.0026236382555548357,3661.495654296875,3665.598208292422,3627.8298583984374,3664.282804868279,3714.0714599609373,3686.69421803501,3720.855048828125,3671.949013862126,1.0038689017096745,1.0131846763939554,0.9896582929862121,0.9878540208792578,51.05021554177466,48.18863116888588,49.33869534382299,-24.542978020042028,-22.74486214785911,-1.798115872182919,3935.5376540320917,3492.605265889783,3714.0714599609373,0.11925790683278004,0.4132828397844623,0.40671509800411654,3059319.4,0.7526307975558224,-0.0060076917753368875,-0.5178220823021725,0.01418714257992404,-0.1455927250578265,0.01634984938335804,0.8542740679135246,0.010435217902333482,-0.6359566332535751,0
2024-04-09,-0.006544979213590207,-0.006566491506424504,0.023007448962945966,-0.009400088145550975,3673.10771484375,3660.9336362574486,3631.1284423828124,3661.9776571081375,3706.574499511719,3683.3523393828664,3722.7934716796876,3671.151189482729,0.9941457685628573,1.0056390320886723,0.9851695932912018,0.9808775372489122,45.8475823805584,45.97045073927757,47.85470223500333,-24.090361004379247,-23.013961919163137,-1.07639908521611,3925.8291534384316,3487.319845585006,3706.574499511719,0.11830581252614564,0.3746434651676928,-0.18481605949608648,2661770.1,0.7051668361591409,-0.001683652720749218,0.40671509800411654,-0.0060076917753368875,-0.5178220823021725,0.01418714257992404,-0.1455927250578265,-0.008412605360510472,0.36503711593985,1
2024-04-10,0.00965395937092084,0.009607657663179543,0.018119521900633574,0.007140329768804447,3680.019482421875,3669.574735369549,3641.042626953125,3666.501161923703,3700.2040405273438,3683.6861102600938,3726.01986328125,3671.767101016495,1.001857993199366,1.012582743827683,0.9963928727206914,0.98948933952998,53.88253382018185,49.6294243783812,50.16116682848898,-20.649051936858996,-22.540979922702313,1.8919279858433171,3913.906010625247,3486.5020704294407,3700.2040405273438,0.11550820860540806,0.4687716801874146,0.11985826258183296,2527874.1,0.8315149081198308,-0.006544979213590207,-0.18481605949608648,-0.001683652720749218,0.40671509800411654,-0.0060076917753368875,-0.5178220823021725,0.01634984938335804,0.8542740679135246,1
2024-04-12,0.004203725676207082,0.004194914705398757,0.01695659002153421,0.007655477799987391,3679.667822265625,3680.5016464963664,3655.8931640625,3673.0201268012115,3691.374719238281,3685.46414440199,3729.728330078125,3672.9666448491816,1.0061656778764356,1.012708879226621,1.0029747046417397,0.9926608967448437,57.14408655780986,51.19431673749555,51.15843501280956,-16.48120240497701,-21.329024419157257,4.847822014180245,3888.7783311705825,3493.97110730598,3691.374719238281,0.1069539816174695,0.5278129397031617,1.0717856862507227,2766498.7,1.5741272533401154,0.00965395937092084,0.11985826258183296,-0.006544979213590207,-0.18481605949608648,-0.001683652720749218,0.40671509800411654,0.01418714257992404,-0.1455927250578265,0
2024-04-15,-0.015044727121564239,-0.01515904708627663,0.03682886028164878,-0.015044722507394049,3672.626611328125,3669.2192780027863,3661.89814453125,3668.2263839311045,3681.76123046875,3681.7679916985267,3732.331103515625,3671.9347976400227,0.992928202874643,0.9958372398919969,0.9904647022836255,0.9770447583229425,44.074428564801224,45.69924868110648,47.566669953116815,-17.471352107754683,-20.557489956876744,3.0861378491220606,3867.8910547361106,3495.6314062013894,3681.76123046875,0.10110912284426612,0.40569300328061064,-0.03547608501015309,2755353.3,1.5244248351019087,0.004203725676207082,1.0717856862507227,0.00965395937092084,0.11985826258183296,-0.006544979213590207,-0.18481605949608648,-0.0060076917753368875,-0.5178220823021725,0
2024-04-16,-0.017355242594798592,-0.017507610310195515,0.01700316377953742,-0.007483329362346227,3654.16748046875,3640.601507600816,3657.8315673828124,3652.7972171794263,3666.2722778320312,3672.3963702793217,3733.383125,3668.4615101559775,0.9806244475519242,0.9796421461146672,0.9773867556055654,0.9598173685420713,33.82063882826371,40.393891956795784,43.89036096736338,-23.096667885412444,-21.065325542583885,-2.031342342828559,3829.6258366962224,3502.91871896784,3666.2722778320312,0.08911152608708413,0.2462365937675014,-0.27352833551847966,2903527.7,1.0509353845668494,-0.015044727121564239,-0.03547608501015309,0.004203725676207082,1.0717856862507227,0.00965395937092084,0.11985826258183296,-0.001683652720749218,0.40671509800411654,0
2024-04-18,-0.0027886283103208953,-0.0027925237779404272,0.022268254790264144,-0.0038175940573976163,3638.521240234375,3618.1921020724194,3655.8144775390624,3638.356503331462,3649.744738769531,3662.965600825636,3733.5283935546877,3664.7325603857676,0.9820949377735243,0.9774492969952531,0.9790748522923678,0.9571035530851878,32.43081775801457,39.61195281792396,43.335102904787874,-28.037893210737366,-22.459839076214582,-5.578054134522784,3776.323237238066,3523.166240300996,3649.744738769531,0.06936293222041036,0.19832377268683407,0.1392348480379626,3036889.5,1.1446857055549766,-0.017355242594798592,-0.27352833551847966,-0.015044727121564239,-0.03547608501015309,0.004203725676207082,1.0717856862507227,-0.006544979213590207,-0.18481605949608648,0
2024-04-19,-0.009269747345290735,-0.009312978823873828,0.01349907143994282,-0.003074530700397383,3609.199658203125,3592.21107586078,3644.6095703125,3620.518779714378,3634.6490478515625,3651.278307741052,3730.93580078125,3659.850853054463,0.9808958657610112,0.9713657814748997,0.9740277470613394,0.948890362223917,27.983568622103093,37.05152514408158,41.50740227510668,-34.23209515891176,-24.81429029275402,-9.417804866157741,3735.165284341358,3534.132811361767,3634.6490478515625,0.055310009393732595,0.030424000585984896,-0.14916358962616405,2935355.4,1.0076289228895419,-0.0027886283103208953,0.1392348480379626,-0.017355242594798592,-0.27352833551847966,-0.015044727121564239,-0.03547608501015309,0.00965395937092084,0.11985826258183296,1
2024-04-22,0.010036094410952101,0.009986067255161898,0.017078093032194097,0.007193145075905682,3583.884423828125,3586.7338161988537,3631.776123046875,3612.384328289036,3629.4351806640625,3644.0879257538086,3728.92427734375,3656.5539292827198,0.9977384519156822,0.9845814212455098,0.985216464513565,0.9589305201504814,38.53187178980446,41.42508313371409,44.15988811255417,-35.86066922974442,-27.0235660801521,-8.837103149592316,3730.8034980694033,3528.0668632587217,3629.4351806640625,0.05585900414774393,0.23534194330902683,-0.41547338871554007,2768780.0,0.6244205028929709,-0.009269747345290735,-0.14916358962616405,-0.0027886283103208953,0.1392348480379626,-0.017355242594798592,-0.27352833551847966,0.004203725676207082,1.0717856862507227,1
2024-04-23,0.0026133398587173673,0.002609931023780018,0.008878081600446435,-0.0006061561307314749,3571.5783203125,3586.1972186117364,3622.1024658203123,3607.4279092251204,3624.984655761719,3638.472316009398,3724.08884765625,3653.752756504476,1.0037926378508801,0.9897908900336873,0.9890039169515208,0.9626848794689183,41.175638128524696,42.555531228086146,44.85052676453738,-35.98250070783524,-28.81535300568873,-7.1671477021465115,3725.927196857938,3524.0421146655,3624.984655761719,0.05569267220801954,0.30255781214075306,0.04552245582841641,2785856.7,0.6488438547467283,0.010036094410952101,-0.41547338871554007,-0.009269747345290735,-0.14916358962616405,-0.0027886283103208953,0.1392348480379626,-0.015044727121564239,-0.03547608501015309,0
2024-04-24,-0.0112653551309434,-0.011329289862524761,0.019198404586393564,-0.015154229093026989,3563.852392578125,3572.3769217828244,3609.0099365234373,3596.029439934189,3618.4198974609376,3629.5450790680266,3719.419033203125,3649.4776024503794,0.9946361234003588,0.9821907920651634,0.9796365343370896,0.9530349488673531,33.83729547099466,39.047975172404236,42.46695883216635,-38.889706184740135,-30.830223641499014,-8.05948254324112,3722.2650479147405,3514.5747470071346,3618.4198974609376,0.057398065120453035,0.14522383080027979,-0.2712313549673432,2687334.1,0.4901928643706787,0.0026133398587173673,0.04552245582841641,0.010036094410952101,-0.41547338871554007,-0.009269747345290735,-0.14916358962616405,-0.017355242594798592,-0.27352833551847966,1
2024-04-25,0.005520674635862477,0.005505491566536009,0.01626340873730904,0.010757766720529291,3562.0388671875,3569.686502542717,3600.2800537109374,3590.261480684791,3615.704248046875,3623.3318014484526,3714.2023876953126,3646.1375264351686,1.000636376232691,0.9900078912996345,0.9857846271546852,0.9596422844028636,39.89289652023993,41.56136785784842,43.98159064752883,-39.16315711112156,-32.496810335423525,-6.666346775698038,3722.193582800981,3509.214913292769,3615.704248046875,0.05890378606692141,0.25866792621505663,1.1682570264295777,2785262.0,1.025494549525323,-0.0112653551309434,-0.2712313549673432,0.0026133398587173673,0.04552245582841641,0.010036094410952101,-0.41547338871554007,-0.0027886283103208953,0.1392348480379626,0
2024-04-26,-0.008008208010797158,-0.008040445935928295,0.019430305547125767,-0.008767442393602167,3561.141455078125,3558.3783226586866,3585.170556640625,3580.3524774494877,3613.106591796875,3614.991816823898,3708.4222705078123,3641.809072962834,0.9928732142467103,0.9862186211312923,0.9785933165985605,0.9534410336734538,34.51692357974379,39.03309425425813,42.27701018295315,-41.20808591204195,-34.23906545074721,-6.96902046129474,3724.616512065655,3501.5966715280947,3613.106591796875,0.06172523142381135,0.15319395476285558,-0.28606984421296155,2778983.3,0.7337856258438114,0.005520674635862477,1.1682570264295777,-0.0112653551309434,-0.2712313549673432,0.0026133398587173673,0.04552245582841641,-0.009269747345290735,-0.14916358962616405,1
2024-04-29,0.01278330694858143,0.012702290191159175,0.015141361788944882,0.008389773624772076,3562.177734375,3565.9057795589165,3573.0310791015627,3580.4630621603765,3614.462121582031,3611.7507574463243,3703.786689453125,3639.4228619979926,1.0052728865275642,1.0022192961892193,0.9907312825267642,0.9668377240936936,47.5697887358485,44.763208919047926,45.77146701821681,-38.735033557283714,-35.13825907205452,-3.596774485229197,3723.6936088558896,3505.2306343081727,3614.462121582031,0.060441351216068834,0.34664940000925076,-0.45532317433789493,2454570.5,0.45249993838025837,-0.008008208010797158,-0.28606984421296155,0.005520674635862477,1.1682570264295777,-0.0112653551309434,-0.2712313549673432,0.010036094410952101,-0.41547338871554007,0
2024-04-30,-0.012803035803707674,-0.012885701001572318,0.018779527523834518,-0.013261905386428288,3552.175634765625,3555.641694836153,3561.8769775390624,3572.2176918386035,3611.887561035156,3604.4519734410196,3697.701220703125,3635.332299778096,0.9951967157231724,0.9924861379780363,0.9787440682061188,0.9560300614873412,38.49030429914772,40.59532040958184,42.99900955826959,-40.01335598274591,-36.113278454192795,-3.900077528553112,3725.9447288278625,3497.8303932424496,3611.887561035156,0.06315654397614635,0.16344054858496795,0.9835165972955624,2254845.4,0.9770417076044327,0.01278330694858143,-0.45532317433789493,-0.008008208010797158,-0.28606984421296155,0.005520674635862477,1.1682570264295777,0.0026133398587173673,0.04552245582841641,1
2024-05-02,0.011163049277183923,0.011101202284319477,0.024085638612602742,0.022564550203998217,3558.143603515625,3561.9531871824356,3560.997998046875,3572.6465063906753,3609.4147827148436,3601.606659006161,3693.31916015625,3632.9497065269943,1.004618298244944,1.0038130248417922,0.9903478505693825,0.9678492480253923,48.383545899392566,45.31508961374992,45.95748909637627,-37.41088060242873,-36.372798883839984,-1.0380817185887494,3724.451779974087,3494.3777854556,3609.4147827148436,0.06374274179301591,0.34857649421545456,0.13071076012742178,2198807.8,1.1329066596907653,-0.012803035803707674,0.9835165972955624,0.01278330694858143,-0.45532317433789493,-0.008008208010797158,-0.28606984421296155,-0.0112653551309434,-0.2712313549673432,0
2024-05-03,-0.005151124231839166,-0.005164437009123528,0.024977884799720677,-0.012017531759337619,3556.515087890625,3560.023153434124,3559.2769775390625,3569.6495208537344,3607.5457275390627,3597.2786996662885,3688.511474609375,3629.938466503877,0.9999010261606021,0.9991251336658504,0.9857568980458595,0.9641187537078515,44.488356649739785,43.57542013553231,44.817851230569104,-36.4144195034346,-36.38112300775891,-0.033296495675692483,3724.747735906071,3490.3437191720545,3607.5457275390627,0.06497603479968035,0.2807945345071976,0.1891536239424112,2147402.8,1.3794496309681632,0.011163049277183923,0.13071076012742178,-0.012803035803707674,0.9835165972955624,0.01278330694858143,-0.45532317433789493,0.005520674635862477,1.1682570264295777,1
2024-05-06,0.02020356385028088,0.020002179786493206,0.022175169938945624,0.01766157509164927,3574.96474609375,3582.6855202581664,3568.0531005859375,3580.2605632269187,3606.331335449219,3600.2055143558086,3684.67625,3629.8628503235777,1.014838050604684,1.0168038848161947,1.006011349607268,0.9846211736801164,59.376438022273064,51.413462530841386,49.90715792674937,-29.48733920895529,-35.00236624799818,5.5150270390428915,3722.1485027833282,3490.5141681151094,3606.331335449219,0.06422990932400434,0.5935911271016144,-0.3066614588854223,2057011.0,0.9984540675766926,-0.005151124231839166,0.1891536239424112,0.011163049277183923,0.13071076012742178,-0.012803035803707674,0.9835165972955624,-0.008008208010797158,-0.28606984421296155,1
2024-05-07,0.014766495764225951,0.014658532593140006,0.018723532820024126,0.012249389881356234,3595.0892578125,3615.6514308231526,3578.63349609375,3598.6828702680473,3605.2048095703126,3607.9557750793624,3682.3658740234373,3631.891101367874,1.0240589281483525,1.0287678958942708,1.0211856042630532,0.9997874675963534,67.06141649012858,56.289287835030684,53.28066963050045,-19.450472020550933,-31.891987402508732,12.4415153819578,3717.5828737624606,3492.8267453781646,3605.2048095703126,0.06234212486005301,0.8398280746864344,0.004031977314589152,2090333.9,0.9864988555177716,0.02020356385028088,-0.3066614588854223,-0.005151124231839166,0.1891536239424112,0.011163049277183923,0.13071076012742178,0.01278330694858143,-0.45532317433789493,0
2024-05-08,-0.0005026603531288476,-0.000502786729195418,0.01149120600786253,0.004026748591738148,3624.0130859375,3637.0118425539767,3588.0943603515625,3613.419196767607,3605.0984130859374,3614.7916694542446,3681.3721435546877,3633.7672411579815,1.0153751045475905,1.0255395473086397,1.0207024176257649,0.9995546558524563,66.55401816256042,56.079930758290715,53.15084135215542,-11.512796924700524,-27.81614930694709,16.303352382246565,3717.1896366427604,3493.0071895291144,3605.0984130859374,0.06218483420588442,0.8329174691890701,-0.39494799506525347,2034343.8,0.6133107884714472,0.014766495764225951,0.004031977314589152,0.02020356385028088,-0.3066614588854223,-0.005151124231839166,0.1891536239424112,-0.012803035803707674,0.9835165972955624,0
2024-05-09,-0.004211798090323349,-0.004220692695539849,0.015390624696573537,-0.0004543283261294615,3641.9447265625,3646.086020035985,3600.0441650390626,3622.6583200825876,3604.52705078125,3619.5004985538403,3680.7929248046876,3634.9620307204136,1.006120259946542,1.0178303951335665,1.0165645376987278,0.9955013633901815,61.97262518472069,54.25981326565367,52.03586349608642,-6.398951652278811,-23.532709776013434,17.133758123734623,3715.2822570352337,3493.7718445272667,3604.52705078125,0.061453391634266274,0.7695463546960907,0.3837515077924316,2075261.2,0.8319367219895019,-0.0005026603531288476,-0.39494799506525347,0.014766495764225951,0.004031977314589152,0.02020356385028088,-0.3066614588854223,0.011163049277183923,0.13071076012742178,0
2024-05-10,-0.01674168535804288,-0.016883411421246025,0.02274071009756227,-0.017337150764502846,3651.289892578125,3631.686985362532,3603.902490234375,3619.0638829795034,3602.091271972656,3617.91844307401,3677.2177001953123,3633.7042615163045,0.9867441430326079,0.9997187564809269,1.0002214391537425,0.9797866783422315,47.024340070610236,47.665368943210574,47.8629138793998,-7.21311004269819,-20.268789829350386,13.055679786652195,3710.720288528893,3493.4622554164193,3602.091271972656,0.060314416462160896,0.5036714133491023,-0.031275666295585314,1956883.0,0.8546699010620461,-0.004211798090323349,0.3837515077924316,-0.0005026603531288476,-0.39494799506525347,0.014766495764225951,0.004031977314589152,-0.005151124231839166,0.1891536239424112,1
2024-05-13,0.013842448073455582,0.01374751644339184,0.021530979013294135,0.016295546100688625,3656.240185546875,3638.711896491688,3615.6024658203123,3625.1907622105027,3600.386511230469,3621.236850281247,3675.287607421875,3634.4516127803713,0.9990486219120326,1.0102774719513465,1.0145471069164824,0.9938709861436732,56.8876248706776,52.69852747968827,51.2033346387404,-3.7903255430746867,-16.973096972095245,13.182771429020558,3704.622271689793,3496.150750771145,3600.386511230469,0.05790253914916503,0.7512343522450224,-0.44314970083510263,1846097.8,0.504483565280236,-0.01674168535804288,-0.031275666295585314,-0.004211798090323349,0.3837515077924316,-0.0005026603531288476,-0.39494799506525347,0.02020356385028088,-0.3066614588854223,0
2024-05-14,-0.011804264110952034,-0.011874487608082981,0.013559967996124944,-0.008841475820153726,3641.85224609375,3629.0224492236257,3618.470751953125,3622.36399720632,3595.7509155273438,3620.132726891366,3673.43984375,3633.4787477571217,0.9911559587732321,0.9975605171712774,1.0038636266767436,0.9826330927479204,47.89339301410956,48.36754289811376,48.38893193452661,-4.505087805699532,-14.479495138816102,9.97440733311657,3689.1144184587965,3502.387412595891,3595.7509155273438,0.05192990567187846,0.574400802904515,0.13635504646063779,1840860.2,0.5749035152153325,0.013842448073455582,-0.44314970083510263,-0.01674168535804288,-0.031275666295585314,-0.004211798090323349,0.3837515077924316,0.014766495764225951,0.004031977314589152,0
2024-05-15,-0.005331651459915765,-0.005345915436519231,0.013258930127484908,-0.00617239023082335,3623.9853515625,3616.147697268876,3623.99921875,3616.552032870512,3592.938098144531,3617.300866554986,3669.294658203125,3631.7893142513276,0.990731982901464,0.9907281918779731,0.9992930841790824,0.9784981931970582,44.25026252633643,46.52945361788733,47.17374400350523,-6.548989196544426,-12.893393950361768,6.344404753817342,3683.3404787684203,3502.535717520642,3592.938098144531,0.05032225891705452,0.4859522240032422,0.053579409571990144,1732054.5,0.6437563021255971,-0.011804264110952034,0.13635504646063779,0.013842448073455582,-0.44314970083510263,-0.01674168535804288,-0.031275666295585314,-0.0005026603531288476,-0.39494799506525347,1
2024-05-16,0.01260265093714108,0.012523898501203914,0.016918955850785254,0.0025313801414561968,3618.267822265625,3622.647374351126,3630.1062744140627,3620.023795715078,3595.552136230469,3619.0480915036183,3665.7851904296876,3631.940585398947,1.0048031011256424,1.0015262512121512,1.0111511642067832,0.9917784429942198,53.87448390344076,51.22289832718763,50.257585362152845,-4.466134328512908,-11.207942025991997,6.741807697479089,3687.7027625112228,3503.401509949715,3595.552136230469,0.05125812269676244,0.7175492121073628,1.3312556445125248,1742890.0,1.4914303254938637,-0.005331651459915765,0.053579409571990144,-0.011804264110952034,0.13635504646063779,0.013842448073455582,-0.44314970083510263,-0.004211798090323349,0.3837515077924316,0
2024-05-17,-0.017136899041601206,-0.01728543510680831,0.023473565558451787,-0.021663664798098985,3612.358642578125,3606.212588760126,3631.824267578125,3611.536381508359,3595.5506225585937,3614.695227320238,3661.4710009765627,3629.642641562836,0.9891994043614244,0.9838975551427223,0.9938235871743434,0.975930989655542,42.1777973128367,45.32365772456806,46.34599724413585,-7.753468460215117,-10.51704731283662,2.763578852621503,3687.7027070169515,3503.398538100236,3595.5506225585937,0.05125895537678869,0.3795056828556931,0.06401672078815146,1723247.0,1.60499568547051,0.01260265093714108,1.3312556445125248,-0.005331651459915765,0.053579409571990144,-0.011804264110952034,0.13635504646063779,-0.01674168535804288,-0.031275666295585314,0
2024-05-21,-0.003625410132933493,-0.0036319978592088895,0.009083281402909477,-0.002715017547965535,3593.883935546875,3590.937787038001,3625.062060546875,3602.236709160248,3596.557580566406,3609.523127917715,3656.9115869140624,3626.9267804660094,0.990679790289881,0.9821592359322621,0.9899433288186199,0.9736052127522817,40.067532049989644,44.18419140458298,45.57161891233682,-11.274090579701351,-10.668455966209567,-0.6056346134917838,3686.6884679581517,3506.4266931746606,3596.557580566406,0.05012064195983273,0.29935071084206,-0.3101040420796267,1708675.6,1.1167227998105667,-0.017136899041601206,0.06401672078815146,0.01260265093714108,1.3312556445125248,-0.005331651459915765,0.053579409571990144,0.013842448073455582,-0.44314970083510263,1
2024-05-22,0.003088796469946864,0.003084035938486557,0.006184747174288861,-0.000782268578878743,3586.23232421875,3584.4203573742925,3614.04228515625,3596.6273980487254,3596.337890625,3605.8909726919205,3652.8247216796876,3624.748690959377,0.9958600489790886,0.9881969319272835,0.9930617218579012,0.9777051378486717,42.89705513489991,45.438211833866234,46.37033083825608,-13.026654442528525,-11.140095661473358,-1.8865587810551663,3686.6914358813096,3505.9843453686904,3596.337890625,0.05024752846046248,0.3619180215488971,-0.31284716817679414,1633581.2,0.8026341145453927,-0.003625410132933493,-0.3101040420796267,-0.017136899041601206,0.06401672078815146,0.01260265093714108,1.3312556445125248,-0.011804264110952034,0.13635504646063779,1
2024-05-23,0.016036003949852384,0.015908785486932094,0.02041890893603795,0.013668493645428046,3593.883935546875,3599.1656549161953,3608.9346435546877,3602.4508256762297,3598.514501953125,3608.059094340309,3651.1527294921875,3624.9019285688137,1.0096754138633122,1.0054646615672393,1.0083761641173088,0.9938385268546911,55.62555097762506,51.543802030756254,50.354010976063904,-9.682686892158017,-10.848613907610291,1.165927015452274,3689.775433900852,3507.253570005398,3598.514501953125,0.0507214473629017,0.6651404790833152,0.5983779347879143,1718386.9,1.2195984501511272,0.003088796469946864,-0.31284716817679414,-0.003625410132933493,-0.3101040420796267,-0.017136899041601206,0.06401672078815146,-0.005331651459915765,0.053579409571990144,0
2024-05-24,-0.011288116188844066,-0.011352310518276057,0.010261072866606066,-0.007413137368658538,3584.293701171875,3595.3422888243385,3601.28076171875,3599.768049487938,3600.662463378906,3606.119709797482,3647.695556640625,3623.4428551598653,1.0009491006464224,0.9962276739923934,0.9963987441560649,0.9835512588514219,46.90203654887428,47.45375122314619,47.69351627478866,-10.21994498373033,-10.7228801228343,0.50293513910397,3688.725476422399,3512.599450335413,3600.662463378906,0.04891489493344704,0.42637711173999393,-0.3751845408451995,1676683.5,0.7809774474431221,0.016036003949852384,0.5983779347879143,0.003088796469946864,-0.31284716817679414,-0.003625410132933493,-0.3101040420796267,0.01260265093714108,1.3312556445125248,0
2024-05-27,-0.0006363982364038234,-0.000636600823716838,0.017415941864444673,-0.002062244143158215,3586.707568359375,3592.032310388101,3599.53310546875,3597.157922947517,3601.7177978515624,3604.1475806277813,3643.3729296875,3621.9514629385226,0.999638884737865,0.9960770601243614,0.9954728700994665,0.9840915060603345,46.42852984696857,47.22878312205409,47.546483794672476,-10.70654294027554,-10.719612686322549,0.013069746047008834,3688.509439970855,3514.9261557322698,3601.7177978515624,0.0481945821358154,0.40606558455521535,0.4063425005269379,1693588.4,1.0873586521967205,-0.011288116188844066,-0.3751845408451995,0.016036003949852384,0.5983779347879143,0.003088796469946864,-0.31284716817679414,-0.017136899041601206,0.06401672078815146,0
2024-05-28,-0.001858659993031364,-0.0018603894448237005,0.010416938206015665,-0.004691575338582155,3590.37958984375,3587.6043039306096,3592.1317626953123,3593.810717141718,3603.8671142578123,3601.7286006647187,3638.6625732421876,3620.2572209023306,0.9967604264292759,0.9962742258458679,0.9930300362233638,0.9835339823298931,44.88547433751975,46.53533742848072,47.10147128060757,-11.497374895514895,-10.875165128161019,-0.6222097673538762,3686.0242570604014,3521.7099714552232,3603.8671142578123,0.04559388023912124,0.34712940113713564,-0.021473898447927797,1780655.1,1.0119831740576823,-0.0006363982364038234,0.4063425005269379,-0.011288116188844066,-0.3751845408451995,0.016036003949852384,0.5983779347879143,-0.003625410132933493,-0.3101040420796267,0
2024-05-29,-0.009440427032600063,-0.009485270313512852,0.012856047112437563,-0.011756606081765205,3585.095166015625,3573.3906622558234,3585.6637451171873,3584.9293829170874,3602.067248535156,3596.322389068674,3631.9830029296877,3617.30452121621,0.9888059353375613,0.9886491402696749,0.9841469173980224,0.9760407402916687,37.51164263214186,43.0817721127941,44.86612204907033,-14.681041069791718,-11.636340316487159,-3.044700753304559,3687.6582949769704,3516.4762020933417,3602.067248535156,0.04752329178563862,0.16641446738400462,-0.12979961631371484,1831632.9,0.8561186032419488,-0.001858659993031364,-0.021473898447927797,-0.0006363982364038234,0.4063425005269379,-0.011288116188844066,-0.3751845408451995,0.003088796469946864,-0.31284716817679414,0
2024-05-30,-0.017759227336870076,-0.017918814669514994,0.0211316477364732,-0.010828674170968958,3555.7654296875,3542.9296309570077,3574.8246826171876,3566.2163257247757,3599.4119506835937,3585.435263286836,3624.84466796875,3611.9987583590796,0.979256825910868,0.9740358975618744,0.9673823435792279,0.9605949736628532,27.640069805927894,37.497295665938765,41.05398460423105,-22.030177049733084,-13.715107663136344,-8.31506938659674,3695.765102974954,3503.0587983922333,3599.4119506835937,0.05353827436899029,-0.10923996533710624,0.8616410357790822,2012053.8,1.4508707470943372,-0.009440427032600063,-0.12979961631371484,-0.001858659993031364,-0.021473898447927797,-0.0006363982364038234,0.4063425005269379,0.016036003949852384,0.5983779347879143,0
2024-05-31,-0.01743799721545669,-0.017591830070053275,0.026164902846867514,-0.01846257990056819,3522.483984375,3502.382530664047,3553.3888427734373,3539.865781061748,3591.74755859375,3569.8022220288635,3615.4075341796874,3604.519918034336,0.9712715076219629,0.9628240762437338,0.9525414228770678,0.9463077945525146,21.32535405178905,33.04783748726321,37.80133728956022,-32.38069089064493,-17.44822430863806,-14.932466582006867,3715.324255400911,3468.170861786589,3591.74755859375,0.06881146004344706,-0.1896900181011596,2.753318512073389,2847793.9,3.8474694394141373,-0.017759227336870076,0.8616410357790822,-0.009440427032600063,-0.12979961631371484,-0.001858659993031364,-0.021473898447927797,-0.011288116188844066,-0.3751845408451995,1
2024-06-03,0.008689917370964695,0.008652377361960934,0.0150019707422901,-0.008023454452449846,3495.605322265625,3485.261368098948,3541.1564453125,3523.7118286812024,3586.4903564453125,3558.489538308853,3606.34943359375,3598.5002758749015,0.987245047656588,0.9745457723385628,0.9622273308965948,0.9569286355953,30.407766936206002,36.99039152443927,40.235735103681336,-37.74937630873774,-21.508454708657997,-16.24092160007974,3723.8522848651246,3449.1284280255004,3586.4903564453125,0.07659963628395532,0.0068818739114939265,-0.8031566698306075,2786890.8,0.7738993576641037,-0.01743799721545669,2.753318512073389,-0.017759227336870076,0.8616410357790822,-0.009440427032600063,-0.12979961631371484,-0.0006363982364038234,0.4063425005269379,1
2024-06-04,0.0032813422552526728,0.003275970399811071,0.04131897711978458,0.004054054054054099,3472.324267578125,3477.6219179253403,3531.3519287109375,3512.5538630260976,3578.206994628906,3549.332726810688,3598.753037109375,3593.160775549538,0.9971254844793164,0.980458217553524,0.9676195431888933,0.9620951984966386,33.803561595007366,38.476439244490045,41.15679878209531,-40.62208199443057,-25.331180165812512,-15.290901828618061,3724.2603239980485,3432.153665259764,3578.206994628906,0.08163492474771683,0.10335044209111852,0.574573216560111,2935678.8,1.1568012822111193,0.008689917370964695,-0.8031566698306075,-0.01743799721545669,2.753318512073389,-0.017759227336870076,0.8616410357790822,-0.001858659993031364,-0.021473898447927797,1
2024-06-05,0.008465664726874156,0.008430031949435847,0.02236785488136919,0.008194281800827402,3461.66240234375,3482.2992961950185,3523.3787841796875,3508.7538975185116,3568.7105346679687,3543.839519755801,3594.9849853515625,3589.1801197528653,1.0086639443437115,0.990995935041739,0.9784077522721346,0.9712569223409198,42.30509337313325,42.271618628004425,43.52242269543726,-40.071645388198704,-28.27927321028975,-11.792372177908952,3711.3001424488293,3426.120926887108,3568.7105346679687,0.07991099664468984,0.22979629044208402,-0.17559703380185554,3084529.0,0.9076491094750608,0.0032813422552526728,0.574573216560111,0.008689917370964695,-0.8031566698306075,-0.01743799721545669,2.753318512073389,-0.009440427032600063,-0.12979961631371484,1
2024-06-06,0.022407855226766582,0.02216048773638995,0.02568919821753887,0.013065300805011887,3479.239794921875,3511.4977078800125,3517.5026123046873,3519.870376378782,3563.2186279296875,3546.320949421915,3592.900185546875,3588.423822164518,1.0260559034937575,1.014894635404687,1.001873559839406,0.9935969124916357,58.78798869201587,50.96658678269124,49.241758762611845,-32.94232901582291,-29.211884371396383,-3.730444644426523,3696.433678612401,3430.003577246974,3563.2186279296875,0.07477231379434855,0.5250568658950291,0.5459093393149907,3307758.4,1.3084498553461463,0.008465664726874156,-0.17559703380185554,0.0032813422552526728,0.574573216560111,0.008689917370964695,-0.8031566698306075,-0.017759227336870076,0.8616410357790822,1
2024-06-07,0.01659083722054988,0.016454712829068414,0.019954018964340105,0.014762958753004077,3520.80654296875,3550.7058286908423,3521.645263671875,3539.734320730367,3561.4630126953125,3554.2067704591136,3591.9619970703125,3590.0198318958114,1.0307644075361262,1.0305189190260928,1.0189975460579004,1.0103453414241288,67.09121467286151,56.32887186671256,53.023015632005205,-22.256567157655354,-27.820820928648182,5.564253770992828,3690.1554270068773,3432.7705983837477,3561.4630126953125,0.07226940942686948,0.7628711955523061,0.05185007703263089,3632057.7,1.2534065744605323,0.022407855226766582,0.5459093393149907,0.008465664726874156,-0.17559703380185554,0.0032813422552526728,0.574573216560111,-0.01743799721545669,2.753318512073389,0
2024-06-10,-0.009052475619722333,-0.009093698243592916,0.016585897014501767,-0.009319653100930669,3549.856640625,3565.893729543895,3522.7309814453124,3550.013449915755,3561.132043457031,3558.2127476772935,3591.5150146484375,3590.264918144995,1.0130745816870026,1.0208754373217894,1.0098669432540497,1.0013238192189564,59.35273216612495,52.87476208981083,50.81814566999409,-16.251610787636764,-25.5069789004459,9.255368112809137,3689.4300441912264,3432.834042722836,3561.132043457031,0.07205461587414083,0.6369370044423601,-0.6189605805232133,3621370.0,0.47900683995283555,0.01659083722054988,0.05185007703263089,0.022407855226766582,0.5459093393149907,0.008465664726874156,-0.17559703380185554,0.008689917370964695,-0.8031566698306075,0
2024-06-11,-0.0017102819219134702,-0.001711746123743117,0.01011135489328877,0.0018465793644344014,3575.41181640625,3573.968785190722,3523.8680419921875,3557.3053492918675,3557.99990234375,3561.2514285160632,3591.5630908203125,3590.259191805363,1.0041133947173972,1.0188006059542267,1.0090272611079802,0.9995978925333016,57.894177120861535,52.22902947841282,50.40610320328603,-11.852318276331061,-22.776046775622937,10.923728499291876,3680.1063469378187,3435.893457749681,3557.99990234375,0.06863768855847015,0.631520470714718,-0.18145505087161118,3583160.5,0.3962697177533633,-0.009052475619722333,-0.6189605805232133,0.01659083722054988,0.05185007703263089,0.022407855226766582,0.5459093393149907,0.0032813422552526728,0.574573216560111,0
2024-06-12,-0.0053088966861694065,-0.005323038953612992,0.017238017697734764,-0.011033966827776163,3591.29287109375,3572.9989655177733,3526.47763671875,3559.8060723609597,3556.070690917969,3562.185514007093,3591.907275390625,3589.5062558981676,0.9943659440630046,1.0126419884217972,1.0042149429965457,0.9941958553992788,53.17037408811839,50.183783511152875,49.11047682542176,-9.790931538540917,-20.179023728206534,10.388092189665617,3676.053159342181,3436.088222493757,3556.070690917969,0.0674803618109401,0.5624617723354048,0.5332094277194559,3644051.1,0.5974123140040489,-0.0017102819219134702,-0.18145505087161118,-0.009052475619722333,-0.6189605805232133,0.01659083722054988,0.05185007703263089,0.008465664726874156,-0.17559703380185554,1
2024-06-13,0.012135795719426579,0.012062747356710282,0.009798486638444431,0.005535639194495442,3600.193359375,3586.798301230599,3539.7165771484374,3569.7316905964667,3557.2706298828125,3567.1580338784415,3592.4631201171874,3590.4823624377004,1.003945236231344,1.0210978460789577,1.0160590375929086,1.006105519195517,61.50301426046701,54.54265949843489,52.0528705439082,-4.607173189227979,-17.064653620410823,12.457480431182844,3679.0686136863196,3435.4726460793054,3557.2706298828125,0.06847833436137499,0.7345126782459619,-0.11239223133108345,3545360.4,0.5450286520941566,-0.0053088966861694065,0.5332094277194559,-0.0017102819219134702,-0.18145505087161118,-0.009052475619722333,-0.6189605805232133,0.022407855226766582,0.5459093393149907,0
2024-06-14,-0.011887072707954416,-0.011958288887299712,0.015918372469757927,-0.014643854762631789,3588.655419921875,3581.676325169358,3554.7309814453124,3570.0409055874497,3554.059912109375,3567.5651137992445,3591.4111328125,3589.735304030217,0.9952006964002761,1.0046983559905769,1.004888060800075,0.9944370724969104,51.00580646605105,49.88268318712805,49.097791476407565,-3.9206961243976366,-14.435862121208187,10.51516599681055,3670.700653064779,3437.419171153971,3554.059912109375,0.0656380274052141,0.5744699527592252,-0.037050224004992915,2635753.4,0.7059575451937196,0.012135795719426579,-0.11239223133108345,-0.0053088966861694065,0.5332094277194559,-0.0017102819219134702,-0.18145505087161118,0.01659083722054988,0.05185007703263089,0
2024-06-18,-0.004423325369702469,-0.004433137218054696,0.012306348449603627,-0.0028619466635645898,3580.528466796875,3572.9958053212385,3565.1925537109373,3567.421607412459,3553.1744995117188,3566.4288901636023,3590.6529443359377,3588.3980280143264,0.9930474784929877,0.9973191383236821,1.0006924135343251,0.9902474064595475,47.526142566229765,48.25033441080535,48.04476250604683,-4.598385669943127,-12.468366830955175,7.869981161012047,3669.484666866807,3436.8643321566306,3553.1744995117188,0.06546831143309831,0.5105763157651136,-0.04658655473926898,2597480.6,0.682986814222982,-0.011887072707954416,-0.037050224004992915,0.012135795719426579,-0.11239223133108345,-0.0053088966861694065,0.5332094277194559,-0.009052475619722333,-0.6189605805232133,0
2024-06-19,-0.0035123881822700653,-0.0035185710997580333,0.010758383620403166,-0.006779604152403109,3571.13388671875,3563.045868912076,3573.2728515625,3563.007859899966,3552.312390136719,3564.211471680759,3588.46990234375,3586.623438527245,0.9921627439595337,0.9915688343095389,0.9974195979868156,0.9873695732489222,44.71278749211246,46.94253039854221,47.204377547530186,-6.073190881397295,-11.1893316410436,5.116140759646305,3668.6515014812044,3435.9732787922335,3552.312390136719,0.06550049577143628,0.46060484760010406,-0.1493733248029221,2408785.9,0.626477429978314,-0.004423325369702469,-0.04658655473926898,-0.011887072707954416,-0.037050224004992915,0.012135795719426579,-0.11239223133108345,-0.0017102819219134702,-0.18145505087161118,0
2024-06-20,-0.0038008710424216607,-0.0038081127083449914,0.007894884769621717,-0.002305057955742843,3562.8578125,3551.9235643007596,3577.075341796875,3556.9480590232674,3550.2270629882814,3560.9226605757462,3584.9812060546874,3584.3903215292407,0.9906875718403721,0.986749961298008,0.9942121707863776,0.9845739077005028,41.61374119204773,45.51005582811113,46.287652275065525,-8.233748767612724,-10.598215066357426,2.364466298744702,3666.619039767613,3433.83508620895,3550.2270629882814,0.06556875079497727,0.41172884730227677,0.8863033034028032,2413471.5,1.179432199634427,-0.0035123881822700653,-0.1493733248029221,-0.004423325369702469,-0.04658655473926898,-0.011887072707954416,-0.037050224004992915,-0.0053088966861694065,0.5332094277194559,1
2024-06-21,0.006205055968968587,0.0061858838775716496,0.020927638916223776,-0.0042461458061144545,3550.294580078125,3551.809313049465,3575.2439697265627,3555.9721956639232,3546.373291015625,3560.0329605729967,3582.3756103515625,3583.1036740397362,1.0003622883791017,0.99338138617111,1.0014684070468394,0.9914038048618622,48.399601156511665,48.27456470169142,48.011743367375374,-8.085505093863048,-10.09567307185855,2.0101679779955024,3657.088353569725,3435.658228461525,3546.373291015625,0.06243847078060574,0.5235176651266642,0.6308282446743856,2444887.4,1.8987357045563735,-0.0038008710424216607,0.8863033034028032,-0.0035123881822700653,-0.1493733248029221,-0.004423325369702469,-0.04658655473926898,0.012135795719426579,-0.11239223133108345,1
2024-06-24,0.0015876512955175226,0.0015863923095770628,0.017213359445446226,0.002113567135707226,3547.452001953125,3553.612702840269,3568.0537109375,3556.1989750744597,3544.8494873046875,3559.76501027289,3580.006767578125,3582.088607701781,1.0027533791756371,0.9969635466858546,1.0034895685025524,0.99363484858112,50.140156589352806,48.9920615443263,48.45896665237574,-7.427408674613616,-9.562020192409564,2.134611517795948,3654.076586559808,3435.622388049567,3544.8494873046875,0.061625803660381145,0.5566251195973584,-0.6333299225904987,2159858.3,0.7880859591575985,0.006205055968968587,0.6308282446743856,-0.0038008710424216607,0.8863033034028032,-0.0035123881822700653,-0.1493733248029221,-0.011887072707954416,-0.037050224004992915,1
2024-06-25,0.005672264625245393,0.005656237908879151,0.014263570112014852,0.0056195837495087615,3551.804443359375,3561.5407927789292,3566.166455078125,3560.0531564529665,3544.4487182617186,3561.444244785591,3578.5226171875,3581.9046220137207,1.0072055006701521,1.003149184907545,1.00929573454534,0.9996854443434718,56.2948264520099,51.58034896413255,50.07271829258917,-5.217562872463532,-8.693128728420358,3.4755658559568268,3653.135034262757,3435.76240226068,3544.4487182617186,0.06132762787119165,0.6515749894136472,-0.21346247166825094,2120273.0,0.631431895798324,0.0015876512955175226,-0.6333299225904987,0.006205055968968587,0.6308282446743856,-0.0038008710424216607,0.8863033034028032,-0.004423325369702469,-0.04658655473926898,1
2024-06-26,0.004533127578223217,0.0045228839010005625,0.006730020751493623,0.002952294877422335,3561.897998046875,3572.231785029703,3566.5159423828127,3566.1550861035635,3545.1919921875,3564.5080090470824,3576.65775390625,3582.36380426931,1.008904177352009,1.0075978427087398,1.0136584358337875,1.0047407431159667,60.828673376022884,53.61744728802829,51.35795358652166,-2.133095181349745,-7.381122019006236,5.248026837656491,3655.003893985118,3435.3800903898823,3545.1919921875,0.06194976296889367,0.7204759982801807,0.2248544974335378,2142267.7,0.7654715608138049,0.005672264625245393,-0.21346247166825094,0.0015876512955175226,-0.6333299225904987,0.006205055968968587,0.6308282446743856,-0.0035123881822700653,-0.1493733248029221,1
2024-06-27,0.020306748041128087,0.020103315458617807,0.03149343706246101,0.026925059343187084,3589.2798828125,3603.683982988552,3576.06884765625,3584.4156847949607,3551.2732421875,3574.2299490336695,3575.942412109375,3585.6667287648766,1.0215387204725792,1.025312580687401,1.032471490886384,1.0253488329369949,74.64002776793974,61.472551787927124,56.632716476201104,6.1291556969458725,-4.679066475815815,10.808222172761688,3673.1671856753806,3429.379298699619,3551.2732421875,0.06864802293433044,0.9730142180124616,1.7603560092569723,2377223.2,1.9041358842535272,0.004533127578223217,0.2248544974335378,0.005672264625245393,-0.21346247166825094,0.0015876512955175226,-0.6333299225904987,-0.0038008710424216607,0.8863033034028032,0
2024-06-28,-0.0076255401227272035,-0.007654763209815065,0.015918933416578074,-0.0034841355644114895,3606.689453125,3615.33220936216,3578.4920166015627,3594.2725897612177,3559.104296875,3580.3631598027846,3575.78189453125,3587.743667327406,1.008855547282204,1.0168050243590938,1.022343926617773,1.0175756714004962,64.47785954783599,57.457512381484435,54.265357794846416,10.30217649019687,-1.682817882613278,11.98499437281015,3682.309324989621,3435.8992687603786,3559.104296875,0.06923372727390928,0.8227318172452807,-0.39654540891574075,2457148.0,1.1116835453135099,0.020306748041128087,1.7603560092569723,0.004533127578223217,0.2248544974335378,0.005672264625245393,-0.21346247166825094,0.006205055968968587,0.6308282446743856,1
2024-07-01,0.018967012691978535,0.018789381481049548,0.029586233124658214,0.024253334493273698,3636.774072265625,3646.102332283107,3592.113037109375,3614.8853149182687,3573.422009277344,3592.4850091668054,3578.2674267578127,3592.4455853979002,1.0194866396567839,1.0321620004220673,1.0375607942468568,1.0361558083668474,74.48253173771448,63.75102228658496,58.73591903574971,18.959617118745882,2.4456691176585545,16.51394800108733,3695.788538432537,3451.055480122151,3573.422009277344,0.06848702942865635,1.0484366099712983,-0.026668902254416982,2536947.3,1.0480008788515238,-0.0076255401227272035,-0.39654540891574075,0.020306748041128087,1.7603560092569723,0.004533127578223217,0.2248544974335378,0.0015876512955175226,-0.6333299225904987,1
2024-07-02,0.009853617396077485,0.009805387078116203,0.010168231818742667,0.005959486204306568,3670.129931640625,3678.793644699155,3610.9671875,3638.3927612115376,3588.079870605469,3606.9317958681813,3581.683486328125,3598.3958083050907,1.0201753995825225,1.0368901391550653,1.043504159482225,1.0453677115310123,78.26345546267628,66.57033728750797,60.86237974131961,28.440816730571896,7.644698640241223,20.796118090330673,3718.2684342713046,3457.891306939633,3588.079870605469,0.07256726068579246,1.0995011947687081,-0.13212132290577094,2590287.7,0.8908079978915083,0.018967012691978535,-0.026668902254416982,-0.0076255401227272035,-0.39654540891574075,0.020306748041128087,1.7603560092569723,0.005672264625245393,-0.21346247166825094,0
2024-07-03,-0.012980836254427919,-0.013065823581551764,0.017930798223630313,-0.01361940298507467,3690.521923828125,3684.3870066223535,3626.2099609375,3648.789301076485,3599.74140625,3615.3738848777593,3584.78998046875,3602.2067072134696,1.0013688596748356,1.0191284482361624,1.0266220023617147,1.0309038327499214,63.63034085310327,59.896171534888424,56.77542103679434,31.66786952994471,12.44933281818192,19.218536711762788,3724.4576088655213,3475.025203634479,3599.74140625,0.06929175656839368,0.8842015801033674,-0.21073098473682406,2621502.5,0.694715339771753,0.009853617396077485,-0.13212132290577094,0.018967012691978535,-0.026668902254416982,-0.0076255401227272035,-0.39654540891574075,0.004533127578223217,0.2248544974335378,1
2024-07-04,0.014046906039279827,0.013949162520484141,0.016227508621683644,0.005275161068658135,3706.70126953125,3705.4197068888607,3647.990576171875,3666.733993139283,3612.532958984375,3627.955906072437,3588.2240966796876,3607.9038993785052,1.0110027312494438,1.0272737906451521,1.0373566552802995,1.0443843546141829,70.50275843804954,64.04275930204986,59.80262642603301,37.97637835158366,17.55474192486227,20.421636426721392,3742.6433004588357,3482.4226175099143,3612.532958984375,0.07203274984709888,1.0186065416021897,0.38260694334169054,2588650.0,0.9727081683502984,-0.012980836254427919,-0.21073098473682406,0.009853617396077485,-0.13212132290577094,0.018967012691978535,-0.026668902254416982,0.020306748041128087,1.7603560092569723,0
2024-07-05,-0.002275549507518071,-0.0022781425047078163,0.009659005814938254,0.0004488899820760739,3726.767041015625,3716.5989777696577,3666.7282470703126,3679.8655433923677,3620.9861083984374,3638.5274883066095,3591.3007666015624,3613.0432570315543,1.0032710599781152,1.0196985616587888,1.032579912653957,1.0411151174813507,68.03877797812353,62.89235310878848,59.08883796968579,41.80589958123301,22.404973456136418,19.40092612509659,3760.542207571841,3481.4300092250337,3620.9861083984374,0.07708181970083801,0.9226666259359566,-0.337325124175884,2291292.1,0.7282423746845721,0.014046906039279827,0.38260694334169054,-0.012980836254427919,-0.21073098473682406,0.009853617396077485,-0.13212132290577094,-0.0076255401227272035,-0.39654540891574075,0
2024-07-08,-0.004636308609270667,-0.004647089623677278,0.013322636437542472,-0.007160628748912315,3729.563037109375,3718.273504711022,3683.1685546875,3687.457727974437,3625.6111328125,3646.441304524433,3594.8384912109377,3617.3012688575227,0.9978709359684723,1.010440468128267,1.0264814460967222,1.0352683625962023,62.83104303058115,60.51272424918174,57.62087508878506,42.94697033216971,26.513372831343077,16.433597500826636,3771.9075499234573,3479.3147157015424,3625.6111328125,0.08070165925239245,0.8281400449760536,0.054096328933679105,2296964.9,0.7657417838644378,-0.002275549507518071,-0.337325124175884,0.014046906039279827,0.38260694334169054,-0.012980836254427919,-0.21073098473682406,0.018967012691978535,-0.026668902254416982,0
2024-07-09,-0.001928394859905369,-0.001930256607114079,0.00799143232107013,0.00012547051442903738,3723.616943359375,3716.997603401098,3696.8734375,3692.3646503029486,3631.5199462890623,3652.9179232155584,3597.8412939453124,3621.110858344728,0.9975370338255442,1.0047533039954792,1.0228350265780386,1.0324095748837414,60.591018206578354,59.508841513045866,57.005245945132536,42.77904257270802,29.766506779616066,13.012535793091956,3782.082621221706,3480.9572713564185,3631.5199462890623,0.08291992177352582,0.7753864944591534,-0.25759601837985724,2293664.2,0.5693078350353116,-0.004636308609270667,0.054096328933679105,-0.002275549507518071,-0.337325124175884,0.014046906039279827,0.38260694334169054,0.009853617396077485,-0.13212132290577094,0
2024-07-10,-0.01915688917779701,-0.01934276001270236,0.02591357490982637,-0.0187137710525098,3713.159912109375,3692.427927006982,3701.84091796875,3683.4417273785484,3634.178430175781,3652.0008423587196,3599.991826171875,3621.980572692729,0.9811827824428567,0.9841829119490827,1.0025067960250174,1.0120269017646397,42.8994077015226,50.55383698919293,51.299263013836196,36.48360482942326,31.109926389577506,5.373678439845751,3783.596433348935,3484.7604270026272,3634.178430175781,0.08222931594799364,0.5304854296319684,1.0445044842207962,2396651.3,1.1139359321900522,-0.001928394859905369,-0.25759601837985724,-0.004636308609270667,0.054096328933679105,-0.002275549507518071,-0.337325124175884,-0.012980836254427919,-0.21073098473682406,1
2024-07-11,0.003721995240874687,0.0037150857559941873,0.02151028452584469,-0.0018570462549287485,3695.032666015625,3680.5682436556963,3700.8669677734374,3678.6066636648347,3638.467907714844,3652.4625599391393,3601.50958984375,3623.347957173529,0.9896661836270926,0.9881060056458082,1.0050518431670943,1.0153655809401234,46.380225299225756,52.03513551856987,52.25552833848931,32.21724778623684,31.331390668909375,0.8858571173274647,3785.294767571567,3491.641047858121,3638.467907714844,0.08070806920978899,0.5625940282868463,0.8249840057893798,2431214.6,2.004014372075587,-0.01915688917779701,1.0445044842207962,-0.001928394859905369,-0.25759601837985724,-0.004636308609270667,0.054096328933679105,0.014046906039279827,0.38260694334169054,1
2024-07-12,0.0663277442603718,0.0642207308916981,0.05464934710277952,0.05124376766645722,3727.121044921875,3753.511967124631,3726.94404296875,3718.7508001007736,3652.7180297851564,3675.9803555699355,3608.7953076171875,3634.1735045025084,1.0462229069204367,1.046272594679575,1.067533650904845,1.0805266250019574,76.40075669917172,69.58606567503361,65.11890829674627,47.856273031368346,34.636367141401166,13.21990588996718,3837.7775636583465,3467.6584959119664,3652.7180297851564,0.10132702955123792,1.1664919637330848,1.7727093509714011,3508973.9,3.84989013454902,0.003721995240874687,0.8249840057893798,-0.01915688917779701,1.0445044842207962,-0.001928394859905369,-0.25759601837985724,-0.002275549507518071,-0.337325124175884,0
2024-07-15,-0.003525370117844151,-0.003531598878511329,0.019895949205260537,-0.015699883592704075,3759.92705078125,3797.558840713296,3744.7450439453123,3749.0965796989285,3668.4290405273437,3695.9491396004773,3615.0168359375,3644.0354293412584,1.0334382915975062,1.0376280740856147,1.05921432443247,1.074864313013065,73.67334457447718,68.06589839334764,64.09131633807502,58.46708704126377,39.40251112137369,19.064575919890075,3875.286280470452,3461.5718005842355,3668.4290405273437,0.11277701580585682,1.0250566705400888,-0.6411302727541097,3727904.6,1.3004705109674748,0.0663277442603718,1.7727093509714011,0.003721995240874687,0.8249840057893798,-0.01915688917779701,1.0445044842207962,-0.004636308609270667,0.054096328933679105,1
2024-07-16,0.0022187618927880237,0.002216304075489082,0.011882372655643592,0.0015460679080777475,3795.89267578125,3829.7972024026144,3759.7548095703123,3775.492460804805,3685.3609985351563,3714.837214474837,3621.779052734375,3653.848703711454,1.0259178165462097,1.035778693830918,1.0566872356138601,1.0752378510889964,74.34349096897333,68.53022086449226,64.46062113068993,66.80185332472138,44.88237956204323,21.919473762678145,3907.3966390478627,3463.32535802245,3685.3609985351563,0.12049600600915907,0.9704490836779384,-0.58137202121274,3700111.8,0.5485026155155637,-0.003525370117844151,-0.6411302727541097,0.0663277442603718,1.7727093509714011,0.003721995240874687,0.8249840057893798,-0.001928394859905369,-0.25759601837985724,1
2024-07-18,0.032811032022803,0.03228424215746382,0.038233830558687794,0.03739177997295676,3871.644775390625,3893.8811590236182,3792.40234375,3820.320935615863,3709.30615234375,3744.095486645388,3629.6598291015625,3668.2879338508337,1.03884764889357,1.0605544211030484,1.084313051303211,1.1081063409904144,82.18473278928823,74.45782596927626,69.36383540707541,82.76355536521805,52.4586147226782,30.304940642539854,3965.495719869056,3453.116584818444,3709.30615234375,0.13813341741200347,1.1103740346315683,1.765856574038899,4079328.4,1.3760510185941393,0.0022187618927880237,-0.58137202121274,-0.003525370117844151,-0.6411302727541097,0.0663277442603718,1.7727093509714011,-0.01915688917779701,1.0445044842207962,0
2024-07-19,-0.0007316845321562182,-0.0007319523439273053,0.017083488673370534,-0.0034743133226683718,3944.096240234375,3935.622839739704,3819.564453125,3856.4637111715015,3733.7775146484373,3770.286983266958,3636.4102880859373,3682.045512961463,1.0190182886949641,1.0522420162025592,1.0764182347244928,1.1052400259508048,81.51531364364406,74.11158281767989,69.13317572052122,94.0912290092374,60.785137579990035,33.30609142924736,4009.421727843444,3458.1333014534307,3733.7775146484373,0.14764897593045823,1.0175669810299621,-0.3046319461912679,4217863.7,0.9254338873017637,0.032811032022803,1.765856574038899,0.0022187618927880237,-0.58137202121274,-0.003525370117844151,-0.6411302727541097,0.003721995240874687,0.8249840057893798,0
2024-07-22,-0.003497940349498796,-0.003504072446826351,0.012816820194492583,-0.0029302892089275155,3965.22587890625,3958.764428967095,3846.1734619140625,3883.4789650352054,3756.4508544921873,3792.6451379483788,3642.9165869140625,3694.7122617638324,1.0100427389842945,1.0413070671619549,1.0661786251329233,1.0994068933141772,77.97548297997398,72.37999424737843,67.99894677629855,100.77243901228167,68.78259786644837,31.989841145833296,4042.8103763502536,3470.091332634121,3756.4508544921873,0.15246280755443428,0.9340640592578311,-0.5141649975892527,4240640.7,0.44719327435592454,-0.0007316845321562182,-0.3046319461912679,0.032811032022803,1.765856574038899,0.0022187618927880237,-0.58137202121274,0.0663277442603718,1.7727093509714011,1
2024-07-23,0.0034987587379817775,0.003492652320737193,0.0221740184921191,0.004517884113063355,3991.907421875,3978.8630535561883,3875.917236328125,3908.130117344145,3779.5428955078123,3814.2084869756163,3650.01310546875,3707.431792782285,1.006801981606733,1.0369314042788638,1.0633720568461444,1.1011084581347634,79.03420328142195,73.05574916623749,68.53914583713646,105.97642323888567,76.22136294093583,29.75506029794984,4072.3276677612885,3486.758123254336,3779.5428955078123,0.15493131330853074,0.909033238619395,0.24721865696118828,4301273.3,0.5498855420324024,-0.003497940349498796,-0.5141649975892527,-0.0007316845321562182,-0.3046319461912679,0.032811032022803,1.765856574038899,-0.003525370117844151,-0.6411302727541097,1
2024-07-24,0.0009065688029166186,0.0009061581176103229,0.016487663280116093,0.004373177842565622,4017.593408203125,3993.4766548447506,3906.7430419921875,3928.9617064491867,3801.808239746094,3834.0651889228793,3658.409404296875,3719.795403160308,1.001272017523803,1.0296822222970043,1.0581027773485319,1.099577278775068,79.33553812394842,73.23908808102267,68.68347564099298,109.1365642662663,82.80440320600192,26.332161060264383,4097.430966379238,3506.185513112949,3801.808239746094,0.155516905635876,0.8736106831020193,-0.23482712725476995,4351672.5,0.41588446740879514,0.0034987587379817775,0.24721865696118828,-0.003497940349498796,-0.5141649975892527,-0.0007316845321562182,-0.3046319461912679,0.0022187618927880237,-0.58137202121274,1
2024-07-25,0.0037734429123756907,0.003766341335991515,0.0159166696790052,0.006402793946449345,4020.76025390625,4008.278870156917,3946.2025146484375,3948.76563269138,3824.0217163085936,3853.4764376712956,3666.1118359375,3732.2694383611297,1.0042586590081726,1.0232326612211335,1.0559258289670754,1.1014075624206048,80.68485309509566,74.0318535626936,69.2995736026335,111.57963247004682,88.5594490588109,23.02018341123592,4120.494888351168,3527.548544266019,3824.0217163085936,0.15505830983029364,0.8606761161545258,0.5528527295663095,4365735.1,0.643727101078579,0.0009065688029166186,-0.23482712725476995,0.0034987587379817775,0.24721865696118828,-0.003497940349498796,-0.5141649975892527,0.032811032022803,1.765856574038899,1
2024-07-26,0.015118533759553854,0.015005387704377437,0.019462923464640767,0.008701171874999991,4036.725048828125,4038.495972031695,3990.41064453125,3976.0682768895376,3845.638806152344,3876.8529841579575,3675.897568359375,3746.648290808978,1.0154098003209764,1.0271950786314996,1.0658645760552667,1.1150828061867575,85.21462204435795,76.98477156699266,71.6543993229533,117.09199066423344,94.26595737989541,22.826033284338024,4155.775918605098,3535.50169369959,3845.638806152344,0.16129289727188595,0.9083538529551057,0.26397783614947934,4233737.2,0.8390246801336653,0.0037734429123756907,0.5528527295663095,0.0009065688029166186,-0.23482712725476995,0.0034987587379817775,0.24721865696118828,-0.0007316845321562182,-0.3046319461912679,0
2024-07-29,-0.001538368255150413,-0.0015395527585521233,0.013695190400260031,-0.0076783470767270295,4054.2404296875,4056.538818594047,4009.733154296875,3997.260319585758,3868.3385986328126,3897.402653449462,3685.9420947265626,3760.2159857466163,1.0094676383152266,1.020672537107126,1.05797990723077,1.1103333711004368,82.87253600161193,76.02314086525331,71.06322445323258,119.57339222262226,99.32744434844079,20.245947874181468,4180.994406206245,3555.6827910593806,3868.3385986328126,0.16164862490782692,0.8586786294274417,-0.5082489492456809,3057501.1,0.5713172106463019,0.015118533759553854,0.26397783614947934,0.0037734429123756907,0.5528527295663095,0.0009065688029166186,-0.23482712725476995,-0.003497940349498796,-0.5141649975892527,0
2024-07-30,-0.0035949769109947516,-0.0036014543693585863,0.01619576751712503,-0.005864134141178776,4066.010693359375,4063.663086093948,4028.9590576171877,4011.924192587211,3886.85205078125,3914.593983701299,3694.787392578125,3772.6746381131707,1.0029269297677479,1.0121501764541418,1.049155349320306,1.1036931730592192,77.10382708775394,73.70958845901194,69.65528603259457,118.98117262765436,103.25819000428352,15.72298262337084,4203.08328028722,3570.62082127528,3886.85205078125,0.16271842888509647,0.8020883968528052,0.029255159282414844,2752488.7,0.6531928723267783,-0.001538368255150413,-0.5082489492456809,0.015118533759553854,0.26397783614947934,0.0037734429123756907,0.5528527295663095,0.0034987587379817775,0.24721865696118828,1
2024-07-31,0.004581777087713901,0.004571312698564314,0.01573420558529112,0.008126459231321825,4080.7890625,4074.640625104299,4049.1912353515627,4027.3190126849904,3904.4730224609375,3931.9274807892702,3705.2524462890624,3785.3774249763796,1.0038734275119128,1.0117071447156092,1.0492057902715306,1.1056185138553465,79.24437235106791,74.76005071720427,70.4363031445128,118.65174019958658,106.33690004334414,12.31484015624244,4226.167598373791,3582.778446548083,3904.4730224609375,0.16478258349450411,0.7986103824083562,0.29600268312136446,2782545.7,0.8373954109720462,-0.0035949769109947516,0.029255159282414844,-0.001538368255150413,-0.5082489492456809,0.015118533759553854,0.26397783614947934,0.0009065688029166186,-0.23482712725476995,1
2024-08-01,0.0026793159526035115,0.0026757329841260572,0.01233767683135438,-0.0005227541797858356,4094.7267578125,4085.6176758507827,4057.743505859375,4041.9104244411283,3925.0729248046873,3948.655509032554,3716.1961181640627,3798.0124976182374,1.0031369662228968,1.0122797982209628,1.0464956590706258,1.105316201496126,80.49419247523143,75.38233646372696,70.89832241994053,117.91706555459541,108.6529331455944,9.264132409001007,4243.368407451684,3606.7774421576905,3925.0729248046873,0.16218576762511247,0.7866814995635073,-0.05486781417549791,2441433.7,0.9020290004188931,0.004581777087713901,0.29600268312136446,-0.0035949769109947516,0.029255159282414844,-0.001538368255150413,-0.5082489492456809,0.0037734429123756907,0.5528527295663095,0
2024-08-02,-0.025937771885880978,-0.02628008814622371,0.029885246690316915,-0.018774386096792613,4075.146826171875,4057.421956426564,4055.9359375,4034.4777141024,3937.7501953125,3953.643605084513,3724.7890185546876,3805.9739885970566,0.9818126041207271,0.9864629469577575,1.0160701718308474,1.0741629922251612,47.858702167689444,59.93545939907167,61.15719925873082,107.49866366562537,108.4220792496006,-0.9234155839752276,4246.806154851869,3628.6942357731314,3937.7501953125,0.15697083065719566,0.602376803152317,0.27655337010794434,2332226.5,1.2054069362474014,0.0026793159526035115,-0.05486781417549791,0.004581777087713901,0.29600268312136446,-0.0035949769109947516,0.029255159282414844,0.015118533759553854,0.26397783614947934,0
2024-08-05,-0.02988518399892215,-0.030340847478110024,0.030926223761513875,-0.019804245178697798,4032.913720703125,3998.7676324093763,4043.5770751953123,4006.656126879236,3944.8752685546874,3946.7688793026546,3729.8450732421875,3808.9341845099175,0.9624453318823495,0.9599072583988073,0.9839243880065892,1.0406488495247395,31.262566347782595,48.03807825200263,52.63507958518853,88.57257220176007,104.4521778400325,-15.879605638272437,4241.594924035887,3648.1556130734875,3944.8752685546874,0.1504329720366094,0.393137709268294,-0.008363088441501021,2421365.0,1.151322084857095,-0.025937771885880978,0.27655337010794434,0.0026793159526035115,-0.05486781417549791,0.004581777087713901,0.29600268312136446,-0.001538368255150413,-0.5082489492456809,1
2024-08-06,0.0038869812263531145,0.003879446433580087,0.023362627241438096,5.993838053518541e-05,3996.640625,3964.6938024656265,4031.3256591796876,3986.6361297335793,3953.621447753906,3941.985761519366,3736.0220849609377,3812.369947571416,0.974955345798229,0.9665669489403176,0.9855637910887483,1.0429665708517528,34.601006269750656,49.40284356626798,53.49366033090257,73.93859780950243,98.3494618339265,-24.41086402442407,4233.327289182171,3673.9156063256414,3953.621447753906,0.14149348647790672,0.39797262566212976,-0.20973889175258653,2405150.9,0.9159787022094955,-0.02988518399892215,-0.008363088441501021,-0.025937771885880978,0.27655337010794434,0.0026793159526035115,-0.05486781417549791,-0.0035949769109947516,0.029255159282414844,1
2024-08-07,0.007012232199577362,0.006987760832040598,0.015391300365172,-0.006516037059484387,3962.09541015625,3951.0857446125015,4021.442236328125,3975.224038674065,3964.092639160156,3940.2604155562117,3742.79123046875,3816.742484094351,0.9903521300491619,0.9757369118620075,0.9898531608831352,1.0483805767640482,40.68756050002114,51.86840796180371,55.04332069347698,63.810279484939656,91.44162536412914,-27.63134587918948,4222.032187223687,3706.153091096625,3964.092639160156,0.13013800208169657,0.42203016064058735,-0.4382077349440575,2347938.2,0.5271288656575372,0.0038869812263531145,-0.20973889175258653,-0.02988518399892215,-0.008363088441501021,-0.025937771885880978,0.27655337010794434,0.004581777087713901,0.29600268312136446,0
2024-08-08,-0.00664216468591361,-0.006664322031430929,0.017255635851036302,-0.002021094310571588,3920.1423828125,3933.326043283335,4007.4345703125,3961.1481481196897,3976.8185424804688,3936.2171988960963,3749.1723974609376,3819.9214706249645,0.9943023135370213,0.9726438628593875,0.9801318815501734,1.0396445474912603,36.86902391316166,49.39581203708654,53.26565919158157,53.068705897847394,83.76704147087278,-30.69833557302539,4191.715571537925,3761.9215134230126,3976.8185424804688,0.10807484765116691,0.3161633452960775,0.9724893468835696,2311032.3,1.0563603979052998,0.007012232199577362,-0.4382077349440575,0.0038869812263531145,-0.20973889175258653,-0.02988518399892215,-0.008363088441501021,0.0026793159526035115,-0.05486781417549791,1
2024-08-09,0.01346905085341965,0.013379149545205842,0.011374542750517337,0.0027863410007113896,3909.99755859375,3938.986161017015,3992.5721923828123,3959.176920549632,3991.491418457031,3937.559027237837,3757.2792578125,3825.0346049723926,1.0103091721379802,0.9894138931340869,0.9896817961872064,1.0513741794066849,48.276790676442346,54.13841778383992,56.25383922529893,48.23618625118297,76.66087042693484,-28.424684175751864,4149.554764447029,3833.428072467033,3991.491418457031,0.07920014321418717,0.3697198844086786,-0.46645431930669246,2086064.9,0.6243985985287419,-0.00664216468591361,0.9724893468835696,0.007012232199577362,-0.4382077349440575,0.0038869812263531145,-0.20973889175258653,-0.025937771885880978,0.27655337010794434,0
2024-08-12,-0.00782734478109548,-0.007858139242088382,0.012548688181618464,-0.008120590462470437,3917.582958984375,3932.452769454052,3975.24833984375,3951.942205236631,3992.4907470703124,3935.8282614369123,3766.026826171875,3828.7346591432056,1.0004602397352211,0.9859474556707014,0.9816894351487648,1.040721738647873,42.94464617825792,51.10081464817759,54.114111889553804,41.43373858106179,69.61544405776023,-28.18170547669844,4148.451248251424,3836.5302458892015,3992.4907470703124,0.07812691928994693,0.2656305276382326,-0.28070164663395103,2005075.8,0.46727011517469813,0.01346905085341965,-0.46645431930669246,-0.00664216468591361,0.9724893468835696,0.007012232199577362,-0.4382077349440575,-0.02988518399892215,-0.008363088441501021,1
2024-08-13,0.00030983308941401333,0.000309785101054364,0.01215168101278896,-0.003809590478874892,3922.393798828125,3928.501960234993,3959.5172119140625,3946.2436846112205,3994.238134765625,3934.3779833759563,3776.01306640625,3832.3372349335455,0.9995427646678959,0.990171309269704,0.9815639953141975,1.0382909891591645,43.23193253703286,51.21658116771333,54.185973115104666,35.72887786743695,62.83813081969558,-27.10925295225863,4146.100678193316,3842.375591337934,3994.238134765625,0.07604080593286999,0.25755116664494543,0.5963003996106357,1974844.5,0.757321905598137,-0.00782734478109548,-0.28070164663395103,0.01346905085341965,-0.46645431930669246,-0.00664216468591361,0.9724893468835696,0.0038869812263531145,-0.20973889175258653,1
2024-08-14,0.023421830514013475,0.023151748521529295,0.02748391664484014,0.02049180327868859,3940.10546875,3956.4772996618703,3951.100439453125,3958.277192593839,4000.1458374023437,3941.8113162464006,3787.2412451171876,3839.3996170348037,1.018355475593035,1.0155216350488392,1.0030704233326797,1.0594593052895076,60.692779362726974,59.10155728550867,59.25273832237549,38.177372512473994,57.90597915825127,-19.728606645777276,4145.025904223515,3855.2657705811725,4000.1458374023437,0.07243739239030086,0.5423872703221537,1.157368348207032,2064489.9,1.562877590246385,0.00030983308941401333,0.5963003996106357,-0.00782734478109548,-0.28070164663395103,0.01346905085341965,-0.46645431930669246,0.007012232199577362,-0.4382077349440575,1
2024-08-16,0.028123983679857023,0.02773576645303888,0.023074898801092755,0.015183863146551709,3985.598828125,4012.7426789412475,3952.87060546875,3988.6401462131407,4005.3070556640623,3959.283899222934,3800.499853515625,3850.6103550922626,1.0350448239771057,1.0436145903163976,1.0299518564166732,1.0854554917779948,72.72187883533542,66.30840142622363,64.34132825422053,48.66255595662733,56.057294517926486,-7.394738561299157,4159.965110701849,3850.6490006262757,4005.3070556640623,0.07722656609763719,0.8878439496947864,0.07144267319997089,2189971.3,1.5785859842090169,0.023421830514013475,1.157368348207032,0.00030983308941401333,0.5963003996106357,-0.00782734478109548,-0.28070164663395103,-0.00664216468591361,0.9724893468835696,1
2024-08-19,0.016745575577376437,0.016606914261306914,0.023140290054287412,0.015607328658674641,4034.408251953125,4073.2796245024983,3972.2029052734374,4026.042577015297,4014.0694213867187,3981.671481737417,3814.5538427734373,3864.090479034723,1.0396452846819464,1.055926299750861,1.0449130484086147,1.0995659488647886,77.61451397485445,69.81497759378473,66.99098503751037,61.833545731031336,57.21254476054746,4.621000970483877,4189.34528195298,3838.793560820457,4014.0694213867187,0.08733075697814414,1.0142867182504187,-0.4055031764002802,2114364.1,0.9720227466972221,0.028123983679857023,0.07144267319997089,0.023421830514013475,1.157368348207032,0.00030983308941401333,0.5963003996106357,0.01346905085341965,-0.46645431930669246,1
2024-08-20,0.007416616181818103,0.007389248318677446,0.014370040193365184,0.004062109808546114,4095.62333984375,4124.006891595416,4006.6031494140625,4062.3005495181974,4025.0901123046874,4004.889571646353,3827.6651806640625,3878.2618887110575,1.031701666672906,1.0546243958299673,1.0497805782941425,1.1039266044289102,79.54226413802641,71.26532056649413,68.11137091100983,73.92958416240435,60.55595264091884,13.373631521485514,4222.970990771885,3827.2092338374896,4025.0901123046874,0.09832370105815848,1.0062927631731169,0.07643403837077467,2056816.8,1.075593120398472,0.016745575577376437,-0.4055031764002802,0.028123983679857023,0.07144267319997089,0.023421830514013475,1.157368348207032,-0.00782734478109548,-0.28070164663395103,1
2024-08-21,0.0062344106511111885,0.0062150571099908935,0.014819333255520047,0.007414785303231476,4161.864208984375,4166.606156896944,4042.12900390625,4096.75584733307,4036.727331542969,4028.4052969657478,3840.1188330078126,3892.9106259184673,1.0216106230283695,1.0518725858059261,1.0532801297418375,1.1072065403168085,81.14634166112039,72.47158843342488,69.04558344985578,84.66549174104557,65.37786046094419,19.28763128010138,4257.833122007754,3815.621541078184,4036.727331542969,0.10954705250318279,0.986367533624782,-0.14252510285684838,2026209.1,0.9362261772489324,0.007416616181818103,0.07643403837077467,0.016745575577376437,-0.4055031764002802,0.028123983679857023,0.07144267319997089,0.00030983308941401333,0.5963003996106357,0
2024-08-22,-0.010875551925561,-0.010935123046678258,0.014160373167481222,-0.012719298245614075,4200.49140625,4179.592092879213,4070.2984375,4116.539141425921,4045.8703369140626,4045.277551049367,3852.3047216796876,3905.1715411704395,1.0012076107538757,1.0332323365032738,1.039470772573372,1.0917007528443996,69.91926926979484,67.14338970352858,65.5084493315717,88.4232478173617,69.9869379322277,18.436309885133994,4278.71196242758,3813.0287114005446,4045.8703369140626,0.11510088367840025,0.8429232800997098,-0.03538131460893312,2085429.7,0.8774556150226498,0.0062344106511111885,-0.14252510285684838,0.007416616181818103,0.07643403837077467,0.016745575577376437,-0.4055031764002802,0.023421830514013475,1.157368348207032,0
2024-08-23,-0.008462909824050735,-0.008498923576770276,0.011424987368830406,-0.008022243923611257,4209.43125,4176.385614002809,4097.5150390625,4126.25432593939,4052.4748046875,4057.153275354189,3863.901796875,3915.5558986245396,0.9906261460500158,1.0176833071988134,1.0289940979834322,1.0792128981183062,62.19244015241659,63.28657935447253,62.904077072212004,87.52049365523271,73.4936490768287,14.02684457840401,4291.448161313652,3813.501448061348,4052.4748046875,0.117939465706107,0.7458388106970278,-0.011268001259104432,2022226.7,0.8946835683655052,-0.010875551925561,-0.03538131460893312,0.0062344106511111885,-0.14252510285684838,0.007416616181818103,0.07643403837077467,0.028123983679857023,0.07144267319997089,1
2024-08-26,0.00863596040516601,0.008598883807542217,0.014914079985528616,0.002996256474159075,4211.757421875,4186.2518676685395,4123.082836914063,4140.750698495864,4057.8275146484375,4071.327665796647,3876.6002978515626,3926.945250639264,0.9986293021423751,1.020106687487265,1.0365113745758605,1.084967252706188,66.55536356466229,65.4491407710639,64.40740786123624,88.68855278854744,76.53262981917246,12.155922969374984,4305.365545052415,3810.2894842444607,4057.8275146484375,0.12200520081762187,0.7992608047130643,0.019295808822757277,2076389.5,0.888158989438157,-0.008462909824050735,-0.011268001259104432,-0.010875551925561,-0.03538131460893312,0.0062344106511111885,-0.14252510285684838,0.016745575577376437,-0.4055031764002802,0
2024-08-27,-0.0011770570578379935,-0.0011777503335668182,0.0051588663523110135,-0.0017425300013873956,4206.871875,4191.179142247776,4151.247607421875,4151.7112426613885,4063.2479736328123,4083.6806206166093,3888.3330322265624,3937.693816943852,0.9986122269070175,1.0119930412956732,1.03391024093719,1.080420235763763,65.34592021740505,64.8833151147793,64.03283035800729,88.19807674832691,78.86571920500336,9.332357543323553,4318.232260609815,3808.2636866558096,4063.2479736328123,0.12550761786218523,0.7701847227665929,-0.4953285065753371,2075768.0,0.44836272647039555,0.00863596040516601,0.019295808822757277,-0.008462909824050735,-0.011268001259104432,-0.010875551925561,-0.03538131460893312,0.007416616181818103,0.07643403837077467,1
2024-08-28,0.001979028366460689,0.0019770726696509517,0.02334643421008414,0.0016226295498750411,4198.38046875,4197.235313581851,4180.122338867188,4162.19059058659,4069.819775390625,4095.6489097245512,3901.091337890625,3948.3469086813484,1.0026122424067168,1.0069914980982906,1.0342835527270942,1.079017970014015,66.53730801663224,65.42392266109934,64.39793168451207,87.47191662744581,80.58695868949185,6.884957937953956,4332.631973038663,3807.0075777425877,4069.819775390625,0.1291517620692738,0.7654516839553859,0.9856709541343747,2111014.5,0.8754359574507896,-0.0011770570578379935,-0.4953285065753371,0.00863596040516601,0.019295808822757277,-0.008462909824050735,-0.011268001259104432,0.0062344106511111885,-0.14252510285684838,1
2024-08-29,0.0012761079554155508,0.0012752944216896365,0.02127753981908993,0.011614305983744433,4200.2115234375,4203.063288481651,4200.35146484375,4171.741253803801,4075.7259521484375,4106.988941015666,3914.27302734375,3958.7928823911484,1.0034540438648853,1.003420612193469,1.0341027065520794,1.0767565800440304,67.38256620220173,65.79035673470914,64.64142398994862,86.33465906939182,81.73649876547185,4.598160303919968,4345.8860904831,3805.565813813775,4075.7259521484375,0.1325703158193219,0.7572424025794542,0.15453140539961407,2001724.1,1.065901639491676,0.001979028366460689,0.9856709541343747,-0.0011770570578379935,-0.4953285065753371,0.00863596040516601,0.019295808822757277,-0.010875551925561,-0.03538131460893312,1
2024-08-30,0.009297772350781885,0.009254814137266611,0.02293718261048588,0.011944444444444384,4216.99833984375,4220.011105081518,4213.214794921875,4186.680432799701,4083.0427001953126,4120.981112183817,3928.4882421875,3970.3659747789957,1.0087522914317457,1.009658169673291,1.0418472327212656,1.0828355530249842,73.15418060974491,68.41980687648187,66.40162755933225,87.58584293052445,82.90636759848238,4.679475332042074,4363.968327951104,3802.117072439522,4083.0427001953126,0.1376060200116706,0.804109026027468,0.7047019625138438,2019740.5,1.80083629555381,0.0012761079554155508,0.15453140539961407,0.001979028366460689,0.9856709541343747,-0.0011770570578379935,-0.4953285065753371,-0.008462909824050735,-0.011268001259104432,0
2024-09-02,-0.007180899083918835,-0.00720680583676573,0.016810254981310172,-0.012008346877731795,4220.4734375,4221.127357814762,4216.1154296875,4193.349420159982,4094.1591674804686,4130.731469431192,3942.3618603515624,3980.2873037398685,1.0006839104247414,1.0017182721191025,1.031557321177694,1.0712765628532712,63.013901516671915,64.27268542883519,63.80200103576849,85.13119817294455,83.35133371337483,1.7798644595697226,4378.794876031147,3809.5234589297897,4094.1591674804686,0.1390447693443451,0.7269579886140278,-0.6655414489409774,1935869.5,0.6283997965771969,0.009297772350781885,0.7047019625138438,0.0012761079554155508,0.15453140539961407,0.001979028366460689,0.9856709541343747,0.00863596040516601,0.019295808822757277,0
2024-09-03,-0.0019244018197245305,-0.0019262558599004447,0.013296840604448005,-0.0019242670191843476,4223.31318359375,4219.162379168175,4215.092529296875,4197.328147744531,4110.847839355469,4138.779179187744,3955.634892578125,3989.5008377843833,0.9980866297696933,1.0000331884951879,1.0253924705069837,1.065627272573602,60.41442870032072,63.17548681622734,63.111731528111484,81.58954443960647,82.99897585862115,-1.4094314190146804,4382.48530458009,3839.2103741308474,4110.847839355469,0.13215641923015609,0.6921395166038933,0.41164241676942037,1886366.0,0.9103551484706573,-0.007180899083918835,-0.6655414489409774,0.009297772350781885,0.7047019625138438,0.0012761079554155508,0.15453140539961407,-0.0011770570578379935,-0.4953285065753371,0
2024-09-04,-0.007335514472947113,-0.0073625516615074,0.01122951491600156,0.0005136989662980073,4218.30595703125,4207.54542725795,4208.343212890625,4194.961488779616,4125.236108398438,4143.115592925817,3968.1767333984376,3997.140472515878,0.9919412119604348,0.9942895129419308,1.0143204930546381,1.0544670271915937,51.064413711824535,59.045678790110706,60.49712303539743,75.41832475107094,81.48284563711111,-6.064520886040171,4379.8989492231185,3870.573267573757,4125.236108398438,0.12346582553479575,0.6159875049845451,-0.2630686155818882,1823217.5,0.6941053385018519,-0.0019244018197245305,0.41164241676942037,-0.007180899083918835,-0.6655414489409774,0.009297772350781885,0.7047019625138438,0.001979028366460689,0.9856709541343747,0
2024-09-05,-0.0007365683058578876,-0.0007368397055702858,0.010020240552099983,-0.0011269369978799695,4211.6080078125,4198.773448901134,4205.909765625,4192.464762126504,4138.1041015625,4146.745488093596,3980.2533837890624,4004.359649757903,0.9927869555835568,0.9941320012047781,1.0104215335251514,1.050493295029151,50.16164780007229,58.634242869454475,60.23595105852571,69.47799543952806,79.0818755975945,-9.603880158066445,4376.2388984688505,3899.969304656149,4138.1041015625,0.11509367143104686,0.5905482759874859,0.33448149157846085,1809109.6,0.9334940238004374,-0.007335514472947113,-0.2630686155818882,-0.0019244018197245305,0.41164241676942037,-0.007180899083918835,-0.6655414489409774,0.0012761079554155508,0.15453140539961407,0
2024-09-06,-0.004289655755505106,-0.004298882725225561,0.017714746241656018,-0.003844520962821856,4193.4853515625,4186.946784944506,4205.241845703125,4187.160888472821,4151.378442382813,4148.321485135277,3991.6469775390624,4010.592348082348,0.9928002861581475,0.9900247381218424,1.0028701345381554,1.0430014178252835,44.785950612785776,56.18079920242876,58.68778243448532,62.60132442298254,75.78576536267212,-13.18444093968958,4362.522174896846,3940.23470986878,4151.378442382813,0.10172222814398028,0.5282154116216663,-0.023456989696191255,1793102.2,0.9197350825848075,-0.0007365683058578876,0.33448149157846085,-0.007335514472947113,-0.2630686155818882,-0.0019244018197245305,0.41164241676942037,0.009297772350781885,0.7047019625138438,0
2024-09-09,-0.0016154484441016637,-0.0016167546879086677,0.013428324801995706,-0.001223388397867487,4180.126953125,4176.820480327588,4200.3001953125,4181.598521676626,4161.691516113281,4149.10685522656,4001.4465673828126,4016.3168783965207,0.9943640271466785,0.9895882860307091,0.9987688551638935,1.0387663064091335,42.78029110184907,55.24727835607073,58.09984589857638,55.96369982613851,71.82135225536541,-15.857652429226903,4351.627374567101,3971.755657659462,4161.691516113281,0.09127820152859653,0.4865121703157041,-0.28149824852244665,1727179.6,0.6860537259703623,-0.004289655755505106,-0.023456989696191255,-0.0007365683058578876,0.33448149157846085,-0.007335514472947113,-0.2630686155818882,-0.007180899083918835,-0.6655414489409774,1
2024-09-10,0.01310226391285152,0.013017171714077428,0.022072606196850402,0.014721583691080592,4179.2861328125,4188.223093655892,4201.299658203125,4186.949394155875,4176.2736328125,4155.004137615697,4012.894560546875,4023.9526212167552,1.0075951218680113,1.0023156315666224,1.0083219373431225,1.0493742750466446,59.79138954654534,60.91127957223411,61.38865085627768,54.46994203322811,68.35107021093795,-13.88112817770984,4331.094522597101,4021.4527430278995,4176.2736328125,0.07414307748811803,0.6122415959123906,0.1693362859491383,1772669.0,0.7816411298443195,-0.0016154484441016637,-0.28149824852244665,-0.004289655755505106,-0.023456989696191255,-0.0007365683058578876,0.33448149157846085,-0.0019244018197245305,0.41164241676942037,0
2024-09-11,-0.0063222198593583245,-0.006342289726794003,0.017435586849332222,-0.00931119349714314,4179.3048828125,4186.950486916428,4198.805419921875,4186.4868267525335,4189.463879394531,4157.8042457892025,4022.429814453125,4030.244882088157,1.001220392091033,0.9965704182394233,0.9987925409783548,1.0402680634482113,51.123205601808365,57.10632628749231,59.01114089100473,50.555103076866544,64.79187678412367,-14.236773707257129,4290.523445306,4088.404313483062,4189.463879394531,0.04824462929899962,0.47497215671071313,-0.04306609959215957,1720455.1,0.7706792231892596,0.01310226391285152,0.1693362859491383,-0.0016154484441016637,-0.28149824852244665,-0.004289655755505106,-0.023456989696191255,-0.007335514472947113,-0.2630686155818882,1
2024-09-12,0.008561481187939535,0.008525039556380072,0.022422978194493324,0.0016518364419931964,4187.10498046875,4198.043651433869,4199.356494140625,4192.621945610027,4199.853979492187,4163.7495538539215,4031.950888671875,4037.6952781030823,1.0079111940480392,1.0049706392770534,1.0048515974784025,1.0466967721074831,60.18489238058513,60.6668953039815,61.13769762325356,49.76960641466667,61.78742271023228,-12.01781629556561,4260.699584897323,4139.008374087051,4199.853979492187,0.028975105183296265,0.667440202467301,1.068162534815475,1781312.6,1.539435582502476,-0.0063222198593583245,-0.04306609959215957,0.01310226391285152,0.1693362859491383,-0.0016154484441016637,-0.28149824852244665,-0.0007365683058578876,0.33448149157846085,1
2024-09-13,0.0010846889245219593,0.0010841010745416422,0.009286693294365244,-0.0016335325262142038,4199.4078125,4206.964973351746,4196.44658203125,4198.47388589684,4204.8306884765625,4169.564607504739,4042.53556640625,4045.0330168907067,1.0060484253546167,1.0067583453290432,1.0047509472297387,1.0450885459848376,61.25571958814225,61.111112173819116,61.40634034652846,48.952181401450616,59.22037444847595,-10.268193047025335,4255.969739366589,4153.691637586536,4204.8306884765625,0.024323952462663723,0.6953197054233309,-0.46802658871511216,1563469.0,0.933044403182922,0.008561481187939535,1.068162534815475,-0.0063222198593583245,-0.04306609959215957,0.01310226391285152,0.1693362859491383,-0.004289655755505106,-0.023456989696191255,0
2024-09-16,-0.0020674018301961583,-0.0020695418553966344,0.011432916274303347,-0.0030373315661585652,4211.30888671875,4210.0010629636645,4195.717919921875,4201.673768858778,4205.916674804687,4173.994001284049,4051.9073291015625,4051.740476706267,1.0011313241552466,1.0048514515642186,1.0024148284828502,1.0405157126637292,57.79550625736741,59.725094219350936,60.56752533647006,47.05712982241948,56.78772552326466,-9.730595700845178,4257.042107157965,4154.79124245141,4205.916674804687,0.02431119601562326,0.599329892338422,-0.20816350033521025,1557331.0,0.741730563380553,0.0010846889245219593,-0.46802658871511216,0.008561481187939535,1.068162534815475,-0.0063222198593583245,-0.04306609959215957,-0.0016154484441016637,-0.28149824852244665,0
2024-09-17,-0.0016839388139557876,-0.0016853582326202933,0.015491617458158868,-0.0016839522863234967,4210.89794921875,4209.65858624661,4195.092041015625,4203.001016850364,4205.09228515625,4177.325394762949,4061.3076513671876,4057.9064828280807,0.9995430151883384,1.0033090076835391,1.0009230112903706,1.0363592207538384,54.85692889050159,58.56242802080777,59.869532819719,44.469788608677845,54.3241381403473,-9.854349531669456,4255.456567147012,4154.728003165488,4205.09228515625,0.023953948486954743,0.5385327408912723,0.4711579749290118,1555541.1,1.0924584377744824,-0.0020674018301961583,-0.20816350033521025,0.0010846889245219593,-0.46802658871511216,0.008561481187939535,1.068162534815475,0.01310226391285152,0.1693362859491383,0
2024-09-18,-0.03539985832910475,-0.036041624477179665,0.04050707146400118,-0.033555310458527644,4186.01220703125,4159.764578331074,4182.658544921875,4176.996570604843,4195.50087890625,4166.149315499811,4068.0747314453124,4057.9876624230583,0.9698912381766236,0.9706688984758697,0.9676977027730761,0.9980093362389055,24.43628808906213,40.66911145844478,47.744857620104845,30.050085027584828,49.46932751779481,-19.41924249020998,4272.597477345478,4118.4042804670225,4195.50087890625,0.036752035413386244,-0.3789253945689886,0.7428749814636535,1725168.5,1.7168056337685276,-0.0016839388139557876,0.4711579749290118,-0.0020674018301961583,-0.20816350033521025,0.0010846889245219593,-0.46802658871511216,-0.0063222198593583245,-0.04306609959215957,0
2024-09-19,-0.01150456196829952,-0.01157125142338896,0.032680514836878616,-0.021389256733144152,4144.619873046875,4110.932489069674,4165.8624267578125,4147.227796048849,4185.886096191406,4151.5892197900075,4074.051181640625,4056.2339623494827,0.9683079349799483,0.963370341941489,0.9587619486823614,0.9850804841707284,20.315919831287843,36.86632303107298,44.76105724471696,14.684130954655302,42.51228820516691,-27.82815725051161,4296.319777460931,4075.452414921881,4185.886096191406,0.05276478085249605,-0.2815450126272582,-0.011556567860059763,1849044.3,1.5832779128114993,-0.03539985832910475,0.7428749814636535,-0.0016839388139557876,0.4711579749290118,-0.0020674018301961583,-0.20816350033521025,0.008561481187939535,1.068162534815475,0
2024-09-20,-0.0026185722931874045,-0.0026220067505080694,0.02408462219993793,-0.00741272689288591,4100.210205078125,4074.8747518276996,4149.809008789062,4120.960792647922,4177.525427246093,4137.41493955703,4081.240595703125,4054.1369158786697,0.976232699578748,0.9645646989695503,0.95816514993242,0.9807702299046023,19.45483813500863,36.04956881041085,44.10982344885482,1.6396100898064105,34.337752582094815,-32.698142492288405,4313.806143636879,4041.2447108553083,4177.525427246093,0.06524470946458091,-0.14119911653972098,0.8609096818467039,2228917.2,2.4441948763282904,-0.01150456196829952,-0.011556567860059763,-0.03539985832910475,0.7428749814636535,-0.0016839388139557876,0.4711579749290118,0.0010846889245219593,-0.46802658871511216,0
2024-09-23,-0.0038274378843402568,-0.0038347812682720398,0.01321304962955368,-0.007325581395348796,4054.483349609375,4045.7294894997167,4132.8961181640625,4096.684096683527,4166.598156738281,4123.131513393861,4087.8523974609375,4051.521309955732,0.9834641361217862,0.9648050303802631,0.9570010869407234,0.9754361403362909,18.14668997020304,34.837848378038316,43.14887469654658,-9.821274320997873,25.50594720147628,-35.32722152247415,4325.215315309661,4007.9809981669023,4166.598156738281,0.076137487995986,-0.06475350305152573,-0.6875279465071731,2280655.3,0.7464166110503416,-0.0026185722931874045,0.8609096818467039,-0.01150456196829952,-0.011556567860059763,-0.03539985832910475,0.7428749814636535,-0.0020674018301961583,-0.20816350033521025,1
2024-09-24,0.0006558681895969531,0.000655653202053082,0.011940159279859155,0.004621712228214766,4010.699462890625,4027.1710594060614,4110.7987060546875,4077.296842599022,4156.049182128906,4110.457483472422,4089.6654931640624,4049.1108350248696,0.9948524530788464,0.9706274825235066,0.9600594276834024,0.9756431683442536,19.228318711850108,35.238023537357975,43.37000269746611,-18.480053674808914,16.708747026219243,-35.18880070102816,4331.293788635867,3980.804575621946,4156.049182128906,0.08433230639354115,0.026390608479116957,0.7693663761022465,2443298.8,1.2327702203267157,-0.0038274378843402568,-0.6875279465071731,-0.0026185722931874045,0.8609096818467039,-0.01150456196829952,-0.011556567860059763,-0.0016839388139557876,0.4711579749290118,1
2024-09-25,0.0008078558613329179,0.000807529721424111,0.011603040565237773,0.005267652434378767,3997.35966796875,4015.873235567583,4091.6859375,4062.0206144702224,4145.245678710938,4099.297493417012,4091.8179931640625,4046.921295921566,0.9989788059076007,0.9759491927991174,0.9633391835854779,0.9759176958901734,20.734492434839055,35.76166703523944,43.65363905894019,-24.796262292432402,8.407745162488915,-33.20400745492132,4332.260603983811,3958.230753438064,4145.245678710938,0.09023104528319793,0.09370063485955542,-0.09925312729704194,2582014.2,1.0507583575644162,0.0006558681895969531,0.7693663761022465,-0.0038274378843402568,-0.6875279465071731,-0.0026185722931874045,0.8609096818467039,-0.03539985832910475,0.7428749814636535,1
2024-09-26,0.004152241942253498,0.004143645174703049,0.013232336560861948,0.007629107981220698,3996.677734375,4013.8683712377638,4070.6488037109375,4052.53661958075,4135.002648925782,4090.7795076228326,4094.1296875,4045.467858535549,1.0032979662307415,0.9850662230852747,0.9697354471150902,0.9794166156535864,28.71218858894997,38.515668919180555,45.137787891970206,-28.13957508282283,1.098281113426566,-29.237856196249396,4328.019535370445,3941.9857624811184,4135.002648925782,0.09335756362565156,0.17582109355096595,0.46116636006476797,2704217.7,1.4659511325585952,0.0008078558613329179,-0.09925312729704194,0.0006558681895969531,0.7693663761022465,-0.0038274378843402568,-0.6875279465071731,-0.01150456196829952,-0.011556567860059763,1
2024-09-27,0.003774145278290897,0.0037670410612875302,0.018091348151190248,-0.006066852292387605,4001.124365234375,4017.576391372051,4050.66728515625,4047.528585409818,4123.55693359375,4084.5140718150033,4094.1885546875,4044.6649006181015,1.0059653397963928,0.9936615743263558,0.976097213269898,0.9830989408224369,35.612621016518446,41.00182701348217,46.48856291080657,-29.231046944008085,-4.967584498060365,-24.26346244594772,4314.14631929841,3932.9675478890895,4123.55693359375,0.09243931332775777,0.24142184889073104,-0.24008923753818823,2859586.8,1.0534658363928664,0.004152241942253498,0.46116636006476797,0.0008078558613329179,-0.09925312729704194,0.0006558681895969531,0.7693663761022465,-0.0026185722931874045,0.8609096818467039,0
2024-09-30,-0.009330071406262963,-0.009373869159467576,0.009066462530748562,-0.004292123157270406,4001.124365234375,4007.5305825292844,4027.803857421875,4036.603199852351,4111.760888671875,4075.2688235320265,4093.5552099609376,4042.420746274009,0.996579611343867,0.9899784363869293,0.9697643109134485,0.9740772410107057,27.817424159019637,37.00336851338056,43.68607110178451,-32.74878952053905,-10.523825502556102,-22.22496401798295,4305.361566791989,3918.160210551761,4111.760888671875,0.09416922985648053,0.17892177590671196,-0.16898419473410087,2994416.4,0.8360280153421549,0.003774145278290897,-0.24008923753818823,0.004152241942253498,0.46116636006476797,0.0008078558613329179,-0.09925312729704194,-0.0038274378843402568,-0.6875279465071731,1
2024-10-01,0.004544911847813138,0.0045346149232493764,0.012313674733554334,0.007601860897178669,4004.225830078125,4006.8742294986896,4007.462646484375,4030.9592586860144,4101.27734375,4068.6300330468334,4093.56548828125,4040.9752865549303,1.0003335709363197,0.9995256043001317,0.9766619488783506,0.978501879328502,35.736975477705556,40.04208422828272,45.35525956424147,-33.685975873356256,-15.156255576716134,-18.52972029664012,4294.036242664183,3908.518444835817,4101.27734375,0.09399944590820294,0.25172139690652373,-0.27164921850783086,3006816.5,0.6064104676823477,-0.009330071406262963,-0.16898419473410087,0.003774145278290897,-0.24008923753818823,0.004152241942253498,0.46116636006476797,0.0006558681895969531,0.7693663761022465,0
2024-10-03,-0.012861755932608299,-0.012945184445591514,0.01630145886244176,-0.007002791013086762,3996.37890625,3989.2638092491266,3996.869287109375,4016.974478697648,4089.763916015625,4057.716979304278,4092.2651416015624,4037.5661760527764,0.9894064255434363,0.9892850340396426,0.9668144787687774,0.9662235539319265,26.20241834297073,34.8897973905202,41.66860876008089,-38.146095174727634,-19.754223496318435,-18.3918716784092,4288.71721273343,3890.8106192978203,4089.763916015625,0.09729329164390066,0.15891254504284105,0.8373276880931684,3045650.5,1.0999682990546682,0.004544911847813138,-0.27164921850783086,-0.009330071406262963,-0.16898419473410087,0.003774145278290897,-0.24008923753818823,0.0008078558613329179,-0.09925312729704194,1
2024-10-04,0.004606884764901453,0.004596305550321409,0.01739083904109596,0.00644970414201182,3988.858935546875,3983.5954691869183,3992.7683349609374,4008.844353309439,4079.315380859375,4049.5781040431566,4091.256240234375,4035.0051020531578,0.9958383721378458,0.9948633268504825,0.9737562355930612,0.9709142023416607,33.51905924134118,37.93088316976509,43.3773217325461,-39.75266343235808,-23.753911483526363,-15.998751948831714,4279.899596026972,3878.7311656917777,4079.315380859375,0.0983420973571996,0.23313804451804868,-0.11481860793601661,3049441.7,0.9724609590011181,-0.012861755932608299,0.8373276880931684,0.004544911847813138,-0.27164921850783086,-0.009330071406262963,-0.16898419473410087,0.004152241942253498,0.46116636006476797,1
2024-10-07,0.004844511237972915,0.004832814355313462,0.015879353617733377,-0.00024563155700590647,3982.1609375,3986.231126593362,3991.6426513671877,4005.6912784179503,4070.725830078125,4044.0470885539276,4090.328623046875,4033.2991153611224,1.0023458378636285,0.9999648741199592,0.9805382646783769,0.9758390606848089,40.75814642153783,41.06267917274181,45.15928186283993,-39.02324278134347,-26.807777743089787,-12.215465038253683,4270.902414261891,3870.549245894359,4070.725830078125,0.09834933254638974,0.30211624402795684,-0.5034100914427191,2651912.8,0.5553044579746363,0.004606884764901453,-0.11481860793601661,-0.012861755932608299,0.8373276880931684,0.004544911847813138,-0.27164921850783086,0.003774145278290897,-0.24008923753818823,0
2024-10-08,-0.004587076280335278,-0.004597629198462573,0.017739306890319207,-0.00452888105930261,3979.311767578125,3981.8851228070334,3990.21806640625,3999.782521475482,4061.557092285156,4037.2990910949225,4087.8138818359375,4030.942017316936,0.998462384276195,0.995733328131811,0.9782438175697131,0.971960375419518,36.36295794981755,39.04411294662863,43.78275460640259,-39.46762307381687,-29.3397468092352,-10.127876264581666,4261.964569032977,3861.1496155373347,4061.557092285156,0.09868504723397391,0.2795392205801483,0.04702370402663547,2635867.6,0.5849561639590698,0.004844511237972915,-0.5034100914427191,0.004606884764901453,-0.11481860793601661,-0.012861755932608299,0.8373276880931684,-0.009330071406262963,-0.16898419473410087,0
2024-10-09,-7.047965924467103e-05,-7.048214305256064e-05,0.011356776465601468,-0.001654883729460165,3972.782080078125,3978.8944438505223,3988.503955078125,3994.8971695594855,4049.651330566406,4031.1670906037393,4085.4196533203126,4028.666372949115,1.0000329758483437,0.9960910483438847,0.9810506539045244,0.9724614416804462,36.293124205119554,39.01252542319461,43.761333162556404,-39.38834930870962,-31.349467309130088,-8.038881999579534,4241.222180276603,3858.08048085621,4049.651330566406,0.09461103392493893,0.29971314856880843,-0.2979264748515923,2442915.4,0.4431197248991922,-0.004587076280335278,0.04702370402663547,0.004844511237972915,-0.5034100914427191,0.004606884764901453,-0.11481860793601661,0.004544911847813138,-0.27164921850783086,0
2024-10-10,-0.006007539335583734,-0.006025657198979739,0.022531580214871984,-0.006077728244577747,3971.7826171875,3968.94484733264,3984.08076171875,3986.560530420829,4037.883349609375,4023.346001431657,4082.842333984375,4025.543991825498,0.9942753757992109,0.991206225597003,0.9779989445903399,0.9672295257218688,30.47369655854142,36.315766453095875,41.92557202746435,-40.78132481668172,-33.235838810640416,-7.545486006041301,4223.727435743788,3852.039263474961,4037.883349609375,0.09205025011551767,0.26098864063867266,1.197566937396998,2409495.6,0.9872916970672202,-7.047965924467103e-05,-0.2979264748515923,-0.004587076280335278,0.04702370402663547,0.004844511237972915,-0.5034100914427191,-0.012861755932608299,0.8373276880931684,0
2024-10-11,-0.018498461635095165,-0.0186716979057647,0.03121083435460657,0.0014965472634563945,3952.529736328125,3937.9613598103024,3970.6943359375,3966.4575948471556,4020.6715698242188,4009.31251413013,4078.4303076171873,4019.6793013525617,0.9806363628693149,0.9761502792308198,0.9640166617575981,0.9503642559556608,19.378338435857103,29.576765609701454,36.94486405091616,-47.23539465229533,-36.0357499789714,-11.199644673323924,4199.4020695385325,3841.9410701099055,4020.6715698242188,0.0889057942736305,0.09526441964340458,1.4209691555882507,2588988.8,2.224491276285166,-0.006007539335583734,1.197566937396998,-7.047965924467103e-05,-0.2979264748515923,-0.004587076280335278,0.04702370402663547,0.004606884764901453,-0.11481860793601661,0
2024-10-14,-0.0030246774501477836,-0.003029261031890808,0.010443162474729662,-0.0008092023324275431,3927.0833984375,3913.39782385791,3954.62216796875,3947.8781688664226,4002.6447265625,3995.499012970415,4073.564287109375,4013.5848484349367,0.9840052680038914,0.9771529586954111,0.9654293638176047,0.9486215214968987,18.14161294538539,28.657670809224967,36.219791003607824,-52.688925549545274,-39.36638509308618,-13.322540456459095,4167.577019385122,3837.7124337398786,4002.6447265625,0.0824116573365065,0.08051279030544006,-0.6288379792758799,2501500.1,0.8545232518679491,-0.018498461635095165,1.4209691555882507,-0.006007539335583734,1.197566937396998,-7.047965924467103e-05,-0.2979264748515923,0.004844511237972915,-0.5034100914427191,0
2024-10-15,-0.00479875825535836,-0.0048103092642367675,0.01820593637493855,-0.00344948637119565,3901.590185546875,3890.840899499024,3940.4509765625,3929.305238305482,3984.1274169921876,3981.235016571447,4070.4582177734374,4007.00218970342,0.985681957327921,0.975961145984391,0.965262063251124,0.9447897128606035,16.230171940139016,27.216987328721146,35.076472806666644,-57.8404609551244,-43.061200265493824,-14.779260689630576,4131.251117798604,3837.003716185771,3984.1274169921876,0.07385491748026855,0.029646258718563676,0.2909276334563691,2527105.9,1.0919502819410931,-0.0030246774501477836,-0.6288379792758799,-0.018498461635095165,1.4209691555882507,-0.006007539335583734,1.197566937396998,-0.004587076280335278,0.04702370402663547,0
2024-10-16,-0.0053073565184776905,-0.005321490566888513,0.011672926262370004,0.0024357285610465134,3872.070849609375,3868.9994017493495,3922.42646484375,3910.398177931758,3964.9445556640626,3966.3856251122616,4069.3353662109375,3999.877257018972,0.9879252097455573,0.9752423507580993,0.9647843374721095,0.9400346892057339,14.295954685783869,25.68634080447856,33.84187585084396,-62.845613204664915,-47.01808285332804,-15.827530351336875,4087.852968463547,3842.0361428645783,3964.9445556640626,0.06199754426523079,-0.0680170552761726,-0.14507221303770212,2580684.5,0.9141570773180526,-0.00479875825535836,0.2909276334563691,-0.0030246774501477836,-0.6288379792758799,-0.018498461635095165,1.4209691555882507,-7.047965924467103e-05,-0.2979264748515923,1
2024-10-17,0.0034310249050069075,0.0034251523677715874,0.009004683412174563,-0.000923897312767176,3849.949951171875,3858.8133218693583,3910.8662841796877,3897.3150841458696,3953.867785644531,3954.2004381596057,4068.1732666015623,3993.546429767616,0.9970106652791689,0.9814810538618289,0.9708066557121003,0.9435294198557823,21.329515715203016,28.472013307938866,35.377610256672085,-65.003850389116,-50.61523636048563,-14.388614028630364,4080.398824730376,3827.336746558686,3953.867785644531,0.06400367738407758,0.04388020374650936,0.06930798410105998,2497938.5,1.0098963605389004,-0.0053073565184776905,-0.14507221303770212,-0.00479875825535836,0.2909276334563691,-0.0030246774501477836,-0.6288379792758799,-0.006007539335583734,1.197566937396998,1
2024-10-18,0.005867224517093872,0.005850079385530514,0.016043925122743878,0.008080636842909562,3846.943505859375,3859.529600647281,3899.73662109375,3890.7054612471884,3946.252478027344,3945.320601973274,4066.9151171875,3988.3470465690084,1.0036441014333581,0.990057158557608,0.978387008864964,0.9493589236436282,32.4306384718502,33.10574893384215,37.97183458905623,-64.15744564137412,-53.32367821666333,-10.833767424710793,4075.8624269589277,3816.64252909576,3946.252478027344,0.06568761104528892,0.170973098410677,-0.0640827793213431,2437492.2,0.968618484194534,0.0034310249050069075,0.06930798410105998,-0.0053073565184776905,-0.14507221303770212,-0.00479875825535836,0.2909276334563691,-0.018498461635095165,1.4209691555882507,0
2024-10-21,-0.010477662241761498,-0.010532939400752455,0.01714528564485361,-0.012764361117330585,3838.191015625,3846.5225006919372,3882.63720703125,3877.942341162472,3937.139929199219,3933.433716145462,4065.369150390625,3981.7651349694884,0.9953929560118907,0.9839982715517464,0.9703765600117518,0.9397690983152546,25.02913356741621,29.419025487894856,35.29913457765565,-65.99025737817783,-55.856994048966236,-10.133263329211594,4074.9452289011197,3799.334629497318,3937.139929199219,0.07000274421535699,0.0768245899458681,-0.3242481999152901,2449775.3,0.6512638118279664,0.005867224517093872,-0.0640827793213431,0.0034310249050069075,0.06930798410105998,-0.0053073565184776905,-0.14507221303770212,-0.0030246774501477836,-0.6288379792758799,0
2024-10-22,-0.015772581185447887,-0.01589829195177414,0.0207819577068548,-0.012420068863748138,3821.09541015625,3817.7646749404585,3861.3427978515624,3856.5435561215677,3925.7804321289063,3916.9399358875608,4061.5680029296873,3973.078228634901,0.9840761927700041,0.9738190107155701,0.9578347766633396,0.9258121544992377,17.921211389140552,24.960083338596704,31.79848715108814,-71.48120314379958,-58.98183586793291,-12.499367275866668,4081.4282006386265,3770.132663619186,3925.7804321289063,0.07929519808896403,-0.031750022105420994,0.2084672036102666,2488393.5,0.7748167643099856,-0.010477662241761498,-0.3242481999152901,0.005867224517093872,-0.0640827793213431,0.0034310249050069075,0.06930798410105998,-0.00479875825535836,0.2909276334563691,1
2024-10-23,0.012638569846214587,0.012559369741576338,0.02911771345680908,0.016664141593257513,3817.586767578125,3814.4341810800975,3844.82880859375,3847.676217437532,3916.6663818359375,3906.543103265829,4059.3357470703127,3966.595678231939,0.9974293775580704,0.9903622197296403,0.9721974817713428,0.9380286407960972,34.92508500541166,33.51825982514977,36.97433687031002,-71.17752369980599,-61.42097343430753,-9.756550265498461,4077.4546974695763,3755.8780662022987,3916.6663818359375,0.08210467778379904,0.16137717144609248,0.01993051006483748,2576790.7,0.7631492926453048,-0.015772581185447887,0.2084672036102666,-0.010477662241761498,-0.3242481999152901,0.005867224517093872,-0.0640827793213431,-0.0053073565184776905,-0.14507221303770212,0
2024-10-24,-0.004512767141689911,-0.004522980413656007,0.018528126141798818,0.010964011574363133,3808.016455078125,3806.485987256524,3828.983203125,3837.2968323778673,3906.531982421875,3895.4999124414044,4056.7355322265626,3959.69347907027,0.9954236396627145,0.98997289842267,0.9703208924605755,0.9343940637729687,32.118260897374725,32.093033597022355,35.93885930463475,-71.49922934967071,-63.43662461738017,-8.062604732290545,4072.204170380681,3740.859794463069,3906.531982421875,0.0848180374328314,0.15008495318076884,0.36118823723249105,2606577.6,1.0269189760550386,0.012638569846214587,0.01993051006483748,-0.015772581185447887,0.2084672036102666,-0.010477662241761498,-0.3242481999152901,0.0034310249050069075,0.06930798410105998,1
2024-10-25,0.002383897469157903,0.002381060493397843,0.01461474242203168,0.00012324225582195972,3795.74921875,3804.199317025183,3821.3463623046873,3830.4475858659816,3896.0203491210937,3886.3690614053185,4052.4794921875,3953.4163221091812,1.0010213419246323,0.9943160384631852,0.9752582471546024,0.9376052325218526,35.30800191740265,33.6898226917516,36.91438847283058,-70.2156213201165,-64.79242395792744,-5.4231973621890575,4060.8105041741483,3731.230194068039,3896.0203491210937,0.08459409360643086,0.2075238732327206,-0.3426057927093513,2206626.9,0.7974506247521953,-0.004512767141689911,0.36118823723249105,0.012638569846214587,0.01993051006483748,-0.015772581185447887,0.2084672036102666,0.005867224517093872,-0.0640827793213431,1
2024-10-28,0.008206952421560887,0.008173458517999724,0.02028918147050972,0.005382259980383301,3797.809423828125,3813.0693200740807,3818.0002197265626,3830.513356830689,3886.3111938476563,3881.0776580497522,4046.5902099609375,3948.6082046214437,1.0086891938644162,1.003354925539064,0.9857186249614686,0.9466758746023,45.59953928212832,39.01878229974099,40.21328005581404,-65.92220684014455,-65.01838053437086,-0.9038263057736913,4042.2036577670096,3730.418729928303,3886.3111938476563,0.08022644412323111,0.3219866878732069,-0.12908171731614226,2146121.3,0.7140947718099625,0.002383897469157903,-0.3426057927093513,-0.004512767141689911,0.36118823723249105,0.012638569846214587,0.01993051006483748,-0.010477662241761498,-0.3242481999152901,0
2024-10-29,-0.0038133974295447848,-0.00382068696736027,0.010649629432243376,-0.005029504782911399,3808.9998046875,3814.1131892941794,3815.047607421875,3827.911096994995,3877.7492919921874,3874.8989218292404,4039.027158203125,3943.4157623905785,1.0018905548480241,1.0003023082360116,0.9841278123923808,0.944831707799687,41.95193035019811,37.49844475638467,39.204848003910904,-62.97251267176034,-64.60920696184877,1.6366942900884283,4029.231833305976,3726.2667506783987,3877.7492919921874,0.07812910526557781,0.29684667380144497,-0.056539691778453194,2014762.4,0.7176454156579456,0.008206952421560887,-0.12908171731614226,0.002383897469157903,-0.3426057927093513,-0.004512767141689911,0.36118823723249105,-0.015772581185447887,0.2084672036102666,1
2024-10-30,0.00230654681460285,0.002303890818833873,0.011494241194315146,0.00236807419478518,3812.44580078125,3817.743184138828,3815.0162841796873,3827.3823836919278,3868.7213745117188,3870.1469458291344,4031.0179931640623,3938.7721314665605,1.0032937840176774,1.0026177842778423,0.9886995737217928,0.9488926073549401,45.04232442379547,39.03974991728497,40.15433719169799,-59.241689772564314,-63.535703523991884,4.2940137514275705,4009.824827487246,3727.6179215361917,3868.7213745117188,0.0729457819863474,0.34508458240502365,0.3382820902077275,1972347.5,0.9810654562646796,-0.0038133974295447848,-0.056539691778453194,0.008206952421560887,-0.12908171731614226,0.002383897469157903,-0.3426057927093513,0.012638569846214587,0.01993051006483748,0
2024-10-31,-0.028447880296259442,-0.028860362912235062,0.029810140050573454,-0.024950871947942297,3797.565869140625,3783.892103227969,3802.791162109375,3807.1655760036224,3856.828723144531,3855.484373979336,4020.3056982421876,3930.0434181308624,0.9785715559549227,0.9772269322685898,0.9635351238455785,0.9243550665888648,25.47897969492371,29.39076567151176,33.386246430338005,-64.32381926385597,-63.6933266719647,-0.6304925918912687,4006.9675140808527,3706.6899322082095,3856.828723144531,0.07785608421517415,0.031637424075400204,0.9330067875898835,2094118.8,1.7861317132533263,0.00230654681460285,0.3382820902077275,-0.0038133974295447848,-0.056539691778453194,0.008206952421560887,-0.12908171731614226,-0.004512767141689911,0.36118823723249105,1
2024-11-01,0.0039687247930790814,0.003960870179844389,0.0057476789881026336,-0.001416130016437042,3783.828369140625,3766.2408943394794,3789.7887939453126,3793.3061033779636,3844.7627075195314,3843.6228599396372,4010.8131884765626,3922.2353812066126,0.9860221216666503,0.9844713464040968,0.9703949919368455,0.9302199582074357,30.26822414483425,31.849411870004488,34.94673041800246,-66.39598834839944,-64.23385900725165,-2.1621293411477893,3994.64316797019,3694.882247068873,3844.7627075195314,0.07796603944244701,0.12028328904652999,-0.9585883436192978,1873508.3,0.08267644183908873,-0.028447880296259442,0.9330067875898835,0.00230654681460285,0.3382820902077275,-0.0038133974295447848,-0.056539691778453194,0.002383897469157903,-0.3426057927093513,0
2024-11-04,-0.005032350638571437,-0.0050450555567043845,0.0198402947116731,-0.0005421038393224824,3760.09912109375,3748.2149582054867,3778.9542724609373,3778.552827479697,3830.7957397460937,3831.1028814632436,4001.6569970703126,3913.9972519803728,0.9872513905584739,0.9823254843250746,0.9690318508560165,0.9276564904626368,27.630863325238053,30.39827539682851,33.885668184194486,-68.76058516422836,-65.139204238647,-3.621380925581363,3975.342859047294,3686.2486204448933,3830.7957397460937,0.07546584528194188,0.08964020043390626,9.046705268581642,1940882.5,1.1691547530569213,0.0039687247930790814,-0.9585883436192978,-0.028447880296259442,0.9330067875898835,0.00230654681460285,0.3382820902077275,0.008206952421560887,-0.12908171731614226,1
2024-11-05,0.0018162422673564382,0.001814594893754339,0.011305954206920314,0.007675521872177157,3740.639990234375,3738.445063282825,3774.8198974609377,3767.7078176538425,3818.08134765625,3820.4173949846017,3991.9154150390623,3906.346586155162,0.994189572679109,0.9851874723715832,0.9740246303867701,0.9316092368658341,30.17959211491801,31.603416169001278,34.63398833169319,-69.29175477589797,-65.96971434609719,-3.3220404298007793,3954.8137118367154,3681.3489834757843,3818.08134765625,0.07162359925327387,0.13733504202467836,-0.5735971217948944,1844836.6,0.5244854747569514,-0.005032350638571437,9.057062162095644,0.0039687247930790814,-0.9585883436192978,-0.028447880296259442,0.9330067875898835,-0.0038133974295447848,-0.056539691778453194,1
2024-11-06,0.042378482621129976,0.041505104463805696,0.04216535427033943,0.03398186666224358,3750.94072265625,3784.465654167717,3781.69326171875,3787.48945734178,3813.26103515625,3825.759246503925,3985.4248779296877,3905.1763998721167,1.0334758991318662,1.025071725192132,1.016585751722255,0.9726709082900171,64.38559823034277,52.365927032925555,48.845100125524695,-56.34605926052927,-64.04498332898362,7.698924068454346,3933.6393216714296,3692.88274864107,3813.26103515625,0.06313666198319791,0.7626960501438723,2.919032854824874,2027390.7,1.8703928157508072,0.0018162422673564382,-0.5735971217948944,-0.005032350638571437,9.051933429263538,0.0039687247930790814,-0.9585883436192978,0.00230654681460285,0.3382820902077275,1
2024-11-07,0.002717756174955177,0.00271406975332817,0.0290900187188795,-0.004508787703702282,3785.111181640625,3818.657848221186,3791.338525390625,3805.5899626120245,3810.1608642578126,3831.5957217252776,3978.97876953125,3904.465256203725,1.0269294744053776,1.0252427237231843,1.0201779858670845,0.9768944398730844,65.69628367279377,53.384635133519254,49.61399300129912,-44.72086919014146,-60.18016050121519,15.459291311073734,3919.035692368688,3701.286036146937,3810.1608642578126,0.05714972778824312,0.8530723005689534,-0.017844856708184587,2132151.2,1.7467565152039872,0.042378482621129976,2.919032854824874,0.0018162422673564382,-0.5735971217948944,-0.005032350638571437,9.046731438639585,-0.028447880296259442,0.9330067875898835,0
2024-11-08,-0.0009395574802976148,-0.0009399991410924799,0.012563322318845029,-0.001925391095066138,3815.601513671875,3840.2352777203746,3799.71494140625,3819.735448813247,3810.530651855469,3836.5285231532275,3972.3521875,3903.6387809298044,1.0177661694503417,1.0220214401877032,1.0191205612866028,0.9776046919854711,64.73281920603304,52.961800033412565,49.34403628468695,-35.39451033813384,-55.22303046859893,19.828520130465087,3920.343565527971,3700.717738182967,3810.530651855469,0.05763654656289436,0.831743701294421,-0.557496088578165,2120987.5,0.7770149517618562,0.002717756174955177,-0.017844856708184587,0.042378482621129976,2.919032854824874,0.0018162422673564382,-0.5735971217948944,0.0039687247930790814,-0.9585883436192978,1
2024-11-11,0.012466769594010385,0.012389699305900295,0.027782384289780887,0.017077660158063977,3859.52958984375,3870.7580074125417,3809.81435546875,3840.1114520829974,3813.9072875976562,3845.6023273097653,3965.9101220703124,3904.7432784147877,1.018726084428349,1.0320196996352375,1.0309121775410226,0.9914000433132275,71.2529623301277,57.74026639603333,52.91040737603033,-23.82214575738726,-48.94285352635659,25.120707768969332,3933.81178622287,3694.0027889724424,3813.9072875976562,0.06287751095320437,0.9916253374601378,-0.14656934696326973,2108382.8,0.6670928068660018,-0.0009395574802976148,-0.557496088578165,0.002717756174955177,-0.017844856708184587,0.042378482621129976,2.919032854824874,-0.005032350638571437,9.047899768944687,0
2024-11-12,-0.0003095376017399065,-0.0003095855183916107,0.012781699049879167,-0.004411787869129434,3901.8658203125,3890.7008135354445,3821.2529052734376,3856.561447300861,3818.150256347656,3853.6960509737164,3960.0546533203124,3905.7567351742573,1.0073607363224115,1.028611956135363,1.029447811606332,0.9925586311001151,70.8686999233132,57.58190518619806,52.81226415822528,-14.581086799274999,-42.07050018094027,27.489413381665273,3947.8629482746646,3688.4375644206475,3818.150256347656,0.06794530503945562,0.9334046567195737,0.12879820432040967,2122558.3,0.74798416608863,0.012466769594010385,-0.14656934696326973,-0.0009395574802976148,-0.557496088578165,0.002717756174955177,-0.017844856708184587,0.0018162422673564382,-0.5735971217948944,0
2024-11-13,-0.011209351836887205,-0.011272650087277895,0.015830036928595945,-0.006641774814243089,3903.869873046875,3889.3095755600884,3827.4052978515624,3862.009747720591,3821.210791015625,3856.822817510446,3953.480546875,3905.002631818772,0.9955575431555139,1.015446966588827,1.0170930922594799,0.9830646827594617,57.72128447281525,52.0196052971261,49.33381377380123,-10.689478742678148,-35.794295893287845,25.104817150609698,3954.299944424679,3688.1216376065713,3821.210791015625,0.06965810612802154,0.7453855439030337,-0.3078953667078179,2038939.4,0.5389140059778138,-0.0003095376017399065,0.12879820432040967,0.012466769594010385,-0.14656934696326973,-0.0009395574802976148,-0.557496088578165,0.042378482621129976,2.919032854824874,0
2024-11-14,-0.0010722262372862001,-0.0010728014830706735,0.010504306836467615,0.002636010240326525,3902.9333984375,3886.9930048004762,3844.0222900390627,3865.7097687316195,3823.4067260742186,3859.2549171076653,3947.441513671875,3904.1146801114182,0.9947286994022275,1.0099732962895482,1.0154190075581007,0.9835129538549929,56.56336533832023,51.512756843631735,49.013213578196215,-7.851109758782513,-30.20565866638678,22.354548907604265,3958.9865877875127,3687.8268643609244,3823.4067260742186,0.07092097253932711,0.7174111127642891,0.6612763045213335,1847445.4,0.9880844110467352,-0.011209351836887205,-0.3078953667078179,-0.0003095376017399065,0.12879820432040967,0.012466769594010385,-0.14656934696326973,0.002717756174955177,-0.017844856708184587,0
2024-11-18,-0.03048802344035828,-0.03096245103933041,0.055429791971171774,-0.04592926655589847,3879.054248046875,3845.9934647888595,3847.327880859375,3847.216062555984,3818.5583374023436,3850.1824854560423,3939.0968115234373,3898.619766568446,0.9703381659745586,0.9783399027391614,0.9857108500602778,0.9555475696241922,33.97685496259051,39.685069633160985,41.055985583268054,-14.980105453458236,-27.160548023801073,12.180442570342837,3955.3492529443406,3681.7674218603465,3818.5583374023436,0.0716453192306351,0.30055710417419296,0.8154299913664271,2163350.3,1.531857323337788,-0.0010722262372862001,0.6612763045213335,-0.011209351836887205,-0.3078953667078179,-0.0003095376017399065,0.12879820432040967,-0.0009395574802976148,-0.557496088578165,1
2024-11-19,0.004988220716167335,0.00497582076192085,0.029223503425027733,0.004888217856598448,3849.24755859375,3824.9189830363234,3854.38857421875,3835.4986001878506,3816.671423339844,3843.762250606062,3931.4863427734376,3894.076639233654,0.9827297314473621,0.9814189583358195,0.9911175471901305,0.9621730027078571,38.520073194890266,41.96150555297422,42.60787161440221,-18.89701605398386,-25.507841629837632,6.61082557585377,3954.341002637064,3679.001844042624,3816.671423339844,0.0721411743517339,0.37687401973023094,-0.46401236713716343,2114054.4,0.8402021253568499,-0.03048802344035828,0.8154299913664271,-0.0010722262372862001,0.6612763045213335,-0.011209351836887205,-0.3078953667078179,0.012466769594010385,-0.14656934696326973,1
2024-11-21,0.00824352245797888,0.008209730211133361,0.01680640080794154,0.006909984421692306,3825.920947265625,3821.263778404424,3863.8933837890627,3831.581285451991,3819.356640625,3840.9233095141153,3924.634052734375,3890.934550210398,0.9968719745415667,0.9870752089439215,0.9985852927619006,0.9717984703525068,45.753058347618605,45.63170077090484,45.127254850972456,-19.262909392633446,-24.258855182396797,4.995945789763351,3954.5929213265094,3684.120359923491,3819.356640625,0.07081626222754582,0.4800228479504654,0.34236161584656966,2255730.1,1.0570178586525045,0.004988220716167335,-0.46401236713716343,-0.03048802344035828,0.8154299913664271,-0.0010722262372862001,0.6612763045213335,-0.0003095376017399065,0.12879820432040967,1
2024-11-22,0.04216950339051717,0.04130460130176264,0.04734255069716919,0.04264310922531321,3843.572705078125,3872.4378151602414,3873.7212890625,3857.618486037424,3827.707275390625,3853.672126576759,3919.9092041015624,3894.2228379932008,1.0341383378595626,1.0260897963657665,1.0384247286167514,1.013999478486107,68.23794542373886,59.764259780004906,55.66659445630749,-6.50011304985037,-20.707106755887512,14.206993706037142,3978.7527460065753,3676.6618047746747,3827.707275390625,0.07892216397375153,0.9868686650499223,0.2987006505345069,2186183.7,1.4164193978758508,0.00824352245797888,0.34236161584656966,0.004988220716167335,-0.46401236713716343,-0.03048802344035828,0.8154299913664271,-0.011209351836887205,-0.3078953667078179,1
2024-11-25,0.016609336084153048,0.016472909624294544,0.01758937234966467,0.008200957396320072,3875.26162109375,3928.560024559953,3889.097509765625,3890.9250237323245,3840.218017578125,3871.494251984627,3917.0371875,3899.9711362428548,1.0427178442261926,1.0390082617401106,1.0522330828257902,1.031597161307107,73.49843242854487,63.91117051096081,59.05603524898401,8.8397415875138,-14.79773708720725,23.63747867472105,4016.2725424885775,3664.1634926676725,3840.218017578125,0.09168985932808223,1.0696713159837137,0.30860573030721583,2218965.5,1.826151420560617,0.04216950339051717,0.2987006505345069,0.00824352245797888,0.34236161584656966,0.004988220716167335,-0.46401236713716343,-0.0010722262372862001,0.6612763045213335,1
2024-11-26,0.00871366223524861,0.008675917385905618,0.01300344501493663,0.007324699333635423,3937.665673828125,3977.711565852469,3908.3599609375,3924.577682769629,3854.037451171875,3890.972384980139,3914.152880859375,3906.8748033877428,1.0351347691930572,1.042896429493609,1.0575960145893573,1.041352949796531,75.97437925542602,65.92812434967837,60.73705075071401,23.566199710341607,-7.124949727697478,30.691149438039083,4056.57573453628,3651.4991678074703,3854.037451171875,0.10510447079481294,1.0479882459215026,-0.4914649371558477,2260228.5,0.9117082631247239,0.016609336084153048,0.30860573030721583,0.04216950339051717,0.2987006505345069,0.00824352245797888,0.34236161584656966,-0.03048802344035828,0.8154299913664271,0
2024-11-27,-0.004629431082511792,-0.004640180085929295,0.012313787506500112,-0.006056593776499264,3992.540673828125,4004.1893837453963,3920.8941162109377,3948.680834908105,3865.3542358398436,3906.7983501754825,3910.79962890625,3912.7677530404294,1.0161812617531034,1.03474995735207,1.0496179061450845,1.0374208357654797,71.78139493413317,63.868034318400746,59.365536499972855,33.330192803108275,0.9660787784636726,32.3641140246446,4085.9264586469853,3644.782013032702,3865.3542358398436,0.11412781822787686,0.9347573353764936,-0.24345297570837432,2275479.1,0.685127365045893,0.00871366223524861,-0.4914649371558477,0.016609336084153048,0.30860573030721583,0.04216950339051717,0.2987006505345069,0.004988220716167335,-0.46401236713716343,0
2024-11-28,-0.020230573160559095,-0.020438013735167602,0.025194986400845228,-0.01715677185835837,4024.763330078125,3994.4818059604727,3925.342138671875,3953.4782559049268,3873.2975219726563,3913.300093053115,3905.9794970703124,3915.2108470541625,0.9876522727892835,1.0126675611862903,1.026274544581367,1.0176875360897648,56.076101921191,55.71306102051247,53.81535144213333,34.05265147365253,7.583393317501445,26.469258156151085,4097.627358457914,3648.9676854873983,3873.2975219726563,0.11583403299780981,0.7268292305929105,0.6411516921499969,2372569.5,1.0783852696412055,-0.004629431082511792,-0.24345297570837432,0.00871366223524861,-0.4914649371558477,0.016609336084153048,0.30860573030721583,0.00824352245797888,0.34236161584656966,1
2024-11-29,0.006113301583914765,0.006094691164676073,0.024128754372648692,0.012049786174466783,4029.679638671875,3996.110347853857,3936.626171875,3961.821742402326,3882.015734863281,3921.4969824424015,3901.787373046875,3918.5111052732395,0.9924777625644602,1.015937825189975,1.0302295778256234,1.0250090661699873,59.16236563751728,57.44551050078353,55.11974661684228,36.16913980272693,13.300542614546544,22.868597188180388,4111.65044958576,3652.3810201408023,3882.015734863281,0.11830694690915061,0.7555181974972021,-0.2114948970977243,2464430.7,0.8186170542348786,-0.020230573160559095,0.6411516921499969,-0.004629431082511792,-0.24345297570837432,0.00871366223524861,-0.4914649371558477,0.04216950339051717,0.2987006505345069,1
2024-12-02,0.001358063888155181,0.0013571425534529495,0.013597182830685247,0.001557354178864178,4022.478515625,3999.0065079442384,3948.870068359375,3969.635757988266,3896.446179199219,3929.4304915550297,3900.683818359375,3921.894937541936,0.9956047776436034,1.0141632312022009,1.0278080702113148,1.0266914763189947,59.89712599402549,57.84246078941995,55.41526080756721,37.84844701881593,18.210123495400424,19.638323523415508,4118.740241544113,3674.152116854325,3896.446179199219,0.11410092793355554,0.7437146718693494,-0.17174417884184046,2448981.9,0.6823014902641787,0.006113301583914765,-0.2114948970977243,-0.020230573160559095,0.6411516921499969,-0.004629431082511792,-0.24345297570837432,0.016609336084153048,0.30860573030721583,1
2024-12-03,0.00610284682878004,0.00608429988027746,0.01383994066294813,-0.00268872423277649,4013.123486328125,4009.0841726138674,3975.394580078125,3980.4728023455127,3911.36123046875,3938.9361115929432,3901.0032421875,3926.1045283031594,1.004015828488683,1.0135445477902578,1.0301374034610065,1.0328726360385478,63.35819644715045,59.665731975920636,56.7604854595068,40.68250560439037,22.704599917198415,17.977905687191956,4127.169174074846,3695.553286862654,3911.36123046875,0.11034927785497971,0.7731092042180173,0.20345445448800192,2318678.0,0.8672635872682624,0.001358063888155181,-0.17174417884184046,0.006113301583914765,-0.2114948970977243,-0.020230573160559095,0.6411516921499969,0.00871366223524861,-0.4914649371558477,1
2024-12-04,0.01200386699640954,0.011932392000670429,0.022483095907728946,0.009470181058732223,4017.215673828125,4031.924767419662,4004.878173828125,3998.1333759247373,3929.6333740234377,3952.1427635394484,3902.50017578125,3932.0457608023003,1.0150328705517513,1.0181597991365632,1.0376555695974017,1.044870153328038,69.44623680332407,63.069622107368374,59.311432092587324,46.29759629043838,27.423199191846408,18.87439709859197,4136.58521689561,3722.6815311512655,3929.6333740234377,0.10532883003295555,0.8575048691381079,0.642365999388335,2471318.9,1.3363884361504297,0.00610284682878004,0.20345445448800192,0.001358063888155181,-0.17174417884184046,0.006113301583914765,-0.2114948970977243,-0.004629431082511792,-0.24345297570837432,1
2024-12-05,0.025181485622511657,0.024869656061165108,0.02889752705369525,0.014372387476619404,4058.2595703125,4081.3785558839418,4041.5114501953126,4031.252058995239,3952.7024169921874,3973.870703470215,3906.357119140625,3941.78067735172,1.0300686933365881,1.0343373226396477,1.057576739104355,1.0701239045272282,78.3539826607101,69.0426225310464,64.04040667720028,58.36028710347682,33.61061677417249,24.74967032930433,4163.378559249952,3742.0262747344236,3952.7024169921874,0.10659853438604074,1.0401269298491849,0.13446961553810555,2607558.9,1.4368791439380335,0.01200386699640954,0.642365999388335,0.00610284682878004,0.20345445448800192,0.001358063888155181,-0.17174417884184046,-0.020230573160559095,0.6411516921499969,0
2024-12-06,-0.004155362795001505,-0.004164020306705333,0.011753458553593629,-0.0016842578037277558,4090.969189453125,4108.5575463705445,4060.3244140625,4055.190871422241,3967.0228515625,3991.874972410552,3909.814345703125,3950.4526322533684,1.0175866242346945,1.0252667281771715,1.0493802741025535,1.064734833744416,74.09072021472225,67.06643987527417,62.745043193608836,65.76034941699982,40.04056330273796,25.719786114261858,4193.387368591486,3740.6583345335143,3967.0228515625,0.11412312230055702,0.9326929819927695,-0.5083503102824931,2482112.3,0.7421449061752766,0.025181485622511657,0.13446961553810555,0.01200386699640954,0.642365999388335,0.00610284682878004,0.20345445448800192,0.006113301583914765,-0.2114948970977243,1
2024-12-09,0.0014958388514847432,0.0014947211989631585,0.012095302008564636,0.004897855990844636,4123.837939453125,4128.752556955364,4073.1582275390624,4075.909363550015,3981.1278686523438,4008.7576015262134,3913.3316455078125,3959.02870856206,1.0109860376030886,1.023565092545872,1.0472264935153417,1.0653690910431366,74.66719265988135,67.4263781155168,63.02654703804115,71.30545813616209,46.29354226942279,25.0119158667393,4220.577624450575,3741.678112854113,3981.1278686523438,0.12029242149375498,0.892597413277556,0.12190086570286862,2283559.5,0.9050077302562075,-0.004155362795001505,-0.5083503102824931,0.025181485622511657,0.13446961553810555,0.01200386699640954,0.642365999388335,0.001358063888155181,-0.17174417884184046,0
2024-12-10,-0.004402344981567996,-0.004412063836560318,0.01843176289747533,0.0014459298679334754,4148.14775390625,4136.097896043159,4080.6356201171875,4089.5237654897846,3994.4977905273436,4022.284360830264,3916.150244140625,3966.548703293695,1.0006366263858402,1.0171916732177002,1.0391265164952748,1.0599155587631481,69.36042402125037,65.1656862211409,61.58634828274361,73.37318165710212,51.70947014695865,21.66371151014347,4240.399365272222,3748.5962157824647,3994.4977905273436,0.12312014558026096,0.817791343657635,0.01025287919176976,2286275.4,0.9132005706749065,0.0014958388514847432,0.12190086570286862,-0.004155362795001505,-0.5083503102824931,0.025181485622511657,0.13446961553810555,0.00610284682878004,0.20345445448800192,0
2024-12-11,-0.0011504779247636376,-0.0011511402325203558,0.009407198388780501,-0.0009927913279551273,4161.82919921875,4139.402991893357,4089.5224365234376,4099.7945687814145,4005.2082763671874,4034.0680582363107,3918.5706591796875,3973.5865260505598,0.9961997441826856,1.013813531517958,1.0351554519792103,1.058042215949648,67.89566147356204,64.55918407151214,61.20427378785365,73.77608850647539,56.12279381886201,17.653294687613382,4257.822594361869,3752.5939583725058,4005.2082763671874,0.12614291221020268,0.7786954206402643,-0.21676689842266705,2293901.7,0.7128710005315397,-0.004402344981567996,0.01025287919176976,0.0014958388514847432,0.12190086570286862,-0.004155362795001505,-0.5083503102824931,0.01200386699640954,0.642365999388335,1
2024-12-12,0.006211256931575537,0.006192046581150644,0.013243694634808527,0.00562079247927488,4160.125,4150.190373501821,4109.19228515625,4112.880126588202,4017.2672119140625,4047.1820657108287,3922.2571826171875,3981.358236272842,1.0027980257128692,1.0152275306727634,1.038458463590993,1.0636133589626253,71.66087786589752,66.37654689096667,62.52084382797059,75.30528997955798,59.959293051001204,15.34599692855678,4277.395786620655,3757.1386372074708,4017.2672119140625,0.12950523875291403,0.7969645395146435,0.17085153639552453,2229511.5,0.8587719776282832,-0.0011504779247636376,-0.21676689842266705,-0.004402344981567996,0.01025287919176976,0.0014958388514847432,0.12190086570286862,0.025181485622511657,0.13446961553810555,1
2024-12-13,0.004253623252016725,0.004244602169109685,0.022463622833257986,0.008782445194630914,4165.4439453125,4163.297000303298,4128.206567382813,4126.8128770096655,4032.416369628906,4060.73713125325,3925.9361572265625,3989.52106049376,1.0057776095200688,1.0148499561547624,1.038957753832301,1.0671366232470492,74.102608361772,67.60912373907937,63.41904399412794,77.06076726283163,63.379587893367294,13.681179369464338,4295.596583875459,3769.236155382353,4032.416369628906,0.13053226161304018,0.7984530670876627,0.02737117435008729,2224473.8,0.8842756430756794,0.006211256931575537,0.17085153639552453,-0.0011504779247636376,-0.21676689842266705,-0.004402344981567996,0.01025287919176976,-0.004155362795001505,-0.5083503102824931,0
2024-12-16,-0.013120567003923167,-0.013207402029359881,0.01766624310327108,-0.009822786429132115,4158.52373046875,4153.711834837615,4141.180834960937,4128.218081899953,4045.0254516601562,4067.766119124964,3929.5461279296874,3995.208136706015,0.99423299514037,0.9983967541338363,1.02212991075479,1.0521676980757486,56.507213875164496,60.24207885536241,58.83307451917307,73.17298431083464,65.33826717686077,7.834717133973868,4302.3392425128,3787.711660807512,4045.0254516601562,0.1272248068288607,0.673943362983908,-0.16309922279476663,2222001.8,0.7408742873205594,0.004253623252016725,0.02737117435008729,0.006211256931575537,0.17085153639552453,-0.0011504779247636376,-0.21676689842266705,0.0014958388514847432,0.12190086570286862,0
2024-12-17,-0.01963669263603207,-0.01983205421790004,0.026556588959801227,-0.018480725623582703,4139.036572265625,4120.258817626119,4143.5921630859375,4114.6062094096205,4059.493371582031,4066.393420465741,3931.1680078125,3997.488318921588,0.9792986151326518,0.9782219445517035,0.9984873510517611,1.0310810362588942,40.09995514738698,51.34319707673971,52.900534642099714,62.81652724892592,64.83391919127381,-2.017391942347885,4282.184370308168,3836.802372855894,4059.493371582031,0.10971369003090724,0.4862127602506791,0.9590450631262817,2343414.0,1.376208813295474,-0.013120567003923167,-0.16309922279476663,0.004253623252016725,0.02737117435008729,0.006211256931575537,0.17085153639552453,-0.004402344981567996,0.01025287919176976,1
2024-12-18,0.0044702215017431435,0.0044602597380996485,0.01665188557967477,0.00838414098991632,4124.128369140625,4103.9966010736625,4142.978784179688,4106.763656420371,4073.9284790039064,4066.877110704123,3932.76740234375,4000.389646335202,0.9872321624210627,0.9827402890683409,0.9993970657443262,1.0352689979942211,44.31015471230382,53.011442834689014,53.98778439086875,55.4320570848713,62.95354676999331,-7.521489685122006,4256.880186312284,3890.976771695529,4073.9284790039064,0.08981586606209163,0.4932869961387778,-0.5115067253700512,2170690.2,0.7257617876562947,-0.01963669263603207,0.9590450631262817,-0.013120567003923167,-0.16309922279476663,0.004253623252016725,0.02737117435008729,-0.0011504779247636376,-0.21676689842266705,0
2024-12-19,-0.017468391623068014,-0.01762276438019617,0.023876963957895743,-0.0023587336889887827,4089.845361328125,4069.4477666011917,4124.985180664063,4087.4157366450763,4083.2483154296874,4060.541204699564,3933.3105419921876,4000.388095406616,0.9781176900921231,0.9697853258741288,0.9796979729446814,1.01704405359006,33.52075920765431,46.300982782687775,49.297605520677934,43.34124371676762,59.03108615934817,-15.689842442580549,4227.085841457147,3939.4107894022286,4083.2483154296874,0.0704525000274556,0.21183383063188913,0.914279130940381,2097591.8,1.4377263488539573,0.0044702215017431435,-0.5115067253700512,-0.01963669263603207,0.9590450631262817,-0.013120567003923167,-0.16309922279476663,0.006211256931575537,0.17085153639552453,0
2024-12-20,-0.023783318769585282,-0.02407070775210515,0.05503201466283978,-0.036659781776969325,4032.985009765625,4014.7013430987117,4099.2144775390625,4054.287147453926,4079.7694458007813,4045.7476134037724,3931.9564501953123,3996.655562100229,0.9683171364727436,0.9526724004054107,0.9572130356810473,0.9931972913636331,24.29004933486378,39.15974802300689,43.93627588321098,25.784823503532152,52.38183362818497,-26.59701012465282,4236.701404331592,3922.83748726997,4079.7694458007813,0.07693177794266669,-0.05616762621604233,0.3651566784259903,2325082.0,1.7706855070057743,-0.017468391623068014,0.914279130940381,0.0044702215017431435,-0.5115067253700512,-0.01963669263603207,0.9590450631262817,0.004253623252016725,0.02737117435008729,0
2024-12-23,-0.002877454701359805,-0.0028816025328480153,0.024553327670399437,-0.009940358315133414,3984.87099609375,3974.458040581433,4071.69736328125,4025.138836198098,4072.4277954101562,4031.2927393221635,3930.8549658203124,3992.628733607941,0.977188832301979,0.9563508994216723,0.9561793679769077,0.9906169190687145,23.402066606838332,38.40630132792265,43.351589110505515,10.839545589097725,44.073376020367526,-33.2338304312698,4248.531645811828,3896.323945008485,4072.4277954101562,0.08648592890960508,-0.006679324319838664,-0.4667612665469837,2337951.9,0.93900049868434,-0.023783318769585282,0.3651566784259903,-0.017468391623068014,0.914279130940381,0.0044702215017431435,-0.5115067253700512,-0.013120567003923167,-0.16309922279476663,1
2024-12-24,0.005098275473022884,0.00508532327056828,0.01428405199485586,0.005098284469196253,3956.965234375,3954.2466852574144,4048.0009033203123,4004.8997704546937,4064.31826171875,4020.1052379209455,3931.6115576171874,3989.538350902115,0.9890973872120867,0.9668535329127815,0.9629718251823781,0.9954757526914503,28.769334258265843,40.581419890976164,44.71632793267698,0.5904330105340705,35.37678741840084,-34.78635440786677,4253.468914033564,3875.1676094039362,4064.31826171875,0.09307866172607478,0.10218406527380311,-0.46163825342612386,2247357.7,0.5259002605593226,-0.002877454701359805,-0.4667612665469837,-0.023783318769585282,0.3651566784259903,-0.017468391623068014,0.914279130940381,-0.01963669263603207,0.9590450631262817,0
2024-12-26,-0.0024883003411572124,-0.002491401305606466,0.013624113510894516,-0.002488312559815831,3923.487841796875,3937.526191864318,4023.80810546875,3986.569849477136,4056.6652709960936,4009.0557109835336,3932.4078466796873,3986.187247144311,0.9950547478414349,0.9702463692968087,0.9623878097587028,0.9927976337384545,27.660096338911472,39.83819706584129,44.16824125106815,-8.223108978132586,26.656808139094156,-34.87991711722674,4258.329178551459,3855.0013634407283,4056.6652709960936,0.09942348904022244,0.12169714013877543,0.022487786470099413,2204678.5,0.5481361568137939,0.005098275473022884,-0.46163825342612386,-0.002877454701359805,-0.4667612665469837,-0.023783318769585282,0.3651566784259903,0.0044702215017431435,-0.5115067253700512,0
2024-12-27,-0.0010193774262273747,-0.0010198973447547634,0.008091574611884532,0.00044441452227957117,3903.438916015625,3925.052617492879,3996.642138671875,3970.8490529812925,4052.9172119140626,3998.6794974374825,3933.4954150390627,3982.811491128848,0.9991460229460878,0.9758455557009278,0.9622958636522717,0.9915113803968344,27.160827011915217,39.51967461034097,43.93716534682504,-15.35206689311326,18.255033132652674,-33.60710002576593,4263.113946384163,3842.720477443963,4052.9172119140626,0.1037261426669166,0.13650305141681454,-0.28992506189675493,2099024.3,0.408808988061739,-0.0024883003411572124,0.022487786470099413,0.005098275473022884,-0.46163825342612386,-0.002877454701359805,-0.4667612665469837,-0.017468391623068014,0.914279130940381,0
2024-12-30,-0.0014528478296360614,-0.0014539042363668933,0.020991586223771067,0.001879018233558143,3901.28505859375,3914.8481479900447,3967.1350341796874,3956.956354072762,4047.67080078125,3988.751850918139,3934.87787109375,3979.345911436908,0.9982452321461887,0.9816754850618932,0.9621432672421633,0.9897230197647444,26.37017888947709,39.041056850688896,43.59618875984284,-21.21448977768523,10.361128550585093,-31.575618328270323,4267.948143129131,3827.3934584333692,4047.67080078125,0.10884153044529435,0.15218485441212884,0.7797098240298332,2055036.4,0.7431347688050683,-0.0010193774262273747,-0.28992506189675493,-0.0024883003411572124,0.022487786470099413,0.005098275473022884,-0.46163825342612386,-0.023783318769585282,0.3651566784259903,0
2024-12-31,-0.015388841624454086,-0.015508478820013273,0.026350528767639,-0.009721874527660176,3889.392431640625,3888.068198920447,3937.1317138671875,3934.6930716561237,4039.1562744140624,3974.0619890003404,3934.7992138671875,3973.666005136686,0.9858887649359096,0.9739344729757244,0.9493339797399892,0.9745118092093523,19.40118977195621,34.30830461999723,40.13694976927415,-30.346608762967662,2.2195810878745412,-32.56618985084221,4277.802807990769,3800.5097408373563,4039.1562744140624,0.11816652655328394,0.0712320422893673,0.018504828214821023,2045956.9,0.7602452427028156,-0.0014528478296360614,0.7797098240298332,-0.0010193774262273747,-0.28992506189675493,-0.0024883003411572124,0.022487786470099413,-0.002877454701359805,-0.4667612665469837,1
2025-01-01,0.004310414534539619,0.00430115130717014,0.011805625970489186,0.004408531994741799,3876.8349609375,3875.724339644881,3916.90009765625,3919.48280791751,4030.246130371094,3962.345287294951,3934.600703125,3968.857009684022,0.9933455150648168,0.9831847953942173,0.9555338548862169,0.9787617376358214,25.717559257485533,36.59129271865393,41.48154647907946,-35.83707405399582,-5.3917499404995315,-30.44532411349629,4282.620331981669,3777.871928760519,4030.246130371094,0.1252400937544412,0.14495279601939565,-0.509356582653403,1799770.3,0.42403244458473394,-0.015388841624454086,0.018504828214821023,-0.0014528478296360614,0.7797098240298332,-0.0010193774262273747,-0.28992506189675493,0.005098275473022884,-0.46163825342612386,1
2025-01-02,0.015392187802518276,0.015274929787278346,0.020607029800035943,0.01353155339805822,3878.080419921875,3887.2537264299212,3900.784130859375,3917.815479205235,4021.881457519531,3957.389783743051,3936.396787109375,3966.5611465591587,1.0083113490665503,1.0024426804511548,0.9722595112019188,0.9933735625446108,44.06000967639411,44.0950290931087,46.04509541272875,-35.001760804541846,-11.313752113307995,-23.68800869123385,4278.476646744626,3765.2862682944356,4021.881457519531,0.12759957842384975,0.2825973318976409,1.2548780663582129,1814313.4,0.9484772586698638,0.004310414534539619,-0.509356582653403,-0.015388841624454086,0.018504828214821023,-0.0014528478296360614,0.7797098240298332,-0.0024883003411572124,0.022487786470099413,0
2025-01-03,-0.018164421501638328,-0.018331419984249416,0.021378606447018157,-0.019151015975865035,3865.91611328125,3871.263796135573,3884.6775146484374,3903.5370167218966,4004.83134765625,3946.1416077243675,3937.9774853515623,3961.5698833822066,0.9931110306188794,0.9883147110846676,0.9586630752362997,0.9749380106484087,32.75345800936765,38.25334807081693,41.93087002984083,-39.61452894662034,-16.973907479970464,-22.640621466649876,4262.374021641048,3747.2886736714518,4004.83134765625,0.12861598985211695,0.17860197778495815,0.041327611304976974,1691932.4,1.059116191639808,0.015392187802518276,1.2548780663582129,0.004310414534539619,-0.509356582653403,-0.015388841624454086,0.018504828214821023,-0.0010193774262273747,-0.28992506189675493,0
2025-01-06,-0.0011950496088983797,-0.0011957642500934342,0.020329670329670417,-0.002557544757033197,3853.967431640625,3859.074464350799,3877.6262451171874,3891.020432005415,3988.420361328125,3935.5277213488325,3938.5159375,3956.5944291625615,0.9949995345832046,0.9889286791397194,0.9614572821768251,0.9736397825053235,32.13205408607084,37.904029719733195,41.678285368618425,-43.14307850993282,-22.207741685962937,-20.935336823969884,4245.406832417149,3731.433890239101,3988.420361328125,0.12886629181857298,0.20090923484134982,0.16386590496514142,1488792.8,1.4008618257691734,-0.018164421501638328,0.041327611304976974,0.015392187802518276,1.2548780663582129,0.004310414534539619,-0.509356582653403,-0.0014528478296360614,0.7797098240298332,0
2025-01-07,-0.016288177295680106,-0.01642228792802351,0.031973797201525364,-0.021057398600615323,3841.512890625,3830.128174801575,3865.4526611328124,3869.423189041362,3968.5750122070312,3919.976090334955,3938.148857421875,3949.3646709876816,0.9819661427946935,0.9758845668019721,0.950526469601814,0.9578702411398015,24.691854688347604,33.428715240828026,38.374075916165026,-50.39853309129603,-27.84589996702956,-22.55263312426647,4227.962293014533,3709.187731399529,3968.5750122070312,0.13072061382720335,0.12153229739584889,0.2797578434526775,1536164.4,1.7374793999913032,-0.0011950496088983797,0.16386590496514142,-0.018164421501638328,0.041327611304976974,0.015392187802518276,1.2548780663582129,-0.015388841624454086,0.018504828214821023,1
2025-01-08,0.019884244962341535,0.019689135525194593,0.02634845744647344,0.018216065275201983,3840.754296875,3835.8333339823002,3858.79462890625,3865.3905460054325,3953.3977661132812,3913.0491914786503,3939.1012109375,3945.359925158508,1.0016896044284922,0.9970065842644302,0.9731486381968858,0.9766805792299283,43.13844540721358,42.247313476410355,43.97469178516868,-49.525115118567555,-32.18174299733716,-17.343372121230395,4203.726089700134,3703.069442526428,3953.3977661132812,0.12663958366777722,0.2879702299594155,-0.18275276558660858,1636103.5,1.333214555191649,-0.016288177295680106,0.2797578434526775,-0.0011950496088983797,0.16386590496514142,-0.018164421501638328,0.041327611304976974,0.004310414534539619,-0.509356582653403,0
2025-01-09,-0.0169287188791184,-0.017073647607531994,0.027842070998656123,-0.015154816470068224,3815.11474609375,3817.9271380194505,3846.5975830078123,3850.2494914760355,3935.202844238281,3900.579244299136,3938.1273193359375,3938.958153430478,0.9913501946346992,0.9832363964458064,0.9610977872795872,0.9603840707546004,34.56234239020513,37.59095381049624,40.60989114698582,-53.47189281664578,-36.439772961198884,-17.032119855446894,4179.717636512333,3690.6880519642295,3935.202844238281,0.12427048970655104,0.1869553438449023,0.09682172415516233,1754504.3,1.3636170626655062,0.019884244962341535,-0.18275276558660858,-0.016288177295680106,0.2797578434526775,-0.0011950496088983797,0.16386590496514142,0.015392187802518276,1.2548780663582129,1
2025-01-10,0.05615464232030609,0.05463461615374557,0.029772719962371998,0.015630929129464257,3846.157568359375,3876.7841076379673,3856.0368408203126,3876.476501548574,3926.339489746094,3909.5238921635037,3941.69326171875,3941.136188467518,1.0385684870885052,1.0359076460548629,1.0173593132501422,1.0133964724422075,62.742099608352625,55.006250345106665,52.939492166498205,-39.012473653767756,-36.954313099712664,-2.0581605540550925,4147.66298148574,3705.015998006448,3926.339489746094,0.11273782734154665,0.6539794908194483,2.2996415423043612,2458124.3,3.21151375461363,-0.0169287188791184,0.09682172415516233,0.019884244962341535,-0.18275276558660858,-0.016288177295680106,0.2797578434526775,-0.018164421501638328,0.041327611304976974,1
2025-01-13,0.005966214270312298,0.005948486889243122,0.02226708554781523,0.010859858105123743,3882.884423828125,3923.9660978003117,3868.425927734375,3902.268060926106,3917.780480957031,3919.886386064599,3945.5597998046874,3944.163399826635,1.0348827416715483,1.0387506839192393,1.025664939027775,1.0184435877321933,64.73046726966864,56.474017903702006,54.06312985150652,-25.3381516041768,-34.631080800605496,9.292929196428695,4108.913274894533,3726.647687019529,3917.780480957031,0.09757197722870498,0.7630359633649457,-0.49282760979440865,2705784.5,1.4797080107451277,0.05615464232030609,2.2996415423043612,-0.0169287188791184,0.09682172415516233,0.019884244962341535,-0.18275276558660858,-0.0011950496088983797,0.16386590496514142,0
2025-01-14,-0.01352815588720635,-0.013620495120090741,0.02240703559670308,-0.016027474503138153,3921.231201171875,3937.300559340833,3881.3720458984376,3913.4865011980637,3909.2518798828123,3924.0847761938635,3950.515390625,3944.940108948017,1.010899199526217,1.021280473901161,1.0139969498564783,1.0034056548238752,56.68069786229272,52.28430497403896,51.138759816626795,-18.672355335325392,-31.43933570754948,12.766980372224086,4074.3894386951215,3744.114321070503,3909.2518798828123,0.08448550458573138,0.6656727970686948,-0.14038315378177224,2894412.5,1.189087250003239,0.005966214270312298,-0.49282760979440865,0.05615464232030609,2.2996415423043612,-0.0169287188791184,0.09682172415516233,-0.016288177295680106,0.2797578434526775,1
2025-01-15,0.003909790699537785,0.0039021673319345287,0.01153049672297975,0.007491725380808453,3947.676025390625,3951.3562973730554,3894.2151611328127,3925.483096150688,3905.5576293945314,3929.3593473599244,3955.4859765625,3946.294135006428,1.0080532819416783,1.021892116582456,1.018924351157104,1.0060629204646658,58.401377583214256,53.34697797952904,51.91734914502296,-12.000744099676012,-27.551617385974787,15.550873286298774,4060.6345898296613,3750.4806689594016,3905.5576293945314,0.07941347953386675,0.7383014982869937,-0.5195776284398246,2983443.8,0.5542165734779385,-0.01352815588720635,-0.14038315378177224,0.005966214270312298,-0.49282760979440865,0.05615464232030609,2.2996415423043612,0.019884244962341535,-0.18275276558660858,0
2025-01-16,-0.010189142264676487,-0.010241406899013617,0.024284978980793064,-0.01260567965082158,3979.037158203125,3947.2110016341203,3897.0759521484374,3927.9262441516994,3898.930041503906,3930.2699247690985,3960.021123046875,3946.004969326029,0.9899179760198593,1.0107373986346722,1.0102567546036088,0.9946715655712488,52.08644262054075,50.19719020814784,49.74004912554782,-9.871485141479297,-24.01559093707569,14.144105795596392,4035.27611654378,3762.583966464032,3898.930041503906,0.0699402521145428,0.6466502377888358,0.5952503637795332,3075130.8,0.8577537579864896,0.003909790699537785,-0.5195776284398246,-0.01352815588720635,-0.14038315378177224,0.005966214270312298,-0.49282760979440865,-0.0169287188791184,0.09682172415516233,0
2025-01-17,-0.0014527249532627629,-0.0014537811812207532,0.014681350977426694,-0.008557921702921805,3966.777197265625,3942.5400818185803,3906.4673828125,3928.8847892491176,3895.5724487304688,3930.5488121422795,3964.306982421875,3945.502744732361,0.9915349530845161,1.0068427192026763,1.009658604467565,0.9921527923109098,51.175372968030324,49.750759711679706,49.43285792634143,-8.547235993487448,-20.921919948358042,12.374683954870594,4024.8891716222874,3766.25572583865,3895.5724487304688,0.06639164055796823,0.6454792257939738,-0.33219749744569615,3072082.1,0.573378556517093,-0.010189142264676487,0.5952503637795332,0.003909790699537785,-0.5195776284398246,-0.01352815588720635,-0.14038315378177224,0.05615464232030609,2.2996415423043612,0
2025-01-20,-0.011274594391938564,-0.011338634436634363,0.01905432000119269,-0.016402083810822286,3940.881787109375,3924.644396993637,3911.88310546875,3921.6062870845053,3894.754675292969,3926.5777850186105,3964.55390625,3943.2811871877097,0.9867976857525107,0.9941127897986511,0.9984847189511943,0.9809055745750083,44.187301823411225,46.313201254844145,47.06748815754405,-10.94982447198663,-18.92750085308376,7.97767638109713,4024.0241583463794,3765.4851922395583,3894.754675292969,0.06638132248660142,0.4771730813420966,-0.26890499163764725,2992302.7,0.43037056378019506,-0.0014527249532627629,-0.33219749744569615,-0.010189142264676487,0.5952503637795332,0.003909790699537785,-0.5195776284398246,0.005966214270312298,-0.49282760979440865,0
2025-01-21,-0.01028737862663609,-0.01034065943436064,0.020070121050095382,-0.014516628931471494,3917.857275390625,3899.3785726051333,3919.54423828125,3908.3773119469815,3892.4984497070313,3919.1748458576117,3963.79,3939.577882742236,0.9823856902608532,0.9819628737028553,0.9887857306963881,0.9710017240641218,38.63465981336521,43.39978758518003,45.0265907347963,-15.898780119100138,-18.321756706287037,2.4229765871868985,4023.309835562121,3761.6870638519417,3892.4984497070313,0.0672120426226169,0.33315089281577265,0.5309772720742911,2922556.4,0.6746117885013272,-0.011274594391938564,-0.26890499163764725,-0.0014527249532627629,-0.33219749744569615,-0.010189142264676487,0.5952503637795332,-0.01352815588720635,-0.14038315378177224,1
2025-01-22,0.02991942150896576,0.029480567636604067,0.028617126588373603,0.026321011766975325,3914.76416015625,3920.9197808252975,3931.2200927734375,3918.490927459462,3895.007360839844,3923.4441174202793,3965.4022412109375,3940.535698998055,1.0125775232159604,1.0083389135480991,1.017713660086872,0.9996469352009836,56.84557853705839,52.63589450862242,51.3962578860164,-10.408808683857387,-16.739167101801108,6.330358417943721,4029.238660131597,3760.7760615480906,3895.007360839844,0.06892479877768969,0.7569998085015184,0.22196895806483186,2945351.0,0.817974835596844,-0.01028737862663609,0.5309772720742911,-0.011274594391938564,-0.26890499163764725,-0.0014527249532627629,-0.33219749744569615,0.003909790699537785,-0.5195776284398246,0
2025-01-23,-0.0026825275044524144,-0.002686131928779775,0.012375083658406656,-0.00541022185400664,3917.65380859375,3931.736071331449,3948.3454833984374,3924.832331983878,3897.471533203125,3926.2940731272765,3965.833544921875,3941.0389520704352,1.0091163858510561,1.001272221229483,1.0143418928565429,0.9968569299651808,55.08449832481601,51.79538833636343,50.82526947247166,-6.837190103758985,-14.758771702192684,7.921581598433699,4034.067579067587,3760.8754873386633,3897.471533203125,0.07009469842218487,0.7046073837162503,-0.2433253376711081,2888403.6,0.6311437916778666,0.02991942150896576,0.22196895806483186,-0.01028737862663609,0.5309772720742911,-0.011274594391938564,-0.26890499163764725,-0.010189142264676487,0.5952503637795332,1
2025-01-24,0.0016644231043565494,0.0016630394872914408,0.01782123334007129,0.011781212879203204,3923.00390625,3941.140291043883,3944.8905517578123,3931.2171317084,3900.4636962890627,3929.4992785883696,3966.420791015625,3941.780512007624,1.009417483413639,1.0038171347248728,1.0152507596048854,0.9983682869549456,56.06708802252323,52.30294915533514,51.17768613452505,-3.4360902250059553,-12.49423540675534,9.058145181749385,4039.7546152264267,3761.1727773516986,3900.4636962890627,0.07142274856699049,0.7135280412875888,0.04777898823805615,2289983.5,0.834110376777824,-0.0026825275044524144,-0.2433253376711081,0.02991942150896576,0.22196895806483186,-0.01028737862663609,0.5309772720742911,-0.0014527249532627629,-0.33219749744569615,0
2025-01-27,-0.021000126387565876,-0.02122376555027226,0.02836304972705898,-0.008983446527608472,3920.591162109375,3919.6899629094637,3930.736474609375,3921.321163514259,3899.581201171875,3924.4792812600126,3966.22603515625,3939.2318372873497,0.9888277421292804,0.9862755571844559,0.994155296849723,0.9774504206964337,42.393025171162385,45.74711026989092,46.73331092843859,-7.3660533008765015,-11.468598985579574,4.102545684703072,4039.2367823832114,3759.9256199605384,3899.581201171875,0.07162593827735564,0.4183996288098231,-0.1875908002674207,2044784.6,0.7588975386453908,0.0016644231043565494,0.04777898823805615,-0.0026825275044524144,-0.2433253376711081,0.02991942150896576,0.22196895806483186,-0.011274594391938564,-0.26890499163764725,0
2025-01-28,-0.006112978703319283,-0.006131739452749379,0.01824120740568546,-0.007492384699361514,3921.439892578125,3897.490167330268,3919.648583984375,3908.9156021792796,3900.5103149414062,3917.680356965904,3965.6406494140624,3935.853748616155,0.9825703521465137,0.9830193941149584,0.9878426834078905,0.9716186908516743,39.21334213817217,44.05249581637789,45.5496746761839,-12.251637590864902,-11.62520670663664,-0.6264308842282631,4038.6609845866083,3762.3596452962042,3900.5103149414062,0.07083722820370356,0.32837673211677354,0.5906048658896674,1947440.9,1.2674438541369857,-0.021000126387565876,-0.1875908002674207,0.0016644231043565494,0.04777898823805615,-0.0026825275044524144,-0.2433253376711081,-0.01028737862663609,0.5309772720742911,1
2025-01-29,0.014726599024892373,0.01461921564306892,0.0131348115082792,0.011297435788727196,3910.60615234375,3901.6046102514288,3912.68515625,3909.0824919819106,3903.450158691406,3916.933036882842,3968.557431640625,3934.833346556453,0.9998024203359018,0.9992711756652091,1.0016353064962622,0.9852026998327706,49.74310242117753,48.93047908136696,48.80923642630608,-11.413254034086094,-11.582816172126531,0.16956213804043685,4039.754567508926,3767.1457498738864,3903.450158691406,0.06983791429437104,0.5234157407589423,-0.5069064511528714,1903802.4,0.6392937628400931,-0.006112978703319283,0.5906048658896674,-0.021000126387565876,-0.1875908002674207,0.0016644231043565494,0.04777898823805615,0.02991942150896576,0.22196895806483186,1
2025-01-30,6.100653413065871e-05,6.100467330773658e-05,0.01741439878660007,3.656243989382707e-05,3901.946826171875,3904.427080662411,3909.8003173828124,3909.2624064369043,3903.438134765625,3916.2796068448924,3971.1034716796876,3933.8623142006854,1.0020823439361093,1.0000694930890344,1.0016994983626526,0.9846311105639618,49.78576104377377,48.95062827214721,48.822758641423874,-10.607307580559791,-11.387714453813183,0.7804068732533924,4039.740162456034,3767.136107075216,3903.438134765625,0.06983690940376233,0.5243352458916387,0.2581257410099016,1793157.0,0.8539414005577872,0.014726599024892373,-0.5069064511528714,-0.006112978703319283,0.5906048658896674,-0.021000126387565876,-0.1875908002674207,-0.0026825275044524144,-0.2433253376711081,1
2025-01-31,0.003012115333403509,0.0030075880029619482,0.010504862449753257,0.0005839178451945754,3894.327001953125,3910.234590233274,3908.6654541015623,3911.550988789285,3907.5664184570314,3916.810083276331,3973.261396484375,3933.391227736933,1.007067359111875,1.003373057998505,1.003655265039259,0.9870605575674268,52.12661241873031,49.99962825221634,49.5141704096307,-8.915464372640145,-10.893264437578576,1.9778000649384317,4040.8132423274283,3774.3195945866346,3907.5664184570314,0.06819939041395058,0.5535967406317361,-0.02501745304982661,1766304.7,0.8452352530115558,6.100653413065871e-05,0.2581257410099016,0.014726599024892373,-0.5069064511528714,-0.006112978703319283,0.5906048658896674,0.0016644231043565494,0.04777898823805615,0
2025-02-01,-0.00954419774630011,-0.009590035491101014,0.0196162440026513,-0.009688815379589147,3895.852880859375,3901.629293879475,3908.222021484375,3906.617845586119,3910.0525634765627,3913.7251897425735,3971.454052734375,3931.470736499088,0.9970650381220304,0.9939094247507824,0.9934441131190584,0.978084764318858,44.444422743626596,46.714195045415295,47.37816926913413,-10.474286851327179,-10.809468920328296,0.33518206900111736,4039.571405280868,3780.5337216722573,3910.0525634765627,0.06624915634849966,0.4010419567238765,-0.7071743529391277,1681242.0,0.2600291927039653,0.003012115333403509,-0.02501745304982661,6.100653413065871e-05,0.2581257410099016,0.014726599024892373,-0.5069064511528714,-0.021000126387565876,-0.1875908002674207,0
2025-02-03,-0.0011048623686165104,-0.0011054731789923503,0.01924472508264227,0.009365154410817957,3901.26015625,3894.461846961317,3911.3500244140623,3901.801319684097,3915.447131347656,3910.5253576837567,3968.2405029296874,3929.457254798144,0.994582980299034,0.9920173159921325,0.9909792733657729,0.9777953101028946,43.58518167347183,46.338224525157216,47.1333792515144,-11.91858308935116,-11.03129175413287,-0.8872913352182898,4029.636141510609,3801.258121184703,3915.447131347656,0.05832744324332133,0.34534335584373405,1.895228880166159,1610654.2,0.7858378291255814,-0.00954419774630011,-0.7071743529391277,0.003012115333403509,-0.02501745304982661,6.100653413065871e-05,0.2581257410099016,-0.006112978703319283,0.5906048658896674,1
2025-02-04,0.009437991568615134,0.00939373198928555,0.012855955330237928,0.0057178181048596986,3902.64296875,3901.8904175054618,3906.624560546875,3904.51881766767,3918.922326660156,3911.117948246613,3965.0551611328124,3928.958835339148,1.0036141122712714,1.0025912390325673,0.9994450596656098,0.987816663179722,52.69030790183724,50.03360314893337,49.472351746254624,-9.99302804654235,-10.823639012614766,0.8306109660724168,4028.7440796270066,3809.1005736933057,3918.922326660156,0.056046914846839754,0.4900986461804948,1.0124088162166305,1624445.1,1.5680012824071432,-0.0011048623686165104,1.895228880166159,-0.00954419774630011,-0.7071743529391277,0.003012115333403509,-0.02501745304982661,0.014726599024892373,-0.5069064511528714,0
2025-02-05,-0.0038834387438058116,-0.003890998871252801,0.018088044348363367,-0.014192747552710838,3900.935986328125,3901.7726481286413,3901.44140625,3903.9766888871845,3924.893444824219,3910.2054874016976,3961.9430029296873,3927.8834735366327,1.000154097131812,1.0000245301966721,0.9940491797350527,0.9847534672987421,48.86836743931753,48.53846559117057,48.53584274143427,-9.583890807699845,-10.575689371631784,0.9917985639319387,4015.642476511167,3834.144413137271,3924.893444824219,0.04624280019964328,0.37131358310361917,-0.3349728243373331,1611536.5,1.051116124270223,0.009437991568615134,1.0124088162166305,-0.0011048623686165104,1.895228880166159,-0.00954419774630011,-0.7071743529391277,6.100653413065871e-05,0.2581257410099016,0
2025-02-06,-0.0020410875721558197,-0.002043173430156944,0.0215418409581471,-0.005517100132150114,3895.280810546875,3899.0396755753445,3894.80390625,3902.0852419020143,3919.8472290039062,3908.6215105509405,3960.31314453125,3926.5379934163234,0.9995617568639718,0.9996841494948497,0.993297315685991,0.9831479452187614,46.795098340249446,47.734219023137214,48.035968688949715,-9.789378857450629,-10.418427268795554,0.6290484113449253,4005.6420677287983,3834.052390279014,3919.8472290039062,0.0437745828919429,0.3468818233961352,0.34867454743811965,1648980.2,1.3854235484452755,-0.0038834387438058116,-0.3349728243373331,0.009437991568615134,1.0124088162166305,-0.0011048623686165104,1.895228880166159,0.003012115333403509,-0.02501745304982661,0
2025-02-07,-0.01306721725338944,-0.013153344454762649,0.0203504248740125,-0.014816649793704157,3886.936181640625,3880.2583025971053,3891.39453125,3891.2871173090343,3911.0655029296877,3902.3428482737677,3957.17970703125,3923.2500547192376,0.9886181241644861,0.9874854697414266,0.982518843972864,0.9710692566761105,35.55225969599934,42.84921565487604,44.931599718700696,-13.897471636480077,-11.114236142332459,-2.7832354941476183,3990.45682043953,3831.6741854198453,3911.0655029296877,0.040598306241801455,0.0694116911425063,-0.3219892354508749,1648696.0,0.939494000106751,-0.0020410875721558197,0.34867454743811965,-0.0038834387438058116,-0.3349728243373331,0.009437991568615134,1.0124088162166305,-0.00954419774630011,-0.7071743529391277,1
2025-02-10,0.0018737990941493088,0.001872045722595702,0.009326323783831055,-0.0007549625812190754,3880.889990234375,3870.137533762654,3891.0750732421875,3883.761458906255,3905.3618286132814,3897.347909970909,3954.081650390625,3920.3734249692184,0.9920136890716778,0.9894170437801074,0.9857975176299538,0.9736511120637626,38.011282424738766,43.72691931384654,45.45541147062251,-16.383293069526644,-12.168047527771297,-4.215245541755348,3985.1203967875326,3825.6032604390302,3905.3618286132814,0.04084567406271389,0.1522891910599913,-0.1352079486616654,1535819.9,0.8721797393040682,-0.01306721725338944,-0.3219892354508749,-0.0020410875721558197,0.34867454743811965,-0.0038834387438058116,-0.3349728243373331,-0.0011048623686165104,1.895228880166159,0
2025-02-11,-0.01818205569930298,-0.018349380584182534,0.021445421138338163,-0.013649675206201724,3853.519873046875,3840.057346727186,3878.0814208984375,3864.877006860799,3895.3832885742186,3886.162106417132,3949.0947998046877,3914.864544486357,0.9808946358612098,0.9746822107155654,0.9703530288645258,0.9571552885595945,26.530341973032577,37.670153698926065,41.43253615259507,-23.72813745146368,-14.480065512509775,-9.248071938953906,3984.899164017449,3805.867413130988,3895.3832885742186,0.04595998329909913,-0.1450605289070101,0.35191722949643567,1595201.8,1.1352218885409984,0.0018737990941493088,-0.1352079486616654,-0.01306721725338944,-0.3219892354508749,-0.0020410875721558197,0.34867454743811965,0.009437991568615134,1.0124088162166305,0
2025-02-12,-0.0033808585174266437,-0.00338658653363626,0.020657468621085473,-0.005275665381707365,3826.635986328125,3815.7441230785407,3863.785986328125,3847.1025830281537,3886.7931518554688,3874.8245415946667,3942.8850341796874,3909.070549635176,0.9844463098242103,0.9749809355671011,0.9692097131494923,0.9554216374875851,24.926755223184287,36.67148811861426,40.741356818194596,-30.231670123049753,-17.630386434617773,-12.60128368843198,3989.8913936197314,3783.694910091206,3886.7931518554688,0.053050542046491886,-0.08039532986343491,-0.07339191168187453,1609876.9,1.0423169622472377,-0.01818205569930298,0.35191722949643567,0.0018737990941493088,-0.1352079486616654,-0.01306721725338944,-0.3219892354508749,-0.0038834387438058116,-0.3349728243373331,0
2025-02-13,-0.010126172755431373,-0.010177791203297924,0.02102219946161247,-0.014579157675466166,3793.715478515625,3786.8198125211106,3844.49814453125,3825.6241481878074,3876.5817993164064,3860.933746338627,3933.8587353515627,3902.00782970463,0.9829338052692588,0.9699500562149221,0.9619224833753834,0.9479169035471219,20.592182126829314,33.79167288192903,38.716996814089875,-38.025534415625316,-21.709416030819284,-16.316118384806032,3998.085002280101,3755.078596352712,3876.5817993164064,0.06268574184871854,-0.10743504825244335,0.35715571256768475,1688313.6,1.3488667034370865,-0.0033808585174266437,-0.07339191168187453,-0.01818205569930298,0.35191722949643567,0.0018737990941493088,-0.1352079486616654,-0.0020410875721558197,0.34867454743811965,1
2025-02-14,0.006316933774330513,0.006297065575011331,0.012198685797100784,0.0025095790207006773,3775.68173828125,3775.3888268369906,3831.3089599609375,3812.333731329797,3869.765490722656,3850.6092805414955,3925.6509619140625,3896.1458307149874,0.9938673637193158,0.9794372875391937,0.9697039431627128,0.9558992615174068,29.432591448422784,37.077664430979254,40.629717297991235,-41.81941461233646,-25.731415747122718,-16.08799886521374,4002.524630860747,3737.006350584565,3869.765490722656,0.06861353250286956,0.058453620850666355,-0.26142027216321007,1812793.9,0.9278357567288814,-0.010126172755431373,0.35715571256768475,-0.0033808585174266437,-0.07339191168187453,-0.01818205569930298,0.35191722949643567,-0.01306721725338944,-0.3219892354508749,0
2025-02-17,-0.00771322708981903,-0.0077431278795131045,0.019925739231175577,0.01244651886425512,3750.419091796875,3758.1201391152854,3815.654541015625,3796.1971917556293,3863.5022827148437,3838.5115170301033,3916.739765625,3889.3786516152572,0.992844445522449,0.975869991280908,0.9637842794427836,0.950684239058118,25.381775790562685,34.79264186963266,39.05695279098524,-46.624183746122526,-29.909969346922683,-16.714214399199843,4010.6567554345856,3716.3478099951017,3863.5022827148437,0.07617672357959009,0.024582853456831085,0.07005514350688924,1866203.2,0.9644212377301679,0.006316933774330513,-0.26142027216321007,-0.010126172755431373,0.35715571256768475,-0.0033808585174266437,-0.07339191168187453,0.0018737990941493088,-0.1352079486616654,0
2025-02-18,-0.008016367909482125,-0.008048671742141394,0.015465223355077917,-0.006464178073861752,3733.186328125,3736.6578108424824,3793.3531005859377,3777.567366763128,3849.9888305664062,3824.7231015317006,3907.5986572265624,3881.7062791713993,0.9894317694429304,0.9737382880930133,0.9594139923137016,0.9452693273567968,21.775865497912704,32.56381271583638,37.485674003304,-52.23843969856307,-34.37566341725076,-17.862776281312307,4007.050124695067,3692.9275364377454,3849.9888305664062,0.08159051937070382,0.0025646607065062596,0.19450596342050197,1826477.9,1.177062695365764,-0.00771322708981903,0.07005514350688924,0.006316933774330513,-0.26142027216321007,-0.010126172755431373,0.35715571256768475,-0.01818205569930298,0.35191722949643567,0
2025-02-19,-0.02300414996340605,-0.023272874607951948,0.028223367794703275,-0.022751886428014314,3701.515185546875,3694.025861525197,3764.0755859375,3746.8754751499455,3832.75849609375,3804.155374042074,3896.8536328125,3871.0025804937222,0.9749418230084753,0.9587379106766285,0.9415573578582066,0.9260706977813922,14.79523524857207,27.218518703479404,33.46194745661823,-62.820092084608405,-40.06454915072229,-22.75554293388611,4014.3660819397232,3651.150910247777,3832.75849609375,0.09476599479516536,-0.1167047817955784,1.0311245423579654,2093753.9,2.085570801802447,-0.008016367909482125,0.19450596342050197,-0.00771322708981903,0.07005514350688924,0.006316933774330513,-0.26142027216321007,-0.0033808585174266437,-0.07339191168187453,0
2025-02-20,-0.0012420940813202552,-0.001242866119535962,0.009710523395292452,0.004758713902366065,3676.57685546875,3664.11042135534,3735.1461669921873,3720.948941670978,3814.9750366210938,3785.1195804205076,3885.5039208984376,3860.5428534553657,0.9803356988592293,0.9649634525328508,0.9447714615212579,0.927622160314849,14.508986176648534,26.967043372713263,33.26417300665045,-70.75223410832314,-46.202086142242464,-24.550147966080672,4012.260020723243,3617.6900525189444,3814.9750366210938,0.10342661863228535,-0.033987663998735394,-0.33849576977615903,2154157.5,1.3409288782273348,-0.02300414996340605,1.0311245423579654,-0.008016367909482125,0.19450596342050197,-0.00771322708981903,0.07005514350688924,-0.010126172755431373,0.35715571256768475,1
2025-02-21,0.0017462422769589647,0.0017447193685676354,0.011093502377179126,0.002621726672419096,3648.186181640625,3646.2647763462683,3711.9339599609375,3700.8806770631863,3801.6642456054688,3768.4961428879,3873.925185546875,3850.740133175866,0.9896900285676798,0.9726933521107474,0.9497349721248437,0.932019415294523,17.135312783745377,27.97332418810595,33.84068652807733,-75.65850092125265,-52.093369098044505,-23.565131823208148,4015.6839976826154,3587.644493528322,3801.6642456054688,0.11259266376537205,0.053567468837030105,-0.3651080880102694,2182656.6,0.8402288293999156,-0.0012420940813202552,-0.33849576977615903,-0.02300414996340605,1.0311245423579654,-0.008016367909482125,0.19450596342050197,0.006316933774330513,-0.26142027216321007,0
2025-02-24,-0.029159892727719128,-0.029593492352790057,0.025356390438476723,-0.018046246196339644,3604.5275390625,3599.2730344912625,3677.4733154296873,3665.3186541028344,3784.2741943359374,3743.4288484015524,3861.340146484375,3837.193051513332,0.9724685171063887,0.9531787861176312,0.92627789921453,0.9077909269331537,10.712687009748223,22.41070162877739,29.382416170111625,-87.03895552291442,-59.08248638301849,-27.95646913989593,4032.5350595520663,3536.0133291198085,3784.2741943359374,0.13120659469533685,-0.06187801349965344,0.3678355401593625,2299557.1,1.090869193898251,0.0017462422769589647,-0.3651080880102694,-0.0012420940813202552,-0.33849576977615903,-0.02300414996340605,1.0311245423579654,-0.00771322708981903,0.07005514350688924,0
2025-02-25,-0.01252863801121995,-0.012607783145074351,0.010125221998761386,0.0012551858836206652,3558.055517578125,3553.3063719525085,3645.6209228515627,3628.237634606864,3761.851171875,3716.5663911133097,3849.5005517578124,3822.455012115751,0.9728271607271226,0.9494604952419337,0.9201249301815855,0.8991745813088453,9.060094604320682,20.57296708866211,27.77951465929266,-98.46668003214609,-66.95932511284401,-31.507354919302074,4039.92003386329,3483.78230988671,3761.851171875,0.14783618451853503,-0.04029444874099912,0.6352114158331061,2528661.7,1.6221837820377474,-0.029159892727719128,0.3678355401593625,0.0017462422769589647,-0.3651080880102694,-0.0012420940813202552,-0.33849576977615903,-0.008016367909482125,0.19450596342050197,0
2025-02-27,-0.0046837361889559,-0.0046947392517054055,0.010325129984074529,0.00023537327788652375,3525.335302734375,3517.257877525631,3613.425244140625,3594.9509535277753,3738.605615234375,3690.7182480236493,3836.974326171875,3807.65916413756,0.9772576486553453,0.9534335584383266,0.9215095795697873,0.8978847904122127,8.495646970697095,19.923451385028955,27.204261975591294,-107.59117561504581,-75.08569521328437,-32.505480401761446,4039.9783602472635,3437.2328702214863,3738.605615234375,0.16122200415300847,0.01315317755434323,-0.06779646968249764,2743247.1,1.3939159910166312,-0.01252863801121995,0.6352114158331061,-0.029159892727719128,0.3678355401593625,0.0017462422769589647,-0.3651080880102694,-0.02300414996340605,1.0311245423579654,0
2025-02-28,-0.03579196618558678,-0.036448204941600296,0.04105361372281621,-0.028368583259755296,3468.849755859375,3452.1225205639626,3572.7133056640623,3545.296563184657,3708.6057250976564,3655.5881107490754,3823.4043603515624,3788.6078952161115,0.9576234315220918,0.9297840387512399,0.8957144686911016,0.8688204263948636,5.471071903024509,15.829828371038943,23.343725211551643,-123.35050860567844,-84.73865789176318,-38.61185071391526,4048.0856698977886,3369.125780297524,3708.6057250976564,0.18307685958781336,-0.06962704922779993,0.8528464461004808,3224017.9,2.197574027116909,-0.0046837361889559,-0.06779646968249764,-0.01252863801121995,0.6352114158331061,-0.029159892727719128,0.3678355401593625,-0.0012420940813202552,-0.33849576977615903,1
2025-03-03,0.0028135485717835085,0.002809597952438755,0.013483945834687322,0.002309913580523769,3412.974658203125,3411.8143463916003,3530.580419921875,3506.3695513414236,3680.944689941406,3624.6938143012467,3811.924150390625,3770.670252189867,0.9760394763085338,0.9435270130797893,0.9049845294197837,0.8738888463206993,8.356150376690138,17.218189611241016,24.199796674462064,-133.54629543937108,-94.50018540128477,-39.04611003808631,4047.675353281892,3314.21402660092,3680.944689941406,0.19925899149890441,0.023155919512225773,-0.2956349581610096,3554864.3,1.403833895994286,-0.03579196618558678,0.8528464461004808,-0.0046837361889559,-0.06779646968249764,-0.01252863801121995,0.6352114158331061,0.0017462422769589647,-0.3651080880102694,1
2025-03-04,0.011165086931542945,0.01110321744132841,0.024546637214452882,0.016709858614889186,3385.594970703125,3397.339935354817,3495.0612548828126,3481.28256260321,3655.3578979492186,3600.2840332517235,3801.4125439453123,3754.8945996836464,0.9949185128254423,0.9637573901102314,0.9214942031178488,0.886089335041061,19.73030629358024,22.683666788608733,27.57922070075071,-137.04558025687993,-103.0092643724038,-34.036315884476124,4034.1399944104573,3276.57580148798,3655.3578979492186,0.2072476113344461,0.12119806169701818,-0.43938058355186793,3654657.4,0.7655264758879998,0.0028135485717835085,-0.2956349581610096,-0.03579196618558678,0.8528464461004808,-0.0046837361889559,-0.06779646968249764,-0.029159892727719128,0.3678355401593625,1
2025-03-05,0.004246741847642843,0.004237749888180607,0.022412990768558606,0.007441370818176978,3369.859521484375,3392.458557163628,3463.95751953125,3463.357696817399,3628.655310058594,3579.561344445012,3790.78998046875,3740.298568354141,1.0038091437387933,0.9765407865737925,0.9322174501955183,0.8923458746619782,23.964722998491524,24.74168013121347,28.86004923770875,-137.0842975041378,-109.8242709987506,-27.260026505387188,4005.2555977740703,3252.0550223431173,3628.655310058594,0.20757016334483164,0.173447528718874,-0.10574367783676597,3689858.9,0.6780459816498674,0.011165086931542945,-0.43938058355186793,0.0028135485717835085,-0.2956349581610096,-0.03579196618558678,0.8528464461004808,-0.01252863801121995,0.6352114158331061,1
2025-03-06,0.0153790669164251,0.015262007715368111,0.02036590724310507,0.012538683625597345,3367.771044921875,3406.545206728877,3446.553173828125,3458.150571188667,3605.3143798828123,3565.7667883892373,3781.402646484375,3728.315036491601,1.0198788635107625,0.9965662308480779,0.9526821086739785,0.9083186391305572,37.87065521068782,31.846666949790972,33.36057156026446,-131.4024579337447,-114.13990838574942,-17.262549547995278,3969.0147815136975,3241.613978251927,3605.3143798828123,0.20175794025635396,0.2654719746548797,0.11376141435248655,3531843.0,0.788968535690856,0.004246741847642843,-0.10574367783676597,0.011165086931542945,-0.43938058355186793,0.0028135485717835085,-0.2956349581610096,-0.0046837361889559,-0.06779646968249764,1
2025-03-07,0.002665366940735492,0.0026618211494302694,0.014011990014518451,0.003111097547743019,3392.175341796875,3418.9879014911266,3430.512548828125,3455.5547020662957,3582.8293579101564,3554.1578838774644,3772.2780029296873,3717.1604582376413,1.015240352873789,1.003894678126761,0.9612161079936044,0.9129426008213044,40.11906548140305,33.044604685846906,34.13054887381506,-124.7231140648887,-116.25654952157728,-8.46656454331142,3927.5751072514695,3238.0836085688434,3582.8293579101564,0.19244329824426876,0.29846587353139636,-0.2638415826518663,3448117.3,0.5949087056870136,0.0153790669164251,0.11376141435248655,0.004246741847642843,-0.10574367783676597,0.011165086931542945,-0.43938058355186793,-0.03579196618558678,0.8528464461004808,0
2025-03-10,-0.005967628909610445,-0.005985506366514109,0.011003858614236962,-0.0046721468615694445,3410.600048828125,3420.4324453951263,3411.787353515625,3449.6941259093555,3561.8606567382812,3541.697279051337,3762.8556494140626,3705.6373631382485,1.0037299842235594,1.003380685398114,0.961104844662278,0.9097669036908688,36.645707807979896,31.697629989294214,33.22562927028203,-119.70812032857884,-116.94686368297761,-2.761256645601236,3891.5170641590857,3232.2042493174768,3561.8606567382812,0.18510348337022384,0.28987345548798654,-0.5102526915661417,3365186.8,0.2985349877159865,0.002665366940735492,-0.2638415826518663,0.0153790669164251,0.11376141435248655,0.004246741847642843,-0.10574367783676597,0.0028135485717835085,-0.2956349581610096,0
2025-03-11,-0.003997525304121896,-0.004005536766209751,0.014292534041443263,0.004862295904475857,3418.849169921875,3416.833869846751,3402.2220703125,3442.410960971291,3539.847692871094,3529.1200828321616,3754.3582177734374,3694.029494730866,0.9973053940919876,1.0021793546347841,0.9632156563167037,0.9081809782051437,34.336358324419194,30.797411928333872,32.620926094579005,-115.5064651886587,-116.65878398411382,1.1523187954551304,3847.7058075221903,3231.9895782199974,3539.847692871094,0.17393862186279513,0.28852112722663603,0.9862615540509603,3313880.2,0.6021491060539846,-0.005967628909610445,-0.5102526915661417,0.002665366940735492,-0.2638415826518663,0.0153790669164251,0.11376141435248655,0.011165086931542945,-0.43938058355186793,0
2025-03-12,-0.01932711398185516,-0.01951632454621591,0.023501198873786287,-0.016493702336080024,3411.057666015625,3392.4686736478343,3390.45859375,3424.4704737492375,3518.039758300781,3511.46467315767,3744.2122509765627,3680.2925843982835,0.980264366259085,0.9862200610306451,0.9504549439387322,0.8930418622442915,25.358494602216155,26.84386527386181,29.872024494029674,-116.15511255551701,-116.55804969839447,0.4029371428774624,3816.437686637819,3219.6418299637435,3518.039758300781,0.16963874705109322,0.20793785663634154,0.5907023478413391,3221101.5,0.9854290527634724,-0.003997525304121896,0.9862615540509603,-0.005967628909610445,-0.5102526915661417,0.002665366940735492,-0.2638415826518663,0.004246741847642843,-0.10574367783676597,1
2025-03-13,0.001383255431969932,0.001382299615498917,0.011449552302819717,0.0024983581869085585,3393.786669921875,3377.7669575620985,3380.778857421875,3410.632846774944,3497.10205078125,3495.9312305131893,3732.973271484375,3667.275758554846,0.9866157926384055,0.9904118744826838,0.9574680626327742,0.8969695955147264,26.923101417814763,27.546895300306446,30.304851449064927,-114.97064172852697,-116.24056810442097,1.269926375894002,3781.070035347781,3213.134066214719,3497.10205078125,0.16240188615776466,0.23810687564362207,-0.4666304576917345,3008016.3,0.5628307266819,-0.01932711398185516,0.5907023478413391,-0.003997525304121896,0.9862615540509603,-0.005967628909610445,-0.5102526915661417,0.0153790669164251,0.11376141435248655,0
2025-03-17,-0.0038022159408124256,-0.0038094627389357624,0.01518136325496822,0.002493537165914325,3372.1384765625,3363.7220797809828,3382.1569091796873,3396.996388128363,3477.435107421875,3480.664668008957,3722.9002392578127,3654.270133678921,0.989174183504776,0.9862441080617335,0.9592220188665849,0.895976821791962,25.225095660423975,26.78390943355855,29.77374631514104,-113.74802517147918,-115.74205951783263,1.9940343463534447,3748.640742427442,3206.2294724163075,3477.435107421875,0.15598027087650565,0.23856962227165024,0.5894268412833048,2568605.1,1.0476137417931624,0.001383255431969932,-0.4666304576917345,-0.01932711398185516,0.5907023478413391,-0.003997525304121896,0.9862615540509603,0.002665366940735492,-0.2638415826518663,0
2025-03-18,0.0,0.0,0.0,0.0,3354.600634765625,3354.3588279269056,3382.600341796875,3385.839285599342,3456.590380859375,3466.852063838461,3712.9189697265624,3641.7745333079342,0.9943455830925758,0.9861148191236878,0.9650065401702147,0.8983854351296017,25.225095660423975,26.78390943355855,29.77374631514104,-111.49386091542783,-114.89241979735166,3.398558881923833,3702.966105826437,3210.2146558923127,3456.590380859375,0.14255419232278738,0.2545252141687342,-1.0,2069561.2,0.0,-0.0038022159408124256,0.5894268412833048,0.001383255431969932,-0.4666304576917345,-0.01932711398185516,0.5907023478413391,-0.005967628909610445,-0.5102526915661417,0
2025-03-19,-0.00017148817039025488,-0.0001715028761678154,0.02409138933611425,-0.014068199138356418,3339.6853515625,3347.9259861960622,3379.2672607421873,3376.6067432602567,3437.1642578125,3454.3004675428338,3704.1754638671873,3629.7465242658336,0.9986151243781212,0.9869181823759914,0.9702941298641611,0.9003515992335165,25.128176068493985,26.74530797056009,29.747920947253647,-108.50282384274033,-113.6145006064294,5.111676763689076,3655.9985017240756,3218.3300139009248,3437.1642578125,0.12733417869930205,0.26670937497473557,-1.0,2094911.9,1.45650229969098,0.0,-1.0,-0.0038022159408124256,0.5894268412833048,0.001383255431969932,-0.4666304576917345,-0.003997525304121896,0.9862615540509603,1
2025-03-20,0.018886918962224275,0.018710775523525902,0.018789540997934832,0.014564322990817277,3350.54755859375,3364.633762932792,3380.8026123046875,3380.5053929231644,3422.3800659179688,3448.943215053635,3695.1915771484373,3620.660359251732,1.0141773119115005,1.0051013638118924,0.9928906933060947,0.9195867779684942,49.87167853915639,37.43780051969824,36.151268478600635,-99.89815468840243,-110.87123142282401,10.973076734421582,3607.1897328406026,3237.570398995335,3422.3800659179688,0.10800066816837492,0.43417349341930195,-0.06753048920374771,2129241.7,1.3362466083582714,-0.00017148817039025488,-1.0,0.0,-1.0,-0.0038022159408124256,0.5894268412833048,-0.01932711398185516,0.5907023478413391,1
2025-03-21,0.00419580972251854,0.004187031857838736,0.04227103654787994,0.0296690928507195,3363.33623046875,3380.524803543736,3378.5614501953123,3386.287482349066,3412.5573120117188,3445.454040740491,3687.795419921875,3612.489634762081,1.0145601423530737,1.0099881073846864,0.9999266159588844,0.9252972294319716,53.8952854319916,39.58729879983304,37.50509329132624,-90.88080839136774,-106.87314681653275,15.992338425165016,3576.3905153092323,3248.724108714205,3412.5573120117188,0.09601784721437141,0.4992357249902543,0.46279231770650275,2266782.9,1.8360492308284133,0.018886918962224275,-0.06753048920374771,-0.00017148817039025488,-1.0,0.0,-1.0,0.001383255431969932,-0.4666304576917345,1
2025-03-24,0.014211398324181168,0.014111363049783688,0.02291293720292255,0.00804165310329851,3388.369873046875,3407.283381398949,3380.2541748046874,3399.8353104873036,3405.3833618164062,3446.915611823242,3677.1214697265623,3606.541042697269,1.021376256659185,1.0238284928112962,1.0162734028463125,0.941171121379008,65.03262835607619,46.34030859262025,41.904380484206,-78.91181770511412,-101.28088099424903,22.369063289134914,3545.9161173996677,3264.850606233145,3405.3833618164062,0.08253564468483353,0.6971681799839744,-0.5591580818971991,2245126.5,0.8172149765280486,0.00419580972251854,0.46279231770650275,0.018886918962224275,-0.06753048920374771,-0.00017148817039025488,-1.0,-0.0038022159408124256,0.5894268412833048,1
2025-03-25,0.007936191605776743,0.007904865667125994,0.01968423210990366,0.0034979423868312124,3418.896630859375,3434.2776253597162,3386.7486328125,3415.913638268021,3399.2679931640623,3450.853754819243,3666.5201904296873,3601.9028101711506,1.020290020410602,1.0299749085258936,1.0261815544688335,0.9513833095440973,69.84583177723263,49.765314430147576,44.23871753074826,-66.44413724257083,-94.3135322439134,27.869395001342568,3511.3089549390234,3287.2270313891013,3399.2679931640623,0.06592064056160075,0.8971677800122072,0.7088912882456531,2458202.9,1.2754805553276338,0.014211398324181168,-0.5591580818971991,0.00419580972251854,0.46279231770650275,0.018886918962224275,-0.06753048920374771,0.0,-1.0,0
2025-03-26,-0.006000865905213204,-0.006018943457947687,0.015031052755875459,-0.0032759786640737757,3445.35126953125,3445.296248937728,3392.518310546875,3425.2627033272443,3397.3701904296877,3452.4232539882437,3656.587470703125,3596.625582168115,1.00638025700221,1.0220529938819445,1.0205933712673254,0.9482430063205946,62.22944857141155,47.28798666746471,42.860549946787316,-57.58865178695942,-86.96855615252261,29.379904365563192,3503.2816576864643,3291.458723172911,3397.3701904296877,0.06234908845384395,0.8302914569885056,-0.4467996006876338,2432107.8,0.713166990377647,0.007936191605776743,0.7088912882456531,0.014211398324181168,-0.5591580818971991,0.00419580972251854,0.46279231770650275,-0.00017148817039025488,-1.0,1
2025-03-27,0.0042356119806243875,0.004226667025543198,0.014378834548118832,0.010055701490690577,3462.145361328125,3457.537424422027,3406.3464599609374,3435.5821709751317,3398.4025268554688,3455.24197031228,3646.6385107421875,3592.1312368042923,1.0057404909350414,1.0222153901017323,1.0246048688683524,0.9548574022715353,65.3244882032104,49.19873792625141,44.14246376552656,-48.82275740589557,-79.3393964031972,30.516638997301627,3507.153680149028,3289.6513735619096,3398.4025268554688,0.06400133735433997,0.8844430426840749,0.45775465999115594,2367538.5,1.0679758745211536,-0.006000865905213204,-0.4467996006876338,0.007936191605776743,0.7088912882456531,0.014211398324181168,-0.5591580818971991,0.018886918962224275,-0.06753048920374771,0
2025-03-28,-0.012338426906135291,-0.012415177267977048,0.019147858713041057,-0.012284332417488303,3467.49541015625,3451.3773259167683,3415.4158203125,3436.2139815080623,3398.0973388671873,3453.700556845039,3636.6412451171873,3586.1283306122123,0.9917986102687535,1.006921941525582,1.0120537424194909,0.9456685158382814,51.048096014247996,44.15618963630745,41.29665207194864,-44.82572640061471,-72.43666240268071,27.610936002065998,3506.355046387147,3289.8396313472276,3398.0973388671873,0.06371666066284565,0.6891772464861721,-0.18847534125326182,2403430.0,0.8537461045256155,0.0042356119806243875,0.45775465999115594,-0.006000865905213204,-0.4467996006876338,0.007936191605776743,0.7088912882456531,0.00419580972251854,0.46279231770650275,0
2025-04-01,-0.015348729105523096,-0.015467740197937995,0.016615973636553323,-0.0061297905346254416,3452.589697265625,3429.675541496596,3420.47978515625,3427.1336162622783,3401.3183471679686,3447.278786922297,3625.7027197265625,3578.290826378645,0.9807918894440607,0.989999118647492,0.9955763110135673,0.9339629402687573,38.87117053654096,38.883128856278866,38.12578207865217,-45.39409660843603,-67.02814924383178,21.634052635395747,3504.000007068286,3298.6366872676513,3401.3183471679686,0.06037756506139032,0.42673290183307566,0.2761190865721308,2396188.7,1.0927741208361428,-0.012338426906135291,-0.18847534125326182,0.0042356119806243875,0.45775465999115594,-0.006000865905213204,-0.4467996006876338,0.014211398324181168,-0.5591580818971991,0
2025-04-02,-0.0019291039691654577,-0.0019309670867112747,0.009607937272609019,-1.4122129832079208e-05,3430.884375,3413.030194982106,3424.8905029296875,3418.516504569705,3403.7454223632812,3440.84647406809,3615.52044921875,3570.504499930585,0.9850928018969234,0.9868168045261768,0.9929472044964255,0.9347864434519868,37.576996701477675,38.273977621839606,37.74914277034126,-45.843198034090165,-62.79115900188346,16.947960967793293,3501.876544561379,3305.6143001651835,3403.7454223632812,0.05766067083240528,0.37768447016383144,-0.3262105340743703,2572620.0,0.6858039663844641,-0.015348729105523096,0.2761190865721308,-0.012338426906135291,-0.18847534125326182,0.0042356119806243875,0.45775465999115594,0.007936191605776743,0.7088912882456531,0
2025-04-03,-0.03972979784681707,-0.04054057354662003,0.03110356601786806,-0.025164737226081292,3386.510302734375,3357.1745082432794,3415.9307861328125,3387.052255514417,3397.5990234375,3422.238536991665,3603.4527734375,3557.757779728038,0.958350291196556,0.9500962806216063,0.9552225299034987,0.9006537170930168,20.894396754381404,28.41859781756743,31.114958630623946,-56.384133592975104,-61.50975392010179,5.125620327126683,3516.9274582053063,3278.2705886696936,3397.5990234375,0.0702428002507939,-0.13746704198335669,1.5720045139382863,2721277.7,1.6675332326428867,-0.0019291039691654577,-0.3262105340743703,-0.015348729105523096,0.2761190865721308,-0.012338426906135291,-0.18847534125326182,-0.006000865905213204,-0.4467996006876338,0
2025-04-04,-0.030486367801446423,-0.030960743337374974,0.031566316732253775,-0.018795037612873183,3319.410498046875,3286.956589479895,3390.7779296875,3343.3192548669094,3385.7902709960936,3395.979700321328,3587.10314453125,3541.630837462355,0.9479155271107693,0.9279642657822519,0.9293312639318986,0.8771759899768093,15.122728161020717,23.5969719454759,27.390580667492245,-71.89298676411863,-63.586400488905156,-8.306586275213476,3547.79375021939,3223.786791772797,3385.7902709960936,0.09569611006982735,-0.23847030998998817,0.171788618369918,2968495.2,1.7912668344553833,-0.03972979784681707,1.5720045139382863,-0.0019291039691654577,-0.3262105340743703,-0.015348729105523096,0.2761190865721308,0.0042356119806243875,0.45775465999115594,0
2025-04-07,-0.0076831824337226795,-0.00771285013916957,0.0718834012937167,0.05614517704133065,3256.0681640625,3232.086212648055,3361.781787109375,3303.142201070085,3370.1716186523436,3369.9192963844753,3570.4826806640626,3525.1882736004736,0.9589312329041407,0.9287769571948098,0.9264648250266054,0.8744883362390824,14.018852434542467,22.58852556671873,26.574508728457502,-85.15301775595026,-67.89972394231418,-17.253293813636077,3566.8215549303,3173.521682374387,3370.1716186523436,0.11670025062794417,-0.13012011180536756,0.24572086147147632,3214698.2,2.0605215755556774,-0.030486367801446423,0.171788618369918,-0.03972979784681707,1.5720045139382863,-0.0019291039691654577,-0.3262105340743703,-0.012338426906135291,-0.18847534125326182,1
2025-04-08,0.005772559768934871,0.005755962388075645,0.028454714636197122,-0.0027558933152692826,3206.887646484375,3201.5139366872454,3329.738671875,3273.547143560183,3354.9964233398437,3348.057400039823,3554.09109375,3510.097336783421,0.9792576887463855,0.9431278830651476,0.9360276401247066,0.8835928235739597,19.152000042288435,25.156627235238204,28.248017730685604,-93.13372012020955,-72.94652317789325,-20.18719694231629,3572.310659562579,3137.6821871171082,3354.9964233398437,0.12954662765714825,0.006182746457904683,-0.16099097895441616,3586978.9,1.5493701398689577,-0.0076831824337226795,0.24572086147147632,-0.030486367801446423,0.171788618369918,-0.03972979784681707,1.5720045139382863,-0.015348729105523096,0.2761190865721308,0
2025-04-09,-0.014075383778514916,-0.01417538143869296,0.01784942691701055,-0.004278404245593198,3150.1732421875,3166.3984512810803,3290.52880859375,3241.2962957253767,3338.638720703125,3324.0678838901968,3538.4786572265625,3493.864793398532,0.982856256603447,0.9409331024188593,0.9273742202979932,0.8749996200049167,16.357875316774937,23.130064766684654,26.68205522552283,-101.85113205753987,-78.72744495382258,-23.123687103717288,3580.754394976505,3096.5230464297447,3338.638720703125,0.14503855884256325,-0.0007342894301696494,-0.4619462360986606,3572466.4,0.8370309654976741,0.005772559768934871,-0.16099097895441616,-0.0076831824337226795,0.24572086147147632,-0.030486367801446423,0.171788618369918,-0.0019291039691654577,-0.3262105340743703,0
2025-04-11,-0.004651195065219715,-0.004662045531149406,0.02876371690294754,-0.017646805175925068,3117.433935546875,3138.18783470822,3251.972119140625,3212.2908967866715,3322.24521484375,3300.991571287559,3523.052177734375,3477.7040799931974,0.9885587522552846,0.94766083123028,0.9276156340878167,0.8747433889963958,15.49843765103806,22.494276780313,26.185473053412807,-108.6691046042938,-84.71577688391683,-23.953327720376976,3586.3162764245953,3058.174153262905,3322.24521484375,0.15897144521480777,0.044670643118485634,1.37736822656186,4109912.6,1.7297109919077112,-0.014075383778514916,-0.4619462360986606,0.005772559768934871,-0.16099097895441616,-0.0076831824337226795,0.24572086147147632,-0.03972979784681707,1.5720045139382863,1
2025-04-15,0.00516798178804323,0.005154673601447589,0.023335941699079567,-0.01997343504779326,3107.668408203125,3124.6895948836054,3213.539453125,3191.4549365044354,3309.9429565429687,3281.629813568208,3506.8093701171874,3462.801689218342,0.9967901038146737,0.9639505474942993,0.9358750757655728,0.8833366140831485,20.863130546674356,24.95122213016367,27.746997414510886,-111.50193551348957,-90.07300860983138,-21.428926903658194,3591.226589259708,3028.6593238262294,3309.9429565429687,0.16996282800627033,0.12271206600503594,-0.5059531202942315,4208281.2,0.83458301218084,-0.004651195065219715,1.37736822656186,-0.014075383778514916,-0.4619462360986606,0.005772559768934871,-0.16099097895441616,-0.030486367801446423,0.171788618369918,1
2025-04-16,0.007881211375873498,0.007850316847539899,0.014997891417903066,0.007881318281226547,3107.620654296875,3123.828626406779,3181.8444091796873,3178.8461643132878,3298.6301147460936,3266.437135081057,3491.0500634765626,3449.441100992255,1.0046614554244968,0.9812254428424539,0.94648583831699,0.8943173637401163,28.931982789303618,28.683280372503148,30.126146008629902,-110.50319101163723,-94.15904509019255,-16.344145921444678,3590.8112659194285,3006.4489635727587,3298.6301147460936,0.17715302474634992,0.19792126462626095,-0.32110410687440205,4241528.4,0.562153727415806,0.00516798178804323,-0.5059531202942315,-0.004651195065219715,1.37736822656186,-0.014075383778514916,-0.4619462360986606,-0.0076831824337226795,0.24572086147147632,1
2025-04-17,0.007666942260369236,0.007637700626066965,0.025948073657959217,0.01645352098097358,3108.755517578125,3131.233651328478,3157.82158203125,3172.8820801057577,3289.15068359375,3254.9710937563727,3475.5339453125,3437.543163744397,1.0119945693326182,0.9962702513256627,0.9564912051200053,0.9051972303176573,36.355031774848634,32.24118140390536,32.417171377565026,-106.55189804815882,-96.6376156817858,-9.914282366373016,3588.1374335700725,2990.163933617427,3289.15068359375,0.18180179550159595,0.2606800595123233,0.2298092049500271,4272913.7,0.6862638016770617,0.007881211375873498,-0.32110410687440205,0.00516798178804323,-0.5059531202942315,-0.004651195065219715,1.37736822656186,0.005772559768934871,-0.16099097895441616,1
2025-04-21,0.006881084757758282,0.006857518141526474,0.021044045125441804,0.00957417679250534,3123.060400390625,3143.386399062736,3136.6168212890625,3171.9384100013012,3280.753662109375,3246.658789068266,3461.1994091796873,3426.9607610301564,1.0142909481145617,1.0099071946025644,0.9655378674467648,0.9152006342454567,42.67284827588886,35.380962697185836,34.45786045285584,-100.5149676458459,-97.41308607459783,-3.1018815712480716,3583.45710722891,2978.05021698984,3280.753662109375,0.18453287036790839,0.3132466455188875,-0.17030732389697534,4339777.0,0.5606154417611781,0.007666942260369236,0.2298092049500271,0.007881211375873498,-0.32110410687440205,0.00516798178804323,-0.5059531202942315,-0.014075383778514916,-0.4619462360986606,0
2025-04-22,-0.002167575372262087,-0.0021699279639873495,0.01173663513453579,-0.0024680054991523762,3138.872216796875,3149.1994939064075,3128.153076171875,3169.917914290837,3272.0419311523438,3238.4842075945025,3446.8133837890623,3416.524091326768,1.0069940619689444,1.0104446958400957,0.9660101398763475,0.9170283771264321,41.16092305441748,34.82969391870506,34.11480201015202,-95.18744107898146,-96.96795707547457,1.7805159964931079,3578.003530744742,2966.0803315599455,3272.0419311523438,0.18701569602724805,0.3182512973739908,0.11408062488850956,4157044.7,0.652025223592135,0.006881084757758282,-0.17030732389697534,0.007666942260369236,0.2298092049500271,0.007881211375873498,-0.32110410687440205,-0.004651195065219715,1.37736822656186,1
2025-04-23,0.029748951512280186,0.02931503613715713,0.024494536629248474,0.014264487369985108,3170.30498046875,3184.4186404688553,3138.9866943359375,3185.361372345912,3264.8823120117186,3240.043514832526,3433.5755712890623,3410.1842027882185,1.026669974543742,1.0369132623170692,0.9969293293111716,0.9479497002513283,62.42915852986987,47.00701792661258,42.365766081478796,-82.42762748865744,-94.05989115811116,11.632263669453721,3565.3668414648946,2964.3977825585425,3264.8823120117186,0.18407066517998125,0.4833179790716467,0.30748039659132753,3979700.3,0.89049997056311,-0.002167575372262087,0.11408062488850956,0.006881084757758282,-0.17030732389697534,0.007666942260369236,0.2298092049500271,0.00516798178804323,-0.5059531202942315,0
2025-04-24,-0.003340110564935439,-0.0033457011865625774,0.0072907008808038775,0.00014701125684142704,3194.680712890625,3204.274210833404,3151.15068359375,3196.0202776580186,3256.4662353515623,3240.4189278544286,3420.4245361328126,3403.666600779367,1.0154333540979321,1.029460561328307,0.99616735353999,0.9484159984509415,59.52683560104693,45.93825395216622,41.73132851860586,-72.35852506581205,-89.71961793965133,17.361092873839283,3549.2941143456346,2963.63835635749,3256.4662353515623,0.17984395220511729,0.47868904451321903,-0.3644966326864325,3542522.3,0.6357546429559526,0.029748951512280186,0.30748039659132753,-0.002167575372262087,0.11408062488850956,0.006881084757758282,-0.17030732389697534,0.007881211375873498,-0.32110410687440205,1
2025-04-25,0.013640553536427458,0.013548358632909444,0.021113703256416778,0.008187134502924015,3223.118994140625,3232.2611763628947,3165.937255859375,3212.7866103423557,3247.8379638671877,3244.972849717995,3408.317763671875,3399.139875549661,1.0202028263305283,1.0386292720540045,1.0124381647126837,0.9647677638716903,66.84596692245808,50.83777318341151,45.23622072997746,-60.11513352561769,-83.79872105684461,23.68358753122692,3525.8698492913027,2969.8060784430727,3247.8379638671877,0.17121044123338194,0.5726484005477731,0.2179297789914194,3261065.6,0.8411333399732897,-0.003340110564935439,-0.3644966326864325,0.029748951512280186,0.30748039659132753,-0.002167575372262087,0.11408062488850956,0.007666942260369236,0.2298092049500271,0
2025-04-28,-0.001305108596573179,-0.0013059609925245097,0.015333250712392889,0.0024745269286754437,3246.3693359375,3249.4886520804716,3184.7148681640624,3225.724245464768,3237.6218383789064,3248.684350079674,3397.142724609375,3394.6223746855817,1.0115742430050012,1.0311578082997321,1.0143073426882716,0.9666781379911654,65.50562259711552,50.36107694614976,44.9608221311984,-50.18000219148462,-77.07497728377261,26.894975092287993,3493.7152527207627,2981.52842403705,3237.6218383789064,0.1581984722898234,0.5904391962904679,-0.41913918055144916,3121368.7,0.510447868590468,0.013640553536427458,0.2179297789914194,-0.003340110564935439,-0.3644966326864325,0.029748951512280186,0.30748039659132753,0.006881084757758282,-0.17030732389697534,1
2025-04-29,0.008421732368064205,0.008386467436235778,0.01860333985781137,0.005065123010130289,3276.52421875,3270.192467272398,3207.6982177734376,3241.3380367723103,3229.835168457031,3254.676326039348,3386.376806640625,3391.366599115804,1.0107052097175193,1.0323914136645105,1.0253155114532608,0.9779183731598506,70.02460353936088,53.39405206641875,47.13849118593317,-39.6179994519116,-69.58358171740042,29.96558226548882,3466.2297017832097,2993.4406351308526,3229.835168457031,0.14638179411434787,0.6729416667313518,-0.009391851859290479,2568305.8,0.6145420845134564,-0.001305108596573179,-0.41913918055144916,0.013640553536427458,0.2179297789914194,-0.003340110564935439,-0.3644966326864325,-0.002167575372262087,0.11408062488850956,0
2025-04-30,-0.005414059273473049,-0.005428768407151565,0.04166543254428435,-0.005270751390588992,3284.28701171875,3278.0186109940987,3227.29599609375,3250.853102529617,3220.417724609375,3258.3900948391724,3376.65228515625,3387.5353951676357,1.0028572066586345,1.020566722861519,1.022746482007085,0.9754249535602064,63.71179528345376,51.20958161355641,45.902239541290704,-32.32168841753764,-62.13120305742787,29.809514639890224,3429.279418755488,3011.556030463262,3220.417724609375,0.1297109331811589,0.6753628738089219,0.7799373008974031,2498023.0,1.1246221511971668,0.008421732368064205,-0.009391851859290479,-0.001305108596573179,-0.41913918055144916,0.013640553536427458,0.2179297789914194,0.029748951512280186,0.30748039659132753,0
2025-05-02,-0.006572590245436993,-0.006594284828690729,0.020839405421159918,-0.011808755760368737,3289.89453125,3276.0200570689826,3242.2876220703124,3254.7021655640046,3212.066015625,3259.6884619229418,3366.750390625,3383.005495326503,0.9945677340530246,1.0091710947992487,1.0186661585727352,0.9718638359202314,56.53263242034778,48.62294678591158,44.425155097552434,-27.96376901583426,-55.29771624910915,27.33394723327489,3397.312297986845,3026.8197332631553,3212.066015625,0.11534400691686893,0.6618303288716881,-0.3871279720588382,2431760.0,0.7080308089614107,-0.005414059273473049,0.7799373008974031,0.008421732368064205,-0.009391851859290479,-0.001305108596573179,-0.41913918055144916,-0.003340110564935439,-0.3644966326864325,1
2025-05-05,0.006791046190455452,0.006768090904610365,0.016819644163789577,0.0012463909646739488,3291.09619140625,3282.09450744703,3257.1075927734373,3261.891482407481,3207.4645874023436,3262.979409187721,3358.0558349609373,3379.524629164802,1.0009562822275122,1.0114014702836593,1.027055270116345,0.98099721091786,61.700696536966205,51.33987439555935,46.28796534115184,-22.45819704120686,-48.72981240752869,26.271615366321832,3379.2568289014416,3035.6723459032455,3207.4645874023436,0.10712027323626908,0.7525690917224485,-0.25399460203826196,2266969.7,0.5665902812904822,-0.006572590245436993,-0.3871279720588382,-0.005414059273473049,0.7799373008974031,0.008421732368064205,-0.009391851859290479,0.013640553536427458,0.2179297789914194,1
2025-05-06,0.001650087847816284,0.001648727948626754,0.010404624277456559,0.0,3294.243310546875,3287.956071370937,3270.3063232421873,3268.7619763731664,3203.461572265625,3266.4746272859147,3348.9988818359375,3376.393435833584,1.0016501175412489,1.0089816895034598,1.0300355177618303,0.9852733057378179,62.95765112257302,52.008476626085695,46.74646375245085,-17.45515650096513,-42.474881226215984,25.019724725250853,3362.249025826476,3044.6741187047737,3203.461572265625,0.09913492013487767,0.8029761634040317,0.031391038761548806,2156151.4,0.614410936078051,0.006791046190455452,-0.25399460203826196,-0.006572590245436993,-0.3871279720588382,-0.005414059273473049,0.7799373008974031,-0.001305108596573179,-0.41913918055144916,0
2025-05-07,-0.00430639342159056,-0.0043156926407416285,0.011291370712338425,0.0071624859090623156,3289.0171875,3287.1272083879167,3282.770703125,3271.7997047456583,3205.4618896484376,3268.283661108387,3340.2366162109374,3372.8277906017524,0.998921347966314,1.000822104112939,1.0249597703943416,0.983603816111929,57.229456166417684,50.07163666488735,45.67625453902117,-14.470014893393,-36.87390795965139,22.40389306625839,3367.2941594371373,3043.629619859738,3205.4618896484376,0.10097282411081719,0.7471929513128046,0.11501302497125909,2032814.4,0.7266418419704229,0.001650087847816284,0.031391038761548806,0.006791046190455452,-0.25399460203826196,-0.006572590245436993,-0.3871279720588382,0.008421732368064205,-0.009391851859290479,1
2025-05-08,0.0011029715285024722,0.0011023637023083964,0.01400447974593351,0.00026099255909222904,3288.10166015625,3287.7825594981946,3286.1943359375,3274.943987831675,3212.5905151367188,3270.2655278331836,3332.143818359375,3369.5440835867325,1.0003015726595426,1.0008821528749983,1.0238134135743644,0.9870802225271833,58.35674965986954,50.577122086900836,46.00724920313976,-11.677251867841733,-31.83457674128946,20.157324873447727,3375.962618250631,3049.2184120228067,3212.5905151367188,0.10170739304878974,0.7341365053270119,0.721984147616185,1932781.2,1.3160263562166272,-0.00430639342159056,0.11501302497125909,0.001650087847816284,0.031391038761548806,0.006791046190455452,-0.25399460203826196,-0.005414059273473049,0.7799373008974031,0
2025-05-09,-0.0024935188403077957,-0.0024966328360263583,0.013981296059339156,0.012150646904420363,3289.875439453125,3285.485654899838,3289.8849853515626,3276.0254165355745,3220.5178344726564,3271.277558106511,3325.586416015625,3366.0675252383558,0.9972693210076387,0.9972664273406273,1.01874667812245,0.986560394251896,54.55976689185693,49.35914061785978,45.35060401766503,-10.010359585618062,-27.46973331015518,17.45937372453712,3380.964881275916,3060.070787669397,3220.5178344726564,0.09964052680337476,0.6881431052592052,-0.004652477540610933,1960739.4,1.291225646814666,0.0011029715285024722,0.721984147616185,-0.00430639342159056,0.11501302497125909,0.001650087847816284,0.031391038761548806,-0.006572590245436993,-0.3871279720588382,1
2025-05-12,0.05235005934055459,0.05102581499165304,0.035438087583934345,0.03292436586126952,3321.556103515625,3341.2060127717673,3306.3261474609376,3308.1383823501287,3236.131701660156,3288.550812431189,3322.553759765625,3369.462788111974,1.0394666297706818,1.044254733056826,1.0669055053428127,1.0391545113055378,82.45346109056693,67.18269762493837,58.40496323549876,5.110932536045311,-20.953600140915082,26.064532676960393,3421.226524185061,3051.036879135251,3236.131701660156,0.11439263885950629,1.0848759676309596,-0.11971093592315529,1909308.1,1.1672699654916878,-0.0024935188403077957,-0.004652477540610933,0.0011029715285024722,0.721984147616185,-0.00430639342159056,0.11501302497125909,0.006791046190455452,-0.25399460203826196,0
2025-05-13,-0.029112700210669695,-0.02954488355539955,0.03200568990042669,-0.02911277902629403,3332.046435546875,3344.8476283061786,3313.144873046875,3316.137014536469,3248.9298706054688,3294.6060549972663,3317.3849072265625,3368.7831046320925,1.0060276542409077,1.0117670635670912,1.0317646095421256,1.0104738983024693,58.10184700476638,54.98569184917384,50.92925482351207,8.881494551360902,-14.986581202459886,23.86807575382079,3428.8689855512807,3068.9907556596568,3248.9298706054688,0.11076823576513742,0.7867664120739114,0.37430665174601274,2056267.2,1.489537449218662,0.05235005934055459,-0.11971093592315529,-0.0024935188403077957,-0.004652477540610933,0.0011029715285024722,0.721984147616185,0.001650087847816284,0.031391038761548806,1
2025-05-14,0.00958738931801184,0.009541721956210844,0.014765943321425667,0.007867069347309031,3351.80634765625,3357.9880998603694,3320.411767578125,3328.524656069611,3264.0549926757812,3303.1453871850267,3314.9644970703125,3369.3903963315693,1.0096851345052196,1.0192317338512513,1.0368296645009711,1.020906572592161,62.25960138558025,57.63409248487577,52.95101149045127,14.298154712703763,-9.129634019427158,23.42778873213092,3435.920156186842,3092.1898291647203,3264.0549926757812,0.10530776221400036,0.849733616275389,-0.3080061393058249,2110383.9,1.004319166763924,-0.029112700210669695,0.37430665174601274,0.05235005934055459,-0.11971093592315529,-0.0024935188403077957,-0.004652477540610933,-0.00430639342159056,0.11501302497125909,1
2025-05-15,0.008791970778170954,0.008753546455862371,0.023995057037072862,0.0044612520605359345,3376.7923828125,3376.6665457402464,3332.447021484375,3344.0698890569543,3279.8715087890623,3313.7052015007384,3314.0175048828123,3371.1407116715077,1.0110255681921703,1.0244794337283383,1.0409015805501682,1.030176645859547,65.91324505513877,59.98160156591192,54.76285429065881,20.75260477650272,-3.153186260241182,23.905791036743903,3445.702259062556,3114.0407585155685,3279.8715087890623,0.10112027244306222,0.9044844773652948,0.6741361991678223,2184283.7,1.6244822043949692,0.00958738931801184,-0.3080061393058249,-0.029112700210669695,0.37430665174601274,0.05235005934055459,-0.11971093592315529,0.0011029715285024722,0.721984147616185,0
2025-05-16,-0.005195640110298716,-0.005209184382855976,0.013422009949211916,-0.009070885222586453,3399.87109375,3383.2061639570393,3344.8732666015626,3353.5636183903484,3293.5804443359375,3321.569982347394,3313.0399951171876,3372.1267778957867,0.9989453443202695,1.0153704280226132,1.031183375597008,1.0251265923128383,61.75515263895735,57.92112865905373,53.473846942789486,24.158013065324212,2.3090536048718966,21.848959460452317,3450.0431851674216,3137.1177035044534,3293.5804443359375,0.09501072979745034,0.8282089892740162,-0.5302784690262743,2178780.3,0.7649816734619824,0.008791970778170954,0.6741361991678223,0.00958738931801184,-0.3080061393058249,-0.029112700210669695,0.37430665174601274,-0.0024935188403077957,-0.004652477540610933,0
2025-05-19,-0.01193385035135397,-0.012005630389852919,0.013157908430615288,-0.008788718639964808,3380.49267578125,3374.055655528651,3351.0243896484376,3353.961985714262,3304.0659912109377,3324.8256639021065,3313.7180517578126,3371.4847332203394,0.9926821207788424,1.0014115829887869,1.0156439513007407,1.0126856257102994,52.86488681012581,53.40664546156066,50.61546005209291,23.31753984321449,6.510750852540416,16.806788990674075,3447.1062319371113,3161.025750484764,3304.0659912109377,0.08658437277383157,0.6806786929277003,0.5223710901665359,2304073.7,1.101256873857811,-0.005195640110298716,-0.5302784690262743,0.008791970778170954,0.6741361991678223,0.00958738931801184,-0.3080061393058249,0.05235005934055459,-0.11971093592315529,0
2025-05-20,-0.0058258278489223825,-0.005842864183376224,0.018294599979049544,-0.009485248184170448,3377.307421875,3361.4386336336847,3354.6769287109373,3350.7333682832596,3312.4916259765623,3325.909371134644,3313.81818359375,3370.1011981859633,0.9878297036967898,0.9944935565302602,1.0071586486985298,1.0067554720898184,48.90312779463059,51.32849347543482,49.28128149903152,20.83377442258643,9.375355566549619,11.458418856036811,3441.5789771677723,3183.4042747853523,3312.4916259765623,0.07793972982688131,0.5918485182644385,-0.19666096129979893,2375434.8,0.8581056402810973,-0.01193385035135397,0.5223710901665359,-0.005195640110298716,-0.5302784690262743,0.008791970778170954,0.6741361991678223,-0.029112700210669695,0.37430665174601274,1
2025-05-21,0.007860904579214845,0.007830168638601259,0.01097621834361756,0.005074130224664996,3372.9396484375,3361.7691476828736,3362.372998046875,3352.860060555621,3322.5718505859377,3329.387543005749,3313.69896484375,3369.8003737779354,0.9968841800471827,1.0000170051729562,1.0119962267146407,1.0147059861063141,54.26695755756928,53.91889410243723,51.09693712520106,20.742451966423687,11.648774846524432,9.093677119899255,3432.823202779036,3212.3204983928395,3322.5718505859377,0.06636506727380799,0.6807611625728771,-0.2934795086672024,2371737.3,0.6072143824697618,-0.0058258278489223825,-0.19666096129979893,-0.01193385035135397,0.5223710901665359,-0.005195640110298716,-0.5302784690262743,0.00958738931801184,-0.3080061393058249,0
2025-05-22,-0.013840828188666165,-0.013937505550885222,0.013373597929249395,-0.00515021459227462,3353.313232421875,3346.476550929208,3365.0528076171877,3346.138478167667,3325.623571777344,3328.102191997761,3312.3628759765625,3367.686294705149,0.9888403282347195,0.9853905858225969,0.997073567063314,1.001065246042607,44.57871219163765,48.94106067028145,47.90175178372958,16.72202348387964,12.663424573995474,4.058598909884164,3431.5007291467095,3219.746414407978,3325.623571777344,0.06367356682691588,0.45404006587787016,0.4126158817847825,2320816.5,0.8765807206213848,0.007860904579214845,-0.2934795086672024,-0.0058258278489223825,-0.19666096129979893,-0.01193385035135397,0.5223710901665359,0.008791970778170954,0.6741361991678223,1
2025-05-23,0.010813958085807096,0.010755905385715657,0.019746173224666562,0.01081394813236987,3344.406005859375,3348.234123145514,3372.1385498046875,3347.158621696841,3331.011767578125,3330.3542944339865,3310.7034912109375,3367.0613132491876,1.002195684885712,0.9939536048340174,1.0062255859321318,1.0123979016774391,52.2428677014273,52.57409356573593,50.41046019833783,16.242010827867944,13.379141824769968,2.862869003097975,3430.4974069081945,3231.526128248055,3331.011767578125,0.05973298581433871,0.6042235851307045,-0.3736032005772758,2195073.9,0.5805412747151703,-0.013840828188666165,0.4126158817847825,0.007860904579214845,-0.2934795086672024,-0.0058258278489223825,-0.19666096129979893,-0.005195640110298716,-0.5302784690262743,1
2025-05-26,0.006458847536541024,0.00643807856191566,0.00986625444887323,0.004629380524886435,3347.934619140625,3356.621983789718,3364.2136474609374,3351.9293641298013,3335.2698974609375,3334.4536668762853,3309.2939794921876,3367.309799203264,1.0076056102744433,1.00272992698431,1.0114317008186393,1.0193708162475714,56.481715590976,54.67109641563692,51.879350708487245,17.407779278823,14.184869315580576,3.222909963242424,3434.356782371319,3236.183012550556,3335.2698974609375,0.05941761114194315,0.6923958334731788,-0.24080164415681637,2068953.1,0.46761330645919424,0.010813958085807096,-0.3736032005772758,-0.013840828188666165,0.4126158817847825,0.007860904579214845,-0.2934795086672024,-0.01193385035135397,0.5223710901665359,0
2025-05-27,-0.01091237108589671,-0.010972347731299547,0.016263155782962075,-0.009428099894712738,3348.010888671875,3349.9433016931457,3362.6591552734376,3349.13965019711,3337.9020141601563,3334.65674026902,3307.559267578125,3366.1049418815674,0.9965875406168685,0.992246250193824,0.9996057174073495,1.0087758578376522,48.02529561736828,50.57592562466247,49.27342795150231,15.186200118452689,14.385135476155,0.801064642297689,3434.1515196664946,3241.652508653818,3337.9020141601563,0.05767065965269527,0.49316320300435373,1.5506527334180906,2009432.4,1.2280482787079576,0.006458847536541024,-0.24080164415681637,0.010813958085807096,-0.3736032005772758,-0.013840828188666165,0.4126158817847825,-0.0058258278489223825,-0.19666096129979893,0
2025-05-28,-0.00028580510111619883,-0.0002858459511777336,0.010292478057741519,-0.006335241144353726,3342.651318359375,3345.1729758683473,3357.7954833984377,3346.6837727464986,3339.103625488281,3334.749653026137,3306.0791796875,3364.9099372673395,0.9979001716086647,0.9933994910383117,0.9989604092418595,1.0089390310773028,47.80896379738623,50.47045736526593,49.20619816432549,13.196512820872158,14.147410945098432,-0.9508981242262742,3434.6068399221913,3243.600411054371,3339.103625488281,0.057202905417434995,0.4818262595133211,-0.5044199409972119,1919775.8,0.6370186560326472,-0.01091237108589671,1.5506527334180906,0.006458847536541024,-0.24080164415681637,0.010813958085807096,-0.3736032005772758,0.007860904579214845,-0.2934795086672024,1
2025-05-29,0.00011439863863427213,0.00011439209560901548,0.013149995344850335,-0.0018831436663838148,3346.675830078125,3342.11995591744,3349.99453125,3344.7437987954304,3341.2207763671877,3334.8700590251356,3305.9246923828123,3363.7767599633507,0.9968141778278385,0.9958266752067926,0.9984416293624201,1.0091016058841695,47.91848733808315,50.51492700146149,49.23530043111627,11.517693767294531,13.621467509537652,-2.1037737422431206,3434.451765739306,3247.989786995069,3341.2207763671877,0.05580654234616958,0.47207548484345574,1.6069065108227516,1883750.0,1.6924071665560716,-0.00028580510111619883,-0.5044199409972119,-0.01091237108589671,1.5506527334180906,0.006458847536541024,-0.24080164415681637,-0.013840828188666165,0.4126158817847825,0
2025-05-30,-0.009919708367336133,-0.009969236482887868,0.01547607987150227,-0.007621804486031541,3336.910302734375,3329.0538475647522,3340.658154296875,3337.139768261602,3342.7657104492187,3331.8273515807773,3305.0158544921874,3361.3902843122146,0.989814328587991,0.9887038656173299,0.988080504874962,0.9993663498981508,39.52634676655796,46.606864035349005,46.79398895505955,7.431283513226845,12.38343071027549,-4.952147197048646,3432.3099293968735,3253.221491501564,3342.7657104492187,0.05357492968636524,0.2775172978328425,0.06784445269742956,2057513.8,1.6546012959913075,0.00011439863863427213,1.6069065108227516,-0.00028580510111619883,-0.5044199409972119,-0.01091237108589671,1.5506527334180906,0.010813958085807096,-0.3736032005772758,0
2025-06-02,-0.003926817573249641,-0.003934547764713613,0.012000667214847322,-5.795686141306679e-05,3320.22109375,3316.019785095252,3334.0778564453126,3328.560112242447,3342.551123046875,3327.839190492727,3304.1022412109373,3358.588769639432,0.9908833078463573,0.9867650972205825,0.984263677366682,0.9957172690123834,36.59572961688192,45.133080436048104,45.85822697464326,3.1103515086424522,10.528814869948883,-7.418463361306431,3432.578702013267,3252.523544080483,3342.551123046875,0.05386758535757446,0.20787027989355958,-0.44847717562599776,1991534.6,0.9427830176789296,-0.009919708367336133,0.06784445269742956,0.00011439863863427213,1.6069065108227516,-0.00028580510111619883,-0.5044199409972119,0.006458847536541024,-0.24080164415681637,0
2025-06-03,-0.01292828942769475,-0.013012587099453405,0.02143780131762229,-0.011839828446931273,3302.387548828125,3293.1525943603765,3325.19921875,3313.807039633025,3339.9380737304687,3320.1800497687173,3302.337958984375,3354.229139963008,0.9833546683650117,0.9766086177872332,0.9722989292623304,0.9833694349954902,28.50871206745589,40.599129368327155,42.903935470546664,-3.7034212284884234,7.682367650261423,-11.385788878749846,3437.5091074241045,3242.367040036833,3339.9380737304687,0.05842685195935749,0.025884592294329982,0.5169086885547125,2072509.7,1.3742396477082834,-0.003926817573249641,-0.44847717562599776,-0.009919708367336133,0.06784445269742956,0.00011439863863427213,1.6069065108227516,-0.01091237108589671,1.5506527334180906,1
2025-06-04,0.0016887664291607152,0.0016873420665196519,0.007335339567708844,-0.002390114386618484,3285.841552734375,3279.735844156918,3314.246435546875,3302.7334585633835,3338.309716796875,3313.7726491955063,3300.6947998046876,3350.2555401115173,0.9899754116393823,0.9814907874263874,0.9744159828499005,0.9855204861541529,30.8087406159936,41.41631449177545,43.397606235879906,-8.562162407218693,4.4334616387654,-12.995624045984094,3440.442858340891,3236.176575252859,3338.309716796875,0.061188535641332364,0.08188217969351667,-0.10649743252139565,2182975.1,1.165751730287716,-0.01292828942769475,0.5169086885547125,-0.003926817573249641,-0.44847717562599776,-0.009919708367336133,0.06784445269742956,-0.00028580510111619883,-0.5044199409972119,0
2025-06-05,-0.00289855333518263,-0.002902762276095151,0.013437764384279016,-0.0111176011568641,3267.33349609375,3267.6484403754457,3307.0046630859374,3291.9589447904955,3336.0287353515623,3307.077504778077,3297.6032861328126,3346.0680143350855,0.992697450900015,0.9807889505017652,0.9722559036862407,0.9835851530267633,28.941127747213315,40.3875768419819,42.73063910047191,-13.02344183961759,0.942080943088802,-13.965522782706392,3444.309351212581,3227.7481194905436,3336.0287353515623,0.0649158772006847,0.072614628190426,0.40862666599078046,2338005.1,1.5332229172639529,0.0016887664291607152,-0.10649743252139565,-0.01292828942769475,0.5169086885547125,-0.003926817573249641,-0.44847717562599776,0.00011439863863427213,1.6069065108227516,1
2025-06-06,0.003885958491766983,0.0038784276584328584,0.00951478979861254,0.0038859283723827916,3257.964697265625,3263.791505823214,3297.4375,3285.4350705956326,3334.7880249023438,3302.2203744867124,3294.478701171875,3342.5389799187587,0.9994207854528139,0.9874569682423852,0.9763971839901582,0.9883438115901416,35.07878391465147,42.44561074756347,43.939949127843704,-15.364883341544555,-2.3193119138378693,-13.045571427706687,3446.093705961597,3223.4823438430903,3334.7880249023438,0.06675427657055527,0.14642241332815528,-0.4224342849841952,2417611.0,0.856378466180043,-0.00289855333518263,0.40862666599078046,0.0016887664291607152,-0.10649743252139565,-0.01292828942769475,0.5169086885547125,-0.009919708367336133,0.06784445269742956,1
2025-06-09,0.011140000062983102,0.011078407269290113,0.01259537066725111,0.006441147748161769,3258.44443359375,3273.3111178144345,3289.332763671875,3286.6923926322215,3326.7732055664064,3301.2803713733947,3291.109697265625,3340.570798031626,1.0104055505300515,1.0009173830505464,0.9896527771379382,1.0003769684530055,49.67359188797725,48.00854376427255,47.30247948391057,-14.130698548029159,-4.681589240676127,-9.449109307353032,3425.3331462426518,3228.213264890161,3326.7732055664064,0.05925257574597113,0.3253709187863384,-0.16987717289979187,2492731.8,0.6894756989099269,0.003885958491766983,-0.4224342849841952,-0.00289855333518263,0.40862666599078046,0.0016887664291607152,-0.10649743252139565,-0.003926817573249641,-0.44847717562599776,1
2025-06-10,0.01198163919721873,0.011910427614933787,0.018077362736901914,0.0066569483557412336,3275.32041015625,3292.806777110665,3288.8539794921876,3294.893429554204,3325.7565673828126,3304.1868213095595,3287.9803369140627,3340.226770489332,1.0172434078118728,1.01305747122819,1.0018165876539384,1.0133266486715633,60.84260210371818,53.29555917734613,50.680505407738224,-9.855881676850458,-5.716447727910993,-4.139433948939465,3423.666605050876,3227.846529714749,3325.7565673828126,0.05887985827243714,0.5308524461036085,0.40798567270890773,2487951.2,0.9726372446533517,0.011140000062983102,-0.16987717289979187,0.003885958491766983,-0.4224342849841952,-0.00289855333518263,0.40862666599078046,-0.01292828942769475,0.5169086885547125,1
2025-06-11,0.0025990241843563133,0.0025956525616899154,0.011492238677968523,0.000547522289265026,3292.8314453125,3308.690357917527,3289.3364990234377,3303.1778095500304,3323.5659912109377,3307.641173521149,3285.4428173828123,3340.2358194713684,1.0144635627452319,1.015541438379135,1.0050823508138491,1.0167449884859852,62.94850340820042,54.39196505471619,51.39859337678431,-5.703568191183422,-5.71387182056548,0.010303629382057977,3418.04171623741,3229.0902661844652,3323.5659912109377,0.05685202296347383,0.589396129617313,0.17651290934982566,2650359.2,1.0741989236779679,0.01198163919721873,0.40798567270890773,0.011140000062983102,-0.16987717289979187,0.003885958491766983,-0.4224342849841952,0.0016887664291607152,-0.10649743252139565,0
2025-06-12,-0.010858676994593197,-0.010918062719178378,0.014996214761003154,-0.010858593920413814,3304.9736328125,3307.188428715852,3286.153564453125,3303.360856961388,3318.0740478515627,3307.3119732155633,3281.88611328125,3338.82204499455,0.999761249986334,1.0054869638638984,0.9958139941005668,1.006794403054089,49.84741225868189,49.18348471786714,48.30519372789092,-5.278901800305448,-5.626877816513474,0.3479760162080261,3403.1835939037433,3232.964501799382,3318.0740478515627,0.051300570647173235,0.4184023521254181,0.4261030771548988,2737565.4,1.4831185402913114,0.0025990241843563133,0.17651290934982566,0.01198163919721873,0.40798567270890773,0.011140000062983102,-0.16987717289979187,-0.00289855333518263,0.40862666599078046,1
2025-06-13,0.0033486183624280574,0.0033430242249018545,0.016629436584760415,0.015472120934655963,3316.80791015625,3309.875293623068,3287.3863037109377,3305.5223417752263,3314.0222290039064,3308.0678827605093,3279.409951171875,3337.897612776627,0.9995300039191367,1.0084756451333723,1.0003701829223886,1.010928512384619,53.305838478889434,50.73323628207775,49.28282754460899,-4.003393104600036,-5.302180874130787,1.298787769530751,3391.1983840305825,3236.8460739772304,3314.0222290039064,0.0465755204363085,0.5079480147279268,-0.4634430784796758,2614978.2,0.8330826620275457,-0.010858676994593197,0.4261030771548988,0.0025990241843563133,0.17651290934982566,0.01198163919721873,0.40798567270890773,0.003885958491766983,-0.4224342849841952,1
2025-06-16,0.014685115389203807,0.014578333218472963,0.023682191937696384,0.016366293263989723,3331.124609375,3327.8948083789205,3294.784521484375,3316.142613796208,3314.431188964844,3313.3884499157584,3278.9631884765627,3338.91864121247,1.009849294866751,1.0209875079706567,1.0149354885057191,1.0259138772013907,65.51375256481711,56.953931766170896,53.358115126162396,0.9252486857844815,-4.056694962147733,4.981943647932215,3392.5682790610076,3236.29409886868,3314.431188964844,0.04714962275054344,0.8167679322640372,-0.11218994047720143,2620628.5,0.7380244853476943,0.0033486183624280574,-0.4634430784796758,-0.010858676994593197,0.4261030771548988,0.0025990241843563133,0.17651290934982566,0.011140000062983102,-0.16987717289979187,1
2025-06-17,0.005434195295874966,0.0054194833310118005,0.009074588769281364,0.0015099854211182778,3341.2078125,3346.001242695322,3308.264111328125,3328.155613347465,3316.7316650390626,3319.9432748121744,3279.0126806640624,3340.616502785633,1.012272896847276,1.0223531125422487,1.0197430642277452,1.031473324660386,69.05755475486677,59.04498847871204,54.79034551250114,6.2344314603215025,-1.998469677653886,8.23290113797539,3399.847997992811,3233.615332085314,3316.7316650390626,0.05011941956586928,0.893920448376261,0.09195651904153279,2547010.0,0.8291840236198523,0.014685115389203807,-0.11218994047720143,0.0033486183624280574,-0.4634430784796758,-0.010858676994593197,0.4261030771548988,0.01198163919721873,0.40798567270890773,0
2025-06-18,-0.018177652527882948,-0.018344895881522393,0.02749606102709389,-0.019237928286719858,3337.26298828125,3337.5786279427152,3315.047216796875,3326.806119727471,3314.646826171875,3320.018524681253,3280.5180859375,3339.8367732033535,0.9950469621657648,1.001715264148219,1.0018362656973185,1.0122588296868076,49.21413936604932,50.210736126788184,49.430221323898145,5.418555609093801,-0.5150646203043485,5.93362022939815,3395.1233481425566,3234.1703042011936,3314.646826171875,0.048558127722840835,0.5378158257624647,0.2767062511245584,2562162.0,1.052363980107425,0.005434195295874966,0.09195651904153279,0.014685115389203807,-0.11218994047720143,0.0033486183624280574,-0.4634430784796758,0.0025990241843563133,0.17651290934982566,0
2025-06-19,-0.007938773055533255,-0.00797045289176099,0.011098130841121483,-0.007536231884057927,3335.300244140625,3323.1760351649355,3320.1369384765626,3320.908797887817,3313.57080078125,3317.5758889601216,3283.475087890625,3338.0537958075115,0.9877284227699878,0.992239449955034,0.9942056614069185,1.003318362840313,43.02884705454688,46.96583133630304,47.344859372658796,2.6145913677505632,0.11086657730663385,2.5037247904439295,3394.5260510090066,3232.6155505534934,3313.57080078125,0.048862846213317365,0.381416269371915,-0.008737441712373895,2470970.5,1.0816673044052934,-0.018177652527882948,0.2767062511245584,0.005434195295874966,0.09195651904153279,0.014685115389203807,-0.11218994047720143,-0.010858676994593197,0.4261030771548988,1
2025-06-20,0.003416991119513657,0.003411166470103781,0.010303619928247833,0.003124073334854069,3333.3759765625,3317.3265852922486,3325.091943359375,3318.1304138258274,3311.2647216796877,3316.4379648255267,3287.140732421875,3336.7821836404282,0.991675619188856,0.9941462497446507,0.9982976184006354,1.0056240224042308,46.38565916962098,48.496412874911115,48.32234399848165,1.285938588290719,0.34588097950345087,0.9400576087872682,3390.344302398615,3232.1851409607602,3311.2647216796877,0.04776397380805795,0.4643584596581993,-0.12029476557636132,2499056.3,0.9408543537014353,-0.007938773055533255,-0.008737441712373895,-0.018177652527882948,0.2767062511245584,0.005434195295874966,0.09195651904153279,0.0033486183624280574,-0.4634430784796758,0
2025-06-23,-0.01225367989647741,-0.012329375231849004,0.016206977374259635,-0.006266442853220975,3313.613525390625,3299.924917538583,3322.3690673828123,3308.492444408631,3305.8509155273437,3311.5506902736906,3289.6357763671876,3333.97196396948,0.9853658421575707,0.9827690770680516,0.9876796218169456,0.992548052124175,37.18717722402695,43.61823524043525,45.155182624094266,-3.000939380775435,-0.3234830925523264,-2.6774562882231088,3381.943485733546,3229.7583453211414,3305.8509155273437,0.0460350887868542,0.23236983988238422,0.32840984872714407,2639530.6,1.1833244138181236,0.003416991119513657,-0.12029476557636132,-0.007938773055533255,-0.008737441712373895,-0.018177652527882948,0.2767062511245584,0.014685115389203807,-0.11218994047720143,0
2025-06-24,-0.0009429533769335086,-0.0009433982371459896,0.017726551258659344,-0.012869095107363969,3289.579248046875,3287.2975198955137,3315.3935302734376,3300.047040808766,3302.1237548828126,3306.8356459247084,3292.95328125,3331.15120948477,0.9916291655068504,0.9839081529305926,0.9878620447782521,0.990613120199236,36.54453280409868,43.26202318541265,44.92020724474795,-6.571012576736848,-1.5729889893892308,-4.9980235873476175,3379.1264531334223,3225.121056632203,3302.1237548828126,0.04663828733659462,0.23974268964581225,0.08952587563444059,2737848.0,1.2429645473379092,-0.01225367989647741,0.32840984872714407,0.003416991119513657,-0.12029476557636132,-0.007938773055533255,-0.008737441712373895,0.005434195295874966,0.09195651904153279,1
2025-06-25,0.016045337412968097,0.015917971598654886,0.01451463054205699,0.01100578154627074,3288.309228515625,3296.3261135240928,3312.7861083984376,3302.6536335310357,3301.0613037109374,3307.55447019676,3297.605615234375,3330.493644437573,1.0079293249064034,1.0004821296427087,1.0040356709084246,1.0050878387243656,52.7420407562254,50.6416553252261,49.601547204721605,-5.1178785191018505,-2.281966895331755,-2.8359116237700954,3376.760674760127,3225.3619326617477,3301.0613037109374,0.04586365661497479,0.5879927857105702,-0.483492739450046,2628916.6,0.6686020393343782,-0.0009429533769335086,0.08952587563444059,-0.01225367989647741,0.32840984872714407,0.003416991119513657,-0.12029476557636132,-0.018177652527882948,0.2767062511245584,0
2025-06-26,-0.0008708934204123553,-0.0008712728684090525,0.010488655065222759,-0.0008708778325234254,3291.734423828125,3301.3830177400205,3313.517333984375,3304.261486738461,3299.83544921875,3307.9299326705805,3301.881689453125,3329.7486711722513,1.006003644218894,0.9993902226519906,1.003533926807134,1.0029120173352857,51.889848486082954,50.25346846048952,49.358629306019,-4.151319855672682,-2.6558374873999404,-1.4954823682727416,3374.0097500561765,3225.6611483813235,3299.83544921875,0.044956363418053195,0.5786079330810555,0.6379971769910548,2510813.8,1.1466824023350517,0.016045337412968097,-0.483492739450046,-0.0009429533769335086,0.08952587563444059,-0.01225367989647741,0.32840984872714407,-0.007938773055533255,-0.008737441712373895,0
2025-06-27,-0.00020333398432648142,-0.00020335465948376135,0.010287379424928932,-0.0040231265828509265,3292.773583984375,3304.5298406027223,3313.0747802734377,3305.454577572945,3300.2305419921877,3308.205509209394,3305.656025390625,3329.006507060717,1.0054816712669048,0.9993204820009747,1.0032097588944628,1.0015632179808815,51.66266808927475,50.156882337830844,49.299491854309196,-3.400449780913277,-2.804759946102608,-0.5956898348106692,3374.550424930754,3225.910659053621,3300.2305419921877,0.04503920680262731,0.5712658841557484,-0.38229679629718394,2470807.8,0.7197779608757914,-0.0008708934204123553,0.6379971769910548,0.016045337412968097,-0.483492739450046,-0.0009429533769335086,0.08952587563444059,0.003416991119513657,-0.12029476557636132,1
2025-06-30,0.006073533826413957,0.0060551642611041435,0.010080849897097068,0.006424633938095712,3305.93564453125,3313.330521990357,3309.7745849609373,3310.086815244341,3302.2795532226564,3310.369925929035,3309.3537890625,3329.0820120687526,1.0075610183990498,1.0063923688038523,1.0086765311904036,1.0065203351102687,58.06010162605811,53.0584579607261,51.135299702824014,-1.169320932102437,-2.477672143302574,1.308351211200137,3377.6057413591257,3226.953365086187,3302.2795532226564,0.045620721639365314,0.6901883810386027,-0.17435686359846003,2424234.1,0.6056968673116181,-0.00020333398432648142,-0.38229679629718394,-0.0008708934204123553,0.6379971769910548,0.016045337412968097,-0.483492739450046,-0.01225367989647741,0.32840984872714407,0
2025-07-01,-0.009329866089317185,-0.009373661908880296,0.020847304725758808,-0.007322734827243187,3313.498046875,3308.8385934362796,3301.5386474609377,3308.226437259574,3304.9013793945314,3309.368479300377,3311.9970458984376,3327.9358443926494,0.9958825053300568,0.9994899617079728,0.9984729822505836,0.9963338404587802,46.87427380384798,48.37174050359923,48.29743333489539,-1.887048678821884,-2.3595474504064358,0.47249877158455167,3375.9349020726136,3233.8678567164493,3304.9013793945314,0.04298677299175306,0.46447703227898895,0.617585304876014,2450558.4,0.9692415410299955,0.006073533826413957,-0.17435686359846003,-0.00020333398432648142,-0.38229679629718394,-0.0008708934204123553,0.6379971769910548,-0.0009429533769335086,0.08952587563444059,0
2025-07-02,-0.0018659823522948482,-0.0018677254661149914,0.02041886523142443,-0.018324129169099323,3309.36083984375,3303.791484165853,3298.8350341796877,3305.5847696896512,3306.941125488281,3307.875982759865,3314.6544775390626,3326.593155029212,0.9952668883881851,0.9984425506272807,0.9959951328551924,0.9936774067837013,44.875746851431906,47.47690658391627,47.746168671760465,-2.919060403380172,-2.4714500410011833,-0.44761036237898866,3374.1233074938514,3239.758943482711,3306.941125488281,0.0406310118361424,0.4014332411666602,0.3011986865854126,2489984.2,1.2412066711106038,-0.009329866089317185,0.617585304876014,0.006073533826413957,-0.17435686359846003,-0.00020333398432648142,-0.38229679629718394,0.016045337412968097,-0.483492739450046,0
2025-07-03,-0.006572611753153046,-0.0065943064787036786,0.01108561239431457,-0.008513105297922754,3301.4712890625,3293.2106801991104,3296.6028564453127,3299.48737015801,3308.3698974609374,3304.463896046128,3314.9983203125,3324.4541713914246,0.991088150033487,0.992551791875178,0.9890215343746214,0.9870439608419391,38.19600744073519,44.36922473194144,45.81571589167609,-5.4212723597979675,-3.06141450476054,-2.3598578550374274,3371.1643762941803,3245.5754186276945,3308.3698974609374,0.03796097823368274,0.21079602960185378,-0.18077969057637955,2475894.4,1.0226082340183815,-0.0018659823522948482,0.3011986865854126,-0.009329866089317185,0.617585304876014,0.006073533826413957,-0.17435686359846003,-0.0008708934204123553,0.6379971769910548,1
2025-07-04,0.005586946074158883,0.005571396978695897,0.010790075974293958,0.003462455642055543,3297.37255859375,3292.250398127532,3295.0730712890627,3297.822363580985,3310.0825073242186,3303.1177948973896,3315.9252099609375,3323.115962081344,0.9978641404681373,0.9985605061854267,0.9940325737210064,0.9922810756106094,46.10015066385729,47.49469000094143,47.69096635164756,-5.861619569059258,-3.6214555176202836,-2.240164051438974,3368.815863375999,3251.349151272438,3310.0825073242186,0.03548754807278741,0.33184450312673064,-0.5618574413378254,2351701.6,0.47170950600195194,-0.006572611753153046,-0.18077969057637955,-0.0018659823522948482,0.3011986865854126,-0.009329866089317185,0.617585304876014,-0.00020333398432648142,-0.38229679629718394,0
2025-07-07,-0.0023685944645289725,-0.002371404021742237,0.0051880867502489365,-0.0019308128490687613,3287.69345703125,3289.0123910693965,3296.81455078125,3295.04309328501,3309.5918090820314,3301.1576598550787,3315.8112353515626,3321.524605801806,0.9984313987464081,0.9956691000939857,0.9918251453080521,0.9899647911064184,43.343123041424725,46.30041326307897,46.96340326213811,-6.761522136425356,-4.249468841381298,-2.5120532950440575,3369.068828970994,3250.1147891930686,3309.5918090820314,0.035942208779794926,0.2725555838253495,0.477638553347997,2203276.9,0.7439709461847488,0.005586946074158883,-0.5618574413378254,-0.006572611753153046,-0.18077969057637955,-0.0018659823522948482,0.3011986865854126,0.006073533826413957,-0.17435686359846003,0
2025-07-08,-0.0016120168365542087,-0.0016133175337132944,0.009277229202407384,0.0003524085673641636,3283.171484375,3285.0898850618896,3298.334765625,3291.8070532417128,3306.864147949219,3298.880251587631,3315.6772607421876,3319.78814569377,0.9981948517290886,0.9936058968913883,0.991043092919099,0.9884088876350077,41.38268464676143,45.46449096914968,46.458120540916696,-7.811633893847102,-4.961901851874459,-2.8497320419726426,3367.0172557236574,3246.7110401747805,3306.864147949219,0.036380755352011025,0.2538009589345741,0.4185449500785152,2095496.3,1.1096378456979379,-0.0023685944645289725,0.477638553347997,0.005586946074158883,-0.5618574413378254,-0.006572611753153046,-0.18077969057637955,-0.009329866089317185,0.617585304876014,0
2025-07-09,-0.006576256211543896,-0.006597975055913205,0.013889709593295026,-0.00768327013837975,3275.57060546875,3275.2908804058434,3292.46572265625,3285.2408383057195,3302.6259155273438,3294.767167731071,3314.5591162109376,3317.274605513377,0.9939315201016236,0.9888312120276737,0.9857891733323664,0.9822400979879095,34.06190661681488,42.12831955641023,44.41451259587697,-10.264597575907374,-6.022440996681043,-4.2421565792263305,3364.630293685907,3240.6215373687805,3302.6259155273438,0.037548532437203214,0.12153443170115893,-0.1248489404543699,2123220.2,0.9584206103540273,-0.0016120168365542087,0.4185449500785152,-0.0023685944645289725,0.477638553347997,0.005586946074158883,-0.5618574413378254,-0.0018659823522948482,0.3011986865854126,0
2025-07-10,-0.0005319708161439785,-0.0005321123628199527,0.012714370195150837,0.0005917159763313041,3271.952978515625,3268.1808994372295,3286.7121337890626,3279.5535836137706,3300.1147338867186,3290.8808600900165,3313.7649169921874,3314.791716571676,0.9945011309350211,0.9900352708251009,0.9860144873410626,0.9819528599673661,33.50618918267199,41.86247411511973,44.250270381332975,-12.207619692397202,-7.2594767358242756,-4.9481429565729265,3365.631822605875,3234.597645167562,3300.1147338867186,0.039705946006303665,0.1477728384379234,0.49145182801638176,2138810.8,1.4190184564244768,-0.006576256211543896,-0.1248489404543699,-0.0016120168365542087,0.4185449500785152,-0.0023685944645289725,0.477638553347997,-0.006572611753153046,-0.18077969057637955,0
2025-07-11,-0.03429916844134673,-0.034901190915451845,0.02262703684744335,-0.010273009287243149,3242.357568359375,3226.2381940258615,3269.8650634765627,3254.6079835391074,3291.469921875,3276.7353289579314,3311.171513671875,3308.0294054591836,0.969156768478545,0.9610038096991486,0.9546958829303444,0.9490154074557313,15.048262705277011,29.11301748498572,35.394119719548314,-22.494026882076923,-10.306386765074805,-12.187640117002118,3385.944866109011,3196.9949776409894,3291.469921875,0.05740592894750969,-0.2891888155155605,1.51582201322433,2724522.5,2.8025277823912265,-0.0005319708161439785,0.49145182801638176,-0.006576256211543896,-0.1248489404543699,-0.0016120168365542087,0.4185449500785152,0.005586946074158883,-0.5618574413378254,0
2025-07-14,-0.01325794259485824,-0.01334661371896203,0.022341515217331548,-0.013257822666296703,3205.988623046875,3184.3893461474495,3246.8410400390626,3226.6231956939287,3278.3078125,3259.9692643324734,3307.300478515625,3299.898513103554,0.9671561614725322,0.9549872051491997,0.9458207794179256,0.937529465657221,12.13662277151198,25.937498556551603,32.8196518009989,-33.62023083758595,-14.969155579577036,-18.651075258008916,3398.5642740497697,3158.0513509502307,3278.3078125,0.07336496047823116,-0.23848905838571818,-0.4860869223566082,2970088.3,1.321175872111277,-0.03429916844134673,1.51582201322433,-0.0005319708161439785,0.49145182801638176,-0.006576256211543896,-0.1248489404543699,-0.0023685944645289725,0.477638553347997,1
2025-07-15,0.009184883696484958,0.009142959171283703,0.016419119251617337,0.014441687095484945,3176.373876953125,3165.983278291008,3229.7726806640626,3208.9046405819645,3265.6556640625,3247.512300355869,3303.8903173828126,3293.2033221025567,0.9851394274718446,0.968851820845406,0.9582060892131575,0.947117138276221,23.882460584352856,31.442627540404303,36.15304849363417,-39.68233734232899,-19.91179193212743,-19.770545410201564,3392.5822356697827,3138.729092455217,3265.6556640625,0.07773420388687592,-0.03765149312732137,-0.33973418511527365,2991658.9,0.8660375686546351,-0.01325794259485824,-0.4860869223566082,-0.03429916844134673,1.51582201322433,-0.0005319708161439785,0.49145182801638176,-0.0016120168365542087,0.4185449500785152,0
2025-07-16,-0.002529748378824026,-0.00253295359899557,0.007515945672426093,0.0018903308510226544,3149.486328125,3151.0738945117137,3212.528466796875,3192.9683653767206,3255.681750488281,3235.4878076508453,3300.6060302734377,3286.4602556261084,0.9910362521914226,0.9715883171815887,0.9587101461882769,0.9456612204924517,22.890153693259506,30.758259123518087,35.63697765995212,-44.61110764698651,-24.851655075099245,-19.759452571887266,3394.519895213546,3116.843605763016,3255.681750488281,0.0852897521107168,0.015887280829193325,-0.019358606254455513,2936673.7,0.8651737508324469,0.009184883696484958,-0.33973418511527365,-0.01325794259485824,-0.4860869223566082,-0.03429916844134673,1.51582201322433,-0.006576256211543896,-0.1248489404543699,0
2025-07-17,-0.007392452564835339,-0.00741991215514099,0.01180976658369647,-0.004621490038478234,3118.330419921875,3133.4430618359347,3195.14169921875,3175.7343710326577,3245.872277832031,3222.411006587372,3296.78779296875,3279.0767709538836,0.9935385219895957,0.9696538332687771,0.9544988623377685,0.9397576037778487,20.056309764003856,28.791160416854837,34.14523151354766,-49.80493059945911,-29.84231017997122,-19.96262041948789,3399.3422437526956,3092.4023119113667,3245.872277832031,0.09456315762564103,0.018828063648609093,0.160153388805514,2978250.7,0.9897219196490074,-0.002529748378824026,-0.019358606254455513,0.009184883696484958,-0.33973418511527365,-0.01325794259485824,-0.4860869223566082,-0.0005319708161439785,0.49145182801638176,0
2025-07-18,-0.006013955231895962,-0.006032111892825491,0.01310387476340957,-0.010883751211240321,3105.769677734375,3115.478398645832,3174.063623046875,3158.246134893197,3234.5683471679686,3208.805108080539,3292.7609375,3271.25215531905,0.9915574533241378,0.9702228556179593,0.9520742002443476,0.9352483009603927,17.961408248830566,27.27427916453746,32.97488135581372,-54.79292680361095,-34.83243350469917,-19.960493298911786,3401.4828613289665,3067.6538330069707,3234.5683471679686,0.10320667009997804,0.035632728880547616,0.16454010666160057,3210583.2,1.0691655646861915,-0.007392452564835339,0.160153388805514,-0.002529748378824026,-0.019358606254455513,0.009184883696484958,-0.33973418511527365,-0.03429916844134673,1.51582201322433,0
2025-07-21,-0.009937582018090807,-0.00998728937439753,0.014438635412976119,-0.009968667344239826,3095.4205078125,3093.300866024305,3150.7045654296876,3138.3733468728424,3223.759558105469,3193.5804121472734,3284.6869189453123,3262.534259062666,0.9849859794771169,0.9677028542234775,0.945773326399394,0.928230262432513,14.965943026209729,24.949215670422504,31.13446019509142,-60.5177668334959,-39.96950017045852,-20.54826666303738,3408.4148620285014,3039.1042541824363,3223.759558105469,0.11455898034253542,0.02664842652696241,0.11993695823483064,3431100.4,1.12044112728383,-0.006013955231895962,0.16454010666160057,-0.007392452564835339,0.160153388805514,-0.002529748378824026,-0.019358606254455513,-0.01325794259485824,-0.4860869223566082,1
2025-07-22,0.0004432884637219914,0.00044319024041739003,0.008070641603953557,0.0,3079.645751953125,3078.9663651099536,3128.009814453125,3122.359531674371,3213.1722900390623,3179.9344074933665,3278.6502490234375,3254.211243541826,0.990470206304325,0.9751559439446768,0.9493102417001634,0.9303515567693738,15.690405618720163,25.252278349106618,31.312235297467467,-64.20556224912116,-44.816712586191045,-19.388849662930113,3411.6009339531956,3014.743646124929,3213.1722900390623,0.12350949529178283,0.08958816745153557,-0.16811962294757032,3518379.8,0.9089513303822402,-0.009937582018090807,0.11993695823483064,-0.006013955231895962,0.16454010666160057,-0.007392452564835339,0.160153388805514,0.009184883696484958,-0.33973418511527365,1
2025-07-23,0.006171673516077947,0.00615270673692538,0.00767509722696011,0.006171667108905586,3069.219287109375,3075.6851776514277,3109.3528076171874,3112.6801264125534,3200.9092651367187,3169.3809213258437,3272.34732421875,3246.9528733140833,0.9999685638704914,0.9870616146278871,0.9588284292098749,0.9378964084954236,25.94323192538762,29.52130391611287,33.811153732356175,-64.861428874799,-48.825655843912635,-16.035773030886368,3403.0817578899064,2998.736772383531,3200.9092651367187,0.12632191418556343,0.17407420117426994,-0.39873253459310654,3507173.5,0.5482691403775719,0.0004432884637219914,-0.16811962294757032,-0.009937582018090807,0.11993695823483064,-0.006013955231895962,0.16454010666160057,-0.002529748378824026,-0.019358606254455513,0
2025-07-24,-0.009782655127101969,-0.009830819673286632,0.010705194146084937,-0.005402703588715207,3057.402734375,3063.4896627051185,3087.8665771484375,3099.3016730307254,3187.28935546875,3156.973084324573,3264.848828125,3238.8017266277466,0.9940131859775282,0.984206589527915,0.9535057203381977,0.9308543190827772,21.156104573573458,26.88413784664648,31.869536447910377,-67.03121338868732,-52.46676735286758,-14.564446035819742,3394.4663896305397,2980.11232130696,3187.28935546875,0.13000202432597815,0.14235726402829982,0.5262448157056492,3497150.1,0.839191317524518,0.006171673516077947,-0.39873253459310654,0.0004432884637219914,-0.16811962294757032,-0.009937582018090807,0.11993695823483064,-0.007392452564835339,0.160153388805514,0
2025-07-25,-0.003875435928300308,-0.003882964888414273,0.00998144148227723,-0.0013375640674761489,3046.957080078125,3051.4333753971623,3076.36337890625,3086.214241712639,3173.114221191406,3144.6252477966377,3257.4695361328127,3230.5083569867074,0.9935554460463975,0.9840582622777039,0.9540535227391168,0.9293473867372557,19.50862968132614,25.906474594784612,31.133142443480224,-68.90684069535246,-55.75478202136456,-13.152058673987895,3383.3151659021237,2962.9132764806886,3173.114221191406,0.13248873507729803,0.15320464993437638,-0.12466394391671198,2990486.8,0.8590297071366442,-0.009782655127101969,0.5262448157056492,0.006171673516077947,-0.39873253459310654,0.0004432884637219914,-0.16811962294757032,-0.006013955231895962,0.16454010666160057,0
2025-07-28,-0.018017717231082253,-0.018182012777275238,0.015620464681431523,-0.009871366936294229,3031.722998046875,3025.214047139775,3063.5717529296876,3065.588996060341,3155.206396484375,3128.2585947326725,3249.809951171875,3220.4011818352683,0.9805564006144852,0.9703625801426524,0.9421809596790102,0.9147536118390625,13.731232123755689,21.929138534262194,27.988337235810178,-73.94228693730838,-59.39228300455333,-14.550003932755054,3369.5601294438584,2940.852663524892,3155.206396484375,0.13587303397858386,0.074462727239143,0.3135780564338979,2935533.2,1.1495264301558572,-0.003875435928300308,-0.12466394391671198,-0.009782655127101969,0.5262448157056492,0.006171673516077947,-0.39873253459310654,-0.009937582018090807,0.11993695823483064,0
2025-07-29,-0.007566631692159542,-0.007595403880666486,0.010733000270983272,-0.0013071895424836698,3011.71982421875,3000.236529473392,3045.6827880859373,3044.623995711301,3137.727734375,3111.3083946762868,3242.0914892578126,3209.8082529060666,0.9796002504668367,0.9686765495348032,0.9402605145816731,0.9099932879488267,12.018777564031481,20.529386506064043,26.8154619019258,-78.83917488702627,-63.281661381047925,-15.55751350597835,3358.95097680974,2916.5044919402603,3137.727734375,0.14100856489946859,0.076341440954896,0.4180916546079936,3154975.5,1.5167509224715057,-0.018017717231082253,0.3135780564338979,-0.003875435928300308,-0.12466394391671198,-0.009782655127101969,0.5262448157056492,0.0004432884637219914,-0.16811962294757032,0
2025-07-30,-0.0007853957923936727,-0.0007857043772537741,0.007139130249850683,-0.0020914713541666107,2987.488134765625,2982.8124714718447,3028.3537109375,3027.049515667201,3120.4410888671873,3095.751819513664,3233.8021728515623,3199.53986477127,0.98677023053684,0.973454436587639,0.9447268099328062,0.9116093681356021,11.841300162993832,20.385037741668228,26.694465455436557,-81.96215884553658,-67.01776087394566,-14.944397971590917,3344.229246732619,2896.652931001756,3120.4410888671873,0.14343366946669273,0.11464285008737768,-0.39813307888806415,3188914.3,0.903166635741826,-0.007566631692159542,0.4180916546079936,-0.018017717231082253,0.3135780564338979,-0.003875435928300308,-0.12466394391671198,0.006171673516077947,-0.39873253459310654,0
2025-07-31,-0.005501677783149805,-0.005516867751524008,0.014752386758361888,-0.0016109091700061376,2966.017529296875,2965.7901828041468,3011.7101318359373,3009.7215319947554,3103.425915527344,3080.132180080815,3226.1192578125,3189.0381291123476,0.9884451378019166,0.9734487972391815,0.9446803904035127,0.9087530159863486,10.567065785800224,19.358984921205973,25.83763528484451,-84.76870287177007,-70.56794927351055,-14.200753598259524,3330.2458354431874,2876.6059956115005,3103.425915527344,0.14617389046150406,0.12154931074331536,0.030641073760442783,3190987.4,0.9302358887408957,-0.0007853957923936727,-0.39813307888806415,-0.007566631692159542,0.4180916546079936,-0.018017717231082253,0.3135780564338979,-0.009782655127101969,0.5262448157056492,0
2025-08-01,-0.011130097772981129,-0.011192500777596951,0.012254428514194143,-0.008878148853347242,2940.3763671875,2943.565118614223,2993.6667236328126,2989.611251674686,3083.8651733398438,3062.8924477144874,3217.066572265625,3177.6685942543877,0.9859673144521319,0.9684160789669669,0.9400913552568243,0.9011672357754997,8.4362181328341,17.455367140815056,24.19692860388612,-88.6045490891197,-74.17526923663239,-14.429279852487312,3310.313316239762,2857.4170304399254,3083.8651733398438,0.14685995020636633,0.09206955566175377,-0.3080895211548691,3053107.6,0.6727070477306466,-0.005501677783149805,0.030641073760442783,-0.0007853957923936727,-0.39813307888806415,-0.007566631692159542,0.4180916546079936,-0.003875435928300308,-0.12466394391671198,1
2025-08-04,0.02377611365267973,0.023497863701268076,0.028558355281161164,0.021700775171407935,2939.430224609375,2951.7249716542738,2985.576611328125,2985.6900564128114,3068.140588378906,3053.8593267640003,3208.95951171875,3169.4480485085046,1.0097346937802556,0.9941277897451269,0.9673757092410755,0.9249243148426829,38.833720044013646,32.54495386359147,33.555462394715036,-85.10143872847766,-76.36050313500144,-8.740935593476223,3280.4576605739526,2855.8235161838597,3068.140588378906,0.13840113650543442,0.2642772914827654,0.2266015920367972,2920598.2,0.8625808233395473,-0.011130097772981129,-0.3080895211548691,-0.005501677783149805,0.030641073760442783,-0.0007853957923936727,-0.39813307888806415,-0.018017717231082253,0.3135780564338979,0
2025-08-05,-0.003415285095282883,-0.003421130494354921,0.011586540399979892,-0.0034153006549328016,2940.955517578125,2953.7859674309743,2976.3376708984374,2980.6387659712773,3052.1737426757813,3044.721101261179,3201.3859521484374,3161.1523587232446,1.0057642631127621,0.9938079230410375,0.9691151973515225,0.9239460668587413,36.74103698287768,31.62925384590548,32.927746102576194,-82.19564676525715,-77.52753186105258,-4.668114904204572,3246.4521630986196,2857.895322252943,3052.1737426757813,0.1273049549613897,0.257395125289157,-0.23469506027979736,2793594.2,0.6901489128234873,0.02377611365267973,0.2266015920367972,-0.011130097772981129,-0.3080895211548691,-0.005501677783149805,0.030641073760442783,-0.007566631692159542,0.4180916546079936,0
2025-08-06,-0.010313652879170299,-0.010367207141976895,0.013455148953314356,-0.010022837470412991,2936.84287109375,2944.9910193029414,2962.1655029296876,2970.959194530477,3035.7591552734375,3033.547770002674,3193.221328125,3151.985643598681,0.9967850687076906,0.9882638630932575,0.9643061169597947,0.9167548447904769,30.89536600780842,28.985980866092703,31.089902296947386,-81.41592035301619,-78.3052095594453,-3.110710793570888,3213.230234942906,2858.288075603969,3035.7591552734375,0.1169203949273659,0.1947163661020877,-0.22869082715939248,2750014.8,0.5407538170340029,-0.003415285095282883,-0.23469506027979736,0.02377611365267973,0.2266015920367972,-0.011130097772981129,-0.3080895211548691,-0.0007853957923936727,-0.39813307888806415,1
2025-08-07,0.004847866689295488,0.0048361536239094225,0.013357464821955989,0.010278514588859445,2938.8123046875,2943.8582706811276,2952.4149169921875,2965.6198452408444,3020.1407470703125,3024.7901512821813,3185.3329052734375,3143.7349428080465,1.0009461198816831,0.9963344774163,0.9739919493126246,0.9234804841175575,36.38827795503808,31.83966062395153,32.91873047281696,-78.74510936807064,-78.39318952117037,-0.3519198469002731,3171.042381786753,2869.239112353872,3020.1407470703125,0.09993020018210924,0.2397378306059704,0.7101126300450344,2710844.6,0.9381120555564122,-0.010313652879170299,-0.22869082715939248,-0.003415285095282883,-0.23469506027979736,0.02377611365267973,0.2266015920367972,-0.005501677783149805,0.030641073760442783,0
2025-08-08,-0.0034788630601445547,-0.0034849283752596367,0.011460957037069874,-0.003838520697366959,2945.261181640625,2939.691972120752,2942.8187744140623,2959.390668833418,3009.5910766601564,3015.89198211245,3177.90166015625,3135.4064891685152,0.9952799409684674,0.9961059785557661,0.9740058700110937,0.9224197877966658,34.10751911498116,30.87615120582609,32.27029135856358,-76.57155295188159,-78.02886220731261,1.4573092554310279,3154.212621483998,2864.9695318363147,3009.5910766601564,0.0961071063410602,0.22952957404981525,0.08614135008155488,2730166.9,1.0117110422809683,0.004847866689295488,0.7101126300450344,-0.010313652879170299,-0.22869082715939248,-0.003415285095282883,-0.23469506027979736,-0.011130097772981129,-0.3080895211548691,1
2025-08-11,0.0014490897194667784,0.0014480408021538384,0.009405371302413411,0.0014491327314885185,2938.773681640625,2938.3303739919597,2939.101953125,2955.0663977245013,3001.3368530273438,3008.245810266919,3170.8147705078127,3127.571222053451,0.9989225084170203,0.9988109376788005,0.9780998673219004,0.925821087071646,36.04866738044111,31.798741879774994,32.84682734055305,-73.65715778714639,-77.15452132327937,3.49736353613298,3143.032734934196,2859.6409711204915,3001.3368530273438,0.09442184522802136,0.2680607424562346,-0.31784232515368516,2581141.1,0.7299930251778951,-0.0034788630601445547,0.08614135008155488,0.004847866689295488,0.7101126300450344,-0.010313652879170299,-0.22869082715939248,0.02377611365267973,0.2266015920367972,0
2025-08-12,-0.0017759116225739557,-0.00177749042310325,0.022896488843640216,-0.00184153161994409,2933.270849609375,2935.6848489373483,2937.11318359375,2950.5804706524327,2991.397985839844,3000.8313329870334,3164.4742822265625,3119.8387740838307,0.9990191663406626,0.9977122486109291,0.9796067967884949,0.9260286346098109,34.589616826249056,31.247507665671094,32.49041988282944,-70.95028402054868,-75.91367386273323,4.963389842184554,3123.3860947599655,2859.409876919722,2991.397985839844,0.08824510114996661,0.268902715892997,0.7822976677290012,2438433.1,1.3772089953995457,0.0014490897194667784,-0.31784232515368516,-0.0034788630601445547,0.08614135008155488,0.004847866689295488,0.7101126300450344,-0.003415285095282883,-0.23469506027979736,1
2025-08-13,0.0002636031163487651,0.00026356837915171225,0.00520380901837567,3.288874293122106e-05,2934.023876953125,2934.178652546774,2935.4333740234374,2947.0506141275587,2981.8935424804686,2994.196564108804,3158.039560546875,3112.439851953705,0.999026041604519,0.9985463426642303,0.9829882314736674,0.9281600827248782,35.04408539589889,31.437159457381796,32.604191198502434,-67.95934291471849,-74.32280767313028,6.363464758411794,3101.945697261534,2861.841387699403,2981.8935424804686,0.08052075171080775,0.28872814566571914,-0.36032829179163317,2365237.6,0.9082241885550948,-0.0017759116225739557,0.7822976677290012,0.0014490897194667784,-0.31784232515368516,-0.0034788630601445547,0.08614135008155488,-0.010313652879170299,-0.22869082715939248,0
2025-08-14,-0.004578105867729887,-0.004588617488877214,0.012176092410734887,-0.0038562792260629503,2929.254736328125,2928.701458468683,2934.0335205078127,2941.722697070275,2972.871826171875,2986.9156599377275,3151.525029296875,3104.804840908952,0.9960714696905978,0.9944491260643492,0.9814574058073811,0.9258206878221963,30.718422976971084,29.894418347849097,31.631823205965347,-65.91202419370802,-72.64065097724583,6.7286267835378055,3083.349585868198,2862.394066475552,2972.871826171875,0.07432393063415975,0.25051650209553605,0.5558266912333591,2402617.9,1.391055148635994,0.0002636031163487651,-0.36032829179163317,-0.0017759116225739557,0.7822976677290012,0.0014490897194667784,-0.31784232515368516,0.004847866689295488,0.7101126300450344,0
2025-08-18,-0.0036726351031353133,-0.0036793957855247254,0.015143497076142048,-0.011587083153824089,2924.389111328125,2921.478055645789,2934.825146484375,2935.4151612393157,2964.2459350585937,2979.307620896039,3144.5441015625,3097.0490138144837,0.9940644487900442,0.9905296243908536,0.980698401444392,0.9244682714278099,27.55024685853587,28.683898931996467,30.86013219249388,-64.41168864868587,-70.99485851153383,6.583169862847967,3066.709102708367,2861.7827674088203,2964.2459350585937,0.06913270348989987,0.22080364890651413,-0.11865480372954851,2491794.1,1.1821237557308608,-0.004578105867729887,0.5558266912333591,0.0002636031163487651,-0.36032829179163317,-0.0017759116225739557,0.7822976677290012,-0.0034788630601445547,0.08614135008155488,1
2025-08-19,0.0016605079279763402,0.001659130808954176,0.004608415413026519,0.0016604676145978963,2919.63935546875,2918.271503243026,2929.2065185546876,2931.132113457167,2957.391564941406,2972.8838854237974,3136.9342626953126,3089.786636740877,0.9973349595330411,0.9940775360128082,0.9846036057437635,0.9282497351205494,31.275322787207415,30.057847761924805,31.64884628011309,-62.11710407396777,-69.21930762402063,7.102203550052863,3054.473223940263,2860.3099059425494,2957.391564941406,0.06565357130906685,0.2654903770008587,-0.10008965887869026,2504947.3,1.058219468329733,-0.0036726351031353133,-0.11865480372954851,-0.004578105867729887,0.5558266912333591,0.0002636031163487651,-0.36032829179163317,0.0014490897194667784,-0.31784232515368516,1
2025-08-20,0.027319004354164678,0.026952500391626746,0.029852190371376364,0.02912756921750605,2931.84208984375,2942.650159063059,2932.5564697265627,2942.091269320069,2954.4470703125,2974.648036402781,3130.1264501953124,3085.9286302295927,1.0203167084154077,1.0200681560897784,1.0125100905553592,0.9556826276192351,65.4394416629747,47.878665918085225,42.91654158711133,-53.26567046205673,-66.02858019162785,12.76290972957112,3043.3024990460162,2865.5916415789834,2954.4470703125,0.06015029318099643,0.7079805416361896,0.868261616186004,2807383.5,1.7640475553126247,0.0016605079279763402,-0.10008965887869026,-0.0036726351031353133,-0.11865480372954851,-0.004578105867729887,0.5558266912333591,-0.0017759116225739557,0.7822976677290012,1
2025-08-21,0.0012909697004073184,0.0012901371155078505,0.015116322074243063,-0.008753962410143798,2944.6626953125,2960.1898684118314,2939.3432861328124,2951.7599998272153,2950.75439453125,2976.6119650415044,3123.222685546875,3082.373361871937,1.0171858705166583,1.0190266993448533,1.0150859362136768,0.9590316121134682,66.38585929570039,48.56383602374544,43.3922175331327,-45.41570526405485,-61.90600520611326,16.490299942058407,3025.211964685391,2876.296824377109,2950.75439453125,0.05046680285701606,0.7989279161673607,-0.3476388419415559,2981748.0,1.0835006848331918,0.027319004354164678,0.868261616186004,0.0016605079279763402,-0.10008965887869026,-0.0036726351031353133,-0.11865480372954851,0.0002636031163487651,-0.36032829179163317,0
2025-08-22,-0.015664349617719897,-0.01578833198195595,0.014963965675139237,-0.010369410239792608,2950.783349609375,2956.2433595401794,2940.01904296875,2951.1400620035165,2946.2169799804688,2973.9203818753494,3116.1060009765624,3077.117557163111,0.9991754705363842,1.002833756756797,1.00072410207086,0.9461649702779321,47.82307931086391,41.43677984510532,39.22271291133856,-42.4907115838364,-58.02294648165789,15.532234897821489,3008.6813076919516,2883.752652268986,2946.2169799804688,0.04240307359296865,0.5170766411371628,-0.5066771369654994,2886819.5,0.552092363239198,0.0012909697004073184,-0.3476388419415559,0.027319004354164678,0.868261616186004,0.0016605079279763402,-0.10008965887869026,-0.004578105867729887,0.5558266912333591,1
2025-08-25,0.028356362879367714,0.027961763458931546,0.023848914224910655,0.017264291771173,2975.76806640625,2981.4805176882446,2950.0785888671876,2965.833656909127,2946.448681640625,2979.4474725523996,3110.4401171875,3075.3464699796314,1.0188814337422405,1.0277539199891714,1.029020071816129,0.9747671454051035,67.00364929612394,54.30531102808787,48.48425438427554,-33.04552101504578,-53.02746138833547,19.98194037328969,3010.137043732551,2882.7603195486995,2946.448681640625,0.04323059314677294,1.1712855342419786,1.1636274768774575,2955442.5,1.1667863610948277,-0.015664349617719897,-0.5066771369654994,0.0012909697004073184,-0.3476388419415559,0.027319004354164678,0.868261616186004,-0.0036726351031353133,-0.11865480372954851,1
2025-08-26,0.005285497806687411,0.00527157858827843,0.013302926849599857,0.009012448440995444,3002.992431640625,3003.6470866619547,2961.3158935546876,2980.76939649099,2950.2089233398438,2985.9744013197305,3104.121044921875,3074.27328388668,1.0149809877956208,1.0292654799993857,1.0331404669330493,0.9819141008034005,69.5101303830322,56.28806031926703,50.01721407231258,-23.990477060694047,-47.220064522807185,23.229587462113138,3027.168403053128,2873.2494436265597,2950.2089233398438,0.05217222353606098,1.1352128524892746,0.6013644127515319,3319230.7,1.6636677287902886,0.028356362879367714,1.1636274768774575,-0.015664349617719897,-0.5066771369654994,0.0012909697004073184,-0.3476388419415559,0.0016605079279763402,-0.10008965887869026,0
2025-08-28,-0.02011265625041303,-0.020317669282957293,0.019394253142510597,-0.01631162124900642,3002.04638671875,2997.99047313922,2966.94423828125,2981.843550964219,2952.0287109375,2986.041338917256,3096.2103076171875,3070.8381451497025,0.9948804453212335,1.0066509533808872,1.0117371945021654,0.9646235072423962,51.9114101091412,47.752103326368974,44.67723799153891,-21.51293974658529,-42.07863956756281,20.56569982097752,3030.613071148228,2873.444350726772,2952.0287109375,0.05324091863982668,0.7204543948906519,-0.4357123752081863,3295012.6,0.9456871272662204,0.005285497806687411,0.6013644127515319,0.028356362879367714,1.1636274768774575,-0.015664349617719897,-0.5066771369654994,0.027319004354164678,0.868261616186004,0
2025-08-29,-0.0029091595733984343,-0.002913399403000675,0.012254043967473906,-0.002683494609804415,2998.590234375,2991.3231572230216,2971.62646484375,2981.1426372235655,2953.529919433594,2985.274404295672,3089.35541015625,3067.1969835905234,0.9931295350901225,1.0021409354850424,1.008281143792077,0.9639514170498136,49.82545338009948,46.67179096306759,43.978485066549965,-20.01980487285664,-37.666872628621576,17.647067755764937,3032.8896432117626,2874.1701956554252,2953.529919433594,0.05373889951545689,0.6540996162322799,-0.2709397246707451,3307374.9,0.6868858441176415,-0.02011265625041303,-0.4357123752081863,0.005285497806687411,0.6013644127515319,0.028356362879367714,1.1636274768774575,0.0012909697004073184,-0.3476388419415559,1
2025-09-01,0.009044633390449919,0.00900397566611405,0.013204425999728722,0.00731394746156967,3009.904833984375,2995.856551429931,2980.344091796875,2985.4664013363263,2957.1888061523437,2987.145731490727,3083.5664599609377,3064.7548799141796,0.998344966231364,1.0082471175440872,1.0161418620252098,0.9744960515239928,56.19196048288051,50.416650528735374,46.692267233470595,-16.473177766149547,-33.42813365612717,16.954955889977626,3038.9063771843553,2875.471235120332,2957.1888061523437,0.055267063680209144,0.7920701942591212,-0.4511541344728758,3097843.7,0.4024935150859935,-0.0029091595733984343,-0.2709397246707451,-0.02011265625041303,-0.4357123752081863,0.005285497806687411,0.6013644127515319,-0.015664349617719897,-0.5066771369654994,0
2025-09-02,-0.0003533426507247306,-0.0003534050909481037,0.016680026464325887,-0.0030758698394387322,3004.286181640625,2998.524891708496,2990.0271240234374,2988.810977868926,2962.426135253906,2988.7377163264314,3077.5311376953123,3062.3669070652168,0.9998586654701558,1.004626863793654,1.0139869941459883,0.9760621218328739,55.86595324231086,50.26679943187838,46.598834305517116,-13.591452201415905,-29.46079736518492,15.869345163769015,3041.982396799919,2882.869873707893,2962.426135253906,0.05371020772417968,0.7604159383969662,0.7525828840721749,3021805.7,0.7231533781275216,0.009044633390449919,-0.4511541344728758,-0.0029091595733984343,-0.2709397246707451,-0.02011265625041303,-0.4357123752081863,0.028356362879367714,1.1636274768774575,0
2025-09-03,-0.004499498001311331,-0.00450965121011902,0.017401098416061276,-0.010351737549014937,2992.75927734375,2995.7984955139973,2997.8758544921875,2989.0900188245755,2963.5411865234373,2988.890857926295,3072.0356201171876,3059.5425461263844,0.9991935287822774,0.9974881710475423,1.0090447592641718,0.973408538476168,51.43428654827118,48.29881519325691,45.38496802415641,-12.256990653923367,-26.02003602293261,13.763045369009244,3044.0011905250753,2883.0811825217993,2963.5411865234373,0.05429990604991493,0.6665704403955597,-0.17639112422542447,2936704.7,0.6128549458854341,-0.0003533426507247306,0.7525828840721749,0.009044633390449919,-0.4511541344728758,-0.0029091595733984343,-0.2709397246707451,0.005285497806687411,0.6013644127515319,0
2025-09-04,-0.0005811344711529332,-0.0005813033952379572,0.00878636547498025,-0.006514778186176158,2993.14541015625,2993.401633728082,2997.5958984375,2989.002362703062,2965.0761840820314,2988.8639105196244,3066.566923828125,3056.7607956961833,0.9984840362300463,0.9970016010877466,1.007936297286575,0.9745777556439058,50.82945260497452,48.03839920179219,45.22592062643544,-11.210418901640423,-23.058112598674175,11.847693697033751,3046.21624108324,2883.9361270808226,2965.0761840820314,0.05473050401659695,0.645006837214004,-0.17690165543007064,2589608.0,0.5720522179418661,-0.004499498001311331,-0.17639112422542447,-0.0003533426507247306,0.7525828840721749,0.009044633390449919,-0.4511541344728758,-0.02011265625041303,-0.4357123752081863,0
2025-09-05,-0.015311479839867137,-0.015429911006825725,0.024538202765261165,-0.015756690868678997,2986.11728515625,2976.550389282263,2992.353759765625,2980.6106422826188,2965.848522949219,2984.4814333644817,3059.1362158203124,3052.2936233312594,0.9855098173870418,0.9834558801032678,0.9922448424521283,0.961986552011544,37.340039128271556,41.66749187379258,41.230936105892965,-13.91307236589455,-21.22910455211825,7.316032186223701,3045.825145128634,2885.8719007698037,2965.848522949219,0.0539316971588873,0.35620408857106034,0.8915026485242585,2546740.9,1.1002513055018672,-0.0005811344711529332,-0.17690165543007064,-0.004499498001311331,-0.17639112422542447,-0.0003533426507247306,0.7525828840721749,-0.0029091595733984343,-0.2709397246707451,0
2025-09-08,-0.009611988811924488,-0.00965848214518936,0.016197384015816448,-0.010163934426229487,2968.044873046875,2955.887352620467,2988.974853515625,2968.6016671943016,2964.4969482421875,2977.8223710723287,3051.1975048828126,3046.8923549377546,0.9819801936838319,0.9751039811756111,0.9831554325009773,0.9552188197036476,31.341573383497334,38.28725854252758,38.99518753612005,-18.128464969402557,-20.608976635575114,2.480511666172557,3046.9430583620115,2882.0508381223635,2964.4969482421875,0.055622327537703006,0.1971617649835878,-0.06276393575429462,2649980.5,0.9910212546847043,-0.015311479839867137,0.8915026485242585,-0.0005811344711529332,-0.17690165543007064,-0.004499498001311331,-0.17639112422542447,0.009044633390449919,-0.4511541344728758,1
2025-09-09,0.010069489614001226,0.010019130084467708,0.009575638521347157,0.00570555197068608,2956.054443359375,2951.8947096896864,2980.1703125,2964.112168400451,2965.1244506835938,2974.592566572881,3043.8592236328127,3042.85380861973,0.9958914763702904,0.9878326119417462,0.9928451479159407,0.9671634617564873,42.51887649043977,43.4161777808438,42.3979126256862,-18.883368272001007,-20.263854962860293,1.3804866908592857,3046.7390052486826,2883.509896118505,2965.1244506835938,0.0550496654845452,0.370029145116822,-0.05212347787876492,2554073.6,0.9746394935525742,-0.009611988811924488,-0.06276393575429462,-0.015311479839867137,0.8915026485242585,-0.0005811344711529332,-0.17690165543007064,-0.0003533426507247306,0.7525828840721749,1
2025-09-10,0.019872862179952655,0.019677974605740858,0.022282973899718644,0.01753700411230467,2958.46796875,2968.734249819166,2975.613623046875,2971.0760159782094,2968.4647583007813,2977.2421630971903,3037.2888525390626,3041.2679075004517,1.0148540940082216,1.0090064472160227,1.0114364072143396,0.9885175483287396,58.30507035019594,51.98325424266043,48.419882870677874,-14.592643372076509,-19.12961264470354,4.536969272627029,3050.4412373772598,2886.488279224303,2968.4647583007813,0.05523156631537959,0.7070628804737513,-0.1646538526277055,2209806.7,0.9409999526202902,0.010069489614001226,-0.05212347787876492,-0.009611988811924488,-0.06276393575429462,-0.015311479839867137,0.8915026485242585,-0.004499498001311331,-0.17639112422542447,1
2025-09-11,0.004565907064507435,0.004555514931847636,0.009250336980803653,-0.00471489290478659,2963.97080078125,2984.530189983611,2978.55810546875,2979.2662076753527,2972.751171875,2980.9450114034103,3031.61419921875,3040.281796238179,1.0175950685875528,1.012611459475906,1.0145894815710876,0.99488980856791,61.21682648495924,53.75029550427064,49.71334905220825,-9.971091669711768,-17.297908449705186,7.326816779993418,3055.280039812601,2890.2223039373994,2972.751171875,0.05552356263006531,0.7627619857229357,0.08849452830297566,2124546.2,1.0653785735513777,0.019872862179952655,-0.1646538526277055,0.010069489614001226,-0.05212347787876492,-0.009611988811924488,-0.06276393575429462,-0.0005811344711529332,-0.17690165543007064,1
2025-09-12,0.002944786626815743,0.002940459236090381,0.008840222134160209,-0.0033715323334127852,2980.402001953125,2998.021428739074,2983.2596435546875,2987.582152870743,2977.4430541992188,2985.141096626895,3026.24033203125,3039.682663297466,1.014965063192028,1.0139928359187578,1.0159737234885833,0.9995914317286162,63.16141060593923,54.908118595086925,50.556826721190156,-5.528064629600976,-14.943939685684345,9.415875056083369,3060.648628958297,2894.2374794401403,2977.4430541992188,0.05589062376305062,0.7858032781366728,-0.3606355088656853,2042084.0,0.7086716315293592,0.004565907064507435,0.08849452830297566,0.019872862179952655,-0.1646538526277055,0.010069489614001226,-0.05212347787876492,-0.015311479839867137,0.8915026485242585,0
2025-09-15,-0.0068615936704626845,-0.0068852426461711545,0.012211189688775033,-0.007051722289805365,2998.3392578125,3000.0968053572997,2983.1920654296873,2990.612226638562,2981.7680786132814,2986.960759671357,3020.8843017578124,3038.293051348301,1.0019705244381054,1.0070580414208194,1.0075389766701517,0.9944927572517817,55.56544225937184,51.653741306890126,48.558247494012434,-3.6398396718400363,-12.683119682915484,9.043280011075447,3061.010229763955,2902.525927462608,2981.7680786132814,0.05315111642588008,0.6418404198652138,0.1971935512625702,2090651.7,0.8287076226039948,0.002944786626815743,-0.3606355088656853,0.004565907064507435,0.08849452830297566,0.019872862179952655,-0.1646538526277055,-0.009611988811924488,-0.06276393575429462,1
2025-09-16,0.010861574733300072,0.010803011508066935,0.013001844733638126,0.0056585521649215875,3016.933056640625,3012.35734289445,2986.49375,2999.0242614258686,2988.2604370117188,2991.714822366347,3015.8152734375,3038.237575529495,1.006611138183601,1.0168708432652003,1.0162696598846819,1.0069842290132187,63.59538022318028,56.062616333741914,51.709411006368995,0.4840500277941828,-10.049685740773551,10.533735768567734,3063.100445290926,2913.4204287325115,2988.2604370117188,0.05008934787092908,0.8248127711026639,0.4853512677059506,2129471.7,1.2084823667766986,-0.0068615936704626845,0.1971935512625702,0.002944786626815743,-0.3606355088656853,0.004565907064507435,0.08849452830297566,0.010069489614001226,-0.05212347787876492,1
2025-09-17,0.008614963806733211,0.008578066765714107,0.01260716067335349,0.00659900026273008,3029.05859375,3029.2519004713004,2993.76328125,3010.663671280256,2995.8195678710936,2998.5077931528854,3011.4253662109377,3039.210259454809,1.0112188063793541,1.0231406854405918,1.022438416677302,1.0171399397750995,68.85939929878187,59.26976346001113,54.07762619796727,5.796546328828754,-6.8804393268530895,12.676985655681843,3068.7814599088088,2922.8576758333784,2995.8195678710936,0.04870913643812253,0.9606613526356922,-0.06029231814827607,2191321.4,1.1035674639055686,0.010861574733300072,0.4853512677059506,-0.0068615936704626845,0.1971935512625702,0.002944786626815743,-0.3606355088656853,0.019872862179952655,-0.1646538526277055,1
2025-09-18,0.0012291355417441974,0.001228380773066239,0.013095381463680257,-0.0026059807937597996,3039.195361328125,3041.7699030485755,3001.5830810546877,3020.8713507207776,2999.589489746094,3005.0123755386226,3007.2165869140626,3040.2924417586646,1.0090848213399926,1.0217294758756168,1.0224085391307065,1.019815440480199,69.59745545116195,59.72535206566233,54.415409165671136,10.193034333548894,-3.465744594772693,13.658778928321587,3078.7760241342826,2920.4029553579053,2999.589489746094,0.052798247666144174,0.9244182358551164,0.08885149761958022,2306496.1,1.1416182320880577,0.008614963806733211,-0.06029231814827607,0.010861574733300072,0.4853512677059506,-0.0068615936704626845,0.1971935512625702,0.004565907064507435,0.08849452830297566,0
2025-09-19,-0.002360998013236637,-0.0023637895638083817,0.011517102285232441,-0.00025238133379347136,3046.1076171875,3047.701663881342,3013.2548095703123,3027.9065934164314,3002.8042846679687,3010.2078812536943,3003.294033203125,3041.048235632712,1.0044179556504969,1.0153688880971756,1.0189026308403522,1.0187364779211228,66.08322865736524,58.373023818378286,53.61897379697504,12.943808776822152,-0.18383392045372382,13.127642697275876,3086.1400608391064,2919.468508496831,3002.8042846679687,0.05550529989359759,0.8405554222135196,0.8615408687277308,2516460.0,1.947852936267614,0.0012291355417441974,0.08885149761958022,0.008614963806733211,-0.06029231814827607,0.010861574733300072,0.4853512677059506,0.002944786626815743,-0.3606355088656853,0
2025-09-22,-0.030102188967919608,-0.03056456248581529,0.013631303818777632,-0.006849741897213297,3038.751220703125,3020.95630131152,3018.5452392578127,3016.9173175537844,3003.760046386719,3006.137185531616,2997.5641259765625,3038.162641144052,0.9765411383315692,0.9830780528243808,0.9879169874908938,0.9899589971924682,37.776830674733304,44.55416284164116,44.85156232927406,7.6044887605621625,1.3738306157494535,6.230658144812709,3084.987604228787,2922.5324885446507,3003.760046386719,0.05408391921303988,0.27658770509011427,-0.2584398373297069,2617331.4,1.3887813365934478,-0.002360998013236637,0.8615408687277308,0.0012291355417441974,0.08885149761958022,0.008614963806733211,-0.06029231814827607,-0.0068615936704626845,0.1971935512625702,0
2025-09-23,-0.0037087591926079355,-0.003715653691953148,0.009371718941706512,-0.0024756018424266298,3022.667529296875,2999.457521186847,3019.80029296875,3005.9250708962777,2999.985302734375,3001.406021284557,2993.84626953125,3034.9586144692853,0.9780963113813659,0.9790249930835723,0.985491481655859,0.9875122817847278,35.648042870797056,43.23694890584308,43.949874176302146,2.4566591706011423,1.5903963267197914,0.8662628438813509,3082.6254370613974,2917.345168407353,2999.985302734375,0.055093692793560564,0.2366573629670216,-0.12576958767240154,2686175.4,1.182998325425808,-0.030102188967919608,-0.2584398373297069,-0.002360998013236637,0.8615408687277308,0.0012291355417441974,0.08885149761958022,0.010861574733300072,0.4853512677059506,0
2025-09-24,-0.008816680237099916,-0.008855777135174223,0.007906701183415313,-0.0047869172643442036,2996.1380859375,2976.4362804006064,3012.59833984375,2992.1921123384313,2994.1059814453124,2994.6429524791824,2990.4403125,3030.8580334637495,0.978056990290952,0.9727130763074481,0.9787207991260108,0.9799205108957095,30.8451462033145,40.205170943776984,41.857202699860785,-3.6838887296380562,0.535539315448222,-4.2194280450862784,3078.9530150077035,2909.2589478829213,2994.1059814453124,0.05667603891658756,0.12454678765912564,-0.4884057574232765,2640804.0,0.6156132753509916,-0.0037087591926079355,-0.12576958767240154,-0.030102188967919608,-0.2584398373297069,-0.002360998013236637,0.8615408687277308,0.008614963806733211,-0.06029231814827607,0
2025-09-25,-0.025696638302115993,-0.02603256418433789,0.026577432965341992,-0.021376604121856276,2953.79541015625,2935.9883633660293,2996.4953857421874,2967.2649154217847,2987.526745605469,2981.352435985629,2984.958740234375,3023.9652685944607,0.9665843881671704,0.9528105876224171,0.955670952066488,0.9564931303113078,21.212716696365035,33.00514737356508,36.57471095777538,-14.459816548790059,-2.4635318573994343,-11.996284691390624,3091.8329509877613,2883.2205402231766,2987.526745605469,0.0698277968796246,-0.13483383286358533,2.059800801370967,2911895.5,1.7082896690489064,-0.008816680237099916,-0.4884057574232765,-0.0037087591926079355,-0.12576958767240154,-0.030102188967919608,-0.2584398373297069,0.0012291355417441974,0.08885149761958022,0
2025-09-26,-0.019713353135873968,-0.019910253286240256,0.021903348577490014,-0.014246821606171346,2901.644189453125,2890.2619362544365,2973.8759033203123,2936.636582078051,2978.5677734375,2963.9673546566405,2978.5098193359377,3015.1356142194327,0.9645597114230411,0.9411317664285852,0.9396492861403672,0.9396675692864588,16.67251370740381,28.846867305543228,33.27860317364028,-27.227558450525066,-7.4163371760245616,-19.811221274500504,3111.4715263267103,2845.6640205482895,2978.5677734375,0.08924003950786663,-0.17627394824620993,-0.2090167963282118,3160642.4,1.2448849006138751,-0.025696638302115993,2.059800801370967,-0.008816680237099916,-0.4884057574232765,-0.0037087591926079355,-0.12576958767240154,-0.002360998013236637,0.8615408687277308,0
2025-09-29,-0.001034811646485334,-0.0010353474337149871,0.012188822084116641,-0.006824383519804505,2867.333642578125,2858.812238101916,2953.042431640625,2911.0504474814734,2968.1172485351562,2947.9621629557105,2972.4644482421877,3006.5386427518815,0.9750915625162362,0.9467906088445693,0.9419819392838108,0.9406043000616141,16.46100127020017,28.646859175349405,33.11734593490972,-37.15152858083184,-13.363375456986017,-23.78815312384582,3122.260672927856,2813.9738241424566,2968.1172485351562,0.10386612891978812,-0.05858499127270251,-0.20957491366418646,3298392.0,0.9428942951595808,-0.019713353135873968,-0.2090167963282118,-0.025696638302115993,2.059800801370967,-0.008816680237099916,-0.4884057574232765,-0.030102188967919608,-0.2584398373297069,0
2025-09-30,-0.0026587358657512716,-0.0026622765812304794,0.010455599014308854,-0.007763688648660236,2833.7375,2835.367908083569,2928.2025146484375,2888.7647748570007,2957.3481323242186,2932.7733139167735,2966.6430517578124,2997.9872939399206,0.9840287775585688,0.9522836054191635,0.9428985439923073,0.9399443072177589,15.858566828060859,28.108179444636633,32.6904436453935,-45.096332844395874,-19.70996693446799,-25.386365909927886,3129.0884325910606,2785.6078320573765,2957.3481323242186,0.11614479769202492,0.008359761759578274,-0.2754235884805155,3266394.9,0.6898914763796625,-0.001034811646485334,-0.20957491366418646,-0.019713353135873968,-0.2090167963282118,-0.025696638302115993,2.059800801370967,-0.0037087591926079355,-0.12576958767240154,1
2025-10-01,0.008932277592013982,0.008892620776035217,0.01997115920219237,0.008024887987504297,2810.336083984375,2828.0408449723795,2903.2370849609374,2875.0596737466367,2948.5001831054688,2921.4031619961283,2961.9318701171874,2990.7480556971786,1.001085505318389,0.9690516607560673,0.9541755279074928,0.9498485590212747,26.38958592551856,32.67629536232059,35.61060859496756,-48.820055526489796,-25.531984652872353,-23.288070873617443,3130.4584082510823,2766.541957959855,2948.5001831054688,0.12342425901019854,0.12872394406094292,-0.13337546118010635,3219858.0,0.6065180514171743,-0.0026587358657512716,-0.2754235884805155,-0.001034811646485334,-0.20957491366418646,-0.019713353135873968,-0.2090167963282118,-0.008816680237099916,-0.4884057574232765,0
2025-10-03,-0.004220717912546967,-0.004229650285272913,0.011337366363732337,-0.007558172933054144,2799.62001953125,2819.19796565867,2876.70771484375,2861.6874070711115,2939.145397949219,2909.9849758089968,2956.9561669921877,2983.3270420240046,1.000675872970903,0.9738605672642747,0.9531723775849938,0.9474310908980923,24.67207653299812,31.643963516376374,34.853680316471255,-52.12840265923933,-30.85126825414575,-21.277134405093577,3130.869456807534,2747.421339090904,2939.145397949219,0.13046245278786814,0.14106437205233444,0.4847232477615364,3246496.1,0.8931225883807469,0.008932277592013982,-0.13337546118010635,-0.0026587358657512716,-0.2754235884805155,-0.001034811646485334,-0.20957491366418646,-0.025696638302115993,2.059800801370967,1
2025-10-06,0.029808033015093605,0.02937240915793148,0.0327934691482021,0.02977253698957611,2816.862158203125,2841.138568902655,2859.253173828125,2865.9296558564774,2936.2539916992187,2907.6073376739137,2953.2741064453126,2979.4718550972057,1.0241962912487623,1.0090116544412198,0.9825511633348366,0.9768885892082528,50.89374124007306,44.84152080944621,43.69156214036852,-47.46478424558336,-34.17397145243327,-13.290812793150089,3129.4063893630887,2743.1015940353486,2936.2539916992187,0.13156382125654748,0.36737359481875786,-0.271336383724335,2967604.1,0.7119460442853546,-0.004220717912546967,0.4847232477615364,0.008932277592013982,-0.13337546118010635,-0.0026587358657512716,-0.2754235884805155,-0.019713353135873968,-0.2090167963282118,0
2025-10-07,-0.004918997911575351,-0.004931136002992881,0.016477788884076992,-0.007111869391694439,2831.845263671875,2851.0351689819786,2849.589453125,2866.8203309990495,2934.067346191406,2904.1045787659814,2949.908701171875,2975.2113262361636,1.0137659730101931,1.0074533248964455,0.9784466511537749,0.9731922781203926,47.608019623603504,43.311136374449745,42.658903261163225,-44.40212092439333,-36.219601346825286,-8.182519577568044,3129.133259954309,2739.0014324285034,2934.067346191406,0.13296621430050667,0.3379035685146755,0.4497258107114155,2910408.3,1.0524100690614442,0.029808033015093605,-0.271336383724335,-0.004220717912546967,0.4847232477615364,0.008932277592013982,-0.13337546118010635,-0.001034811646485334,-0.20957491366418646,1
2025-10-08,0.017991033695036185,0.01783111032435202,0.02477537037848013,0.017546202074579857,2858.644921875,2874.8492923421527,2846.1912109375,2876.939823374222,2932.995751953125,2905.854384508507,2947.8118359375,2973.1433345822948,1.0223296767986252,1.0268029526027074,0.996413832893,0.991405727948391,58.88008092795458,49.99946297890895,47.408954839391974,-37.37642960006997,-36.450966997474225,-0.9254626025957435,3128.069094270126,2737.922409636124,2932.995751953125,0.13301986011203643,0.4730403632662108,0.3457282750609463,3004823.1,1.37175762526586,-0.004918997911575351,0.4497258107114155,0.029808033015093605,-0.271336383724335,-0.004220717912546967,0.4847232477615364,-0.0026587358657512716,-0.2754235884805155,1
2025-10-09,0.011396630440848154,0.011332178079046339,0.015024333126566916,0.009129845475238981,2887.124365234375,2901.827506743727,2848.730224609375,2891.275116496523,2930.6642822265626,2910.6095798454944,2947.4720068359375,2972.4625738358077,1.0237812998772313,1.0375794485601666,1.0085713172514008,1.0028200195596972,64.60865673864708,53.786000473133825,50.202121027020425,-28.789107850349865,-34.91859516804936,6.129487317699493,3123.4646092753896,2737.8639551777355,2930.6642822265626,0.13157448856772339,0.5651442186453107,-0.22091448847846218,3163382.1,1.0151489445426147,0.017991033695036185,0.3457282750609463,-0.004918997911575351,0.4497258107114155,0.029808033015093605,-0.271336383724335,0.008932277592013982,-0.13337546118010635,0
2025-10-10,-0.010908828699291995,-0.01096876626879036,0.02083680501893069,-0.007114738089139439,2911.5298828125,2909.064936136443,2855.574951171875,2897.1414216647686,2926.0351684570314,2911.8410289003878,2946.9371728515625,2970.544033486242,1.0041249489418853,1.023800756384317,0.9991471826579336,0.9920604422295684,55.82469000768301,49.85012216686801,47.63063705076963,-24.30525037150528,-32.795926208740546,8.490675837235266,3114.8096272376947,2737.260709676368,2926.0351684570314,0.12903088849763114,0.4933905954458177,1.7457272808802902,3547682.5,2.4853872915628723,0.011396630440848154,-0.22091448847846218,0.017991033695036185,0.3457282750609463,-0.004918997911575351,0.4497258107114155,-0.004220717912546967,0.4847232477615364,0
2025-10-13,-0.006967620971974564,-0.006992008189591941,0.012403581216337108,-0.006541145962380247,2915.15986328125,2907.0998500024207,2866.0110107421874,2898.2374682228788,2919.94345703125,2911.015185932196,2946.041279296875,2967.9019018881295,0.9958869543664136,1.0129652910798013,0.9942554437975558,0.985447725439634,50.74026110661731,47.48602339667817,46.065440073610304,-22.14024032330508,-30.664789031653456,8.524548708348377,3103.336380604335,2736.5505334581653,2919.94345703125,0.12561402388219056,0.4542681937501517,-0.6748614807258178,3440905.4,0.8331716995183884,-0.010908828699291995,1.7457272808802902,0.011396630440848154,-0.22091448847846218,0.017991033695036185,0.3457282750609463,0.029808033015093605,-0.271336383724335,0
2025-10-14,-0.015595915126104365,-0.015718810866068897,0.024220501296906883,-0.02009266837864115,2912.572607421875,2890.697263282864,2872.208935546875,2890.9019448812187,2912.62568359375,2905.955843447582,2944.564208984375,2963.5877916118798,0.9812260413907666,0.9950153884956147,0.9812081607127535,0.970565383197903,41.045845955342386,42.64495229541663,42.78415036700817,-23.803584301621868,-29.29254808564714,5.488963784025273,3093.6433714318964,2731.607995755604,2912.62568359375,0.12429862776928968,0.34881700124537207,0.25970912477566954,3491043.5,1.0344803781448155,-0.006967620971974564,-0.6748614807258178,-0.010908828699291995,1.7457272808802902,0.011396630440848154,-0.22091448847846218,-0.004918997911575351,0.4497258107114155,1
2025-10-15,0.00695075297759451,0.00692670785097348,0.009663933833929305,-0.00040388797437729485,2903.62841796875,2886.383706120868,2881.136669921875,2888.511880684065,2904.6695922851563,2903.2702004332286,2944.137041015625,2960.22186220737,0.9910898288459465,0.998826824787492,0.9907345742318635,0.9774533425944564,46.297593620010005,45.28065041952654,44.60195614313269,-23.250875475819157,-28.084213563681544,4.833338087862387,3076.9183312275386,2732.420853342774,2904.6695922851563,0.11860126149967443,0.4218775108208954,0.18574708646137683,3693920.3,1.159263235863535,-0.015595915126104365,0.25970912477566954,-0.006967620971974564,-0.6748614807258178,-0.010908828699291995,1.7457272808802902,0.017991033695036185,0.3457282750609463,1
2025-10-16,0.00030303824687116787,0.0003029923400557476,0.010738177152884757,0.0002693857888926772,2888.19736328125,2883.7986914503704,2887.6608642578126,2886.7149318523034,2895.448974609375,2900.9233872595287,2942.348720703125,2957.0221288701937,0.9966869642312103,0.9968721388788295,0.994190775714751,0.9783438114777494,46.54150204522931,45.399276702597945,44.68296884409737,-22.48330739106359,-26.964032329157956,4.480724938094365,3051.810329709335,2739.087619509415,2895.448974609375,0.10800491148082107,0.44621333228646237,-0.24069981360161752,3823779.6,0.8503353592869213,0.00695075297759451,0.18574708646137683,-0.015595915126104365,0.25970912477566954,-0.006967620971974564,-0.6748614807258178,0.011396630440848154,-0.22091448847846218,0
2025-10-17,-0.002861368162788369,-0.0028654697025485374,0.011275453053451656,-0.0026262790667087523,2877.5677734375,2879.3297428679552,2894.548828125,2883.7470980069984,2885.628271484375,2898.015621397014,2940.5983984375,2953.6248628636417,0.997506252398079,0.9916543185635175,0.9947198930881653,0.9761250795852711,44.32320896588125,44.419766785426575,44.044198745151064,-22.28278433266769,-26.027782729859904,3.744998397192216,3020.964965447589,2750.2915775211613,2885.628271484375,0.09380050459070127,0.443709184349547,0.3454374064853245,3971296.0,1.101575656914015,0.00030303824687116787,-0.24069981360161752,0.00695075297759451,0.18574708646137683,-0.015595915126104365,0.25970912477566954,-0.010908828699291995,1.7457272808802902,1
2025-10-20,0.01789212924077943,0.017733949096109494,0.014758556885325248,0.009948066043166873,2881.28369140625,2893.469584438012,2898.22177734375,2890.6565833835666,2878.7374755859373,2900.2759686523577,2940.485361328125,2952.3748395191114,1.0140442873753002,1.0081179054060998,1.0149411998686797,0.9936282309048676,58.65724668583217,51.45294051036647,48.83298816137924,-17.774856153494966,-24.377197414586917,6.602341261091951,2989.8060297202233,2767.6689214516514,2878.7374755859373,0.07716476759429344,0.6936272256690442,-0.28382490799904814,4073322.5,0.7691605562780752,-0.002861368162788369,0.3454374064853245,0.00030303824687116787,-0.24069981360161752,0.00695075297759451,0.18574708646137683,-0.006967620971974564,-0.6748614807258178,0
2025-10-21,-0.002818971571721174,-0.0028229523549855714,0.011906758043539429,-0.008049930948582609,2892.407861328125,2900.1507027763832,2902.490234375,2894.8122844871223,2876.03984375,2901.536632538145,2939.9237646484376,2950.8508434380924,1.0072967157941928,1.003797671719126,1.0130294077060715,0.9910164931781927,55.96160760580236,50.352498616466434,48.139243574537275,-14.69747015239409,-22.441251962148353,7.743781809754264,2980.7988350496003,2771.2808524503994,2876.03984375,0.0728494714892459,0.6788538398387008,-0.9008489840056252,3798092.6,0.08178947506440469,0.01789212924077943,-0.28382490799904814,-0.002861368162788369,0.3454374064853245,0.00030303824687116787,-0.24069981360161752,-0.015595915126104365,0.25970912477566954,1
2025-10-23,0.022117190498978978,0.021876153014882355,0.020141840208004157,0.005957430825491081,2912.446875,2926.084355236339,2908.037646484375,2909.928534608782,2877.1144287109373,2908.81425421606,2940.8556103515625,2951.913620564295,1.0224913236078341,1.0240416466947726,1.035048043428183,1.0126140330297457,68.97545163937662,57.93297751132463,53.559119239552594,-6.978509438434685,-19.34870345740562,12.370194018970935,2985.528228301721,2768.7006291201537,2877.1144287109373,0.07536286948403183,0.9650571782648092,9.046705268581642,3942379.5,1.4115226603628594,-0.002818971571721174,-0.9008489840056252,0.01789212924077943,-0.28382490799904814,-0.002861368162788369,0.3454374064853245,0.00695075297759451,0.18574708646137683,0
2025-10-24,-0.003253894794834067,-0.0032592002224971104,0.010348639226031539,-0.005454561307832872,2930.373486328125,2940.1434764075593,2909.2854248046874,2920.534568089003,2879.0078247070314,2914.4759175050062,2941.508701171875,2952.5547224539305,1.0129294892267642,1.0202717455779615,1.031001615652799,1.0090949986200846,65.57576761431991,56.535077329443155,52.689679328390504,-1.6243502512052146,-15.803832816165539,14.179482564960324,2992.290831324947,2765.724818089116,2879.0078247070314,0.07869586573940143,0.8939421132421345,-0.5176217905612428,3889680.9,0.6901126516573635,0.022117190498978978,9.057062162095644,-0.002818971571721174,-0.9008489840056252,0.01789212924077943,-0.28382490799904814,0.00030303824687116787,-0.24069981360161752,1
2025-10-27,0.007084059878269544,0.007059085801959024,0.011021427299527204,0.0060002942585194695,2954.1529296875,2956.525338438373,2915.8603515625,2933.0353852546386,2885.7176513671875,2921.600978933101,2942.6866064453125,2953.995284808678,1.011893809714251,1.025182519765788,1.0358910412055533,1.015836703763362,69.39476822374101,58.855211460697426,54.37716830966899,4.266409869857853,-11.78978427896086,16.05619414881871,3008.0735033076485,2763.3617994267265,2885.7176513671875,0.0848009865985964,0.9232384863096328,-0.27493240368689553,3202575.6,0.6077333506194201,-0.003253894794834067,-0.5176217905612428,0.022117190498978978,9.051933429263538,-0.002818971571721174,-0.9008489840056252,-0.002861368162788369,0.3454374064853245,0
2025-10-28,-0.008752277009845044,-0.00879080314527131,0.016351091139928088,-0.005884297027389564,2962.428271484375,2958.7255511464155,2921.8559814453124,2938.506401856068,2893.93349609375,2925.5557406120915,2943.32580078125,2954.3533511519654,1.0002355179650564,1.0141245822447325,1.0239094922402836,1.0067271437555416,59.76943151284112,54.9265404342349,51.95605521850905,6.745973936988776,-8.082632635770935,14.82860657275971,3013.886586770467,2773.9804054170327,2893.93349609375,0.08289968711349496,0.7884147464579679,0.7832377337240894,3262962.8,1.0636765457454802,0.007084059878269544,-0.27493240368689553,-0.003253894794834067,-0.5176217905612428,0.022117190498978978,9.046731438639585,0.01789212924077943,-0.28382490799904814,0
2025-10-29,-9.804758422282678e-05,-9.805239120142374e-05,0.009778879313442434,-9.804267538977203e-05,2972.2927734375,2960.0955171705273,2932.3503173828126,2942.929865012919,2902.2796264648437,2929.106189050821,2944.227568359375,2954.6859824487024,0.9968181720511293,1.0103961425260901,1.0208649167370778,1.0063201231655283,59.66222196605977,54.882729837016406,51.92909666408687,8.588599170857378,-4.748386274445273,13.336985445302652,3016.9007348582886,2787.6585180713987,2902.2796264648437,0.07898695036016262,0.764156504864899,-0.1657621997863854,3191363.2,0.9072674648877319,-0.008752277009845044,0.7832377337240894,0.007084059878269544,-0.27493240368689553,-0.003253894794834067,-0.5176217905612428,-0.002818971571721174,-0.9008489840056252,0
2025-10-30,-0.007293313141790492,-0.007320039377910297,0.010213158337334336,-0.004525941551978772,2964.94775390625,2953.805865613685,2938.697314453125,2942.620173646934,2909.9169921875,2930.260510331695,2944.911474609375,2954.158162058557,0.9919994571995416,1.0008606698057796,1.0107596094309768,0.9987487188864094,51.62659149698435,51.58688830089099,49.906755391370865,8.210589810474175,-2.1565910574613834,10.36718086793556,3012.9604228772146,2806.8735614977854,2909.9169921875,0.07082224748428492,0.6519241454934652,-0.2258339031988451,2987294.2,0.7503566270774401,-9.804758422282678e-05,-0.1657621997863854,-0.008752277009845044,0.7832377337240894,0.007084059878269544,-0.27493240368689553,0.022117190498978978,9.047899768944687,1
2025-10-31,0.007478627512437663,0.007450801226535269,0.013832506438031375,0.007578253706754584,2963.939990234375,2956.9448772059986,2947.15673828125,2946.3661239639687,2917.408801269531,2933.3997855754023,2945.9387646484374,2954.513641993148,0.999758061956007,1.0054514108125598,1.0157036953824083,1.0058671062513582,58.29700237270158,54.57714013307704,51.90854700141835,9.575554276543244,0.1898380093395422,9.385716267203701,3012.7928933756457,2822.0247091634164,2917.408801269531,0.06538959645601093,0.7401558693357685,-0.16660495303220646,2848953.2,0.6557092619141655,-0.007293313141790492,-0.2258339031988451,-9.804758422282678e-05,-0.1657621997863854,-0.008752277009845044,0.7832377337240894,-0.003253894794834067,-0.5176217905612428,0
2025-11-03,-0.013472780450379584,-0.013564361857930429,0.015910898708267226,-0.009878845541486849,2950.7421875,2945.7299344133744,2952.44755859375,2942.172292121088,2923.498193359375,2932.4379058851855,2944.5766162109376,2953.289579516089,0.9906999199089213,0.9901276790909344,0.9999322234808627,0.9927743203332943,45.12196486423021,48.698024928750684,48.2351819165146,7.351118855782261,1.622094178628086,5.729024677154174,3002.6836686131423,2844.3127181056075,2923.498193359375,0.054171728536473535,0.49874885810424885,0.1749342240850924,2630972.6,0.8342454801695768,0.007478627512437663,-0.16660495303220646,-0.007293313141790492,-0.2258339031988451,-9.804758422282678e-05,-0.1657621997863854,0.007084059878269544,-0.27493240368689553,0
2025-11-04,-0.008817390782921097,-0.008856494001632423,0.01782491127632998,-0.009736437121986751,2937.621826171875,2929.6613462495416,2950.025048828125,2934.054451721231,2924.1234130859375,2929.112788174394,2942.6217138671873,2951.102700708473,0.9863503001329982,0.9822032430107313,0.9909035155475906,0.9846743658103286,38.558095494939934,45.30473184333852,46.02707632180257,3.4683586691512573,1.9913470767327204,1.477011592418537,3002.2744728431144,2845.9723533287606,2924.1234130859375,0.05345264116243379,0.32982160928649595,0.2167971143713292,2584740.7,1.0332641877771336,-0.013472780450379584,0.1749342240850924,0.007478627512437663,-0.16660495303220646,-0.007293313141790492,-0.2258339031988451,-0.008752277009845044,0.7832377337240894,1
2025-11-06,0.006922582326523319,0.006898731264185042,0.011292304992780921,0.006956223540410384,2928.571240234375,2925.635070676778,2950.4320068359375,2931.0595549594163,2926.4611206054688,2928.014667351237,2942.006357421875,2949.7881837995624,0.9962477536649422,0.9888662110400858,0.9969660963503996,0.9916982375551262,45.72600071970217,48.322447778636246,47.97312919644207,1.9868809000981855,1.9904538414058135,-0.003572941307627975,3000.799623087389,2852.1226181235484,2926.4611206054688,0.05080436706197563,0.44028262086407993,-0.047926776300023954,2807948.4,0.9055440619920224,-0.008817390782921097,0.2167971143713292,-0.013472780450379584,0.1749342240850924,0.007478627512437663,-0.16660495303220646,-9.804758422282678e-05,-0.1657621997863854,0
2025-11-07,-0.006343460119972333,-0.006363665355847293,0.01453974172406298,-0.003065628514453463,2920.14091796875,2916.781697508477,2942.5443359375,2925.2441724525906,2925.2909912109376,2925.258503905584,2939.348759765625,2947.799429578869,0.992785975955048,0.9852272795910905,0.9910381428316606,0.9862983906009979,40.624305706889295,45.810928350902984,46.35389960405845,-0.6728507926445673,1.4577929145957376,-2.1306437072403046,3000.5742085367265,2850.0077738851487,2925.2909912109376,0.05147058364585128,0.32588390234697057,-0.2800940409899474,2434524.6,0.7519003915589927,0.006922582326523319,-0.047926776300023954,-0.008817390782921097,0.2167971143713292,-0.013472780450379584,0.1749342240850924,-0.007293313141790492,-0.2258339031988451,1
2025-11-10,0.011163734121479862,0.011101879567834249,0.018478085166600614,0.010758420037378872,2913.784228515625,2921.667616047318,2938.862109375,2926.370587120301,2924.073767089844,2925.847165736004,2937.0179443359375,2947.157861874796,1.0060592079662567,0.9974743094525186,1.002518980922457,0.9981006274674978,51.63363946487556,50.64206019697107,49.48461043857163,-0.16723471756176878,1.1327873881642365,-1.3000221057260053,2998.1226229797553,2850.0249111999324,2924.073767089844,0.05064773448831824,0.5497353129000854,-0.14960994690033436,2321758.4,0.6704642481319332,-0.006343460119972333,-0.2800940409899474,0.006922582326523319,-0.047926776300023954,-0.008817390782921097,0.2167971143713292,0.007478627512437663,-0.16660495303220646,1
2025-11-11,0.007206190697962578,0.007180350172679934,0.012372809705242979,0.0006568144499178334,2919.63701171875,2931.966398979462,2935.189599609375,2931.133019433655,2925.5249755859377,2928.3916227938844,2936.3356787109374,2947.369865912794,1.0112777557596506,1.0059193331962908,1.009242440069204,1.0055267135329489,57.61776545069314,53.552773303563136,51.42730295454575,1.9159552757228084,1.289420965675951,0.6265343100468574,3000.605534205093,2850.4444169667822,2925.5249755859377,0.05132792182306902,0.6800665162533421,0.8031395504209022,2407814.0,1.165732901295532,0.011163734121479862,-0.14960994690033436,-0.006343460119972333,-0.2800940409899474,0.006922582326523319,-0.047926776300023954,-0.013472780450379584,0.1749342240850924,1
2025-11-12,0.027830601415513634,0.027450368839237838,0.02532083895878764,0.023464068244485246,2947.079296875,2966.2227978873498,2942.3505615234376,2949.9698514826496,2932.103271484375,2938.5196202138122,2937.4706201171875,2950.7959729633953,1.0297434476639542,1.0313983776738873,1.035002970467269,1.0331118122236937,72.85776474046523,62.75393537536878,58.02110479738009,10.081251831600184,3.047787138860798,7.033464692739386,3020.134143431235,2844.072399537515,2932.103271484375,0.06004622879622811,1.0829337023987695,0.5890718765542233,2506771.8,1.779306357283898,0.007206190697962578,0.8031395504209022,0.011163734121479862,-0.14960994690033436,-0.006343460119972333,-0.2800940409899474,-0.008817390782921097,0.2167971143713292,0
2025-11-13,-0.00833392530190602,-0.008368846613793286,0.009627427895108667,-0.008333896560866446,2965.45166015625,2980.6299772374,2947.0114501953126,2960.7833941108042,2939.6808837890626,2945.27435504464,2937.5610400390624,2953.0959087663014,1.0148350675791937,1.0211851520760293,1.023731641258461,1.0244704007571812,64.52609876960466,58.88726195241551,55.58261736681723,14.346141495709617,5.307458010230562,9.038683485479055,3026.942683775154,2852.4190838029713,2939.6808837890626,0.0593682126977105,0.8997364950044408,-0.6097954965064127,2391273.3,0.7278277225777581,0.027830601415513634,0.5890718765542233,0.007206190697962578,0.8031395504209022,0.011163734121479862,-0.14960994690033436,0.006922582326523319,-0.047926776300023954,1
2025-11-14,9.670078343848587e-05,9.669610821912288e-05,0.011526094278211526,0.005177993527508152,2987.583740234375,2990.3317686791,2953.8623291015624,2969.6837500111124,2946.279821777344,2951.4134975701504,2937.678515625,2955.3170633857603,1.007414557466559,1.0189152425658008,1.0215375095454704,1.0245284960741083,64.58047278449004,58.918628880328995,55.60515987146531,17.547305396413776,7.755427487467205,9.79187790894657,3033.7729067028217,2858.786736851866,2946.279821777344,0.059392243926578346,0.8626316859166888,0.2702537009425805,2388199.1,0.925715950567103,-0.00833392530190602,-0.6097954965064127,0.027830601415513634,0.5890718765542233,0.007206190697962578,0.8031395504209022,-0.006343460119972333,-0.2800940409899474,0
2025-11-17,-0.0012234873225525078,-0.0012242363942155218,0.011894753054138426,-0.0012234542266983258,3002.5064453125,2995.572171957942,2958.1453369140627,2976.296337011933,2952.6510375976563,2956.6172576601957,2937.9926611328124,2957.306707116343,1.0011811908709345,1.0161951615438678,1.0180860996568757,1.0231655845445748,63.15149862424168,58.31237784253883,55.23272831194255,19.56161994283957,10.116665978541679,9.444953964297891,3038.0436632632745,2867.258411932038,2952.6510375976563,0.057841326034312246,0.8126847342010587,0.009977863156856781,2424675.9,0.9208871998109108,9.670078343848587e-05,0.2702537009425805,-0.00833392530190602,-0.6097954965064127,0.027830601415513634,0.5890718765542233,0.011163734121479862,-0.14960994690033436,0
2025-11-18,-0.004867457773390704,-0.004879342427028742,0.0087460720889805,-0.004803321193987768,3010.277880859375,2994.1884954980032,2964.9574462890623,2979.0463016603317,2958.702502441406,2959.931913366665,2938.04892578125,2958.6445281148444,0.9937358811951718,1.008925489410374,1.0110584420399553,1.0181658706662562,57.27638114279017,55.85312564232535,53.73125134064374,19.749650182855476,12.043262819404438,7.706387363451038,3036.758436801702,2880.64656808111,2958.702502441406,0.05276362479559005,0.7095845780648402,0.14129770298358202,2460023.2,1.0359048646370488,-0.0012234873225525078,0.009977863156856781,9.670078343848587e-05,0.2702537009425805,-0.00833392530190602,-0.6097954965064127,0.007206190697962578,0.8031395504209022,1
2025-11-19,0.019630027631913904,0.019439843490164282,0.022714998605054708,0.01637066553822247,3013.359326171875,3012.839937753877,2980.2193115234377,2991.9729417703848,2965.122180175781,2968.523428499899,2940.19482421875,2962.232696512914,1.012206807125282,1.0234625386366092,1.0286735712471733,1.0373948002156932,70.23970898521677,62.65937996083936,58.48676764902428,24.356250600300427,14.505860375583637,9.85039022471679,3050.7202989900675,2879.5240613614947,2965.122180175781,0.0577366554313198,0.9966268141610952,0.23650715168638525,2508056.5,1.2563724142578128,-0.004867457773390704,0.14129770298358202,-0.0012234873225525078,0.009977863156856781,9.670078343848587e-05,0.2702537009425805,0.027830601415513634,0.5890718765542233,0
2025-11-20,-0.0009212875453690206,-0.0009217121915738533,0.008394779297204478,-0.0010165029135561696,3020.93701171875,3024.33754639321,2993.1943359375,3002.0383639342917,2971.8131713867188,2976.029079468659,2942.85025390625,2965.5699540485593,1.008737604210459,1.0180871743222173,1.0254119582658412,1.035503848565498,69.06967207552404,62.165457319842695,58.186273052557354,27.463682143807546,17.097424729228422,10.366257414579124,3061.0710772167627,2882.555265556675,2971.8131713867188,0.06006966163918982,0.9230414750540596,-0.14290016702353148,2523861.1,1.0700933581487506,0.019630027631913904,0.23650715168638525,-0.004867457773390704,0.14129770298358202,-0.0012234873225525078,0.009977863156856781,-0.00833392530190602,-0.6097954965064127,1
2025-11-21,0.001844354313754959,0.001842655580727306,0.011045530295645341,0.0018443299217977837,3029.58056640625,3033.8760725954735,3008.5821533203125,3011.295593218966,2975.5632446289064,2983.3551790430724,2945.0311279296875,2968.9967450662625,1.0077147836413127,1.0147481336451853,1.0260084810869967,1.0366454520792043,70.22694529909566,62.79711675140209,58.63262269831569,30.033650984482392,19.684669980279217,10.348981004203175,3071.5836787118465,2879.5428105459664,2975.5632446289064,0.06453933335563505,0.9029865158922639,0.5466113885425881,2758512.8,1.5142351342361,-0.0009212875453690206,-0.14290016702353148,0.019630027631913904,0.23650715168638525,-0.004867457773390704,0.14129770298358202,9.670078343848587e-05,0.2702537009425805,0
2025-11-24,-0.00298363137126445,-0.00298809127268798,0.01524891859427166,-0.0053198381343018105,3037.138818359375,3037.1987944907323,3019.8226318359375,3017.2135286848356,2979.3423706054687,2989.1160418276604,2945.85974609375,2971.931940878615,1.0022078081783228,1.0079546415051233,1.0216496997163416,1.0332617641818926,65.58695869206875,61.01905944950474,57.58653610822225,30.97826066859261,21.943388117941897,9.034872550650714,3079.7644446314885,2878.920296579449,2979.3423706054687,0.0674122417193777,0.821153831472693,0.6049089342517195,3273223.6,2.0480617333933435,0.001844354313754959,0.5466113885425881,-0.0009212875453690206,-0.14290016702353148,0.019630027631913904,0.23650715168638525,-0.0012234873225525078,0.009977863156856781,0
2025-11-25,-0.007003681386276384,-0.007028322281476516,0.011156722676611589,-0.008298126490658352,3043.359814453125,3032.3079040094467,3026.81884765625,3018.179454932479,2981.0042236328127,2992.2979543247284,2945.9878271484376,2973.916026453841,0.9931543778335675,0.9985817702262892,1.0139288294477695,1.0259805200799226,55.56320215966694,56.95459783650376,55.1678090992446,29.6647204802548,23.48765459040448,6.177065889850322,3083.1155642801896,2878.892882985436,2981.0042236328127,0.06850801474070943,0.7033167871013011,-0.5915846679566883,3266328.8,0.8382254719733053,-0.00298363137126445,0.6049089342517195,0.001844354313754959,0.5466113885425881,-0.0009212875453690206,-0.14290016702353148,-0.004867457773390704,0.14129770298358202,1
2025-11-26,0.01400995632808244,0.013912723984773319,0.019286098796486836,0.014140006677310267,3046.30556640625,3043.162463350048,3029.8324462890623,3026.668932586801,2986.09150390625,2999.209728392016,2946.7851806640624,2977.482910986288,1.0060946005646119,1.0115647107103574,1.0263823389276396,1.0400729588780464,67.18533470898609,62.32312455629987,58.778857129339535,31.675519391504622,25.12522755062451,6.550291840880114,3094.100876757718,2878.082131054782,2986.09150390625,0.07234163635653881,0.8646909339680009,-0.08378367519869101,3071150.0,0.8168038031356333,-0.007003681386276384,-0.5915846679566883,-0.00298363137126445,0.6049089342517195,0.001844354313754959,0.5466113885425881,0.019630027631913904,0.23650715168638525,0
2025-11-27,-0.008315069150053866,-0.00834983217630847,0.017534909866609286,-0.013647768032625828,3044.71640625,3041.903963196907,3032.826708984375,3028.9813017329507,2989.919079589844,3003.036131677598,2947.48796875,2979.9105208648893,0.998249609274468,1.0021630823438794,1.0165448903411685,1.0311787512332402,56.761753292960364,57.662165539532026,55.932008853138626,30.85699599290092,26.271581239079794,4.5854147538211265,3099.7705049563738,2880.067654223314,2989.919079589844,0.07348120296392718,0.7251581312473949,0.1306368239209703,3180729.8,0.8916925291799386,0.01400995632808244,-0.08378367519869101,-0.007003681386276384,-0.5915846679566883,-0.00298363137126445,0.6049089342517195,-0.0009212875453690206,-0.14290016702353148,1
2025-11-28,0.0002869230944093637,0.0002868819398502517,0.007107585283864507,-0.0007961783439491169,3042.177587890625,3041.35565319898,3035.8790771484373,3031.0317983638915,2994.870703125,3006.581169918124,2947.5555810546875,2982.2771291918793,0.9993693482276851,1.0014427307357716,1.015155355465184,1.0314509598204986,57.027917116572496,57.778529223354866,56.008563926590746,29.93362291644098,27.003989574552033,2.929633341888948,3104.42384682417,2885.31755942583,2994.870703125,0.07316051646894588,0.7071521115028886,-0.4299868875370959,3121319.4,0.5179508383538064,-0.008315069150053866,0.1306368239209703,0.01400995632808244,-0.08378367519869101,-0.007003681386276384,-0.5915846679566883,0.001844354313754959,0.5466113885425881,0
2025-12-01,-0.0013067637813871658,-0.0013076183417308031,0.01014873613940528,-0.0014340801619066963,3040.665966796875,3039.6658130701535,3038.902392578125,3031.987131900002,2998.5238647460938,3009.4102140033024,2947.0204833984376,2984.3951293338646,0.9985595806865333,0.9991390773945177,1.0125936193172849,1.030290135381456,55.221201625656526,57.009789861450585,55.546973704962724,28.552132037153115,27.31361806707225,1.238513970080863,3108.4840385123666,2888.563690979821,2998.5238647460938,0.07334287050977598,0.6717088413604742,0.08100316077912284,3072798.8,0.5687476186205228,0.0002869230944093637,-0.4299868875370959,-0.008315069150053866,0.1306368239209703,0.01400995632808244,-0.08378367519869101,-0.00298363137126445,0.6049089342517195,1
2025-12-02,0.000734041413797959,0.0007337721371647833,0.007526261448398474,0.0015011022586633015,3043.863720703125,3039.2821729061443,3043.611767578125,3033.173997477843,3004.2846069335938,3012.1820881532853,2946.4546630859377,2986.5174729905025,0.9982427504593522,0.99832538595944,1.0113938225311714,1.03124440726869,56.13083010152017,57.3525935823899,55.76172964392248,27.322179767879334,27.315330407233667,0.006849360645666991,3109.862195358722,2898.7070185084654,3004.2846069335938,0.07028467821022395,0.6621096207781165,0.43736292283281464,3069164.1,0.8184648712657625,-0.0013067637813871658,0.08100316077912284,0.0002869230944093637,-0.4299868875370959,-0.008315069150053866,0.1306368239209703,-0.007003681386276384,-0.5915846679566883,1
2025-12-03,0.014127545636637429,0.01402868191028166,0.022924497592374304,0.012738853503184653,3047.177734375,3053.335332067638,3046.741650390625,3041.949934371076,3013.4804809570314,3018.778236937794,2946.8921923828125,2990.239989751292,1.0112444757091443,1.0113892164094553,1.02255238414951,1.0456580862902276,69.87960265863978,63.40522888902431,59.69915332380618,29.47153482664862,27.74657129111666,1.7249635355319626,3112.0677746122756,2914.8931873017873,3013.4804809570314,0.06543084933069448,0.8446750940909844,0.5732911147001019,3149270.0,1.2549295551032462,0.000734041413797959,0.43736292283281464,-0.0013067637813871658,0.08100316077912284,0.0002869230944093637,-0.4299868875370959,0.01400995632808244,-0.08378367519869101,1
2025-12-04,0.015471670158700324,0.015353204218044397,0.019385636876877898,0.01102064845706789,3065.123681640625,3078.5957877846754,3054.9200439453125,3057.7984370706527,3024.0571899414062,3029.286661916933,2950.12521484375,2995.686135220604,1.0208777929456578,1.0242875931959303,1.0347412441890291,1.0606725041616514,78.57850044851244,68.71562698346587,63.4887506224773,34.62278231679829,29.12181349625299,5.500968820545303,3124.591017940517,2923.5233619422957,3024.0571899414062,0.06648936953540785,1.0225082510449777,0.271701055030829,3381783.8,1.4861698136941812,0.014127545636637429,0.5732911147001019,0.000734041413797959,0.43736292283281464,-0.0013067637813871658,0.08100316077912284,-0.008315069150053866,0.1306368239209703,1
2025-12-05,0.0027871096684977115,0.002783232880031443,0.015193686632814264,0.00253868457333579,3084.639453125,3098.3431553981172,3063.4085205078127,3072.351064989625,3035.9953369140626,3039.6248741748445,2953.7527734375,3001.2607138639137,1.01724624167862,1.0242962600707428,1.0335450296885025,1.0623224525907993,79.822182002519,69.58511495522484,64.13649784544316,38.959805934744054,31.089411983951205,7.870393950792849,3130.8745797843167,2941.1160940438085,3035.9953369140626,0.06250289103980909,1.0366956492802413,0.043396761379293824,3488481.4,1.503236623248156,0.015471670158700324,0.271701055030829,0.014127545636637429,0.5732911147001019,0.000734041413797959,0.43736292283281464,0.0002869230944093637,-0.4299868875370959,0
2025-12-08,-0.000524952803265033,-0.000525090639228222,0.015850395392399234,-0.0020043169904409765,3104.620361328125,3110.9589948747866,3072.6431640625,3083.9582665966245,3046.2328979492186,3048.8216169989664,2957.8687109375,3006.5520848429023,1.010168815773177,1.0206817083444228,1.0295308267268297,1.060287315062779,78.8138957343846,69.19394647597393,63.911632247677865,41.78237060962647,33.22800370908626,8.55436690054021,3137.90772898108,2954.5580669173573,3046.2328979492186,0.060188983641781595,0.9906350787144726,-0.5147370916128545,3072577.5,0.8282053097114719,0.0027871096684977115,0.043396761379293824,0.015471670158700324,0.271701055030829,0.014127545636637429,0.5732911147001019,-0.0013067637813871658,0.08100316077912284,0
2025-12-09,-0.00871317299137453,-0.008751354633793304,0.016363806128163166,-0.0067182511368033505,3118.690283203125,3110.2608305675667,3081.277001953125,3088.4866730250787,3054.0479248046877,3054.539986994601,2962.944150390625,3010.5643364942835,0.9968493885709265,1.0089532683957052,1.0179488267696202,1.0492484313426098,63.3310218665863,62.87905058517863,60.23313387543344,41.33776374539275,34.84995571634756,6.4878080290451905,3138.8402937060837,2969.2555559032917,3054.0479248046877,0.05552785744632258,0.8232400383351881,0.0747302753735668,3072274.8,0.8901850186057576,-0.000524952803265033,-0.5147370916128545,0.0027871096684977115,0.043396761379293824,0.015471670158700324,0.271701055030829,0.000734041413797959,0.43736292283281464,0
2025-12-10,-0.005953238710909581,-0.005971029881683354,0.01470585195717071,-0.011100790334302325,3120.473291015625,3103.626116862753,3083.8255126953127,3088.826676011996,3056.8289794921875,3057.9511015144603,2968.7751025390626,3013.6934483750224,0.9903487071499023,1.0021178814206333,1.0109681340323158,1.040953451411688,54.82120111313196,58.95461775269209,57.864654444293286,39.041932712213566,35.68835111552076,3.3535815966928055,3142.5487603493775,2971.1091986349975,3056.8289794921875,0.056084119479546495,0.6955657703838218,-0.49290557253976663,2960107.0,0.4685131314509915,-0.00871317299137453,0.0747302753735668,-0.000524952803265033,-0.5147370916128545,0.0027871096684977115,0.043396761379293824,0.014127545636637429,0.5732911147001019,1
2025-12-11,0.0008465724835029498,0.0008462143431316402,0.017325043509946597,-0.004087393964508535,3113.24453125,3100.0750447053774,3089.1841064453124,3089.5805349899283,3061.005407714844,3061.286510931238,2974.7163037109376,3016.8024464932814,0.9934885838051289,1.0012264707491558,1.0104434616793592,1.039753907467466,55.8006554673965,59.34092316056887,58.10914402589242,37.00698297226245,35.9520774868691,1.0549054853933484,3145.2094832339667,2976.801332195721,3061.005407714844,0.055017266749609814,0.6898215287009553,0.38036801410968324,2867919.9,0.6675088798679489,-0.005953238710909581,-0.49290557253976663,-0.00871317299137453,0.0747302753735668,-0.000524952803265033,-0.5147370916128545,0.015471670158700324,0.271701055030829,1
2025-12-12,0.008960189416265196,0.00892028510870838,0.011582067637983142,0.007130140155823395,3109.8142578125,3106.945537616085,3097.22685546875,3095.236169253123,3066.5529663085936,3066.9436549794536,2981.36044921875,3020.876331863643,1.0034961141481962,1.007574410614233,1.0176529013924291,1.0467323816062764,65.14047227128992,63.283113278083306,60.6488369981143,37.2016904792049,36.20200008533626,0.9996903938686401,3151.1335083489057,2981.9724242682814,3066.5529663085936,0.055163268314342644,0.8200118834844171,-0.4010777480957102,2820906.3,0.4064488068958547,0.0008465724835029498,0.38036801410968324,-0.005953238710909581,-0.49290557253976663,-0.00871317299137453,0.0747302753735668,0.0027871096684977115,0.043396761379293824,1
2025-12-15,0.003011891726799165,0.003007365067838982,0.012661724649247176,0.0059480716685120175,3108.59326171875,3114.6589228638486,3106.6068115234375,3101.5724463633505,3072.754602050781,3072.9571824442082,2987.6944287109377,3025.159051922299,1.0069138770598576,1.0075577256023667,1.0186578815211376,1.0476592463004568,67.83023174825948,64.53889231041367,61.480463891939024,37.68007953990218,36.49761597624944,1.182463563652739,3156.8691592036885,2988.640044897874,3072.754602050781,0.05474863309733135,0.840791732424952,0.3625088744184748,2802360.6,0.5574550255952071,0.008960189416265196,-0.4010777480957102,0.0008465724835029498,0.38036801410968324,-0.005953238710909581,-0.49290557253976663,-0.000524952803265033,-0.5147370916128545,0
2025-12-16,-0.007770323156119918,-0.007800669419492496,0.009016848604785655,-0.004627298864518666,3107.97314453125,3111.6939205811077,3113.3317138671873,3102.3345317546728,3078.4717407226562,3076.0816332605336,2993.779462890625,3028.3200269847825,0.9992891738722027,0.9975692285477149,1.008865494827171,1.0374057122487153,55.015019211648635,58.92295339487828,58.141932078211745,35.685284405734365,36.33514966214643,-0.6498652564120633,3154.8877904922147,3002.055690953098,3078.4717407226562,0.04964544501657184,0.6785761981630267,0.11037901919740878,2724622.6,0.6366470717816112,0.003011891726799165,0.3625088744184748,0.008960189416265196,-0.4010777480957102,0.0008465724835029498,0.38036801410968324,-0.00871317299137453,0.0747302753735668,1
2025-12-17,0.003962437846905864,0.003954608066590495,0.011312046053640395,0.0054054206618107245,3113.515869140625,3113.819384554072,3116.994580078125,3105.1955827992774,3081.868115234375,3080.0805550928635,2998.4404736328124,3031.839646024595,1.0014627975416845,1.0003451184768655,1.0117468353323327,1.0398973532805365,59.52871130719493,60.782475406603176,59.31566818510593,34.69744765942005,36.007609261601154,-1.310161602181104,3158.980857866577,3004.7553726021733,3081.868115234375,0.05004285696134498,0.734735505636827,-0.206542286133644,2467046.4,0.5578938442341417,-0.007770323156119918,0.11037901919740878,0.003011891726799165,0.3625088744184748,0.008960189416265196,-0.4010777480957102,-0.005953238710909581,-0.49290557253976663,1
2025-12-18,0.01957857173281763,0.019389376952191437,0.020360902168355302,0.016356892449852955,3130.74482421875,3135.585481629798,3121.994677734375,3118.635963341454,3088.4573608398437,3089.5126618250906,3004.606259765625,3037.6152550346596,1.015450908419076,1.0182969556143924,1.0293545626016845,1.0580812928311072,74.39650315480316,68.41974946491281,64.50054329558915,38.39796411526231,36.48568023233339,1.912283882928925,3174.6296287075647,3002.2850929721226,3088.4573608398437,0.05580278941865544,1.0260411335615227,0.6764790932538962,2195198.1,1.0511224476734013,0.003962437846905864,-0.206542286133644,-0.007770323156119918,0.11037901919740878,0.003011891726799165,0.3625088744184748,0.0008465724835029498,0.38036801410968324,1
2025-12-19,0.0003657750091270451,0.00036570812975643207,0.011913422765272729,-0.005153076689905958,3142.663623046875,3150.4838269459074,3126.2389404296873,3129.8440641117577,3094.82373046875,3098.1572195158556,3009.7623193359377,3043.2099712128347,1.0119697489274337,1.0172864512848176,1.0276128124093296,1.0566550378901047,74.60383598412662,68.5454047341515,64.59079808811111,40.95240781671009,37.37902574920873,3.5733820675013632,3188.0853269091986,3001.5621340283014,3094.82373046875,0.06026940760617918,0.9581563600186854,0.6912862059909284,2061047.9,1.8934596328401685,0.01957857173281763,0.6764790932538962,0.003962437846905864,-0.206542286133644,-0.007770323156119918,0.11037901919740878,0.008960189416265196,-0.4010777480957102,1
2025-12-22,0.013071195490337306,0.012986504623486083,0.011308640488619069,0.004501481070619334,3161.0166015625,3174.2727466097717,3134.804931640625,3146.572522625529,3103.7240478515623,3109.9375401274406,3015.08365234375,3050.215485515763,1.0192450695592454,1.0277674867160933,1.0380596136334048,1.0685775114176421,81.01554516203538,72.72366874820796,67.67560752697952,45.80318930016756,39.0638584594005,6.73933084076706,3209.0247859775523,2998.4233097255724,3103.7240478515623,0.0678544461443861,1.0609008074786805,-0.32535334301427976,2069857.0,1.2719796584981475,0.0003657750091270451,0.6912862059909284,0.01957857173281763,0.6764790932538962,0.003962437846905864,-0.206542286133644,0.003011891726799165,0.3625088744184748,0
2025-12-23,-0.004481271833109757,-0.0044913428302440885,0.007975801312311091,-0.0029819882029457397,3181.346337890625,3185.3193636252645,3144.6597412109377,3157.6343544492966,3112.968371582031,3119.220878939708,3020.7611083984375,3056.380078148723,1.0081934681097653,1.0199553724757349,1.0303389610175262,1.0617895565256308,73.49677654312492,69.28144313164375,65.5917098040409,47.92993710323071,40.83707418816655,7.092862915064167,3220.5697555812417,3005.3669875828205,3112.968371582031,0.06913104866820531,0.9388615767010571,-0.10156273738840849,2032909.7,1.1635637333030582,0.013071195490337306,-0.32535334301427976,0.0003657750091270451,0.6912862059909284,0.01957857173281763,0.6764790932538962,-0.007770323156119918,0.11037901919740878,1
2025-12-24,0.0027190737520401687,0.0027153837584021068,0.009340162699608407,0.004509519053105976,3200.959033203125,3195.5908387710097,3157.237451171875,3168.2706152880605,3120.5314819335936,3128.4506799037836,3027.020390625,3062.6449295571065,1.004740690431202,1.0186543897319995,1.030636546268608,1.0624750989531502,75.1237455314611,70.1990311875872,66.25083170724375,49.74568997161987,42.618797344857214,7.126892626762654,3234.615730300979,3006.447233566208,3120.5314819335936,0.07311847294467595,0.9189987158483015,-0.42179063337589096,2030995.6,0.6734175101117895,-0.004481271833109757,-0.10156273738840849,0.013071195490337306,-0.32535334301427976,0.0003657750091270451,0.6912862059909284,0.003962437846905864,-0.206542286133644,0
2025-12-26,-0.01175052477423244,-0.01182010781912589,0.014695107064596048,-0.009990672385559889,3200.80400390625,3189.841402279632,3165.7744140625,3170.101872380572,3127.4792602539064,3133.2022846078876,3033.4293994140626,3067.182090331215,0.9929825523268645,1.0039699970972495,1.0162633433543022,1.047772046354797,57.33132932521845,61.610794818646966,60.939466666587414,47.58669853424999,43.612377582735775,3.9743209515142155,3237.8135979575572,3017.1449225502556,3127.4792602539064,0.07055799800552043,0.7304960998614195,-0.13968186191789478,1957225.8,0.6011897043253772,0.0027190737520401687,-0.42179063337589096,-0.004481271833109757,-0.10156273738840849,0.013071195490337306,-0.32535334301427976,0.01957857173281763,0.6764790932538962,0
2025-12-29,-0.008689102293038431,-0.00872707265461295,0.013870551332077489,-0.008689024390243934,3194.893017578125,3176.802796832255,3168.7783203125,3166.5789112091043,3133.002587890625,3134.8711704488032,3038.888779296875,3070.458305845187,0.9861756148335427,0.994302935532196,1.0056568730952782,1.0368018755416581,47.699614879502775,56.19980630157282,57.407956637117096,43.14982145881868,43.51986635795235,-0.3700448991336742,3236.1444427022025,3029.8607330790473,3133.002587890625,0.06584217658180773,0.5859156453956154,0.7672615122073931,2050517.7,1.0141209705236878,-0.01175052477423244,-0.13968186191789478,0.0027190737520401687,-0.42179063337589096,-0.004481271833109757,-0.10156273738840849,0.0003657750091270451,0.6912862059909284,0
2025-12-30,-0.0014453670920915318,-0.0014464126426980495,0.008623875686495041,-0.0009846003605768804,3179.7572265625,3166.5924081746284,3170.3869140625,3162.8684966000624,3138.496862792969,3135.9474047736194,3044.239638671875,3073.4274558457437,0.9894376855495245,0.9923620416499588,1.0024453642625522,1.033483563807733,46.206229016942125,55.33676538343699,56.83766051204353,38.818621391108536,42.57961736458359,-3.7609959734750547,3231.6707013375362,3045.3230242484015,3138.496862792969,0.059374817065549895,0.5411852092083504,0.3501464072868463,2175058.0,1.290812934643582,-0.008689102293038431,0.7672615122073931,-0.01175052477423244,-0.13968186191789478,0.0027190737520401687,-0.42179063337589096,0.013071195490337306,-0.32535334301427976,0
2025-12-31,-0.012504656926251023,-0.01258349809266447,0.014815046074290742,-0.010432113835841009,3159.640673828125,3146.671550111211,3170.493505859375,3152.6796488517557,3141.9126098632814,3133.1743027936914,3048.9683984375,3074.737353027651,0.9832858083258671,0.9799199488163771,0.9888339428128038,1.0189773811944154,35.12310284074154,48.41904616316203,52.13928075937037,31.84447661422928,40.43258921451273,-8.588112600283452,3224.5925720430027,3059.23264768356,3141.9126098632814,0.05263033855249022,0.2878399133598595,0.19769282798468302,2337859.1,1.4383390342044138,-0.0014453670920915318,0.3501464072868463,-0.008689102293038431,0.7672615122073931,-0.01175052477423244,-0.13968186191789478,-0.004481271833109757,-0.10156273738840849,1
2026-01-01,0.006612117723560518,0.006590353558635267,0.011123550712852332,0.0038568903090979655,3141.888427734375,3140.2385529387243,3171.42373046875,3148.078359713936,3144.2091552734373,3132.62175572703,3053.0808642578127,3076.8014787361253,0.9953798903193095,0.9861099696480833,0.9946452046132335,1.0243333529765506,43.39436954925203,51.806884655442474,54.214358526294916,27.65623891896894,37.877319155403974,-10.221080236435036,3222.4767404733902,3065.9415700734844,3144.2091552734373,0.049785228230560474,0.3924420841867404,-0.6265620938823553,2325797.6,0.5399158551027828,-0.012504656926251023,0.19769282798468302,-0.0014453670920915318,0.3501464072868463,-0.008689102293038431,0.7672615122073931,0.0027190737520401687,-0.42179063337589096,1
2026-01-02,0.007219440740225513,0.0071935053292231585,0.01070540171373842,0.005163868636943386,3136.210009765625,3143.475848443525,3168.5070068359373,3148.418737848334,3145.250842285156,3134.2721065580868,3057.8096142578124,3079.6700654309097,1.0043812211697287,0.994143434954451,1.0014941883505084,1.0301329503202825,51.347829469377025,55.283160616386,56.39605998437603,25.860769808399255,35.47400928600303,-9.613239477603777,3223.2412934222293,3067.260391148083,3145.250842285156,0.049592515858232745,0.530129311341648,-0.05686789012012883,2213487.8,0.5350488039735299,0.006612117723560518,-0.6265620938823553,-0.012504656926251023,0.19769282798468302,-0.0014453670920915318,0.3501464072868463,-0.01175052477423244,-0.13968186191789478,0
2026-01-05,-0.01064376865428418,-0.010700818739592348,0.017412393364500723,-0.0075296720702824095,3129.34951171875,3134.4582641967254,3162.1212646484373,3142.601348367387,3144.1801025390623,3132.5722007623763,3060.57904296875,3081.1113607357024,0.9958692961693099,0.9855482553891263,0.9911719411958868,1.018246237705466,41.29558861665658,49.5656060472829,52.49578086359217,21.48480767267165,32.67616896333676,-11.191361290665107,3223.1303524328096,3065.229852645315,3144.1801025390623,0.05021992845129417,0.32421203939637155,0.9772486245318004,2057407.0,1.1381817015301299,0.007219440740225513,-0.05686789012012883,0.006612117723560518,-0.6265620938823553,-0.012504656926251023,0.19769282798468302,-0.008689102293038431,0.7672615122073931,1
2026-01-06,0.012344114146412233,0.012268546808417075,0.017875775630884678,0.014267927983839657,3131.093701171875,3141.2697021728172,3155.4254638671873,3144.836117414225,3145.115197753906,3134.697950987388,3064.31166015625,3084.0047418097924,1.0076008191464272,0.9998311207955031,1.0031087511128611,1.0295599560405455,53.4853351966962,55.280594471177324,56.149444158159234,20.88029681739181,30.31699453414777,-9.436697716755962,3224.1077896752518,3066.1226058325606,3145.115197753906,0.05023192281017776,0.5618879576760145,0.24367821196795658,2085357.9,1.3965588352963298,-0.01064376865428418,0.9772486245318004,0.007219440740225513,-0.05686789012012883,0.006612117723560518,-0.6265620938823553,-0.0014453670920915318,0.3501464072868463,1
2026-01-07,0.01222431676989788,0.012150203190266367,0.02348590368698552,0.01625094726926712,3148.41953125,3158.6661295735453,3154.0301025390627,3153.6766386798204,3149.344921875,3140.2942398814466,3068.39505859375,3088.297065047644,1.01430541663141,1.0125011114523594,1.014007377278236,1.0407587430539558,62.574621078152425,60.15518234777419,59.43374815354966,23.24524753684682,28.90264513468758,-5.657397597840763,3229.1751734445334,3069.514670305467,3149.344921875,0.050696416905649876,0.776299157479016,-0.31688874009597146,2047760.1,0.9715210292455644,0.012344114146412233,0.24367821196795658,-0.01064376865428418,0.9772486245318004,0.007219440740225513,-0.05686789012012883,-0.012504656926251023,0.19769282798468302,0
2026-01-08,-0.027824973043654277,-0.02821942184702436,0.032741317001512046,-0.025251757724905535,3143.865234375,3140.644444455281,3142.8768310546875,3144.7538087778075,3150.0571411132814,3136.8948907707136,3071.224560546875,3088.936437956315,0.9875108641022726,0.9878214263894354,0.9855697643381585,1.0108674937354407,41.025568254849176,47.34889280085067,50.316657882065776,17.74484575145516,26.6710852580411,-8.92623950658594,3228.0014809234763,3072.1128013030866,3150.0571411132814,0.049487572014422596,0.2084068772330153,1.0907048308018026,2326922.9,1.7874833755772486,0.01222431676989788,-0.31688874009597146,0.012344114146412233,0.24367821196795658,-0.01064376865428418,0.9772486245318004,0.006612117723560518,-0.6265620938823553,1
2026-01-09,0.001217321254696424,0.0012165809199337749,0.012064327758213141,0.005264822572273501,3135.551220703125,3129.889753334771,3135.880615234375,3138.140456471615,3150.8275146484375,3134.1792222300505,3074.135458984375,3089.698945138175,0.9913345859477677,0.991230455647123,0.9865282554004154,1.0111396887242856,42.016393099446944,47.85733674117467,50.65470179932088,13.534676060605307,24.043803418553942,-10.509127357948636,3226.7789118112823,3074.8761174855927,3150.8275146484375,0.04821044427836243,0.22056377406936964,-0.5338984395586219,2403123.8,0.8067303898367617,-0.027824973043654277,1.0907048308018026,0.01222431676989788,-0.31688874009597146,0.012344114146412233,0.24367821196795658,0.007219440740225513,-0.05686789012012883,1
2026-01-12,0.009913268424588617,0.009864454318942105,0.023984426728499122,0.011426817875819494,3140.105517578125,3132.9913622492227,3134.7275146484376,3138.332115309162,3151.7529174804686,3134.6568753584384,3078.0948193359377,3091.639950429938,0.999709902264462,1.0014250251126495,0.9960154435543815,1.0198498630901074,50.00619671704823,51.933077765296126,53.37082443266035,12.539982278087336,21.74303919046062,-9.203056912373285,3226.6565783555548,3076.8492566053824,3151.7529174804686,0.04753142954807806,0.41617006928882555,0.14941612123344172,2418010.7,0.9215600245276002,0.001217321254696424,-0.5338984395586219,-0.027824973043654277,1.0907048308018026,0.01222431676989788,-0.31688874009597146,-0.01064376865428418,0.9772486245318004,1
2026-01-13,0.008766508315626753,0.008728305588933954,0.02126682986536098,0.007087827426810382,3142.469873046875,3144.232359989065,3136.781787109375,3143.492522610905,3153.5843505859375,3137.7099687022774,3082.1646484375,3094.5840447451856,1.0077151041700738,1.0095424452164263,1.0041635178968251,1.0274319242075898,56.28278972878392,55.29399471561304,55.659515583930144,13.813067724333905,20.157044897235277,-6.343977172901372,3228.0693626939005,3079.0993384779745,3153.5843505859375,0.047238319212310705,0.5881385698359093,1.5334266463585933,2701785.5,2.089485268168032,0.009913268424588617,0.14941612123344172,0.001217321254696424,-0.5338984395586219,-0.027824973043654277,1.0907048308018026,0.012344114146412233,0.24367821196795658,0
2026-01-14,-0.02310285931652034,-0.023373913256093972,0.024119028974158175,-0.020705521472392602,3122.488916015625,3127.3396397322936,3135.4542236328125,3134.4128274486948,3152.9738647460936,3133.5046573228938,3085.5697314453123,3094.5436586461096,0.9907334445132967,0.9866366971336242,0.9811544059429974,1.0025876802238716,40.50900532992099,46.071326137218364,48.952580779358605,8.816947644050742,17.88902544659837,-9.072077802547629,3229.196507569703,3076.751221922484,3152.9738647460936,0.04834968261289259,0.11022300378084826,-0.3730208680042534,2719473.2,1.3015428870562136,0.008766508315626753,1.5334266463585933,0.009913268424588617,0.14941612123344172,0.001217321254696424,-0.5338984395586219,0.01222431676989788,-0.31688874009597146,0
2026-01-15,0.0,0.0,0.0,0.0,3120.279541015625,3116.077826227779,3132.0723876953125,3126.983985952341,3151.7480590820314,3129.6998517891657,3089.49033203125,3094.504856315625,0.9914349527195964,0.9877020120518653,0.9815360051716092,1.0013153843355218,40.50900532992099,46.071326137218364,48.9525807793586,4.802130513981865,15.27164646007507,-10.469515946093205,3230.908457131236,3072.587661032827,3151.7480590820314,0.05023269408929886,0.13243072737513736,-1.0,2593899.7,0.0,-0.02310285931652034,-0.3730208680042534,0.008766508315626753,1.5334266463585933,0.009913268424588617,0.14941612123344172,-0.027824973043654277,1.0907048308018026,1
2026-01-16,0.022707718717677627,0.02245373619323054,0.015872985660896944,-0.003944819394021053,3131.363818359375,3131.9858034226863,3133.45751953125,3133.6781262905515,3150.9822631835937,3132.9476523628164,3094.414716796875,3097.222381864522,1.010359045238672,1.0096839475538157,1.0040684121833026,1.0224233166417491,56.457611217948156,54.51895865227864,54.7275994768189,7.20568723136148,13.658454614332353,-6.4527673829708725,3229.3612271525108,3072.6032992146766,3150.9822631835937,0.04974890838625474,0.5817789237045171,-1.0,2904814.3,1.4780531753785433,0.0,-1.0,-0.02310285931652034,-0.3730208680042534,0.008766508315626753,1.5334266463585933,0.001217321254696424,-0.5338984395586219,0
2026-01-19,-0.013440536612122078,-0.013531678206939108,0.021462858846809946,-0.007653670747725823,3127.780615234375,3128.416723766166,3133.94306640625,3131.4236605019287,3148.0321655273438,3131.8363106571314,3098.8587890625,3098.165761573879,0.9979211934655581,0.9959589240503823,0.9915014842074407,1.0072348489933638,47.4702109655246,49.467523729157314,51.05635468796823,5.614536047006368,12.049670900867156,-6.435134853860788,3226.219338961712,3069.8449920929756,3148.0321655273438,0.04967368141314436,0.3289131074889396,-0.21099669963921952,3009400.2,1.1256601896949432,0.022707718717677627,-1.0,0.0,-1.0,-0.02310285931652034,-0.3730208680042534,0.009913268424588617,0.14941612123344172,0
2026-01-20,-0.019376668637503203,-0.01956685710240956,0.02220929673445875,-0.015642863085576112,3106.5974609375,3105.8773438389026,3124.5336669921876,3118.582737498737,3139.9795654296877,3125.0708128787737,3101.4459716796873,3096.7003820605655,0.9852575438147355,0.9796017294737084,0.9747829628201808,0.9868940526236869,37.55120731865866,43.31967894643166,46.40726437943966,-0.5206895171263568,9.535598817268454,-10.05628833439481,3219.263639036672,3060.6954918227034,3139.9795654296877,0.05049973858421256,0.0006501442028738657,0.3281743625651723,3168095.0,1.4201824755886423,-0.013440536612122078,-0.21099669963921952,0.022707718717677627,-1.0,0.0,-1.0,0.008766508315626753,1.5334266463585933,1
2026-01-21,0.006543495026852808,0.006522179298980759,0.01809389554634542,0.007290354082661292,3104.052001953125,3097.5271973248937,3113.270458984375,3111.718040552944,3133.650280761719,3120.8571072995455,3104.01123046875,3096.0778927364995,0.9925178129613691,0.989578947568184,0.9831431807214928,0.9925308497777652,42.21601807640847,45.72524965743176,48.05204808048152,-3.7238556234451607,6.883707929125731,-10.607563552570891,3210.5664016132673,3056.7341599101705,3133.650280761719,0.04909043062255934,0.156617001221399,-0.5521165308262024,3170665.8,0.6355605185510249,-0.019376668637503203,0.3281743625651723,-0.013440536612122078,-0.21099669963921952,0.022707718717677627,-1.0,-0.02310285931652034,-0.3730208680042534,1
2026-01-22,0.008902797647401428,0.008863401396338238,0.011966719254856498,0.00012695312499996967,3106.992138671875,3101.1030924874294,3113.63583984375,3111.0883755092264,3128.2563354492186,3119.6568954436366,3105.4816162109373,3096.555421759088,1.000406420127334,0.9982718091298949,0.9936061976731052,1.0008930230296924,48.37699176158779,48.922311357446134,50.247656953677755,-4.003034706939161,4.706359401912753,-8.709394108851914,3195.843246029537,3060.6694248689,3128.2563354492186,0.04321059614867721,0.35203161037410224,0.12638116269260347,2981714.9,0.7612488370367,0.006543495026852808,-0.5521165308262024,-0.019376668637503203,0.3281743625651723,-0.013440536612122078,-0.21099669963921952,0.0,-1.0,1
2026-01-23,0.00384081514289214,0.0038334580445638098,0.013438735177865587,-0.008713929223784639,3098.27041015625,3107.466433403078,3114.8171142578126,3112.743782731981,3125.3488647460936,3119.7079639951353,3107.696591796875,3097.4823901306677,1.0070757881578902,1.001725944342592,0.9983503443183974,1.0040211529885144,51.028415050987896,50.294729767478024,51.19047238069928,-3.2238084998757586,3.120325821555051,-6.3441343214308095,3188.9527536165983,3061.744975875589,3125.3488647460936,0.04070194504553142,0.45946985629907405,-0.08853978739348856,2994733.3,0.6908318012826051,0.008902797647401428,0.12638116269260347,0.006543495026852808,-0.5521165308262024,-0.019376668637503203,0.3281743625651723,0.022707718717677627,-1.0,0
2026-01-27,-0.0014228918216465658,-0.0014239050935128462,0.014249525015832798,-0.005354330708661395,3097.165380859375,3110.2287615916357,3112.472998046875,3113.2909891386657,3123.6002563476563,3119.331340564051,3109.816953125,3098.1989010262787,1.0060016288520626,1.0010539593191439,0.9974878864979728,1.0019089434951418,49.91607818409242,49.75926943273038,50.81445919349715,-2.930728962825924,1.9101148646788562,-4.840843827504781,3186.2328603028914,3060.9676523924213,3123.6002563476563,0.04010282930919572,0.43735819778054685,1.0687142707301667,3199886.5,1.3375080647391713,0.00384081514289214,-0.08853978739348856,0.008902797647401428,0.12638116269260347,0.006543495026852808,-0.5521165308262024,-0.013440536612122078,-0.21099669963921952,1
2026-01-28,0.013331242772560037,0.01324316369449784,0.010812116015047729,0.007588191957257556,3116.463720703125,3125.9159354621324,3111.5305908203127,3121.290860786749,3124.1561889648438,3122.9464779582486,3112.84169921875,3100.5162101312535,1.0131002848609414,1.014706489634977,1.010605773922353,1.014279101952255,59.54224139319918,54.62640112063938,54.12472081236201,0.6457725047030181,1.6572463926836887,-1.0114738879806706,3187.770000565381,3060.5423773643065,3124.1561889648438,0.0407238356553582,0.7604316060036357,-0.3571693933045692,2910475.8,0.9452866778689588,-0.0014228918216465658,1.0687142707301667,0.00384081514289214,-0.08853978739348856,0.008902797647401428,0.12638116269260347,-0.019376668637503203,0.3281743625651723,0
2026-01-29,-0.01740577305082225,-0.01755903454555526,0.023692915123317986,-0.01740576657376896,3120.765380859375,3118.0556920007966,3112.40869140625,3117.8443779306353,3123.9314575195312,3120.983499588713,3115.05998046875,3100.5875432664247,0.9940943411208392,0.996763443581192,0.9930868353755258,0.9959150785312615,45.91929602412801,48.00081159065939,49.49699994345769,-0.9433653128139667,1.1371240515841579,-2.0804893643981246,3187.8196846168116,3060.043230422251,3123.9314575195312,0.04090245126441347,0.33098409971118475,-0.1067132057832958,2802288.8,0.8770120338774505,0.013331242772560037,-0.3571693933045692,-0.0014228918216465658,1.0687142707301667,0.00384081514289214,-0.08853978739348856,0.006543495026852808,-0.5521165308262024,0
2026-01-30,-0.006519550190778212,-0.00654089528229976,0.015685521793843887,-0.005444157165313531,3115.536279296875,3106.0735863338646,3111.264208984375,3111.34710467052,3121.6682983398437,3117.281202008836,3115.6993115234377,3099.862909216761,0.9892708987152546,0.990629264496347,0.9873276339574958,0.9892191340803635,41.81168922545644,45.79909196763288,47.913855895015374,-3.7911222380371328,0.1514747936598998,-3.9425970316970327,3188.066092623064,3055.2705040566234,3121.6682983398437,0.04253994206785631,0.2021066455076445,0.22966210280508825,3104495.6,0.9734489557659544,-0.01740577305082225,-0.1067132057832958,0.013331242772560037,-0.3571693933045692,-0.0014228918216465658,1.0687142707301667,0.008902797647401428,0.12638116269260347,1
2026-02-02,0.014629223593825236,0.014523248804669715,0.020191821689847997,-0.008880519807301417,3116.9373046875,3113.1151382850767,3107.603857421875,3114.229129673607,3120.5306884765623,3118.2256820258517,3117.29662109375,3100.934883058751,1.0032919935491063,1.0063053032705014,1.0021366730138432,1.0031763487076426,52.79414104344759,51.17557437315522,51.54180400667554,-2.382234443833113,-0.3552670538387028,-2.02696738999441,3185.71987941704,3055.3414975360847,3120.5306884765623,0.041780836305316295,0.5511400250160002,-0.12765960262972242,2938775.8,0.897064689317232,-0.006519550190778212,0.22966210280508825,-0.01740577305082225,-0.1067132057832958,0.013331242772560037,-0.3571693933045692,0.00384081514289214,-0.08853978739348856,1
2026-02-03,0.017573185237509392,0.017420562271375405,0.050754952622579605,-0.03722386602145529,3130.217236328125,3136.127784247343,3113.69130859375,3126.5789381278373,3123.8171875,3124.314005277854,3119.8806201171874,3104.1199102396577,1.0165917685331873,1.0219873329733014,1.0186745526931944,1.0199598842510675,62.782499604660245,56.80021192726181,55.507769342098,3.1326043958929404,0.34230723610762587,2.7902971597853146,3194.26231211147,3053.37206288853,3123.8171875,0.04510195083973362,0.914051994326211,0.6561492896028938,3036625.6,1.4377999052632633,0.014629223593825236,-0.12765960262972242,-0.006519550190778212,0.22966210280508825,-0.01740577305082225,-0.1067132057832958,-0.0014228918216465658,1.0687142707301667,0
2026-02-04,-0.07013296431153393,-0.07271367543435361,0.04468006923300713,-0.038749968699919826,3090.555029296875,3077.0782721805203,3103.509375,3096.1062672040257,3114.021520996094,3108.567837922523,3118.1833203125,3098.4281195654307,0.9574264881218004,0.9534300981600466,0.9502115602272315,0.9489433250352741,31.35213233822573,37.77050100731146,41.14776467504248,-10.385392539032182,-1.8032327189203359,-8.582159820111846,3213.1167707744457,3014.926271217742,3114.021520996094,0.06364455037334098,-0.2822891273598111,1.4856724369339864,3671957.8,2.9555336937695746,0.017573185237509392,0.6561492896028938,0.014629223593825236,-0.12765960262972242,-0.006519550190778212,0.22966210280508825,0.013331242772560037,-0.3571693933045692,0
2026-02-05,-0.002534162806717699,-0.002537379232396491,0.01918766583444764,0.0005016722408026756,3060.384130859375,3035.212419083889,3090.574755859375,3069.8107118743164,3101.922607421875,3093.607159348056,3116.762412109375,3092.6654761664186,0.964415114798622,0.9549941179371108,0.9515004358357322,0.9469700678574053,30.74871500241521,37.318104067347306,40.7756097775924,-21.45623747157697,-5.733833669451663,-15.722403802125307,3217.0580686500703,2986.7871461936797,3101.922607421875,0.07423490254251616,-0.15332562586030027,-0.6755112486921331,3822597.3,0.9212440452464088,-0.07013296431153393,1.4856724369339864,0.017573185237509392,0.6561492896028938,0.014629223593825236,-0.12765960262972242,-0.01740577305082225,-0.1067132057832958,0
2026-02-06,-0.01668058397264016,-0.016821271609054028,0.023456621467675475,-0.011758381660861598,3024.4119140625,2990.8910430611345,3069.9740966796876,3039.344817172736,3091.804968261719,3075.382505221158,3113.5099462890626,3085.19813557227,0.9596074785716671,0.9453657260999481,0.9386906097920313,0.9321467864506948,26.798008414271294,34.404431463968564,38.382436739068694,-33.81283353728486,-11.349633643018304,-22.463199894266555,3236.0937052896425,2947.516231233795,3091.804968261719,0.09333624760234856,-0.15686581347444223,0.33106037264893673,4064353.5,1.1532926454354917,-0.002534162806717699,-0.6755112486921331,-0.07013296431153393,1.4856724369339864,0.017573185237509392,0.6561492896028938,-0.006519550190778212,0.22966210280508825,1
2026-02-09,0.00224368079401005,0.0022411675009069297,0.013398005784614246,-0.003683601812932421,2980.724267578125,2963.5140319626316,3048.8307861328126,3015.602124916897,3081.8239501953126,3059.513696130155,3110.8974072265623,3078.2789933837744,0.9758567880312621,0.9540575433033934,0.9438436642629376,0.9350228017833775,28.221109565016732,35.12590697694348,38.88061679043647,-42.58914253705916,-17.59753542182648,-24.991607115232682,3246.344159643588,2917.3037407470374,3081.8239501953126,0.10676807767546138,-0.025965597205547385,-0.49218680165012973,4095499.6,0.5812033286488417,-0.01668058397264016,0.33106037264893673,-0.002534162806717699,-0.6755112486921331,-0.07013296431153393,1.4856724369339864,0.014629223593825236,-0.12765960262972242,1
2026-02-10,0.012346527667091323,0.012270930896760497,0.02281715989680747,0.011797426351643657,2933.228271484375,2957.2337198761297,3031.72275390625,3002.70593778712,3072.0978759765626,3048.5764960894858,3108.9856884765627,3073.039546415906,1.0039017843684421,0.9712870650553501,0.9585219008580801,0.9471491318269938,36.2015503248106,39.10402322304212,41.614218879018644,-46.114960196715856,-23.301020376804356,-22.8139398199115,3244.702356744089,2899.4933952090364,3072.0978759765626,0.11236912867735924,0.13087638366393065,0.4904575775169535,4022288.5,0.8820259909253153,0.00224368079401005,-0.49218680165012973,-0.01668058397264016,0.33106037264893673,-0.002534162806717699,-0.6755112486921331,0.017573185237509392,0.6561492896028938,0
2026-02-11,-0.02506197258837939,-0.02538137163352289,0.03223590874084333,-0.023557030594588947,2915.607177734375,2928.4470730163785,3003.081103515625,2978.7364544252573,3057.3058471679688,3031.652427823523,3105.67744140625,3065.1114771171206,0.9846572615203051,0.9559761059852901,0.9390207989678924,0.9243953480233105,28.582833653367828,34.431547910248,37.95172606930527,-54.23895129356424,-29.488606560156335,-24.750344733407907,3244.9887235700066,2869.622970765931,3057.3058471679688,0.12277664439486258,0.0033322393468245026,-0.051934134269961074,4083516.4,0.8236805416038001,0.012346527667091323,0.4904575775169535,0.00224368079401005,-0.49218680165012973,-0.01668058397264016,0.33106037264893673,-0.07013296431153393,1.4856724369339864,0
2026-02-12,-0.054883541672708036,-0.056447122756189724,0.05090723792901712,-0.04171020598482251,2867.973046875,2856.7347348755025,2964.1785888671875,2930.4771097286193,3038.2936401367188,3001.334106944497,3099.1733447265624,3051.3153430573802,0.9460723703628339,0.9153665938969922,0.8930374677253562,0.8754947712784821,18.752555726715613,27.010747534307626,31.69774468313547,-72.55497957318403,-38.10188116276188,-34.45309841042215,3277.422973209487,2799.1643070639507,3038.2936401367188,0.15741028445295868,-0.17951425566865706,2.155081012025225,4898967.9,2.1662023954065917,-0.02506197258837939,-0.051934134269961074,0.012346527667091323,0.4904575775169535,0.00224368079401005,-0.49218680165012973,-0.002534162806717699,-0.6755112486921331,0
2026-02-13,-0.021053800357360153,-0.021278592361430027,0.04754475979552834,0.041470000453336466,2818.760302734375,2789.8846800211686,2921.5861083984373,2880.6057389256885,3016.425158691406,2968.462722503354,3090.668203125,3035.8200186360123,0.9423236760273067,0.9091584063454403,0.8805736693513103,0.859420809916383,16.371021723049097,24.914223085188198,29.826663128523293,-90.63532581386107,-48.60857009298172,-42.02675572087935,3306.0121721835612,2726.838145199251,3016.425158691406,0.1920067618172132,-0.12199023366886044,0.05244730665474573,5713634.6,1.9547513591436176,-0.054883541672708036,2.155081012025225,-0.02506197258837939,-0.051934134269961074,0.012346527667091323,0.4904575775169535,-0.01668058397264016,0.33106037264893673,1
2026-02-16,0.005348844989931711,0.005334590725211444,0.01803001812878938,0.0024444806134258676,2771.08671875,2750.053816628696,2875.9054931640626,2842.385075456245,2991.754675292969,2940.0750432024397,3081.4937109375,3021.489511624551,0.9636624042744963,0.928539583860175,0.892583911340341,0.8665901476175077,19.343184028230766,26.44340090108949,30.89195979327495,-102.63459466302311,-59.41377500699,-43.22081965603311,3309.606703652678,2673.90264693326,2991.754675292969,0.2124853558245602,-0.0055223134922658896,-0.7386695986609048,5741880.4,0.5083230225415353,-0.021053800357360153,0.05244730665474573,-0.054883541672708036,2.155081012025225,-0.02506197258837939,-0.051934134269961074,0.00224368079401005,-0.49218680165012973,1
2026-02-17,0.003990153160663201,0.0039822136125413484,0.023846342517431875,0.0005154279616162985,2718.361572265625,2727.051665512881,2825.794921875,2813.0509459698824,2969.743115234375,2915.4057403528027,3072.357900390625,3008.1388391405003,0.9862732723398251,0.9487763398988255,0.9027876349061454,0.8726351063918617,21.775671986538242,27.63373126368684,31.70835723497322,-110.0161128927025,-69.5342425841325,-40.481870308569995,3308.925066408674,2630.5611640600764,2969.743115234375,0.2284251115420333,0.07442347543314555,0.4421059844521418,5726186.2,0.7350648150421654,0.005348844989931711,-0.7386695986609048,-0.021053800357360153,0.05244730665474573,-0.054883541672708036,2.155081012025225,0.012346527667091323,0.4904575775169535,0
2026-02-18,-0.008279963611760421,-0.008314432912036188,0.026976865117939126,-0.01285717862866291,2675.956494140625,2704.3172398992124,2795.7818359375,2785.014117370244,2949.64560546875,2890.971706859381,3062.8110546875,2994.4411744162403,0.9936067325809629,0.9510214117906279,0.9014128286266911,0.8681072195435048,20.288457012736515,26.665565615835533,30.909583411703593,-116.31646716806881,-78.89068750091977,-37.425779667149044,3311.725214022318,2587.565996915182,2949.64560546875,0.24550719441159935,0.0984346951233337,-0.2989457648847098,4936008.7,0.5978149916956184,0.003990153160663201,0.4421059844521418,0.005348844989931711,-0.7386695986609048,-0.021053800357360153,0.05244730665474573,-0.02506197258837939,-0.051934134269961074,0
2026-02-19,-0.006308167479183724,-0.006328148039122713,0.030658298110309973,-0.011115250242337641,2661.70966796875,2683.5701358442666,2764.841357421875,2759.025355618268,2927.708056640625,2867.267346942714,3053.475283203125,2980.6229294483237,0.9926236356764792,0.9555976586656767,0.9024383157813911,0.8652684835106351,19.136402211672205,25.926467582716825,30.303960021838492,-121.26507247662494,-87.36556449606081,-33.899507980564124,3308.0430845250394,2547.3730287562103,2927.708056640625,0.2598175914580957,0.12449931249422727,0.09760981693224258,4907739.1,0.6599472657379036,-0.008279963611760421,-0.2989457648847098,0.003990153160663201,0.4421059844521418,0.005348844989931711,-0.7386695986609048,-0.054883541672708036,2.155081012025225,1
2026-02-20,0.003099443417877934,0.003094650045098771,0.020512284512629906,0.007199081804227497,2660.525732421875,2672.468388088886,2739.643017578125,2739.2507259746053,2904.808557128906,2846.600446527039,3044.673447265625,2967.667712316159,0.9961433036641184,0.9673759959138722,0.9123716212119775,0.8704594888355885,21.66996372898697,26.99048228002536,30.997064288970662,-123.1069959932106,-94.51385079549078,-28.59314519771982,3293.9520983744787,2515.6650158833336,2904.808557128906,0.26793059411130316,0.17294373724405585,-0.29188362902994247,4668348.4,0.4912833840764755,-0.006308167479183724,0.09760981693224258,-0.008279963611760421,-0.2989457648847098,0.003990153160663201,0.4421059844521418,-0.021053800357360153,0.05244730665474573,0
2026-02-23,-0.0036855101361201736,-0.003692318361605599,0.016365896210816754,-0.0036112997661485605,2654.54677734375,2661.8113635436325,2712.816748046875,2721.2955602434267,2880.823767089844,2826.971576805714,3035.623935546875,2954.8375006352558,0.9947073967539259,0.9733415706586825,0.9165771765068808,0.8698367684920211,20.764632863312386,26.501495051441225,30.615750451999133,-123.9263497555703,-100.39635058750669,-23.52999916806361,3273.0298355120176,2488.61769866767,2880.823767089844,0.27228744285067685,0.19362221548032052,1.0491096071388397,4900276.2,0.959047165545485,0.003099443417877934,-0.29188362902994247,-0.006308167479183724,0.09760981693224258,-0.008279963611760421,-0.2989457648847098,0.005348844989931711,-0.7386695986609048,0
2026-02-24,-0.03833654308543211,-0.039090726410773366,0.03349261872295014,-0.025482790165893644,2626.191259765625,2620.96416749263,2672.276416015625,2688.1999629974625,2851.9995849609377,2799.571405242372,3023.9956005859376,2938.540727096251,0.9669020738486666,0.9502272145845926,0.8903471756379671,0.8397068351880569,13.795858010736339,22.04414622007819,27.001259748254796,-131.2311588136231,-106.56331223272997,-24.667846580893126,3255.479081196242,2448.5200887256333,2851.9995849609377,0.28294498944734636,0.11245885789951962,0.6594688139150684,5325383.2,1.4644641910463831,-0.0036855101361201736,1.0491096071388397,0.003099443417877934,-0.29188362902994247,-0.006308167479183724,0.09760981693224258,0.003990153160663201,0.4421059844521418,1
2026-02-25,0.021603236428103134,0.021373193730492252,0.022515479432733507,0.012827445619462675,2613.246826171875,2612.018185229462,2644.60166015625,2671.0956462166737,2823.8413818359377,2780.0051971910148,3013.2764111328124,2925.034275865148,0.9926831995825057,0.9809137836470454,0.9186515352418761,0.8608988578408869,28.885132379996406,29.0120851337239,31.596406666082032,-131.08277530068926,-111.46720484632183,-19.61557045436743,3216.630661961386,2431.0521017104893,2823.8413818359377,0.27819500248988777,0.20758473721654697,-0.5356632203818187,5351160.4,0.6767289203291308,-0.03833654308543211,0.6594688139150684,-0.0036855101361201736,1.0491096071388397,0.003099443417877934,-0.29188362902994247,-0.008279963611760421,-0.2989457648847098,1
2026-02-26,0.006997949563226857,0.006973577550863496,0.013596706826264925,-0.0008679429540094612,2607.28759765625,2612.105385205058,2634.4986328125,2660.4018532965965,2799.3386108398436,2764.031348425799,3003.406728515625,2912.769393876564,1.0019147053453128,0.9915661950325136,0.933177492369359,0.8697722357595297,33.386878959083646,31.203579592881113,33.06057022266026,-128.02455201878865,-114.7786742808152,-13.245877737973458,3180.549543732175,2418.127677947512,2799.3386108398436,0.27235785725683437,0.25465180882361255,-0.04335974660928377,4636371.5,0.7471935758383469,0.021603236428103134,-0.5356632203818187,-0.03833654308543211,0.6594688139150684,-0.0036855101361201736,1.0491096071388397,-0.006308167479183724,0.09760981693224258,0
2026-02-27,-0.0038901305414312803,-0.0038977167799426208,0.02369758182839815,-0.016482769131434434,2597.658154296875,2608.7761487304556,2629.091943359375,2649.8047301119877,2775.3390258789063,2748.610998650128,2993.08767578125,2900.586973559101,1.0017167468617831,0.9897400820666401,0.9375855171269392,0.8693756941490364,32.061402858382124,30.6334694335968,32.64979672982925,-124.98019148289723,-116.8189777212316,-8.161213761665621,3142.497320727037,2408.180731030776,2775.3390258789063,0.2645862659837439,0.26410535656111656,0.46747262840883796,4027869.7,1.262135416148144,0.006997949563226857,-0.04335974660928377,0.021603236428103134,-0.5356632203818187,-0.03833654308543211,0.6594688139150684,0.003099443417877934,-0.29188362902994247,0
2026-03-02,-0.009061973824279645,-0.009103283261814296,0.016644346661564825,0.008294753086419712,2585.266162109375,2598.6965503255124,2619.9064697265626,2636.8470252762854,2747.9059814453126,2732.413508637318,2981.0760693359375,2887.957576694651,0.9973972472574121,0.9842096972968446,0.9383644749589996,0.8649686534466792,28.94999313344195,29.29591347313054,31.69044989726663,-123.05178438926714,-118.06553905483872,-4.986245334428418,3086.6981357183154,2409.11382717231,2747.9059814453126,0.24658205670836578,0.2500405103932715,-0.3362366551875331,4073435.2,0.8283880396575352,-0.0038901305414312803,0.46747262840883796,0.006997949563226857,-0.04335974660928377,0.021603236428103134,-0.5356632203818187,-0.0036855101361201736,1.0491096071388397,0
2026-03-04,-0.00983346508309424,-0.009882132912625676,0.021099040353204826,-0.014171409970238151,2588.048486328125,2583.5248323784667,2607.119873046875,2621.6350927686653,2716.4573974609375,2715.343783670371,2968.5340869140623,2874.829099039346,0.9865276520019072,0.9793110868740134,0.9398937744692127,0.860081549253333,25.80799443607117,27.88592431422812,30.672868572461184,-122.16132202051904,-118.8846956479748,-3.276626372544243,3000.523402115495,2432.39139280638,2716.4573974609375,0.20914445771914045,0.212609044550902,0.02135174261383921,3997166.8,0.8622192098663484,-0.009061973824279645,-0.3362366551875331,-0.0038901305414312803,0.46747262840883796,0.006997949563226857,-0.04335974660928377,-0.03833654308543211,0.6594688139150684,0
2026-03-05,-0.0034778722279983354,-0.0034839340846049755,0.02446878255835469,-0.008153827373798073,2578.08359375,2570.4504741898113,2595.6652099609373,2607.5744864129983,2695.723522949219,2699.054066922002,2954.9831103515626,2861.8672425206464,0.9868965319746044,0.9802118347345687,0.9438288964548345,0.8610207445516659,24.712195334186347,27.388781225336785,30.314935394719143,-120.7798617450917,-119.26372886739819,-1.516132877693508,2966.16402295164,2425.2830229467977,2695.723522949219,0.2006440925414707,0.220046063486491,-0.14095671061740922,3998148.4,0.7405017782731627,-0.00983346508309424,0.02135174261383921,-0.009061973824279645,-0.3362366551875331,-0.0038901305414312803,0.46747262840883796,0.021603236428103134,-0.5356632203818187,0
2026-03-06,-0.008220825105119678,-0.008254802430388543,0.02564898772710389,-0.0055987178630443534,2560.304736328125,2554.7621488088325,2583.7961669921874,2592.2673976191577,2674.3187622070313,2682.323727029133,2941.302568359375,2848.5934486197143,0.9855801390524326,0.9766194138233293,0.9435619768693557,0.8579142877689019,22.12997589004692,26.203741041465392,29.464531702084116,-119.98964593516212,-119.40891228095099,-0.5807336542111301,2927.6232032181238,2421.014321195939,2674.3187622070313,0.18943474098207216,0.20207142133456152,0.3506027083369925,4074127.8,0.9814721570589907,-0.0034778722279983354,-0.14095671061740922,-0.00983346508309424,0.02135174261383921,-0.009061973824279645,-0.3362366551875331,0.006997949563226857,-0.04335974660928377,0
2026-03-09,-0.011808099373564862,-0.011878368691471656,0.021761494866323432,-0.0010277065834980485,2538.5990234375,2534.3711363152634,2568.1285888671873,2574.325891020788,2653.8858032226562,2664.3490017242752,2926.8516748046877,2834.671709902397,0.982269782784196,0.9709751770755599,0.9395992503897943,0.8519697573996554,18.85547147577998,24.572655559778397,28.277982409504602,-120.38004735012919,-119.60313929478663,-0.7769080553425596,2896.033245714404,2411.7383607309084,2653.8858032226562,0.182485201283118,0.1690101488476509,-0.08633303848330542,4210122.4,0.8677723954058912,-0.008220825105119678,0.3506027083369925,-0.0034778722279983354,-0.14095671061740922,-0.00983346508309424,0.02135174261383921,-0.0038901305414312803,0.46747262840883796,0
2026-03-10,-0.005657868160158008,-0.005673934525795134,0.021925053270664303,-0.010979890729535587,2518.7876953125,2516.0743285070507,2552.0269287109377,2557.08131317894,2632.421838378906,2646.7424980258324,2912.8744384765623,2820.742651196053,0.984394483705385,0.9715730994041835,0.9419009813478583,0.8512144156091387,17.43071468021786,23.816704148092498,27.722936526866846,-120.43952129874879,-119.77041569557908,-0.6691056031697116,2855.7687247073322,2409.07495205048,2632.421838378906,0.1696892823727425,0.15761527281068738,0.18346659630352646,4172533.8,1.0362312703134964,-0.011808099373564862,-0.08633303848330542,-0.008220825105119678,0.3506027083369925,-0.0034778722279983354,-0.14095671061740922,-0.009061973824279645,-0.3362366551875331,0
2026-03-11,-0.019179588562491356,-0.019365903007857017,0.024706846020742416,-0.01722427081473707,2494.536474609375,2488.024649994284,2541.29248046875,2534.3256731407237,2606.7844482421874,2626.2837165918245,2898.4984326171875,2805.4949116577277,0.9749006750240324,0.9569639510837309,0.9329215135561558,0.8390293627907374,13.437725024674577,21.424196571074646,25.92214668159579,-122.90718229159165,-120.3977690147816,-2.5094132768100508,2795.9783486319307,2417.590547852444,2606.7844482421874,0.14515500160922082,0.03788374013849277,-0.37075705817457694,3664716.9,0.7423940441347597,-0.005657868160158008,0.18346659630352646,-0.011808099373564862,-0.08633303848330542,-0.008220825105119678,0.3506027083369925,-0.00983346508309424,0.02135174261383921,0
2026-03-12,-0.009128148250917567,-0.009170065073126902,0.01510805102323345,-0.007073805243911787,2467.62138671875,2461.9252061159814,2522.852490234375,2511.67124499866,2583.7270751953124,2605.659202474448,2883.7695263671876,2789.9745746656354,0.9765381072351788,0.9551594188273407,0.9326551327706375,0.8356168190025276,11.947231928339477,20.394290003708946,25.12230241832465,-125.2107416446629,-121.36036354075787,-3.8503781039050295,2749.5146154165036,2417.939534974121,2583.7270751953124,0.12833208415301278,-0.024770307237167125,0.011545343342654668,3577795.9,0.7692096131028604,-0.019179588562491356,-0.37075705817457694,-0.005657868160158008,0.18346659630352646,-0.011808099373564862,-0.08633303848330542,-0.0034778722279983354,-0.14095671061740922,0
2026-03-13,-0.01306087927556765,-0.013146922581275654,0.02028620715359887,-0.010874025441116151,2438.594921875,2434.034528686696,2499.4498291015625,2487.4134138767445,2566.974230957031,2584.001485460513,2869.1979931640626,2773.82863737789,0.9752555262435799,0.9515106669226475,0.926481125188956,0.8288912718795893,10.095111037447808,18.999743724762553,24.01902102594022,-128.0992997711328,-122.70815078683286,-5.391148984299932,2744.311289248939,2389.637172665123,2566.974230957031,0.13816816402227164,-0.032097066869857076,-0.10377151785470962,3478018.0,0.7091648174333773,-0.009128148250917567,0.011545343342654668,-0.019179588562491356,-0.37075705817457694,-0.005657868160158008,0.18346659630352646,-0.008220825105119678,0.3506027083369925,0
2026-03-16,-0.0005393516795713094,-0.000539497182008779,0.02444790948758741,-0.0003319704681016706,2415.27119140625,2415.0131721192556,2476.935107421875,2467.3328766235863,2553.013525390625,2564.2842448437377,2854.189951171875,2758.265571558537,0.9841422642069543,0.9596417975836483,0.9310449926506698,0.8328003740635542,10.021242351252212,18.94289178508086,23.97396571226726,-129.00491886321151,-123.9675044021086,-5.037414461102912,2743.5323349270166,2362.4947158542336,2553.013525390625,0.14925013725279113,0.03799032537880816,0.5438579064645763,3350437.0,1.1365403975660489,-0.01306087927556765,-0.10377151785470962,-0.009128148250917567,0.011545343342654668,-0.019179588562491356,-0.37075705817457694,-0.011808099373564862,-0.08633303848330542,0
2026-03-17,-0.007263813092570959,-0.007290323036421455,0.02508675888486839,-0.01169423505294424,2391.315966796875,2396.5769780274204,2455.0518310546877,2447.7640972090703,2537.479150390625,2544.800468177072,2838.3850341796874,2742.6357291383497,0.9867807611407088,0.9611628398207884,0.9299404842323501,0.8313546476000642,8.98839415045866,18.15539940713205,23.35478945411633,-129.62164225582228,-125.09833197285134,-4.5233102829709395,2737.6047934113017,2337.353507369948,2537.479150390625,0.15773579301321078,0.05584262500406448,-0.21390753503171167,3312335.2,0.903702922337087,-0.0005393516795713094,0.5438579064645763,-0.01306087927556765,-0.10377151785470962,-0.009128148250917567,0.011545343342654668,-0.005657868160158008,0.18346659630352646,1
2026-03-18,0.020529416937824285,0.020321528857028516,0.029867216029740143,0.012780103248184533,2386.560498046875,2400.4339684245306,2440.548486328125,2440.56116121083,2523.8341796875,2531.7859425619936,2824.21953125,2729.5185612983655,1.0090454238178925,0.9867240756367343,0.9541625074262706,0.8526773229108374,31.947367300669498,27.28878836347907,28.77413976369816,-124.76323285822855,-125.03131214992679,0.2680792916982426,2720.120902777151,2327.5474565978493,2523.8341796875,0.15554644965934727,0.20531315453284044,0.029739420525448423,3275930.6,0.9409198106944023,-0.007263813092570959,-0.21390753503171167,-0.0005393516795713094,0.5438579064645763,-0.01306087927556765,-0.10377151785470962,-0.019179588562491356,-0.37075705817457694,0
2026-03-19,-0.03474278709143175,-0.03536067128496162,0.03132429916304123,-0.025237898220935095,2369.511669921875,2375.1167048611455,2418.5665283203125,2419.455891487838,2507.115869140625,2512.042726864125,2807.6113232421876,2713.6347815507584,0.9809962986217389,0.9610991264932129,0.9271538688521596,0.8279216423198129,21.1811099811287,22.598318984707348,25.503952911913913,-126.209176122592,-125.26688494445983,-0.9422911781321659,2711.353345726375,2302.8783925548746,2507.115869140625,0.1629262365570345,0.05288888587112443,-0.10554414304753323,3255573.0,0.8468739604364577,0.020529416937824285,0.029739420525448423,-0.007263813092570959,-0.21390753503171167,-0.0005393516795713094,0.5438579064645763,-0.009128148250917567,0.011545343342654668,1
2026-03-20,0.014685940532580322,0.014579146419562145,0.018238139327023197,0.0019279537536672632,2365.584912109375,2369.617598162639,2402.0899169921877,2408.3947084474357,2492.9430419921873,2497.4309799976013,2790.91453125,2699.7126091278124,0.9970554735498633,0.9819030370515875,0.9461184411500954,0.8451062755079218,32.077233172457454,28.033654419272196,28.962755622216108,-123.18056044263312,-124.84962004409451,1.6690596014613845,2697.0921747746174,2288.793909209757,2492.9430419921873,0.16378162624950168,0.17101585151058074,0.5256541388290425,3276340.7,1.2838469454657142,-0.03474278709143175,-0.10554414304753323,0.020529416937824285,0.029739420525448423,-0.007263813092570959,-0.21390753503171167,-0.01306087927556765,-0.10377151785470962,0
2026-03-23,-0.0028444540133661933,-0.0028485071605016685,0.02466651884541703,0.007949280688424983,2360.572900390625,2363.715198905301,2387.9220458984373,2398.124834255288,2478.0253173828123,2483.5718771778893,2775.8607177734375,2686.0733068243935,0.9963303399786694,0.984919254139947,0.9491066874468479,0.8472724821284009,31.09172090463565,27.62310827114382,28.687896998084668,-119.93913596611128,-123.86752322849787,3.928387262386593,2677.5615863937364,2278.489048371888,2478.0253173828123,0.16104457659186958,0.18397996610510234,-0.08221081610528913,3297049.4,1.1708999567916696,0.014685940532580322,0.5256541388290425,-0.03474278709143175,-0.10554414304753323,0.020529416937824285,0.029739420525448423,-0.0005393516795713094,0.5438579064645763,1
2026-03-24,0.006292466075149772,0.0062727511708514615,0.02346998646886141,-0.002204587418507194,2361.97392578125,2364.713371535826,2376.6449462890623,2392.4129947173947,2464.3359375,2472.4421476177927,2761.0273046875,2673.5492444703737,1.0020050140960208,0.995819640831206,0.9603843699969883,0.8571844663683054,36.14088724741367,30.056430465568667,30.221680867567855,-114.85215837556143,-122.06445025791058,7.212291882349149,2654.76684041456,2273.90503458544,2464.3359375,0.1545494670728594,0.24367022576444294,-0.11406068879411169,3206696.6,1.0665748671077893,-0.0028444540133661933,-0.08221081610528913,0.014685940532580322,0.5256541388290425,-0.03474278709143175,-0.10554414304753323,-0.007263813092570959,-0.21390753503171167,0
2026-03-25,-0.008921148792098377,-0.008961180503734716,0.021788529888075666,-0.009787996566228899,2349.463525390625,2358.3408967790924,2368.01201171875,2383.900804271618,2454.65224609375,2460.3615571080627,2745.15533203125,2660.688330854501,0.9983538462788619,0.9905338045828346,0.9555715890095334,0.8544492619038883,32.212263572951386,28.580136668121426,29.278356534037627,-111.24206742391334,-119.89997369111114,8.657906267197802,2648.5224457424247,2260.782046445075,2454.65224609375,0.15796143829105994,0.21873888038039585,0.7086160911904689,3519008.0,1.660632200892979,0.006292466075149772,-0.11406068879411169,-0.0028444540133661933,-0.08221081610528913,0.014685940532580322,0.5256541388290425,0.020529416937824285,0.029739420525448423,1
2026-03-27,0.005215787857084653,0.005202232748882283,0.015524352204462764,-0.005865407915644917,2356.13310546875,2358.1706238943952,2362.8223876953125,2379.16067224496,2442.837438964844,2450.596654347771,2728.977646484375,2648.8115366298152,1.0007202363280374,0.9978871414134594,0.9652013844704026,0.8639975784200694,36.85261751092024,30.704042803150926,30.59637418309005,-106.16999065621712,-117.15397708413235,10.983986427915227,2629.951319169415,2255.7235587602727,2442.837438964844,0.15319388610963894,0.2728459247734441,-0.14791236080494508,3741741.6,1.330773616221922,-0.008921148792098377,0.7086160911904689,0.006292466075149772,-0.11406068879411169,-0.0028444540133661933,-0.08221081610528913,-0.03474278709143175,-0.10554414304753323,0
2026-03-30,-0.012930031171073164,-0.013014351657080234,0.02195940945889978,-0.006820847394383965,2349.877880859375,2347.8948365025135,2357.731396484375,2369.7393248765584,2428.590612792969,2438.85823600215,2713.653427734375,2636.204937613695,0.9904103020313617,0.9871112821371691,0.9583102435870076,0.8576420400381951,30.735744600670344,28.434755708423396,29.17375248526831,-103.41822366372025,-114.40682640004994,10.988602736329682,2605.014407107412,2252.166818478526,2428.590612792969,0.1452890358589908,0.21305641773647604,0.3665784969346777,4175568.4,1.6296598087101148,0.005215787857084653,-0.14791236080494508,-0.008921148792098377,0.7086160911904689,0.006292466075149772,-0.11406068879411169,0.014685940532580322,0.5256541388290425,1
2026-04-01,0.020899635133357464,0.020684233795724507,0.030769910787595296,-0.008563214832492842,2354.692578125,2357.257853241259,2357.6327392578123,2370.874699756957,2417.2839233398436,2432.8702027370646,2699.302021484375,2626.000190519776,1.0090420757221326,1.0077837176059554,0.9829146935441364,0.8802215786924692,47.084304049495316,36.49871206967957,34.29192127149777,-96.2035617902402,-110.76617347808799,14.562611687847792,2575.8561639828044,2258.7116826968827,2417.2839233398436,0.13119868883574862,0.3697753262057885,-0.39268050169616664,4208043.8,0.9820860229639246,-0.012930031171073164,0.3665784969346777,0.005215787857084653,-0.14791236080494508,-0.008921148792098377,0.7086160911904689,-0.0028444540133661933,-0.08221081610528913,1
2026-04-02,0.017648013826508935,0.01749409588931106,0.0384379781485819,0.027116492528028144,2364.93369140625,2377.476996561881,2363.45380859375,2379.4275331108056,2409.252819824219,2431.4459246862134,2684.3842919921876,2617.839998075986,1.0224029925191562,1.0230431728394045,1.0035954978687285,0.900733658148735,57.2359435043902,42.512452204975105,38.326066232638965,-86.10975733459782,-105.83489024938996,19.72513291479214,2549.5621458940805,2268.9434937543574,2409.252819824219,0.11647538599132873,0.5308691646576399,0.3014280629357211,4446543.2,1.2095600465548157,0.020899635133357464,-0.39268050169616664,-0.012930031171073164,0.3665784969346777,0.005215787857084653,-0.14791236080494508,0.006292466075149772,-0.11406068879411169,1
2026-04-06,0.009466687520655048,0.009422159237326594,0.01366265821673016,-4.045984488679883e-05,2383.97548828125,2398.5863082547958,2366.7195068359374,2390.587060116227,2403.633996582031,2432.3372586818714,2670.7748193359375,2610.89744645107,1.0238380988557676,1.0313030017248357,1.0154644738389667,0.9138939434240688,61.891963442604734,45.54418462769747,40.42260704560202,-75.39424334345813,-99.74676086820361,24.35251752474548,2528.5997614930748,2278.6682316709876,2403.633996582031,0.10398069347391907,0.6487244729988803,-0.5217098666303731,4395546.1,0.585232629001434,0.017648013826508935,0.3014280629357211,0.020899635133357464,-0.39268050169616664,-0.012930031171073164,0.3665784969346777,-0.008921148792098377,0.7086160911904689,1
2026-04-07,0.02663816097904914,0.026289542651763944,0.03775883947557169,0.03201952410732417,2413.574169921875,2434.332034279239,2384.8536376953125,2411.5391376092994,2401.7100830078125,2439.335947029134,2659.6753173828124,2606.7768989952683,1.0382210406275751,1.0507242233740248,1.0433496965586806,0.9421539050089461,71.9961038694693,53.10886678753353,45.907019066173525,-60.953038636372185,-91.98801642183733,31.034977785465145,2518.8966487012954,2284.5235173143296,2401.7100830078125,0.0975859380552067,0.9442207291603503,0.7557612160081355,4571495.1,0.9879809342899657,0.009466687520655048,-0.5217098666303731,0.017648013826508935,0.3014280629357211,0.020899635133357464,-0.39268050169616664,0.005215787857084653,-0.14791236080494508,1
2026-04-08,0.007638359590691701,0.007609335028404716,0.015708014980801648,-0.004976690835196359,2453.098291015625,2464.5426452486595,2401.4880859375,2432.1618157144267,2401.7890014648438,2447.490987044216,2648.558056640625,2603.5685448067284,1.0292958404622758,1.0514163622018542,1.051284632266836,0.9533352915775275,74.33338745220928,55.086829417054055,47.40362329917897,-47.417214952450195,-83.0738561279599,35.656641175509705,2519.3048897713975,2284.27311315829,2401.7890014648438,0.09785696265149116,1.0240774992115977,0.055969047170960184,4627796.8,1.0305847914497888,0.02663816097904914,0.7557612160081355,0.009466687520655048,-0.5217098666303731,0.017648013826508935,0.3014280629357211,-0.012930031171073164,0.3665784969346777,1
2026-04-09,0.011644272446658555,0.01157699963128867,0.02854380160052138,0.013703993735317091,2488.774560546875,2494.483508290773,2421.7335693359373,2454.380619107258,2404.8278076171873,2457.669486790005,2637.480263671875,2601.6390032211707,1.026354606346391,1.0547672405909754,1.062182176322213,0.9684869568725557,77.6729396573296,58.01642961932084,49.65044168528249,-33.926449556044645,-73.24437481357685,39.31792525753221,2534.2244689681706,2275.431146266204,2404.8278076171873,0.10761407610235131,1.0778256764762977,0.18009295631656985,4804571.4,1.1714387260432844,0.007638359590691701,0.055969047170960184,0.02663816097904914,0.7557612160081355,0.009466687520655048,-0.5217098666303731,0.020899635133357464,-0.39268050169616664,0
2026-04-10,-0.024990346641587058,-0.025307907152879738,0.025630848124378644,-0.01617429231048396,2503.29765625,2493.1659261000987,2434.115673828125,2460.9533723093473,2405.3803100585938,2460.799132021314,2624.8870166015627,2597.2818172798993,0.994899969446552,1.023176831116617,1.0353999952955806,0.9488144617147127,58.41937568466445,50.3390641941275,45.24434987645502,-28.062344006584226,-64.20796865217834,36.14562464559411,2536.1345182057275,2274.62610191146,2405.3803100585938,0.10871811629982844,0.8256126623639485,0.8620740935788158,5510577.1,1.9018405531427915,0.011644272446658555,0.18009295631656985,0.007638359590691701,0.055969047170960184,0.02663816097904914,0.7557612160081355,0.017648013826508935,0.3014280629357211,0
2026-04-13,-0.02048089570515821,-0.0206935376582482,0.014114657027163982,-0.006947992034224079,2503.041162109375,2475.284771045899,2443.5083251953124,2457.056842969011,2405.7601684570313,2458.772782394284,2611.3623974609377,2591.0951758547076,0.9746233892860371,0.9983687944842612,1.0140339394271884,0.9341952933493567,47.45352680688967,45.192707971849124,42.10903881542457,-27.21719876369798,-56.80981467448227,29.59261591078429,2536.864309689717,2274.6560272243455,2405.7601684570313,0.10899186290607792,0.62876135018705,-0.6431773168531748,5300158.0,0.7055614191124113,-0.024990346641587058,0.8620740935788158,0.011644272446658555,0.18009295631656985,0.007638359590691701,0.055969047170960184,0.009466687520655048,-0.5217098666303731,1
2026-04-15,0.033284682460986925,0.03274274022525527,0.025676190913026264,0.021183901062688446,2506.020703125,2490.4302444993496,2459.7974365234377,2468.632179048509,2411.309912109375,2464.6726308716143,2598.631015625,2588.33541175869,1.0058660681705136,1.024767793468766,1.0453742087433149,0.9700188969690982,61.03658431385849,53.365894707403584,48.11838782162928,-19.767488820753442,-49.401349503736505,29.633860682983062,2551.6849758508733,2270.934848367877,2411.309912109375,0.1164305451045904,0.8897105240085825,0.4069425313543982,5328355.3,0.9874311497208154,-0.02048089570515821,-0.6431773168531748,-0.024990346641587058,0.8620740935788158,0.011644272446658555,0.18009295631656985,0.02663816097904914,0.7557612160081355,1
2026-04-16,0.008610952540437866,0.008574089753260674,0.013970274890094482,0.0019050942238531135,2509.513330078125,2507.7624969839417,2481.305810546875,2482.049419576621,2419.518603515625,2472.077809069853,2587.4328515625,2586.535081962393,1.0131155596906016,1.0246326716950618,1.0507986994846459,0.9826059835399411,63.9433678068482,55.28550410831906,49.58722395637295,-11.974033308202706,-41.91588626462975,29.94185295642704,2570.0357677284724,2269.0014393027773,2419.518603515625,0.1244191005550791,0.9082869853423973,-0.2577232530452064,5038420.0,0.7751245430114997,0.033284682460986925,0.4069425313543982,-0.02048089570515821,-0.6431773168531748,-0.024990346641587058,0.8620740935788158,0.007638359590691701,0.055969047170960184,1
2026-04-17,0.0017851345251067574,0.0017835430661677755,0.012822040540867694,0.004474708171206157,2508.0333984375,2520.8301900465863,2498.4039794921873,2493.8523571393944,2428.018359375,2479.209977365284,2576.7299755859376,2584.983336637275,1.0155229901478304,1.0194370474424068,1.0489894223153624,0.988448770458653,64.58783143163006,55.69616060733905,49.898640819450236,-5.369541919857511,-34.6066173956753,29.23707547581779,2586.930003288338,2269.1067154616617,2428.018359375,0.13089822265943973,0.874255825022308,-0.3039883464011268,4896974.5,0.5550786511140705,0.008610952540437866,-0.2577232530452064,0.033284682460986925,0.4069425313543982,-0.02048089570515821,-0.6431773168531748,0.011644272446658555,0.18009295631656985,0
2026-04-20,-0.0007359784271475656,-0.0007362493922279719,0.012715168082807284,-0.002898998769624161,2518.945458984375,2528.9171481820995,2511.1215576171876,2503.1684857418904,2437.2876831054687,2485.484366611745,2565.08783203125,2583.4189338065244,1.0103795837958682,1.0135276234369837,1.0442308809480787,0.9922042561941087,64.03631923841193,55.46957173627147,49.765323564797825,-0.28342519236593944,-27.74197895501343,27.45855376264749,2600.7412806642465,2273.834085546691,2437.2876831054687,0.1341274554430222,0.8297675394048465,-0.1580630754254828,4587994.2,0.4988144928343632,0.0017851345251067574,-0.3039883464011268,0.008610952540437866,-0.2577232530452064,0.033284682460986925,0.4069425313543982,-0.024990346641587058,0.8620740935788158,1
2026-04-21,0.011978578170119825,0.011907402825145292,0.020685692396092657,0.019726562499999992,2546.156494140625,2544.470644360983,2524.598828125,2516.3337859195008,2445.6591674804686,2494.064678050507,2552.9563232421874,2583.111431959945,1.0115551195088874,1.0201928354025307,1.0531220666255487,1.0088608305871187,69.05075132051184,58.43155256047687,51.957294730518996,6.136631287027285,-20.966256906605288,27.102888193632573,2619.128902559007,2272.18943240193,2445.6591674804686,0.1418592888045378,0.8744701321514692,0.18850341568795725,4602748.4,0.590942359569339,-0.0007359784271475656,-0.1580630754254828,0.0017851345251067574,-0.3039883464011268,0.008610952540437866,-0.2577232530452064,-0.02048089570515821,-0.6431773168531748,0
2026-04-22,-0.02758094503603281,-0.027968440923888505,0.030096475219125566,-0.016085271317829487,2542.92041015625,2531.160686735447,2524.470556640625,2514.1896014767503,2454.6620971679686,2495.0624012346852,2543.8675537109375,2580.0302295883544,0.9849072591817701,0.9921053604274271,1.020319975761207,0.9845405543346023,50.07178124323701,50.073696332836874,46.94553741927132,5.429898466863506,-15.687025831911528,21.116924298775032,2620.566208345527,2288.7579859904104,2454.6620971679686,0.1351747039798005,0.6503238044023635,0.9235749509459517,4674297.9,1.1193221125251773,0.011978578170119825,0.18850341568795725,-0.0007359784271475656,-0.1580630754254828,0.0017851345251067574,-0.3039883464011268,0.033284682460986925,0.4069425313543982,0
2026-04-23,-0.006578676094074809,-0.0066004109605242505,0.0171306012909112,-0.002846955781682408,2532.0478515625,2516.7951941517567,2520.7805908203127,2509.4395301145005,2461.1343383789062,2494.395906734656,2534.5992236328125,2576.4237189764335,0.9826292214221057,0.9870213290458211,1.0109420563459397,0.9816400895989625,46.60544637354893,48.34635290021276,45.86801680890438,3.4999415739498545,-11.849632350739252,15.349573924689107,2621.5553911559177,2300.7132856018948,2461.1343383789062,0.1303635078145935,0.5839349640813722,-0.520445638368936,4448269.2,0.5640508447645209,-0.02758094503603281,0.9235749509459517,0.011978578170119825,0.18850341568795725,-0.0007359784271475656,-0.1580630754254828,0.008610952540437866,-0.2577232530452064,0
2026-04-24,-0.049528162336765824,-0.05079674646342131,0.04847926734789872,-0.03661579487791392,2495.621728515625,2466.141783080338,2501.8275634765623,2483.147790264137,2461.78056640625,2482.0567690396883,2523.85095703125,2568.1261206219656,0.9475935130377648,0.9452429877506441,0.9606197210296965,0.9369946962792142,29.05489504811034,37.834317445898314,38.86306971096752,-7.882271694310475,-11.056160219453497,3.173888525143022,2620.5318940372913,2303.0292387752083,2461.78056640625,0.12897276857034373,0.19466206388502183,1.0357182997548873,4396215.0,1.161844677751202,-0.006578676094074809,-0.520445638368936,-0.02758094503603281,0.9235749509459517,0.011978578170119825,0.18850341568795725,0.0017851345251067574,-0.3039883464011268,1
2026-04-27,0.021152415911687816,0.020931809051695224,0.025371831663070856,0.021152404096192855,2469.57490234375,2449.0468332514756,2494.2601806640623,2470.731270869521,2464.1879272460938,2475.656784711504,2513.9728955078126,2562.1155642679178,0.977843162927324,0.9681656117169091,0.9799808313696777,0.9605739735336162,39.79231263394837,43.23030976847119,42.59941925192972,-12.719776901203659,-11.38888355580353,-1.3308933454001295,2618.497598537106,2309.8782559550814,2464.1879272460938,0.12524180447833333,0.3401558591900876,0.1459958936660377,3933533.6,1.488083132174084,-0.049528162336765824,1.0357182997548873,-0.006578676094074809,-0.520445638368936,-0.02758094503603281,0.9235749509459517,-0.0007359784271475656,-0.1580630754254828,0
2026-04-28,-0.0011848851520747106,-0.001185587683487371,0.024379309873050207,0.00028639573317321804,2436.85849609375,2436.6964239905674,2491.5074951171873,2460.0520589784715,2467.50791015625,2469.5938152598133,2503.319345703125,2556.2285070601074,0.9897971545476051,0.9680868350569832,0.9775026842025464,0.9635189412045533,39.39442012849956,43.000385665901675,42.44362462243264,-16.593144456162918,-12.429735735875408,-4.16340872028751,2614.134584589007,2320.8812357234933,2467.50791015625,0.11884596100319851,0.3107018900133409,-0.22979059268718738,4010411.2,1.1241647739264242,0.021152415911687816,0.1459958936660377,-0.049528162336765824,1.0357182997548873,-0.006578676094074809,-0.520445638368936,0.011978578170119825,0.18850341568795725,1
2026-04-29,0.01227142899654976,0.012196745374174537,0.016284723595850988,0.009669502722103183,2424.269189453125,2438.3290287541286,2483.5947998046877,2456.6960915789764,2471.6961181640627,2466.9271888809026,2494.7337548828127,2551.733045539368,1.0071465037395593,0.9830888027601199,0.9878213670112603,0.9786993235259853,45.920468340030375,46.18868042534458,44.64258737900903,-17.077593974792762,-13.35930738365888,-3.7182865911338823,2610.1073735594855,2333.28486276864,2471.6961181640627,0.11199698407766448,0.39125927730076737,-0.3709554887217378,3767868.9,0.7526697651290363,-0.0011848851520747106,-0.22979059268718738,0.021152415911687816,0.1459958936660377,-0.049528162336765824,1.0357182997548873,-0.02758094503603281,0.9235749509459517,0
2026-04-30,-0.00032327510781671176,-0.0003233273724785917,0.02142366388785108,-0.002057320555163433,2414.817333984375,2439.1543297162943,2473.4325927734376,2453.806789772003,2477.3692016601562,2464.4393548580188,2489.28365234375,2547.382923425692,1.0107617239989624,0.9868087526508141,0.985240685968394,0.9805250315055576,45.76714355305433,46.114603352214104,44.594881395319675,-17.325496617703266,-14.152545230467759,-3.172951387235507,2600.056787678071,2354.6816156422415,2477.3692016601562,0.0990466709085576,0.3509862684306457,0.4000354729842899,3774373.2,1.0519484400747652,0.01227142899654976,-0.3709554887217378,-0.0011848851520747106,-0.22979059268718738,0.021152415911687816,0.1459958936660377,-0.006578676094074809,-0.520445638368936,0
2026-05-01,0.0,0.0,0.0,0.0,2430.011328125,2439.704530357738,2462.8165283203125,2451.4428155662977,2480.61025390625,2462.188457408743,2484.9760595703124,2543.2033943360816,1.004441791439694,0.9910624293663077,0.9839534154134278,0.9822247269708807,45.76714355305433,46.11460335221411,44.594881395319675,-17.32228077818627,-14.786492340011462,-2.535788438174807,2595.5964219244693,2365.6240858880305,2480.61025390625,0.09270796799872057,0.3269125628253051,-1.0,3502552.6,0.0,-0.00032327510781671176,0.4000354729842899,0.01227142899654976,-0.3709554887217378,-0.0011848851520747106,-0.22979059268718738,-0.049528162336765824,1.0357182997548873,0
2026-05-04,-0.017219741222262996,-0.01736972525059305,0.03014849971456833,-0.02514031723010224,2426.794921875,2426.061321019742,2448.184912109375,2441.866831344016,2479.6532348632813,2456.1490712120767,2479.5437158203126,2537.53953190501,0.9884538988941014,0.9798176969716503,0.9673832085138345,0.9674259368926506,36.84958155888816,41.9588032002196,41.96233702490773,-20.47517918654148,-15.924229709317467,-4.550949477224014,2597.0049641922446,2362.301505534318,2479.6532348632813,0.09465172603897062,0.1554020422962359,-1.0,3536932.6,0.7442488443234683,0.0,-1.0,-0.00032327510781671176,0.4000354729842899,0.01227142899654976,-0.3709554887217378,0.021152415911687816,0.1459958936660377,0
2026-05-05,-0.0016452286537053107,-0.0016465835286234092,0.019857434269465492,-0.0011110910172324865,2423.361474609375,2415.6503370600367,2430.1099853515625,2433.314383670672,2477.3544067382813,2450.3090043481293,2473.8193359375,2531.9430157181714,0.9882258153528873,0.9854814735038285,0.9666878354694873,0.9680692257314983,36.0794670579254,41.57988954196305,41.71952209936799,-23.0268865234043,-17.344761072134833,-5.682125451269467,2599.3687639665295,2355.340049510033,2477.3544067382813,0.09850375618149358,0.16181833239805687,0.2861928354729866,3603508.7,0.9395620440711021,-0.017219741222262996,-1.0,0.0,-1.0,-0.00032327510781671176,0.4000354729842899,-0.0011848851520747106,-0.22979059268718738,1
2026-05-06,0.003336963592506903,0.0033314082846408683,0.026484356814635224,-0.0026618617715498064,2415.606591796875,2411.3734994462748,2419.937890625,2427.769918315777,2472.2042236328125,2445.7862252881882,2468.6987646484376,2526.8793611495666,0.9947066018028153,0.9929262372920534,0.9719341959087406,0.9733143057496246,39.08686292256485,42.708138359904844,42.42783906248937,-24.126177775131964,-18.70104441273426,-5.425133362397705,2597.6250708850803,2346.7833763805447,2472.2042236328125,0.10146479490109962,0.2233936744403234,-0.07032241295795283,3395067.0,0.9271180804384714,-0.0016452286537053107,0.2861928354729866,-0.017219741222262996,-1.0,0.0,-1.0,0.01227142899654976,-0.3709554887217378,0
2026-05-07,-0.013960749648189608,-0.014059117512768558,0.01736485086518752,-0.015093121796855855,2401.300537109375,2397.340552365225,2408.058935546875,2417.134416477113,2464.4197631835937,2438.499409375325,2463.2427392578124,2520.698784563432,0.9866631109220498,0.9838939667251366,0.961392492301085,0.9618518794120142,31.76735151160638,39.27895138936608,40.27065777778103,-27.3884713123457,-20.43852979265655,-6.949941519689151,2594.996103758141,2333.8434226090462,2464.4197631835937,0.10596923667408505,0.13567249410642926,0.8520593920247246,3727121.4,1.564100917131382,0.003336963592506903,-0.07032241295795283,-0.0016452286537053107,0.2861928354729866,-0.017219741222262996,-1.0,-0.00032327510781671176,0.4000354729842899,0
2026-05-08,-0.0029149216516913823,-0.002919178309704657,0.01332271284864514,-0.0015012917665763429,2385.613232421875,2385.6831709778585,2407.8122802734374,2407.1769604272968,2454.819921875,2431.2488378351154,2457.4848095703123,2514.4897501963615,0.9902562477844944,0.9811264887870944,0.9623387797825674,0.961295223068411,30.399988477279678,38.591924098308,39.832854698419396,-30.1832058920736,-22.387465012539963,-7.795740879533639,2585.764227434045,2323.875616315955,2454.819921875,0.10668343074145274,0.14698154197248717,-0.34949174848196973,3595569.4,1.0546866373932318,-0.013960749648189608,0.8520593920247246,0.003336963592506903,-0.07032241295795283,-0.0016452286537053107,0.2861928354729866,0.0,-1.0,0
2026-05-11,-0.0006264816544324647,-0.0006266779760630169,0.0183877311194269,0.009236567837937538,2378.0359375,2377.418256563364,2402.4154296875,2398.760863574038,2448.3378051757813,2424.54784639695,2451.8926318359377,2508.4661689233426,0.9927892133608158,0.9827144791696053,0.9642821438869512,0.9628840990343773,30.076329145196254,38.436771384393865,39.735653094387125,-32.146905718232574,-24.339353153678488,-7.807552564554086,2584.3080670441777,2312.367543307385,2448.3378051757813,0.11107148824067947,0.17842461932577838,-0.4791444225368975,3207745.7,0.6157557938585967,-0.0029149216516913823,-0.34949174848196973,-0.013960749648189608,0.8520593920247246,0.003336963592506903,-0.07032241295795283,-0.017219741222262996,-1.0,0
2026-05-12,-0.03869775585797153,-0.03946640942642918,0.03999478244017284,-0.03145261101973688,2352.975732421875,2341.4546189589096,2388.168603515625,2375.2638599696675,2439.8380493164063,2409.7839890020023,2446.497783203125,2499.0960189165453,0.9645349556639996,0.9503212379599275,0.9301958973817447,0.9276637646401531,17.023313457415853,30.330333292010593,34.30897239419842,-40.60713415379723,-27.59290935370224,-13.014224800094993,2596.611844569748,2283.0642540630647,2439.8380493164063,0.12851164059619982,-0.04317338331699337,2.2138125586020165,3391697.8,1.8715948101272466,-0.0006264816544324647,-0.4791444225368975,-0.0029149216516913823,-0.34949174848196973,-0.013960749648189608,0.8520593920247246,-0.0016452286537053107,0.2861928354729866,0
2026-05-13,-0.011954947426759732,-0.012026982503421066,0.017687412138433473,-0.014397203457014304,2320.8908203125,2308.4348338632317,2368.2487060546873,2351.1059333700687,2425.9217529296875,2393.8422056372283,2439.4631640625,2489.0293226324407,0.9661786948556003,0.946858012817212,0.924347729255416,0.9192166935357848,14.798149229045293,28.41378904030357,32.90757613555233,-48.93714134853417,-31.86175575266863,-17.07538559586554,2599.96681561,2251.876690249375,2425.9217529296875,0.14348777941425808,-0.027238424438719704,-0.5003306613668429,3425286.0,0.9260082223790947,-0.03869775585797153,2.2138125586020165,-0.0006264816544324647,-0.4791444225368975,-0.0029149216516913823,-0.34949174848196973,0.003336963592506903,-0.07032241295795283,0
2026-05-14,-0.011791590304513377,-0.01186166249185648,0.026090871618989337,-0.008388520971302408,2290.22666015625,2277.607841716113,2345.7635986328123,2326.5328286522154,2409.598095703125,2376.9004581881472,2431.5366455078124,2478.3204808594774,0.9675696715846859,0.9446620532066425,0.919636291783861,0.9113388694000479,12.883458307231123,26.64665111979626,31.58732412438374,-57.01509800995427,-36.89242420412576,-20.122673805828512,2597.5567228559803,2221.63946855027,2409.598095703125,0.1560082799600723,-0.015124634645717302,0.7760377799279472,3591572.7,1.5684808496289104,-0.011954947426759732,-0.5003306613668429,-0.03869775585797153,2.2138125586020165,-0.0006264816544324647,-0.4791444225368975,-0.013960749648189608,0.8520593920247246,1
2026-05-15,0.008014171027814765,0.007982228109696298,0.023365681247239454,0.005328596802841948,2264.495556640625,2262.976191352409,2325.05439453125,2309.6564762836306,2393.9354614257813,2363.2635469916568,2424.1685498046877,2468.728026340478,0.9864063915138385,0.9607142507628664,0.9330714744058489,0.9214346464502097,20.90271998022736,29.804351636996046,33.46969218498327,-61.27756171412284,-41.769451706125174,-19.508110007997665,2585.665295322781,2202.205627528782,2393.9354614257813,0.160179618027638,0.0821657810258793,-0.3945592939714161,3932636.4,0.8672647692525045,-0.011791590304513377,0.7760377799279472,-0.011954947426759732,-0.5003306613668429,-0.03869775585797153,2.2138125586020165,-0.0029149216516913823,-0.34949174848196973,1
2026-05-18,0.008480550617709248,0.008444792770247145,0.017825837439679883,0.00848054380383172,2242.849072265625,2259.536129521398,2310.4425048828125,2299.292754388311,2379.3137084960936,2352.729495455249,2417.6509228515624,2460.254613772592,1.0043725338967384,0.9749889906797882,0.9467671277711522,0.9317540363529488,29.032388175321742,33.11197557699657,35.458658094217,-62.40764731306126,-45.89709082751239,-16.510556485548868,2567.269874180914,2191.357542811273,2379.3137084960936,0.15799191591563855,0.16306584789267284,0.10634347777262732,4046734.2,0.9324397930558423,0.008014171027814765,-0.3945592939714161,-0.011791590304513377,0.7760377799279472,-0.011954947426759732,-0.5003306613668429,-0.0006264816544324647,-0.4791444225368975,1
2026-05-19,0.019227519944718052,0.01904500698684567,0.03459240970385247,0.011782651154891344,2248.13740234375,2271.6804177278073,2300.5565673828123,2298.688434343277,2365.3332763671874,2347.323733425285,2412.5066748046875,2453.8120404536917,1.021276098047659,0.9980058854856126,0.9706746263118168,0.9516943592815149,44.30300478837813,40.06591992520954,39.78079825875015,-59.12667659676754,-48.543007981363424,-10.583668615404115,2533.354324652267,2197.3122280821076,2365.3332763671874,0.14206966093432385,0.2935845451074896,1.7547790602268125,4747632.9,2.1894504522453704,0.008480550617709248,0.10634347777262732,0.008014171027814765,-0.3945592939714161,-0.011791590304513377,0.7760377799279472,-0.03869775585797153,2.2138125586020165,1
2026-05-20,0.00012877103202590945,0.0001287627417482557,0.010397848323145987,0.0015060889655660605,2258.911279296875,2279.875161297705,2289.9010498046873,2298.247745996772,2354.919470214844,2342.4609634264484,2407.5459326171876,2447.6337113550176,1.016536005412418,1.002778984110844,0.9750926422244101,0.9537781262354914,44.3982838379539,40.111689369002626,39.80968794312955,-55.85872225579806,-50.006150836250356,-5.852571419547701,2512.6395797949485,2197.199360634739,2354.919470214844,0.13394947179719532,0.3140540799347037,-0.7558928789431005,4686612.3,0.5414192251405135,0.019227519944718052,1.7547790602268125,0.008480550617709248,0.10634347777262732,0.008014171027814765,-0.3945592939714161,-0.011954947426759732,-0.5003306613668429,0
2026-05-21,-8.590718196799241e-05,-8.591087220129579e-05,0.009410408561035647,-0.001630222577488078,2274.933984375,2285.272568469303,2282.580322265625,2297.8513163269045,2345.31962890625,2338.0425271775007,2402.9995703125,2441.689933765115,1.0092896754730691,1.005908690447961,0.9789997723607853,0.95550053823518,44.33924090659846,40.08969120664233,39.79631253161932,-52.677528821923715,-50.54042643338503,-2.137102388538686,2492.473339356516,2198.1659184559835,2345.31962890625,0.1254871264765665,0.3326503424784669,0.3001727737837854,4433561.6,0.7441166487908955,0.00012877103202590945,-0.7558928789431005,0.019227519944718052,1.7547790602268125,0.008480550617709248,0.10634347777262732,-0.011791590304513377,0.7760377799279472,0
2026-05-22,-0.004253940479922114,-0.0042630142266540565,0.013765978367748325,-0.005919972652396985,2285.451416015625,2285.615061922244,2274.973486328125,2295.751085872581,2341.3928833007812,2333.1146720966076,2398.8537890625,2435.596212787194,1.0003713195592578,1.0049787668155559,0.9764700598239673,0.9530801999073224,41.17610125630908,38.95064991760789,39.113101981585906,-50.363987630925294,-50.50513867289308,0.14115104196778816,2490.4332459705697,2192.352520630993,2341.3928833007812,0.12730914468286814,0.3151747839116606,-0.20667081528919973,4316067.9,0.6063996351864621,-8.590718196799241e-05,0.3001727737837854,0.00012877103202590945,-0.7558928789431005,0.019227519944718052,1.7547790602268125,0.008014171027814765,-0.3945592939714161,1
2026-05-25,0.009578752515434275,0.0095331671350907,0.014340221105821033,-0.007225827452956989,2296.560205078125,2293.143358338788,2269.704638671875,2298.014515926998,2336.0600341796876,2330.7418415323473,2395.428173828125,2430.6002809591423,1.0050683391918107,1.016960494261723,0.9880739010983527,0.9635855403183093,50.42707748635425,42.87006542045053,41.47838688013982,-46.230434799947034,-49.65019789830387,3.419763098356839,2481.8003285300215,2190.3197398293537,2336.0600341796876,0.12477444262386939,0.4044187363144681,0.26023455045769195,4448385.5,0.7414744068381663,-0.004253940479922114,-0.20667081528919973,-8.590718196799241e-05,0.3001727737837854,0.00012877103202590945,-0.7558928789431005,0.008480550617709248,0.10634347777262732,0
2026-05-26,-0.01386361696427274,-0.013960614435911692,0.024382743691487418,-0.013863616964272777,2292.606396484375,2287.495555949817,2270.3718994140627,2294.048231426066,2329.2702514648436,2325.547375783731,2392.3136669921873,2424.545366065524,0.9928437583801306,1.0025670031237246,0.9772159111809403,0.9514638412920576,39.76601630583484,38.936473038883804,39.145272502262834,-45.01776024804121,-48.723710368251346,3.705950120210133,2472.8642364022494,2185.6762665274377,2329.2702514648436,0.12329525511013734,0.3152070913133914,0.0876898365371439,4172356.8,0.8598490426322122,0.009578752515434275,0.26023455045769195,-0.004253940479922114,-0.20667081528919973,-8.590718196799241e-05,0.3001727737837854,0.019227519944718052,1.7547790602268125,1
2026-05-27,0.00351462972129557,0.003508467843847686,0.01519140007629261,0.004043934581043956,2290.19345703125,2286.3970210238367,2274.5523681640625,2292.257635016213,2321.400537109375,2321.609525820697,2389.8031396484375,2419.041624304989,0.9973829696172722,1.004241530396418,0.9839749386877362,0.955810925709932,43.26448836956762,40.40859411809462,40.030739085963305,-42.916459556399786,-47.56226020588104,4.645800649481252,2456.5095067779,2186.29156744085,2321.400537109375,0.11640297958814429,0.362331175980516,-0.26024299830778097,4120567.5,0.6440739048686862,-0.01386361696427274,0.0876898365371439,0.009578752515434275,0.26023455045769195,-0.004253940479922114,-0.20667081528919973,0.00012877103202590945,-0.7558928789431005,0
2026-05-28,0.0,0.0,0.0,0.0,2287.819970703125,2285.6646644065163,2281.3769775390624,2290.7926015899693,2313.5702880859376,2318.046709187476,2387.9220751953126,2413.753715554671,0.9984176991294742,1.00123739901849,0.9873051892716165,0.9565638572963258,43.26448836956762,40.40859411809462,40.030739085963305,-40.78106488851654,-46.20602114240815,5.424956253891608,2437.805859956308,2189.3347162155674,2313.5702880859376,0.1073972746885099,0.3817957833175664,-1.0,3557236.2,0.0,0.00351462972129557,-0.26024299830778097,-0.01386361696427274,0.0876898365371439,0.009578752515434275,0.26023455045769195,-8.590718196799241e-05,0.3001727737837854,0
2026-05-29,-0.011076109521473865,-0.011137906358583409,0.043826643180284924,-0.014011391382038411,2282.33994140625,2276.743077052261,2283.8956787109373,2284.9939289997474,2304.4750366210938,2312.4136799642642,2385.5606640625,2407.68101699738,0.9897298212955702,0.9890556400626428,0.980223203309606,0.946905243858669,34.611243754087866,37.125837782594175,38.09792895973254,-40.66153091121032,-45.09712309616859,4.435592184958267,2416.1156306380785,2192.834442604109,2304.4750366210938,0.09689026111619446,0.2958845764005428,-1.0,4849330.7,3.367801251418056,0.0,-1.0,0.00351462972129557,-0.26024299830778097,-0.01386361696427274,0.0876898365371439,-0.004253940479922114,-0.20667081528919973,1
2026-06-01,0.0170436945701109,0.016900080322555758,0.023940107224645728,0.005866857418454466,2280.179931640625,2283.6286854827576,2288.370068359375,2287.2495605168388,2299.406286621094,2310.983796381358,2384.3145703125,2403.3562674031205,1.007552022743545,1.0039459675291282,0.9991274337688743,0.9635473150015778,51.74567849544163,44.51303857003084,42.53150419795209,-37.0332745938199,-43.48435339569885,6.45107880187895,2402.3255360167313,2196.4870372254563,2299.406286621094,0.08951810734315609,0.49025262869130054,-0.5404551132890861,5222506.6,1.4370675950893006,-0.011076109521473865,-1.0,0.0,-1.0,0.00351462972129557,-0.26024299830778097,0.009578752515434275,0.26023455045769195,1
2026-06-02,0.0650735641833553,0.0630438711264337,0.05770565074469429,0.05469823376885776,2314.319921875,2338.052424436422,2303.4631591796874,2316.2768953944587,2302.00986328125,2323.928187425395,2385.089609375,2405.0638609302036,1.0572867991221098,1.0622700400448963,1.0629406682280569,1.0259152917046783,77.93703063856466,62.79362709534306,55.520569120701545,-21.842666087673024,-39.15601593409368,17.313349846420657,2416.4434947877958,2187.5762317747044,2302.00986328125,0.0994206265853559,1.1330745479060154,0.5064602113630807,5313648.6,2.127752106151694,0.0170436945701109,-0.5404551132890861,-0.011076109521473865,-1.0,0.0,-1.0,-0.01386361696427274,0.0876898365371439,0
2026-06-03,-0.0838611955378008,-0.08758739253233487,0.07503232137911521,-0.06322609645972628,2305.819921875,2305.9349333482396,2298.006689453125,2302.7174509903525,2293.9538696289064,2316.0969268298218,2383.43396484375,2398.657433096544,0.9721921169581251,0.9754975742500341,0.9772210247342574,0.9405336939212551,41.69607096243715,42.228683690009724,41.87887224333449,-26.06149978930125,-36.5371127051352,10.475612915833949,2401.333510808012,2186.574228449801,2293.9538696289064,0.09361970404093284,0.25668610044117324,0.38509517892378176,6625912.6,2.3634573749131556,0.0650735641833553,0.5064602113630807,0.0170436945701109,-0.5404551132890861,-0.011076109521473865,-1.0,0.00351462972129557,-0.26024299830778097,0
2026-06-04,-0.00031224123973816464,-0.00031228999718371553,0.016287371709058456,-0.000312241239738214,2297.179931640625,2284.289955565493,2292.499951171875,2291.496096264834,2287.54013671875,2308.944838560315,2381.0815771484376,2392.4747886613854,0.9755439568025036,0.9775354624781782,0.9796549420175389,0.9411689299128516,41.61905418867278,42.17794111521867,41.84205025521079,-29.12569324116157,-35.054828812340475,5.929135571178904,2391.4247923894927,2183.6554810480075,2287.54013671875,0.09082652059583522,0.27600090976738284,-0.6891926098376877,6782730.2,0.7175964333654316,-0.0838611955378008,0.38509517892378176,0.0650735641833553,0.5064602113630807,0.0170436945701109,-0.5404551132890861,0.0,-1.0,0
2026-06-05,-0.018786299712739818,-0.01896500390761328,0.03629089652651683,-0.02828229385387899,2285.179931640625,2255.826604491579,2283.7599365234373,2274.6604246428183,2279.3667114257814,2298.464368444452,2378.0213671875,2384.883616648929,0.9622436605090738,0.9628419638936001,0.9646977343844343,0.9246762592988818,36.843602801132725,39.13215916149668,39.640848479412725,-34.55291022313304,-34.95444509449899,0.40153487136595345,2384.134866640488,2174.598556211075,2279.3667114257814,0.0919274241301631,0.11597677788099392,0.03132232632590437,7022975.7,0.7147564244028354,-0.00031224123973816464,-0.6891926098376877,-0.0838611955378008,0.38509517892378176,0.0650735641833553,0.5064602113630807,-0.011076109521473865,-1.0,0
2026-06-08,-0.02160171090524443,-0.021838443287363684,0.01566419666337348,-0.008571473574308756,2255.979931640625,2221.017703775636,2268.079931640625,2252.2494205884423,2268.89228515625,2284.4582288158135,2373.7151708984375,2375.72739255853,0.9536431916657959,0.9485555920366201,0.9482159714759624,0.9063429044561642,32.00908873234553,35.97558172405628,37.315258448239476,-42.20041173068148,-36.403638421735494,-5.796773308945987,2380.62166680556,2157.1629035069404,2268.89228515625,0.0984880440382963,-0.02578999846825896,0.3022116585456909,7346812.7,0.889737395918641,-0.018786299712739818,0.03132232632590437,-0.00031224123973816464,-0.6891926098376877,-0.0838611955378008,0.38509517892378176,0.0170436945701109,-0.5404551132890861,0
2026-06-09,-0.000185880060380339,-0.00018589733821986623,0.01915385921519061,-0.010579576816927323,2196.799951171875,2197.6784691837574,2255.5599365234375,2233.840435026907,2262.96591796875,2271.7479213095453,2369.823251953125,2366.9145536346664,0.9791515148443793,0.953643467934353,0.9505224903832175,0.9076626276779172,31.967887348571097,35.9492900658272,37.29591645898032,-47.743028634607526,-38.6715164643099,-9.071512170297623,2385.9399190078384,2139.991916929662,2262.96591796875,0.10868391791730599,0.04475776577700845,-0.36533213681327714,7402918.5,0.5604080336694237,-0.02160171090524443,0.3022116585456909,-0.018786299712739818,0.03132232632590437,-0.00031224123973816464,-0.6891926098376877,0.0650735641833553,0.5064602113630807,1
2026-06-10,0.001348164734425783,0.0013472567763100013,0.0167138686253836,0.0012085034428559675,2179.23994140625,2183.0856135704216,2242.529931640625,2219.3057927208783,2258.541149902344,2260.52430045566,2365.7446484375,2358.5610378977676,0.9883720747857859,0.9604776605001506,0.9536686557324322,0.9104532493675229,32.700753906129236,36.31276682045048,37.54241739768452,-51.31012341642054,-41.19923785473203,-10.110885561688505,2390.217797152409,2126.864502652279,2258.541149902344,0.11660327486683907,0.10265829308415063,-0.31335577434132267,7422388.5,0.3837915517356711,-0.000185880060380339,-0.36533213681327714,-0.02160171090524443,0.3022116585456909,-0.018786299712739818,0.03132232632590437,-0.0838611955378008,0.38509517892378176,0
2026-06-11,-0.008496125872695992,-0.008532423690228632,0.020884105458319244,0.004043299321227081,2158.1599609375,2167.2571082656978,2227.6699462890624,2204.0865754364004,2254.5234619140624,2248.626757331907,2361.90978515625,2349.8174716137864,0.9895467140112034,0.9586698878861359,0.947251219041718,0.9041836022178854,30.29786934887248,34.96434474896539,36.58933670882755,-54.97993852349373,-43.95537798848438,-11.02456053500935,2395.7124739980245,2113.3344498301003,2254.5234619140624,0.1252495389549811,0.07885049798672995,0.08114896529935223,7730370.0,0.3984046041780665,0.001348164734425783,-0.31335577434132267,-0.000185880060380339,-0.36533213681327714,-0.02160171090524443,0.3022116585456909,-0.00031224123973816464,-0.6891926098376877,1
2026-06-12,0.012080822020852366,0.012008431333310476,0.01387989328928395,0.005302280159883721,2150.6599609375,2165.3047062917153,2217.9199462890624,2196.3253621468275,2250.9078125,2240.3194378092253,2357.61810546875,2342.428547328687,1.004993788698037,0.9745166438311358,0.960234750770696,0.916772694156933,37.813848625944004,38.4353295945567,38.88605137486181,-55.17049370611858,-46.19840113201122,-8.972092574107357,2397.6382760869365,2104.1773489130637,2250.9078125,0.13037447626428403,0.19499206923987694,-0.3101351866914084,6309677.4,0.33672973518424254,-0.008496125872695992,0.08114896529935223,0.001348164734425783,-0.31335577434132267,-0.000185880060380339,-0.36533213681327714,-0.018786299712739818,0.03132232632590437,1
2026-06-15,0.00027764304773003623,0.000277604512031674,0.015124861781625809,-0.013686131386861315,2152.77998046875,2164.20313752781,2204.3799560546877,2190.0843872110404,2246.3750122070314,2232.860443732156,2352.4997998046874,2335.3529180216797,1.0042828434001148,0.9807746591333839,0.9624394806083005,0.9190223948922319,37.995281742476365,38.51752409141018,38.940064076828804,-54.64319446401669,-47.88735979841232,-6.755834665604368,2398.1246495020055,2094.6253749120574,2246.3750122070314,0.13510623691089066,0.22199270551460507,0.5706462599121929,5892876.2,0.5662910413763655,0.012080822020852366,-0.3101351866914084,-0.008496125872695992,0.08114896529935223,0.001348164734425783,-0.31335577434132267,-0.02160171090524443,0.3022116585456909,1
2026-06-16,0.017113783533765137,0.016968992355607698,0.022009960138130967,0.014766958929395477,2162.37998046875,2175.802091685207,2179.5899658203125,2191.7054077181238,2241.5265625,2229.6356395671887,2347.663701171875,2330.0057447659274,1.016935052979593,1.0089053604045117,0.9810278569919912,0.936675895658451,48.75090670222204,43.524078977484486,42.244648722903214,-50.655786858791544,-48.44104521048817,-2.2147416483033737,2392.8239131325445,2090.229211867456,2241.5265625,0.1349949210182909,0.35946031995205124,-0.07706880530091698,5070253.3,0.607444602422526,0.00027764304773003623,0.5706462599121929,0.012080822020852366,-0.3101351866914084,-0.008496125872695992,0.08114896529935223,-0.000185880060380339,-0.36533213681327714,1
2026-06-17,0.01091405184174632,0.010854923409435465,0.013630251384671615,0.006337709370755998,2176.2,2191.5347277901383,2177.719970703125,2197.395333587556,2237.863330078125,2229.003673894123,2342.0072314453123,2325.8094410496165,1.021505376344086,1.0207924021022112,0.993358249416596,0.949185796761238,54.69775601267965,46.56369188271315,44.297849023940216,-45.039945722403445,-47.760825312871226,2.7208795904677814,2387.2172932478825,2088.509366908367,2237.863330078125,0.13347907458186345,0.4502412598812963,-0.06977114177157817,3790748.1,0.7557901301856486,0.017113783533765137,-0.07706880530091698,0.00027764304773003623,0.5706462599121929,0.012080822020852366,-0.3101351866914084,0.001348164734425783,-0.31335577434132267,0
2026-06-18,-0.008861876370614086,-0.00890137633269353,0.014523668720027454,-0.0025803309967745588,2189.739990234375,2195.456501469467,2173.9499755859374,2198.46891817675,2233.224963378906,2226.555709602123,2335.573955078125,2321.0051511585775,1.0061925427923972,1.013500804329353,0.986600134316292,0.9433655671821467,49.22748215724308,44.44896074429807,42.98093284341118,-41.69830052985753,-46.54832035626849,4.850019826410957,2380.811989445494,2085.637937312318,2233.224963378906,0.1321738996176062,0.39861942696345265,0.303725990485199,3677540.6,1.0156755305434289,0.01091405184174632,-0.06977114177157817,0.017113783533765137,-0.07706880530091698,0.00027764304773003623,0.5706462599121929,-0.008496125872695992,0.08114896529935223,0
2026-06-19,-0.03553762406067695,-0.036184456272985936,0.03675298713235294,0.009501187648456057,2182.460009765625,2171.971000979645,2166.5599853515623,2185.1109330537042,2225.1599609375,2216.8837372590638,2326.986650390625,2313.318674642555,0.9736719071559091,0.9808175238015308,0.9549875232811125,0.9131981911642174,33.6310893009548,37.21456493865041,38.23693240365983,-44.851165877771564,-46.208889460569104,1.35772358279754,2377.8062475161287,2072.513674358871,2225.1599609375,0.137200281560267,0.17192139690241687,2.557117339207558,4504219.1,2.949790342126119,-0.008861876370614086,0.303725990485199,0.01091405184174632,-0.06977114177157817,0.017113783533765137,-0.07706880530091698,0.012080822020852366,-0.3101351866914084,1
2026-06-22,0.001317670036764751,0.0013168026714524396,0.016918882965449134,-0.0020635505320839055,2175.62001953125,2157.2473502624716,2164.2,2174.690772285417,2216.1399658203127,2208.3995764561173,2319.7320361328125,2306.043434414538,0.978020072313258,0.9831808746086892,0.9601379342664901,0.9172611386508874,34.49691143149211,37.60565263791004,38.49184684612523,-46.58686941047199,-46.28448545054969,-0.3023839599223024,2369.4113266812137,2062.8686049594116,2216.1399658203127,0.138322816450961,0.2118185794919667,-0.656335354482316,4307155.8,1.0601197662736046,-0.03553762406067695,2.557117339207558,-0.008861876370614086,0.303725990485199,0.01091405184174632,-0.06977114177157817,0.00027764304773003623,0.5706462599121929,0
2026-06-23,-0.0320518608923972,-0.032576768442831014,0.028646337736699397,-0.024348603668285174,2147.7400390625,2124.698266060398,2155.060009765625,2153.7651950801137,2205.3099731445313,2194.2281975227966,2312.1335888671874,2296.3789898357813,0.9589615410602843,0.9557042905177583,0.9339277120846123,0.8907790222732483,25.16726378184549,32.324275403003256,34.81680524380148,-52.8562985462645,-47.59884806969265,-5.257450476571847,2370.2416583708728,2040.37828791819,2205.3099731445313,0.14957687330563044,0.05827203460536198,0.40004261841777033,4531563.9,1.4107129770364706,0.001317670036764751,-0.656335354482316,-0.03553762406067695,2.557117339207558,-0.008861876370614086,0.303725990485199,0.017113783533765137,-0.07706880530091698,1
2026-06-24,0.023985191299983555,0.023702064891635982,0.02830723147077999,0.023289665211062592,2124.9400390625,2119.465510706932,2150.57001953125,2145.626068701911,2196.5499755859373,2186.1112263301493,2303.8991650390626,2289.0307941559468,0.9924985934805329,0.9806702320065305,0.9601420515995394,0.9154046461769701,39.08837832457958,39.00626780612386,39.22963034111406,-53.225160519292785,-48.72411055961268,-4.501049959680103,2362.3990244872916,2030.700926684583,2196.5499755859373,0.15100867336934914,0.23605523768179296,-0.2573951122023497,4721426.6,1.0054751248277376,-0.0320518608923972,0.40004261841777033,0.001317670036764751,-0.656335354482316,-0.03553762406067695,2.557117339207558,0.01091405184174632,-0.06977114177157817,0
2026-06-25,-0.006780487827465653,-0.006803579777373302,0.028882418203214934,-0.018232163809472374,2103.22001953125,2111.2103241952464,2146.4800048828124,2136.3667746055407,2187.0749755859374,2177.40539060079,2294.9446240234374,2281.4099767840225,0.9959490361064204,0.9758767593487253,0.9577632109345888,0.9127453138714525,36.77777170175956,37.841504784274015,38.43867812805025,-54.04834504263499,-49.78895745621715,-4.259387586417844,2353.46303516976,2020.686916002115,2187.0749755859374,0.15215578929958332,0.22241089701654332,-0.0017639585808875147,4887335.4,0.9696291766675149,0.023985191299983555,-0.2573951122023497,-0.0320518608923972,0.40004261841777033,0.001317670036764751,-0.656335354482316,-0.008861876370614086,0.303725990485199,0
2026-06-26,0.0,0.0,0.0,0.0,2097.160009765625,2105.7068665207894,2139.810009765625,2128.790988526692,2178.8649780273436,2169.5286820837505,2285.8993115234375,2274.088014995311,0.9988269571314089,0.9789186617560074,0.9613720778000351,0.9163570506418598,36.77777170175956,37.841504784274015,38.43867812805025,-54.077354625964745,-50.64663689016667,-3.4307177357980763,2346.466395499774,2011.2635605549133,2178.8649780273436,0.15384286696293586,0.24891314129454362,-1.0,4674869.8,0.0,-0.006780487827465653,-0.0017639585808875147,0.023985191299983555,-0.2573951122023497,-0.0320518608923972,0.40004261841777033,-0.03553762406067695,2.557117339207558,1
2026-06-29,0.00152764178472653,0.0015264761270026021,0.016206683627762977,0.003779857580741627,2091.17998046875,2103.104545128443,2133.4,2123.174427402521,2168.8899780273437,2162.706893537084,2276.95548828125,2267.1786772442692,1.0032134593568047,0.9833598492283444,0.9672689364593031,0.9213618417843297,37.89591619759141,38.319502959697985,38.74337885950674,-53.22855002225879,-51.163019516585095,-2.065530505673692,2330.7330986050147,2007.0468574496724,2168.8899780273437,0.14924050755665463,0.2806824428798496,-1.0,4682408.5,0.7287851967635887,0.0,-1.0,-0.006780487827465653,-0.0017639585808875147,0.023985191299983555,-0.2573951122023497,0.001317670036764751,-0.656335354482316,0
2026-06-30,-0.02111626233358832,-0.02134239971778827,0.03277174017713272,-0.017416221217105263,2089.97998046875,2086.6030626377124,2118.860009765625,2110.5245492668355,2149.224987792969,2152.3157701198616,2266.5159375,2258.8030466721902,0.9825931907709754,0.9692004607153856,0.9555072685829342,0.9060602944276672,29.476088065853673,34.37810063302888,36.14299502696335,-55.49082656112432,-52.028580925492946,-3.462245635631376,2258.067975689111,2040.381999896827,2149.224987792969,0.10128580163951323,0.06072094314442991,-0.46333594141486956,4557553.7,0.401827410174015,0.00152764178472653,-1.0,0.0,-1.0,-0.006780487827465653,-0.0017639585808875147,-0.0320518608923972,0.40004261841777033,0
