Date,Close,High,Low,Open,Volume
2021-06-30,2916.019775390625,2947.6138026962844,2909.700969929493,2916.2376652341122,1693146
2021-07-01,2912.31591796875,2930.1828867906443,2904.3412340712302,2926.696648971738,990310
2021-07-02,2898.3271484375,2910.7468698200696,2871.962476730642,2903.164345637849,1682274
2021-07-05,2894.448974609375,2940.6416261162394,2877.8893448238955,2912.751723319642,1972858
2021-07-06,2843.288330078125,2900.5497412474615,2837.884704246596,2887.4763499858295,2159420
2021-07-07,2854.31396484375,2861.068551496173,2825.2475809189878,2854.357585378772,2640710
2021-07-08,2839.976318359375,2874.4029148225313,2816.7927530962797,2874.4029148225313,2485811
2021-07-09,2796.09375,2860.4585093719593,2789.862184186363,2832.568603125798,6365067
2021-07-12,2782.976806640625,2820.366625180118,2778.836898893528,2819.4950656544133,1892226
2021-07-13,2778.14013671875,2801.192847998327,2767.202020035684,2801.192847998327,1809339
2021-07-14,2801.67138671875,2808.1644618657065,2775.9167632036856,2777.6598820502813,2044279
2021-07-15,2797.6533203125,2822.8964842713835,2789.835882951835,2819.184273093379,2232968
2021-07-16,2790.534423828125,2812.4146737671153,2788.0886893458846,2806.4313780915813,1256526
2021-07-19,2781.625732421875,2794.9023053084866,2774.1138778064173,2777.607724000128,1597058
2021-07-20,2800.142822265625,2808.178625137528,2756.775332345759,2781.6254817571275,1811945
2021-07-22,2809.358154296875,2816.8697957122436,2786.342357051715,2786.342357051715,2859334
2021-07-23,2806.300537109375,2831.368836575758,2800.8849058453,2821.280314782086,1776193
2021-07-26,2792.937255859375,2816.2586385488767,2787.08510563354,2795.077194186681,1259611
2021-07-27,2780.1845703125,2803.8117493545283,2761.143064692313,2795.0771333129255,1121367
2021-07-28,2793.15478515625,2798.963217912724,2736.03028415135,2784.594821161918,1660654
2021-07-29,2791.408447265625,2817.3064967675937,2786.604408769665,2795.2953084901396,1731997
2021-07-30,2766.645751953125,2815.603314622655,2762.191225983625,2811.6727376362114,2999943
2021-08-02,2812.02197265625,2816.826011085384,2766.25267364857,2777.6076735719776,2608669
2021-08-03,2869.23388671875,2873.688626119012,2811.6291376075883,2820.4074692213644,3804735
2021-08-04,2859.669677734375,2886.9653538326647,2848.5330418862727,2882.4233959794033,2929598
2021-08-05,2868.4033203125,2895.5243375261384,2849.667617248575,2860.585883981328,2534521
2021-08-06,2890.982421875,2903.385530408372,2851.851310704974,2858.445986553787,2292362
2021-08-09,2902.250732421875,2914.7412755930864,2891.1578130695584,2903.2988436623186,1510489
2021-08-10,2912.03369140625,2926.009077718762,2896.049513909292,2896.049513909292,2040777
2021-08-11,2921.0302734375,2934.8310095246384,2906.0942078553617,2926.0963934248625,1929707
2021-08-12,2927.625244140625,2941.818996722794,2905.1336054334956,2905.1336054334956,1310205
2021-08-13,3025.146728515625,3039.646275935448,2932.647233176226,2935.4859832902466,4363584
2021-08-16,3033.48779296875,3052.1799952868946,3001.650166890413,3022.176510240311,2083489
2021-08-17,3103.4521484375,3110.2214744587654,3024.7969047280226,3041.480103189076,4336019
2021-08-18,3110.00341796875,3140.0941242989843,3089.084057481392,3121.6204986858806,2631309
2021-08-20,3109.086669921875,3122.6253251778908,3057.1157029713618,3062.3564727478843,2836148
2021-08-23,3177.12841796875,3208.223729175322,3111.1820821253696,3126.9918187987078,3744176
2021-08-24,3155.990966796875,3203.289033736123,3139.5698483758865,3194.2486221480526,2511141
2021-08-25,3195.995849609375,3229.8424850759952,3150.6195641945837,3153.1962331483587,2123263
2021-08-26,3207.2197265625,3220.976745326856,3186.3001528276395,3196.869122383676,1902533
2021-08-27,3249.408203125,3257.5751546785104,3189.0958480679137,3202.110341078273,3944728
2021-08-30,3232.943603515625,3267.0523231304614,3220.977221724013,3244.909985307237,2033114
2021-08-31,3307.318115234375,3322.7348380108765,3234.820813776714,3240.017866834133,3207480
2021-09-01,3244.86572265625,3333.740429346746,3237.9217464537523,3315.6598191363482,2643336
2021-09-02,3351.25341796875,3370.818870315569,3251.023710609158,3261.5052486336904,3403717
2021-09-03,3355.8828125,3368.8535878797816,3323.1280061155453,3340.9902512143804,1746812
2021-09-06,3364.573974609375,3386.9346761466745,3331.382434880622,3362.564970344723,1723693
2021-09-07,3333.0419921875,3380.2526337227446,3326.3600963305907,3375.055579917653,1585039
2021-09-08,3296.57470703125,3332.2556953856665,3280.72146575847,3327.8883877901417,4147175
2021-09-09,3311.642578125,3326.7535080660605,3288.5832747247287,3310.157735896135,1441148
2021-09-13,3358.76513671875,3364.9228694618578,3290.329345494768,3290.329345494768,1691473
2021-09-14,3394.18408203125,3403.4428595697864,3340.990360029368,3362.783182604123,1991188
2021-09-15,3454.147216796875,3476.3767693180266,3376.8021583375607,3390.864973783777,2461369
2021-09-16,3409.382568359375,3477.9055854649487,3399.599841483605,3432.703949488855,2946666
2021-09-17,3343.48046875,3445.8064220683195,3323.5217835158314,3423.969879469661,6477148
2021-09-20,3339.679931640625,3381.1693514792364,3326.010344929612,3327.01474032147,2002008
2021-09-21,3374.138427734375,3381.650282754764,3338.064421190229,3369.8148354860814,1568129
2021-09-22,3373.439697265625,3403.748985959733,3364.9671622340657,3373.7454941304222,1744067
2021-09-23,3379.640869140625,3388.1571186654996,3349.7248131173474,3380.295965257923,2003869
2021-09-24,3381.431884765625,3445.2817988337056,3367.194418246505,3397.765573794787,2320754
2021-09-27,3351.427734375,3409.9933649131685,3321.686330538198,3406.499519252397,1673362
2021-09-28,3300.9423828125,3362.8272236426765,3276.5728890102832,3362.8272236426765,2253075
2021-09-29,3312.079345703125,3324.395241012175,3251.1553919299777,3284.0413529904263,2489161
2021-09-30,3297.7978515625,3323.5212519802417,3275.5682974017677,3323.5212519802417,2252412
2021-10-01,3258.18603515625,3327.8883053026266,3253.6440780189723,3303.2130179995297,1578374
2021-10-04,3295.831787109375,3304.8719842225937,3238.314271345653,3253.4689112165747,1356860
2021-10-05,3348.239990234375,3354.092139599293,3268.143613821035,3278.974451056184,1877966
2021-10-06,3328.674072265625,3369.3337444080453,3314.7861208527197,3350.598039417927,1678154
2021-10-07,3400.29833984375,3405.6265405305808,3336.666794676636,3345.3576943401195,1647233
2021-10-08,3437.638671875,3485.023958314772,3406.49985465641,3428.336392186259,2934339
2021-10-11,3219.229736328125,3282.0315318379744,3196.869036999863,3279.8478781241765,11845402
2021-10-12,3190.6240234375,3237.921879814256,3171.1895044664,3237.0484182874648,5752877
2021-10-13,3192.67626953125,3210.3638640053305,3183.7670053345314,3188.1343126120823,3545655
2021-10-14,3160.51513671875,3211.754477725501,3157.6709399741703,3172.3732920313196,6442299
2021-10-18,3191.7578125,3196.6148686071647,3151.764069415855,3153.5143445062477,3590107
2021-10-19,3180.38037109375,3229.344477614501,3172.5479344045198,3210.8789937414167,3135441
2021-10-20,3158.240478515625,3176.7495536756223,3131.5049815515713,3160.997076549958,2933693
2021-10-21,3091.423095703125,3157.014605986085,3072.826424568322,3154.0830236717397,4871211
2021-10-22,3061.975341796875,3116.8902273549793,3049.854600318604,3115.489921702792,2691670
2021-10-25,3056.81201171875,3075.715070420685,3019.2248923840243,3065.6071878322427,2595594
2021-10-26,3047.753662109375,3088.359952904822,3041.102532259636,3058.1677119370643,3878763
2021-10-27,3054.0107421875,3072.826196290812,3048.1035647364606,3048.1035647364606,2510813
2021-10-28,2994.414306640625,3078.7338948809274,2988.594727407154,3078.7338948809274,2424942
2021-10-29,2973.498046875,3028.8504864202414,2963.171383011131,2975.5109055897806,3960501
2021-11-01,3042.328369140625,3051.604913474184,2986.8009292909574,3008.679370024211,2020718
2021-11-02,3049.154052734375,3074.883223579942,3036.5083585161897,3057.7304430162308,3087414
2021-11-03,3056.199462890625,3080.396933487503,3033.270899156859,3066.657315092802,1537639
2021-11-04,3070.551025390625,3074.576743250324,3067.3568590599543,3074.3141592757156,328991
2021-11-08,3065.38818359375,3104.988159414924,3046.5289258580847,3104.988159414924,2526082
2021-11-09,3067.968994140625,3093.610561469125,3059.480204496764,3069.9818527959524,1782692
2021-11-10,3049.24169921875,3080.221481918905,3045.6535499293364,3061.2310404939344,1516489
2021-11-11,3052.65478515625,3071.776626249125,3006.972647388828,3045.4786999165085,1284514
2021-11-12,3085.778564453125,3092.867049870975,3050.466681553837,3068.232015188849,1747259
2021-11-15,3109.62646484375,3123.891250400179,3087.485440917633,3087.485440917633,1809157
2021-11-16,3112.3388671875,3129.0978782245816,3099.7369728621115,3123.365684964674,2013204
2021-11-17,3082.146728515625,3117.9837806790056,3068.5820970335662,3107.263346120604,1632914
2021-11-18,3041.715576171875,3081.2281652207835,3020.6248891586815,3076.2397102008363,2136598
2021-11-22,3026.5751953125,3076.939397021558,3010.735336060811,3044.0779438712275,3167936
2021-11-23,3031.6953125,3046.3100671183884,2982.2938396390264,3014.8489143573643,2153461
2021-11-24,3013.361083984375,3056.8991758736497,2996.4708870125883,3038.6524730061487,2161746
2021-11-25,3015.63623046875,3030.601167204628,3005.2659792716213,3013.885955466033,1849619
2021-11-26,3016.467529296875,3054.2296238540935,2985.8813052616533,2997.345691031596,1941251
2021-11-29,3064.731689453125,3088.6667868251257,2981.112254109793,3016.73030953973,2981745
2021-11-30,3088.491455078125,3118.771298358579,3055.105044565359,3055.105044565359,5588446
2021-12-01,3131.06689453125,3141.7435289735986,3093.610967944755,3093.610967944755,2102118
2021-12-02,3188.037841796875,3192.50112784943,3127.8285616267367,3141.043007728435,3152938
2021-12-03,3185.894287109375,3208.2102934852182,3177.4930952559694,3191.1451121389855,2486263
2021-12-06,3094.836181640625,3201.252987519446,3082.2342870539883,3185.894281603058,1849642
2021-12-07,3136.930419921875,3148.744776364599,3084.247184293791,3117.6773946078056,1484458
2021-12-08,3174.0361328125,3191.1451137740696,3151.3701568857164,3151.3701568857164,1428660
2021-12-09,3152.0263671875,3180.905903556539,3120.7402027877074,3159.2462512797597,1567957
2021-12-10,3182.70068359375,3187.2513566929524,3128.7047327204805,3137.3685100890266,1510718
2021-12-13,3158.93994140625,3204.753474268667,3151.9826411227077,3194.2518244349085,1883864
2021-12-14,3171.323486328125,3181.1249841256044,3130.104422391659,3154.870857709162,1747007
2021-12-15,3124.547119140625,3170.6230209966334,3113.870271191835,3167.9976086138045,1603233
2021-12-16,3134.392578125,3157.889891975921,3124.2408975889543,3134.7425476648837,2072320
2021-12-17,3136.799560546875,3195.4337800931366,3127.47921685785,3152.683222618019,4333992
2021-12-20,3112.7763671875,3155.7457022284616,3071.863690654172,3140.8683653072517,2312310
2021-12-21,3157.758544921875,3186.5504819413068,3121.0901570926853,3135.31114084143,2340989
2021-12-22,3177.4052734375,3182.699897702745,3155.964406068714,3171.4980956930385,1224328
2021-12-23,3205.365966796875,3212.1920817902765,3176.749014275631,3192.5014887265843,1792861
2021-12-24,3212.542236328125,3242.3845112192694,3189.70127525278,3224.8817608213244,2209923
2021-12-27,3234.595703125,3238.0086538109676,3196.964791742873,3212.6296670648817,1534135
2021-12-28,3243.74072265625,3259.8869657013565,3232.62651989377,3246.7599040945056,1456218
2021-12-29,3233.370849609375,3255.468074020451,3224.882057616448,3231.226805219628,1456923
2021-12-30,3267.5439453125,3273.0135535236022,3220.5053146970204,3221.6868355332467,1966475
2021-12-31,3271.570556640625,3290.5171991999623,3265.4007941607993,3275.4648760200544,1207141
2022-01-03,3341.055419921875,3351.7758518239225,3277.3891814831827,3281.7648679738145,2346158
2022-01-04,3399.690673828125,3403.5411936720793,3335.7618316314156,3352.7396286772564,2488606
2022-01-05,3378.86181640625,3386.7818528762077,3336.3738514637826,3382.406165727789,1733031
2022-01-06,3332.04248046875,3356.1525631255286,3301.0188965083426,3336.024399122429,1810293
2022-01-07,3372.34228515625,3382.3187669832855,3322.3718494970512,3343.025179524296,2460591
2022-01-10,3395.40234375,3481.2970046437595,3378.905916271884,3481.2970046437595,3937092
2022-01-11,3426.950927734375,3434.9147646258375,3374.530275769995,3374.530275769995,1906106
2022-01-12,3377.943115234375,3438.4152013105504,3357.5087830184166,3434.914651347394,3203744
2022-01-13,3411.19873046875,3433.1647694653284,3375.405688459794,3428.7890815103638,6684507
2022-01-14,3472.6767578125,3480.421810089149,3378.0745230015314,3393.6520131101706,3348123
2022-01-17,3517.30908203125,3538.1811985563745,3467.557639327894,3494.1617360161467,3442604
2022-01-18,3492.32373046875,3537.0431277245425,3483.047187672104,3530.2608122209094,2389041
2022-01-19,3431.87646484375,3517.2208806487747,3428.238348399061,3517.2208806487747,3102539
2022-01-20,3354.64208984375,3436.5673581650203,3341.0097453997178,3427.8006047003137,6176776
2022-01-21,3360.734375,3376.558405146631,3306.0299282011783,3337.502482229034,3112358
2022-01-24,3306.24951171875,3374.893017177605,3278.8534083165705,3366.4331860598354,3258414
2022-01-25,3304.978271484375,3339.606947339262,3263.160900663494,3304.6276869619614,3330501
2022-01-27,3199.207275390625,3272.9794148169553,3178.0356529262563,3270.8754797512975,5718297
2022-01-28,3234.975830078125,3269.823674292716,3196.358239154663,3196.358239154663,3143862
2022-01-31,3275.478271484375,3294.545960318041,3262.4595569437342,3286.655882179972,2739393
2022-02-01,3331.93603515625,3338.3796844983467,3275.6096447337136,3305.0660216803485,2105169
2022-02-02,3380.634765625,3387.472874793566,3331.9354168675645,3355.8248153763957,1984212
2022-02-03,3352.932373046875,3403.691786320848,3345.436756570653,3376.076514905753,1960538
2022-02-04,3344.428466796875,3353.0199274159713,3304.189156735994,3344.7792653309098,2307366
2022-02-07,3312.955810546875,3359.244307123296,3292.9236952248752,3323.475913676423,1919149
2022-02-08,3281.790283203125,3331.1032714460657,3262.1089644796893,3323.958452984582,2946443
2022-02-09,3296.78125,3312.0353141804735,3284.1133350757727,3287.532283037312,1638721
2022-02-10,3305.372802734375,3322.4240945117594,3294.5457771673173,3322.4240945117594,2112459
2022-02-11,3239.271728515625,3289.7244406246255,3234.9322280892384,3289.7244406246255,3851488
2022-02-14,3273.28564453125,3325.4478128203987,3252.464610970455,3264.7380623326076,5951745
2022-02-15,3346.97119140625,3362.049964607987,3285.779209217923,3319.092872491744,3931683
2022-02-16,3342.850830078125,3378.794519077385,3336.6263495410367,3369.9400125159605,3256906
2022-02-17,3317.514404296875,3362.049549347574,3312.9557358499305,3353.2827969372806,3134372
2022-02-18,3326.01806640625,3345.348798016269,3294.1949268123303,3304.1889388122663,3688883
2022-02-21,3260.7060546875,3355.737786485923,3248.564230091958,3340.1329231984273,7465922
2022-02-22,3144.10791015625,3215.5569402853985,3129.730522221603,3199.8645395262893,5408531
2022-02-23,3124.29541015625,3176.10679085941,3117.150378194761,3165.6744406252515,2426203
2022-02-24,2982.142578125,3054.205462139813,2972.8938245340382,3045.5701244470206,5039136
2022-02-25,3086.554443359375,3094.6636895714246,3035.049771472032,3040.309823069037,2549723
2022-02-28,3115.87939453125,3124.2516866839496,3029.7021673541517,3059.59688152283,3288942
2022-03-02,3108.822021484375,3131.440286972598,3073.6235938927493,3114.3889952378754,2761341
2022-03-03,3107.28759765625,3137.2700617291334,3094.7513131007195,3123.462426865267,1928039
2022-03-04,3089.71044921875,3122.015803200218,3057.0104201560107,3069.678334491801,2370257
2022-03-07,3055.1259765625,3110.444279204016,3008.3554729931516,3024.5300911087525,3054130
2022-03-08,3155.9873046875,3163.92125921347,3033.296635322418,3033.296635322418,3300992
2022-03-09,3184.610595703125,3203.371360422283,3153.44474778916,3160.414273213555,2719654
2022-03-10,3174.397216796875,3229.671634344163,3169.181041844232,3229.671634344163,2005441
2022-03-11,3155.2861328125,3190.966992281194,3149.763249101279,3158.880587511238,1623423
2022-03-14,3193.728271484375,3198.418570177751,3138.497724928373,3138.497724928373,1765688
2022-03-15,3150.683349609375,3207.7549986026397,3143.23160938305,3207.7549986026397,3651133
2022-03-16,3205.037109375,3215.644966004357,3170.277019714628,3191.5363955122302,3090475
2022-03-17,3219.80908203125,3252.465235677881,3208.8945177799264,3240.7178727305695,3600452
2022-03-21,3179.4384765625,3255.9284015121616,3169.18141768512,3240.1921216498486,2413831
2022-03-22,3244.531494140625,3253.3421239439754,3177.948046159232,3191.0981760054083,2907611
2022-03-23,3254.569091796875,3269.823369469125,3234.9316519345334,3250.711806334214,1596195
2022-03-24,3287.40087890625,3294.720989062963,3239.31515426463,3243.6985306574106,1879046
2022-03-25,3250.229736328125,3313.394233297543,3219.1516403409387,3296.2113121317043,1690133
2022-03-28,3250.44873046875,3255.0951520270414,3209.683331985244,3239.314997775362,1760990
2022-03-29,3248.38916015625,3262.9857194193837,3235.8087830136874,3239.0963156434086,2689063
2022-03-30,3271.357177734375,3277.0116896090785,3249.1333772121,3277.0116896090785,1583455
2022-03-31,3278.7216796875,3291.608763532692,3261.4073428596666,3278.765556258031,2168110
2022-04-01,3295.203369140625,3298.9292392620346,3268.289479540621,3285.779109421766,1387014
2022-04-04,3305.372802734375,3313.832633765955,3276.2233490114336,3298.0524783670694,1472994
2022-04-05,3344.340576171875,3362.5754630314427,3306.818835025309,3306.818835025309,2314947
2022-04-06,3292.222412109375,3339.518997983247,3271.0067003079744,3339.518997983247,2051729
2022-04-07,3229.802978515625,3283.587089747452,3225.28818667224,3283.587089747452,2494829
2022-04-08,3231.118408203125,3248.0821617864153,3193.289952579492,3234.9320315767536,2296773
2022-04-11,3240.54296875,3254.52611306221,3205.213120202154,3234.932331619646,2291660
2022-04-12,3235.896484375,3277.8891482137474,3198.418612995985,3228.795328395622,4483476
2022-04-13,3210.3408203125,3252.3336923091606,3204.7301844452404,3249.835082287249,1621672
2022-04-18,3092.9541015625,3164.79759416944,3088.088511208269,3164.79759416944,3820792
2022-04-19,3043.72900390625,3124.076426618072,3015.0178867422333,3112.1974330460894,3170014
2022-04-20,3118.158447265625,3128.9852577507763,3050.8297479526764,3068.363252251255,2640370
2022-04-21,3181.147705078125,3194.6047563908915,3127.4513435718295,3138.4975378373742,2280996
2022-04-22,3167.03369140625,3170.934854046478,3131.0461241987823,3139.4622934717854,1581465
2022-04-25,3110.619384765625,3142.00440460464,3097.38171560966,3119.210845865879,1960694
2022-04-26,3108.95361328125,3145.4231768034088,3084.275075531486,3134.2455668934876,1943469
2022-04-27,3122.016357421875,3128.372254002144,3073.8869641027354,3108.6909342944846,1727648
2022-04-28,3142.267333984375,3159.8883791702183,3101.721101186624,3145.510989801784,1703660
2022-04-29,3109.303955078125,3176.413485870001,3100.668832593926,3153.4007613811887,2051115
2022-05-02,3105.5341796875,3110.3997699115944,3062.007341104243,3085.8089874536313,1324161
2022-05-04,3050.61083984375,3108.208363580262,3037.9429247118774,3102.1155131222386,2305825
2022-05-05,3080.111083984375,3097.294006428791,3055.5205116831885,3078.9715772569134,1612262
2022-05-06,3009.275634765625,3046.0082431775977,3002.174479424862,3032.4197764142496,2010812
2022-05-09,3020.234130859375,3029.7898059191575,2934.100783512281,2978.9426390374124,2481830
2022-05-10,3014.6669921875,3037.504425076492,2999.982681865685,3010.5027847828064,1622685
2022-05-11,2991.2158203125,3023.170588951108,2965.0469796480074,3011.379350168065,1841769
2022-05-12,2988.27880859375,3024.2663680437477,2936.949647310669,2961.408799562808,2807195
2022-05-13,2993.7578125,3015.6746907256643,2965.0467020243805,3011.3790682062395,2187823
2022-05-16,2960.35693359375,3006.9960126156675,2951.4148891323207,2993.8458842806135,1195813
2022-05-17,3025.932373046875,3039.4330862596703,2937.2126666815007,2954.3955871632793,1754076
2022-05-18,3023.477783203125,3063.9801387979924,3018.436900285217,3037.6798800958636,1866781
2022-05-19,2859.671142578125,2985.0795954059245,2831.661407683153,2978.066192538598,4642963
2022-05-20,2886.891357421875,2905.2137830055776,2866.7717049191906,2901.794835428608,3065125
2022-05-23,2912.095947265625,2927.130841857703,2864.097978389944,2897.2363449132604,2293690
2022-05-24,2882.50830078125,2914.813870239504,2871.6376129969626,2906.3099488564503,1711510
2022-05-25,2795.706298828125,2906.205560249245,2783.7033321781046,2906.205560249245,3548046
2022-05-26,2848.04345703125,2860.8850480046017,2807.0918029068916,2816.3147271888583,2813186
2022-05-27,2878.360595703125,2893.893887363218,2850.0296679048156,2871.2116055562433,3103153
2022-05-30,2978.9306640625,2988.9480417229124,2900.4693219029687,2909.8687206618956,2094624
2022-05-31,2969.310302734375,2986.123291775877,2934.5806678887907,2960.307807704976,4840965
2022-06-01,2961.234375,2990.1830616669745,2947.8633651492946,2990.1830616669745,1493835
2022-06-02,3021.0732421875,3029.0164671888692,2953.3793566594723,2961.0577643993756,2657939
2022-06-03,3036.209716796875,3068.9977170114703,3028.3106631264545,3053.1993941968394,1913622
2022-06-06,3028.089599609375,3047.5505432190357,2980.60672441929,3016.6602249414027,1084210
2022-06-07,2967.853759765625,3017.4107900611675,2961.9405128020458,3001.7008121845647,2308256
2022-06-08,3004.436767578125,3013.086100853081,2953.556080411676,2983.254832442945,2185707
2022-06-09,3024.69189453125,3033.4293558024483,2959.380933713857,2987.535167119956,1279197
2022-06-10,2965.3828125,2994.59631990641,2958.4105111483304,2984.8879321908275,1527582
2022-06-13,2841.557373046875,2906.338720841477,2817.5951738351964,2903.690978308065,3030921
2022-06-14,2833.5693359375,2858.5903679658018,2801.9287335908107,2815.432260568546,2611493
2022-06-15,2829.818359375,2854.265800096779,2825.1406388713017,2840.585800127237,1404536
2022-06-16,2773.068359375,2863.841864011911,2765.1693057745297,2859.5612617361553,2032028
2022-06-17,2726.20361328125,2752.54873505924,2668.7919074348597,2728.9396998166476,5240434
2022-06-20,2746.94384765625,2770.1999332856935,2708.6399347682336,2730.7044503658894,1502769
2022-06-21,2834.8046875,2857.575309853257,2758.4172942182936,2762.4772511283127,2964461
2022-06-22,2844.5126953125,2868.872002582078,2809.2536484743096,2824.1691722939886,3336315
2022-06-23,2920.282470703125,2928.4021684008044,2844.512846792943,2844.512846792943,3692578
2022-06-24,2906.426025390625,2952.2318686428434,2892.657682952741,2946.9363854703897,2132118
2022-06-27,2925.489501953125,2968.0298384014122,2918.2523850426282,2956.6446362899756,2037686
2022-06-28,2928.534912109375,2938.9935790531804,2888.3335356818407,2918.694224002663,1400046
2022-06-29,2904.131591796875,2941.6412689436206,2886.921269341309,2886.921269341309,2133994
2022-06-30,2883.47900390625,2922.135859654931,2872.7996930513295,2887.80356241596,2719603
2022-07-01,2925.843017578125,2941.6411240439957,2870.196267951424,2877.2127405890865,1502879
2022-07-04,2855.1923828125,2928.3582275862204,2846.3665769061995,2923.106916166727,2622535
2022-07-05,2838.64404296875,2887.80373957271,2830.3918281224514,2872.7998692876445,2170627
2022-07-06,2877.874755859375,2884.71475566246,2826.243789603828,2840.5857246748133,2182144
2022-07-07,2901.792236328125,2929.637477315577,2881.6693588512844,2886.9206694658974,1989921
2022-07-08,2882.023193359375,2916.9293042248155,2868.3873642150224,2912.5164005875613,2136916
2022-07-11,2748.179931640625,2846.3228661315457,2741.2957588231257,2829.6861331120735,6974600
2022-07-12,2722.496337890625,2767.949238860167,2718.568897309372,2749.1502289566492,3734815
2022-07-13,2681.941650390625,2744.825514673745,2678.631973323092,2739.530031365693,3863530
2022-07-14,2653.625,2705.171029595665,2625.5290954564402,2704.28611921634,4764908
2022-07-15,2649.95263671875,2680.3048890751556,2613.1402795167933,2671.146196522234,4574806
2022-07-18,2710.922607421875,2722.8246073241294,2667.385065422238,2675.0837415493156,3202795
2022-07-19,2720.435791015625,2724.5948266776545,2681.322794633056,2681.322794633056,1865074
2022-07-20,2800.564208984375,2806.8912313215537,2741.496445439905,2750.1243210138164,3402251
2022-07-21,2811.625732421875,2817.554588630391,2782.2024629269126,2802.5111124976283,2420640
2022-07-22,2806.050537109375,2829.058204711029,2781.7155040691646,2818.439281202573,2075886
2022-07-25,2802.28955078125,2819.7222396009693,2786.6709711932813,2800.74095783458,1797504
2022-07-26,2757.291748046875,2804.1919910670576,2740.1245756980134,2800.4754112437777,2639367
2022-07-27,2821.84716796875,2826.492948478384,2752.0718828498652,2756.496435716183,1389808
2022-07-28,2885.25,2888.347186014415,2833.1729430263163,2845.871492102438,2106333
2022-07-29,2921.88525390625,2935.513002248576,2898.081253084199,2911.3549076784775,2430257
2022-08-01,2919.141845703125,2944.09627043155,2894.5412986418996,2944.09627043155,1306913
2022-08-02,2912.94775390625,2931.6192315155813,2895.116681826572,2911.3548721658553,1269114
2022-08-03,2955.157958984375,2963.5646068688943,2899.895353730968,2902.5057959181763,2895824
2022-08-04,2968.829833984375,2997.9875858111113,2926.7082323905533,2964.4495711102013,2150567
2022-08-05,2977.767578125,2988.342213462795,2968.874186013526,2974.3605869043527,1106933
2022-08-08,2986.08544921875,2990.02325675371,2952.0606921831227,2977.723090286633,1068836
2022-08-10,2968.210205078125,2995.4211952566006,2951.1756827712743,2995.4211952566006,1878359
2022-08-11,3028.60546875,3034.091869341709,2986.6165186810267,3008.6949872169466,1449248
2022-08-12,3010.066650390625,3025.508291795108,2992.102928234048,3025.508291795108,1472354
2022-08-16,3002.235107421875,3021.836000034544,2997.633617107446,3018.4290089899623,839942
2022-08-17,3009.66845703125,3024.57906570946,2983.121148478597,2995.5098924698354,1622326
2022-08-18,2992.10302734375,3001.6158133086874,2975.068503639094,2999.845992664048,1430659
2022-08-19,2996.08544921875,3027.7209966778273,2983.254248151432,2997.191587241795,1398410
2022-08-22,2968.47607421875,2994.625218414386,2962.1488355557162,2977.723344218881,1536532
2022-08-23,2906.576904296875,2957.282099442016,2893.657125515155,2937.858358581708,1849256
2022-08-24,2880.693115234375,2927.2835607009315,2876.135697114994,2913.124994506489,1691923
2022-08-25,2847.818359375,2900.868690050921,2844.7654619679774,2898.9662192727565,1946930
2022-08-26,2851.357177734375,2882.1520913074737,2846.578749784453,2862.0646759735478,1457962
2022-08-29,2772.02587890625,2781.0076322786413,2726.408708491399,2765.344762750932,2539173
2022-08-30,2841.57958984375,2855.1630492052304,2780.476707184959,2791.8919635030225,3431525
2022-09-01,2771.273681640625,2822.8639979144714,2761.805184166478,2822.8639979144714,3546935
2022-09-02,2770.12255859375,2798.970714978602,2761.1850959899534,2798.970714978602,2052900
2022-09-05,2772.77783203125,2785.653320032453,2754.0620657083778,2764.1499566547036,2147912
2022-09-06,2767.15869140625,2779.3704962895417,2748.841092102585,2774.6361399478797,1936453
2022-09-07,2787.11328125,2797.9975039888873,2744.9914688760246,2744.9914688760246,1291534
2022-09-08,2804.855712890625,2817.111806381108,2796.4049927606457,2805.1655178979468,1346113
2022-09-09,2847.332275390625,2861.3581936833084,2803.8390093352596,2827.289138338695,1561185
2022-09-12,2869.72021484375,2893.4801461331076,2853.83611594954,2867.0211948434053,1785928
2022-09-13,2857.685302734375,2887.8606158067237,2853.835856325097,2887.8606158067237,1972678
2022-09-14,2761.274169921875,2779.857287273214,2755.433891236994,2774.193947449832,5090269
2022-09-15,2747.071533203125,2776.6274524950736,2743.2220867611272,2769.769397278171,2138023
2022-09-16,2662.42919921875,2738.221885301835,2654.7305239079215,2721.9836971802556,5322221
2022-09-19,2680.216064453125,2691.896835917238,2643.9347461518078,2686.587374702411,2072220
2022-09-20,2690.392578125,2725.4791818403546,2681.277959674037,2698.976164028321,1544295
2022-09-21,2655.79296875,2691.366322542929,2653.0939489033167,2679.508609959477,2253818
2022-09-22,2661.279052734375,2681.2338224800474,2636.413203836875,2645.881700493006,2017983
2022-09-23,2638.84716796875,2674.6417513414617,2636.1481479722793,2658.2709085292804,2652374
2022-09-26,2649.775390625,2677.6059931788486,2589.336188264695,2619.20191173189,2925489
2022-09-27,2670.173095703125,2676.8542130632572,2633.4935993640506,2663.049523101164,2227447
2022-09-28,2686.277587890625,2698.931847080091,2637.0324212069113,2637.0324212069113,2739767
2022-09-29,2652.342041015625,2704.1535892358543,2645.882151750994,2702.5164185443264,2493902
2022-09-30,2658.7578125,2672.1641197874314,2610.574480315225,2646.6345821935856,2817353
2022-10-03,2641.412841796875,2673.048383644793,2631.723117642175,2650.30623313326,1763331
2022-10-04,2735.390380859375,2741.4521028168406,2675.0838304762133,2681.233913837934,2145875
2022-10-06,2744.947509765625,2764.459825429553,2736.54086176896,2752.955991328854,1790816
2022-10-07,2712.16162109375,2747.6466122290967,2706.1444036015023,2740.92120721209,1939879
2022-10-10,2759.63671875,2767.1141666538147,2659.155123375348,2663.579674329383,3064063
2022-10-11,2716.27685546875,2783.0433042492978,2701.941349701484,2743.222334872122,4730645
2022-10-12,2743.885498046875,2751.9823405364536,2709.6395140766645,2729.8595839610534,1665247
2022-10-13,2746.14208984375,2752.0709454566427,2701.0559547014504,2743.8855254420205,2054781
2022-10-14,2742.4697265625,2787.4675026654077,2717.5595875191957,2783.042951073875,2245977
2022-10-17,2760.745849609375,2775.5176496549793,2724.9916301054623,2726.056227267023,1517005
2022-10-18,2789.978759765625,2799.427572988243,2775.6505614602315,2794.6809647091136,1793722
2022-10-19,2769.70703125,2802.666443942167,2760.9680194833886,2802.666443942167,1194289
2022-10-20,2801.157470703125,2803.552868124551,2754.7568530147882,2754.7568530147882,1587601
2022-10-21,2783.502197265625,2803.9078046251725,2774.275400578486,2801.6012137542084,1021913
2022-10-24,2805.06201171875,2819.523424396442,2799.1178111928175,2812.514626501965,260949
2022-10-25,2805.4169921875,2825.068398054287,2795.70197272299,2821.74139593677,2069643
2022-10-27,2801.246337890625,2815.9739505486477,2780.796542816512,2804.174142407178,2438421
2022-10-28,2806.437255859375,2819.967064806456,2790.245845152212,2794.681848085681,1355739
2022-10-31,2832.9638671875,2838.1540761618767,2819.3454710249935,2838.1540761618767,1919414
2022-11-01,2892.00732421875,2894.580335538735,2842.1022978592464,2851.9059063577597,2991060
2022-11-02,2876.0380859375,2901.145905751038,2858.6046811261917,2901.145905751038,1405955
2022-11-03,2845.02978515625,2863.9271963486717,2834.6051808136644,2863.9271963486717,1422652
2022-11-04,2854.478759765625,2856.8299710167985,2809.0097348143217,2854.1239662115554,1464013
2022-11-07,2868.939697265625,2877.0133070034576,2834.693894089148,2864.7698989863147,1474498
2022-11-09,2853.28125,2883.2242672806515,2840.5054326659097,2883.2242672806515,1162267
2022-11-10,2844.05419921875,2861.2216155527403,2812.425588000678,2812.425588000678,1573092
2022-11-11,2941.91259765625,2964.669421548433,2887.8821712205927,2900.790982443406,3265394
2022-11-14,2959.257080078125,2971.2342860685476,2935.746268319147,2949.054274975172,1342074
2022-11-15,2956.683837890625,2963.2046302040485,2920.6634186865813,2946.3922276604303,1400708
2022-11-16,2976.867919921875,2988.002111552608,2946.791696692448,2962.273300202032,1748235
2022-11-17,2971.234130859375,2980.993335230666,2943.5091184409353,2963.249327282864,1417986
2022-11-18,2966.310546875,2983.4335602983065,2946.3929384434396,2972.1217536240656,1164540
2022-11-21,2913.122802734375,2957.660223917546,2903.8071976091396,2947.723621770964,1304194
2022-11-22,2941.02490234375,2944.573703919236,2888.0590821499577,2910.0172918982757,1149739
2022-11-23,2935.125244140625,2954.377450271006,2919.7766332858505,2954.377450271006,1150011
2022-11-24,2998.870361328125,3010.226569828701,2935.1251422109576,2942.178342108042,1296591
2022-11-25,3007.299072265625,3019.4538923326327,2970.3472582768977,3001.3992756125285,1588981
2022-11-28,3012.267333984375,3031.563943811092,2985.9175238861585,2986.3167207691354,2195437
2022-11-29,3014.130859375,3042.2106699945516,3001.3994449085935,3001.3994449085935,1576028
2022-11-30,3008.31982421875,3029.7012286211943,2994.302011481694,3001.3996162496505,3410702
2022-12-01,3083.598388671875,3087.4577975595,3034.2257665670945,3038.661769149795,2180856
2022-12-02,3051.21533203125,3077.6095453413673,3028.0151269724374,3068.0279537907963,2411749
2022-12-05,3039.459716796875,3051.215121915398,3022.6917161363995,3045.7589261802937,1475065
2022-12-06,3003.484130859375,3023.534731073787,2988.0911164070485,3016.525934157563,1166999
2022-12-07,2999.270263671875,3010.892460906949,2975.6706424192844,2988.3576535948996,1167505
2022-12-08,2972.609619140625,2999.270036952731,2962.7616071469197,2980.993620377601,1285619
2022-12-09,2921.329345703125,2993.5031905316173,2906.779344645206,2993.5031905316173,1797896
2022-12-12,2915.73974609375,2924.212553335306,2871.069335381073,2888.280936706034,1527610
2022-12-13,2956.240966796875,2960.1001591337144,2899.1939295105562,2907.5335278353573,1378016
2022-12-14,2985.740234375,2996.076033369137,2964.0480092678117,2971.0570230498492,1213311
2022-12-15,2932.286376953125,2985.2077986532413,2926.829964070142,2979.928999146625,1415694
2022-12-16,2874.751708984375,2920.6643394727453,2861.3992967973677,2905.581929457242,2703680
2022-12-19,2840.860595703125,2879.4094167044013,2834.1621881565893,2862.9962063488224,2120965
2022-12-20,2878.0341796875,2882.514585783526,2806.7919322309904,2838.0657516058345,1529971
2022-12-21,2899.859130859375,2912.723537635871,2874.5295141963525,2882.5143184024537,1432566
2022-12-22,2892.00732421875,2922.438343612525,2879.0543273380003,2922.438343612525,1384101
2022-12-23,2864.193603515625,2898.3508201741924,2854.1237919639257,2854.1237919639257,1360281
2022-12-26,2885.97412109375,2902.9197355304514,2861.265719687228,2864.1935243545195,870157
2022-12-27,2891.82958984375,2904.516598384134,2866.9879796226655,2900.4353900642955,835883
2022-12-28,2889.701171875,2897.6859773053243,2862.109146469529,2883.2245641500617,910795
2022-12-29,2900.03662109375,2902.4764224575765,2863.8832008843215,2866.633609062399,1037927
2022-12-30,2889.345703125,2926.874326011963,2880.0300982680355,2915.385123342042,1163131
2023-01-02,2893.56005859375,2898.351071306402,2870.2710452177225,2893.160861684784,709547
2023-01-03,2937.831298828125,2945.5054960853895,2879.2316657438028,2885.1758654426767,1245178
2023-01-04,2940.759033203125,2952.026652767493,2915.5182224485047,2933.7058325903895,1231668
2023-01-05,2937.609619140625,2960.8542285796434,2911.7475949836166,2954.555018481283,1826057
2023-01-06,2849.2890625,2929.1371146013744,2839.041852493316,2927.7619103837324,2488376
2023-01-09,2945.4609375,2951.715743667599,2857.805494277546,2864.7701040885713,2885060
2023-01-10,2915.695556640625,2925.9871687992077,2865.7463431410715,2914.4535626153415,3864655
2023-01-11,2953.22412109375,2971.6779339396694,2902.1656914177715,2918.978313377468,2720512
2023-01-12,2958.236572265625,2972.1211710959064,2941.557162373175,2953.4899637547082,2250391
2023-01-13,2993.902099609375,2997.850097998453,2932.1972695723252,2965.82207749045,1742837
2023-01-16,3025.206787109375,3042.4013462974403,2992.5415773071954,3009.736136495261,1843607
2023-01-17,3065.4482421875,3068.5334225583842,3013.36547080827,3021.5317728971813,1688475
2023-01-18,3075.9736328125,3093.168190378214,3059.8678711657676,3066.8999642791296,2421189
2023-01-19,3060.639404296875,3073.2517157010698,3049.6601761060806,3066.900147348573,1585044
2023-01-20,3051.56591796875,3080.1931683946414,3044.7606657549622,3053.289826586188,1529349
2023-01-23,3098.56689453125,3102.2871871387383,3044.76021881266,3074.15881545073,1067916
2023-01-24,3117.984619140625,3132.184821132738,3100.7446497194815,3107.731329864083,1387863
2023-01-25,3112.0419921875,3116.8056689741416,3089.5846587647607,3108.0042533114715,874110
2023-01-27,3095.073974609375,3126.7864041362013,3068.9871756775947,3108.6390657488755,1785879
2023-01-30,3115.580322265625,3138.0830660856614,3071.936106524571,3103.19485247326,1953798
2023-01-31,3047.573486328125,3129.5087704033554,3040.5868047612767,3129.5087704033554,2820375
2023-02-01,3092.623779296875,3102.2871472877746,3044.2156710004338,3051.4746055363516,2205161
2023-02-02,3139.852294921875,3147.6557387794014,3103.285586505531,3109.5463294312503,1813847
2023-02-03,3159.723876953125,3179.4136948565433,3133.0471565298344,3179.4136948565433,1804469
2023-02-06,3139.443603515625,3151.4208005439305,3118.483564097363,3151.4208005439305,1138714
2023-02-07,3150.876953125,3169.4325618085195,3140.7596793384228,3147.564931045713,1455647
2023-02-08,3194.0224609375,3211.988149167831,3155.867636723843,3155.867636723843,1986946
2023-02-09,3212.850341796875,3218.9750686870316,3180.5934025370234,3189.394817614889,1655427
2023-02-10,3209.85595703125,3214.21136264031,3183.179236128962,3193.9316229583487,1187821
2023-02-13,3159.814208984375,3220.244929405752,3151.6479073882488,3220.244929405752,1087939
2023-02-14,3175.87548828125,3198.3328226836566,3171.2478277337214,3180.32149819934,1579818
2023-02-15,3194.521484375,3199.37598635062,3139.6257818298463,3163.988673966141,1429449
2023-02-16,3228.456787109375,3243.8366114938117,3200.283001045783,3200.464430117626,1618931
2023-02-17,3176.826904296875,3211.079997989586,3166.709853975152,3199.511072305293,1061369
2023-02-20,3164.2607421875,3195.746330382265,3153.145497284836,3177.5989917656707,1296082
2023-02-21,3131.323486328125,3183.8599465034627,3125.652442633674,3170.3402669459488,1139541
2023-02-22,3086.453857421875,3127.6936378456253,3080.5105600481284,3098.6124850134906,1218430
2023-02-23,3097.5693359375,3132.5935672666674,3092.3065633263427,3104.1023336676694,1441570
2023-02-24,3085.4560546875,3115.8528490283225,3068.987432333799,3105.463541237757,977592
2023-02-27,3023.21044921875,3075.9737450556004,3008.8285954585162,3075.9737450556004,1128022
2023-02-28,3005.970458984375,3077.788458973307,2994.2198806605948,3020.170662055617,4116217
2023-03-01,3072.07177734375,3075.066132134472,3007.9209879096416,3015.1799224204337,1669307
2023-03-02,3013.77392578125,3057.735810408069,3010.643554094226,3049.660333125586,1556538
2023-03-03,3032.555908203125,3046.9377608122345,3022.5296821304796,3043.308293556949,1043190
2023-03-06,3059.505126953125,3089.5388380017994,3047.845373843557,3050.4766492061635,1334132
2023-03-08,3076.336669921875,3081.418013206234,3022.30314788213,3052.38227221018,1844590
2023-03-09,3027.746826171875,3071.4364465429467,3022.302625675787,3071.4364465429467,1648500
2023-03-10,3022.43896484375,3028.1100076327843,2985.2369241476845,3006.0155363166627,1024404
2023-03-13,2977.9326171875,3057.6448843231524,2968.9043612497244,3024.2537396226567,1901233
2023-03-14,2917.13916015625,2998.3030847586924,2912.1032295746863,2976.1634210899015,2670334
2023-03-15,2902.575927734375,2958.333801726604,2896.3151846482865,2948.942465572347,1780522
2023-03-16,2889.963134765625,2921.539542364157,2878.1673668686226,2910.8325702757065,1901060
2023-03-17,2884.79150390625,2922.9915158184126,2852.761409425427,2858.6592940187047,6739966
2023-03-20,2852.12646484375,2876.035450110584,2808.346011246895,2876.035450110584,2289468
2023-03-21,2818.3720703125,2864.330109539051,2810.5232146770777,2852.1260705389936,1815297
2023-03-22,2840.784423828125,2852.3079395141376,2818.3725050009734,2840.103898631804,1123939
2023-03-23,2835.203857421875,2854.8938961077,2813.7447191349406,2826.357030265614,1372218
2023-03-24,2831.438720703125,2876.353387158759,2818.281899216121,2857.207854867612,1329577
2023-03-27,2833.07177734375,2860.701055740268,2818.2816522493927,2844.595292917529,1524217
2023-03-28,2827.264404296875,2857.7974330642905,2822.0470446787185,2837.336265387191,1303530
2023-03-29,2848.134033203125,2858.2058949668713,2816.5578405359793,2839.151189000426,1740616
2023-03-31,2908.927978515625,2915.3703732726663,2860.0209824324447,2894.4555181665337,2382581
2023-04-03,2903.574462890625,2926.213225725945,2879.7560786247254,2926.213225725945,1521830
2023-04-05,2939.68701171875,2961.962911030254,2890.4169500266803,2890.4169500266803,2655065
2023-04-06,2922.35693359375,2955.6120679805686,2917.1849858554287,2926.2586561069234,1703464
2023-04-10,2961.100830078125,2968.904273441099,2917.1843640321313,2921.7211981908126,2203187
2023-04-11,2916.095947265625,2969.7666137305973,2896.45131988944,2961.6457238357684,2348779
2023-04-12,2941.365234375,2958.8774563468246,2902.666132441539,2928.9343546367368,2417727
2023-04-13,2893.457275390625,2930.795337912174,2885.426989028085,2912.647998358538,4174070
2023-04-17,2848.677978515625,2870.3639557398055,2785.842829602675,2843.778286560608,5505048
2023-04-18,2840.73876953125,2864.4211329587547,2822.4554160887333,2862.6970030263255,2617302
2023-04-19,2803.400634765625,2849.13183419489,2786.9772066017845,2840.7386910527553,3298034
2023-04-20,2817.193115234375,2824.633480353985,2792.8756352488163,2803.7640392848743,2419999
2023-04-21,2868.050537109375,2871.3169247867468,2813.5631145888788,2821.910845131191,1929184
2023-04-24,2880.708251953125,2886.2884693393776,2836.564722823472,2859.203702418767,1640676
2023-04-25,2881.79736328125,2895.5892962816,2855.9374058336693,2888.148931777147,2024090
2023-04-26,2901.8955078125,2911.196019002823,2886.3342533089885,2886.3342533089885,2000029
2023-04-27,2892.639892578125,2902.847768890468,2876.9424029216802,2889.963204872351,2434446
2023-04-28,2921.040771484375,2928.2997063828375,2900.1713336512958,2903.936817519828,2931312
2023-05-02,2921.177001953125,2935.3320146523815,2912.647841432502,2935.3320146523815,2321159
2023-05-03,2885.335693359375,2918.0917245239298,2879.210967258462,2918.0917245239298,2468285
2023-05-04,2922.35693359375,2925.7595599380606,2883.6124059249,2885.5631564189102,1953253
2023-05-05,2931.43017578125,2943.498199758527,2912.693138058063,2921.7213943349125,1710027
2023-05-08,2949.487060546875,2953.3433700376554,2931.9748343190095,2944.405717078382,928235
2023-05-09,2979.112548828125,2992.496211386631,2945.3131298244402,2951.3018403250803,1107375
2023-05-10,2982.33349609375,3000.2085792684147,2963.505633393064,2985.2370257955795,1559987
2023-05-11,2978.114501953125,3003.112507036917,2968.904815539429,3002.477394443756,1719623
2023-05-12,2970.99169921875,2985.2373162710037,2958.016307308046,2975.3922960860123,1027479
2023-05-15,2953.52490234375,2987.0520676067877,2947.445587944961,2979.793131841036,1150390
2023-05-16,2956.3369140625,2980.6998001256165,2949.3502343306936,2954.567593189361,986306
2023-05-17,2911.4677734375,2976.1630698399545,2901.985834791352,2954.3408542454076,1588815
2023-05-18,2903.43798828125,2929.8422314714453,2899.037170320326,2927.1201308420364,1369364
2023-05-19,2924.307373046875,2934.878108354694,2906.3414649157826,2912.6476202870826,1152449
2023-05-22,2993.130859375,3001.9776857947654,2919.0444477620817,2930.7948036761345,1333243
2023-05-23,2991.63427734375,3019.671827774928,2985.328121281898,2999.7551673241283,1687418
2023-05-24,2997.3505859375,3009.9174847895656,2972.5340122132757,2972.5340122132757,1016555
2023-05-25,2988.41259765625,2999.7546828151094,2964.4582024107794,2988.8662810626047,1374917
2023-05-26,3020.533935546875,3029.380763849176,2986.1448146536304,2988.413232167041,1791115
2023-05-29,3012.7763671875,3059.6417881738694,3005.1997634732666,3049.4793212014565,1210372
2023-05-30,3009.01025390625,3018.7644486791137,2995.535987530445,3007.9214578645388,1344224
2023-05-31,2984.78369140625,3019.445065861434,2962.689216754016,3002.477347579657,5815424
2023-06-01,3016.087646484375,3030.6055172255756,2992.042423069262,3007.013977271125,1177314
2023-06-02,2999.392333984375,3026.8853758575733,2991.9971602900687,3018.1293732382414,2030661
2023-06-05,2984.239013671875,3018.8097823868075,2980.7457838991895,3007.9213792041683,1861468
2023-06-06,2932.88232421875,2984.1939710758684,2922.2661748923115,2976.1636847189334,2022849
2023-06-07,2971.53564453125,2975.119920852353,2940.7759965528526,2951.6643988850446,1567196
2023-06-08,2936.647705078125,2967.089910390368,2933.5173334226483,2958.9236078847066,1759366
2023-06-09,2912.0126953125,2948.942484583645,2908.4286402901084,2944.405649991978,1775689
2023-06-12,2946.129150390625,2952.934401335374,2913.5547711451322,2917.184238315665,2324605
2023-06-13,2943.225830078125,2962.552788439429,2938.961250154766,2958.015954153917,1371928
2023-06-14,2949.894775390625,2954.2501801820126,2927.0291771422044,2943.225541035836,1658544
2023-06-15,2940.068115234375,2968.5427081775592,2934.3091461074932,2966.577450199209,2273810
2023-06-16,2902.223388671875,2924.6192043541178,2884.9467058431806,2922.4254178012193,4156189
2023-06-19,2934.675048828125,2938.788566807641,2902.3154633249883,2916.027189923374,1468186
2023-06-20,2950.489013671875,2954.87681041467,2926.127937589783,2937.9656824973704,1528452
2023-06-21,2978.3701171875,2981.295241209844,2947.0616714068838,2970.874417138789,1645987
2023-06-22,2960.361328125,2987.0076902114774,2952.682851651798,2980.014799965262,1529603
2023-06-23,2940.1142578125,2970.3255840143474,2933.5324504051714,2959.2649249571587,1119505
2023-06-26,2915.707275390625,2937.8745675991736,2900.487347535049,2929.7390320989075,1978803
2023-06-27,2922.74609375,2933.989531286174,2908.988616439213,2926.9966398261013,863542
2023-06-28,2939.291748046875,2953.4605339980053,2919.1354627528317,2932.4816342726385,1575872
2023-06-30,3018.636474609375,3025.720866365972,2938.0573208662913,2943.4505104829095,2672406
2023-07-03,2991.259033203125,3033.7653874397292,2988.0138798042963,3029.6518692877994,1687264
2023-07-04,3024.669677734375,3030.2913960326273,2995.8293032220745,3007.4385197427887,1656681
2023-07-05,3034.816162109375,3043.08894780055,3021.150186987329,3034.861912495592,1453008
2023-07-06,3037.513427734375,3042.5868119275374,3018.40850857545,3022.567777532823,1848238
2023-07-07,3043.31787109375,3068.59306578827,3018.4082331911277,3018.4082331911277,1789326
2023-07-10,2990.9384765625,3039.2037923408957,2984.7682004219478,3039.2037923408957,1407431
2023-07-11,2991.35009765625,3012.009187727315,2980.7464966348984,3012.009187727315,1110172
2023-07-12,2979.923583984375,3006.661449392106,2970.9654349670614,2999.165750561899,1515240
2023-07-13,3053.647216796875,3078.23682351536,2991.6701688926455,3001.9539636829727,4585146
2023-07-14,3212.794189453125,3222.1183409737173,3064.113474251122,3075.9969692288264,6306101
2023-07-17,3191.815673828125,3245.0171284101766,3178.4239767823524,3208.544024917349,2743228
2023-07-18,3196.523193359375,3221.341326855405,3167.408540736089,3177.4638059447752,2600090
2023-07-19,3172.025146484375,3214.8057777866934,3149.7206041471604,3199.402849087036,2405370
2023-07-20,3174.08740234375,3188.3845460576213,3149.1129905127177,3164.7392268860317,1715404
2023-07-21,3087.0205078125,3148.058749845472,3078.5429555507294,3119.7851016890736,3770223
2023-07-24,3111.26123046875,3128.3995861923568,3090.502776080058,3098.659465414197,1680132
2023-07-25,3115.294189453125,3122.305488623781,3097.926708032121,3113.7820669129846,1272980
2023-07-26,3105.35009765625,3135.181959017552,3102.3256291018097,3116.393871751204,1066803
2023-07-27,3113.232177734375,3126.750437306845,3102.3718797194615,3111.44506274488,1701769
2023-07-28,3075.1982421875,3110.2999428073504,3052.8359190722626,3102.3265043709425,2599831
2023-07-31,3135.73193359375,3140.4976478889985,3080.2382907228434,3083.446013157544,2743678
2023-08-01,3163.776611328125,3171.062678801949,3129.8205341354496,3129.8205341354496,1956167
2023-08-02,3153.32861328125,3158.598443121832,3128.5376797292315,3148.1046527985704,1914899
2023-08-03,3116.027099609375,3146.5463296148014,3086.7452233722133,3134.4028099563448,2026351
2023-08-04,3155.986572265625,3181.1442369080387,3117.2189097618743,3117.2189097618743,2248493
2023-08-07,3193.104248046875,3196.7243469805094,3153.8783426165933,3165.517747179838,1853889
2023-08-08,3180.77734375,3198.511330361983,3167.946455269771,3193.1041168607753,1634225
2023-08-09,3173.354248046875,3177.4784629540836,3139.0316598474765,3175.5537398295282,1794589
2023-08-10,3154.65771484375,3175.5535568337395,3143.613939700264,3161.8979133179873,1096701
2023-08-11,3160.7978515625,3177.1571005314463,3128.903883221951,3150.991431301233,1679974
2023-08-14,3161.760498046875,3166.480343065744,3126.1546889138212,3153.3744607157764,1190425
2023-08-16,3169.59619140625,3176.5616208724146,3148.3336194216304,3161.8977472619245,1328445
2023-08-17,3148.837646484375,3171.795817712279,3128.1707054438275,3166.480118927022,1843241
2023-08-18,3085.921142578125,3125.2385705777456,3076.206235232904,3125.2385705777456,2526749
2023-08-21,3117.58544921875,3125.009125174637,3090.4115463271137,3093.1610227918177,1375579
2023-08-22,3099.7138671875,3126.1547554854496,3084.0419855146843,3116.0733417327847,1222012
2023-08-23,3114.46923828125,3117.9060836115095,3094.0772893217095,3105.0751943785403,1330046
2023-08-24,3104.84619140625,3128.033486881535,3096.0021319156044,3123.4051569072394,1152881
2023-08-25,3098.93505859375,3103.059273411215,3070.477931602647,3093.1611130987044,1158046
2023-08-28,3093.665283203125,3110.5745195028617,3079.505523496938,3110.5745195028617,1037485
2023-08-29,3094.21484375,3106.4959726571,3083.9960459073914,3098.705789480217,944517
2023-08-30,3107.779296875,3123.4972729436513,3100.539097725863,3114.2406118768426,1188200
2023-08-31,3076.480712890625,3132.0199996616384,3064.4287075753277,3116.9896187870163,3417652
2023-09-01,3097.010009765625,3105.9916769517795,3076.4806765569438,3084.9123589907613,1277950
2023-09-04,3133.028564453125,3146.180316935127,3088.62456241485,3095.910630604843,1828332
2023-09-05,3142.97265625,3159.1486542881707,3120.7933657205554,3134.4033645678983,1501842
2023-09-06,3143.47607421875,3156.3069632511065,3114.3318052761847,3147.233781222262,1314818
2023-09-07,3166.70947265625,3171.06281032939,3136.5111013373767,3144.301284541943,1885092
2023-09-08,3154.473876953125,3175.6449326721154,3148.19604070307,3166.7091352425186,1518917
2023-09-11,3189.988525390625,3194.61685580775,3157.315667562757,3172.8960351530523,1783604
2023-09-12,3281.775390625,3290.115335586642,3192.1424066355416,3200.390836626848,4476016
2023-09-13,3269.90673828125,3289.153074204672,3248.964802311003,3272.8853378884464,1754929
2023-09-14,3262.757568359375,3297.2634045513405,3249.514302983379,3271.9224888622016,2604721
2023-09-15,3297.813720703125,3306.1080193423236,3264.9573878973515,3269.906579718022,2952897
2023-09-18,3305.008056640625,3317.0600625898555,3276.6885388831606,3281.0877459263597,1395753
2023-09-20,3304.916748046875,3322.28423051511,3281.0420814466465,3281.0420814466465,1649396
2023-09-21,3285.8994140625,3303.9542650181074,3233.3843680953905,3288.8780136079395,2004073
2023-09-22,3302.71630859375,3330.302807314091,3267.3398516209263,3284.7073302824083,1989083
2023-09-25,3278.429931640625,3317.7017112878607,3261.47482621001,3301.6630980426844,1238778
2023-09-26,3286.265869140625,3294.743421558143,3240.716253874933,3269.6774954186676,1726062
2023-09-27,3289.56494140625,3312.202250163977,3258.7707191974064,3290.2064410870717,1541134
2023-09-28,3241.403564453125,3301.937914832368,3232.788627869385,3299.3716920990314,1755753
2023-09-29,3233.9345703125,3270.456651403998,3212.80937967325,3241.816269233915,2243791
2023-10-03,3220.415771484375,3239.066250983437,3189.484163912358,3239.066250983437,1948148
2023-10-04,3242.3203125,3251.7143576425697,3186.9184032146622,3195.166833095943,1788138
2023-10-05,3289.611328125,3321.3676929730136,3254.6470168624746,3257.213239742299,2990768
2023-10-06,3318.98486328125,3331.4033777148984,3276.505582786958,3291.1235890654875,2075691
2023-10-09,3334.51904296875,3371.7743564547645,3327.7827366912884,3340.659495143479,4233074
2023-10-10,3325.858642578125,3343.363734086187,3300.609460047054,3336.077665436022,1848148
2023-10-11,3308.44482421875,3345.196247840039,3303.954102318724,3345.196247840039,2426417
2023-10-12,3246.71923828125,3288.969391201641,3242.6408930553534,3276.459363134494,4241281
2023-10-13,3272.65625,3278.2925875083633,3230.634993281236,3235.2174542646135,2890357
2023-10-16,3229.763916015625,3276.1382803907245,3225.227325030977,3268.2107135060846,1671104
2023-10-17,3214.18359375,3239.0203948649587,3210.7926178047637,3235.2170422343333,1672065
2023-10-18,3196.037353515625,3228.5269565339395,3193.0587539317335,3217.804042782525,1408245
2023-10-19,3175.270751953125,3194.750838771474,3171.8250136242077,3187.9971019140276,1514545
2023-10-20,3211.0146484375,3215.5629781222533,3164.612039380442,3170.446688296385,1481211
2023-10-23,3133.462158203125,3196.680009517312,3125.330351129837,3191.2128167621163,1106272
2023-10-25,3115.039794921875,3147.108047040693,3103.1863190652384,3115.4072506544435,1518537
2023-10-26,3066.017822265625,3099.969784152135,3059.815493562458,3094.778295044471,1984471
2023-10-27,3079.06591796875,3089.219405557149,3066.247815688342,3078.193042420122,1108851
2023-10-30,3104.426513671875,3108.3776718312,3063.261381474391,3078.1929142674794,910972
2023-10-31,3095.42138671875,3123.2170073341836,3078.2386842955907,3123.2170073341836,999811
2023-11-01,3060.41259765625,3098.0402370916254,3042.357019784433,3082.787013402831,1563475
2023-11-02,3087.473388671875,3102.037240795796,3071.944460658224,3071.944460658224,1245384
2023-11-03,3079.019775390625,3113.017726690146,3072.955410568782,3107.596521485964,1402598
2023-11-06,3105.98876953125,3117.0611210828984,3086.4629174929278,3101.164735498253,1099852
2023-11-07,3096.98388671875,3127.949546281865,3092.8949884186313,3103.9213520137064,1191144
2023-11-08,3107.183349609375,3125.92807790879,3096.156986061027,3097.902737223406,992899
2023-11-09,3075.849853515625,3116.32583917985,3070.88807990428,3115.0395198974807,2112352
2023-11-10,3062.98583984375,3075.8499303163658,3052.7865884253365,3067.166714113737,1338557
2023-11-13,3061.239990234375,3083.7061597919806,3057.059116098903,3083.7061597919806,1030990
2023-11-15,3128.08740234375,3136.081470807579,3083.7522335870945,3108.6075388652434,2059802
2023-11-16,3214.046630859375,3242.990829737397,3137.1835681286,3151.747643646015,3951984
2023-11-17,3218.273681640625,3238.534668324732,3209.1770219858477,3214.047043797082,2021292
2023-11-20,3234.032470703125,3247.172040938642,3207.9825974720807,3207.9825974720807,1475621
2023-11-21,3225.39501953125,3251.9043245816342,3216.9415191317103,3234.032472119512,1807236
2023-11-22,3243.7255859375,3246.0227444687735,3198.6555150194213,3216.021943783095,1798051
2023-11-23,3223.603271484375,3256.45264566112,3216.022646674357,3243.588555074423,2729804
2023-11-24,3176.603271484375,3220.2033021073066,3172.835841192993,3210.738962666845,1989733
2023-11-28,3188.594482421875,3198.7939582765516,3154.4587888727906,3176.6034917170814,1689195
2023-11-29,3228.656982421875,3232.562152731457,3193.7861535827024,3198.564199448039,1441634
2023-11-30,3204.62841796875,3231.321223058578,3198.5638291631694,3215.5168157957996,3266235
2023-12-01,3226.727294921875,3231.5973169040535,3206.8799756151684,3216.022623635975,1172141
2023-12-04,3227.462646484375,3259.9445668878407,3214.1851113453504,3257.050011733857,1625213
2023-12-05,3245.05859375,3250.9392307206267,3218.595278718338,3250.9392307206267,1377656
2023-12-06,3311.67626953125,3319.7163257375805,3239.131811495445,3245.977524530947,1896572
2023-12-07,3321.599853515625,3335.980203089425,3300.282263403626,3312.503193839517,1967653
2023-12-08,3332.4423828125,3349.2576305979355,3309.792486099661,3338.2312680280656,1641155
2023-12-11,3347.328125,3356.6087371102208,3321.6919202445793,3328.950852965452,1102503
2023-12-12,3374.158935546875,3398.324867473977,3336.3935538659134,3343.698474230384,2236866
2023-12-13,3301.982177734375,3353.851980623107,3273.910851221953,3347.92535555113,3850968
2023-12-14,3369.702392578125,3379.580175854481,3333.269542133453,3335.4747249461025,3290396
2023-12-15,3547.732421875,3579.84666039233,3369.1971763947013,3369.1971763947013,8531230
2023-12-18,3546.078125,3610.214844891434,3519.38509432448,3545.0675097062062,2521612
2023-12-19,3506.566650390625,3542.310573167924,3482.492472885081,3533.029962597134,2004435
2023-12-20,3473.350341796875,3582.4653925926305,3460.9456833906206,3516.7206581730966,2586083
2023-12-21,3480.19580078125,3497.8379366079334,3439.6280635557396,3451.481313976124,1517562
2023-12-22,3513.734375,3533.903385973376,3456.7648323091003,3491.681648797071,2413058
2023-12-26,3487.5927734375,3522.9230339059286,3482.6307754103036,3509.921203730051,1285231
2023-12-27,3501.97265625,3508.4047009886162,3462.2777964437796,3490.762566000509,1293976
2023-12-28,3491.589599609375,3526.598391456395,3484.422643209007,3513.7343014406606,1682889
2023-12-29,3485.61669921875,3512.447692792302,3459.8885213069443,3484.330380055923,1574996
2024-01-01,3501.881103515625,3521.0852627367144,3466.8723111444738,3482.4929921117296,825907
2024-01-02,3476.244384765625,3501.880811283447,3461.5885566534093,3501.880811283447,1344068
2024-01-03,3392.21435546875,3465.8154121881867,3387.8957418477744,3461.358834441872,1803075
2024-01-04,3369.288818359375,3417.2534494983192,3354.770729797893,3401.4030536919613,3598144
2024-01-05,3434.61962890625,3443.670523697624,3376.6854673620605,3376.82320714796,1963127
2024-01-08,3379.85546875,3436.3195828150965,3374.434039802681,3434.6195957019763,1067805
2024-01-09,3390.5146484375,3447.897858716544,3383.944863545508,3408.937908160742,1370944
2024-01-10,3411.78662109375,3426.6721669236586,3388.7690424654966,3390.606769711953,1292227
2024-01-11,3432.460693359375,3466.8720875812282,3406.227094795551,3421.847774755498,1777909
2024-01-12,3567.763671875,3588.392115065258,3511.5292637762777,3535.787173361786,6813450
2024-01-15,3587.059326171875,3643.293726721728,3569.784647746258,3638.6994092857612,2801505
2024-01-16,3548.007568359375,3582.648676378211,3542.7241033967753,3582.648676378211,1432672
2024-01-17,3569.417724609375,3592.7107828856997,3503.213555613641,3509.1401811238566,3458696
2024-01-18,3585.956787109375,3591.65369594661,3548.6508392529267,3581.7299252739276,2239110
2024-01-19,3648.3662109375,3667.334143476537,3622.4587908841813,3650.1704325122582,2941975
2024-01-23,3569.9033203125,3639.89952002954,3555.5617142826045,3608.5331301027018,2618854
2024-01-24,3554.683349609375,3593.4055567999762,3521.188799645332,3590.028429691816,2657709
2024-01-25,3525.537353515625,3572.448244885673,3496.298888503896,3552.925062591193,2205154
2024-01-29,3516.932373046875,3534.512408586967,3498.288373082006,3516.747365220146,1646747
2024-01-30,3516.515869140625,3560.234639498123,3503.978483467616,3522.900107152383,1411621
2024-01-31,3530.76513671875,3547.4662161180863,3512.7224681704183,3526.3701277133873,2459358
2024-02-01,3566.110107421875,3613.0673074626943,3520.679730209892,3534.512397161187,2363107
2024-02-02,3669.878662109375,3686.625823288954,3582.626126302747,3585.448229768175,2826510
2024-02-05,3676.35546875,3721.415829059659,3665.9925459315737,3685.3304940687767,1691523
2024-02-06,3826.89599609375,3839.7570890882835,3691.807307643632,3698.2841625693227,4474396
2024-02-07,3778.226806640625,3844.4758674214854,3769.4830980416878,3842.625337521403,2124267
2024-02-08,3825.137939453125,3847.2516815117974,3780.6789132023487,3784.333664594337,2345173
2024-02-09,3824.76806640625,3872.0026633870466,3793.586455555742,3827.4047101937194,2100596
2024-02-12,3812.739501953125,3848.7322185445555,3798.7213763754216,3821.3442853665883,1013716
2024-02-13,3839.387451171875,3858.3553853203325,3776.469425703822,3817.1350067037893,1257415
2024-02-14,3793.67919921875,3807.372940800221,3746.8606988444094,3800.063437499442,1391283
2024-02-15,3796.547607421875,3836.4261683169548,3777.857073318582,3819.493999181755,1091582
2024-02-16,3819.771728515625,3837.953549147556,3793.6795237905503,3805.8466694877607,1307556
2024-02-19,3797.102294921875,3819.7712872346397,3751.949544010636,3814.9136460247614,772291
2024-02-20,3729.419189453125,3791.7358760164275,3710.3125580346205,3777.024253238986,1193648
2024-02-21,3693.195068359375,3759.6754457426146,3683.1097707064782,3713.0882648944435,1885939
2024-02-22,3781.65087890625,3788.9140740170506,3674.2275161668267,3674.2275161668267,2982052
2024-02-23,3749.2666015625,3821.3446586399486,3743.9924100587164,3821.3446586399486,2538072
2024-02-26,3702.03173828125,3747.3234168691433,3685.0993428482916,3734.3697062923115,1379284
2024-02-27,3797.65771484375,3815.792999866402,3700.1348706269982,3700.1348706269982,2960475
2024-02-28,3811.120361328125,3844.3833662089555,3783.408494524996,3789.5153337368693,1939225
2024-02-29,3789.052978515625,3828.839375475597,3760.786086194176,3792.6614218354753,3772719
2024-03-01,3788.35888671875,3830.597144097078,3781.3730907093754,3800.2486324635324,2043265
2024-03-04,3775.728515625,3810.1483254860927,3771.2871988279785,3798.2124983704316,1749271
2024-03-05,3712.255615234375,3760.276776027011,3682.554519829602,3758.426246117549,2070859
2024-03-06,3760.554443359375,3767.678938412685,3662.6150564319732,3695.5545795520343,1744204
2024-03-07,3801.543701171875,3815.792691183568,3735.942280037316,3761.20205859874,2688905
2024-03-11,3814.266357421875,3842.625640015194,3783.408678550958,3783.408678550958,2304068
2024-03-12,3878.942138671875,3913.824809369905,3813.063090933948,3814.2662064898195,4039801
2024-03-13,3838.92431640625,3924.048692667849,3823.102195243199,3890.7391541307015,2837260
2024-03-14,3893.144775390625,3909.24429467232,3780.632470539905,3843.0417702321947,2919608
2024-03-15,3903.924560546875,3922.198545276578,3864.832112201054,3879.2663373328105,3373143
2024-03-18,3842.1630859375,3936.7714364581766,3810.1027425981874,3900.22346730838,1526904
2024-03-19,3680.056884765625,3754.725732291426,3670.1565934893065,3748.4801929387972,8931209
2024-03-20,3674.134765625,3717.714838283346,3664.2344751221162,3688.1063577395266,1817913
2024-03-21,3676.031494140625,3708.8320928330704,3652.946177836041,3691.853615815909,3829582
2024-03-22,3618.618896484375,3643.6936690237358,3566.8966719366435,3605.7578029927627,5852485
2024-03-26,3587.715087890625,3651.7433816109683,3582.1171893830456,3585.401925358136,3440925
2024-03-27,3553.849853515625,3603.9067748151165,3543.209307197172,3597.8925529829476,1968575
2024-03-28,3586.604736328125,3622.412446366123,3553.4802044110074,3562.3628386987034,4311783
2024-04-01,3624.031982421875,3639.345164591727,3597.476919948952,3606.4056375645764,1569676
2024-04-02,3593.5439453125,3617.647141683191,3583.5510389868773,3599.280542643675,2142666
2024-04-03,3652.298583984375,3683.4799693421774,3563.195519200383,3563.195519200383,3973090
2024-04-04,3704.11279296875,3727.568121213406,3641.148475192921,3678.760400721334,3394637
2024-04-05,3681.86083984375,3702.9106191002543,3664.512120676301,3680.7042585659196,1636819
2024-04-08,3675.661376953125,3731.2696657380807,3664.0492564790175,3685.330350645436,2302538
2024-04-09,3651.604736328125,3715.725647857853,3631.711538253932,3686.255866399333,1876992
2024-04-10,3686.85693359375,3691.992199302218,3625.1881143494634,3660.7181984660388,2101965
2024-04-12,3702.355224609375,3713.4123219078538,3650.633002250067,3674.227259392984,4354821
2024-04-15,3646.654296875,3760.4618895048175,3626.1597679097335,3702.3552035360053,4200329
2024-04-16,3583.3662109375,3635.088432257424,3574.159869690793,3610.383902806716,3051420
2024-04-18,3573.373291015625,3641.8428983525378,3562.270111447477,3587.067257661961,3476284
2024-04-19,3540.2490234375,3564.6298474104997,3516.839772927929,3551.167196003858,2957749
2024-04-22,3575.779296875,3588.1777578205415,3527.1102663259167,3550.2418918920625,1728883
2024-04-23,3585.124267578125,3603.907192347492,3572.0781665521927,3587.298730696502,1807586
2024-04-24,3544.736572265625,3606.683019690121,3538.6297328235796,3599.28089958814,1317312
2024-04-25,3564.305419921875,3584.152306944371,3526.184551035576,3526.369558837525,2856271
2024-04-26,3535.761474609375,3587.067373339443,3518.366447546027,3567.0352506857103,2039178
2024-04-29,3580.96044921875,3587.9925533633923,3533.7719356498687,3551.1669623012726,1110693
2024-04-30,3535.113525390625,3591.6473055453566,3525.2595437954037,3582.62597206714,2203078
2024-05-02,3574.576171875,3581.793283755537,3495.6973338865346,3495.6973338865346,2491044
2024-05-03,3556.16357421875,3602.612060071111,3513.786615985312,3599.419714958449,2962234
2024-05-06,3628.01025390625,3645.497671472227,3565.0459275516187,3565.0459275516187,2053831
2024-05-07,3681.5830078125,3689.956700971341,3621.0244606949204,3637.031589857526,2062112
2024-05-08,3679.73291015625,3686.5336988437207,3644.2491299192034,3664.9749773275407,1247685
2024-05-09,3664.234619140625,3674.2275268958797,3617.8326670724946,3665.9001414156323,1726486
2024-05-10,3602.88916015625,3676.632958650121,3594.7007007453585,3666.455044025797,1672489
2024-05-13,3652.7607421875,3659.42260415138,3580.775089270756,3594.1914300445096,931326
2024-05-14,3609.6435546875,3650.9104615516194,3601.963810472638,3641.8428199206287,1058317
2024-05-15,3590.398193359375,3633.469324021022,3585.864485245422,3612.697170078893,1115021
2024-05-16,3635.646484375,3643.6150446878205,3582.103702329617,3626.466519045034,2599399
2024-05-17,3573.342529296875,3653.4003698563865,3569.5212797321324,3652.468379966117,2765804
2024-05-21,3560.38818359375,3583.2685838009415,3550.928576025766,3570.0810162003927,1908117
2024-05-22,3571.385498046875,3580.0064051076615,3557.91828874032,3574.1814679044273,1311168
2024-05-23,3628.65625,3639.420779503035,3565.3275779741,3579.726777292213,2095742
2024-05-24,3587.695556640625,3619.6628596080805,3582.849254078192,3614.490269526303,1309452
2024-05-27,3585.412109375,3642.5431408365193,3580.099811979568,3592.8213842320465,1841538
2024-05-28,3578.748291015625,3606.8012808815743,3569.5216810791803,3595.617400940856,1801993
2024-05-29,3544.963623046875,3587.1361699587314,3541.5619506089633,3587.1361699587314,1568095
2024-05-30,3482.00830078125,3536.343141537564,3462.762568709979,3520.1266048254643,2919230
2024-05-31,3421.28857421875,3494.7760752132112,3405.25839205768,3485.6425278948263,10956800
2024-06-03,3451.01904296875,3496.406907573954,3444.634820860251,3478.9320961856615,2156773
2024-06-04,3462.343017578125,3490.3027189313802,3347.242247007224,3448.363166901497,3395997
2024-06-05,3491.65380859375,3526.4637252968946,3448.3629196102897,3463.274759262659,2799670
2024-06-06,3569.89453125,3578.7484365631567,3487.0407083341674,3523.8543146362385,4328036
2024-06-07,3629.122314453125,3648.740748916949,3576.3251734304413,3576.3251734304413,4552445
2024-06-10,3596.269775390625,3640.259657979909,3580.6122978489143,3630.101057972248,1734661
2024-06-11,3590.11865234375,3616.0744364710417,3579.7734726681783,3583.5014325459897,1419898
2024-06-12,3571.0595703125,3628.703245697616,3567.145257624904,3610.9021447965306,2177001
2024-06-13,3614.396728515625,3625.4409004223003,3590.0252823719024,3594.498879632959,1932323
2024-06-14,3571.43212890625,3624.508910984573,3567.657524106183,3624.508910984573,1860730
2024-06-18,3555.63525390625,3580.70569469464,3536.948808300375,3565.840499225813,1774045
2024-06-19,3543.14599609375,3573.1096082285862,3534.991084379514,3567.3310887560774,1509050
2024-06-20,3529.678955078125,3550.8350815373415,3522.968672913241,3537.833867179764,2846526
2024-06-21,3551.5810546875,3614.071032548509,3539.7448266543074,3566.7258928791084,4642195
2024-06-24,3557.219482421875,3594.6854349663126,3533.4537373890407,3549.7169174041856,1702154
2024-06-25,3577.397216796875,3585.971479881088,3534.945023860779,3557.4060754250127,1338808
2024-06-26,3593.613525390625,3603.9584772724033,3579.7733836736766,3583.035348485668,1639845
2024-06-27,3666.58837890625,3673.9045914436874,3558.4311210986525,3570.453701121453,4526556
2024-06-28,3638.62890625,3690.680642180252,3632.7575508940217,3651.3507071067693,2731571
2024-07-01,3707.642333984375,3729.54409757546,3619.8489271393464,3619.8489271393464,2658723
2024-07-02,3744.176513671875,3749.7684536400434,3711.6967988787364,3721.9953338274368,2307449
2024-07-03,3695.5732421875,3752.2849230860397,3686.0203449597284,3746.599693233403,1821198
2024-07-04,3747.485107421875,3772.0897796971713,3711.2774328068517,3727.820255141,2518001
2024-07-05,3738.957275390625,3752.8904794437894,3716.775869378986,3737.2796479964227,1668616
2024-07-08,3721.622314453125,3757.0845784309718,3707.5027573776674,3748.4636711812386,1758882
2024-07-09,3714.446044921875,3734.437184375931,3704.753440197671,3713.9800499344306,1305801
2024-07-10,3643.288818359375,3731.03581821931,3636.6251805066217,3712.7687221974984,2669716
2024-07-11,3656.84912109375,3709.320203652745,3630.6603385899334,3663.6526936077744,4872189
2024-07-12,3899.39990234375,3914.3117429549025,3701.2120841991746,3709.3203520241623,13509164
2024-07-15,3885.65283203125,3951.637541017052,3874.3287896416814,3947.630166106164,4848030
2024-07-16,3894.27392578125,3909.278601216812,3863.005387207523,3888.2624080539726,2029521
2024-07-18,4022.049072265625,4030.8565593784106,3877.078216650679,3877.078216650679,5613364
2024-07-19,4019.10595703125,4071.7456507626844,4003.085299668665,4033.11827358105,3903354
2024-07-22,4005.0478515625,4035.501383022473,3984.1694048386576,4016.8182908544136,1896386
2024-07-23,4019.06005859375,4074.502224282176,3985.383512221981,4000.9840761992705,2365208
2024-07-24,4022.703125,4053.3901939110833,3987.0652193102123,4005.187726777939,1809793
2024-07-25,4037.88330078125,4057.0334702817745,3992.763815580868,4012.1940490122543,2810342
2024-07-26,4098.9306640625,4131.252506902691,4051.475333101173,4063.5728185417897,3552210
2024-07-29,4092.625,4139.239225486161,4083.1899468742968,4124.292751189664,1746803
2024-07-30,4077.912109375,4108.412167596899,4042.3672511181926,4101.96659171143,1797906
2024-07-31,4096.5947265625,4123.358163060002,4058.9014994326476,4063.572272159268,2330091
2024-08-01,4107.57080078125,4128.308756789134,4077.6308756871877,4109.719173657026,2202244
2024-08-02,4001.0302734375,4108.411516326508,3988.8397395894017,4077.584417636473,2811282
2024-08-05,3881.458740234375,3959.8811983653177,3839.8423368437457,3959.8811983653177,2787771
2024-08-06,3896.545654296875,3977.863625691211,3886.830082040627,3896.312115658603,2203067
2024-08-07,3923.86962890625,3965.439506030656,3905.046049978384,3949.605404089638,1237666
2024-08-08,3897.806640625,3953.342314714544,3886.083182706168,3905.7004295419442,2441283
2024-08-09,3950.305908203125,3973.5662644176555,3928.633340987178,3939.3295926438254,1302536
2024-08-12,3919.3857421875,3959.8814362113103,3910.698286669118,3951.4740446269975,936912
2024-08-13,3920.600341796875,3955.210587370805,3907.568702638658,3935.5933407163916,1495593
2024-08-14,4012.427734375,4022.6569101782006,3912.379680783193,3931.8568963353414,3226545
2024-08-16,4125.27392578125,4135.5031028065905,4040.3128244424006,4063.573186629471,3457058
2024-08-19,4194.3544921875,4198.32464955761,4101.266070017889,4129.897819590409,2055210
2024-08-20,4225.46142578125,4264.415856031023,4203.695805507033,4208.366578624263,2212298
2024-08-21,4251.80419921875,4259.744512454685,4196.735609089243,4220.510023524182,1896990
2024-08-22,4205.56396484375,4260.63256038501,4201.080205263111,4259.744931072301,1829872
2024-08-23,4169.97314453125,4209.301149291511,4161.659258786881,4203.696220996849,1809253
2024-08-26,4205.98486328125,4252.412076557385,4189.683681888486,4193.420300556836,1844164
2024-08-27,4201.03369140625,4213.037670451652,4191.365099096131,4208.366896981085,930697
2024-08-28,4209.34716796875,4262.080377779873,4163.807131055486,4202.528021816373,1848058
2024-08-29,4214.71875,4256.008567811444,4166.329721782055,4166.329721782055,2133641
2024-08-30,4253.90673828125,4289.871692313383,4192.29905664945,4203.695925833791,3637222
2024-09-02,4223.35986328125,4285.901701999436,4214.905945819847,4274.691845760554,1216500
2024-09-03,4215.23193359375,4255.914177534855,4199.86491040308,4223.358803649795,1717263
2024-09-04,4184.31201171875,4191.551709902781,4144.563915753981,4182.163638580721,1265505
2024-09-05,4181.22900390625,4202.761082613176,4160.864162190618,4185.946301664735,1688793
2024-09-06,4163.29296875,4221.397559718623,4147.645881247546,4179.360608219492,1649179
2024-09-09,4156.5673828125,4194.587657162911,4138.771920285124,4161.658707791496,1184938
2024-09-10,4211.029296875,4241.015753552719,4148.0673621993965,4149.935671573333,1385591
2024-09-11,4184.4052734375,4249.7960919167,4176.838530358877,4223.733271206021,1325919
2024-09-12,4220.23095703125,4234.149771120126,4139.519624394889,4213.271321921695,2742216
2024-09-13,4224.80810546875,4247.601388750184,4208.366891647148,4231.720758970384,1458786
2024-09-16,4216.07373046875,4246.713822399725,4198.511804432986,4228.918357687261,1155120
2024-09-17,4208.97412109375,4237.138794663336,4171.934977688061,4216.07378818868,1699364
2024-09-18,4059.9755859375,4200.9394121289515,4036.4816909272813,4200.9394121289515,2961779
2024-09-19,4013.26806640625,4131.018523683511,3999.86285709495,4100.985089340959,2927551
2024-09-20,4002.759521484375,4045.5440819048326,3949.139131072677,4032.6524729200523,5447908
2024-09-23,3987.43896484375,4025.645797282258,3972.9595683449616,4016.864835147739,1702319
2024-09-24,3990.054443359375,4008.4574718134822,3960.8155862244616,3971.698396314348,3012026
2024-09-25,3993.27734375,4007.149630672786,3960.8154716650097,3972.352372106861,2713073
2024-09-26,4009.858642578125,4032.5584170310385,3979.4986179109637,3979.4986179109637,3964251
2024-09-27,4024.9921875,4089.7289201150743,4016.9113851451907,4049.560271516411,3012477
2024-09-30,3987.43896484375,4015.697141881708,3979.5451759133052,4004.6273184936945,2503416
2024-10-01,4005.561767578125,4012.894973053944,3963.571788322826,3975.3417724055544,1823365
2024-10-03,3954.042724609375,3997.2473731270484,3932.790708311492,3981.927329527354,3350119
2024-10-04,3972.259033203125,4014.996607609391,3945.9156901334163,3946.803319485732,2965463
2024-10-07,3991.502197265625,4014.295476129203,3950.9130012728624,3992.4828770510344,1472619
2024-10-08,3973.193115234375,3997.6211671843516,3927.1394751787057,3991.2690982560466,1541867
2024-10-09,3972.913330078125,4012.1943519330907,3967.074863326185,3979.498938122227,1082504
2024-10-10,3949.044677734375,4011.119427271969,3922.1412103434836,3973.1926630034595,2378875
2024-10-11,3875.99462890625,3962.6374720829167,3841.6644457607786,3870.2026876650034,5759183
2024-10-14,3864.270751953125,3891.12769821191,3850.7724909029175,3867.4002612649715,2137590
2024-10-15,3845.727783203125,3895.3784690785774,3825.363393742248,3859.0394873205432,2759474
2024-10-16,3825.316162109375,3844.046006612446,3799.3933731218913,3816.0213698692205,2359151
2024-10-17,3838.44140625,3858.0121283615904,3823.4481787021273,3841.9910114211275,2522659
2024-10-18,3860.96240234375,3882.594110124687,3820.649118439755,3830.013454514362,2361000
2024-10-21,3820.508544921875,3876.788293233767,3811.2845829224775,3869.905415130514,1595450
2024-10-22,3760.2490234375,3829.8260838402684,3751.6807476679483,3807.538919013043,1928049
2024-10-23,3807.773193359375,3852.066320525731,3741.192671772974,3745.359984263881,1966476
2024-10-24,3790.589111328125,3819.7122849196376,3749.479771713221,3749.479771713221,2676744
2024-10-25,3799.6259765625,3831.886066466202,3776.3555115186805,3799.15775978996,1759676
2024-10-28,3830.80908203125,3871.216096182637,3793.492115538428,3810.3010511703237,1532534
2024-10-29,3816.200927734375,3842.655176236552,3802.0140505171976,3835.4915508341114,1445885
2024-10-30,3825.003173828125,3845.9325549291766,3801.967045880175,3815.966681601265,1935002
2024-10-31,3716.18994140625,3819.0572656752893,3708.2771230674366,3811.284820930421,3740372
2024-11-01,3730.938720703125,3744.7511163671993,3723.3068782763153,3736.2297077405597,154895
2024-11-04,3712.162841796875,3738.148871941436,3664.498467142464,3714.176311035008,2269192
2024-11-05,3718.905517578125,3732.624177811658,3690.578402330056,3690.578402330056,967590
2024-11-06,3876.50732421875,3886.0120339656723,3722.5577293084234,3749.105713751395,3792017
2024-11-07,3887.0419921875,3938.4521034399195,3825.377979126114,3904.6472175492813,3724349
2024-11-08,3883.389892578125,3904.6937556251837,3855.90547671498,3890.8813609023655,1648039
2024-11-11,3931.8037109375,3965.140379367605,3855.9054977183528,3865.785145970524,1406487
2024-11-12,3930.585693359375,3949.876313984836,3899.6367505625562,3948.0034470744595,1587640
2024-11-13,3886.52685546875,3929.9772782781292,3868.4534146320793,3912.512885008803,1098813
2024-11-14,3882.359619140625,3895.5634231532636,3854.781926464299,3872.152585273737,1825432
2024-11-18,3763.99462890625,3945.1945196123975,3736.557080351516,3945.1945196123975,3313944
2024-11-19,3782.770263671875,3869.48387485758,3758.9380751010713,3764.369206895897,1776233
2024-11-21,3813.95361328125,3832.307574351096,3768.208741263394,3787.780111716493,2384347
2024-11-22,3974.78564453125,3984.47782250728,3796.3013316206793,3812.220700796198,3096553
2024-11-25,4040.803955078125,4052.9775895772523,3981.9023842193856,4007.935050481905,4052167
2024-11-26,4076.01416015625,4089.0304939802354,4036.0282679685406,4046.375674946332,2060669
2024-11-27,4057.14501953125,4099.144155960028,4049.185334306465,4081.8672312002336,1558993
2024-11-28,3975.06689453125,4064.075182497466,3963.9234261473007,4044.456715693407,2558544
2024-11-29,3999.3671875,4025.4469524620627,3928.9472039488446,3951.749451593235,2017425
2024-12-02,4004.798583984375,4015.614666194075,3961.1606876475703,3998.5713921173747,1670944
2024-12-03,4029.2392578125,4050.074903268622,3994.3104710236757,4040.1019779033772,2010905
2024-12-04,4077.606201171875,4108.087387887844,4016.4101765929463,4039.352798807075,3302642
2024-12-05,4180.28564453125,4203.649842480739,4082.849924975723,4121.056227615031,3746747
2024-12-06,4162.9150390625,4181.175491938829,4132.246842565077,4169.93829016878,1842087
2024-12-09,4169.1435546875,4185.297037363476,4134.86998695247,4148.823216043845,2066639
2024-12-10,4150.78857421875,4208.145132266229,4131.638781428679,4144.795490622383,2087828
2024-12-11,4146.0126953125,4165.864811228231,4126.8624472810225,4150.132911276676,1635256
2024-12-12,4171.7646484375,4199.904292516949,4144.654715424752,4148.447088243233,1914642
2024-12-13,4189.51025390625,4209.175359798749,4115.063781598932,4153.036438989519,1967048
2024-12-16,4134.5419921875,4190.540540988883,4117.498717034216,4175.557602741771,1646224
2024-12-17,4053.3525390625,4151.1632042757365,4043.519986986687,4129.671871841429,3225027
2024-12-18,4071.472900390625,4084.723344320789,4016.9256434427375,4037.6209173556795,1575404
2024-12-19,4000.350341796875,4086.5959621440575,3991.0797412140178,4009.808411984614,3015763
2024-12-20,3905.20849609375,4103.451653679163,3888.5401624606857,4053.8206774936325,4116989
2024-12-23,3893.97119140625,3948.940020065292,3853.330069463599,3933.0672895418265,2195338
2024-12-24,3913.82421875,3949.876912235315,3893.971643595964,3893.971643595964,1181886
2024-12-26,3904.085205078125,3932.9742715466155,3879.784571556427,3913.824022550346,1208464
2024-12-27,3900.10546875,3915.1821407656116,3883.624146371002,3898.372975186565,858100
2024-12-30,3894.439697265625,3932.3652563563705,3850.6147896579423,3887.135698411994,1527169
2024-12-31,3834.508056640625,3876.7881676077986,3775.746852751546,3872.1526387464664,1555429
2025-01-01,3851.036376953125,3871.216337275171,3825.752442210114,3834.1334768483284,763161
2025-01-02,3910.312255859375,3917.1013988528443,3836.521477668905,3858.106087323385,1720835
2025-01-03,3839.28369140625,3914.2454689148967,3832.1669338378674,3914.2454689148967,1791953
2025-01-06,3834.6953125,3885.8713135613334,3807.9132220434763,3844.527864583333,2085593
2025-01-07,3772.235595703125,3877.1630285076126,3756.5503325742256,3853.3777060174593,2669054
2025-01-08,3847.243408203125,3863.7247297154518,3762.355800488186,3778.4155440164827,2181277
2025-01-09,3782.11474609375,3874.727933015094,3769.4260257292876,3840.3139999504324,2392472
2025-01-10,3994.498046875,4023.8553328042613,3904.92826106441,3933.021270136816,7894300
2025-01-13,4018.330078125,4048.155577994656,3958.6790783856877,3975.160400233359,4003771
2025-01-14,3963.969482421875,4039.6802192540545,3950.859413957183,4028.5367525076463,3441709
2025-01-15,3979.468017578125,3985.882678702443,3939.9974357665556,3949.8766266035373,1653474
2025-01-16,3938.92041015625,4021.0458185510897,3925.3892191834284,3989.207076624975,2637705
2025-01-17,3933.1982421875,3967.8165423249693,3910.071878467617,3967.148790924069,1761466
2025-01-20,3888.853271484375,3953.7022267709062,3879.602772098358,3953.7022267709062,1287799
2025-01-21,3848.846923828125,3920.514717096685,3843.2678934321675,3905.542231174273,1971591
2025-01-22,3964.001953125,3970.2482693362895,3856.8099236471508,3862.3412243118146,2409223
2025-01-23,3953.368408203125,3997.141512526167,3948.218247742152,3974.8733548946852,1822998
2025-01-24,3959.948974609375,3984.4103764893116,3913.839201798022,3913.839201798022,1910099
2025-01-27,3876.788818359375,3963.763199603187,3853.805645566754,3911.93144531806,1551782
2025-01-28,3853.09033203125,3911.93137910054,3841.646359201117,3882.1770963078384,2468272
2025-01-29,3909.83349609375,3917.5107746444246,3866.155848644477,3866.155848644477,1217089
2025-01-30,3910.072021484375,3938.539000483225,3870.447447016769,3909.929064937949,1531251
2025-01-31,3921.849853515625,3937.1564483563893,3895.9579550966228,3919.5611518137493,1492943
2025-02-01,3884.41845703125,3944.260904282812,3868.0632040212854,3922.4220804091583,437172
2025-02-03,3880.126708984375,3888.089900145153,3813.417928344931,3844.125876575624,1265713
2025-02-04,3916.74755859375,3928.0010789730964,3877.6475473199966,3894.4796324423637,2547132
2025-02-05,3901.536865234375,3957.707610233867,3887.136438388733,3957.707610233867,1693912
2025-02-06,3893.573974609375,3947.6944382819197,3863.819686962104,3915.174383719183,2284536
2025-02-07,3842.695556640625,3900.487717170586,3822.2872299314695,3900.487717170586,1548940
2025-02-10,3849.8955078125,3864.248203802436,3828.34283176266,3852.804230839546,1339511
2025-02-11,3779.89697265625,3852.8045770599656,3771.743094621823,3832.2053307443857,1810908
2025-02-12,3767.11767578125,3835.400146101803,3757.5810309224153,3787.097133023103,1678002
2025-02-13,3728.970947265625,3799.828262299615,3721.4370912596387,3784.1405286996596,2277310
2025-02-14,3752.526611328125,3765.067205571011,3719.29131249416,3743.132923471687,1681975
2025-02-17,3723.583251953125,3751.716356302624,3677.521207418633,3677.8073533505512,1799806
2025-02-18,3693.7333984375,3742.5609756413837,3685.4365636204366,3717.765697945917,2149879
2025-02-19,3608.76171875,3695.4019938643646,3593.550584592638,3692.7794166411277,4366672
2025-02-20,3604.279296875,3612.480904202741,3577.4814657672678,3587.2087965043847,2888572
2025-02-21,3610.57373046875,3640.137329423988,3600.0834211620527,3601.1325452240194,1833931
2025-02-24,3505.28955078125,3588.830426562075,3499.948936112553,3569.709405563437,2508516
2025-02-25,3461.373291015625,3488.505001501012,3453.4578285088955,3457.0340706509483,4101954
2025-02-27,3445.160400390625,3469.431112985364,3433.859384035345,3444.3496925133104,3823856
2025-02-28,3321.851806640625,3433.192134904543,3296.8181139902795,3418.83943788603,7085018
2025-03-03,3331.197998046875,3359.9986208488913,3315.0809274786084,3323.5209518650067,4990439
2025-03-04,3368.390625,3386.462520072022,3303.7798574035824,3313.030356161702,2797737
2025-03-05,3382.695556640625,3433.5259187324127,3357.7095944485823,3357.7095944485823,2501894
2025-03-06,3434.71826171875,3442.204388576499,3372.253235052136,3392.184730582395,2786513
2025-03-07,3443.873046875,3457.0336629714075,3408.778148227326,3433.192051502639,2051315
2025-03-10,3423.32177734375,3454.2683775177134,3416.5986286887846,3439.391117760303,1004626
2025-03-11,3409.636474609375,3422.46321459512,3373.7308692128186,3393.138033446029,1995450
2025-03-12,3343.73828125,3403.8668719856255,3325.285013656077,3399.8137980328515,3174167
2025-03-13,3348.36376953125,3360.999824081682,3322.662557973568,3340.019205205493,1693004
2025-03-17,3335.632080078125,3366.864590627224,3316.2251483346326,3327.3352459788202,2690906
2025-03-18,3335.632080078125,3335.632080078125,3335.632080078125,3335.632080078125,0
2025-03-19,3335.06005859375,3382.647821765271,3302.301591434365,3382.647821765271,3051244
2025-03-20,3398.049560546875,3413.117506170413,3349.269714639503,3349.269714639503,2845192
2025-03-21,3412.30712890625,3448.6893373916764,3304.4475780330895,3313.9842232799383,4161925
2025-03-24,3460.80078125,3480.6370496480163,3401.33993867541,3433.1922402172363,1834751
2025-03-25,3488.266357421875,3538.0953280117983,3469.4314833711383,3476.1071349334247,3135390
2025-03-26,3467.333251953125,3509.9620062788417,3457.8443372465335,3478.7294955586594,1734499
2025-03-27,3482.019775390625,3493.2730630548403,3443.2056768112207,3447.354210516991,2528474
2025-03-28,3439.056884765625,3491.3177419988115,3425.467166663208,3481.8288275034715,2051919
2025-04-01,3386.27197265625,3417.933587672838,3361.667381848982,3407.1571321951615,2618493
2025-04-02,3379.7392578125,3398.955737182192,3366.4834143953553,3379.7869876031436,1764313
2025-04-03,3245.46337890625,3339.733211605574,3238.7877271411903,3329.2429016890515,4537821
2025-04-04,3146.520263671875,3242.125120848791,3142.8010656012702,3206.792040693369,5317367
2025-04-07,3122.34521484375,3138.8911537557533,2914.446359699624,2956.3598667283995,6623955
2025-04-08,3140.369140625,3193.8220768312513,3104.4637690824475,3149.0475797996346,5557558
2025-04-09,3096.167236328125,3118.4828923346345,3063.2180815269526,3109.4708094407843,2990265
2025-04-11,3081.766845703125,3146.0914699537143,3057.44840084302,3137.1271167444256,7108961
2025-04-15,3097.69287109375,3160.825412160961,3088.537831919463,3160.825412160961,3512160
2025-04-16,3122.10693359375,3126.2077375710383,3079.3827167859167,3097.693028895488,2384391
2025-04-17,3146.0439453125,3150.5263550376844,3068.8925750135395,3095.1183505924305,2932346
2025-04-21,3167.692138671875,3198.5907757535792,3131.929719443861,3137.6517065203434,2432946
2025-04-22,3160.825439453125,3179.421896695883,3142.3244417890623,3168.645674402416,2710498
2025-04-23,3254.85693359375,3262.390790001095,3182.6645776182195,3209.081037662751,3543923
2025-04-24,3243.985107421875,3254.379956863419,3230.7290317834236,3243.5082751937634,2252175
2025-04-25,3288.235107421875,3316.65435532197,3247.2275350265327,3261.532502141187,2742991
2025-04-28,3283.943603515625,3297.581052006719,3247.227521408655,3275.837455517982,1593296
2025-04-29,3311.60009765625,3333.0575496928996,3271.450727603039,3294.9109682944113,1578332
2025-04-30,3293.670654296875,3347.2665464023585,3210.0343339326632,3311.122759184256,2809332
2025-05-02,3272.02294921875,3329.7196523454577,3261.532639559349,3311.123194312883,1721761
2025-05-05,3294.2431640625,3342.117073001106,3286.7090751925784,3290.142360352066,1284443
2025-05-06,3299.67919921875,3312.076837828531,3277.7449155245213,3299.67919921875,1324763
2025-05-07,3285.469482421875,3299.202157339632,3262.104703449532,3262.104703449532,1477128
2025-05-08,3289.093017578125,3315.891080036136,3269.829043488972,3288.2348127594464,2543591
2025-05-09,3280.89208984375,3286.518617372084,3240.6474937252347,3241.505698660658,2531757
2025-05-12,3452.646728515625,3462.278832722667,3339.923635561146,3342.5939426230407,2228678
2025-05-13,3352.130615234375,3455.1263780922163,3347.8391251152984,3452.646757336565,3062887
2025-05-14,3384.26904296875,3395.999162462871,3346.027237589939,3357.8525838336896,2119499
2025-05-15,3414.023193359375,3433.1919414973604,3351.2722602468125,3398.860022082387,3548330
2025-05-16,3396.285400390625,3427.37472311883,3381.789746684424,3427.37472311883,1666727
2025-05-19,3355.75439453125,3385.508677753182,3341.353968714305,3385.508677753182,2537377
2025-05-20,3336.20458984375,3393.1383143193784,3332.103785899918,3368.1523508133114,2038374
2025-05-21,3362.43017578125,3373.111171091834,3336.2044033172906,3345.454901948022,1440153
2025-05-22,3315.891357421875,3335.7276249349993,3291.382227143766,3333.057317857191,2034383
2025-05-23,3351.74951171875,3371.204175356121,3305.0199488920316,3315.8916316020463,1274331
2025-05-26,3373.397216796875,3380.74038630303,3347.457591004991,3357.8524401052096,967470
2025-05-27,3336.585693359375,3375.972080868487,3321.708667954181,3368.342765431496,2467680
2025-05-28,3335.632080078125,3365.481823748712,3331.149903755809,3356.8988437504863,1222933
2025-05-29,3336.01416015625,3368.820128574258,3324.951557897849,3342.3082066867746,3188072
2025-05-30,3302.921630859375,3344.2153514588645,3293.0990724903722,3328.2892004179307,3404365
2025-06-02,3289.95166015625,3299.678990962806,3260.1973759363364,3290.142346480254,1877585
2025-06-03,3247.418212890625,3312.553542881876,3242.936036438699,3286.3277699067066,2848125
2025-06-04,3252.90234375,3266.2762443041534,3242.415101032151,3260.6957796433117,2544807
2025-06-05,3243.473388671875,3279.9384360226436,3236.353404838992,3279.9384360226436,3584683
2025-06-06,3256.07763671875,3262.5239346599506,3231.5430403786086,3243.473730125776,2070390
2025-06-09,3292.350341796875,3303.992342378787,3262.5239694574043,3271.27954690969,1718678
2025-06-10,3331.7978515625,3353.831020585222,3293.6009022564963,3309.7649174374747,2419874
2025-06-11,3340.457275390625,3356.909980604606,3318.5206483022603,3338.629301432497,2847013
2025-06-12,3304.1845703125,3343.1512807546196,3293.6010193282204,3340.4572389790806,4060134
2025-06-13,3315.2490234375,3319.867346975648,3264.7366235777054,3264.7366235777054,2178493
2025-06-16,3363.93359375,3376.152737355931,3296.487416323079,3309.7650089781714,1934088
2025-06-17,3382.214111328125,3386.736126790608,3356.043924600645,3377.1147173394984,2111940
2025-06-18,3320.7333984375,3404.0549041256045,3312.747815947458,3385.8705329382847,2696327
2025-06-19,3294.37060546875,3320.3484110609393,3283.7870550423027,3319.3862701130806,2672768
2025-06-20,3305.6279296875,3315.826718687675,3281.7667848759743,3295.333067521792,2351248
2025-06-23,3265.121826171875,3295.332959933054,3242.4152043720856,3285.71154983106,3123421
2025-06-24,3262.042724609375,3311.785601803136,3253.9608342374113,3304.569544364703,3403048
2025-06-25,3314.38330078125,3319.3863869066126,3271.2793378210094,3278.3030139670477,1757699
2025-06-26,3311.4970703125,3320.7334833351697,3286.000332815166,3314.3834934254055,2879106
2025-06-27,3310.823486328125,3335.1654656898822,3301.105768277059,3324.1971522580116,1778433
2025-06-30,3330.931884765625,3333.721999491074,3300.143375143297,3309.66847634863,1468351
2025-07-01,3299.85498046875,3353.0614253891877,3284.268343060543,3324.1971950415045,2375183
2025-07-02,3293.697265625,3357.7757139896216,3290.5221534097136,3355.1779803217332,3090585
2025-07-03,3272.04931640625,3305.243182495177,3268.9705120384147,3300.1437879715377,2531870
2025-07-04,3290.329833984375,3297.257202194738,3261.7542933055606,3278.9765232213795,1109320
2025-07-07,3282.53662109375,3296.3915933540857,3279.361508602982,3288.8868460752856,1639174
2025-07-08,3277.24462890625,3295.3329266950955,3264.929177120374,3276.090106685197,2325242
2025-07-09,3255.692626953125,3284.749236961352,3239.528611847941,3280.9006731219124,2034938
2025-07-10,3253.9609375,3270.3173348795094,3228.9452709195743,3252.036655455352,3035012
2025-07-11,3142.352294921875,3208.740019462478,3137.6378982976325,3174.968778671878,7635550
2025-07-14,3100.69189453125,3148.125494964879,3078.8513398189525,3142.3526487027184,3924009
2025-07-15,3129.171142578125,3136.002202567695,3084.623968418985,3084.623968418985,2590889
2025-07-16,3121.2548828125,3132.6464874286985,3109.187305299685,3115.365810708297,2540733
2025-07-17,3098.181640625,3129.8470122556437,3093.2582102459683,3112.5663349360093,2947640
2025-07-18,3079.549072265625,3117.103513998714,3076.749488627971,3113.434923384125,3432645
2025-07-21,3048.94580078125,3086.982946316993,3042.960329505588,3079.645764950135,3844346
2025-07-22,3050.29736328125,3070.088189339792,3045.4703325352643,3050.29736328125,3198036
2025-07-23,3069.123046875,3071.9226306702544,3048.366812883985,3050.2976253482652,1922875
2025-07-24,3039.0986328125,3063.909524321329,3031.37538342797,3055.6071726498794,2934778
2025-07-25,3027.32080078125,3047.6907301283586,3017.47370470728,3031.375459671135,2568917
2025-07-28,2972.775634765625,3010.136811034937,2963.7006742262606,3002.413560717978,3374473
2025-07-29,2950.28125,2967.658561027487,2935.99319157176,2954.1428746727747,4785312
2025-07-30,2947.964599609375,2962.8317614822286,2941.785858233668,2954.1431052901985,2880121
2025-07-31,2931.74560546875,2953.9499481457733,2910.6997030967705,2936.47600158721,2968371
2025-08-01,2899.114990234375,2931.745768865168,2896.218771462912,2925.084324273871,2053847
2025-08-04,2968.044677734375,2972.8717086542492,2888.1092342571515,2905.0038424767117,2519252
2025-08-05,2957.907958984375,2971.0375775693733,2936.7656575031788,2968.044724074376,1927996
2025-08-06,2927.4013671875,2960.707882222844,2921.3192607812002,2957.0392913988153,1487081
2025-08-07,2941.5927734375,2946.0337363593026,2906.741514367591,2911.665180402855,2543076
2025-08-08,2931.359130859375,2953.94977611907,2920.353595060068,2942.6545713366527,2762140
2025-08-11,2935.607177734375,2944.3922326106717,2916.78175710605,2931.3592490987544,1884215
2025-08-12,2930.393798828125,2989.2835752923374,2922.187846369997,2935.8001676667204,3358232
2025-08-13,2931.166259765625,2939.0825434733065,2923.8293140563796,2931.0698605624675,2148166
2025-08-14,2917.7470703125,2950.1845757137776,2914.6578177545016,2929.0422751905776,3342174
2025-08-18,2907.031005859375,2943.523406147703,2899.500790610218,2941.109890727772,2945609
2025-08-19,2911.85791015625,2920.3535312041786,2906.9344803304716,2907.0308795261603,2650784
2025-08-20,2991.40771484375,2996.0414760002127,2906.741403418293,2906.741403418293,4952358
2025-08-21,2995.26953125,3021.721568272579,2976.444109339037,3021.721568272579,3230726
2025-08-22,2948.3505859375,2988.6079780367672,2944.4889610705222,2979.2435848733217,1593791
2025-08-25,3031.955078125,3042.960615514831,2970.6517789228456,2980.4988759076773,3448370
2025-08-26,3047.98046875,3052.6144657420946,3012.067404527304,3020.756060501902,5522097
2025-08-28,2986.67724609375,3037.6507428505593,2979.7263682848406,3036.2026334864163,3116051
2025-08-29,2977.988525390625,3007.2403810515466,2970.747978726777,2986.001444170926,2271789
2025-09-01,3004.92333984375,3022.7833539936464,2983.105066117822,2983.105066117822,1246862
2025-09-02,3003.861572265625,3045.856744495596,2995.752253975034,3013.1295666219185,2185229
2025-09-03,2990.345703125,3033.2096441073413,2981.1743442292172,3021.6247697126682,1799774
2025-09-04,2988.60791015625,3010.136515439645,2983.877514079595,3008.205703050011,1481391
2025-09-05,2942.847900390625,2996.041643012066,2923.8294445249576,2989.959772231462,2802055
2025-09-08,2914.561279296875,2958.8733290135365,2911.6650607351357,2944.4888711015133,2626187
2025-09-09,2943.90966796875,2954.1430683002914,2925.953253480324,2927.2083287202117,2489301
2025-09-10,3002.413330078125,3014.6739418754814,2947.7712440051832,2950.667462651561,2079428
2025-09-11,3016.1220703125,3030.4101295308183,3002.5099840051885,3030.4101295308183,2263446
2025-09-12,3025.003662109375,3039.774423958481,3013.0327196287853,3035.237062003493,1447167
2025-09-15,3004.24755859375,3025.583130595429,2988.8976937854013,3025.583130595429,1732539
2025-09-16,3036.878173828125,3041.0294675418386,3001.5444490507502,3019.790531578054,2573429
2025-09-17,3063.041015625,3072.3087742640014,3033.692524030945,3042.960518364833,2418271
2025-09-18,3066.805908203125,3092.1961390627853,3052.035145819797,3074.8188270106057,2633138
2025-09-19,3059.565185546875,3070.474322402291,3035.2369972120114,3060.337557621526,4901694
2025-09-22,2967.4658203125,2999.4206262220173,2958.970198053499,2987.932385962669,3634901
2025-09-23,2956.4599609375,2974.126942183857,2946.419830367542,2963.79714260431,3177741
2025-09-24,2930.393798828125,2951.2466664114318,2928.0769182943645,2944.4888232106205,1625714
2025-09-25,2855.09228515625,2924.7948033919906,2848.9137795733855,2917.457621779319,4974361
2025-09-26,2798.80908203125,2852.5821577986485,2791.278866873073,2839.2595057026215,3934636
2025-09-29,2795.9130859375,2827.964525737199,2793.8856385700533,2815.1245756980907,3110035
2025-09-30,2788.47900390625,2814.448570520906,2785.293352196243,2810.2972769748603,2253458
2025-10-01,2813.386962890625,2823.620363841534,2767.4337649082727,2790.9895841039,1952902
2025-10-03,2801.51220703125,2822.8477787064007,2791.086008442819,2822.8477787064007,2899519
2025-10-06,2885.01953125,2890.0398315890247,2795.430032599017,2801.6085374387912,2112774
2025-10-07,2870.828369140625,2900.5629272327596,2853.2580234436414,2891.391568334869,3062943
2025-10-08,2922.4775390625,2937.7310038355854,2865.325540382523,2872.083383638142,4121889
2025-10-09,2955.7841796875,2959.9354735767624,2915.5267874109013,2929.042474504859,3211304
2025-10-10,2923.53955078125,2963.7969409179377,2902.8797173331764,2944.4888175243354,8817365
2025-10-13,2903.16943359375,2930.4904757795234,2894.4807779251564,2922.2845232036298,2866865
2025-10-14,2857.89208984375,2922.477671901626,2853.2580928331454,2916.492200456414,3611416
2025-10-15,2877.756591796875,2887.349664986807,2859.539215693528,2878.9193527026337,4282226
2025-10-16,2878.628662109375,2882.7954389661986,2851.8842144350965,2877.8534092983937,3251495
2025-10-17,2870.391845703125,2896.1675207642234,2863.8025522629873,2877.950145926403,4374683
2025-10-20,2921.749267578125,2929.307567962745,2886.186765192536,2892.9698128193104,3133039
2025-10-21,2913.512939453125,2937.8351067763124,2903.1446131495227,2937.1568492749448,310644
2025-10-23,2977.951904296875,3001.9833223001874,2942.001890896718,2960.3160263483123,5564758
2025-10-24,2968.26171875,2994.231149497321,2963.513679841537,2984.541081052346,2684318
2025-10-27,2989.2890625,2998.300873295387,2965.3546412157716,2971.4594315335457,1946312
2025-10-28,2963.1259765625,2994.424945391891,2945.974602490029,2980.6650953225503,3470737
2025-10-29,2962.83544921875,2980.665080689528,2951.691870406029,2963.125962015583,2895420
2025-10-30,2941.226318359375,2968.8430115115416,2938.8038014162025,2954.598659200471,2241536
2025-10-31,2963.222900390625,2972.3314700068563,2931.342670159881,2940.9357431934422,1868085
2025-11-03,2923.2998046875,2963.2228381217715,2916.710511035491,2952.4667678534975,2194877
2025-11-04,2897.5244140625,2935.412678861251,2883.764563259587,2926.0133591519766,2670720
2025-11-06,2917.582763671875,2930.276848617888,2897.330614208824,2897.4276095278424,2542721
2025-11-07,2899.074951171875,2910.896788283535,2868.7449872547954,2907.989767522932,1830520
2025-11-10,2931.439453125,2953.4358611387806,2899.2684732632038,2900.237480105872,1556656
2025-11-11,2952.56396484375,2960.9942773891976,2924.462765309628,2950.6259510827763,2806868
2025-11-12,3034.735595703125,3039.192885115363,2962.3508338140637,2965.1608589527805,4460315
2025-11-13,3009.444580078125,3034.8325126833847,3005.859301984357,3034.7357539410323,1740435
2025-11-14,3009.7353515625,3016.6153949995773,2981.924901585002,2994.2312415737683,2210794
2025-11-17,3006.052978515625,3026.6928715689805,2990.93661372188,3009.7352518307202,2232853
2025-11-18,2991.421142578125,3008.7662705711664,2982.6030856096777,3005.8592500198897,2548350
2025-11-19,3050.142822265625,3057.216619603584,2987.932629650603,3001.0142221592077,3151053
2025-11-20,3047.3330078125,3066.422396812198,3040.8407087665255,3050.433782640164,2700767
2025-11-21,3052.952880859375,3071.7515179167412,3038.0300343800313,3047.3325941742696,4177037
2025-11-24,3043.84423828125,3080.375748831919,3033.960415828725,3060.1236005069036,6703764
2025-11-25,3022.526123046875,3052.1778273241375,3018.4563415864895,3047.817296493595,2737920
2025-11-26,3064.87158203125,3079.503679669953,3020.394263540353,3022.1385231343734,2508527
2025-11-27,3039.386962890625,3081.4417653096157,3028.1463888655812,3081.4417653096157,2836233
2025-11-28,3040.2587890625,3049.7551028737985,3028.146204245518,3042.6813060258964,1616690
2025-12-01,3036.285888671875,3056.2475238822894,3025.433059554359,3040.646419381282,1747647
2025-12-02,3038.5146484375,3046.557452385492,3023.688796726563,3033.96036368288,2512003
2025-12-03,3081.441650390625,3112.3528729457903,3041.7123712503685,3042.6813780586676,3952112
2025-12-04,3129.11669921875,3149.27208789607,3088.6121678196405,3095.00770730463,5025905
2025-12-05,3137.837890625,3170.2028609083113,3122.527535293584,3129.892081880524,5244013
2025-12-08,3136.190673828125,3158.8653395160463,3109.1554773099156,3142.489218360763,2544725
2025-12-09,3108.86474609375,3133.4774256277456,3082.604565643986,3129.8921475722495,2734893
2025-12-10,3090.356689453125,3125.0471830165943,3079.6008550466445,3125.0471830165943,1386849
2025-12-11,3092.972900390625,3108.9615135733166,3055.3756234989633,3105.6669848803986,1914362
2025-12-12,3120.6865234375,3123.1090405337873,3086.9650381423917,3098.5931202045713,1146554
2025-12-15,3130.0859375,3137.8379924435076,3098.2057061744017,3111.578048266741,1562190
2025-12-16,3105.763916015625,3120.202023295087,3092.197820262168,3120.202023295087,1734623
2025-12-17,3118.0703125,3136.5782015286727,3101.306446555184,3101.306446555184,1376350
2025-12-18,3179.117919921875,3185.9009682967376,3121.171259347543,3127.9543077224057,2307422
2025-12-19,3180.280517578125,3215.067769256,3177.179742937931,3196.753634213965,3902511
2025-12-22,3221.850830078125,3225.436344736965,3189.0015919916527,3207.4127224224762,2632816
2025-12-23,3207.41259765625,3217.005670614833,3191.423985009323,3217.005670614833,2365420
2025-12-24,3216.1337890625,3223.98283930865,3193.943626455098,3201.695681385047,1367708
2025-12-26,3178.342529296875,3217.102804044398,3170.3967202884214,3210.4167512800273,1176664
2025-12-29,3150.7255859375,3186.094333865139,3142.392032892103,3178.342279524835,2079473
2025-12-30,3146.17138671875,3166.229780553915,3139.097589626445,3149.2721612242462,2807593
2025-12-31,3106.82958984375,3145.3961082329884,3099.3682847144837,3139.582067367493,3362634
2026-01-01,3127.37255859375,3133.865093634826,3099.0776063813255,3115.35696849259,1255735
2026-01-02,3149.950439453125,3153.4389586535176,3119.717473820805,3133.7680727866077,1184324
2026-01-05,3116.4228515625,3146.3650669323792,3092.1006863508537,3140.066522757738,2341703
2026-01-06,3154.892578125,3162.063134250383,3105.666982384277,3110.512016678168,2912325
2026-01-07,3193.458984375,3198.3040184958663,3123.3027483604965,3142.3921354819236,1989442
2026-01-08,3104.600830078125,3185.028395467413,3083.3796755266676,3185.028395467413,4159336
2026-01-09,3108.380126953125,3129.6012816982266,3092.1007650495476,3092.1007650495476,1938673
2026-01-12,3139.19482421875,3151.2104150586442,3075.9186268106855,3103.7290773163704,2228342
2026-01-13,3166.71435546875,3178.3424375573745,3110.9964621274244,3144.42719813222,5645341
2026-01-14,3093.554443359375,3158.9624073145064,3084.348878061986,3158.9624073145064,3539511
2026-01-15,3093.554443359375,3093.554443359375,3093.554443359375,3093.554443359375,0
2026-01-16,3163.8017578125,3178.7983689605644,3128.579389024886,3176.3318131508636,4293470
2026-01-19,3121.278564453125,3176.9239686725823,3109.9324074221513,3145.3520534559602,3387562
2026-01-20,3060.798583984375,3117.7266457653604,3049.7484617692403,3109.4391143226594,4499273
2026-01-21,3080.826904296875,3096.5141025881594,3040.769942385441,3058.5291438659533,2015150
2026-01-22,3108.2548828125,3117.7265535020897,3080.5309399469356,3107.8603302315137,2269827
2026-01-23,3120.193115234375,3151.7650297600667,3109.8335807806325,3147.621264153488,2068857
2026-01-27,3115.75341796875,3132.5259981161435,3088.127991843631,3132.5259981161435,4279874
2026-01-28,3157.290283203125,3162.3219126707263,3128.184923835551,3133.5125881835056,2751234
2026-01-29,3102.335205078125,3157.2902623909354,3083.786897692938,3157.2902623909354,2457641
2026-01-30,3082.109375,3098.980713054142,3050.636219281569,3098.980713054142,3022068
2026-02-02,3127.1982421875,3155.218220087344,3092.074390792288,3155.218220087344,2636272
2026-02-03,3182.153076171875,3305.1848335937134,3143.674804974814,3305.1848335937134,4366060
2026-02-04,2958.979248046875,3078.2617963038065,2946.0543986420407,3078.2617963038065,10852595
2026-02-05,2951.480712890625,2989.1696378838233,2932.5376122480607,2950.000779389259,3521545
2026-02-06,2902.248291015625,2945.0676030314735,2876.990663463912,2936.7800719556926,4687389
2026-02-09,2908.760009765625,2937.174782066686,2898.2031986297916,2919.5143380742375,2380318
2026-02-10,2944.673095703125,2971.3118985519286,2904.1228216834434,2910.3385905230825,3547763
2026-02-11,2870.873779296875,2957.893822910036,2865.348597754142,2940.134620504305,3363513
2026-02-12,2713.31005859375,2841.472197833708,2703.3450771056805,2831.4086986412967,10612156
2026-02-13,2656.1845703125,2676.706362809734,2550.4187054416375,2550.4187054416375,11168735
2026-02-16,2670.39208984375,2683.4154564010123,2635.2682386101537,2663.880286127823,2918730
2026-02-17,2681.04736328125,2723.0775699498763,2659.144396219614,2679.666188399951,4209118
2026-02-18,2658.848388671875,2693.478928386682,2621.751534036431,2693.478928386682,2950820
2026-02-19,2642.075927734375,2711.9288391622777,2630.9272877397234,2671.7733571903564,3238849
2026-02-20,2650.264892578125,2666.4456435463158,2612.0826560359187,2631.3217917460984,2293482
2026-02-23,2640.497314453125,2667.8267040377664,2624.612599044486,2650.0675026055624,4699596
2026-02-24,2539.269775390625,2612.0825495938816,2527.035755172012,2605.669504618486,7798833
2026-02-25,2594.126220703125,2618.6930211303556,2560.2850255621997,2561.2716479227247,3621285
2026-02-26,2612.27978515625,2635.26813265383,2599.749730266882,2614.549064594777,3464267
2026-02-27,2602.11767578125,2652.6329325338243,2590.969035984877,2645.726576120342,5083717
2026-03-02,2578.537353515625,2588.6996112720262,2545.7815416803182,2557.324974292137,3374385
2026-03-04,2553.181396484375,2599.7499237945026,2545.880246481027,2589.8837001747893,3446434
2026-03-05,2544.3017578125,2574.5910157046947,2512.335049229941,2565.2181034037962,2960636
2026-03-06,2523.385498046875,2584.161292192951,2519.4390085227947,2537.5927639837228,3998643
2026-03-09,2493.589111328125,2525.7530947438377,2471.4888680989507,2496.1544256648085,3653428
2026-03-10,2479.480712890625,2511.1511456572443,2456.7883989435327,2507.007379980955,4323710
2026-03-11,2431.92529296875,2487.2749022159755,2427.1896984686477,2474.547570466413,2720664
2026-03-12,2409.726318359375,2439.818299872899,2403.412031703097,2426.8936916820116,2752075
2026-03-13,2378.253173828125,2413.179508655849,2364.9337721078678,2404.398666093815,2466488
2026-03-16,2376.970458984375,2392.5591399058967,2334.4471812699776,2377.759805019881,3807907
2026-03-17,2359.70458984375,2387.6260500920594,2328.428710007132,2387.6260500920594,2993367
2026-03-18,2408.14794921875,2449.684606821956,2377.759931791064,2377.759931791064,3082388
2026-03-19,2324.482177734375,2391.5724952581177,2318.7597201236085,2384.6661390424383,2757060
2026-03-20,2358.619384765625,2375.5892402804725,2332.5724113216993,2354.0808258010857,4206320
2026-03-23,2351.910400390625,2374.602714385491,2316.589272171523,2333.3618520807718,3860515
2026-03-24,2366.709716796875,2402.819949907421,2347.2733048784753,2371.9388633725343,3420182
2026-03-25,2345.595947265625,2389.204849113034,2338.097761710688,2368.781573169959,5843778
2026-03-27,2357.830078125,2389.69802736586,2353.0942427947716,2371.7413083689694,4979411
2026-03-30,2327.34326171875,2365.9202902405636,2314.8132066050703,2343.3267357786763,6804756
2026-04-01,2375.98388671875,2438.9304406017563,2365.8216283746565,2396.5056797013217,4132661
2026-04-02,2417.915283203125,2436.858383664294,2343.91860884341,2354.080866963729,5378361
2026-04-06,2440.804931640625,2448.7966690134326,2415.4487854587173,2440.903690225315,2572417
2026-04-07,2505.823486328125,2509.868493428073,2415.251506653692,2428.0775971710527,4516550
2026-04-08,2524.9638671875,2545.781695099603,2506.119524847839,2537.592681428627,4769337
2026-04-09,2554.365234375,2570.1511917909907,2497.2398973257214,2519.8334525275204,5628261
2026-04-10,2490.53076171875,2531.4755878535475,2467.641172150841,2531.4755878535475,10480239
2026-04-13,2439.5224609375,2471.390169384871,2436.9571465386753,2456.5908344868626,3739587
2026-04-15,2520.72119140625,2524.7664391435346,2460.0439205944767,2468.430210056267,5261384
2026-04-16,2542.427001953125,2559.298340252972,2523.779936147688,2537.5926488552986,3905403
2026-04-17,2546.965576171875,2554.365243737743,2521.707947863873,2535.6194192375438,2718206
2026-04-20,2545.091064453125,2559.2983296867455,2526.937069016173,2552.490731944509,2288558
2026-04-21,2575.57763671875,2579.0308149330826,2525.7532081976633,2525.7532081976633,2719959
2026-04-22,2504.540771484375,2545.485597963241,2470.107748698972,2545.485597963241,5232045
2026-04-23,2488.064208984375,2525.2598221872495,2482.637786236952,2495.167841496993,2509050
2026-04-24,2364.8349609375,2471.4889309127534,2356.8434646078067,2454.7163513416886,5107719
2026-04-27,2414.85693359375,2426.1043319099444,2364.8349883004043,2364.8349883004043,5853425
2026-04-28,2411.99560546875,2453.7297789552113,2394.9269906770533,2411.3050180002156,4508363
2026-04-29,2441.59423828125,2454.6176048964962,2414.8569175928637,2418.211337173827,2835961
2026-04-30,2440.804931640625,2457.6762701500647,2405.3852856787867,2445.8368019678887,3970446
2026-05-01,2440.804931640625,2440.804931640625,2440.804931640625,2440.804931640625,0
2026-05-04,2398.77490234375,2464.8785979918853,2392.559133533261,2460.6360738276094,2632358
2026-05-05,2394.828369140625,2427.485422911908,2379.9302759850466,2397.4922011892513,3385720
2026-05-06,2402.81982421875,2437.9436740268407,2374.306536440952,2409.2328690917466,3147628
2026-05-07,2369.274658203125,2407.0623398832377,2365.9202387848723,2405.582406456141,5829594
2026-05-08,2362.368408203125,2374.7999458983372,2343.326789953136,2365.920344937355,3792199
2026-05-11,2360.888427734375,2382.6928771212197,2339.2814955090735,2339.2814955090735,1975188
2026-05-12,2269.52734375,2343.2279819983573,2252.4587296430527,2343.2279819983573,6347884
2026-05-13,2242.395263671875,2278.308219875756,2238.6460506699204,2275.1510766173806,3171843
2026-05-14,2215.953857421875,2234.6996825737074,2176.883514966109,2234.6996825737074,5633313
2026-05-15,2233.712890625,2274.06564640704,2221.873423006846,2221.873423006846,3410637
2026-05-18,2252.656005859375,2262.226194073794,2222.070714305826,2233.7129057172556,3773336
2026-05-19,2295.968994140625,2345.793423403843,2266.3703232911885,2269.2314317901273,10394707
2026-05-20,2296.2646484375,2310.669430390967,2286.793218866712,2292.8114703818346,2537422
2026-05-21,2296.0673828125,2304.650948701518,2283.0440165455843,2299.816595750975,3299087
2026-05-22,2286.300048828125,2308.696328282268,2277.223171267918,2299.9154856057353,2617262
2026-05-25,2308.199951171875,2326.10009765625,2293.0,2325.0,3298364
2026-05-26,2276.199951171875,2327.89990234375,2272.39990234375,2308.199951171875,3587597
2026-05-27,2284.199951171875,2295.60009765625,2260.89990234375,2275.0,2653950
2026-05-28,2284.199951171875,2284.199951171875,2284.199951171875,2284.199951171875,0
2026-05-29,2258.89990234375,2334.0,2235.0,2291.0,16331582
2026-06-01,2297.39990234375,2335.0,2280.0,2284.0,7505095
2026-06-02,2446.89990234375,2457.39990234375,2316.199951171875,2320.0,11306127
2026-06-03,2241.699951171875,2393.0,2224.800048828125,2393.0,15660062
2026-06-04,2241.0,2253.10009765625,2216.60009765625,2241.699951171875,4867263
2026-06-05,2198.89990234375,2271.800048828125,2192.0,2262.89990234375,5019717
2026-06-08,2151.39990234375,2177.0,2143.300048828125,2170.0,6536734
2026-06-09,2151.0,2174.0,2132.800048828125,2174.0,4148655
2026-06-10,2153.89990234375,2180.800048828125,2144.800048828125,2151.300048828125,2848650
2026-06-11,2135.60009765625,2154.60009765625,2110.0,2127.0,3079815
2026-06-12,2161.39990234375,2168.0,2138.0,2150.0,2124656
2026-06-15,2162.0,2192.0,2159.300048828125,2192.0,3337083
2026-06-16,2199.0,2209.0,2160.60009765625,2167.0,3079898
2026-06-17,2223.0,2231.0,2200.699951171875,2209.0,2865010
2026-06-18,2203.300048828125,2214.0,2182.0,2209.0,3735188
2026-06-19,2125.0,2138.0,2059.89990234375,2105.0,13286502
2026-06-22,2127.800048828125,2157.0,2121.0,2132.199951171875,4566101
2026-06-23,2059.60009765625,2114.0,2055.0,2111.0,6392736
2026-06-24,2109.0,2120.699951171875,2061.0,2061.0,4747277
2026-06-25,2094.699951171875,2148.5,2088.0,2133.60009765625,4738903
2026-06-26,2094.699951171875,2094.699951171875,2094.699951171875,2094.699951171875,0
2026-06-29,2097.89990234375,2105.0,2071.0,2090.0,3412470
2026-06-30,2052.5,2104.300048828125,2037.0,2090.0,1834969
