Date,daily_return,log_return,high_low_range,open_close,sma_5,ema_5,sma_10,ema_10,sma_20,ema_20,sma_50,ema_50,price_sma_5_ratio,price_sma_10_ratio,price_sma_20_ratio,price_sma_50_ratio,rsi_7,rsi_14,rsi_21,macd,macd_signal,macd_diff,bb_high,bb_low,bb_middle,bb_width,bb_pct,volume_change,volume_sma_10,volume_ratio,return_lag_1,volume_lag_1,return_lag_2,volume_lag_2,return_lag_3,volume_lag_3,return_lag_5,volume_lag_5,target
2021-09-09,0.001313231087076927,0.001312369553312357,0.013870143712301778,0.0019245382915677638,248.50733032226563,248.9614557475954,244.7136672973633,245.40293950171196,238.35699996948242,240.605557864911,229.9905337524414,233.87652901571155,1.0125254445850163,1.0282220764213876,1.055643405267742,1.0940450070350625,77.54796806330653,67.59920926727179,64.21168382011896,5.632894969810309,4.332188454180567,1.3007065156297415,255.6719052819936,221.04209465697124,238.35699996948242,0.14528547778943393,0.8829935800492563,-0.25090725270047354,48193770.0,0.8763186611049519,0.0012617502122473923,-0.06221618978233312,0.02637783858939624,0.31442139301198346,0.0016111325842673718,0.19321765944291824,-0.0022155233598404322,-0.3668642174209078,0
2021-09-10,-0.024627038366134335,-0.024935356375548032,0.03815180044048569,-0.030713496043532143,248.76599731445313,247.78208377964694,245.88400115966797,245.40664865480977,238.5906669616699,241.06439424384806,230.36766723632812,234.329345126615,0.9865630451637736,0.9981265095990575,1.0286376368744456,1.0653549727183576,54.189182518031345,58.07961828440888,57.988077579673124,5.3103946149609556,4.527829686336645,0.7825649286243106,256.15281053649574,221.02852338684406,238.5906669616699,0.1472156794603138,0.6945284427543994,0.07859948713213094,48784740.0,0.9337469052822666,0.001313231087076927,-0.25090725270047354,0.0012617502122473923,-0.06221618978233312,0.02637783858939624,0.31442139301198346,-0.002315788147756681,-0.03233795051611976,1
2021-09-13,0.00914066245943812,0.009099139444443169,0.04835795615116995,0.0037692328338157248,249.39466552734376,247.74361310407454,246.9200012207031,245.817561945377,239.0211669921875,241.6931825780463,230.80153411865234,234.85237754333323,0.993071248052719,1.0030239370182052,1.0361704566567729,1.0730720343722118,59.35954915695926,60.261394373975314,59.48091719511079,5.176161331239058,4.657496015317128,0.5186653159219299,257.0244696462164,221.01786433815857,239.0211669921875,0.1506419107611282,0.7401088546608264,0.5116041674898908,51520350.0,1.336510718580134,-0.024627038366134335,0.07859948713213094,0.001313231087076927,-0.25090725270047354,0.0012617502122473923,-0.06221618978233312,0.0016111325842673718,0.19321765944291824,1
2021-09-14,0.0020053498586631857,0.002003341828722264,0.024271700195872607,0.002585612385985208,248.832666015625,247.88351876209137,247.37266693115234,246.24406524224025,239.9931671142578,242.30938710186334,231.23880065917967,235.37437568195253,0.9973100961854503,1.0031962429672665,1.0340433149081176,1.0731906988390336,60.51072955211485,60.74846336573385,59.81287358628161,5.05162467812508,4.736321747878719,0.3153029302463608,257.7652378884561,222.22109634005952,239.9931671142578,0.1481048063817353,0.7298596226537856,-0.19290273390698176,51496560.0,1.0791924742157535,0.00914066245943812,0.5116041674898908,-0.024627038366134335,0.07859948713213094,0.001313231087076927,-0.25090725270047354,0.02637783858939624,0.31442139301198346,1
2021-09-15,0.015231899000174076,0.015117058319369686,0.02447642404701055,0.014536915507208611,248.9633331298828,249.23678879386821,248.04299926757812,247.2802949904551,241.49516677856445,243.2269053642975,231.8804672241211,236.0241385515788,1.0119696169314396,1.0157244090797186,1.0432644769592334,1.0865224306017516,68.44685100363884,64.33172550799645,62.282266807064204,5.198023218015294,4.828662041906035,0.3693611761092592,257.9248764450121,225.06545711211677,241.49516677856445,0.13606657131579492,0.8179655115937443,-0.1709698837780501,49847250.0,0.924285692791478,0.0020053498586631857,-0.19290273390698176,0.00914066245943812,0.5116041674898908,-0.024627038366134335,0.07859948713213094,0.0012617502122473923,-0.06221618978233312,1
2021-09-16,0.0015347617076681974,0.0015335851645735571,0.014927525741382848,0.00552584115284721,249.10533447265624,250.26785980626371,248.80633239746095,248.19842350692772,242.62850036621094,244.09386693256008,232.62940063476563,236.6635841703818,1.0129449951974128,1.0141622980397653,1.0399850036174678,1.084686635234123,69.18590731146446,64.68686181464821,62.5295720985823,5.284331904224615,4.9197960143697514,0.3645358898548636,258.7616289475486,226.49537178487324,242.62850036621094,0.1329862613583085,0.8006701835893802,-0.09339289086256408,50062980.0,0.834353048899606,0.015231899000174076,-0.1709698837780501,0.0020053498586631857,-0.19290273390698176,0.00914066245943812,0.5116041674898908,0.001313231087076927,-0.25090725270047354,1
2021-09-17,0.0033025333532406,0.0032970919669145526,0.014536041513775402,0.0030905320699382366,250.65333251953126,251.23301656355085,249.70966491699218,249.10113379259994,244.062166595459,244.95762532737578,233.3406005859375,237.31063302950898,1.0100138208152416,1.0138307228207641,1.0372903494614611,1.0849519091080206,70.89967419263749,65.48446082048966,63.07739693821535,5.358208690573974,5.007478549610596,0.3507301409633783,258.50002552794365,229.62430766297433,244.062166595459,0.11831296209392324,0.8151839730955094,1.0256690176250052,54691050.0,1.5471013995891467,0.0015347617076681974,-0.09339289086256408,0.015231899000174076,-0.1709698837780501,0.0020053498586631857,-0.19290273390698176,-0.024627038366134335,0.07859948713213094,0
2021-09-20,-0.03860484330594227,-0.03936976129858423,0.032019947329310676,-0.005976365993573261,249.797998046875,248.61867750558338,249.59633178710936,248.06274571933602,244.8940002441406,244.8083276190208,233.8287338256836,237.54903955343602,0.974347277771121,0.9751345207959444,0.9938585638970624,1.040890036940852,40.26139137734215,50.94987692032583,53.453611909016274,4.575388241019681,4.921060487892413,-0.34567224687273246,256.97105095021215,232.81694953806908,244.8940002441406,0.09863084186653519,0.4377331067370585,-0.1221981123378788,57544530.0,1.2907065189341194,0.0033025333532406,1.0256690176250052,0.0015347617076681974,-0.09339289086256408,0.015231899000174076,-0.1709698837780501,0.00914066245943812,0.5116041674898908,1
2021-09-21,0.012613531089680885,0.012534643183807646,0.019340573426094583,0.006246740227160533,249.45733337402345,247.89912057501132,249.1449996948242,247.77133862743258,245.4453338623047,244.96563038995853,234.18660064697266,237.89848924600196,0.987984611959023,0.989223171308893,1.0041340075021827,1.0524086605851384,48.42858475127376,54.37553221286107,55.68369874276162,4.154827068616868,4.767813804037305,-0.6129867354204368,256.7249133822027,234.16575434240667,245.4453338623047,0.09191113428317108,0.5449783101299359,-0.3403789528106407,56431800.0,0.8681647581682669,-0.03860484330594227,-0.1221981123378788,0.0033025333532406,1.0256690176250052,0.0015347617076681974,-0.09339289086256408,0.0020053498586631857,-0.19290273390698176,1
2021-09-22,0.0169871810945057,0.01684451236014587,0.019349911544722573,0.011310892962674035,249.1980010986328,248.81496954349714,249.0806671142578,248.29412569162096,246.16950073242188,245.50668154143568,234.7426007080078,238.39841780421634,1.0058133146150823,1.0062871212942937,1.0181873332591003,1.0677510887435542,57.64213393874237,58.61985682323804,58.52881423630219,4.111957754598649,4.636642594149573,-0.5246848395509245,256.81425995723225,235.52474150761148,246.16950073242188,0.08648316865525017,0.7102991083918403,-0.07375066592368973,55331790.0,0.8201234769379411,0.012613531089680885,-0.3403789528106407,-0.03860484330594227,-0.1221981123378788,0.0033025333532406,1.0256690176250052,0.015231899000174076,-0.1709698837780501,1
2021-09-23,0.00226081461648886,0.002258262820491851,0.013640463334778346,-0.0018013454856348004,248.97466735839845,249.6144240722924,249.04000091552734,248.8248906803958,246.8768341064453,246.05017216890684,235.41100067138672,238.9009635032621,1.0089915403652767,1.0087268398906433,1.0175654351658112,1.0671265676345973,58.80431954870283,59.173458214241734,58.90377578160138,4.076714865168981,4.524657048353455,-0.4479421831844741,256.8680975244123,236.88557068847834,246.8768341064453,0.08094127951802126,0.7170145477117191,-0.21015053251621352,54692730.0,0.6553430410220883,0.0169871810945057,-0.07375066592368973,0.012613531089680885,-0.3403789528106407,-0.03860484330594227,-0.1221981123378788,0.0015347617076681974,-0.09339289086256408,1
2021-09-24,0.027533059916662994,0.027160841972020323,0.03905009739426019,0.038209386692799455,249.96800231933594,252.45295100913245,250.3106674194336,250.51672962628976,248.0973342895508,247.20063242737405,236.23626739501952,239.6550435573621,1.032652189431228,1.0312385306786642,1.0404384457494926,1.0926772918028866,70.37802643557607,65.27933672308542,63.17139025913582,4.554401916531361,4.530606021989037,0.023795894542324447,257.29370216426696,238.9009664148346,248.0973342895508,0.07413516071062035,1.0454691857665248,0.7889098137685708,56549370.0,1.1338587856946947,0.00226081461648886,-0.21015053251621352,0.0169871810945057,-0.07375066592368973,0.012613531089680885,-0.3403789528106407,0.0033025333532406,1.0256690176250052,1
2021-09-27,0.02191406322043732,0.021677401377557137,0.03751769194940814,0.023592781695895047,254.0473388671875,256.2308613823904,251.92266845703125,252.9294482631291,249.42133483886718,248.78025620847234,237.21720092773438,240.60138232487364,1.0383367261595695,1.0470938710856763,1.0575947013487017,1.1120048676793297,76.63992530582127,69.32047008241757,66.18665166709616,5.328001045731213,4.6900850267374725,0.6379160189937405,259.5950616468429,239.24760803089148,249.42133483886718,0.08157864133433661,1.2060022134060704,0.3133720114162728,58084830.0,1.449812283172732,0.027533059916662994,0.7889098137685708,0.00226081461648886,-0.21015053251621352,0.0169871810945057,-0.07375066592368973,-0.03860484330594227,-0.1221981123378788,0
2021-09-28,-0.01743835612317879,-0.017592195347548873,0.03788771944614813,-0.012245876317975028,256.59267272949216,257.21613293005714,253.0250030517578,254.06712603808572,250.19883499145507,249.7713438100836,238.0928012084961,241.33021737195276,1.0101094207730286,1.0243520320099448,1.0359227933025448,1.0885951809959293,63.83702173877338,62.90830299084582,61.86201139499642,5.5064272151004445,4.853353464410067,0.6530737506903774,260.8509055100468,239.54676447286337,250.19883499145507,0.0851488418717498,0.9218823475796798,-0.09580452215299229,60141780.0,1.2660782570785234,0.02191406322043732,0.3133720114162728,0.027533059916662994,0.7889098137685708,0.00226081461648886,-0.21015053251621352,0.012613531089680885,-0.3403789528106407,1
2021-09-29,0.004822778775393388,0.0048111864344248965,0.029207326140214148,0.0019364848467771335,258.55067443847656,258.2896472951683,253.87433776855468,255.2252260357775,250.95866851806642,250.78708973535095,238.8982012939453,242.07949026032287,1.0072945142804601,1.025848765631517,1.0377672051070908,1.090157542479543,65.65590120860398,63.88589244373375,62.56001260462186,5.68318359036013,5.01931948960008,0.6638641007600503,262.23705041393265,239.68028662220016,250.95866851806642,0.0898823855136474,0.9201847213028893,-0.17487215047239313,61817340.0,1.0163604580850616,-0.01743835612317879,-0.09580452215299229,0.02191406322043732,0.3133720114162728,0.027533059916662994,0.7889098137685708,0.0169871810945057,-0.07375066592368973,0
2021-09-30,-0.0074618094773734045,-0.0074897880450971975,0.018220938785003145,-0.007067847372571435,260.0066772460938,258.3575472527685,254.49067230224608,255.81942987799408,251.64850234985352,251.52101901464786,239.69946838378905,242.7231709233678,0.9941796491761146,1.0157281790704253,1.0272000220712587,1.0784060094538397,60.167049218964095,61.18596205517258,60.74518313778863,5.601878920352021,5.1358313757504686,0.46604754460155284,262.99795907886124,240.2990456208458,251.64850234985352,0.09020086845761698,0.8015494477643457,-0.1426211269690444,63027120.0,0.8546796997863777,0.004822778775393388,-0.17487215047239313,-0.01743835612317879,-0.09580452215299229,0.02191406322043732,0.3133720114162728,0.00226081461648886,-0.21015053251621352,0
2021-10-01,-0.0003352887910832436,-0.00033534501293734615,0.022174392114763915,-0.0040852936485645365,260.06201171875,258.3739239172103,255.01500701904297,256.2898384903758,252.3623359680176,252.17679598907128,240.53920196533204,243.3382103870041,0.9936348470823703,1.0132998848448065,1.023951043466495,1.0742809285753632,59.90646366779259,61.06201804515018,60.66277451266132,5.467425764380096,5.202150253476395,0.2652755109037006,263.5248159370562,241.19985599897896,252.3623359680176,0.08846391381044483,0.770743656196534,-0.05149253731343284,59675280.0,0.8562037748293766,-0.0074618094773734045,-0.1426211269690444,0.004822778775393388,-0.17487215047239313,-0.01743835612317879,-0.09580452215299229,0.027533059916662994,0.7889098137685708,1
2021-10-04,0.008139621398127295,0.008106673348889567,0.03947381985269655,-0.018794690148305086,259.40667724609375,259.0859525333485,256.7270080566406,257.0571423586029,253.161669921875,252.97043539636212,241.4602020263672,244.0116142842049,1.004253292672511,1.0147355034346435,1.0290262733928786,1.0788941928292497,64.28589490683504,63.01981241200237,61.97719349623152,5.467565335881773,5.255233269957471,0.21233206592430154,264.2536551764604,242.06968466728952,253.161669921875,0.08762768280054725,0.8312454747770335,0.7898293739798254,61392960.0,1.4895828446779567,-0.0003352887910832436,-0.05149253731343284,-0.0074618094773734045,-0.1426211269690444,0.004822778775393388,-0.17487215047239313,0.02191406322043732,0.3133720114162728,0
2021-10-05,-0.001202850103416031,-0.0012035741082394261,0.02960571532855961,-0.005364490815504096,259.6086730957031,259.45618678004485,258.10067291259764,257.6279628885728,253.62283630371093,253.65864681322645,242.28000183105468,244.64632177397874,1.002264878791309,1.0081207938638332,1.025919665064602,1.0739501952574542,63.08814570735709,62.515506498020684,61.65492698838904,5.380369310349522,5.280260478035881,0.10010883231364076,265.0736823226275,242.1719902847943,253.62283630371093,0.09029822539484834,0.7870451213328146,-0.39532137268602807,62023530.0,0.8915616379783607,0.008139621398127295,0.7898293739798254,-0.0003352887910832436,-0.05149253731343284,-0.0074618094773734045,-0.1426211269690444,-0.01743835612317879,-0.09580452215299229,1
2021-10-06,0.0027671424905384434,0.002763320999873195,0.017170275928431317,0.008438491590288191,259.7046691894531,259.9430100180768,259.12767181396487,258.22590718049423,254.10416946411132,254.34988583045637,243.19980163574218,245.28437411594587,1.0046667905835893,1.006903873552571,1.0268098199427282,1.0728489691983147,64.8440203114482,63.2433448397761,62.13000520652744,5.308174580768082,5.285843298582322,0.022331282185759527,265.92561943392747,242.28271949429518,254.10416946411132,0.09304412434275904,0.7881409238047664,-0.20614563328016666,61875480.0,0.709463587191566,-0.001202850103416031,-0.39532137268602807,0.008139621398127295,0.7898293739798254,-0.0003352887910832436,-0.05149253731343284,0.004822778775393388,-0.17487215047239313,1
2021-10-07,0.013874260399496352,0.01377889392912291,0.027242592524656977,0.010376116143497652,260.9133361816406,261.47423405501996,260.4600067138672,259.3733208074782,254.75000381469727,255.32005690649922,244.17733520507812,246.03936658704237,1.013887162688929,1.0156518287259262,1.038416793592387,1.0833793476643885,72.51358806557411,66.74011525851525,64.45489848067336,5.479896714145497,5.324653981694957,0.15524273245053966,267.3441100163425,242.15589761305208,254.75000381469727,0.09887423759024583,0.888541995657084,0.31183368869936023,64049970.0,0.8991011237007606,0.0027671424905384434,-0.20614563328016666,-0.001202850103416031,-0.39532137268602807,0.008139621398127295,0.7898293739798254,-0.0074618094773734045,-0.1426211269690444,0
2021-10-08,-0.010231834522373306,-0.010284539562274665,0.01969463771519684,-0.013463786873604075,261.597998046875,261.5928182274352,260.8300048828125,259.8199873101668,255.57033615112306,255.94005020800077,244.8982681274414,246.6586065864629,1.0008868130762572,1.0038338445375654,1.0244928676598881,1.069137763097668,60.920263144506464,61.9914111897276,61.49117532771061,5.33606914786705,5.326937014929376,0.009132132937674342,267.758347861557,243.3823244406891,255.57033615112306,0.09537892303140359,0.7567953891849227,-0.12800716823471803,62659650.0,0.8014056893072335,0.013874260399496352,0.31183368869936023,0.0027671424905384434,-0.20614563328016666,-0.001202850103416031,-0.39532137268602807,-0.0003352887910832436,-0.05149253731343284,1
2021-10-11,0.008211528565575943,0.008177997401230774,0.019875152845106825,0.005446670195570552,262.2919982910156,262.3885491470662,260.8493377685547,260.57635525128705,256.386003112793,256.70576075831764,245.59653503417968,247.3378773472419,1.006435624061393,1.0120018446071395,1.0296194323455101,1.0748523424794654,65.96324628233063,64.17212118898084,62.91347505270748,5.334085746943174,5.328366761332136,0.005718985611038008,268.5324973834523,244.2395088421337,256.386003112793,0.09475161766389921,0.8126008091025474,-0.1516435066254047,58498530.0,0.7282388121547669,-0.010231834522373306,-0.12800716823471803,0.013874260399496352,0.31183368869936023,0.0027671424905384434,-0.20614563328016666,0.008139621398127295,0.7898293739798254,1
2021-10-12,0.01740026730336086,0.01725061613832015,0.01954773367440056,0.005980596667394809,263.967333984375,264.4501440114556,261.7880035400391,262.03035134018654,257.40650329589846,257.8360058042145,246.23686828613282,248.17064034304553,1.0174491278384166,1.0259191792917948,1.0433820835967738,1.0907112960360839,74.24652224774519,68.35001954867955,65.75107204099132,5.6381634075343925,5.390326090572588,0.2478373169618049,270.03802639368007,244.77498019811685,257.40650329589846,0.09814455296229403,0.9420223261238018,0.5506714646873658,57490110.0,1.1490672047766128,0.008211528565575943,-0.1516435066254047,-0.010231834522373306,-0.12800716823471803,0.013874260399496352,0.31183368869936023,-0.001202850103416031,-0.39532137268602807,1
2021-10-13,0.006652379022320076,0.006630349593761303,0.011873140059843173,0.0007525562852683097,265.8559997558594,266.4200911248246,262.78033447265625,263.5448302513458,258.3273361206055,259.0287657611048,246.91246795654297,249.04081073553638,1.016941448001321,1.0288440567446455,1.0465790783571558,1.0949628732363015,76.80779453577512,69.82401397006902,66.78888766986476,5.954673231322545,5.503195518722579,0.4514777125999654,271.8828858287434,244.77178641246758,258.3273361206055,0.10494862767298628,0.9438274171844676,-0.3587602179836512,55443270.0,0.7640296108075877,0.01740026730336086,0.5506714646873658,0.008211528565575943,-0.1516435066254047,-0.010231834522373306,-0.12800716823471803,0.0027671424905384434,-0.20614563328016666,1
2021-10-14,0.008926471099504285,0.008886865672994949,0.008431864136070681,0.0034704021690013555,267.5033325195312,268.53784273230497,264.2083343505859,265.22274219605845,259.349503326416,260.337773397882,247.62846832275392,249.97149839089832,1.0197007393444326,1.0324176435150396,1.05175966195684,1.1015427579664967,79.95018011699916,71.73863387887415,68.15741411682575,6.327310283448298,5.6680184716677235,0.6592918117805748,273.9822563472774,244.71675030555463,259.349503326416,0.11284195907978808,0.9586916283529046,-0.13264070367773595,53730630.0,0.6838110775920551,0.006652379022320076,-0.3587602179836512,0.01740026730336086,0.5506714646873658,0.008211528565575943,-0.1516435066254047,0.013874260399496352,0.31183368869936023,1
2021-10-15,0.030195999501915205,0.02974907491710917,0.02474409587347537,0.023417668831690625,271.33933715820314,272.6952317434117,266.4686676025391,268.09315448143417,260.741837310791,262.3065578138575,248.48446838378905,251.1886949153974,1.0356405109141378,1.054570551554585,1.0777327208547485,1.1308956716425416,86.97642783230367,77.08296476908475,72.25454671525394,7.2042120928923055,5.97525719591264,1.2289548969796655,277.84577969909367,243.63789492248836,260.741837310791,0.1311944608867324,1.092500021185038,0.5452184989222026,54298590.0,1.0455851616036438,0.008926471099504285,-0.13264070367773595,0.006652379022320076,-0.3587602179836512,0.01740026730336086,0.5506714646873658,-0.010231834522373306,-0.12800716823471803,1
2021-10-18,0.03212224493643445,0.03161711443997285,0.027341343920962314,0.021507729407432518,276.55067138671876,278.4757152052432,269.4213348388672,272.08288678097455,263.0741714477539,264.94752203433836,249.62453521728514,252.71214539435854,1.0487650623828322,1.0765171299532328,1.1024901476749764,1.1618917262137092,91.00619258469587,81.26442709269043,75.83274679437112,8.529220569808047,6.486049870691721,2.0431706991163257,282.62426213428984,243.52408076121793,263.0741714477539,0.14862797498475497,1.1895750795601503,0.2791393213066591,52415760.0,1.3854916918117757,0.030195999501915205,0.5452184989222026,0.008926471099504285,-0.13264070367773595,0.006652379022320076,-0.3587602179836512,0.008211528565575943,-0.1516435066254047,0
2021-10-19,-0.006711860640270406,-0.006734486474692475,0.017864790676148313,-0.015110639910326252,280.45400390625,281.6804755827924,272.2106689453125,274.99327033677747,265.1556709289551,267.15156720610526,250.62793518066405,254.09951209802648,1.027227254113987,1.0583346988349245,1.0864938144773093,1.1494728076908993,84.4329942989414,77.96074244668475,73.68102588912191,9.314842355346912,7.051808367622759,2.2630339877241523,286.00819333073355,244.30314852717666,265.1556709289551,0.1572851323807108,1.049917294585415,-0.28198635116824744,52100310.0,1.0008251390442782,0.03212224493643445,0.2791393213066591,0.030195999501915205,0.5452184989222026,0.008926471099504285,-0.13264070367773595,0.01740026730336086,0.5506714646873658,1
2021-10-20,0.0017703140411262641,0.0017687488821671587,0.013987011524456625,0.0005199996191254062,284.1020080566406,283.98698575636683,274.97900390625,277.4672222943662,267.05333786010743,269.1942756725253,251.6666687011719,255.45247264726137,1.0158323345816629,1.049534699027092,1.0806830141726038,1.1467549818692846,84.76924003408715,78.21066724747392,73.88486772131519,9.86489048936204,7.614424791970616,2.250465697391424,289.1496784062727,244.95699731394217,267.05333786010743,0.16548260151490904,0.9875619154762605,-0.19268055531583161,51920100.0,0.8107900408512311,-0.006711860640270406,-0.28198635116824744,0.03212224493643445,0.2791393213066591,0.030195999501915205,0.5452184989222026,0.006652379022320076,-0.3587602179836512,1
2021-10-21,0.03257101073349511,0.03205181901693134,0.04977632048946099,0.04439248613045644,289.1473388671875,288.6579905042446,278.32533569335936,281.2004546044814,269.3926712036133,271.93767798942764,252.90786865234375,257.12100313168247,1.0306164364766253,1.0706894478636932,1.106191934133073,1.17829469517076,89.59973758835436,82.2140207352943,77.28894932353626,10.933276540639156,8.278195141704325,2.655081398934831,294.04457525002283,244.7407671572038,269.3926712036133,0.18301837192725282,1.0802255424678497,1.2435344673997477,55605810.0,1.6984646028895183,0.0017703140411262641,-0.19268055531583161,-0.006711860640270406,-0.28198635116824744,0.03212224493643445,0.2791393213066591,0.008926471099504285,-0.13264070367773595,1
2021-10-22,0.01753910755951127,0.017387072543931938,0.020930480888386033,0.01583468694383375,293.5906677246094,293.5142116870745,282.4650024414062,285.2052181405274,271.6475036621094,274.91758047164734,254.15740173339844,258.9290678736845,1.032821160164272,1.0735016778428503,1.1162504715298431,1.1930663910815698,91.37435536682514,83.97684459496101,78.8950664203092,12.062676459201043,9.03509140520367,3.027585053997374,299.77146931430747,243.5235380099113,271.6475036621094,0.20706220578548198,1.0614277655782314,-0.27319854517732634,57448470.0,1.1948516644568603,0.03257101073349511,1.2435344673997477,0.0017703140411262641,-0.19268055531583161,-0.006711860640270406,-0.28198635116824744,0.030195999501915205,0.5452184989222026,1
2021-10-25,0.12661598362581983,0.11921843486746743,0.09837439089014278,0.07819849933377139,303.90733032226564,309.54947283044555,290.2290008544922,295.46245031810196,275.53916931152344,281.2701913902702,256.20866821289064,262.1718493342141,1.1240926461198915,1.1770704998859174,1.2398237098949563,1.3333662654743839,96.49692996643456,91.01870066539533,86.34389829202773,15.872784212968554,10.402629966756647,5.470154246211907,316.7368465148504,234.34149210819646,275.53916931152344,0.2990331814258252,1.3019969849213684,1.7469362959337085,72044010.0,2.617237713447655,0.01753910755951127,-0.27319854517732634,0.03257101073349511,1.2435344673997477,0.0017703140411262641,-0.19268055531583161,0.03212224493643445,0.2791393213066591,0
2021-10-26,-0.006274050392506725,-0.0062938149592970775,0.09180804228993406,-0.006109174420700144,314.1846618652344,319.52519990454186,297.3193328857422,303.46503281530784,279.5536682128906,286.8136640247906,258.4237347412109,265.2034103035678,1.0805004039259838,1.1417913889346474,1.2143523503837916,1.313643479352587,92.90348575716426,88.67574533819295,84.59378044814076,18.50604616632893,12.023313206671103,6.482732959657826,328.5118481719652,230.59548825381603,279.5536682128906,0.35025961399147937,1.1119813470387885,-0.006954421570639635,84162510.0,2.2248029437334984,0.12661598362581983,1.7469362959337085,0.01753910755951127,-0.27319854517732634,0.03257101073349511,1.2435344673997477,-0.006711860640270406,-0.28198635116824744,1
2021-10-27,0.019078438805710585,0.018898727534898532,0.038637201058308875,-0.0017313527993476495,325.65532836914065,328.3345794773769,304.8786682128906,311.19017932580584,283.8295013427734,292.4460139865293,260.9047348022461,268.37007415923364,1.0623297348013843,1.1347246452200934,1.2188773083360638,1.325975700997775,93.72701648362629,89.55103685432064,85.52470367061663,20.87490662352991,13.793631890042866,7.081274733487044,339.79791883999064,227.86108384555618,283.8295013427734,0.3943805505237149,1.0549901181622858,-0.3827365216694705,91484430.0,1.2633789159532391,-0.006274050392506725,-0.006954421570639635,0.12661598362581983,1.7469362959337085,0.01753910755951127,-0.27319854517732634,0.0017703140411262641,-0.19268055531583161,1
2021-10-28,0.03775074872979922,0.03705562944417333,0.024883057839542835,0.008171795645719687,337.8579956054688,338.5608317121315,313.50266723632814,319.8852987541394,288.85550079345705,298.78575895749225,263.4917349243164,271.92471188560256,1.0626160719927902,1.145168362829287,1.2428821164750785,1.3625221917672719,95.07230561357329,91.05281133341629,87.16657797512838,23.53478391947516,15.741862295929325,7.792921623545835,352.3658049792461,225.34519660766802,288.85550079345705,0.43973754359070616,1.0523342730570795,-0.29364982544482365,95974230.0,0.8506408439015348,0.019078438805710585,-0.3827365216694705,-0.006274050392506725,-0.006954421570639635,0.12661598362581983,1.7469362959337085,0.03257101073349511,1.2435344673997477,1
2021-10-29,0.03431629436179362,0.03374062327713504,0.03770197383251981,0.029708137468058178,351.4793334960938,349.48500231004084,322.5350006103516,329.23948870899756,294.5018341064453,305.6950527240034,266.4286016845703,275.8230895962009,1.0564869911760721,1.1512962711121704,1.2608863528219791,1.3937442945614664,96.01326962181057,92.19275155105511,88.46277487782874,26.33332330917648,17.86015449857876,8.47316881059772,365.7838595747264,223.21980863816418,294.5018341064453,0.48408544336954323,1.0389262503041692,0.09940764040980121,99272370.0,0.9041307264045373,0.03775074872979922,-0.29364982544482365,0.019078438805710585,-0.3827365216694705,-0.006274050392506725,-0.006954421570639635,0.01753910755951127,-0.27319854517732634,1
2021-11-01,0.0849102277797451,0.08149724419582528,0.0753688387554119,0.055537169491621644,363.7280029296875,367.277782301746,333.8176666259766,342.62564390466275,301.6195007324219,314.9491755393513,269.95080200195315,280.8050602898854,1.1075950684034466,1.2068364935776192,1.33566742636628,1.4923583827035323,97.46092365323474,94.22177684964602,90.92566750418133,30.741029875419997,20.436329573947006,10.304700301472991,385.2606204560127,217.97838100883106,301.6195007324219,0.5546134750603677,1.1052276792044113,0.8733856088560885,108824820.0,1.5451080001786357,0.03431629436179362,0.09940764040980121,0.03775074872979922,-0.29364982544482365,0.019078438805710585,-0.3827365216694705,0.12661598362581983,1.7469362959337085,0
2021-11-02,-0.03027499529203259,-0.03074274797958024,0.053404461164883586,0.010902526773622963,373.96600341796875,375.0740736992109,344.07533264160156,351.360373466386,308.143000793457,322.1603642017122,273.0554684448242,285.1133581802483,1.0446582120394141,1.1354102413992866,1.2678096062159068,1.4307226979161631,83.73831147946484,85.01729568254406,83.67086566123866,32.87108111207772,22.923279881573148,9.94780123050457,397.9668365003413,218.31916508657272,308.143000793457,0.5830009799060253,0.9593639040865344,-0.23748811301600214,116431830.0,1.101188566734715,0.0849102277797451,0.8733856088560885,0.03431629436179362,0.09940764040980121,0.03775074872979922,-0.29364982544482365,-0.006274050392506725,-0.006954421570639635,1
2021-11-03,0.03571673801973452,0.03509368755165895,0.051711087183642784,0.03102783348418063,385.6993347167969,384.92271417186976,355.6773315429688,361.043941039259,315.3281677246094,330.0136623841384,276.42460174560546,289.7998929620891,1.0490554654813788,1.137604112586821,1.2831711103923984,1.4637626049274757,86.31086969771005,86.62684035255921,85.09903303005336,35.2784123003338,25.394306365325278,9.88410593500852,411.64696928150147,219.0093661677173,315.3281677246094,0.6109114973896764,0.9635223131375685,-0.1897453776282354,122610750.0,0.847278888678195,-0.03027499529203259,-0.23748811301600214,0.0849102277797451,0.8733856088560885,0.03431629436179362,0.09940764040980121,0.019078438805710585,-0.3827365216694705,1
2021-11-04,0.013222297879683653,0.01313564628546233,0.021538202950342703,-0.0036454662443190706,395.8906677246094,393.27180985481425,366.87433166503905,369.9395883449761,322.5998336791992,337.62855179714455,279.88266845703123,294.5124462271328,1.0355636913014774,1.1174671156743965,1.2708314091332944,1.4647923841831008,87.21556832867628,87.1948532691316,85.60586833314795,37.18924591420131,27.753294275100487,9.435951639100821,424.2918361082603,220.9078312501381,322.5998336791992,0.6304529129434457,0.9295822948439436,-0.2665752198333743,120785520.0,0.630805745589372,0.03571673801973452,-0.1897453776282354,-0.03027499529203259,-0.23748811301600214,0.0849102277797451,0.8733856088560885,0.03775074872979922,-0.29364982544482365,0
2021-11-05,-0.006358169933862068,-0.006378469186125081,0.026078321115464664,-0.004812706445632924,403.09666748046874,397.968987331595,377.2880004882812,376.7439072431906,329.8765014648437,344.26996041505043,283.3555352783203,298.93797156274155,1.01058474343476,1.079714546335828,1.2348965157452132,1.4376403195548368,84.05778211067988,85.2939628092786,84.14172680793467,38.0545901021257,29.81355344050553,8.241036661620171,433.9334060725633,225.81959685712417,329.8765014648437,0.6308840074733806,0.8723291650488135,-0.1483852677833164,120409920.0,0.53887918869143,0.013222297879683653,-0.2665752198333743,0.03571673801973452,-0.1897453776282354,-0.03027499529203259,-0.23748811301600214,0.03431629436179362,0.09940764040980121,0
2021-11-08,-0.04840070953386311,-0.04961124617557869,0.05503295989751863,0.011436865687436185,400.05333251953124,394.5282140478863,381.8906677246094,378.72622728633206,336.0598342895508,348.4010753736617,286.3623352050781,302.416743951672,0.9689874723429363,1.0150723760550497,1.1535049057557722,1.3536929261414772,63.70376755686623,72.43140609649217,74.07904666527428,36.7260556199019,31.196053876384806,5.530001743517094,438.4019756687169,233.71769291038473,336.0598342895508,0.6090709506866423,0.7520312380400296,0.5463502367214086,111588000.0,0.8991746424346704,-0.006358169933862068,-0.1483852677833164,0.013222297879683653,-0.2665752198333743,0.03571673801973452,-0.1897453776282354,0.0849102277797451,0.8733856088560885,0
2021-11-09,-0.11990303254359846,-0.12772318728902374,0.1592378948004933,-0.12789712206453593,390.15333251953126,376.7410281966378,382.05966796875,371.89721441502456,339.6895004272461,347.7120830994216,288.3129348754883,303.93634836510216,0.8744425026205861,0.8929669501834092,1.0043485479093013,1.1833206742579132,38.238355829410224,52.37843391923396,57.158784734250915,31.558843332983542,31.268611767704556,0.29023156527898664,437.2371624818334,242.1418383726588,339.6895004272461,0.5743342784036378,0.5075714580738383,0.7672167124622897,110595240.0,1.603300467542726,-0.04840070953386311,0.5463502367214086,-0.006358169933862068,-0.1483852677833164,0.013222297879683653,-0.2665752198333743,-0.03027499529203259,-0.23748811301600214,1
2021-11-10,0.043429451929624774,0.04251283809069096,0.08501335035082284,0.05694715618502167,380.4260009765625,369.8217979318731,383.0626678466797,369.00378223090075,343.97066802978514,348.49982160446183,290.5278015136719,305.9774067587195,0.9357492297806306,0.9293083541746375,1.034923528338522,1.2252986996344017,46.23193830994488,56.51170253242839,60.20144202648905,28.332770151203476,30.681443444404344,-2.348673293200868,436.35039676233873,251.59093929723156,343.97066802978514,0.5371372463919175,0.5650178861605895,-0.2758291064497901,111878100.0,1.1477500958632654,-0.11990303254359846,0.7672167124622897,-0.04840070953386311,0.5463502367214086,-0.006358169933862068,-0.1483852677833164,0.03571673801973452,-0.1897453776282354,0
2021-11-11,-0.004157528824601631,-0.0041661953768667185,0.047286823373749017,-0.035601267858893705,369.332666015625,364.71564075992063,382.6116668701172,366.36733571910344,348.05716705322266,349.07158396746695,292.7239346313477,307.88038400018206,0.9598482859380166,0.9265355897690299,1.018520404039855,1.2110500183815582,45.54499005596687,55.988956166865606,59.756320685870186,25.3642758115696,29.618009917837398,-4.2537341062678,434.518673099658,261.59566100678734,348.05716705322266,0.4968235923911556,0.5372776259491188,-0.4767479621612656,110433120.0,0.6084207346491705,0.043429451929624774,-0.2758291064497901,-0.11990303254359846,0.7672167124622897,-0.04840070953386311,0.5463502367214086,0.013222297879683653,-0.2665752198333743,0
2021-11-12,-0.02829310201599211,-0.028701065279561472,0.03415841417500214,-0.013441515019062635,356.7546630859375,357.9682030521867,379.9256652832031,362.3866069768517,351.23033294677737,348.63365479311,294.7308010864258,309.3154013976933,0.9655748425458973,0.9066861207703418,0.9807618970338688,1.1687727457290988,40.75686560433229,52.44814025619818,56.7694824842858,21.94936694414531,28.08428132309898,-6.13491437895367,432.0933073020951,270.3673585914596,351.23033294677737,0.46045552886556124,0.4582194115172672,0.14182956341587571,109129530.0,0.7030113664010099,-0.004157528824601631,-0.4767479621612656,0.043429451929624774,-0.2758291064497901,-0.11990303254359846,0.7672167124622897,-0.006358169933862068,-0.1483852677833164,0
2021-11-15,-0.01938224449936754,-0.01957254315692035,0.052674691598214494,-0.00416653434075561,346.7846618652344,351.24435582710885,373.4189971923828,357.91570777687014,353.6183319091797,347.6015601820475,296.5962677001953,310.4323135537427,0.9740818972790263,0.9046049181127298,0.9552577762391288,1.1389106949869103,37.680440365599914,50.17346930982136,54.85312166416611,18.49112175442542,26.16564940936427,-7.674527654938849,429.79687607810115,277.4397877402582,353.6183319091797,0.4308517816801789,0.3961540240442051,0.3598507807031608,102747600.0,1.0153697020660337,-0.02829310201599211,0.14182956341587571,-0.004157528824601631,-0.4767479621612656,0.043429451929624774,-0.2758291064497901,-0.04840070953386311,0.5463502367214086,1
2021-11-16,0.04079376842602822,0.03998366090579434,0.05216499960418261,0.05125031241955681,348.8666625976563,351.35512393682257,369.50999755859374,356.7631536640301,356.7926651000977,347.98014113197155,298.60833435058595,312.0458173420763,1.0077680037938137,0.9514672471087876,0.9853808515307221,1.1773839498514322,47.26516201465564,54.554290891141555,57.930682353614614,16.67020452260101,24.266560432011623,-7.596355909410612,426.8277003255413,286.75762987465407,356.7926651000977,0.392581137876225,0.46276145983894135,-0.23675220556942222,97888980.0,0.813443964785413,-0.01938224449936754,0.3598507807031608,-0.02829310201599211,0.14182956341587571,-0.004157528824601631,-0.4767479621612656,-0.11990303254359846,0.7672167124622897,1
2021-11-17,0.032501208284666294,0.031984216103858806,0.05889746128863874,0.023977208016449206,350.2706604003906,355.2378580965536,365.34833068847655,357.89773052802747,360.51283111572263,349.41092068283285,300.8426010131836,314.0441510312504,1.036350935019994,0.9935814561735046,1.006908201554395,1.2066220847495865,54.09529943445964,57.862682061541875,60.28770394021357,15.965115059442383,22.60627135749778,-6.641156298055396,423.18032135496287,297.8453408764824,360.51283111572263,0.34765747474393954,0.5198707119974427,0.18472331062752434,96934050.0,0.9731998198775353,0.04079376842602822,-0.23675220556942222,-0.01938224449936754,0.3598507807031608,-0.02829310201599211,0.14182956341587571,0.043429451929624774,-0.2758291064497901,1
2021-11-18,0.006767610267700563,0.006744812791821567,0.03372916446249405,-0.009190767499909196,352.4619934082031,358.64523588272846,360.89732971191404,359.27268706021846,363.8858306884766,350.93940361352287,303.1194009399414,316.0604584988515,1.036877729485634,1.0126425478038483,1.0043259743409718,1.2056634788859608,55.539667003980206,58.56114410587415,60.783702462294315,15.426729186187004,21.170362923235626,-5.743633737048622,419.6086258146919,308.16303556226126,363.8858306884766,0.3062652646891311,0.5141249264599522,-0.3353908679806903,95584500.0,0.6559295701708959,0.032501208284666294,0.18472331062752434,0.04079376842602822,-0.23675220556942222,-0.01938224449936754,0.3598507807031608,-0.004157528824601631,-0.4767479621612656,1
2021-11-19,0.03710391800920432,0.03643213445735007,0.04047278978032287,0.03475382940233488,359.37132568359374,365.43682025970963,358.0629943847656,362.86310559720994,367.6754974365234,353.61374508020367,305.79133392333983,318.52945969551115,1.0546751004485475,1.058528792300682,1.0308546303907755,1.2394726304071457,63.0304209378441,62.2779474773393,63.43082197056661,15.910822917670373,20.118454922122577,-4.207632004452204,416.22943659752605,319.1215582755208,367.6754974365234,0.2641129990958134,0.6168235963258372,0.03557125016149176,95588550.0,0.6792330252943475,0.006767610267700563,-0.3353908679806903,0.032501208284666294,0.18472331062752434,0.04079376842602822,-0.23675220556942222,-0.02829310201599211,0.14182956341587571,1
2021-11-22,0.017422122080461122,0.017272096909531555,0.06009320118818259,-0.004697480092342764,368.93665771484376,372.1656540175408,357.86065979003905,367.0013266764814,369.8756637573242,356.6622761709655,308.5504669189453,321.1605915322834,1.0452290751526694,1.0775795298635304,1.042575544484081,1.2497901085157148,66.26001576519178,63.97260867756466,64.65087438957619,16.635540282439877,19.421871994186038,-2.7863317117461612,417.48626256086897,322.2650649537795,369.8756637573242,0.257441099638186,0.66537974916949,0.5281416485308863,95476590.0,1.0391814370412684,0.03710391800920432,0.03557125016149176,0.006767610267700563,-0.3353908679806903,0.032501208284666294,0.18472331062752434,-0.01938224449936754,0.3598507807031608,0
2021-11-23,-0.041352932727292124,-0.04223229344871564,0.1062189371997426,-0.050089540548808244,372.55665893554686,371.33599143161575,360.71166076660154,367.48775205526033,371.38566436767576,357.9017418937084,310.9807336425781,323.06318269806695,0.9922696518591029,1.0248536614372576,0.9953983196663773,1.1887445949775428,53.172823430809196,57.28018944579862,59.60815599307164,15.741662124393144,18.68583002022746,-2.9441678958343154,416.91408047076357,325.85724826458795,371.38566436767576,0.24518133289072888,0.4812315224843257,0.09370927507748128,88596360.0,1.224825715187396,0.017422122080461122,0.5281416485308863,0.03710391800920432,0.03557125016149176,0.006767610267700563,-0.3353908679806903,0.04079376842602822,-0.23675220556942222,1
2021-11-24,0.006284772484400847,0.006265105659810634,0.06341396865024361,0.03296030587912283,374.3559936523437,371.5573276210772,362.3133270263672,368.3081607724857,372.68799743652346,359.24443314192666,313.3818670654297,324.98227357265256,0.9937065421890061,1.0267356242541084,0.9981539586966692,1.1870501745473732,54.693863863931874,57.970070809182815,60.0844376523794,15.047275237687018,17.958119063719373,-2.9108438260323553,416.6967150986492,328.67927977439774,372.68799743652346,0.23616922447104738,0.49218339600570143,-0.3763024685043833,82523610.0,0.820136201021744,-0.041352932727292124,0.09370927507748128,0.017422122080461122,0.5281416485308863,0.03710391800920432,0.03557125016149176,0.032501208284666294,0.18472331062752434,0
2021-11-26,-0.030537595031082,-0.031013582803841335,0.025676516392873862,-0.015962170159671663,373.3919982910156,367.91822329686397,362.9269958496094,366.9139523862951,372.76933135986326,359.3773456663563,315.54806732177735,326.38061635993824,0.9658482675018669,0.9936985089912694,0.9674616024146139,1.1429004072481865,46.14380423230336,53.42693026675953,56.65469485086168,13.425551349827458,17.05160552094099,-3.6260541711135303,416.68256712314536,328.85609559658116,372.76933135986326,0.23560541100892893,0.3618945233640965,-0.48223420005141804,79308900.0,0.441850788499147,0.006284772484400847,-0.3763024685043833,-0.041352932727292124,0.09370927507748128,0.017422122080461122,0.5281416485308863,0.006767610267700563,-0.3353908679806903,1
2021-11-29,0.050900227900227524,0.04964715675134432,0.03736181515316536,0.03269784405076874,373.3873352050781,371.61104005923744,366.37933044433595,369.11081078587495,373.15249786376955,361.24585308708276,318.06473419189456,328.4439911530381,1.0150228404930377,1.0344379229154288,1.015661628298542,1.191570874862626,58.40285229610117,59.016313782502166,60.48205291737715,13.466321080980265,16.334548632948845,-2.8682275519685803,417.1425939643083,329.16240176323083,373.15249786376955,0.2357754341850801,0.5664260394755452,0.6663527639137394,77476320.0,0.7536948063614792,-0.030537595031082,-0.48223420005141804,0.006284772484400847,-0.3763024685043833,-0.041352932727292124,0.09370927507748128,0.03710391800920432,0.03557125016149176,1
2021-11-30,0.006833823403773698,0.006810578672784683,0.04367733027763009,0.00034081166939156,372.5800048828125,374.93625001345,370.7583312988281,371.3791488106022,372.08866424560546,363.1830737380153,320.82866760253904,330.52801777142383,1.0241737745478192,1.0292059212401603,1.0255261892901961,1.1893783456863851,59.90516988951534,59.750290012819086,60.99232511248163,13.55141022401176,15.77792095116143,-2.2265107271496696,414.1396069637047,330.0377215275062,372.08866424560546,0.2260264649736417,0.6129345154036402,0.3918672454982146,75171240.0,1.0812113781813364,0.050900227900227524,0.6663527639137394,-0.030537595031082,-0.48223420005141804,0.006284772484400847,-0.3763024685043833,0.017422122080461122,0.5281416485308863,0
2021-12-01,-0.04346763456194869,-0.044440653310942796,0.07495886397688356,-0.05660375870242001,371.64467163085936,371.6241666756333,372.1006652832031,370.2193035723109,370.8053314208984,363.3561143343948,323.19946746826173,331.87986021176016,0.9821209016620606,0.9809173539697951,0.9843439914991168,1.1293335439540695,47.175398134509315,53.18162227637632,56.11960480126747,12.14049032550787,15.050434826030719,-2.9099445005228493,412.06930461647227,329.5413582253246,370.8053314208984,0.22256407715311624,0.429656174971523,-0.15780304148826219,74053560.0,0.924336385718661,0.006833823403773698,0.3918672454982146,0.050900227900227524,0.6663527639137394,-0.030537595031082,-0.48223420005141804,-0.041352932727292124,0.09370927507748128,0
2021-12-02,-0.00949773919092467,-0.009543130353379798,0.05195461631418104,-0.013156717562987592,369.55133666992185,368.26055284885973,371.9536651611328,368.640034776493,368.6509979248047,363.18251536876795,325.4172006225586,333.04274119150733,0.9783033893291775,0.9719848439689225,0.9806926530253309,1.1109840675405598,44.85141407822573,51.897454064307105,55.15265064387843,10.62017172743981,14.164382206312537,-3.544210478872726,407.02623207843953,330.27576377116986,368.6509979248047,0.2081927588405031,0.407262158961732,0.06814277199256691,71931420.0,1.0164515033903125,-0.04346763456194869,-0.15780304148826219,0.006833823403773698,0.3918672454982146,0.050900227900227524,0.6663527639137394,0.006284772484400847,-0.3763024685043833,0
2021-12-03,-0.06419876077133224,-0.0663521763056877,0.08903716961452635,-0.06436272027547094,365.08800048828124,358.2814798126513,369.23999938964846,363.12790731535506,365.06866455078125,360.81497426128857,327.15940063476563,333.24982325224175,0.9266898207767692,0.9162694569913359,0.9267389030952379,1.0341238340815153,32.388552418683076,44.20178019566212,49.19391837422025,7.4565020347884,12.822806172007711,-5.366304137219311,400.61901733441545,329.51831176714705,365.06866455078125,0.19475981499194994,0.12383874256714496,0.26269920727404017,74893950.0,1.2327030421015315,-0.00949773919092467,0.06814277199256691,-0.04346763456194869,-0.15780304148826219,0.006833823403773698,0.3918672454982146,-0.030537595031082,-0.48223420005141804,0
2021-12-06,-0.005872086315763081,-0.005889394805839068,0.07050470552795189,0.007488692001945305,356.5559997558594,350.96654318239257,364.97166748046874,358.2567732438132,361.5173309326172,358.4837071813444,328.72353393554687,333.3708760628156,0.9432926949824741,0.9215418617114269,0.9303472922147802,1.0231596925695647,31.514087165372487,43.60573621031512,48.72083152489747,4.734388756918406,11.205122688989851,-6.470733932071445,393.46599680947355,329.56866505576085,361.5173309326172,0.17674763085043482,0.10591999196775387,-0.11545460453629686,76567560.0,1.0665482875515426,-0.06419876077133224,0.26269920727404017,-0.00949773919092467,0.06814277199256691,-0.04346763456194869,-0.15780304148826219,0.050900227900227524,0.6663527639137394,1
2021-12-07,0.04235837141187604,0.04148581070093519,0.02934161682080691,0.007230403643030625,350.35533447265624,350.8388099568815,361.46766967773436,356.86160420054887,359.6641647338867,357.73129159320297,330.45946716308595,334.04587478607226,1.000650793667938,0.9698885209247652,0.9747519432892454,1.0608966555430595,44.133481429867764,48.92465803526303,52.18331206609807,3.6842125572308078,9.700940662638043,-6.0167281054072355,389.5697214415298,329.7586080262436,359.6641647338867,0.16629711625438148,0.34817501782692933,-0.31321773630652805,72254280.0,0.7762128416475813,-0.005872086315763081,-0.11545460453629686,-0.06419876077133224,0.26269920727404017,-0.00949773919092467,0.06814277199256691,0.006833823403773698,0.3918672454982146,1
2021-12-08,0.016363195584229162,0.016230761245708623,0.03683949169117157,0.015436408543797398,348.6193359375,352.66587574599396,360.1320037841797,356.7631320412161,360.4218322753906,357.59688356758545,332.4021337890625,334.91937017972504,1.0220890541427092,0.9894150022216703,0.9886193771190926,1.0719546329697576,48.58416642234655,50.93153948111205,53.51051201214701,3.2770652118491057,8.416165572480256,-5.139100360631151,389.1594591280118,331.6842054227694,360.4218322753906,0.15946662648706245,0.4286331997383122,-0.25280156620254723,65593410.0,0.6388812534673833,0.04235837141187604,-0.31321773630652805,-0.005872086315763081,-0.11545460453629686,-0.06419876077133224,0.26269920727404017,-0.04346763456194869,-0.15780304148826219,0
2021-12-09,-0.06095644581905246,-0.06289341727027524,0.05990237476187214,-0.05359025368715471,343.2326721191406,346.6439191985012,356.3920043945312,352.733472779816,359.35266571044923,355.4067047614835,333.885400390625,334.90684609830504,0.9748489385863929,0.9388538518757241,0.9311187533338677,1.0021402724169866,35.93762315564125,43.89846944806335,48.19275639141534,1.1880799839088922,6.970548454765984,-5.782468470857092,390.18595977009574,328.5193716508027,359.35266571044923,0.17160464914703394,0.0986050086142274,0.4183609186186359,64769190.0,0.9176955895233521,0.016363195584229162,-0.25280156620254723,0.04235837141187604,-0.31321773630652805,-0.005872086315763081,-0.11545460453629686,-0.00949773919092467,0.06814277199256691,1
2021-12-10,0.013179927022311633,0.013093827482800639,0.03780611197730063,0.00820820748141264,343.37000732421876,344.0992827208758,354.22900390625,350.2382976863267,358.5779998779297,353.845114761878,335.4957336425781,335.06775447741563,0.9873023343169371,0.9570362845142606,0.9454289161103966,1.0104748757454867,39.658288401734126,45.54275629508928,49.267594673753464,-0.11033356332796984,5.554372051147194,-5.664705614475164,390.6147460582104,326.541253697649,358.5779998779297,0.17868773985680633,0.19460084987736356,0.0038005733667123565,67231350.0,0.887447596991582,-0.06095644581905246,0.4183609186186359,0.016363195584229162,-0.25280156620254723,0.04235837141187604,-0.31321773630652805,-0.06419876077133224,0.26269920727404017,0
2021-12-13,-0.04977243020772948,-0.051053775924629424,0.055442263163269695,-0.03464223382497276,340.5300048828125,336.77840771886514,348.5430023193359,345.12890860060253,357.46116638183594,350.8252617097795,336.7703332519531,334.56065264358926,0.9459861189785655,0.9242379148949357,0.901179451114813,0.9565470170849009,31.49345892343908,40.63533020622966,45.47709010177465,-2.472374157797276,3.9490228093582997,-6.421396967155576,392.77645719914005,322.1458755645318,357.46116638183594,0.19758952377825975,-0.00013050791137126858,0.31729526701897104,69251550.0,1.1349276658789587,0.013179927022311633,0.0038005733667123565,-0.06095644581905246,0.4183609186186359,0.016363195584229162,-0.25280156620254723,-0.005872086315763081,-0.11545460453629686,0
2021-12-14,-0.008174578197676419,-0.008208173270999982,0.037986013638684236,0.01429627433655754,334.3140014648437,331.020047284582,342.33466796875,340.4697118397685,356.54649963378904,347.84222025323055,337.95019958496096,333.9701692621158,0.9556983106183616,0.9333069546002903,0.8961056320681294,0.9454154097509039,30.355563440451263,39.91250668371077,44.91087607467799,-4.504866873509627,2.2582448727847146,-6.763111746294342,394.686298742169,318.40670052540906,356.54649963378904,0.21394011242602903,0.014376398358710976,-0.09910491058648396,68204580.0,1.0381458253976492,-0.04977243020772948,0.31729526701897104,0.013179927022311633,0.0038005733667123565,-0.06095644581905246,0.4183609186186359,0.04235837141187604,-0.31321773630652805,1
2021-12-15,0.018236618133556703,0.018072325435531507,0.051742366829502756,0.023898163537863316,328.1159973144531,329.1233603804766,338.36766662597654,337.71703451840426,355.23416595458986,345.6981979979006,339.2528662109375,333.6313385683962,0.9915090676315989,0.9614688951112978,0.9158184030470005,0.9589601709362862,36.29714277636251,42.35583974455125,46.459596694623364,-5.581133383344024,0.690369221558967,-6.271502604902992,395.70279175214927,314.76554015703044,355.23416595458986,0.22784196834677542,0.13052637947335863,0.06161739845183267,68876460.0,1.0913627094075393,-0.008174578197676419,-0.09910491058648396,-0.04977243020772948,0.31729526701897104,0.013179927022311633,0.0038005733667123565,0.016363195584229162,-0.25280156620254723,0
2021-12-16,-0.050277132790258694,-0.051585055672323236,0.07889573722511807,-0.06795376278516214,322.99066162109375,322.406682799224,333.1116668701172,332.4909059944614,352.532666015625,342.2005912968356,340.21399963378906,332.6643577475461,0.9566014264498489,0.9275367943122504,0.8764388592092183,0.9081734671980042,28.370287809543044,37.71903554403151,42.90432725258639,-7.665564172137181,-0.9808174571802627,-6.684746714956918,397.5266470328827,307.53868499836733,352.532666015625,0.2552613437261638,0.015942606165490838,0.10113583755048605,69842130.0,1.185122790499087,0.018236618133556703,0.06161739845183267,-0.008174578197676419,-0.09910491058648396,-0.04977243020772948,0.31729526701897104,-0.06095644581905246,0.4183609186186359,1
2021-12-17,0.006095449446181567,0.006076947341899706,0.05535240936444001,0.019458395985158923,317.3599914550781,318.55667484466494,330.36499938964846,328.55740652920423,349.80249938964846,339.2154548814748,341.14039916992186,331.80915387256573,0.9795080265482936,0.9409491305370019,0.888663344252668,0.9112279275393277,30.411758960873115,38.55314288717048,43.42771342221737,-9.061071106218037,-2.596868186987818,-6.464202919230219,397.85036982303177,301.75462895626515,349.80249938964846,0.27471427744066695,0.09471834960824507,0.213428535184212,70653660.0,1.4215441917658618,-0.050277132790258694,0.10113583755048605,0.018236618133556703,0.06161739845183267,-0.008174578197676419,-0.09910491058648396,0.013179927022311633,0.0038005733667123565,0
2021-12-20,-0.03498927121736173,-0.03561605979548491,0.03144659398590706,-0.011815097464400544,312.928662109375,312.36445355855267,326.7293334960938,323.3615164304995,345.8505004882812,335.4787459390799,341.9033996582031,330.56095219075246,0.9586210766512623,0.918130024557206,0.8673690237915171,0.8773823579590454,25.512615450707386,35.58877130808489,41.14080147832821,-10.918809753014273,-4.2612565001931095,-6.657553252821163,396.5638951890047,295.13710578755774,345.8505004882812,0.2932677248066718,0.04774779155832465,-0.43765812103670654,68135370.0,0.8289395067495781,0.006095449446181567,0.213428535184212,-0.050277132790258694,0.10113583755048605,0.018236618133556703,0.06161739845183267,-0.04977243020772948,0.31729526701897104,1
2021-12-21,0.04288056302579579,0.04198665654283043,0.05687618583099622,0.023623855615739518,311.59666137695314,312.52407662367057,322.95533142089846,321.4491175802098,342.2115005493164,333.32299135001574,342.8806658935547,329.8661431932291,1.0040008816893098,0.9686891415524783,0.9141812073870443,0.9123970928446186,39.05821688107533,41.333932737664306,44.753519916471724,-11.22373898197361,-5.65375299654921,-5.569985985424401,391.40904538106247,293.0139557175703,342.2115005493164,0.28752712724601254,0.201528014295751,0.26624952859502726,69678690.0,1.0263955880915672,-0.03498927121736173,-0.43765812103670654,0.006095449446181567,0.213428535184212,-0.050277132790258694,0.10113583755048605,-0.008174578197676419,-0.09910491058648396,1
2021-12-22,0.07494705523716627,0.07227140942458773,0.05809474451363762,0.04474665378282909,313.7886657714844,320.4460539307544,320.95233154296875,324.1474613919756,340.5421676635742,333.60556441619724,344.23499938964846,330.1180594815308,1.0717085899776382,1.047788021754563,0.9875135606617355,0.9769198632945122,56.0531307063222,50.07513043123308,50.56123558912025,-9.464346901881015,-6.415871777615571,-3.048475124265444,388.13835948969745,292.945975837451,340.5421676635742,0.2795318544700408,0.45533088934734334,0.30924146262683894,74851470.0,1.2509333484031777,0.04288056302579579,0.26624952859502726,-0.03498927121736173,-0.43765812103670654,0.006095449446181567,0.213428535184212,0.018236618133556703,0.06161739845183267,1
2021-12-23,0.05761886305530961,0.05602002567418564,0.07068420440714454,0.059793355261249466,323.12733154296876,332.1862547852165,323.0589965820312,329.8782241378238,339.7255004882812,335.7066208045728,345.9411328125,331.11996524673117,1.100701246148981,1.1009340716621387,1.0469236368272252,1.028113233030638,65.36544113426606,55.92038735132287,54.69401996562855,-6.43233450241911,-6.419164322576279,-0.013170179842830976,385.6663394517151,293.78466152484737,339.7255004882812,0.2704585843417932,0.6734965704321115,-0.009836149612000744,78178950.0,1.1859100179779851,0.07494705523716627,0.30924146262683894,0.04288056302579579,0.26624952859502726,-0.03498927121736173,-0.43765812103670654,-0.050277132790258694,0.10113583755048605,1
2021-12-27,0.025248391499066658,0.02493491640225287,0.0423057925261086,0.018879132011180712,333.8853332519531,343.0063923503006,325.62266235351564,336.1997592910319,339.9258331298828,338.4628157260867,347.7785992431641,332.43473788334836,1.092131433054901,1.1198442542202,1.072724200226172,1.0485023180667614,68.9256579976969,58.353954519125374,56.464951180513935,-3.267169102194373,-5.788765278499898,2.5215961763055255,386.26296386037177,293.5887023993938,339.9258331298828,0.2726308283418045,0.7667497313803259,-0.23262383349943694,79327110.0,0.8968674139269665,0.05761886305530961,-0.009836149612000744,0.07494705523716627,0.30924146262683894,0.04288056302579579,0.26624952859502726,0.006095449446181567,0.213428535184212,0
2021-12-28,-0.005000275342793459,-0.0050128185500081576,0.03728170463525302,-0.018945604971007765,346.45399780273436,349.61203948027855,329.6913299560547,341.0404091908869,339.11716613769534,340.78286506076745,349.41486572265626,333.62644752479486,1.0472482235486296,1.1004940099231482,1.06990553699341,1.0383740628488913,67.28719990216291,57.65790773577666,55.99829228761195,-0.895557088678629,-4.810123640535645,3.914566551857016,383.2087402443163,295.0255920310744,339.11716613769534,0.26003740600213665,0.768828773783552,-0.15210855439315552,77499960.0,0.7783745952901137,0.025248391499066658,-0.23262383349943694,0.05761886305530961,-0.009836149612000744,0.07494705523716627,0.30924146262683894,-0.03498927121736173,-0.43765812103670654,0
2021-12-29,-0.0020947102761840197,-0.002096907250306926,0.03669712243441153,-0.011332176340853784,356.297998046875,353.7624676450555,333.94732971191405,344.8627573333819,338.14099884033203,342.80957543351434,350.8553985595703,334.74161915027776,1.016181190911367,1.0841929003802788,1.070746597473598,1.0319445716413458,66.51825528497525,57.35083196669918,55.79646977216594,0.9121217108485666,-3.665674570258803,4.57779628110737,379.18766470237625,297.0943329782878,338.14099884033203,0.24277840310885335,0.791403998739862,-0.06912671573503082,76034730.0,0.7385309318517999,-0.005000275342793459,-0.15210855439315552,0.025248391499066658,-0.23262383349943694,0.05761886305530961,-0.009836149612000744,0.04288056302579579,0.26624952859502726,0
2021-12-30,-0.014592268383646134,-0.014699782732613053,0.03961357516448383,0.008489328581087481,360.39599609375,354.7683113564693,337.0923309326172,347.02952850536644,337.72999877929686,344.1400919426365,352.22919860839846,335.6058693318079,0.989966599646927,1.0584043777923122,1.056406005000607,1.0129199969476634,60.87610770415335,55.15186003074957,54.36625352599496,1.8965378862270086,-2.553232078961641,4.44976996518865,377.846757986336,297.6132395722577,337.72999877929686,0.23756704676539578,0.7374319408714523,-0.16228763756811626,73221900.0,0.64244303958242,-0.0020947102761840197,-0.06912671573503082,-0.005000275342793459,-0.15210855439315552,0.025248391499066658,-0.23262383349943694,0.07494705523716627,0.30924146262683894,0
2021-12-31,-0.012668840823859995,-0.012749774874751605,0.025937255043292577,-0.015520143708730201,359.71466674804685,353.9322108261879,341.42099914550784,347.9805250981407,337.2663330078125,344.9134174495878,353.5023986816406,336.25897287823216,0.979276193962802,1.031746760296656,1.0444564882124336,0.996485486603064,56.12457741354545,53.2700415906195,53.14260371053627,2.2856222289659627,-1.5854612173761207,3.8710834463420833,376.4760129305568,298.05665308506815,337.2663330078125,0.23251463953169657,0.6911986630260039,-0.1340790673647826,69018120.0,0.5901884896314186,-0.014592268383646134,-0.16228763756811626,-0.0020947102761840197,-0.06912671573503082,-0.005000275342793459,-0.15210855439315552,0.05761886305530961,-0.009836149612000744,1
2022-01-03,0.1353166841897706,0.1269116289226746,0.05420160266503937,0.045332142782218726,366.7706665039062,369.2636959707138,350.3279998779297,357.4252780366179,340.34649963378905,350.1527744791286,355.54093200683593,338.75574516770405,1.090399813245442,1.1415777968050467,1.1750573803170725,1.124840012097612,77.61810199097005,66.32092056876392,62.49087463588353,6.3668817365821155,0.005007373415526706,6.361874363166589,388.14283125462,292.5501680129581,340.34649963378905,0.28086865398797706,1.1232713328151103,1.5514843974399577,69367530.0,1.4982715976768959,-0.012668840823859995,-0.1340790673647826,-0.014592268383646134,-0.16228763756811626,-0.0020947102761840197,-0.06912671573503082,0.025248391499066658,-0.23262383349943694,0
2022-01-04,-0.041832696836128,-0.04273287830059682,0.07389587043868924,-0.033592553808349045,370.8453308105469,373.9080157382884,358.6496643066406,362.1109829887669,342.6894989013672,353.2998107452533,357.14033203125,340.4985259561642,1.033305864835603,1.0684428103794614,1.1182036698000164,1.0729582209155464,64.64983178486557,59.98838342184626,58.21101849850473,8.157304899063433,1.635466878545108,6.5218380205183255,393.9393004126089,291.4396973901255,342.6894989013672,0.2991034255531267,0.8951933000480503,-0.03543779839394057,73744350.0,1.3594031271548261,0.1353166841897706,1.5514843974399577,-0.012668840823859995,-0.1340790673647826,-0.014592268383646134,-0.16228763756811626,-0.005000275342793459,-0.15210855439315552,0
2022-01-05,-0.05347121367683638,-0.054953895352910696,0.08209574081048217,-0.051044371037957996,370.9739990234375,370.1742321718798,363.63599853515626,362.21928881609335,343.29566497802733,354.1957016303779,357.5620654296875,341.36943337117987,0.9777145190602625,0.9974443303197774,1.0565430969315548,1.0143879905246456,52.19031347821708,53.2785765221846,53.49913890577852,7.832568213945422,2.874887145625171,4.957681068320251,395.1873525320137,291.403977424041,343.29566497802733,0.30231484313853874,0.6870338099993436,-0.20078644725147454,74604540.0,1.0739266001774155,-0.041832696836128,-0.03543779839394057,0.1353166841897706,1.5514843974399577,-0.012668840823859995,-0.1340790673647826,-0.0020947102761840197,-0.06912671573503082,0
2022-01-06,-0.02152337383085412,-0.021758379841487693,0.06339814141152873,-0.011420629814806755,370.597998046875,365.08281941341465,365.4969970703125,360.888507921619,343.22466430664065,354.2627770842928,357.8705322265625,341.9000435878585,0.9576414221525151,0.9710065930533773,1.0340165809861872,0.9916994050569173,48.07219594216952,50.94072563644383,51.82107372572835,6.866130455382972,3.673135807576731,3.192994647806241,395.0487172554267,291.4006113578546,343.22466430664065,0.30198326832646205,0.6126439261840598,0.1275190402372448,74274780.0,1.216248637828345,-0.05347121367683638,-0.20078644725147454,-0.041832696836128,-0.03543779839394057,0.1353166841897706,1.5514843974399577,-0.014592268383646134,-0.16228763756811626,0
2022-01-07,-0.035446567451716815,-0.03609004895021842,0.06906794975048011,-0.04943671554840672,368.60999755859376,357.4952153836827,364.16233215332034,357.51241690390987,343.6106643676758,353.1253704404762,357.79786560058596,341.9165127539902,0.9286780325859285,0.9400203620732924,0.9962438388056665,0.9567413342436052,41.86219195194515,47.33613488570634,49.209429834937566,5.0271716820221855,3.9439429824658223,1.0832286995563631,395.2868021381896,291.93452659716195,343.6106643676758,0.30078308463219583,0.48751205973259215,-0.06832114558218927,73419930.0,1.146346775323812,-0.02152337383085412,0.1275190402372448,-0.05347121367683638,-0.20078644725147454,-0.041832696836128,-0.03543779839394057,-0.012668840823859995,-0.1340790673647826,1
2022-01-10,0.03034195341380186,0.029890740749494566,0.07475523236356123,0.05811996282592887,359.16599731445314,355.899031935476,362.9683319091797,356.63864383757397,344.29549713134764,353.0854937355797,357.6717321777344,342.3396559808558,0.9820157466918132,0.9717284788561531,1.0244300839766893,0.9861183686268932,48.29595248315135,50.453476180099,51.33562742390854,4.357667598299429,4.026687905632544,0.3309796926668849,396.07253327971785,292.51846098297744,344.29549713134764,0.3007709167257417,0.581224887840356,0.09089677739004598,75486840.0,1.216304722783468,-0.035446567451716815,-0.06832114558218927,-0.02152337383085412,0.1275190402372448,-0.05347121367683638,-0.20078644725147454,0.1353166841897706,1.5514843974399577,1
2022-01-11,0.005935024657598653,0.005917481776156395,0.03478952417864447,0.010183435651374077,353.4866638183594,355.5326838879736,362.16599731445314,356.3043427385548,345.9286636352539,353.24877888390245,357.34106506347655,342.82829644407593,1.00371534235669,0.9796612338648435,1.0256449525300648,0.9928889301596042,49.60719180005954,51.0819480365724,51.76294522946977,3.9504560418675965,4.011441532879555,-0.060985491011958715,396.86056496385584,294.99676230665193,345.9286636352539,0.2944647650378252,0.5870900548212302,-0.2804737787943147,76060770.0,0.8685594426666993,0.03034195341380186,0.09089677739004598,-0.035446567451716815,-0.06832114558218927,-0.02152337383085412,0.1275190402372448,-0.041832696836128,-0.03543779839394057,1
2022-01-12,0.039289748931841784,0.03853754612843837,0.03819315474003201,0.02536957356886109,354.6933288574219,359.93511933677405,362.8336639404297,358.56536955597664,348.3904968261719,354.72413234585224,356.6585980224609,343.8444412985975,1.039602271128701,1.0162783304884164,1.0584100128837797,1.0338738285825742,57.9017763295071,55.16083353695513,54.55329240614063,4.698419193358006,4.148837064975246,0.5495821283827604,398.73161041257447,298.0493832397693,348.3904968261719,0.28899246130424777,0.7021160435125895,0.267557024853436,78819270.0,1.0624178579679817,0.005935024657598653,-0.2804737787943147,0.03034195341380186,0.09089677739004598,-0.035446567451716815,-0.06832114558218927,-0.05347121367683638,-0.20078644725147454,0
2022-01-13,-0.06749107331435766,-0.06987655465675016,0.08633528664057484,-0.06988739146650298,352.48399658203124,354.5745237310265,361.54099731445314,355.8904537311684,349.31666412353513,353.6888180766788,355.72233154296873,343.84478997392824,0.975514735005873,0.9510770149822375,0.9843599456736144,0.966634090775367,43.11927209585017,47.53973578511986,49.216490034726675,3.245626526323292,3.9681949572448554,-0.7225684309215632,398.59704885238295,300.0362793946873,349.31666412353513,0.2821530707817587,0.44456890267735927,0.16086769605560125,83836170.0,1.159522196684319,0.039289748931841784,0.267557024853436,0.005935024657598653,-0.2804737787943147,0.03034195341380186,0.09089677739004598,-0.02152337383085412,0.1275190402372448,1
2022-01-14,0.017497758575059086,0.017346435457551865,0.036794585740029695,0.029150499797617715,353.993994140625,353.0063475264135,361.3019958496094,354.7958248922628,351.3614974975586,353.32512065196534,354.62733154296876,344.08107252856587,0.9883500875955562,0.9683588774384174,0.9957550773462835,0.9865849696212576,46.940107778265464,49.361294091095345,50.44706456766488,2.550373145111166,3.6846305948181177,-1.1342574497069515,397.038354002502,305.68464099261524,351.3614974975586,0.25999921351804206,0.4836733250217241,-0.24982640656970123,87055230.0,0.8376785633671866,-0.06749107331435766,0.16086769605560125,0.039289748931841784,0.267557024853436,0.005935024657598653,-0.2804737787943147,-0.035446567451716815,-0.06832114558218927,0
2022-01-18,-0.01819724123253097,-0.018364847454341894,0.05310957783359632,0.003798875248265032,352.1533264160156,349.83867382294756,355.6596618652344,352.7426433511269,352.993830871582,352.389711677113,353.297998046875,344.0584158182698,0.9754368357441516,0.96582031432672,0.9731142483931425,0.9722764587260416,43.34558326314814,47.482465577911846,49.12446334394783,1.4687124726137881,3.241446970377252,-1.772734497763464,394.94545720906535,311.0422045340987,352.993830871582,0.23769042214647199,0.38688752637121565,-0.08475775564523758,83336430.0,0.8008910388889949,0.017497758575059086,-0.24982640656970123,-0.06749107331435766,0.16086769605560125,0.039289748931841784,0.267557024853436,0.03034195341380186,0.09089677739004598,0
2022-01-19,-0.0338278969185718,-0.03441330009854252,0.05993074304333925,-0.04421575864339783,347.5699951171875,343.8535596482411,350.52832946777346,348.9500411597998,354.58899688720703,350.43672306965726,351.78839782714846,343.58096152338976,0.9548676121681032,0.9468088693508594,0.9359662432063524,0.9434175013978127,37.268685541974286,44.177406694097115,46.774375938860295,-0.3224311117408547,2.528671353953631,-2.8511024656944857,390.3213121293968,318.85668164501726,354.58899688720703,0.2015421547530762,0.18228107478507397,0.1303364827084026,80855850.0,0.9330493711957761,-0.01819724123253097,-0.08475775564523758,0.017497758575059086,-0.24982640656970123,-0.06749107331435766,0.16086769605560125,0.005935024657598653,-0.2804737787943147,1
2022-01-20,0.0006227038828787723,0.000622510083264904,0.04783841094291681,-0.01333028801306816,340.2399963378906,339.9323718781243,347.46666259765624,345.88457846490724,355.55133056640625,348.68941576186995,350.67726440429686,343.1303354376839,0.9760463199867124,0.9557463552192033,0.9340142133875835,0.946996084568012,37.45064213220479,44.25172966972362,46.82188424091556,-1.705588206204709,1.681819441921963,-3.387407648126672,387.5793612817285,323.523299851084,355.55133056640625,0.18015981357347433,0.13373748393947155,-0.06566457898399447,79892730.0,0.8822905413296054,-0.0338278969185718,0.1303364827084026,-0.01819724123253097,-0.08475775564523758,0.017497758575059086,-0.24982640656970123,0.039289748931841784,0.267557024853436,0
2022-01-21,-0.05256606712507206,-0.0539980722931419,0.06785678432536478,-0.05263266710712149,334.39599609375,331.49935835169225,343.43999633789065,340.2025335256201,354.46849670410154,345.44597914634215,350.14659790039065,342.01280586361116,0.9409004144015489,0.9161231500517449,0.8876200120020074,0.8985760055516366,29.125407737171628,39.47123593263569,43.38714784665896,-4.162375867875653,0.5129803799624398,-4.675356247838093,390.2701930663893,318.66680034181377,354.46849670410154,0.20200213387185056,-0.05633069732464348,0.46713085520211783,81200670.0,1.273585550464054,0.0006227038828787723,-0.06566457898399447,-0.0338278969185718,0.1303364827084026,-0.01819724123253097,-0.08475775564523758,-0.06749107331435766,0.16086769605560125,0
2022-01-24,-0.014726129872195681,-0.014835635717323473,0.08821509576612903,0.027896889740864357,326.4219970703125,324.33290556779485,340.20799560546874,334.71116379368914,352.1851638793945,342.0701716085953,349.22693115234375,340.757401712097,0.9496908994562179,0.9112072732102974,0.8802187933906246,0.8876749538676565,27.249648993802637,38.28892307158061,42.51791160596106,-6.409385497092728,-0.8714927954485938,-5.537892701644134,392.8804873172534,311.4898404415356,352.1851638793945,0.23110186124589277,-0.018304811409234196,0.46559236481782307,87940770.0,1.7234975313497938,-0.05256606712507206,0.46713085520211783,0.0006227038828787723,-0.06566457898399447,-0.0338278969185718,0.1303364827084026,0.017497758575059086,-0.24982640656970123,0
2022-01-25,-0.012473124842489969,-0.012551567227813773,0.05231923792715596,0.004594160614058262,318.947998046875,318.26638081147263,335.5506622314453,329.5151942491689,349.2594970703125,338.64761538861745,348.25953125,339.39959502922375,0.9598220812592668,0.9123311790327309,0.8765211364809294,0.8790379123294364,25.641804829728628,37.28519426083678,41.78437209616896,-8.405273900736972,-2.3782490165062695,-6.027024884230703,394.14788852073843,304.3711056198865,349.2594970703125,0.25704893826488606,0.019628968893748162,-0.428657671227725,87418860.0,0.9905860131326352,-0.014726129872195681,0.46559236481782307,-0.05256606712507206,0.46713085520211783,0.0006227038828787723,-0.06566457898399447,-0.01819724123253097,-0.08475775564523758,1
2022-01-26,0.02069905258271132,0.02048773822340817,0.0871444006783073,-0.01577014488504601,315.06533203125,316.33425428121615,331.3176635742187,326.4160682439933,346.74183044433596,336.1545092773875,347.61946472167966,338.3435325269288,0.9917625630410855,0.9431130168244304,0.9011603844286257,0.8988852263232185,33.17989154741231,40.05838953510135,43.46278728592437,-9.367728195855818,-3.77614485237618,-5.5915833434796385,393.89594981879213,299.5877110698798,346.74183044433596,0.2719840251984021,0.13659771746052154,0.21099728740044266,91299270.0,1.14861159349905,-0.012473124842489969,-0.428657671227725,-0.014726129872195681,0.46559236481782307,-0.05256606712507206,0.46713085520211783,-0.0338278969185718,0.1303364827084026,0
2022-01-27,-0.11554175561970448,-0.12277997465910719,0.12831980802084103,-0.11170393083519213,303.92066650390626,303.0117257545347,322.08033142089846,317.31617741802575,342.4569976806641,330.4604292225098,346.39086486816404,335.91306727885996,0.9093381897332071,0.8580675121698523,0.8070113052818374,0.7978462965712352,19.822462243987815,31.50929769007378,37.069150587934466,-12.895071013294967,-5.599930084559937,-7.295140928735029,398.0776310104417,286.83636435088647,342.4569976806641,0.32483280357227795,-0.09411701218538118,0.40281441134232376,97636320.0,1.5067087739480554,0.02069905258271132,0.21099728740044266,-0.012473124842489969,-0.428657671227725,-0.014726129872195681,0.46559236481782307,0.0006227038828787723,-0.06566457898399447,1
2022-01-28,0.020805692766870276,0.02059221036289143,0.07737939480976536,0.01778582126122706,297.417333984375,296.0467067367471,315.9066650390625,310.91626674223414,338.7238311767578,325.8562615538109,345.0016650390625,333.80340458953884,0.9485548973281869,0.8930380391508599,0.8328810751846794,0.817725527989059,25.402528699429936,33.92782146388923,38.58009801035939,-15.053016855866474,-7.490547438821245,-7.562469417045229,399.75718362931764,277.690478724198,338.7238311767578,0.3603723554999029,0.03626041991068972,-0.08374985979831351,101394240.0,1.3293565788352475,-0.11554175561970448,0.40281441134232376,0.02069905258271132,0.21099728740044266,-0.012473124842489969,-0.428657671227725,-0.05256606712507206,0.46713085520211783,1
2022-01-31,0.10677611383930952,0.10145138741776683,0.0810700895667098,0.07334625778404417,297.86533203125,301.4444679026231,312.14366455078124,311.1569437408052,336.7228302001953,324.5594738091027,343.9863983154297,332.95778049717944,1.0482589165550051,1.00030859406912,0.9272908226886064,0.9077102808816766,47.664543791479694,44.904154793193655,45.745576889487054,-14.169170805592955,-8.826272112175587,-5.342898693417368,398.46979151830317,274.9758688820874,336.7228302001953,0.36675244907746124,0.3017486250077179,-0.22518957393439087,104545410.0,0.9989534691193043,0.020805692766870276,-0.08374985979831351,-0.11554175561970448,0.40281441134232376,0.02069905258271132,0.21099728740044266,-0.014726129872195681,0.46559236481782307,0
2022-02-01,-0.0058395266373975074,-0.005856643341232021,0.04155712699104469,-0.004234366622297219,298.7219970703125,304.43519743312896,308.8349975585937,311.0223460595935,332.24732971191406,323.21253882672534,342.8855316162109,332.0738148500015,1.0391489730870922,1.0051213720855805,0.9342939091889695,0.9053069548632561,46.68078501843326,44.423098936370806,45.408887389840764,-13.460677921487502,-9.75315327403797,-3.7075246474495316,387.67317918685757,276.82148023697056,332.24732971191406,0.33364210645727266,0.30306415305693707,-0.2996840170056302,105184890.0,0.6953299090772448,0.10677611383930952,-0.22518957393439087,0.020805692766870276,-0.08374985979831351,-0.11554175561970448,0.40281441134232376,-0.012473124842489969,-0.428657671227725,0
2022-02-02,-0.02747919159891432,-0.02786380690498853,0.04647439169885188,-0.02426258859929883,296.60532836914064,303.58568419370056,305.8353302001953,309.3613118150935,328.18182983398435,321.18150253035566,341.3428649902344,330.89000476626984,1.017805915270444,0.9870888936122363,0.9198762096839962,0.884408870604284,41.95468182925483,42.14823285780864,43.82447128442734,-13.432648608112402,-10.489052340852858,-2.9435962672595437,379.8645054494865,276.4991542184822,328.18182983398435,0.3149636629282407,0.2456094154764174,-0.08675767246117627,104319930.0,0.6402697931258198,-0.0058395266373975074,-0.2996840170056302,0.10677611383930952,-0.22518957393439087,0.020805692766870276,-0.08374985979831351,0.02069905258271132,0.21099728740044266,0
2022-02-03,-0.016032495024879134,-0.016162405874435497,0.06337957338607147,0.010362793799160289,300.7413269042969,301.4060099214514,302.33099670410155,307.12228446270433,324.8988296508789,318.8829462300316,339.5713317871094,329.5628148294339,0.9877148060581661,0.9825213577676247,0.914274334863396,0.8747695508146823,39.319469849878615,40.86936514705352,42.93199875240043,-13.643706277201716,-11.11998312812263,-2.5237231490790855,375.7267106980966,274.0709486036612,324.8988296508789,0.31288435912086837,0.2260148593637824,0.18059853667081383,105156630.0,0.7498870969904609,-0.02747919159891432,-0.08675767246117627,-0.0058395266373975074,-0.2996840170056302,0.10677611383930952,-0.22518957393439087,-0.11554175561970448,0.40281441134232376,1
2022-02-04,0.03611110968421327,0.035474386816493036,0.0599250360704789,0.0290898961075139,305.87266235351564,303.5284552633895,301.64499816894534,307.2406592780791,322.542497253418,317.8248890602444,338.33326538085936,328.7083258536626,1.0062139701506023,1.0203164243250205,0.9542102159190874,0.9096750968333172,47.797478773202954,44.86236715810804,45.5140932486253,-12.797891080398301,-11.455564718577765,-1.342326361820536,371.93790948450476,273.1470850223312,322.542497253418,0.30628777697022264,0.350500778928033,-0.06632629768843301,102177570.0,0.7205632312453701,-0.016032495024879134,0.18059853667081383,-0.02747919159891432,-0.08675767246117627,-0.0058395266373975074,-0.2996840170056302,0.020805692766870276,-0.08374985979831351,0
2022-02-07,-0.01730718642133755,-0.017458706575610557,0.04966171478296107,-0.017807091003691683,303.91399536132815,303.16785526673885,300.88966369628906,306.36902218632605,320.54882965087893,316.3602953662628,336.94219848632815,327.67845641914397,0.9951718574653131,1.005174626333193,0.9435275605368544,0.897621777955217,44.21828543053903,43.29872022163704,44.46508273378284,-12.414291637163728,-11.64731010229496,-0.7669815348687692,369.8088184805374,271.28884082122045,320.54882965087893,0.30734780022943325,0.31625884609881943,-0.1715562835651827,93120450.0,0.6550064996464257,0.03611110968421327,-0.06632629768843301,-0.016032495024879134,0.18059853667081383,-0.02747919159891432,-0.08675767246117627,0.10677611383930952,-0.22518957393439087,1
2022-02-08,0.0161571905234128,0.016028052271245364,0.03415403439225023,0.01818831273743019,303.2973327636719,304.5563513464457,301.00966491699216,306.5443533353321,318.28016357421876,315.500585665272,335.8760650634766,326.8806088539171,1.0133071092495638,1.0210082244057215,0.9656063389391631,0.9150200787536826,48.357265581947345,45.18622501652221,45.671256995879794,-11.58245607036605,-11.634339295909177,0.05188322554312741,365.5460461521169,271.0142809963206,318.28016357421876,0.2970080324649347,0.384199559266474,-0.16830042052971994,89533770.0,0.5665918010600917,-0.01730718642133755,-0.1715562835651827,0.03611110968421327,-0.06632629768843301,-0.016032495024879134,0.18059853667081383,-0.0058395266373975074,-0.2996840170056302,1
2022-02-09,0.010845920427172029,0.010787525285489406,0.028186749902381403,-0.003208556254457076,305.05333251953124,306.5931197290107,300.82933044433594,307.29386300057,316.07349700927733,315.0402114584976,334.5094647216797,326.2447675849063,1.0184011232666996,1.0327006879125602,0.9828937238765767,0.9287230684268474,51.23667266339731,46.49461979557468,46.50344321480221,-10.532833936968075,-11.414038224120958,0.8812042871528831,360.3390562214948,271.8079377970599,316.07349700927733,0.28009662076107683,0.4389272313355933,0.030166117672105308,84272970.0,0.6201205439893717,0.0161571905234128,-0.16830042052971994,-0.01730718642133755,-0.1715562835651827,0.03611110968421327,-0.06632629768843301,-0.02747919159891432,-0.08675767246117627,0
2022-02-10,-0.029452771017468238,-0.0298952129692807,0.052081163567405914,-0.004205376370854429,305.94733276367185,304.9009673518926,303.3443298339844,306.243462927313,312.7123306274414,313.75225442413176,332.90806457519534,325.27503797756316,0.9855181931936041,0.9939749418183343,0.9641981881324551,0.9057054925431265,43.4739443987752,43.43005464342103,44.53715427820314,-10.320362161097023,-11.195303011516172,0.8749408504191489,350.15399670250287,275.27066455237997,312.7123306274414,0.2394639571771068,0.35049185568638197,0.2653589593451131,76174710.0,0.8680951985245496,0.010845920427172029,0.030166117672105308,0.0161571905234128,-0.16830042052971994,-0.01730718642133755,-0.1715562835651827,-0.016032495024879134,0.18059853667081383,0
2022-02-11,-0.04925102969626416,-0.050505215210130634,0.07588369949282978,-0.05456065244270972,301.7259948730469,298.82286373264196,303.79932861328126,302.68404357582705,309.8529968261719,311.1726736688945,331.3413977050781,323.76098380174267,0.9500893571160729,0.9436052995990998,0.9251698690361906,0.8651700586755483,33.78268451130806,38.943697415527005,41.543764958257,-11.220900576736597,-11.200422524560258,-0.02047805217633858,346.0593253858458,273.64666826649795,309.8529968261719,0.23370003795693955,0.1798026580654762,0.20443873824419412,70660380.0,1.1271634825626469,-0.029452771017468238,0.2653589593451131,0.010845920427172029,0.030166117672105308,0.0161571905234128,-0.16830042052971994,0.03611110968421327,-0.06632629768843301,1
2022-02-14,0.01832566437213501,0.018159773032297852,0.05221754750207383,0.016469970911655123,299.62066650390625,296.5219136310061,301.7673309326172,300.72694718526475,306.9554977416992,309.3390869792602,329.9491314697266,322.5123182968796,0.9742986584803172,0.9673678476909693,0.951017380615163,0.8847424817498528,39.36167307983089,41.25557632876558,42.967607317404976,-11.379505898256014,-11.23623919929941,-0.14326669895660338,338.914261363937,274.99673411946145,306.9554977416992,0.20823059927163012,0.2647674282445841,-0.14927717469094415,66992430.0,1.011405318481506,-0.04925102969626416,0.20443873824419412,-0.029452771017468238,0.2653589593451131,0.010845920427172029,0.030166117672105308,-0.01730718642133755,-0.1715562835651827,1
2022-02-15,0.053290764282768466,0.05191932445845771,0.032110800618735044,0.02492218017578125,299.6493286132812,300.17349377158223,301.47333068847655,301.95416661571375,305.15416412353517,309.16171241482914,329.3321978759766,321.92268440495235,1.0261216184787614,1.019913281717318,1.007610874116268,0.9336367838790156,53.032798916873695,47.58486475009908,46.98288313983232,-10.13310277097628,-11.015611913634785,0.8825091426585061,332.38078575871094,277.9275424883594,305.15416412353517,0.17844502770182522,0.5426510854030938,-0.15452834783378722,65407230.0,0.8758389554182313,0.01832566437213501,-0.14927717469094415,-0.04925102969626416,0.20443873824419412,-0.029452771017468238,0.2653589593451131,0.0161571905234128,-0.16830042052971994,1
2022-02-16,0.0010407532409399955,0.0010402120327626255,0.02731243805077613,0.01021828925336816,299.07532958984376,302.7145496400392,302.0643310546875,303.0164383904845,303.94983062744143,309.03170755407905,328.76139770507814,321.36872271757983,1.0291609869629499,1.0189771837748953,1.0126561371709624,0.9362311497807543,53.28555357395589,47.70967159122323,47.06338082495957,-9.015571499853934,-10.615603830878616,1.600032331024682,328.3218254525614,279.57783580232143,303.94983062744143,0.16036853697078274,0.5789190785800349,-0.10459587125695191,63857370.0,0.8032635857067085,0.053290764282768466,-0.15452834783378722,0.01832566437213501,-0.14927717469094415,-0.04925102969626416,0.20443873824419412,0.010845920427172029,0.030166117672105308,0
2022-02-17,-0.05094269900666093,-0.05228610180162916,0.05066464662483458,-0.04041568945493515,297.19533081054686,299.1819226604168,301.5713317871094,301.03466208333674,301.95116424560547,307.42075147284976,327.59206420898437,320.2215833443874,0.9829113664217946,0.9686486675311302,0.9674301784230437,0.8917086236705011,40.74952962777958,42.38421940194764,43.65333693565526,-9.288096882656816,-10.350102441234258,1.0620055585774413,323.10882057905843,280.7935079121525,301.95116424560547,0.1401395910250138,0.2675901482319666,0.07572186383282342,61489650.0,0.8973607753499979,0.0010407532409399955,-0.10459587125695191,0.053290764282768466,-0.15452834783378722,0.01832566437213501,-0.14927717469094415,-0.029452771017468238,0.2653589593451131,0
2022-02-18,-0.022103035296720752,-0.022350967561475237,0.057480860812347025,-0.032753971254715714,296.99400024414064,294.67461632764764,299.35999755859376,298.2392696431136,300.5024978637695,305.34829930039825,326.1788641357422,318.86622727841575,0.961837624420984,0.9542357228480305,0.9506077509931752,0.8757771734198863,36.611641688262075,40.38518957911631,42.32731926670108,-9.910828261101017,-10.26224760520761,0.3514193441065938,321.9539499073803,279.0510458201587,300.5024978637695,0.14277054065178288,0.15404453340768365,0.24145861424035497,60977280.0,1.1233971079064202,-0.05094269900666093,0.07572186383282342,0.0010407532409399955,-0.10459587125695191,0.053290764282768466,-0.15452834783378722,-0.04925102969626416,0.20443873824419412,0
2022-02-22,-0.04136624223452856,-0.04224617718140919,0.06771512547560551,-0.015105602900430297,293.378662109375,287.7308518030672,296.4996643066406,293.80364293598495,298.69466400146484,302.3478253435895,324.96373046875,317.1006231794154,0.9334125419517192,0.9235872944216789,0.9168001834561171,0.842688882106615,30.088081629288723,36.950356388716614,39.992836755949014,-11.228420515965468,-10.455482187359182,-0.7729383286062852,322.59431997862646,274.79500802430323,298.69466400146484,0.16002733799787203,-0.0199100202803422,0.21585449704167936,63206640.0,1.3177112404646094,-0.022103035296720752,0.24145861424035497,-0.05094269900666093,0.07572186383282342,0.0010407532409399955,-0.10459587125695191,0.01832566437213501,-0.14927717469094415,0
2022-02-23,-0.06997917599526948,-0.07254830168258311,0.09782203367286756,-0.07994655206818581,282.8193298339844,276.7138987606386,291.2343292236328,286.6902519795843,296.1219970703125,297.80803175617916,323.2771301269531,314.65275531652776,0.900504194056605,0.8744847949577323,0.8600509087317445,0.7878070204835297,22.50211323317096,32.17158611909478,36.55936647179869,-13.661461627678761,-11.096678075423098,-2.5647835522556637,326.47180101402046,265.7721931266045,296.1219970703125,0.20498175916665576,-0.18273924390742025,0.14370360231533685,67659420.0,1.407888214235357,-0.04136624223452856,0.21585449704167936,-0.022103035296720752,0.24145861424035497,-0.05094269900666093,0.07572186383282342,0.053290764282768466,-0.15452834783378722,1
2022-02-24,0.04807345500262783,0.04695367409397792,0.1279768900722388,0.14332017908462036,274.64466552734376,273.4503791216757,286.85999755859376,283.0962679548871,293.8446640014648,294.866632526424,322.17286376953126,312.78101353328157,0.9718861254094702,0.930500390836922,0.9083824637442434,0.8285096911038901,34.76215882813807,37.714033714762344,40.01413151753144,-14.435326979551462,-11.764407856248772,-2.6709191233026903,325.7417874551912,261.94754054773847,293.8446640014648,0.2171019410008231,0.07799761792360366,0.4206026020162319,75965700.0,1.7813592187000185,-0.06997917599526948,0.14370360231533685,-0.04136624223452856,0.21585449704167936,-0.022103035296720752,0.24145861424035497,0.0010407532409399955,-0.10459587125695191,1
2022-02-25,0.011364031324829549,0.011299945777284081,0.04580982914195665,0.0007908179138924873,270.21266479492186,272.2858077608047,283.70399780273436,280.707249242919,293.5241638183594,292.4942546704848,321.1819305419922,311.10162731782196,0.9990525989740205,0.9515433942766267,0.9197084884845083,0.840510126405656,37.61481412341039,39.04300912538139,40.85204436851132,-14.63515193219547,-12.338556671438113,-2.296595260757357,326.235734219288,260.8125934174308,293.5241638183594,0.2228884325937228,0.13976815404393028,-0.43787715541130723,76959780.0,0.9884084907727128,0.04807345500262783,0.4206026020162319,-0.06997917599526948,0.14370360231533685,-0.04136624223452856,0.21585449704167936,-0.05094269900666093,0.07572186383282342,1
2022-02-28,0.07477746853358713,0.07211363413565586,0.07140151736270746,0.06799914132456415,271.1093322753906,278.23831886202083,284.0516662597656,282.42290230137974,293.9254974365234,292.270358136577,320.47819763183594,310.27973373925846,1.0702078701212983,1.0214456577034006,0.9871322617293959,0.9053450225583477,53.42658273681715,47.128055998223154,46.11194509941997,-13.01459445509397,-12.473764228169285,-0.540830226924685,326.2622005296276,261.58879434341924,293.9254974365234,0.22003333072584258,0.4415191406313027,0.3015629498459924,78895890.0,1.254905673793654,0.011364031324829549,-0.43787715541130723,0.04807345500262783,0.4206026020162319,-0.06997917599526948,0.14370360231533685,-0.022103035296720752,0.24145861424035497,0
2022-03-01,-0.006962143345558558,-0.006986492144572377,0.04176460152151866,-0.006105761259471167,273.96533203125,281.53331975241497,283.6719970703125,283.4593421617112,292.7196640014648,291.875402269589,320.06119750976563,309.4108548292171,1.051678033118213,1.0156918007729445,0.9842978008192893,0.9002132210181835,51.8911533595077,46.46393012123471,45.68507843657266,-11.757753608517703,-12.33056210423897,0.5728084957212669,324.0165512203761,261.42277678255357,292.7196640014648,0.21383522234949434,0.4265686961755682,-0.2448314208403657,79596930.0,0.9393188908165176,0.07477746853358713,0.3015629498459924,0.011364031324829549,-0.43787715541130723,0.04807345500262783,0.4206026020162319,-0.04136624223452856,0.21585449704167936,1
2022-03-02,0.01795529711451649,0.01779600470296842,0.047971931416347015,0.00889776752745254,281.68866577148435,285.45443362726104,282.2539978027344,285.24794565539156,291.8636642456055,292.0107602798141,319.7099975585937,308.7789256742264,1.0412086001887118,1.0391231431979093,1.00490981683195,0.9173834525559377,55.69551965715693,48.46682386614483,47.004319050256676,-10.22636966872409,-11.909723617135995,1.6833539484119058,322.09599931589446,261.6313291753165,291.8636642456055,0.2071675153426994,0.5236997428087505,-0.0016531379527571222,81332640.0,0.917753315274163,-0.006962143345558558,-0.2448314208403657,0.07477746853358713,0.3015629498459924,0.011364031324829549,-0.43787715541130723,-0.06997917599526948,0.14370360231533685,0
2022-03-03,-0.04614210448825773,-0.04724057511561311,0.0641495273682448,-0.04492644276529529,284.2566650390625,283.5574011453876,279.45066528320314,284.2507439328914,290.7574981689453,290.8443389371309,319.3056640625,307.6410594196152,0.9841927053608245,1.001118876915611,0.9621878642630345,0.8761615206640385,44.86708794693267,43.84561322298258,44.064525948468265,-9.98960910846938,-11.525700715402674,1.5360916069332937,321.06081776399697,260.4541785738936,290.7574981689453,0.2084439423635697,0.3185980589879015,-0.17442556800141473,82365570.0,0.7481718392770182,0.01795529711451649,-0.0016531379527571222,-0.006962143345558558,-0.2448314208403657,0.07477746853358713,0.3015629498459924,0.04807345500262783,0.4206026020162319,0
2022-03-04,-0.0011915196265851469,-0.0011922300504741562,0.03637165066212979,-0.012731124566496551,286.1513305664063,282.1815983221855,278.18199768066404,283.3742437043259,289.87666473388674,289.75725834081186,318.6373974609375,306.5347430767198,0.9765112471176672,1.0044862536236074,0.963961666015111,0.8769529091764479,44.61780773802743,43.734998614640276,43.993364797954804,-9.716862748526808,-11.163933122027503,1.4470703735006953,320.4207225796726,259.3326068881009,289.87666473388674,0.21073830053775447,0.32899010814395097,0.08723930442233163,83547690.0,0.8019324053124629,-0.04614210448825773,-0.17442556800141473,0.01795529711451649,-0.0016531379527571222,-0.006962143345558558,-0.2448314208403657,0.011364031324829549,-0.43787715541130723,0
2022-03-07,-0.04021280504200253,-0.04104369101185902,0.0765243323430994,-0.060399361536452326,281.761328125,277.518841833931,276.4353302001953,280.61407736852516,287.89766387939454,287.7035507709652,317.2754638671875,305.03115820537477,0.9518457718883309,0.9701847034646238,0.9315578502567247,0.8453011953350683,36.61698455835454,40.06565288019108,41.61468927794708,-10.288811144355122,-10.988908726493026,0.7000975821379036,318.67507220781044,257.12025555097864,287.89766387939454,0.21380797547081942,0.17988963184108947,0.08200795228628222,83946930.0,0.8635705915630267,-0.0011915196265851469,0.08723930442233163,-0.04614210448825773,-0.17442556800141473,0.01795529711451649,-0.0016531379527571222,0.07477746853358713,0.3015629498459924,1
2022-03-08,0.02463394210323222,0.024335419149005895,0.08226586586524334,0.036290227450767376,279.09666137695314,276.6125571536103,276.53099670410154,279.55697017296944,286.5153305053711,286.47464001115605,315.65813049316404,303.84562211077065,0.9846050699324518,0.993740271681062,0.9591109393981181,0.8705620456017998,43.559382307202156,43.088979532925265,43.500619027324916,-10.092640529198604,-10.809655087034143,0.7170145578355385,317.03713705155184,255.99352395919033,286.5153305053711,0.21305531185605153,0.3080824165064323,0.109043356631781,83658030.0,0.961044624168176,-0.04021280504200253,0.08200795228628222,-0.0011915196265851469,0.08723930442233163,-0.04614210448825773,-0.17442556800141473,-0.006962143345558558,-0.2448314208403657,1
2022-03-09,0.04193357517885765,0.04107819387010212,0.033237467842178035,0.023216778488356876,277.7019958496094,279.849482682485,279.69533081054686,280.7872180942903,285.46483001708987,286.4602298901159,314.0916638183594,303.1584735472202,1.0310452860241377,1.023697224084792,1.0030073887669213,0.9115916362104294,53.84632625599628,48.01471536092697,46.65628608729703,-8.904688484160772,-10.428661766459468,1.5239732822986962,314.4561374942084,256.4735225399713,285.46483001708987,0.20311649232154394,0.5148062263804778,-0.2638723567801132,80050740.0,0.7393310792629775,0.02463394210323222,0.109043356631781,-0.04021280504200253,0.08200795228628222,-0.0011915196265851469,0.08723930442233163,0.01795529711451649,-0.0016531379527571222,0
2022-03-10,-0.024063755330148706,-0.024358017786858904,0.052594607682370204,-0.01544434175743177,277.6359924316406,279.710761485589,280.9463287353516,280.5410546392915,283.90316314697264,285.791000290276,312.42386352539063,302.228075333282,1.0064736803193801,0.9946145954269439,0.9842557440867195,0.8944045308788885,47.7725179353089,45.48004294808218,45.07569066114165,-8.42210969166564,-10.027351351500702,1.6052416598350625,310.56756092439207,257.2387653695532,283.90316314697264,0.18784149836059166,0.4161832925594699,-0.009048053527980549,72383370.0,0.8102482655891816,0.04193357517885765,-0.2638723567801132,0.02463394210323222,0.109043356631781,-0.04021280504200253,0.08200795228628222,-0.04614210448825773,-0.17442556800141473,0
2022-03-11,-0.0512345859010529,-0.05259370365966602,0.06290312239311836,-0.053380188455660615,274.77332763671876,274.8460638907833,280.4623291015625,277.7366208323606,282.0831634521484,283.82201632940894,310.48493041992185,300.77272605359144,0.9648559086189251,0.9452844150244736,0.939852862739698,0.8538793439752753,37.514337212582944,40.67516103964324,41.97331489961276,-9.090111413131922,-9.839903363826945,0.7497919506950232,308.65909081900395,255.5072360852929,282.0831634521484,0.1884261863885667,0.1807920469383787,0.14303179109440145,71480310.0,0.9378400849128942,-0.024063755330148706,-0.009048053527980549,0.04193357517885765,-0.2638723567801132,0.02463394210323222,0.109043356631781,-0.0011915196265851469,0.08723930442233163,0
2022-03-14,-0.036436802368687404,-0.03711720154932235,0.05827468902628708,-0.018242170177765544,272.2259948730469,268.3829309402097,276.99366149902346,273.68571977903366,280.52266387939454,281.1205543017569,308.4584637451172,298.99562562164914,0.9383992339092937,0.9222473310637944,0.9106453699901099,0.8281720071398311,32.090022312913476,37.77521850487683,40.02179175135206,-10.280482154698234,-9.928019122001203,-0.35246303269703105,309.4040018261956,251.64132593259345,280.52266387939454,0.20591090607365736,0.06605197988917344,0.06138541195845293,68694840.0,1.0357721191285982,-0.0512345859010529,0.14303179109440145,-0.024063755330148706,-0.009048053527980549,0.04193357517885765,-0.2638723567801132,-0.04021280504200253,0.08200795228628222,1
2022-03-15,0.046348355546253384,0.04530634609366675,0.06110567719671365,0.03433637820240302,270.72532958984374,268.02084108579083,274.91099548339844,272.5240727968372,279.29149627685547,279.8039930708232,306.75919677734373,297.75252898460224,0.9873352514961007,0.9723025479826428,0.9570526311763816,0.871356634731855,43.72541363410663,43.12730225532742,43.408039673945886,-10.151451179914773,-9.972705533583918,-0.17874564633085477,308.22372916733025,250.35926338638066,279.29149627685547,0.207183056241676,0.29270810266684727,-0.06058842874851378,67902270.0,0.9843735710161089,-0.036436802368687404,0.06138541195845293,-0.0512345859010529,0.14303179109440145,-0.024063755330148706,-0.009048053527980549,0.02463394210323222,0.109043356631781,1
2022-03-16,0.047812040425278646,0.046704219074345354,0.047296490393080856,0.03860322888059973,269.4759948730469,272.0394474426106,273.5889953613281,273.89727049854855,277.92149658203124,279.82996136467335,304.36219665527346,297.0593576580002,1.0393380690112943,1.0237131789104077,1.0077545767445975,0.920208433353733,53.71246897341883,48.29671906967462,46.811432661683334,-8.9151854004121,-9.761201506949554,0.846016106537455,303.8214806759773,252.02151248808516,277.92149658203124,0.18638345297123446,0.5416054999570932,0.2571408053715374,68840820.0,1.220624623588156,0.046348355546253384,-0.06058842874851378,-0.036436802368687404,0.06138541195845293,-0.0512345859010529,0.14303179109440145,0.04193357517885765,-0.2638723567801132,1
2022-03-17,0.037335010469022656,0.03665493442277862,0.05653969729194651,0.048869365238871226,271.69599609375,278.2040733601779,274.66599426269534,276.922007716142,277.0583297729492,280.84932934854373,302.5089300537109,296.80343481632616,1.069332376525205,1.0577695501593158,1.0486359512576509,0.9604123922679833,60.417985168110036,52.13063393831878,49.42449215185782,-7.010853628165307,-9.211131931192705,2.200278303027398,299.8867221428657,254.2299374030327,277.0583297729492,0.16479123647806948,0.7951367578586213,-0.2076181023649034,69336750.0,0.9602829668249522,0.047812040425278646,0.2571408053715374,0.046348355546253384,-0.06058842874851378,-0.036436802368687404,0.06138541195845293,-0.024063755330148706,-0.009048053527980549,1
2022-03-18,0.03876779427650434,0.03803519751155836,0.0446879158862335,0.03533483818641647,279.03199462890626,286.06826936576965,276.9026611328125,281.4446720181076,277.5423294067383,282.8443133512494,301.29072998046877,296.99924762262526,1.081584431843819,1.0899016287611645,1.0873896678105273,1.0016792132851786,66.51407240828232,55.92207281764161,52.08674807609299,-4.54046028068251,-8.276997601090667,3.736537320408157,301.98092125380094,253.10373755967564,277.5423294067383,0.17610713219350332,0.9962301453782418,0.5081079376236242,72678210.0,1.3816273130557288,0.037335010469022656,-0.2076181023649034,0.047812040425278646,0.2571408053715374,0.046348355546253384,-0.06058842874851378,-0.0512345859010529,0.14303179109440145,1
2022-03-21,0.017417963888751054,0.017268009913468576,0.038820560384291686,0.006754237683287069,289.35133056640626,293.06329448603395,280.7886627197266,286.1007943287358,278.61199645996095,285.14993538699355,300.3337969970703,297.39352594042674,1.061178271153979,1.0935389689613373,1.1020822815527573,1.022373598298555,69.10487758588407,57.60957225019375,53.291613344476794,-2.1338872166666647,-7.048375524205867,4.9144883075392025,306.0650235977182,251.1589693222037,278.61199645996095,0.19706995740725405,1.018000221321404,-0.18356567099075627,73626960.0,1.1134725649408859,0.03876779427650434,0.5081079376236242,0.037335010469022656,-0.2076181023649034,0.047812040425278646,0.2571408053715374,-0.036436802368687404,0.06138541195845293,1
2022-03-22,0.07905243778179138,0.0760832835953988,0.07657094392954461,0.0687956779233871,302.15733032226564,305.81774970943934,286.4413299560547,294.32367902464745,281.4861633300781,289.54771869835133,300.11393005371093,298.7242370861453,1.096536892892434,1.1566999085190728,1.177061977883892,1.1040029368078748,78.19386040847617,64.38920419619531,58.36760411717343,1.7122551579836909,-5.296249387767956,7.008504545751647,317.1490917316681,245.82323492848815,281.4861633300781,0.25339027666358627,1.1987717927273442,0.29136903890629107,76173900.0,1.3898264366141158,0.017417963888751054,-0.18356567099075627,0.03876779427650434,0.5081079376236242,0.037335010469022656,-0.2076181023649034,0.046348355546253384,-0.06058842874851378,1
2022-03-23,0.005161136057840299,0.005147863044765912,0.0643572322267516,0.019562466985277232,312.74933471679685,314.890727182595,291.1126647949219,301.3624068617854,285.40399780273435,293.68952473935656,299.7205303955078,300.06982316625357,1.064867755611631,1.1440130313929087,1.1668956450956747,1.1111573894835793,78.70867104713578,64.81611717558434,58.69960713433195,4.842513698243806,-3.2684967705656036,8.11101046880941,325.3817890750472,245.42620653042152,285.40399780273435,0.28014878263859994,1.0957393193850675,0.13986879950126818,82323120.0,1.465884674924857,0.07905243778179138,0.29136903890629107,0.017417963888751054,-0.18356567099075627,0.03876779427650434,0.5081079376236242,0.047812040425278646,0.2571408053715374,1
2022-03-24,0.014823128420135223,0.014714339594958641,0.035200018781530173,0.004149626655099528,322.2373352050781,322.58492733396963,296.96666564941404,308.01893791177326,288.9564971923828,297.9070297772006,299.3839971923828,301.5562351062718,1.0488335481722686,1.1380850672166531,1.1696339446269701,1.1288957686657466,80.27693838607868,66.08034134195886,59.67439709052835,7.63361659852103,-1.088074096748277,8.721690695269308,334.0357910142503,243.8772033705153,288.9564971923828,0.3120143984293553,1.043673450587178,-0.42887827094323483,83350350.0,0.8268807509506558,0.005161136057840299,0.13986879950126818,0.07905243778179138,0.29136903890629107,0.017417963888751054,-0.18356567099075627,0.037335010469022656,-0.2076181023649034,0
2022-03-25,-0.003234937980317265,-0.003240181703986614,0.024222285513644314,0.0026190621512276785,329.25400390625,327.3499531835839,304.14299926757815,313.2664046337804,292.3026641845703,301.61874169202076,298.7467974853516,302.94148097986164,1.0231614525141322,1.107636886905403,1.1525040519989735,1.127643903527805,78.77765539910236,65.51884403678775,59.34865529235728,9.646168718386434,1.0587744662786651,8.587394252107769,341.0313948351825,243.5739335339581,292.3026641845703,0.33341283964379564,0.9574030567086214,-0.09995821290524776,82849800.0,0.7487235937805523,0.014823128420135223,-0.42887827094323483,0.005161136057840299,0.13986879950126818,0.07905243778179138,0.29136903890629107,0.03876779427650434,0.5081079376236242,1
2022-03-28,0.0803450783611821,0.07728050710253655,0.04055533698189238,0.02510561529180834,340.632666015625,339.5488538802018,314.99199829101565,322.48099565917255,295.99282989501955,307.55473346167946,299.1486639404297,305.3338407560803,1.0684431987410834,1.1554155573729639,1.229579295561042,1.216607991757273,86.21405000535937,71.88747475347725,64.40003939149662,13.272189712765282,3.501457515575989,9.770732197189293,353.8345073905637,238.1511523994754,295.99282989501955,0.39083161248236314,1.087412297850912,0.6524819608070724,85985190.0,1.1921366923769081,-0.003234937980317265,-0.09995821290524776,0.014823128420135223,-0.42887827094323483,0.005161136057840299,0.13986879950126818,0.017417963888751054,-0.18356567099075627,1
2022-03-29,0.007079858095940583,0.007054913567225325,0.03788751212819531,-0.007599276330222468,347.6720031738281,348.5403512358898,324.9146667480469,330.4886957115531,299.91283111572267,313.17079179364003,299.48173095703123,307.7334291949503,1.054221630161035,1.1280603292417204,1.222099583348073,1.223858780220064,86.7304655575929,72.40990687581625,64.83679749313792,16.167387300999735,6.034643472660738,10.132743828338997,365.2329575987997,234.59270463264562,299.91283111572267,0.4355940773862589,1.0098774177113712,-0.2818485924252313,86662560.0,0.8494429428348297,0.0803450783611821,0.6524819608070724,-0.003234937980317265,-0.09995821290524776,0.014823128420135223,-0.42887827094323483,0.07905243778179138,0.29136903890629107,0
2022-03-30,-0.00507475414515135,-0.005087674440050588,0.027376861282446284,0.0025843886547334957,353.99733276367186,353.91467751663487,333.3733337402344,336.70226559638434,303.4811645507813,318.0748430588291,299.9049310302734,309.9659743276238,1.0301301629342325,1.093858725851996,1.2016011953094576,1.2159297575581198,84.07802139314578,71.37871897075487,64.23943653048809,18.103083435542544,8.4483314652371,9.654751970305444,374.5132530215825,232.44907607998005,303.4811645507813,0.4681153018240477,0.9306656811343337,-0.18678148037965137,84246180.0,0.7105960175286286,0.007079858095940583,-0.2818485924252313,0.0803450783611821,0.6524819608070724,-0.003234937980317265,-0.09995821290524776,0.005161136057840299,0.13986879950126818,0
2022-03-31,-0.014981813142339484,-0.01509517416561853,0.02459162775080869,-0.01550375082921233,358.2426696777344,355.67645574676703,340.24000244140626,340.7927649801383,307.45299835205077,321.9915258348484,300.4512646484375,311.89672091113,1.0026723297092388,1.0557253986291344,1.1683086980200053,1.195535031704182,76.10248300910202,68.30193277492351,62.4645204972111,18.97753130695702,10.554171433581084,8.423359873375935,381.5533806578297,233.35261604627186,307.45299835205077,0.48202738436741377,0.8491683325022795,-0.18161363066900527,82487160.0,0.5939433482738404,-0.00507475414515135,-0.18678148037965137,0.007079858095940583,-0.2818485924252313,0.0803450783611821,0.6524819608070724,0.014823128420135223,-0.42887827094323483,1
2022-04-01,0.006486599368272561,0.006465651918934319,0.025917614440918356,0.0031817994365503513,363.17266845703125,357.62763675761033,346.2133361816406,344.56317112543985,311.55799865722656,325.7570946867006,301.0400646972656,313.84312396478356,0.9954768906902786,1.0442405332116391,1.160393892429156,1.2009364904397746,77.17955651897329,68.91729246368332,62.92325764103291,19.632239749790585,12.369785096822985,7.2624546529676,388.051587757594,235.06440955685912,311.55799865722656,0.49103916079859683,0.8266417533141367,0.10757521018437433,77872050.0,0.6968238283183761,-0.014981813142339484,-0.18161363066900527,-0.00507475414515135,-0.18678148037965137,0.007079858095940583,-0.2818485924252313,-0.003234937980317265,-0.09995821290524776,1
2022-04-04,0.05611341298759176,0.05459557817973847,0.06755423806939113,0.051469648334073595,366.7466735839844,365.69065147447463,353.6896697998047,351.3365365404877,317.2391662597656,331.0961028982723,302.3837316894531,316.5087536488393,1.041091053879096,1.0795245479584374,1.203560977069141,1.2626892286001925,84.34621066367902,73.70391932605432,66.6495007265902,21.539769557167915,14.203781988891972,7.335987568275943,396.8213507051729,237.65698181435835,317.2391662597656,0.5017172714433553,0.9057284623340363,0.511817422889588,77877480.0,1.0533969512110561,0.006486599368272561,0.10757521018437433,-0.014981813142339484,-0.18161363066900527,-0.00507475414515135,-0.18678148037965137,0.0803450783611821,0.6524819608070724,0
2022-04-05,-0.047308971544201106,-0.048464637280470575,0.060086569292642146,-0.039637427641271844,366.1926696777344,365.0448764549883,356.9323364257813,353.59413469967456,321.686833190918,334.20631466186694,303.45879821777345,318.3614819926501,0.9933386343755447,1.0191100365367223,1.1307684644964364,1.1986909872192024,63.59838377566868,64.220661266175,60.9249491910071,21.347854152663274,15.632596421646234,5.71525773101704,401.2273496702689,242.14631671156707,321.686833190918,0.49452143061226506,0.7644343731161106,-0.023901730827601053,75298140.0,1.0634406108836154,0.05611341298759176,0.511817422889588,0.006486599368272561,0.10757521018437433,-0.014981813142339484,-0.18161363066900527,0.007079858095940583,-0.2818485924252313,0
2022-04-06,-0.041694894294368345,-0.042589069768463106,0.04905516206276601,-0.02581347538689254,362.9773376464844,359.55880761061724,358.4873352050781,352.68368655825645,324.8,335.57587230567725,304.30786499023435,319.5467834800707,0.9603538121197391,0.9723821058349542,1.0732348211880387,1.145506607044355,51.249334926017816,57.52767495295565,56.63630307880336,19.74433695982742,16.45494452928247,3.2893924305449502,403.42907449555764,246.17092550444238,324.8,0.48416917792831055,0.6512587428662847,0.11580753567588431,72165360.0,1.2381064821127477,-0.047308971544201106,-0.023901730827601053,0.05611341298759176,0.511817422889588,0.006486599368272561,0.10757521018437433,-0.00507475414515135,-0.18678148037965137,1
2022-04-07,0.010996816105212748,0.01093679078037125,0.05206856990055246,0.004627615452237317,361.621337890625,357.1792095496563,359.9320037841797,352.6357459890706,328.4493347167969,337.1800762220637,305.106865234375,320.8359297525281,0.974555360818687,0.9791294181193467,1.0729813586975478,1.1550707426953986,53.88944742584385,58.69926458453836,57.431528541755306,18.568807165795818,16.87771705658514,1.691090109210677,405.06660862778506,251.83206080580877,328.4493347167969,0.46653937647370086,0.6564312947155099,-0.11081563855648224,73218000.0,1.085077439973777,-0.041694894294368345,0.11580753567588431,-0.047308971544201106,-0.023901730827601053,0.05611341298759176,0.511817422889588,-0.014981813142339484,-0.18161363066900527,0
2022-04-08,-0.03004944796541842,-0.030510186068030958,0.025353793851220663,-0.016986064055584053,357.68133544921875,352.0628018905261,360.427001953125,350.6710624587424,332.2850006103516,337.62292482684484,306.4161315917969,321.6592260984002,0.9556830415625542,0.9484028242055017,1.0287252988981794,1.1155743817941235,45.88111700104871,54.247300789367536,54.53075319362931,16.59140923424303,16.82045549211672,-0.2290462578736907,403.31288514909863,261.2571160716045,332.2850006103516,0.42751183115867886,0.567191822084375,-0.3075438781983506,72516210.0,0.7586400337248734,0.010996816105212748,-0.11081563855648224,-0.041694894294368345,0.11580753567588431,-0.047308971544201106,-0.023901730827601053,0.006486599368272561,0.10757521018437433,0
2022-04-11,-0.048328086073804455,-0.049534931817513166,0.03466438919157452,-0.004559333812824144,346.3799987792969,343.14520044654864,356.56333618164064,346.05995974962445,335.7776672363281,336.4502650870114,307.2799981689453,321.8023936066431,0.9391708490820558,0.9123484232626604,0.9688255929469932,1.0586761243721934,36.11387715918312,48.116585591596305,50.36410499625538,13.53525607043457,16.16341560778029,-2.62815953734572,397.6272994550587,273.92803501759755,335.7776672363281,0.3683963423046796,0.4153780766172096,0.07895124305400292,68201310.0,0.8703219923488273,-0.03004944796541842,-0.3075438781983506,0.010996816105212748,-0.11081563855648224,-0.041694894294368345,0.11580753567588431,0.05611341298759176,0.511817422889588,1
2022-04-12,0.011291813566499442,0.01122853693277581,0.045179620349520964,-0.010715260107724323,339.4260009765625,338.4245794318137,352.80933532714846,342.95511932284614,338.8620010375977,335.73912911704303,307.6148651123047,322.08399924569017,0.9692343440273458,0.9324677792249696,0.970847532018918,1.069465018480943,39.45734738416186,49.48368688137782,51.23407141645928,11.279616102616671,15.186655706747567,-3.9070396041308957,392.3281351458149,285.3958669293805,338.8620010375977,0.3155628777762248,0.40761756203226523,0.1115098278049298,67437420.0,0.9783292421329286,-0.048328086073804455,0.07895124305400292,-0.03004944796541842,-0.3075438781983506,0.010996816105212748,-0.11081563855648224,-0.047308971544201106,-0.023901730827601053,1
2022-04-13,0.03588835603591267,0.03525937358618668,0.051977221828552626,0.04208628024796543,337.8666687011719,339.2130558028498,350.4220031738281,342.561462817769,341.8976684570313,336.2201652530315,308.22233215332034,322.8175682378169,1.0086523475517366,0.9725131568746606,0.9967602589479237,1.1056629354663414,49.38952520329686,53.70597732881064,53.95753075388647,10.325676890171735,14.2144599434324,-3.8887830532606653,388.0643942650702,295.73094264899237,341.8976684570313,0.27006165918818487,0.4880036986301016,-0.164528010185522,66963030.0,0.8231571958437365,0.011291813566499442,0.1115098278049298,-0.048328086073804455,0.07895124305400292,-0.03004944796541842,-0.3075438781983506,-0.041694894294368345,0.11580753567588431,0
2022-04-14,-0.03655231880843268,-0.03723709338922126,0.030984790442303792,-0.014300161100703332,333.04933471679686,335.5864850371863,347.33533630371096,339.9745320337854,343.7876693725586,335.46903937234845,308.75126586914064,323.03387315028914,0.985839962073644,0.9452920828612836,0.9550468872402996,1.0634234732012995,41.09179574274182,49.04800593690851,50.813770372939366,8.466923009611037,13.064952556668128,-4.5980295470570915,384.11405265356376,303.4612860915534,343.7876693725586,0.23460052162198963,0.308384429629986,0.05988995139792208,67905990.0,0.8603408918712473,0.03588835603591267,-0.164528010185522,0.011291813566499442,0.1115098278049298,-0.048328086073804455,0.07895124305400292,0.010996816105212748,-0.11081563855648224,1
2022-04-18,0.019583733431163042,0.01939443951963136,0.04133269216306085,0.0154292688638965,331.63600463867186,335.31210208533776,344.65867004394534,339.02704187885,345.43600311279295,335.40182954466195,309.5055993652344,323.4938520926951,1.00943001211939,0.9712894677477778,0.9691037794700645,1.0816067200987878,46.50430594202887,51.39158200625114,52.31946358696945,7.427079094309704,11.937377864196446,-4.510298769886742,381.1989439798483,309.6730622457376,345.43600311279295,0.20705971899158365,0.3507859438793535,-0.11480376500069323,67651200.0,0.7644387682701859,-0.03655231880843268,0.05988995139792208,0.03588835603591267,-0.164528010185522,0.011291813566499442,0.1115098278049298,-0.03004944796541842,-0.3075438781983506,1
2022-04-19,0.023758093445249484,0.023480261839117743,0.03852552149839628,0.02297381064835964,335.1173400878906,337.7802929917877,340.74866943359376,339.6978842290023,347.2191696166992,336.09848147418825,310.2044659423828,324.24768827747914,1.0226766383225763,1.0057755335460739,0.9870327009393459,1.1048089645116312,52.766911676438056,54.197839464839895,54.14264649904896,7.1622018531707,10.982342661991296,-3.8201408088205966,378.4137599276574,316.02457930574104,347.2191696166992,0.17968241986981526,0.4278321214170577,-0.03611124002227584,64432380.0,0.7736436245254327,0.019583733431163042,-0.11480376500069323,-0.03655231880843268,0.05988995139792208,0.03588835603591267,-0.164528010185522,-0.048328086073804455,0.07895124305400292,0
2022-04-20,-0.04955503671370076,-0.05082502163771964,0.060120689962084126,-0.05126215218072829,334.46734008789065,333.7646411286397,336.94667053222656,337.15887571506437,346.9395034790039,335.11132489591733,310.6701995849609,324.30594902747384,0.9738868294786217,0.9667207480870171,0.9388764730910975,1.0484859437355316,40.85244402836917,47.84573664987274,49.867331655722516,5.518260269149266,9.889526183422891,-4.371265914273625,378.792343821316,315.0866631366918,346.9395034790039,0.1836218708039961,0.16712283977245979,0.41854488772801957,63495990.0,1.1136325301802523,0.023758093445249484,-0.03611124002227584,0.019583733431163042,-0.11480376500069323,-0.03655231880843268,0.05988995139792208,0.011291813566499442,0.1115098278049298,1
2022-04-21,0.03231684066245499,0.03180563608534794,0.09496615168141631,-0.06136425861395403,333.56134033203125,334.5964306743015,335.71400451660156,336.99544554243903,347.10066986083984,335.2207234549371,311.24873291015626,324.77473572308764,1.0080904742465282,1.0016263999764015,0.9687679655024547,1.080357843135986,49.15441272450384,51.62986287878647,52.31776338990008,5.007120239204426,8.913044994579199,-3.905924755374773,378.7021281872931,315.4992115343866,347.10066986083984,0.18208814370264959,0.3284784837581335,0.4908020228761498,65102790.0,1.6192301435929244,-0.04955503671370076,0.41854488772801957,0.023758093445249484,-0.03611124002227584,0.019583733431163042,-0.11480376500069323,0.03588835603591267,-0.164528010185522,0
2022-04-22,-0.003697576672395231,-0.003704429607069112,0.04064475060909145,-0.009715192533974938,334.89800415039065,334.73650798208644,333.9736694335937,336.63566682520576,346.95283660888674,335.20128908757704,311.73573303222656,325.1763799142472,1.0003543121959375,1.0031229802212593,0.9655971280480237,1.0746816200343094,48.22172739791784,51.157720513759195,52.00252664449778,4.450408815002788,8.020517758663917,-3.570108943661129,378.7507566787454,315.1549165390281,346.95283660888674,0.18329822797041342,0.3123120319661281,-0.33884480972600084,64127730.0,1.0868402795483327,0.03231684066245499,0.4908020228761498,-0.04955503671370076,0.41854488772801957,0.023758093445249484,-0.03611124002227584,-0.03655231880843268,0.05988995139792208,0
2022-04-25,-0.006994645387893739,-0.007019222592886596,0.03338608059414515,0.019459246235117432,334.4800048828125,334.04878526930764,333.05800476074216,335.91524373766833,346.7425033569336,334.96053201673635,312.35886657714843,325.47037834285516,0.9945985858266909,0.9988450512778743,0.9594247507098923,1.065035686321983,46.290424954099976,50.22549579273797,51.38976259688159,3.77659025652747,7.171732258236628,-3.395142001709158,378.8582187971719,314.62678791669526,346.7425033569336,0.18524245011393192,0.28096138727839004,-0.01944714663269087,65460480.0,1.0440070100310905,-0.003697576672395231,-0.33884480972600084,0.03231684066245499,0.4908020228761498,-0.04955503671370076,0.41854488772801957,0.019583733431163042,-0.11480376500069323,0
2022-04-26,-0.12184121881948873,-0.1299278575282087,0.14262574424068752,-0.11955632199765469,324.3646728515625,320.07919506235095,329.7410064697266,327.95611117599003,343.1521713256836,330.8823875054698,312.46833374023436,324.16330525679956,0.9006529967649349,0.8859681050171683,0.8513424627908568,0.9349427865266613,25.59986841668139,37.49713835676304,42.33052056201516,-0.027795983004068603,5.731826609988489,-5.7596225929925575,382.1001754832644,304.20416716810274,343.1521713256836,0.22700135632022875,-0.1548751056774892,0.9919711681972221,73138140.0,1.86132297047751,-0.006994645387893739,-0.01944714663269087,-0.003697576672395231,-0.33884480972600084,0.03231684066245499,0.4908020228761498,0.023758093445249484,-0.03611124002227584,1
2022-04-27,0.005807678470473254,0.005790878918745771,0.04610269160944037,-0.01899664693134615,317.98533935546874,311.3316866821923,326.22633972167966,321.7525764025146,339.51783752441406,327.35422392607984,312.5066668701172,322.9740254397437,0.924057286783909,0.9007141182179282,0.8654528199884219,0.9402572843157878,27.189165840152356,38.20309963992596,42.77390458886454,-2.8727779895080516,4.0109056900891815,-6.883683679597233,382.4279164598581,296.60775858897,339.51783752441406,0.25277068944784664,-0.03228948461343961,-0.4347005921384639,74236170.0,1.0366415724302587,-0.12184121881948873,0.9919711681972221,-0.006994645387893739,-0.01944714663269087,-0.003697576672395231,-0.33884480972600084,-0.04955503671370076,0.41854488772801957,0
2022-04-28,-0.004537702888526063,-0.004548029513557434,0.08922977534414307,-0.02496728951712186,309.2340026855469,305.0555665934668,321.3976715087891,316.43453095042383,335.9098373413086,324.03509082988325,312.2072003173828,321.7790960662641,0.9458963887404571,0.9100978393616542,0.8707792803305464,0.9368884706011372,26.666891017732112,37.841372591142544,42.504252287817934,-5.175377869834563,2.1736489781044326,-7.349026847938996,381.7881318252961,290.03154285732114,335.9098373413086,0.2731583858758612,0.026938485688010803,0.6236292545249706,81218910.0,1.5384163614114004,0.005807678470473254,-0.4347005921384639,-0.12184121881948873,0.9919711681972221,-0.006994645387893739,-0.01944714663269087,0.03231684066245499,0.4908020228761498,0
2022-04-29,-0.007692220213591394,-0.007721957937068309,0.0739584109844779,-0.03490165780210931,300.2813354492188,300.12148653431643,317.5896697998047,311.67431194416775,332.46250305175784,320.81777993332446,311.85633361816406,320.54279137409753,0.9666046209025901,0.9139255902088352,0.8730407903198302,0.9307276945396302,25.695169217174197,37.2012472269757,42.0347224612483,-7.099917629408594,0.3189356566018273,-7.418853286010421,381.1009487389188,283.82405736459685,332.46250305175784,0.2925950760804381,0.06609245999318494,-0.2946445935725519,84189990.0,1.0468358530509387,-0.004537702888526063,0.6236292545249706,0.005807678470473254,-0.4347005921384639,-0.12184121881948873,0.9919711681972221,-0.003697576672395231,-0.33884480972600084,1
2022-05-02,0.03695628471433299,0.03628977282780161,0.06460006694034269,0.04899103415648575,293.9426696777344,300.4076613516537,314.2113372802734,309.7298935881969,329.43500366210935,318.9284686050391,312.0336004638672,319.77562351575364,1.0239412036241937,0.9578903600090563,0.9136248657262707,0.9645756435809898,38.21701207352859,42.219442511512916,45.072082200977874,-7.671147245922725,-1.2790809239030834,-6.392066322019642,377.9971389982072,280.8728683260115,329.43500366210935,0.29482073730031705,0.20702490243844698,-0.14014711839252225,86596620.0,0.8751092132695248,-0.007692220213591394,-0.2946445935725519,-0.004537702888526063,0.6236292545249706,0.005807678470473254,-0.4347005921384639,-0.006994645387893739,-0.01944714663269087,1
2022-05-03,0.006988279761963367,0.006963974902024329,0.03903222444692031,0.006720739931155522,296.13133544921874,301.2995554030556,310.2480041503906,308.5214299368628,325.4983367919922,317.41940907178383,312.3820672607422,319.12102429967933,1.023476097340711,0.9769066664452797,0.9311363815033654,0.970232850315568,40.51042004887257,43.178264844445984,45.65834575038763,-7.863484126295475,-2.595961564381562,-5.267522561913913,368.93110760610995,282.0655659778744,325.4983367919922,0.2668693870584858,0.24195759485316037,-0.15930009303062098,87982800.0,0.7241131221102306,0.03695628471433299,-0.14014711839252225,-0.007692220213591394,-0.2946445935725519,-0.004537702888526063,0.6236292545249706,-0.12184121881948873,0.9919711681972221,1
2022-05-04,0.04769864576468552,0.04659599279666411,0.07371252949620817,0.05385319293639954,300.87200317382815,306.7130397836777,309.4286712646484,310.1611715019644,323.1876708984375,317.4308947358922,313.2560009765625,319.0590236818457,1.0553989909172898,1.0262139162706612,0.9825251305601618,1.0136757398262257,54.156239418636474,49.39413751758854,49.54481338013063,-6.771324822886811,-3.4310342160826117,-3.3402906068041993,363.00006877367133,283.37527302320365,323.1876708984375,0.24637324663133567,0.42907156244124567,0.2815011889906529,89076060.0,0.9165627666962369,0.006988279761963367,-0.15930009303062098,0.03695628471433299,-0.14014711839252225,-0.007692220213591394,-0.2946445935725519,0.005807678470473254,-0.4347005921384639,0
2022-05-05,-0.08328615317548016,-0.08695990905101429,0.10065506839302342,-0.0700091511789187,300.5900024414062,301.5064674404206,304.91200256347656,306.69428991140836,320.31300354003906,314.9225545471316,313.984267578125,317.9623295278089,0.9684065351130526,0.9546797774656525,0.9087777253398944,0.9270952490684169,36.357131030093356,40.63642089552282,43.5605828195517,-7.948185490748642,-4.334464471015818,-3.6137210197328242,360.6733774379121,279.952629642166,320.31300354003906,0.2520058408607692,0.1380152366765777,0.1332042359615795,87786330.0,1.0539123802077157,0.04769864576468552,0.2815011889906529,0.006988279761963367,-0.15930009303062098,0.03695628471433299,-0.14014711839252225,-0.004537702888526063,0.6236292545249706,0
2022-05-06,-0.008737180698190294,-0.00877557365586079,0.051856934687620766,-0.024069906243597373,300.24933471679685,297.18764089127,300.2653350830078,303.39532588987385,317.11950225830077,312.4108815229256,314.4168005371094,316.8089043617368,0.9610345617089768,0.9609833506528471,0.9099093109635953,0.9177308187731918,35.06414998330031,39.90368830192829,43.03570210235257,-8.982536831504433,-5.264078943113541,-3.7184578883908923,356.9161327251414,277.32287179146016,317.11950225830077,0.2509882248391358,0.1410561129146758,-0.21202216623378312,88106970.0,0.8274373752723536,-0.08328615317548016,0.1332042359615795,0.04769864576468552,0.2815011889906529,0.006988279761963367,-0.15930009303062098,-0.007692220213591394,-0.2946445935725519,0
2022-05-09,-0.09072948807249681,-0.0951126361970946,0.0819199892059637,-0.05898745275011178,292.52733154296874,285.5817589665759,293.23500061035156,295.9361748402945,313.14650268554686,307.6450828176172,314.2650671386719,314.67404517567604,0.8969076281976357,0.8947431056015811,0.8378506317876788,0.834868467902017,24.57045390029434,33.2562542796593,38.07682926466135,-11.77899343066025,-6.567061840622882,-5.211931590037368,357.8456413072997,268.44736406379405,313.14650268554686,0.2854838756838262,-0.0679808284230449,0.24563186700135797,90353880.0,1.0050514709495597,-0.008737180698190294,-0.21202216623378312,-0.08328615317548016,0.1332042359615795,0.04769864576468552,0.2815011889906529,0.03695628471433299,-0.14014711839252225,1
2022-05-10,0.016427173986372612,0.016293707630266798,0.0638842510845596,-0.023519814952425118,285.2466613769531,279.2811702029777,290.6889984130859,290.61686899220115,310.2150024414062,303.74364566125183,313.7958001708984,312.79192546979783,0.9349101279168487,0.9174065552244035,0.8596618170526813,0.849852013731678,28.67049910508827,35.17096316321836,39.28614223373628,-13.491898443208925,-7.952029161140091,-5.5398692820688336,358.85526773461044,261.574737148202,310.2150024414062,0.3135906704086076,0.052479725355162835,-0.07057128982064809,85180680.0,0.9908549685210308,-0.09072948807249681,0.24563186700135797,-0.008737180698190294,-0.21202216623378312,-0.08328615317548016,0.1332042359615795,0.006988279761963367,-0.15930009303062098,0
2022-05-11,-0.08254582843646041,-0.08615264955046516,0.11249323722791049,-0.07672954055498231,270.6719940185547,267.74300405296174,285.7719985961914,282.26228767596996,305.99916915893556,298.1172671937926,312.92666717529295,310.12034689266574,0.9039231141739683,0.856160410938843,0.7995664577306423,0.7818658408421105,21.65619446648337,30.377614054628324,35.56166401502861,-16.436212604228558,-9.648865849757785,-6.787346754470773,361.5297828643405,250.46855545353057,305.99916915893556,0.3629461730764533,-0.05224040680857959,0.15192703464503676,87207510.0,1.11486499270533,0.016427173986372612,-0.07057128982064809,-0.09072948807249681,0.24563186700135797,-0.008737180698190294,-0.21202216623378312,0.04769864576468552,0.2815011889906529,0
2022-05-12,-0.008174386751047313,-0.008207980246495447,0.10942305870007822,0.0385164042971274,260.9866638183594,259.3842266196177,280.7883331298828,275.0630847808717,301.09300231933594,292.83625810418664,311.9140673828125,307.47510473032315,0.9298048727954162,0.8642334567393889,0.805952545836851,0.7779920725893539,21.108795413823188,29.97786757326692,35.24292754331509,-18.715248341731296,-11.462142348152486,-7.25310599357881,360.65379236418846,241.5322122744834,301.09300231933594,0.3956305167244173,0.00952354290122717,0.44318413241093313,88743960.0,1.5810991531141951,-0.08254582843646041,0.15192703464503676,0.016427173986372612,-0.07057128982064809,-0.09072948807249681,0.24563186700135797,-0.08328615317548016,0.1332042359615795,1
2022-05-13,0.05712909369145702,0.05555683158900242,0.04649234621801754,-0.005029198206916666,254.582666015625,258.4328173395108,277.41600036621094,271.69343278058534,297.5028350830078,289.37851912086376,311.44940063476565,305.477257438126,1.0076491176486948,0.9247123397376399,0.862277492944634,0.8236650905619423,34.498152151235175,36.24104002265584,39.2086151045309,-19.18163203890532,-13.006040286303053,-6.1755917526022674,358.69675248447874,236.30891768153688,297.5028350830078,0.4113837596498661,0.16522133209005782,-0.34324902182976635,89145720.0,1.0337086289728772,-0.008174386751047313,0.44318413241093313,-0.08254582843646041,0.15192703464503676,0.016427173986372612,-0.07057128982064809,-0.008737180698190294,-0.21202216623378312,0
2022-05-16,-0.05875856161837267,-0.06055559591829793,0.06995043763615305,-0.05577716296556103,250.4,252.77409990602803,271.4636657714844,266.195838645763,292.8375015258789,284.81453301783506,310.68993408203124,302.9666459714961,0.9642838060665435,0.8894621840195678,0.8245414736190279,0.7771628191060443,28.386812848158357,32.805233492791245,36.646520400609035,-20.53086945569669,-14.51100612018178,-6.019863335514909,356.1478468498121,229.5271562019457,292.8375015258789,0.4323923335914562,0.09421452983772535,-0.06567720049874826,90177420.0,0.9547678343425661,0.05712909369145702,-0.34324902182976635,-0.008174386751047313,0.44318413241093313,-0.08254582843646041,0.15192703464503676,-0.09072948807249681,0.24563186700135797,1
2022-05-17,0.05141017778952928,0.050132289582274676,0.046782461245668254,0.01906711662291729,247.83800048828124,253.13939830974786,266.5423309326172,263.954776186022,288.3951675415039,281.86743417015435,310.4034674072266,301.04128711446447,1.0243384574481003,0.9524565731413474,0.8802851909113638,0.8178710026590286,38.802747902217064,38.01677155064326,40.034814837828485,-20.36375711839571,-15.681556319824566,-4.682200798571145,349.5128362295971,227.2774988534107,288.3951675415039,0.4238466906994727,0.21755162487862936,-0.0680882942211537,91830090.0,0.8737462851228829,-0.05875856161837267,-0.06567720049874826,0.05712909369145702,-0.34324902182976635,-0.008174386751047313,0.44318413241093313,0.016427173986372612,-0.07057128982064809,0
2022-05-18,-0.06801379812405906,-0.07043726926027942,0.08409293000480587,-0.04662066977662963,246.22533264160157,247.62737637967567,258.44866333007815,258.9817864284782,283.9386672973633,277.5565673462855,309.6395343017578,298.5143085028984,0.9609219733045267,0.915475164277994,0.8332902833263682,0.7641250754787356,31.392978783932662,34.059682351251055,37.13417474998662,-21.378160626951285,-16.82087718124991,-4.557283445701376,346.4972710017354,221.38006359299115,283.9386672973633,0.44064870980644383,0.12167206447317311,0.09441623606302385,92446890.0,0.949862131652022,0.05141017778952928,-0.0680882942211537,-0.05875856161837267,-0.06567720049874826,0.05712909369145702,-0.34324902182976635,-0.08254582843646041,0.15192703464503676,0
2022-05-19,-0.0005494634476534976,-0.0005496144580126333,0.05622907567896687,0.0034228678912848207,244.98666381835938,243.90936013202338,252.98666381835938,254.889339375431,278.94933319091797,273.6438778501363,308.6425341796875,296.08132886108746,0.9652497974830472,0.9347264558044176,0.8477285997843634,0.7661721942026538,31.34040794712108,34.03096061034397,37.112916785904005,-21.93966620832947,-17.84463498666582,-4.09503122166365,339.917293599821,217.98137278201494,278.94933319091797,0.4371256938418666,0.1516530545771994,0.02829801917282193,92224650.0,0.9790950684009102,-0.06801379812405906,0.09441623606302385,0.05141017778952928,-0.0680882942211537,-0.05875856161837267,-0.06567720049874826,-0.008174386751047313,0.44318413241093313,0
2022-05-20,-0.06416505716141863,-0.06631616117599509,0.13342373229147914,-0.0701550583913293,237.94066467285157,236.37290777193488,246.26166534423828,248.78218731658131,273.26350021362305,268.6587469169574,307.47986785888673,293.14872784895687,0.9300638180364282,0.8986376452153539,0.8098410613885758,0.7197219271387229,25.52100958000294,30.769607039171433,34.67994707978869,-23.339975206690127,-18.943703030670683,-4.396272176019444,333.46115280553744,213.06584762170866,273.26350021362305,0.4405831920095807,0.06839266213476196,0.6055204675253913,99431670.0,1.4580183557210695,-0.0005494634476534976,0.02829801917282193,-0.06801379812405906,0.09441623606302385,0.05141017778952928,-0.0680882942211537,0.05712909369145702,-0.34324902182976635,1
2022-05-23,0.01656871415985961,0.016432950581559483,0.062083309735227556,0.030350202982291727,234.64266357421874,232.57082502992273,242.52133178710938,244.4520913582753,267.87816619873047,264.49759573876133,306.67686767578124,290.47492124883695,0.9587628103051271,0.9276159663488043,0.8398096147149323,0.733562531960295,29.225970507331198,32.454204559289764,35.74868788412181,-23.878603958503447,-19.930683216237238,-3.9479207422662093,325.0477493919829,210.70858300547806,267.87816619873047,0.42683272029598773,0.1246998468768198,-0.3867590699522394,99240990.0,0.8958344732353033,-0.06416505716141863,0.6055204675253913,-0.0005494634476534976,0.02829801917282193,-0.06801379812405906,0.09441623606302385,-0.05875856161837267,-0.06567720049874826,0
2022-05-24,-0.06925464690507588,-0.07176955888757142,0.053091504270583095,-0.03881993875144196,225.74599914550782,224.84277434449277,236.79199981689453,238.07656074288576,263.74049911499026,259.2489364277967,305.75546783447265,287.29498994392696,0.9275321545728464,0.8842641353404946,0.7939117188154736,0.6848174276542744,23.44454106285893,29.20256838265037,33.316634309592246,-25.271333630691743,-20.99881329912814,-4.272520331563602,325.111531245856,202.36946698412453,263.74049911499026,0.4653895199015916,0.057170343612154076,0.002125900555096205,99710070.0,0.8935155696912057,0.01656871415985961,-0.3867590699522394,-0.06416505716141863,0.6055204675253913,-0.0005494634476534976,0.02829801917282193,0.05141017778952928,-0.0680882942211537,1
2022-05-25,0.04877737911795821,0.04762508488803113,0.0702945154660608,0.056023127320233006,222.3453338623047,223.09518493083374,234.28533325195312,234.71718717209117,260.02866592407224,255.47284782548422,304.8015347290039,284.6402846952834,0.9876528654273932,0.9373186236432277,0.844522296505718,0.7204688332647664,33.50469203469176,33.8794113776069,36.299578021782644,-25.259772370555822,-21.851005113413677,-3.408767257142145,322.6370797952982,197.42025205284628,260.02866592407224,0.48155009101579177,0.17713077747256975,0.034198164828689315,99201540.0,0.9288091696963575,-0.06925464690507588,0.002125900555096205,0.01656871415985961,-0.3867590699522394,-0.06416505716141863,0.6055204675253913,-0.06801379812405906,0.09441623606302385,1
2022-05-26,0.07427138936829314,0.07164265445291097,0.09185705494703374,0.07001607038301771,222.2326690673828,227.3667911745923,233.6096664428711,234.934062897549,257.19899978637693,253.6097198099247,303.9182015991211,282.7292932822177,1.0615451123911017,1.0098469265174899,0.9172275314369431,0.7762286115830701,46.58274492233286,40.62486247678834,40.744193150064554,-23.661771323090818,-22.213158355349105,-1.4486129677417132,318.78801426717024,195.60998530558362,257.19899978637693,0.478921104140744,0.32716888471314487,0.1504667389485268,95770560.0,1.1068453604113833,0.04877737911795821,0.034198164828689315,-0.06925464690507588,0.002125900555096205,0.01656871415985961,-0.3867590699522394,-0.0005494634476534976,0.02829801917282193,1
2022-05-27,0.07333306253742577,0.0707688185938516,0.051696204694953486,0.050300775897572834,228.6146697998047,235.9811963543506,233.2776672363281,238.2569617732432,255.34683380126953,253.57165189601446,303.1717352294922,281.5716742011059,1.1075842461710805,1.085444696501299,0.9916316679725687,0.8352032108870392,57.038794235998395,46.82189929386981,45.01689597276291,-20.760069161283212,-21.92254051653593,1.1624713552527162,315.0473307902272,195.64633681231183,255.34683380126953,0.46760318974952464,0.4821037747156648,-0.15761976996920846,95484990.0,0.93517316177129,0.07427138936829314,0.1504667389485268,0.04877737911795821,0.034198164828689315,-0.06925464690507588,0.002125900555096205,-0.06416505716141863,0.6055204675253913,0
2022-05-31,-0.001803563389055185,-0.0018051917677216725,0.05877934191806763,-0.020133344438665674,234.17200317382813,241.5719063749056,234.40733337402344,240.89266443556545,252.9354995727539,253.49371613601457,302.19086853027346,280.44154291541605,1.0793490382724975,1.0782654398133487,0.9992797643784839,0.8364029252283472,56.697004469875594,46.68338564433116,44.927104396558384,-18.286504139054216,-21.195333241039588,2.908829101985372,308.84398813927646,197.02701100623136,252.9354995727539,0.4420770406760648,0.4983707916149305,0.14132370233495717,97066590.0,1.0499441671949123,0.07333306253742577,-0.15761976996920846,0.07427138936829314,0.1504667389485268,0.04877737911795821,0.034198164828689315,0.01656871415985961,-0.3867590699522394,0
2022-06-01,-0.02359349020027357,-0.023876273341224673,0.05545873470944585,-0.019585284882657292,241.6526672363281,243.31126867864802,233.69933319091797,241.96490604475952,250.12083206176757,252.85526634078775,300.9856015014648,279.121874302503,1.0212591324091638,1.056014965539164,0.986683081340413,0.8199395321737067,51.954222565230914,44.81887043135685,43.73114350742952,-16.61584012186765,-20.2794346172052,3.663594495337552,301.0979041656,199.14375995793512,250.12083206176757,0.4076195627819087,0.46733003055912714,-0.242032291773987,96767760.0,0.7982813697454607,-0.001803563389055185,0.14132370233495717,0.07333306253742577,-0.15761976996920846,0.07427138936829314,0.1504667389485268,-0.06925464690507588,0.002125900555096205,1
2022-06-02,0.04677398003874078,0.04571303469577831,0.08571609651760582,0.058063873429314114,249.3993347167969,248.31862695438517,235.8723342895508,244.9409855831413,247.16049880981444,253.3769879755565,299.525735168457,278.3066378006738,1.035822103532102,1.0952252805907114,1.0452048152914688,0.8624746162815341,59.588495024336005,49.06007636360801,46.619326446609975,-14.196723964129461,-19.06289248659005,4.86616852246059,288.00199224160974,206.31900537801914,247.16049880981444,0.33048560452390163,0.6367830086172463,0.21004066129953047,97333890.0,0.9603345761686911,-0.02359349020027357,-0.242032291773987,-0.001803563389055185,0.14132370233495717,0.07333306253742577,-0.15761976996920846,0.04877737911795821,0.034198164828689315,0
2022-06-03,-0.09219359988526965,-0.09672413884722543,0.06131756040164265,-0.03581024539176441,249.12066650390625,243.71797216880887,235.67666778564453,243.04565413123493,244.33166580200196,251.58076651099458,297.55533477783206,276.5893838711437,0.9413777904852345,0.9950779803580585,0.9598291806666621,0.7881447085220527,43.10261307429722,41.90381227982968,41.95412944645072,-14.039525178360691,-18.05821902494418,4.0186938465834885,280.136317956247,208.52701364775695,244.33166580200196,0.29308237257515285,0.36293676081444554,0.20241866376529716,99543600.0,1.1290911721095078,0.04677398003874078,0.21004066129953047,-0.02359349020027357,-0.242032291773987,-0.001803563389055185,0.14132370233495717,0.07427138936829314,0.1504667389485268,1
2022-06-06,0.0160472016783606,0.01591980642197778,0.044135733807003856,-0.024854720324916917,246.1346649169922,241.9053143723049,237.37466735839843,242.17917133997344,241.81816635131835,250.31402672702336,295.5614682006836,275.08705504401246,0.9680879321068234,1.003813934447906,0.9853684790294822,0.8061943941133318,45.863680805083256,43.310941065784455,42.90212224119503,-13.456159993500876,-17.137807218655517,3.6816472251546415,271.3643155546157,212.272017148021,241.81816635131835,0.24436666317593445,0.44012472576922784,-0.2508074288795289,93466740.0,0.9009044286769817,-0.09219359988526965,0.20241866376529716,0.04677398003874078,0.21004066129953047,-0.02359349020027357,-0.242032291773987,0.07333306253742577,-0.15761976996920846,1
2022-06-07,0.0025460558898939833,0.002542820180630796,0.04145620786632223,0.020883217836037662,243.36133422851563,240.89910057274756,238.76666870117188,241.58053527336602,240.6440002441406,249.22570732193853,293.6016015625,273.6674322177231,0.9816130969651854,1.0005026006063313,0.9926973983613764,0.8136422679655587,46.35329844861027,43.54831352170308,43.059530153578166,-12.797365283381652,-16.269718831600745,3.4723535482190933,268.65655932243425,212.63144116584698,240.6440002441406,0.23281327645712377,0.46863322509028604,-0.1353382119266643,91857240.0,0.7926266889795514,0.0160472016783606,-0.2508074288795289,-0.09219359988526965,0.20241866376529716,0.04677398003874078,0.21004066129953047,-0.001803563389055185,0.14132370233495717,1
2022-06-08,0.012474516432601446,0.012397350726358317,0.044597574887196206,0.007413984207770021,242.37666931152344,241.22162328222234,242.0146682739258,241.6325595329671,239.40333404541016,248.52484650091313,291.1600018310547,272.4203434523682,0.9978958345627893,0.9993884685841173,1.0102894751469689,0.8307001895181838,48.99676006851012,44.77162801102282,43.85779223134367,-11.897656204215224,-15.395306306123642,3.497650101908418,264.76611896543176,214.04054912538857,239.40333404541016,0.21188330581236406,0.5485619907973343,0.04672531366530008,90569040.0,0.8414630430001245,0.0025460558898939833,-0.1353382119266643,0.0160472016783606,-0.2508074288795289,-0.09219359988526965,0.20241866376529716,-0.02359349020027357,-0.242032291773987,0
2022-06-09,-0.008930555308462429,-0.008970671737446728,0.06766604181848644,-0.03863532301401662,238.65133361816407,240.71663720116908,244.02533416748048,241.2823968977117,239.15533370971679,247.6850196950226,288.6236682128906,271.1374541028268,1.0044220637902948,0.9823023738778943,1.0023053273401583,0.8305163139367121,47.0367732892653,44.02689132168645,43.39478250643974,-11.229478087267722,-14.562140662352459,3.3326625750847363,264.404149511788,213.90651790764556,239.15533370971679,0.21114992846212535,0.5109179641070632,0.2661168736591415,91004250.0,1.0602955356480603,0.012474516432601446,0.04672531366530008,0.0025460558898939833,-0.1353382119266643,0.0160472016783606,-0.2508074288795289,0.04677398003874078,0.21004066129953047,0
2022-06-10,-0.031190911234383223,-0.0316877053198606,0.049893080717569815,-0.012445602157440156,238.19400024414062,237.8877567099591,243.65733337402344,239.6365057758621,238.63349990844728,246.21311265050036,285.9750015258789,269.61167142144296,0.9749615669979569,0.9531007850728508,0.9731659461753486,0.8120639723347418,40.49510157043226,41.45632378218604,41.79127160429884,-11.17443491408548,-13.884599512699063,2.7101645986135825,264.0015826031459,213.26541721374866,238.63349990844728,0.21261124447683316,0.3737881719723657,0.010832053426522936,90157590.0,1.0818456881999619,-0.008930555308462429,0.2661168736591415,0.012474516432601446,0.04672531366530008,0.0025460558898939833,-0.1353382119266643,-0.09219359988526965,0.20241866376529716,0
2022-06-13,-0.07102153990705962,-0.07366972655880115,0.05539159054718465,-0.033293537409547234,233.68533325195312,230.50405907942587,239.90999908447264,235.29107996540705,236.59383316040038,243.310593714106,283.1057345581055,267.49892602524363,0.9231929998180844,0.8992399843342844,0.9118439856887531,0.762035654823802,29.82119706513842,36.406514162194014,38.49636122005074,-12.319673321993065,-13.571614274557865,1.2519409525647998,262.4336230986549,210.75404322214587,236.59383316040038,0.21843164374226315,0.09641372101165939,0.05362909923044268,91504830.0,1.1230816996217576,-0.031190911234383223,0.010832053426522936,-0.008930555308462429,0.2661168736591415,0.012474516432601446,0.04672531366530008,0.0160472016783606,-0.2508074288795289,1
2022-06-14,0.023887157055640484,0.023606322357198544,0.06606608743274414,0.011926209497166676,230.08599853515625,227.29937251616673,236.72366638183593,232.67270167890547,235.56549987792968,241.17529901653862,280.2929345703125,265.6711249807105,0.9600323391946742,0.9331132909767976,0.9377009770281043,0.7880683818458412,35.97310821043146,38.9104093243524,40.047096145969306,-12.665452447037296,-13.390381909053753,0.7249294620164566,262.17485009430334,208.956149661556,235.56549987792968,0.22591890773617246,0.22424166000019652,-0.046500154718325026,91112250.0,1.0754722883037133,-0.07102153990705962,0.05362909923044268,-0.031190911234383223,0.010832053426522936,-0.008930555308462429,0.2661168736591415,0.0025460558898939833,-0.1353382119266643,1
2022-06-15,0.05482367080362738,0.0533736162801124,0.0751645329684147,0.05469631672065089,228.3126647949219,229.19958167744448,235.34466705322265,232.73221046455902,234.52200012207032,240.3966991102016,277.31660095214846,264.38990439323163,1.020530333738991,0.9900373053590698,0.9935102032164227,0.8401949223378972,48.379116398244115,44.445945523248376,43.55849667794937,-11.82598644278994,-13.077502815800992,1.251516373011052,259.7808085006863,209.26319174345437,234.52200012207032,0.21540672828535135,0.46987189381113365,0.2157707980614092,95300640.0,1.2500629586537928,0.023887157055640484,-0.046500154718325026,-0.07102153990705962,0.05362909923044268,-0.031190911234383223,0.010832053426522936,0.012474516432601446,0.04672531366530008,0
2022-06-16,-0.08540769912654234,-0.08927688581957327,0.07730334314258869,-0.04326480225412012,222.9913330078125,223.83305648613486,230.8213333129883,229.16271876255112,233.34683380126953,237.7970140619458,274.30353454589846,262.3785358328506,0.9556425500001369,0.923224916193327,0.9132329015657561,0.7768766321451034,35.27534117511182,38.303706139348776,39.56060394318199,-12.620979981714072,-12.986198248983609,0.36521826726953677,260.24288023597654,206.4507873665625,233.34683380126953,0.2305242029348734,0.12360959357158299,-0.0985555493999083,96692400.0,1.1106426151383149,0.05482367080362738,0.2157707980614092,0.023887157055640484,-0.046500154718325026,-0.07102153990705962,0.05362909923044268,-0.008930555308462429,0.2661168736591415,1
2022-06-17,0.017174980283869212,0.017029157609637507,0.03586146376393,0.015586413276876529,219.89733276367187,221.47536915970193,229.04566650390626,226.9076779887847,232.36116714477538,235.79348839003055,271.66700103759763,260.5895734279089,0.9857327134558395,0.9463614737419151,0.9328580897159164,0.7978885682800954,38.83040702206799,39.94746233407786,40.613205967486564,-12.80804444890586,-12.95056748896806,0.1425230400621995,260.15650512801045,204.5658291615403,232.36116714477538,0.23924254060849037,0.21935630631026354,-0.13733870810042215,94717200.0,0.9780884570067527,-0.08540769912654234,-0.0985555493999083,0.05482367080362738,0.2157707980614092,0.023887157055640484,-0.046500154718325026,-0.031190911234383223,0.010832053426522936,1
2022-06-21,0.0935443480214786,0.08942411634475682,0.08118293327050517,0.05535685606759529,224.15733337402344,226.66246839650702,228.92133331298828,228.74931233084516,233.14800033569335,235.911886340515,269.3593341064453,259.66593003348567,1.0574566680564654,1.035450315790505,1.0166789615558565,0.8800016812353907,54.85675088746011,48.18398656704488,46.07620138824716,-11.191131983123086,-12.598680387799066,1.40754840467598,260.534248290438,205.76175238094876,233.14800033569335,0.23492586610490399,0.5709967013526239,0.32545999753890786,98576040.0,1.2456678113667379,0.017174980283869212,-0.13733870810042215,-0.08540769912654234,-0.0985555493999083,0.05482367080362738,0.2157707980614092,-0.07102153990705962,0.05362909923044268,0
2022-06-22,-0.004007805884153504,-0.004015858661335937,0.055092767817532584,0.0067519021160939875,227.19666748046876,229.80386890496302,228.6413330078125,230.08337734739604,233.7040008544922,235.9285323958826,267.2444677734375,258.74125316636366,1.0391291058094876,1.0325633900752673,1.0101952429512162,0.8834108780205798,54.08224294294839,47.85283221040043,45.868628068170736,-9.872569186906617,-12.053458147620576,2.1808889607139594,260.85377652750157,206.55422518148282,233.7040008544922,0.23234326818318574,0.543880087557252,-0.176602086438152,101405940.0,0.9970569771356589,0.0935443480214786,0.32545999753890786,0.017174980283869212,-0.13733870810042215,-0.08540769912654234,-0.0985555493999083,0.023887157055640484,-0.046500154718325026,0
2022-06-23,-0.004306310889948484,-0.0043156097521520964,0.04543324262142444,-0.011923393146667363,227.6106689453125,231.55924837804827,227.9616668701172,230.990037343182,234.9881675720215,235.8467681033432,265.43966796875,257.81296901569135,1.0327723582267512,1.0311821744054521,1.0003482718004182,0.8855873318523492,53.145408241602084,47.47677985047408,45.637601667074804,-8.808100545958524,-11.404386627288167,2.5962860813296427,259.7393431025517,210.2369920414913,234.9881675720215,0.210658909223114,0.5016532498041619,0.03061197240560798,104205150.0,0.9999755290405513,-0.004007805884153504,-0.176602086438152,0.0935443480214786,0.32545999753890786,0.017174980283869212,-0.13733870810042215,0.05482367080362738,0.2157707980614092,1
2022-06-24,0.04524889345059324,0.04425503260828766,0.04061752140892247,0.034685070855346785,234.1320007324219,236.2750539317197,228.5616668701172,233.66578783334208,236.29350051879882,236.78580590674505,263.77413452148437,257.33821199700003,1.0494364899733153,1.075012570584236,1.0398367475177963,0.9315040137836172,61.32316718550105,51.74905771875137,48.48779076731564,-7.02522962157056,-10.528555226144647,3.503325604574087,260.40622016319764,212.18078087439997,236.29350051879882,0.20409126439328787,0.6951908507021165,-0.08091736674516758,104133090.0,0.9196961311721376,-0.004306310889948484,0.03061197240560798,-0.004007805884153504,-0.176602086438152,0.0935443480214786,0.32545999753890786,-0.08540769912654234,-0.0985555493999083,0
2022-06-27,-0.0032016505127857586,-0.003206786761701394,0.03880181996510265,-0.017831856019038465,239.76400146484374,239.15670201079493,229.8306671142578,235.71200789436085,236.74400024414064,237.56049088409745,261.85673431396486,256.85122321942924,1.0215044655269385,1.0656541237257342,1.034535185332567,0.9353206012081687,60.413363630946264,51.41595634399884,48.29117523798085,-5.611087882739497,-9.545061757463618,3.9339738747241206,261.1461584891202,212.34184199916106,236.74400024414064,0.20614806051950632,0.6675261229503501,-0.06883622147878055,103297260.0,0.8633171876969438,0.04524889345059324,-0.08091736674516758,-0.004306310889948484,0.03061197240560798,-0.004007805884153504,-0.176602086438152,0.017174980283869212,-0.13733870810042215,0
2022-06-28,-0.0500435578248114,-0.05133914578061633,0.07576038390789401,-0.048346883062900456,238.88933410644532,236.99224469990497,231.52333374023436,235.15770283686342,235.7166664123535,237.09409461686198,259.94333404541015,255.9026783903585,0.973937706128202,1.0049238939310094,0.9870465827440172,0.895054035267088,47.58150464472163,46.404121174087315,45.28697032782899,-5.416937959188147,-8.719436997808524,3.302499038620377,258.962056660612,212.47127616409497,235.7166664123535,0.19723162220183396,0.43432383148617526,0.013600842357389675,102059640.0,0.8856703786139163,-0.0032016505127857586,-0.06883622147878055,0.04524889345059324,-0.08091736674516758,-0.004306310889948484,0.03061197240560798,0.0935443480214786,0.32545999753890786,0
2022-06-29,-0.01793718238090891,-0.018100003611393488,0.038951415560011034,-0.008720149704277386,237.37000122070313,234.15816496432467,232.28333435058593,233.94539422891808,234.50350036621094,236.27465755746218,257.81786743164065,254.82767161007638,0.9625900674816841,0.9836693886454351,0.9743564814015315,0.8862458128653448,43.87920284084452,44.80272882453006,44.301642735600325,-5.536009490713894,-8.082751496389598,2.5467420056757035,256.56832416255907,212.43867656986282,234.50350036621094,0.1881833214590889,0.3637311829781719,-0.08290630061333404,100550490.0,0.8244335756096266,-0.0500435578248114,0.013600842357389675,-0.0032016505127857586,-0.06883622147878055,0.04524889345059324,-0.08091736674516758,-0.004007805884153504,-0.176602086438152,0
2022-06-30,-0.017579227799377373,-0.0177355774717728,0.04719196763474398,-0.00016331954485024523,235.25066528320312,230.9298858551227,231.4306671142578,232.22320030306363,233.38766708374024,235.15072137453424,255.45300048828125,253.63730517974864,0.9541878547569239,0.9699376942377986,0.9618045822283189,0.8787265258487983,40.35349419017258,43.255508572327365,43.3485050548275,-5.886629471304161,-7.643527091372511,1.75689762006835,255.10874912053674,211.66658504694374,233.38766708374024,0.18613735942613377,0.2947998301392124,0.14117847164922348,98097360.0,0.9643531691372734,-0.01793718238090891,-0.08290630061333404,-0.0500435578248114,0.013600842357389675,-0.0032016505127857586,-0.06883622147878055,-0.004306310889948484,0.03061197240560798,1
2022-07-01,0.012429131666979787,0.012352524133575146,0.035685477238042614,0.0011600712847604625,231.56199951171874,229.70770263062872,232.8470001220703,231.32140682644126,231.83416671752929,234.39954183235392,253.4836004638672,252.6030318857052,0.9814362315961062,0.9760200305887452,0.9802840513087191,0.8965603130370395,43.99987489959209,44.6844618578502,44.22371694347026,-5.871682854550045,-7.289158244008019,1.417475389457974,250.4136199566922,213.25471347836637,231.83416671752929,0.16028226988475291,0.37699232918614684,-0.21289739483406533,94804320.0,0.7854104116774425,-0.017579227799377373,0.14117847164922348,-0.01793718238090891,-0.08290630061333404,-0.0500435578248114,0.013600842357389675,0.04524889345059324,-0.08091736674516758,1
2022-07-05,0.025535704813974602,0.025215114905161356,0.0728546730620023,0.04514199842786575,229.1913330078125,230.82735697022386,234.47766723632813,231.6387266124363,231.76166687011718,234.2726012435025,251.41973358154297,251.8368998764389,1.0169087224666977,0.9939823625697711,1.0056307792264378,0.9270022775432762,51.23438594120079,47.6381567159601,46.04425807415263,-5.330115116307184,-6.897349618467852,1.5672345021606686,250.3099743845181,213.21335935571625,231.76166687011718,0.1600636357590204,0.5351783788974729,0.13592209539848743,93998250.0,0.8998156880580224,0.012429131666979787,-0.21289739483406533,-0.017579227799377373,0.14117847164922348,-0.01793718238090891,-0.08290630061333404,-0.0032016505127857586,-0.06883622147878055,0
2022-07-06,-0.005720802000385383,-0.00573722846648063,0.03183261653021991,0.004130941277794991,229.00533447265624,231.12935044759718,233.94733428955078,231.65592857423763,231.43433380126953,234.03076659196358,249.35406707763673,251.04852487745478,1.0119123990538013,0.9905363448832171,1.001291958700177,0.9293345006086997,49.519622734443146,47.01697635371693,45.68453418618243,-4.95143022296233,-6.508165739366748,1.5567355164044185,249.74044082141555,213.12822678112352,231.43433380126953,0.1581969858963562,0.5081667719069151,-0.1504768795865743,88904310.0,0.8082127851844303,0.025535704813974602,0.13592209539848743,0.012429131666979787,-0.21289739483406533,-0.017579227799377373,0.14117847164922348,-0.0500435578248114,0.013600842357389675,1
2022-07-07,0.055279044880592876,0.05380522947187794,0.05378727788512848,0.045414401826044976,232.21600036621095,235.60067861871062,234.79300079345703,233.9990933718194,231.71716690063477,235.0319635794849,247.59146697998048,250.79341939053256,1.0530856382647449,1.0415273629730457,1.0553526880716735,0.9876888648214623,63.29092057719064,53.31541523797833,49.65254280462053,-3.5764330770867616,-5.921819206910752,2.34538612982399,250.6395157621662,212.79481803910332,231.71716690063477,0.16332280525115994,0.8389158543202303,0.14024349510671708,86986620.0,0.941875888498714,-0.005720802000385383,-0.1504768795865743,0.025535704813974602,0.13592209539848743,0.012429131666979787,-0.21289739483406533,-0.01793718238090891,-0.08290630061333404,1
2022-07-08,0.02543516968760029,0.02511707828484195,0.05511169326372004,0.03478682852065449,237.4740020751953,240.65489780635397,236.36233367919922,237.04713751905962,232.1620002746582,236.53018954159498,246.76393341064454,250.7922396568505,1.0559612167661085,1.0609276540736268,1.0801222245026154,1.0162074040388251,68.20458006637828,56.047569298835775,51.46044772390765,-1.9622166052810712,-5.129898686584816,3.167682081303745,252.39100457569205,211.93299597362434,232.1620002746582,0.17426628196778132,0.9597689443872371,0.24317654209782424,86751780.0,1.174087724770604,0.055279044880592876,0.14024349510671708,-0.005720802000385383,-0.1504768795865743,0.025535704813974602,0.13592209539848743,-0.017579227799377373,0.14117847164922348,0
2022-07-11,-0.06548005948146851,-0.06772231414560198,0.08294102230607325,-0.07044728179251662,238.89000244140624,238.5510445418011,235.2260009765625,236.55553760881153,231.89383392333986,236.32191796741407,245.57406677246092,250.14718469041304,0.9809675399462306,0.9962475960982089,1.010563041060269,0.954267448076382,48.29496565495089,48.05261431495841,46.80206668199079,-1.9850130513288775,-4.500921559533628,2.5159085082047508,251.8561037298362,211.9315641168435,231.89383392333986,0.1721673187144384,0.5613533459145591,-0.02565431764227688,87098820.0,1.139409236543044,0.02543516968760029,0.24317654209782424,0.055279044880592876,0.14024349510671708,-0.005720802000385383,-0.1504768795865743,0.012429131666979787,-0.21289739483406533,0
2022-07-12,-0.005433611636988744,-0.005448427397798375,0.04892665385051507,-0.015945578602940103,238.8906707763672,236.72403213594035,234.04100189208984,235.92180482979467,231.93583450317382,236.01221219187167,244.385400390625,249.47749146036622,0.9756346138037456,0.9958511775286333,1.0048900284144295,0.9536985718119014,47.05232574936164,47.48691457664069,46.45961879396268,-2.0818285206597977,-4.017102951758862,1.9352744310990646,251.90429051395736,211.96737849239028,231.93583450317382,0.17218948554075453,0.5283991115896102,-0.11396778757209702,86974080.0,1.0110012086359523,-0.06548005948146851,-0.02565431764227688,0.02543516968760029,0.24317654209782424,0.055279044880592876,0.14024349510671708,0.025535704813974602,0.13592209539848743,1
2022-07-13,0.017033448479672808,0.016890005886123306,0.07183031381518468,0.05117513652387057,239.952001953125,236.82935251933785,234.47866821289062,236.12511182185614,233.0010009765625,236.1100961056108,243.32113372802735,248.9897464339257,0.9878642034936593,1.010923488660029,1.0173346564720407,0.9741857998700791,51.58369670045418,49.48370681888926,47.71209016273674,-1.8172625179526278,-3.577134864997616,1.759872347044988,251.6270251951566,214.3749767579684,233.0010009765625,0.15987934936354786,0.6084233613724782,0.11399405669679252,87730410.0,1.11653986342934,-0.005433611636988744,-0.11396778757209702,-0.06548005948146851,-0.02565431764227688,0.02543516968760029,0.24317654209782424,-0.005720802000385383,-0.1504768795865743,1
2022-07-14,0.005371861218914864,0.005357484236889209,0.03910820667529213,0.014545424545939026,238.70600280761718,237.32401475735804,235.46100158691405,236.52297135122745,233.87216796875,236.3199287844477,242.06780029296874,248.5710637986109,0.9983550326778535,1.012113843172588,1.0189897382968711,0.984490043471183,53.086106590049425,50.13860218372681,48.12081051927819,-1.487694462853682,-3.159246784568829,1.6715523217151471,251.76635602358806,215.97797991391195,233.87216796875,0.15302537459035379,0.6240953557389175,-0.1980215304044225,87296430.0,0.8998924698295222,0.017033448479672808,0.11399405669679252,-0.005433611636988744,-0.11396778757209702,-0.06548005948146851,-0.02565431764227688,0.055279044880592876,0.14024349510671708,1
2022-07-15,0.0073572315408600986,0.007330299130864308,0.028047781578209228,0.0002777735392252604,236.56666870117186,238.23823172137674,237.02033538818358,237.1672794054432,234.2255012512207,236.67676086682548,240.80746673583985,248.2375579888385,1.0147949707685293,1.0128526113856067,1.0249382085511192,0.9969236789188168,55.313692350971984,51.079053548634704,48.700563837969455,-1.0726655948991208,-2.7419305466348876,1.6692649517357667,252.31485760842452,216.13614489401687,234.2255012512207,0.15446103230067953,0.6614530744723598,-0.11296580589479799,84804690.0,0.8216892249709302,0.005371861218914864,-0.1980215304044225,0.017033448479672808,0.11399405669679252,-0.005433611636988744,-0.11396778757209702,0.02543516968760029,0.24317654209782424,1
2022-07-18,0.001999426810217919,0.001997430616818738,0.04536886945615538,-0.01792299844338793,237.80733337402344,239.00770827323555,238.34866790771486,237.78171249117224,235.59783401489258,237.04532282017098,239.26759979248047,247.9359542001371,1.0115191065139326,1.009221756884705,1.0210054026292437,1.0053457366796925,55.981254952643916,51.34958497372305,48.86482455190646,-0.6969861606022789,-2.332941669428366,1.635955508826087,251.03887441315624,220.15679361662893,235.59783401489258,0.13107964649019307,0.6602491553165367,0.18446940506378162,85612410.0,0.9640833612790483,0.0073572315408600986,-0.11296580589479799,0.005371861218914864,-0.1980215304044225,0.017033448479672808,0.11399405669679252,-0.06548005948146851,-0.02565431764227688,1
2022-07-19,0.020716718219316865,0.020505045463666282,0.04139343513482709,0.0021632603236607143,240.29933166503906,241.18180510858934,239.59500122070312,239.1904918162858,237.0363342285156,237.8533871972306,238.35633331298828,247.84160300716297,1.021767297803179,1.0247709573586918,1.0358327535667715,1.0300963912584138,62.72583825869996,54.1824282144062,50.5895199615032,0.0028236295392503052,-1.8657886096348428,1.8686122391740931,250.4118841999236,223.66078425710762,237.0363342285156,0.11285653750039225,0.8175071144340829,-0.01995820081781008,85243320.0,0.9489330073019211,0.001999426810217919,0.18446940506378162,0.0073572315408600986,-0.11296580589479799,0.005371861218914864,-0.1980215304044225,-0.005433611636988744,-0.11396778757209702,1
2022-07-20,0.008023464466653252,0.007991447618970264,0.02901007141729798,0.0029040029386899666,242.3913330078125,243.2878700723929,241.17166748046876,240.701311486052,237.55950088500975,238.77211222606576,237.5353335571289,247.82820681080366,1.0210761124533394,1.0262399500971389,1.0418442498740639,1.0419502492267094,65.18600382705128,55.29074600096137,51.271716129204115,0.7082265695690069,-1.350985573794073,2.05921214336308,251.69131548502133,223.42768628499817,237.55950088500975,0.11897494772774472,0.8517063942723286,0.09857807249827544,86944380.0,1.0220810131718692,0.020716718219316865,-0.01995820081781008,0.001999426810217919,0.18446940506378162,0.0073572315408600986,-0.11296580589479799,0.017033448479672808,0.11399405669679252,1
2022-07-21,0.09780470722853529,0.09331246499887616,0.06772006823549602,0.06507078224100468,249.06999816894532,252.76080172794946,243.88800048828125,246.33864849569025,239.34050064086915,241.90873630349404,237.72206695556642,248.76461693740205,1.0908847594512874,1.1140632769758507,1.135230620440453,1.1429593748646325,82.1115845457354,66.13191328454614,58.639454917564436,3.1838377471292745,-0.44402090960940366,3.6278586567386784,259.82933323599735,218.85166804574095,239.34050064086915,0.17121074402590752,1.2898489152058696,0.5983073048539231,92954550.0,1.5279757688031408,0.008023464466653252,0.09857807249827544,0.020716718219316865,-0.01995820081781008,0.001999426810217919,0.18446940506378162,0.005371861218914864,-0.1980215304044225,1
2022-07-22,0.0019752262198982073,0.0019732780255828208,0.03700132386191033,-0.014396691170662114,255.50533447265624,259.2549835412892,246.03600158691407,251.0485937088318,241.19916763305665,244.79774686201546,237.83333404541017,249.68535145624782,1.065509445154476,1.1065183363898747,1.128707656164637,1.1446812040064518,82.33374318335036,66.32686587894204,58.78452733923003,5.129948352399765,0.6707729427924303,4.459175409607335,266.0757777004164,216.3225575656969,241.19916763305665,0.2062744271589299,1.1239632218950273,-0.2714847256574737,93116400.0,1.111218861553926,0.09780470722853529,0.5983073048539231,0.008023464466653252,0.09857807249827544,0.020716718219316865,-0.01995820081781008,0.0073572315408600986,-0.11296580589479799,0
2022-07-25,-0.013994935471540293,-0.014093787954092982,0.025133517727272882,-0.013898324618082788,261.082666015625,262.3144287247918,249.44499969482422,254.2094528693709,242.33550033569335,247.04875374104225,238.3086669921875,250.42056587332817,1.0281545044270841,1.076122269118256,1.1076929245609979,1.126410224520273,74.65471270995215,63.530978794282746,57.28673024722318,6.29228407008344,1.7950751682506323,4.497208901832808,269.86651947704786,214.80448119433885,242.33550033569335,0.22721408215649277,0.9739711708837875,-0.38077000020295204,89599620.0,0.7151079435381534,0.0019752262198982073,-0.2714847256574737,0.09780470722853529,0.5983073048539231,0.008023464466653252,0.09857807249827544,0.001999426810217919,0.18446940506378162,0
2022-07-26,-0.0356637312112531,-0.0363152186530825,0.04267427181512991,-0.028716577338036203,263.7486633300781,261.16294760038204,252.02399749755858,255.05500422976937,243.03249969482422,248.17363294204418,238.63253326416014,250.7515234999256,0.9814646341073681,1.0271243529262333,1.0651249757814814,1.0847640169205726,58.62594312594748,57.026310793311104,53.67834115726384,6.367554273377181,2.7095709892759423,3.6579832841012383,271.48051505148896,214.58448433815948,243.03249969482422,0.23410873354293682,0.7781825982990804,0.04287894820627591,87488610.0,0.763765706187354,-0.013994935471540293,-0.38077000020295204,0.0019752262198982073,-0.2714847256574737,0.09780470722853529,0.5983073048539231,0.020716718219316865,-0.01995820081781008,1
2022-07-27,0.061655036992220635,0.05982904612856656,0.051439696303355514,0.041734619110405824,269.21266479492186,265.71530084166096,255.8019989013672,258.64864115603285,245.1403335571289,250.71138288320367,238.99833343505858,251.6953856106822,1.0208286728767697,1.0743465981678453,1.1210721766443754,1.1498825258498873,70.81400274404008,63.69915898222234,58.27855721397307,7.627126079777895,3.693082007376333,3.934044072401562,276.3188985644943,213.96176854976352,245.1403335571289,0.2543731955892061,0.9759627930290976,0.3186013935780476,86504160.0,1.0185637315014677,-0.0356637312112531,0.04287894820627591,-0.013994935471540293,-0.38077000020295204,0.0019752262198982073,-0.2714847256574737,0.008023464466653252,0.09857807249827544,1
2022-07-28,0.02212352234272652,0.021882347827174065,0.03737985129280351,0.0029754092331832336,271.05133056640625,270.7768651932688,260.06066436767577,262.69434165429675,247.7608329772949,253.58648869399232,239.78720001220702,252.84066436698816,1.0363350488245076,1.080132570527259,1.1337546395891653,1.1714553315697602,74.19280785859698,65.8731541538736,59.87257743179963,9.012064445773689,4.756878495055805,4.255185950717884,281.5977776334519,213.9238883211379,247.7608329772949,0.27314199948026385,0.9896890256484699,-0.03844058563159691,87120720.0,0.9724781888854913,0.061655036992220635,0.3186013935780476,-0.0356637312112531,0.04287894820627591,-0.013994935471540293,-0.38077000020295204,0.09780470722853529,0.5983073048539231,1
2022-07-29,0.05784976985791013,0.056238328890716484,0.06468114290925624,0.05860342349155434,276.03265991210935,279.5679080943407,265.7689971923828,268.9590056983308,251.3946662902832,257.73539395137254,240.65279998779297,254.57828513285077,1.0765030268197209,1.1180762129353474,1.1820059601159871,1.2347664099962985,81.03782211297329,70.89087472045972,63.75839149632367,11.290724824308626,6.0636477609063695,5.227077063402256,289.7550118015054,213.03432077906098,251.3946662902832,0.30518026557435285,1.096388366637829,0.1249955738111257,89683710.0,1.062768255238326,0.02212352234272652,-0.03844058563159691,0.061655036992220635,0.3186013935780476,-0.0356637312112531,0.04287894820627591,0.0019752262198982073,-0.2714847256574737,1
2022-08-01,0.00042631152414229767,0.0004262206792024022,0.05677094786022448,-0.01327683278171891,281.80133056640625,285.4708295173209,271.44199829101564,274.1076723646854,254.89533309936525,261.5012299906019,241.86626678466797,256.25273169090684,1.054915786826735,1.0951756700691837,1.1662695771969847,1.2290952199131797,81.08345433925011,70.92676177747819,63.787095524104124,12.957436225648166,7.442405453854729,5.5150307717934375,296.4533036104668,213.33736258826372,254.89533309936525,0.32607870850974807,1.009906267590648,0.22798464008057673,93134250.0,1.2567116823295403,0.05784976985791013,0.1249955738111257,0.02212352234272652,-0.03844058563159691,0.061655036992220635,0.3186013935780476,-0.013994935471540293,-0.38077000020295204,1
2022-08-02,0.011134400598203698,0.011072869479979633,0.05045695145317222,0.022392071498347346,290.14666748046875,290.50944298550564,276.9476654052734,278.9220355569017,258.2713333129883,265.22365284119934,243.1485336303711,257.99131750388597,1.0359818106203444,1.0853554930026554,1.1638406247649888,1.2362265378857684,82.37631529525562,71.90152904073035,64.55724847056237,14.379646545039634,8.82985367209171,5.549792872947924,303.03422989966543,213.50843672631117,258.2713333129883,0.34663464978849073,0.9726608400659341,-0.18339685704985098,94602990.0,1.0103021056734043,0.00042631152414229767,0.22798464008057673,0.05784976985791013,0.1249955738111257,0.02212352234272652,-0.03844058563159691,-0.0356637312112531,0.04287894820627591,1
2022-08-03,0.02265568716125621,0.022402858626649376,0.027326236049771392,0.007857926165471311,296.66199951171876,296.13851781716005,282.9373321533203,284.09924136118656,262.0544998168945,269.24013042589166,244.8704669189453,259.92878220885,1.036184843311305,1.0864478898595615,1.1730257167698177,1.2553439838958622,84.86002688276436,73.8445341982231,66.11407954348567,15.873290941886069,10.238541126050583,5.634749815835486,309.8904085222498,214.2185911115392,262.0544998168945,0.36508366571670936,0.973934423853624,-0.16203168943350743,93725670.0,0.854525766526929,0.011134400598203698,-0.18339685704985098,0.00042631152414229767,0.22798464008057673,0.05784976985791013,0.1249955738111257,0.061655036992220635,0.3186013935780476,1
2022-08-04,0.004023022853486102,0.004014952135593356,0.02788635595295975,-0.0076098672063404345,302.2086669921875,300.3034556443828,286.6299987792969,288.55998498621227,265.2589996337891,272.9918638423618,246.5438003540039,261.83876452610406,1.0212590339336851,1.076765630301222,1.1635169088510502,1.251839757705008,85.29896554181987,74.19352131630404,66.39553202526741,16.96128419624307,11.583089740089083,5.378194456153988,316.4428663779415,214.07513288963665,265.2589996337891,0.3859161560197075,0.9237109701173015,-0.09782372551222984,86748060.0,0.8329431228779064,0.02265568716125621,-0.16203168943350743,0.011134400598203698,-0.18339685704985098,0.00042631152414229767,0.22798464008057673,0.02212352234272652,-0.03844058563159691,0
2022-08-05,-0.0663030068235908,-0.0686033118290163,0.06615304537711716,-0.04790695925171995,300.4126708984375,296.2589749055,288.22266540527346,288.489081066489,267.12933349609375,274.4374018981116,248.11946716308594,262.87136252224644,0.959247200079513,0.9998173218700026,1.0787658908749096,1.161416380272668,54.689584943909125,59.94131015770482,58.022278015769274,15.988008150011126,12.464073422073492,3.5239347279376343,318.78931490033835,215.46935209184915,267.12933349609375,0.3867787990793608,0.7036458333869225,0.5662725136389679,87718080.0,1.2901889781445284,0.004023022853486102,-0.09782372551222984,0.02265568716125621,-0.16203168943350743,0.011134400598203698,-0.18339685704985098,0.05784976985791013,0.1249955738111257,1
2022-08-08,0.007819434052879659,0.007789020718917544,0.055482256673397366,-0.015514102224576271,299.04200439453126,294.31376321825,290.4216674804687,288.84076448053645,269.9333335876465,275.9598721786486,249.53593383789064,263.95183222112894,0.9711790837938254,1.0000057583970776,1.0759076546189152,1.1638537800027695,56.68636511619148,60.83351304531104,58.62556621581532,15.223022948685184,13.01586332739583,2.207159621289353,320.240806780112,219.62586039518098,269.9333335876465,0.37273998378663253,0.7036477381572434,-0.12528529356409535,91210140.0,1.0853398536610075,-0.0663030068235908,0.5662725136389679,0.004023022853486102,-0.09782372551222984,0.02265568716125621,-0.16203168943350743,0.00042631152414229767,0.22798464008057673,0
2022-08-09,-0.024412625864385085,-0.0247155543645267,0.04603529820932552,-0.023975719098113902,295.5913391113281,290.65362331411984,292.86900329589844,287.8394152124133,272.44650039672854,276.6621075431448,250.48440063476562,264.7118914871968,0.9585305995692518,0.9674405291009757,1.039959563045507,1.1311416710495725,48.79305887365777,56.56459194561414,55.968158547201945,13.884610072274029,13.189612676371471,0.6949973959025577,320.08796256877366,224.80503822468341,272.44650039672854,0.3497307699138806,0.6142580707306563,-0.12878962361355228,93152520.0,0.9258429079535369,0.007819434052879659,-0.12528529356409535,-0.0663030068235908,0.5662725136389679,0.004023022853486102,-0.09782372551222984,0.011134400598203698,-0.18339685704985098,1
2022-08-10,0.03890581776676605,0.03816806100817755,0.048037012988157456,-0.00912260494637457,292.98333740234375,291.8879685212622,294.8226684570312,289.0243686166194,275.31233367919924,278.3473029138498,251.30733367919922,265.87443138713206,1.0046873707746635,0.9984193565443145,1.0691735273964826,1.171301508102033,59.1187195027363,61.13151553688079,59.00197688904323,13.557119618510796,13.263114064799337,0.2940055537114592,320.9428473357804,229.68182002261807,275.31233367919924,0.33148179775883907,0.7086797159426773,0.10057673176059723,93833400.0,1.0115673097212718,-0.024412625864385085,-0.12878962361355228,0.007819434052879659,-0.12528529356409535,-0.0663030068235908,0.5662725136389679,0.02265568716125621,-0.16203168943350743,0
2022-08-11,-0.026249292544206493,-0.026599955270312267,0.04327293061161216,-0.03333182724966445,288.5826721191406,290.13531397511235,295.3956695556641,288.58902975592724,277.7281669616699,279.13613167279857,251.98486724853515,266.6883754457862,0.99323359499727,0.970325683223329,1.0320523410301814,1.1374889611926835,50.75013116174656,56.636414022465516,56.15440257054326,12.529670425532117,13.116425336945893,-0.5867549114137756,320.2796838918947,235.1766500314451,277.7281669616699,0.3064256491931369,0.6046007118352522,-0.2608945751526568,92376600.0,0.7594455738790993,0.03890581776676605,0.10057673176059723,-0.024412625864385085,-0.12878962361355228,0.007819434052879659,-0.12528529356409535,0.004023022853486102,-0.09782372551222984,1
2022-08-12,0.046750143628413676,0.045690263130780645,0.05041722003913386,0.03667149781122263,290.9546691894531,293.43354224317386,295.6836700439453,290.66920594199445,280.72633361816406,281.1260237781794,253.04966735839844,267.9958900863161,1.0311915585170912,1.0146992518548812,1.0687632859815321,1.1856565626476774,61.715241779164586,61.87253941279832,59.696448987687496,12.650845979179678,13.02330946539265,-0.3724634862129719,320.60705808661487,240.84560914971325,280.72633361816406,0.28412528282932964,0.7420174836142173,0.1354457985888391,90811020.0,0.8771754793636279,-0.026249292544206493,-0.2608945751526568,0.03890581776676605,0.10057673176059723,-0.024412625864385085,-0.12878962361355228,-0.0663030068235908,0.5662725136389679,1
2022-08-15,0.03096359891583922,0.030493897831355556,0.03848221916024767,0.024962417632779066,294.7340026855469,298.7290306035222,296.88800354003905,294.0602607387625,284.16500091552734,283.81116506827834,254.06940063476563,269.61644370348876,1.0494887067856697,1.0418743891162416,1.0885225355960326,1.2174626560751327,67.55749779433222,65.02559335301399,61.93494112825716,13.34269820879274,13.087187214072669,0.2555109947200709,321.3646363427746,246.9653654882801,284.16500091552734,0.2618171506511841,0.8381082384246482,0.12179689971528007,88042650.0,1.0149535480815264,0.046750143628413676,0.1354457985888391,-0.026249292544206493,-0.2608945751526568,0.03890581776676605,0.10057673176059723,0.007819434052879659,-0.12528529356409535,0
2022-08-16,-0.008912075793144236,-0.008952025876518947,0.03843683922310431,-0.01637432947411618,299.3799987792969,301.3404617272179,297.4856689453125,296.3335449634619,287.21666717529297,285.9780373450718,255.5103338623047,271.0653409690229,1.0239940050257266,1.0305145960861921,1.0673591020659983,1.1998079269068518,64.16758942309383,63.35140159214001,60.88138696342721,13.51278777152595,13.172307325563327,0.3404804459626227,321.1042239658708,253.3291103847151,287.21666717529297,0.23597207727430194,0.7854536979292588,-0.013684097440442633,87298530.0,1.009597756113419,0.03096359891583922,0.12179689971528007,0.046750143628413676,0.1354457985888391,-0.026249292544206493,-0.2608945751526568,-0.024412625864385085,-0.12878962361355228,0
2022-08-17,-0.008372333511224461,-0.008407578354357605,0.031656109711090744,0.0019776291826087726,301.30800170898436,302.22586567947343,297.1456695556641,297.72684107628413,290.0415008544922,287.694097939254,256.8246673583984,272.3567657774528,1.008923333797145,1.023056045334818,1.0481143997958182,1.183673969914103,60.85087663068865,61.75709353134353,59.885495704906894,13.287309901805259,13.195307840811715,0.09200206099354347,319.3208238775171,260.7621778314673,290.0415008544922,0.20189747285657403,0.738311055185907,-0.21977752665187145,86166030.0,0.7980639237992049,-0.008912075793144236,-0.013684097440442633,0.03096359891583922,0.12179689971528007,0.046750143628413676,0.1354457985888391,0.03890581776676605,0.10057673176059723,0
2022-08-18,-0.0037062197211366055,-0.0037131047703819653,0.01534211891366408,-0.010228774126838236,304.5559997558594,302.4405754920448,296.5693359375,298.661959992812,291.59966735839845,289.1394214800096,258.10433380126955,273.55336300646195,0.9944640570534699,1.0212451471416293,1.0386500021103828,1.1734401769107285,59.28162598630185,61.03101339372363,59.437360078552295,12.869353631575223,13.130116998964418,-0.26076336738919537,320.11717141125877,263.08216330553813,291.59966735839845,0.19559352938362656,0.6976036847035818,-0.3092443940319344,83690460.0,0.5675736517638929,-0.008372333511224461,-0.21977752665187145,-0.008912075793144236,-0.013684097440442633,0.03096359891583922,0.12179689971528007,-0.026249292544206493,-0.2608945751526568,0
2022-08-19,-0.020481852686155544,-0.02069451464936621,0.026494333554191455,-0.007803824434312291,303.8833312988281,300.51593582607677,297.41900024414065,298.2991775385081,292.82083282470705,289.85630100516494,259.2003335571289,274.45976667264546,0.9762518241002469,0.9974704247227566,1.0131337092116524,1.1445458129734776,50.857035455753895,57.053683841887555,56.97263261571361,11.900382491162588,12.884170097404052,-0.9837876062414637,319.9774987934512,265.6641668559629,292.82083282470705,0.18548315505270835,0.5708080968749976,0.2925190261155146,78512700.0,0.7819792211960612,-0.0037062197211366055,-0.3092443940319344,-0.008372333511224461,-0.21977752665187145,-0.008912075793144236,-0.013684097440442633,0.046750143628413676,0.1354457985888391,0
2022-08-22,-0.022764022407583906,-0.023027123255798403,0.021052265923359032,-0.006851348650178936,300.0019958496094,296.9817339100929,297.3679992675781,296.77447800025664,293.89483337402345,289.86173234544685,260.2044668579102,275.065788766978,0.9663713378208929,0.9749311653983815,0.9864526257566719,1.1141750700092246,43.08107158376308,53.00395271845234,54.39426942690788,10.466873279690788,12.4007107338614,-1.9338374541706127,318.70634576339467,269.08332098465223,293.89483337402345,0.16884619647460763,0.41976500195925076,-0.0904320037527303,74197620.0,0.7526279144802758,-0.020481852686155544,0.2925190261155146,-0.0037062197211366055,-0.3092443940319344,-0.008372333511224461,-0.21977752665187145,0.03096359891583922,0.12179689971528007,1
2022-08-23,0.0225584954757323,0.02230781558771273,0.03677921241549598,0.01715540478493809,297.97999877929686,296.80560214774425,298.67999877929685,296.71608902258214,295.77450103759764,290.48950437188495,261.48893371582034,275.90451621231404,0.9948766354704877,0.9925449974375575,1.0022951186903124,1.1337127518567383,51.46529679430985,56.2431250493852,56.40062517028597,9.746183003292856,11.869805187747692,-2.1236221844548364,314.67687177717545,276.87213029801984,295.77450103759764,0.1278160941748999,0.5179564139017726,0.14579572803850782,71971650.0,0.8890292219227988,-0.022764022407583906,-0.0904320037527303,-0.020481852686155544,0.2925190261155146,-0.0037062197211366055,-0.3092443940319344,-0.008912075793144236,-0.013684097440442633,1
2022-08-24,0.002170125887066332,0.0021677745650455194,0.024055023058439914,-0.001568218424489683,296.6,296.9026279943295,298.95400085449216,296.78528732529446,296.8883346557617,291.11875916384827,263.11613403320314,276.7355814466351,1.0016745775033715,0.9937872677345564,1.0007017622702485,1.1291465678422015,52.27213777713485,56.560306017253176,56.59784567492884,9.121792666489682,11.320202683496092,-2.1984100170064096,313.1631184693883,280.6135508421351,296.8883346557617,0.10963572437089515,0.5064008540489447,-0.10510448558956875,68205750.0,0.8395157299787774,0.0225584954757323,0.14579572803850782,-0.022764022407583906,-0.0904320037527303,-0.020481852686155544,0.2925190261155146,-0.008372333511224461,-0.21977752665187145,0
2022-08-25,-0.003455684406709514,-0.0034616690754643124,0.03836925413090718,-0.020802944609321285,295.24000244140626,296.6250877709593,299.8980010986328,296.65523641600794,297.64683532714844,291.5903066076931,264.6197341918945,277.49379422614817,1.0028112887005454,0.9872356809302139,0.9947023525340137,1.1188508227792164,50.7028404003159,55.864367315887215,56.17207848127198,8.446746115325254,10.745511369861925,-2.2987652545366704,312.1924813761785,283.1011892781184,297.64683532714844,0.09773761601088542,0.4457972510256828,-0.07037747250252357,66513250.0,0.8002916712083683,0.002170125887066332,-0.10510448558956875,0.0225584954757323,0.14579572803850782,-0.022764022407583906,-0.0904320037527303,-0.0037062197211366055,-0.3092443940319344,0
2022-08-26,-0.026953121859416895,-0.02732301898385137,0.05043562415910877,-0.031402335231443354,293.52467041015626,293.78005729326975,298.70400085449216,295.0979200381684,297.19383544921874,291.25694372485475,265.72153411865236,277.90933156386353,0.9814847792362001,0.964466480240511,0.9693673353030108,1.0841800883523807,39.85317547800656,50.647894648703726,52.92287690169198,7.185022201796187,10.033413536248776,-2.8483913344525895,312.325664401395,282.0620064970425,297.19383544921874,0.10183137836155967,0.19918246035887138,0.0739038136389254,64263920.0,0.8895177885195923,-0.003455684406709514,-0.07037747250252357,0.002170125887066332,-0.10510448558956875,0.0225584954757323,0.14579572803850782,-0.020481852686155544,0.2925190261155146,0
2022-08-29,-0.01135058160727187,-0.011415491099770154,0.02471728757218218,0.0070361024164057534,292.506005859375,290.7933739702528,296.2540008544922,293.22920863563206,296.5710021972656,290.64390216288945,267.1559341430664,278.18033845642645,0.9737236214600962,0.9614047624764759,0.960377127952548,1.0661189624621736,36.15457909829048,48.643450706763694,51.637722395007295,5.853757650769126,9.197482359152847,-3.3437247083837214,312.634672839479,280.50733155505225,296.5710021972656,0.10832934119114275,0.13423693330194775,-0.267637442511795,59514470.0,0.7034373321311607,-0.026953121859416895,0.0739038136389254,-0.003455684406709514,-0.07037747250252357,0.002170125887066332,-0.10510448558956875,-0.022764022407583906,-0.0904320037527303,0
2022-08-30,-0.0249982267189629,-0.02531598923616216,0.05700402014401835,-0.035328388101080854,288.7553405761719,286.42892004917894,293.3676696777344,290.40571837588647,295.4266693115234,289.411150738522,268.37473449707034,278.16150213292076,0.9617138566265779,0.9465937828530522,0.9399964223074266,1.0347472265876156,29.257163184591874,44.51265164590204,48.92168344675062,4.176057806276958,8.19319744857767,-4.017139642300712,313.33759499043106,277.5157436326158,295.4266693115234,0.12125462958810128,0.005144027107221335,0.20726530943730648,55755010.0,0.9064979093358606,-0.01135058160727187,-0.267637442511795,-0.026953121859416895,0.0739038136389254,-0.003455684406709514,-0.07037747250252357,0.0225584954757323,0.14579572803850782,0
2022-08-31,-0.007526203685978228,-0.007554668468041173,0.03425130780136567,-0.017853359891667055,284.4580017089844,282.8226084833068,290.5290008544922,287.71558509873665,293.83733520507815,288.09675403500205,269.14620086669925,278.0614426512989,0.9688951750196365,0.9486487907952373,0.9379678901566603,1.0240158860279236,27.462891024411462,43.34894091399912,48.141229002367346,2.64730441478531,7.0840188418192,-4.436714427033889,312.8263148635167,274.8483555466396,293.83733520507815,0.12924824304702842,0.020054521586272862,0.030974361815368612,54089140.0,0.9633597428245301,-0.0249982267189629,0.20726530943730648,-0.01135058160727187,-0.267637442511795,-0.026953121859416895,0.0739038136389254,0.002170125887066332,-0.10510448558956875,1
2022-09-01,0.005623955563764049,0.005608200169827373,0.04123969016004111,0.01680247015724872,280.6760009765625,280.9350735429077,287.9580017089844,285.7963884738953,292.2636688232422,287.0551587613932,269.9676675415039,278.0260921027032,0.9874731102687091,0.962501482914902,0.9483217834705711,1.026641472240374,31.117946253121815,44.507623664266866,48.77755653951224,1.5430426266825634,5.975823598791872,-4.432780972109309,311.30357487187797,273.2237627746064,292.2636688232422,0.13029266432805162,0.1033681804271556,0.04183099105115784,54767790.0,0.9912212999648151,-0.007526203685978228,0.030974361815368612,-0.0249982267189629,0.20726530943730648,-0.01135058160727187,-0.267637442511795,-0.003455684406709514,-0.07037747250252357,0
2022-09-02,-0.02507581222110289,-0.025395567131662106,0.04911002535395185,-0.03863811714571674,277.1,277.36004618029784,285.3123352050781,282.96249810683764,291.36566772460935,285.4508571131728,270.67046722412107,277.7195783518159,0.9751352993687409,0.9470673297768754,0.9273913208967126,0.998298758731363,24.626612885423768,40.50706446425162,46.11360911490185,0.10587879753200014,4.801834638539899,-4.6959558410078985,312.65448480402154,270.07685064519717,291.36566772460935,0.14613126691051176,0.003127012867467231,-0.06257299169230202,53717270.0,0.9473694400329726,0.005623955563764049,0.04183099105115784,-0.007526203685978228,0.030974361815368612,-0.0249982267189629,0.20726530943730648,-0.026953121859416895,0.0739038136389254,1
2022-09-06,0.015580556255471167,0.015460425583855752,0.03735150316468893,0.006381182333468903,275.02000122070314,276.3800352627767,283.76300354003905,281.4093190742734,290.5655014038086,284.4003005717025,271.2447341918945,277.5901836489108,0.9978183848799882,0.9670746714837815,0.9444342569986095,1.0117063258215861,34.310787801464045,43.80231327322476,47.92262663952752,-0.6854686468331579,3.7043739814652876,-4.389842628298446,313.102273835098,268.02872897251916,290.5655014038086,0.1551235251425758,0.14179680064439337,0.09765946618301014,53718950.0,1.0398565124597559,-0.02507581222110289,-0.06257299169230202,0.005623955563764049,0.04183099105115784,-0.007526203685978228,0.030974361815368612,-0.01135058160727187,-0.267637442511795,1
2022-09-07,0.03381677109982606,0.03325755641840769,0.04078254080502291,0.03881364286567539,276.2200012207031,278.8200275775282,282.4876708984375,281.82580873477485,290.5838348388672,284.33360644173376,272.02033447265626,277.82978476883704,1.0270799035307783,1.0042916609590002,0.9763103730954164,1.042936781755737,50.62488539670894,50.33273593353887,51.67726441004891,-0.5573737943909123,2.8520244262940477,-3.40939822068496,313.0976291430355,268.0700405346989,290.5838348388672,0.15495558668397721,0.34711989150221945,-0.10438775510204079,52323350.0,0.9561486410942724,0.015580556255471167,0.09765946618301014,-0.02507581222110289,-0.06257299169230202,0.005623955563764049,0.04183099105115784,-0.0249982267189629,0.20726530943730648,1
2022-09-08,0.01959815762903916,0.019408586563541073,0.03367209398308082,0.028297270949455815,278.95000610351565,282.30002164022716,281.70400390625,283.1774816494749,290.3290023803711,284.8027877106758,273.15226806640624,278.27802888635813,1.0369600409984698,1.026822500761791,0.9963179957703793,1.0589698259261857,57.9283942790666,53.796951049047586,53.77389655922871,-0.007130172625068099,2.280193506510225,-2.287323679135293,312.7815041980929,267.8765005626493,290.3290023803711,0.15466936912011225,0.47619435412087713,0.07364143525042532,51968680.0,1.033566755976869,0.03381677109982606,-0.10438775510204079,0.015580556255471167,0.09765946618301014,-0.02507581222110289,-0.06257299169230202,-0.007526203685978228,0.030974361815368612,1
2022-09-09,0.03602289482946186,0.035389242849343666,0.028697298163711006,0.02746247087217784,283.45400390625,288.0933453187452,282.06500244140625,286.1779381997124,290.9815017700195,286.21966437401915,274.5760678100586,279.1173215839826,1.0572438157370245,1.0624501093078154,1.0298936215974193,1.0914279422308888,68.20986087921595,59.49838439643774,57.410183934372704,1.2552773435016888,2.075210273908518,-0.819932930406829,313.722730924672,268.240272615367,290.9815017700195,0.15630704368710205,0.6912493569852216,0.011635895154068487,52079490.0,1.043368512249256,0.01959815762903916,0.07364143525042532,0.03381677109982606,-0.10438775510204079,0.015580556255471167,0.09765946618301014,0.005623955563764049,0.04183099105115784,1
2022-09-12,0.01581694096302666,0.015693156705112052,0.016720307842371634,0.01230384474598267,290.29600830078124,293.5355680217416,283.6980041503906,289.49467915026185,291.2010025024414,287.95303095056346,276.1750015258789,280.1095840092278,1.0486538041278162,1.0730424922776647,1.0453947988217593,1.1022721526054153,71.85955872067294,61.80721797437464,58.952454738151545,2.608159219899221,2.1818000631066585,0.42635915679256264,314.3681007382544,268.0339042666284,291.2010025024414,0.15911413790973314,0.7852970793048717,-0.10422705247331066,51230560.0,0.9501086851285638,0.03602289482946186,0.011635895154068487,0.01959815762903916,0.07364143525042532,0.03381677109982606,-0.10438775510204079,-0.02507581222110289,-0.06257299169230202,0
2022-09-13,-0.04037188096320543,-0.041209445573060305,0.023961934354562585,-0.0026288461239913907,293.8380065917969,293.06704697543194,284.42900390625,289.97382928345286,290.3415023803711,288.35083799173003,277.47233489990236,280.58097306309384,0.9941872675737378,1.0270753012906546,1.006159996031495,1.0528256987789355,53.33665753854516,53.31997147275618,53.66211126858776,2.6579872537223537,2.2770375012297976,0.380949752492556,311.9811054443527,268.7018993163895,290.3415023803711,0.14906310593951508,0.5413247529807587,0.4017495778085489,53867050.0,1.2666296000987616,0.01581694096302666,-0.10422705247331066,0.03602289482946186,0.011635895154068487,0.01959815762903916,0.07364143525042532,0.015580556255471167,0.09765946618301014,1
2022-09-14,0.03587437200418364,0.035245873940170286,0.04745377233629463,0.03548451773787296,297.6200012207031,296.24802643414216,286.9200012207031,292.2713122049273,290.1438354492187,289.7088520259998,278.86320129394534,281.4448558979357,1.0167662929587822,1.0546841769974427,1.042965413630253,1.0851556747087117,62.86055919727943,58.54723180446419,57.10840110312708,3.5027456964900807,2.5221791402818545,0.9805665562082262,311.25283276362995,269.0348381348075,290.1438354492187,0.14550712257407752,0.7952804843514065,0.06447494928887165,56075740.0,1.2951893278626372,-0.04037188096320543,0.4017495778085489,0.01581694096302666,-0.10422705247331066,0.03602289482946186,0.011635895154068487,0.03381677109982606,-0.10438775510204079,1
2022-09-15,0.003767273730617582,0.0037601953268899466,0.02765430089377572,0.006361241470865838,300.51799926757815,298.7486842894281,289.7340026855469,294.358346349486,290.13150177001955,291.04610421399985,280.30353454589846,282.31956743135004,1.0107547659051999,1.048375396689856,1.0469390540044683,1.0836466992543838,63.79826202861287,59.08398054641313,57.46968896677038,4.21561748888729,2.8608668100029417,1.354750678884348,311.2083724348083,269.0546311052308,290.13150177001955,0.14529184549905175,0.8230673672238176,-0.10785268082727628,57344560.0,1.1299328131561215,0.03587437200418364,0.06447494928887165,-0.04037188096320543,0.4017495778085489,0.01581694096302666,-0.10422705247331066,0.01959815762903916,0.07364143525042532,0
2022-09-16,-0.0013168523341049454,-0.0013177201460770078,0.026734745964682907,0.012482964302957335,301.252001953125,300.2824582274573,292.3530029296875,295.99319357749135,290.15550231933594,292.21790439395375,281.47966796875,283.14429051653303,1.0069642828488725,1.0376154958684416,1.0454739051257358,1.0776977544864579,63.145638171034626,58.79631014092905,57.29189927030979,4.694185704990105,3.2275305890003745,1.46665511598973,311.291351053809,269.01965358486285,290.15550231933594,0.1456863548374943,0.8121356504283438,0.3440408670355195,60624640.0,1.436508324008192,0.003767273730617582,-0.10785268082727628,0.03587437200418364,0.06447494928887165,-0.04037188096320543,0.4017495778085489,0.03602289482946186,0.011635895154068487,1
2022-09-19,0.018856110452001085,0.018680537647816527,0.03895560313069051,0.02992439300181454,302.1820007324219,303.21164125971114,296.23900451660154,298.37079607689634,290.77566986083986,293.8228665777885,282.64580139160154,284.16098529330503,1.0227942318705345,1.043313009468671,1.0629156403358446,1.0934887615613538,68.51843014117198,61.670318887606044,59.18769241687084,5.4719337129332075,3.6764112137869414,1.7955224991462662,313.3202555697572,268.2310841519225,290.77566986083986,0.15506514502885874,0.9057368296668834,-0.30838533066629314,61558750.0,0.9784344224013646,-0.0013168523341049454,0.3440408670355195,0.003767273730617582,-0.10785268082727628,0.03587437200418364,0.06447494928887165,0.01581694096302666,-0.10422705247331066,0
2022-09-20,-0.0011000625419275156,-0.001100668054834369,0.0251028397765425,0.005930101014962274,305.502001953125,305.0510978352502,299.6700042724609,300.254289696793,291.71650390625,295.242594616697,284.1335348510742,285.12447649695304,1.0105662451066308,1.0302332785554,1.0583220587531303,1.0865666073106997,67.83266576271284,61.39618912352075,59.02416973762768,5.9918000088638905,4.139488972802331,1.8523110360615593,315.5710761525222,267.8619316599778,291.71650390625,0.16354626445090284,0.8566089323344888,0.02343635856499615,62137030.0,0.9920461277277012,0.018856110452001085,-0.30838533066629314,-0.0013168523341049454,0.3440408670355195,0.003767273730617582,-0.10785268082727628,-0.04037188096320543,0.4017495778085489,0
2022-09-21,-0.025685948599634356,-0.026021592607865372,0.04378318964301534,-0.024295373007074704,305.14000244140624,303.6340611544897,301.3800018310547,300.3535075324613,291.93383636474607,295.7718701572943,285.4881344604492,285.7392024301301,0.985776972492255,0.9980754727103257,1.03037041385345,1.0536339395031524,53.31323573856308,55.22970492734472,55.283643051105834,5.69822559841208,4.451236297924281,1.2469893004877983,316.03500021091253,267.8326725185796,291.93383636474607,0.16511387748869327,0.6839361676642212,0.014809515466526424,63389710.0,0.9868431327418914,-0.0011000625419275156,0.02343635856499615,0.018856110452001085,-0.30838533066629314,-0.0013168523341049454,0.3440408670355195,0.03587437200418364,0.06447494928887165,0
2022-09-22,-0.040591728559117746,-0.041438568478665415,0.05360546594480822,-0.037584171160612474,302.1080017089844,298.61937288229,301.31300048828126,298.21468731526664,291.5085021972656,295.0878821744939,286.5191345214844,285.8509982696501,0.9552543948037648,0.9577747918948971,0.9899882650510138,1.0072276562606013,38.507162506700894,47.34483706367711,50.14594161298043,4.4292637009475015,4.446841778528926,-0.017578077581424267,315.53031988689173,267.4866845076395,291.5085021972656,0.16481040867460123,0.43925301787975535,0.12772137471085765,65072940.0,1.0840973221741634,-0.025685948599634356,0.014809515466526424,-0.0011000625419275156,0.02343635856499615,0.018856110452001085,-0.30838533066629314,0.003767273730617582,-0.10785268082727628,0
2022-09-23,-0.04594757245188685,-0.04703665354268194,0.042421796554715674,-0.027411812024480037,296.5039978027344,290.8562441122819,298.8779998779297,294.05383263472095,290.471501159668,293.2061778314246,287.25946746826173,285.43840957563503,0.9285877715397418,0.9212119549940719,0.9478726328505485,0.9584714091370578,28.484404083012336,40.57078841165068,45.341070312296694,2.326808287716574,4.022835080366455,-1.6960267926498815,315.3900414111905,265.55296090814545,290.471501159668,0.17157304693946665,0.19617974338450253,-0.09634930130100616,66013970.0,0.9656804461237523,-0.040591728559117746,0.12772137471085765,-0.025685948599634356,0.014809515466526424,-0.0011000625419275156,0.02343635856499615,-0.0013168523341049454,0.3440408670355195,1
2022-09-26,0.0024698479153155706,0.0024668028538151034,0.04992572113960003,0.015377343927610141,289.8919982910156,285.90749933006293,296.03699951171876,290.7731375676126,289.8675018310547,291.5684475394437,287.97833435058595,285.0686684066151,0.9521132400782762,0.9323497070328164,0.9521937023712773,0.9584401909541199,29.581038898699504,41.03671971200611,45.621640325279515,0.7073159162769684,3.3597312475485586,-2.65241533127159,315.56121742720103,264.1737862349084,289.8675018310547,0.17727903565485964,0.230333045573445,-0.08896693877807127,66954200.0,0.8674123505321548,-0.04594757245188685,-0.09634930130100616,-0.040591728559117746,0.12772137471085765,-0.025685948599634356,0.014809515466526424,0.018856110452001085,-0.30838533066629314,1
2022-09-27,0.02510775852537339,0.024797737333229056,0.0394430040496677,-0.003170778988500967,284.73399658203124,284.91833370051074,295.1179992675781,289.3489311810296,289.77350158691405,290.7466908634401,288.826201171875,284.9851913099402,0.9936994030844218,0.9587351606598203,0.9764177914540672,0.979620274384435,40.43965147307342,45.708154156572604,48.45291861496361,-0.016757789959854108,2.684433440046876,-2.7011912300067302,315.55400364469926,263.99299952912884,289.77350158691405,0.17793553873353504,0.3674676868163586,0.06626214553462728,66323760.0,0.9336804789113283,0.0024698479153155706,-0.08896693877807127,-0.04594757245188685,-0.09634930130100616,-0.040591728559117746,0.12772137471085765,-0.0011000625419275156,0.02343635856499615,1
2022-09-28,0.017212112374233923,0.017065662059063912,0.039713674899199,0.01670909711280713,282.13599853515626,285.8822216532051,293.63800048828125,289.06912506785943,290.2790008544922,290.46700578678804,289.67180114746094,285.0959680255737,1.0201108651604076,0.9801524226428585,0.9914943785508753,0.9935727137350197,47.12436582038664,48.77926079986539,50.36001713020237,-0.195371393304697,2.1084724733765614,-2.3038438666812584,315.48275868474434,265.0752430242401,290.2790008544922,0.17365195385170826,0.4510191434045817,-0.11724467583471676,64527370.0,0.8471567956357124,0.02510775852537339,0.06626214553462728,0.0024698479153155706,-0.08896693877807127,-0.04594757245188685,-0.09634930130100616,-0.025685948599634356,0.014809515466526424,0
2022-09-29,-0.06810050474193607,-0.07053030781738932,0.0666268807520562,-0.05145712904242414,278.05999755859375,279.9914782538294,290.08399963378906,285.276555320081,289.909001159668,288.347290136149,290.0860009765625,284.4337728659464,0.9645759685319713,0.9245942271675606,0.9251523422253486,0.9245878482662393,30.861008404905846,39.17468537252935,43.55100362978229,-1.8966176219230988,1.3074544543166293,-3.2040720762397283,316.15884004828905,263.6591622710469,289.909001159668,0.1810901957760457,0.08668299267169854,0.4199375100613192,65809880.0,1.1794672775577162,0.017212112374233923,-0.11724467583471676,0.02510775852537339,0.06626214553462728,0.0024698479153155706,-0.08896693877807127,-0.040591728559117746,0.12772137471085765,0
2022-09-30,-0.011036096899372572,-0.011097446407076914,0.04938739341570452,-0.0033815289014600394,276.04400024414065,275.0776521692196,286.2739990234375,281.6353634437026,289.3135009765625,286.1475482184205,289.95686767578127,283.681468047674,0.9608975372237971,0.9265598723769661,0.9168255166269896,0.9147912312826901,29.092040660348758,37.95912079562916,42.63687514160788,-3.444013642220966,0.3571608350091102,-3.8011744772300764,317.1835824261421,261.44341952698295,289.3135009765625,0.19266353872533135,0.0682915204231395,-0.12746616233319508,63873760.0,1.0603196054216943,-0.06810050474193607,0.4199375100613192,0.017212112374233923,-0.11724467583471676,0.02510775852537339,0.06626214553462728,-0.04594757245188685,-0.09634930130100616,0
2022-10-03,-0.08614516909902215,-0.09008354847845335,0.05837462669787081,-0.047544228304580056,269.3219970703125,264.1850994116412,279.60699768066405,274.5016598896629,287.9230010986328,281.98111447347424,289.36000061035156,282.0625867084117,0.9000378600088892,0.8669310707785884,0.8418917313710765,0.8377107872034362,19.18695086086052,30.17513140974063,36.43756230511494,-6.439905442538532,-1.0022524205004182,-5.437653022038114,321.6304794152784,254.2155227819873,287.9230010986328,0.2341423101872885,-0.1752656899235937,0.452361406005912,67686990.0,1.4532113187482558,-0.011036096899372572,-0.12746616233319508,-0.06810050474193607,0.4199375100613192,0.017212112374233923,-0.11724467583471676,0.0024698479153155706,-0.08896693877807127,1
2022-10-04,0.029042940273044104,0.02862918608137619,0.06209912340264141,-0.00431104028674731,262.6219970703125,259.27006708822955,273.67799682617186,269.94499489907076,286.6740005493164,278.8819609466106,288.9801342773437,280.783269678333,0.949806205207643,0.9114360866936609,0.8701172829187039,0.8631735294371844,27.998629495216306,34.6232942024303,39.29300271995768,-8.152128758947015,-2.4322276881897373,-5.7199010707572775,323.9523613890944,249.39563970953844,286.6740005493164,0.26007493367620543,0.0005950198837668506,0.11401586970776756,72480560.0,1.5118329659704617,-0.08614516909902215,0.452361406005912,-0.011036096899372572,-0.12746616233319508,-0.06810050474193607,0.4199375100613192,0.02510775852537339,0.06626214553462728,0
2022-10-05,-0.034597517632881325,-0.035210184423729626,0.05564550488907295,-0.01714214539164444,253.2219970703125,253.11671057835096,267.6789978027344,264.64772265534765,284.52949981689454,275.2560596715614,288.6191345214844,279.2156903795197,0.9509837231546977,0.8996223070741557,0.8463445713487144,0.8343521574127242,24.22149276434135,31.937378661743125,37.1451624825561,-10.089145948962027,-3.9636113403441957,-6.125534608617832,326.8404095928596,242.2185900409295,284.52949981689454,0.29740965209719,-0.01664573616821544,-0.2062065094886314,74923260.0,1.1609572247657136,0.029042940273044104,0.11401586970776756,-0.08614516909902215,0.452361406005912,-0.011036096899372572,-0.12746616233319508,0.017212112374233923,-0.11724467583471676,0
2022-10-06,-0.011129075632041241,-0.011191467132615623,0.038760322253725596,-0.005471088979437852,247.20599975585938,248.1211420131715,262.63299865722655,259.8263194239776,281.9729995727539,271.7202449297758,287.88533447265627,277.60448702670766,0.9632857014716053,0.9067025320516028,0.844513500383468,0.8271696275151189,23.092809560609226,31.1297588366879,36.4946909262398,-11.705564576825793,-5.512001987640515,-6.193562589185278,328.77233069221825,235.17366845328957,281.9729995727539,0.33194193196068267,0.031585242340070145,-0.20330824405312775,74798560.0,0.9264670335899514,-0.034597517632881325,-0.2062065094886314,0.029042940273044104,0.11401586970776756,-0.08614516909902215,0.452361406005912,-0.06810050474193607,0.4199375100613192,0
2022-10-07,-0.06324275500689214,-0.06533110715825653,0.05626037853451604,-0.04646488417435172,238.77000122070314,239.77076378352058,257.40700073242186,253.14335358765783,278.14250030517576,267.0868889673418,286.7287347412109,275.46587997955123,0.9342463717543296,0.8666042752897117,0.8019990007980373,0.7779827422094691,17.688880977967827,26.99816246057256,33.077000218021766,-14.039960007013406,-7.217593591515093,-6.822366415498313,330.70381186500714,225.58118874534438,278.14250030517576,0.377945200766956,-0.023888116055352893,0.21094859332971616,76815400.0,1.092447608161905,-0.011129075632041241,-0.20330824405312775,-0.034597517632881325,-0.2062065094886314,0.029042940273044104,0.11401586970776756,-0.011036096899372572,-0.12746616233319508,0
2022-10-10,-0.0004931214719139376,-0.0004932430962923407,0.038706515172865524,-0.004331648254543839,234.8820037841797,234.16717809363612,252.10200042724608,247.65547233787768,274.0694999694824,262.8843287527252,285.2449349975586,273.406826125995,0.9492426117018868,0.8844039568746344,0.8135163042173381,0.7816440516841272,17.653677546421463,26.970006000589706,33.05326042841584,-15.717677728846382,-8.91761041898135,-6.800067309865032,330.34786283267476,217.7911371062901,274.0694999694824,0.41068679929331,0.04592235225589397,-0.19056732382550334,77800210.0,0.8730696228197842,-0.06324275500689214,0.21094859332971616,-0.011129075632041241,-0.20330824405312775,-0.034597517632881325,-0.2062065094886314,-0.08614516909902215,0.452361406005912,0
2022-10-11,-0.02897383620084637,-0.02940186584357689,0.049653579676674366,-0.02014028970221984,228.29400329589845,228.27811872909075,245.45800018310547,241.9908410037181,270.2879997253418,258.46677363341803,283.629401550293,271.1751858857599,0.9483385322188603,0.8820246226991847,0.8009974553809289,0.7633200183642117,15.53536188047427,25.301193980265964,31.652431812150795,-17.368338271800724,-10.607755989545225,-6.760582282255498,331.1786250134579,209.39737443722572,270.2879997253418,0.4505610707836918,0.05832281676503397,0.13379757085020239,79309010.0,0.9710523432331333,-0.0004931214719139376,-0.19056732382550334,-0.06324275500689214,0.21094859332971616,-0.011129075632041241,-0.20330824405312775,0.029042940273044104,0.11401586970776756,1
2022-10-12,0.003418039229395209,0.003412211010253521,0.03585899626193392,0.008870123279931705,223.5800048828125,224.59874765044856,238.4010009765625,237.49068909270824,266.0195007324219,254.54041476291764,281.96246826171875,269.06008077232474,0.9716432630325261,0.9112378077410891,0.8166318818546949,0.7704571705320759,16.868484054985444,25.867073761672103,31.999070333090003,-18.404629275836754,-12.167130646803532,-6.237498629033222,329.17536903311617,202.8636324317276,266.0195007324219,0.4748213429978593,0.11381660523602058,-0.13182805025631972,80528600.0,0.8302727229828906,-0.02897383620084637,0.13379757085020239,-0.0004931214719139376,-0.19056732382550334,-0.06324275500689214,0.21094859332971616,-0.034597517632881325,-0.2062065094886314,1
2022-10-13,0.020622332969329804,0.02041257160441261,0.07563595607131468,0.06442629847494888,220.29800415039062,223.63916550720012,233.752001953125,234.62329129779818,261.91800079345705,251.41466109223052,280.2489349365234,267.20360706441807,1.0064548794974182,0.9485266409190597,0.8465244868585675,0.7911537693119971,25.206251403996134,29.356163452387335,34.12290237361944,-18.64942024061017,-13.46358856556486,-5.185831675045309,325.39355128511437,198.44245030179974,261.91800079345705,0.484697884829327,0.1833584012947063,0.3682626714946149,81914840.0,1.1168061855458669,0.003418039229395209,-0.13182805025631972,-0.02897383620084637,0.13379757085020239,-0.0004931214719139376,-0.19056732382550334,-0.011129075632041241,-0.20330824405312775,0
2022-10-14,-0.07545550981161053,-0.07845410579918498,0.10781008952879678,-0.08490687683620946,216.6820037841797,217.42277883585479,227.72600250244142,229.23542115150104,257.00000076293946,246.99326532089086,278.17606842041016,264.76385798319245,0.9460407505615411,0.9001607336912103,0.7976264781502854,0.7369074078053354,17.541282033347727,24.68398721123434,30.399963469309967,-19.963265581696618,-14.763523968791212,-5.199741612905406,322.09405371708993,191.905947808789,257.00000076293946,0.5065685039759527,0.10050117553435282,0.02887421706765192,84554630.0,1.113179727709766,0.020622332969329804,0.3682626714946149,0.003418039229395209,-0.13182805025631972,-0.02897383620084637,0.13379757085020239,-0.06324275500689214,0.21094859332971616,1
2022-10-17,0.07005219876844393,0.06770743117966126,0.05657626312648858,0.04432495293741506,215.9600036621094,218.0651879250751,225.42100372314454,227.4380729609582,252.5140007019043,244.36057396685513,276.79966827392576,262.982922615362,1.0156973624000778,0.9730681812282003,0.8686647294557771,0.792450393713778,36.78971322151508,34.34322345622344,36.631057861002674,-19.6196028733836,-15.73473974970969,-3.8848631236739095,314.9478556743462,190.0801457294624,252.5140007019043,0.4944981648454875,0.23440696067039943,-0.15613044425202793,82661160.0,0.9608962661545035,-0.07545550981161053,0.02887421706765192,0.020622332969329804,0.3682626714946149,0.003418039229395209,-0.13182805025631972,-0.0004931214719139376,-0.19056732382550334,1
2022-10-18,0.003829479437051919,0.003822165646732409,0.05708709380465036,-0.040566438163807186,216.69800415039063,218.77345943051884,222.49600372314453,226.1202419574033,248.0870002746582,242.05861477395524,275.3950015258789,261.30476888305003,1.0161145844637873,0.9896357631456263,0.8875515532762012,0.7995424797886717,37.78089260657976,34.86942004785051,36.97760474734935,-19.0597579909319,-16.399743397954133,-2.6600145929777668,306.3666118539902,189.8073886953262,248.0870002746582,0.4698320469416808,0.26066245915797065,-0.04452918840521325,79292500.0,0.9571132200397263,0.07005219876844393,-0.15613044425202793,-0.07545550981161053,0.02887421706765192,0.020622332969329804,0.3682626714946149,-0.02897383620084637,0.13379757085020239,1
2022-10-19,0.008401793106927569,0.008366694500343838,0.02319399230861898,0.010191038231457778,217.6580017089844,219.86230404905683,220.61900329589844,225.37837856262684,244.1490005493164,240.15207939416263,274.16913452148435,259.7649737616023,1.0201324625915076,1.0064409228987792,0.9094446128657498,0.8098650261039263,40.190645932660324,36.08435360844999,37.76465798547269,-18.256350246515126,-16.77106476766633,-1.4852854788487946,298.1345473417829,190.16345375684995,244.1490005493164,0.4422344279190425,0.2952321632660684,-0.12281152534064899,77251380.0,0.8617515958938209,0.003829479437051919,-0.04452918840521325,0.07005219876844393,-0.15613044425202793,-0.07545550981161053,0.02887421706765192,0.003418039229395209,-0.13182805025631972,0
2022-10-20,-0.0664744863679374,-0.06878698522005931,0.06537052842317552,-0.0048012291427927565,214.77000122070314,215.6682022924702,217.53400268554688,222.0877640565668,240.08350067138673,237.02140504988972,272.4276013183594,257.7067394485707,0.9651254719055975,0.9528625236530377,0.863366279647057,0.760862694441409,29.54095959174701,31.099797936478865,34.18791498424531,-18.596285618283588,-17.136108937789786,-1.4601766804938023,292.28685633382787,187.8801450089456,240.08350067138673,0.43487666179854867,0.18581040935179707,0.7694974576207536,82101350.0,1.4347888311215344,0.008401793106927569,-0.12281152534064899,0.003829479437051919,-0.04452918840521325,0.07005219876844393,-0.15613044425202793,0.020622332969329804,0.3682626714946149,1
2022-10-21,0.03454266549727758,0.03395945997966481,0.05064353892328908,0.03885284538127421,216.66000061035157,215.2588023421156,216.67100219726564,220.6972619447194,237.03900146484375,234.8707952776532,270.9838012695312,256.010004663976,0.98975353935802,0.9897032840886193,0.9046612629829642,0.7913388233421219,38.72932639354135,35.73724129392026,37.21666153870361,-18.0795248838794,-17.32479212700771,-0.7547327568716895,287.7457001087783,186.3323028209092,237.03900146484375,0.4278342241620948,0.27715962951829093,-0.3572578844650296,81281050.0,0.9315061751785932,-0.0664744863679374,0.7694974576207536,0.008401793106927569,-0.12281152534064899,0.003829479437051919,-0.04452918840521325,-0.07545550981161053,0.02887421706765192,0
2022-10-24,-0.014875967194030837,-0.014987724107085643,0.07057989899223373,0.026382239250568255,215.03999938964844,213.92253489474373,215.5000015258789,218.9795779547704,233.8010009765625,232.6211957274005,269.2082012939453,254.25471036342793,0.9823753748121017,0.9802784153327789,0.9035461743860407,0.78470863437529,36.27075535971106,34.61925047309114,36.43230945385947,-17.72309402024041,-17.404452505654252,-0.3186415145861581,282.3653636351333,185.2366383179917,233.8010009765625,0.4154333168440041,0.2678235670968636,0.3266643597336285,84533230.0,1.188252241160074,0.03454266549727758,-0.3572578844650296,-0.0664744863679374,0.7694974576207536,0.008401793106927569,-0.12281152534064899,0.07005219876844393,-0.15613044425202793,1
2022-10-25,0.05287573097725584,0.051525211920993325,0.06451760732690806,0.05863870398632766,215.48599853515626,216.75502265281094,216.09200134277344,219.6051089028022,230.77500076293944,231.64965310278572,267.47020111083987,253.0062902773698,1.032178423103707,1.0292838086872738,0.9637958939817026,0.8315692635860182,49.394299446118126,41.51822482068143,41.00371443405949,-16.350812503681567,-17.193724505259716,0.8429120015781493,273.9588839052741,187.5911176206048,230.77500076293944,0.3742509630555237,0.4032624907021917,-0.03921379277388626,86482700.0,1.1159214501859909,-0.014875967194030837,0.3266643597336285,0.03454266549727758,-0.3572578844650296,-0.0664744863679374,0.7694974576207536,0.003829479437051919,-0.04452918840521325,1
2022-10-26,0.009981122376490958,0.009931639962148882,0.05519947110472098,0.023883343842007406,216.00599975585936,219.38334823175677,216.83200073242188,220.5205435367742,227.6165008544922,230.9820670348679,265.8317346191406,251.89388671314543,1.0399711102633613,1.03600943878603,0.9869231736114487,0.8450458321369797,51.700524466153,42.80986210686668,41.87599897491888,-14.912235007248256,-16.737426605657426,1.8251915984091696,261.9948770965163,193.23812461246808,227.6165008544922,0.30207279448515095,0.4567096851246093,-0.1191135647962498,88297880.0,0.9627920851553854,0.05287573097725584,-0.03921379277388626,-0.014875967194030837,0.3266643597336285,0.03454266549727758,-0.3572578844650296,0.008401793106927569,-0.12281152534064899,1
2022-10-27,0.00200319154854367,0.0020011878357876823,0.04869159728727211,-0.020368228435164958,219.56799926757813,221.28556426713473,217.16900024414062,221.35135313697717,225.46050109863282,230.4209174446796,264.25360107421875,250.8427537572531,1.025149370986357,1.0364738801801603,0.998356675519939,0.8517953792223685,52.21550684244229,43.08426797290412,42.05833401597024,-13.579307183604584,-16.105802721246857,2.5264955376422726,254.35669050892727,196.56431168833836,225.46050109863282,0.25633039285806575,0.4935890377191015,-0.27494427290104395,85313460.0,0.722497950499253,0.009981122376490958,-0.1191135647962498,0.05287573097725584,-0.03921379277388626,-0.014875967194030837,0.3266643597336285,-0.0664744863679374,0.7694974576207536,1
2022-10-28,0.015238384603380561,0.015123446596271723,0.054743542241144284,0.013842104970994083,222.38399963378907,223.69704426891013,219.52200012207032,222.65474425251966,223.62400131225587,230.23987809494446,262.7666012573242,249.96735181667302,1.0275919339915476,1.040989076927994,1.0218939064298762,0.8696691405186384,56.35386513103257,45.241008638141395,43.477428795072164,-12.10662170666896,-15.305966518331278,3.1993448116623178,246.13466776049586,201.11333486401588,223.62400131225587,0.20132603223396733,0.6087485119879217,0.12189724653951739,82816250.0,0.8350100372813306,0.00200319154854367,-0.27494427290104395,0.009981122376490958,-0.1191135647962498,0.05287573097725584,-0.03921379277388626,0.03454266549727758,-0.3572578844650296,0
2022-10-31,-0.004288512900427199,-0.004297734947231046,0.03476313569264503,0.005968393077303551,225.64199829101562,224.97802727465105,220.34099884033202,223.54297134954024,222.8810012817383,229.98274620839098,261.3840679931641,249.0878475605734,1.008411532469542,1.0326720605048063,1.020903495486837,0.8705197490922959,54.77266236669711,44.71959312562255,43.1603041173131,-10.893018614455912,-14.423376937556206,3.5303583231002946,243.78749134788313,201.97451121559345,222.8810012817383,0.1876022626057523,0.6114245382571203,-0.10987471150675898,81028800.0,0.7596595284639536,0.015238384603380561,0.12189724653951739,0.00200319154854367,-0.27494427290104395,0.009981122376490958,-0.1191135647962498,-0.014875967194030837,0.3266643597336285,1
2022-11-01,0.0012306146011606955,0.0012298580156588981,0.04442101128890482,-0.026618225363412455,226.7220001220703,225.92535395784031,221.10399932861327,224.32061425402722,221.8000015258789,229.77677107656504,260.14220153808594,248.25381461012813,1.004842967164886,1.0303748824806371,1.0271415949365421,0.8757518233383018,55.19176208808262,44.9149456352246,43.28441411529501,-9.795715714504837,-13.497844692945932,3.7021289784410953,239.01074621095353,204.5892568408043,221.8000015258789,0.15519156507369564,0.6748909157765982,0.018430881351912065,79708490.0,0.7864758195770614,-0.004288512900427199,-0.10987471150675898,0.015238384603380561,0.12189724653951739,0.00200319154854367,-0.27494427290104395,0.05287573097725584,-0.03921379277388626,0
2022-11-02,-0.05636033352596026,-0.05801089494975556,0.06070326566341558,-0.04892938368031823,224.78999938964844,222.27690121440656,220.39799957275392,222.6223199764839,220.50850143432618,228.3675543766578,258.51273468017575,246.9489589676737,0.9563592522410002,0.9754171822987606,0.9749283784034346,0.8316031161617856,36.89944885973031,38.241462704389996,39.166779583773355,-9.848647806705628,-12.768005315697872,2.9193575089922437,235.5605560666351,205.45644680201727,220.50850143432618,0.1365213090143996,0.31635378551841364,0.006085616569466934,79358370.0,0.7947529668263096,0.0012306146011606955,0.018430881351912065,-0.004288512900427199,-0.10987471150675898,0.015238384603380561,0.12189724653951739,0.009981122376490958,-0.1191135647962498,1
2022-11-03,0.0015350350619269815,0.0015338580999043428,0.05136778451536566,0.018688479072840863,222.83399963378906,219.9545999958023,221.20099945068358,221.2928068095948,219.36750106811525,227.12397753684218,256.87700103759767,245.70821538300387,0.9662349458001901,0.9733681045441966,0.9815036252418191,0.8381832421310462,37.520361641306444,38.494399467157265,39.322549580480135,-9.751558584081295,-12.164715969374557,2.413157385293262,232.19942349086378,206.5355786453667,219.36750106811525,0.11699018642478064,0.3418980657828666,-0.10355904443137265,73232440.0,0.7720458310551991,-0.05636033352596026,0.006085616569466934,0.0012306146011606955,0.018430881351912065,-0.004288512900427199,-0.10987471150675898,0.00200319154854367,-0.27494427290104395,0
2022-11-04,-0.03641259777431871,-0.03709208198225607,0.09986986599889944,-0.06796947200341315,218.6239990234375,215.79306707076927,220.50399932861328,218.7795694297963,218.58750076293944,225.25217026863845,255.10500091552734,244.20867757271756,0.9489809085344806,0.940889969580616,0.9491393629396341,0.8132729678999999,29.480063371296893,34.84333984708594,36.96162114329733,-10.18977546984459,-11.769727869468564,1.5799523996239735,232.29126014376908,204.8837413821098,218.58750076293944,0.12538465678960772,0.09436315126093328,0.7443277890581335,75523280.0,1.3058516526294939,0.0015350350619269815,-0.10355904443137265,-0.05636033352596026,0.006085616569466934,0.0012306146011606955,0.018430881351912065,0.015238384603380561,0.12189724653951739,0
2022-11-07,-0.05007952633400592,-0.05137700982212229,0.062106708548072966,-0.05545167698959916,212.53200073242186,209.5553786575311,219.08699951171874,214.83419350275238,217.29350051879882,222.56910660791618,253.28480102539064,242.36049421029944,0.9272956597212799,0.8995513301578311,0.9069760547854242,0.7780964393962918,22.143434150537487,30.68911426494614,34.11169614782193,-11.245816850516064,-11.664945665678065,0.41912881516200073,233.71866459844068,200.86833643915696,217.29350051879882,0.1511795248401446,-0.11532105827782017,-0.04771440912897906,74870250.0,1.254390094864115,-0.03641259777431871,0.7443277890581335,0.0015350350619269815,-0.10355904443137265,-0.05636033352596026,0.006085616569466934,-0.004288512900427199,-0.10987471150675898,0
2022-11-08,-0.02932818513088775,-0.029766854567743133,0.044171441784849164,-0.014019179264028086,205.22799987792968,203.47025345560667,215.975,210.55524978438973,216.03350067138672,219.59109674542492,251.4144009399414,240.35812200800368,0.932134032225348,0.8857506797164385,0.8855108233548853,0.7608951688390201,19.064181421496457,28.6431942312896,32.64156876849904,-12.406124765339115,-11.813181485610276,-0.5929432797288392,235.99451442521166,196.07248691756178,216.03350067138672,0.18479554043044535,-0.11954512743345654,0.37146720757268414,78099800.0,1.6492154909487604,-0.05007952633400592,-0.04771440912897906,-0.03641259777431871,0.7443277890581335,0.0015350350619269815,-0.10355904443137265,0.0012306146011606955,0.018430881351912065,0
2022-11-09,-0.07166757185130745,-0.07436539035358274,0.10569291435058252,-0.06913723936367698,197.75,194.84350108303465,211.2699996948242,204.5615673395717,214.05100021362304,215.59099194470735,249.4122006225586,237.8966268836855,0.8980530788262484,0.8405831239381656,0.8296620719391906,0.7120341181971358,13.766546058153665,24.475216031851076,29.477528914381324,-14.26749332802649,-12.304043854093518,-1.9634494739329718,240.08963136295898,188.0123690642871,214.05100021362304,0.2432937115299566,-0.20013288460945602,-0.013514394806348307,82304820.0,1.5438063044181374,-0.02932818513088775,0.37146720757268414,-0.05007952633400592,-0.04771440912897906,-0.03641259777431871,0.7443277890581335,-0.05636033352596026,0.006085616569466934,1
2022-11-10,0.07393437216942544,0.07132888823212645,0.05751888187127541,0.004318100845573175,192.83200073242188,193.46900112892416,207.83300018310547,202.04491895432284,212.50100021362306,213.22232616146886,247.7144009399414,236.046563132196,0.9890474635760824,0.9176598569653259,0.8975016636579408,0.7699189086182493,34.197200578206534,34.33070642060851,35.74108314927122,-14.515830207536993,-12.746401124782214,-1.7694290827547796,240.1687558082385,184.83324461900762,212.50100021362306,0.260401179917286,0.10638298038965546,0.044389895697163784,89411240.0,1.484186999307917,-0.07166757185130745,-0.013514394806348307,-0.02932818513088775,0.37146720757268414,-0.05007952633400592,-0.04771440912897906,0.0015350350619269815,-0.10355904443137265,1
2022-11-11,0.027527264924482875,0.027155202242509627,0.07108234856253441,0.05360215710055444,190.53200073242186,194.30266782618384,204.5779998779297,200.94038845730108,212.05,211.57924759568166,246.09060089111327,234.47493325331396,1.0285411398997393,0.9579231458790148,0.9241688338632544,0.7963327348183168,40.7460500804251,37.8244229977417,38.05107685817258,-14.126170153506308,-13.022354930527033,-1.103815222979275,240.47644670153576,183.62355329846426,212.05,0.26811079180887293,0.2171648122586465,-0.13789741000580247,93936360.0,1.2178841079215759,0.07393437216942544,0.044389895697163784,-0.07166757185130745,-0.013514394806348307,-0.02932818513088775,0.37146720757268414,-0.03641259777431871,0.7443277890581335,0
2022-11-14,-0.02561618738169713,-0.02594999483044167,0.049175174337361405,-0.009441340892675155,189.30599975585938,193.18511086687,200.91900024414062,199.1239536374722,210.62999954223633,209.61455705783027,244.50540100097658,232.76807300605626,1.0086843374985632,0.9503829738163891,0.9065660037185357,0.7809643311211744,36.67435963810634,35.85987105360712,36.72557576006346,-14.060355122613004,-13.229954968944227,-0.8304001536687764,240.26749732476887,180.9925017597038,210.62999954223633,0.2814176313625212,0.16798812203382166,-0.19384879496799057,97003590.0,0.9507545030034456,0.027527264924482875,-0.13789741000580247,0.07393437216942544,0.044389895697163784,-0.07166757185130745,-0.013514394806348307,-0.05007952633400592,-0.04771440912897906,1
2022-11-15,0.018172303095892017,0.018009160285334423,0.0450571435455565,-0.00745357707511113,189.92999877929688,193.59673996756177,197.5789993286133,198.26868900683093,209.34149932861328,208.16745621126978,242.90540069580078,231.2642269340127,1.0236402854657305,0.9840114527839372,0.9287217240369289,0.800393888369837,41.39696520951891,38.247442506159715,38.28589132462055,-13.571749458322984,-13.29831386681998,-0.273435591503004,239.44157310635651,179.24142555087005,209.34149932861328,0.28756910478121417,0.25213513976996776,-0.010114218674438846,99864090.0,0.9141804626668104,-0.02561618738169713,-0.19384879496799057,0.027527264924482875,-0.13789741000580247,0.07393437216942544,0.044389895697163784,-0.02932818513088775,0.37146720757268414,0
2022-11-16,-0.03857627852399581,-0.03934004993858786,0.03696770666487945,-0.023967398410252607,191.7959991455078,191.37115936802297,194.77299957275392,196.2052906726699,207.58549957275392,206.14388877866745,240.96980041503906,229.52523757067672,0.9745771496888042,0.9596812626953704,0.9004482420672846,0.7756988545743077,34.8443727031202,35.19773889958154,36.256830748280876,-13.632565539482385,-13.36516420135246,-0.2674013381299254,238.60121645868193,176.5697826868259,207.58549957275392,0.29882353969582276,0.16685436484002977,-0.2708420506102276,100213820.0,0.6642556884868773,0.018172303095892017,-0.010114218674438846,-0.02561618738169713,-0.19384879496799057,0.027527264924482875,-0.13789741000580247,-0.07166757185130745,-0.013514394806348307,0
2022-11-17,-0.020062058831236462,-0.020266034660649707,0.028716546477079035,-0.004294458121816991,190.28599853515624,188.63743896833043,191.55899963378906,193.8352374901745,206.37999954223633,203.95589919678915,238.84800018310546,227.70738504511866,0.9626036575418543,0.9562066962090984,0.8875375451847454,0.7668893942110617,31.899010794264314,33.74874182942223,35.27533878597032,-13.824001893217115,-13.456931739725393,-0.36707015349172245,239.1727799712674,173.58721911320526,206.37999954223633,0.3177902946193187,0.1461111093717525,-0.03352381639115731,100993540.0,0.637030843754957,-0.03857627852399581,-0.2708420506102276,0.018172303095892017,-0.010114218674438846,-0.02561618738169713,-0.19384879496799057,0.07393437216942544,0.044389895697163784,0
2022-11-18,-0.016269016527425406,-0.016402810087859467,0.04794938272148574,-0.026263174980830657,187.12999877929687,185.82162679268905,188.83099975585938,191.35428566312572,204.66749954223633,201.69248045818125,236.45820037841796,225.84395827634563,0.9629135019336171,0.9542395193287907,0.8804035953164182,0.7620374432057657,29.58082885649162,32.60021214233184,34.49615260549757,-14.054169614229323,-13.576379314626179,-0.4777902996031447,239.13235531660473,170.20264376786793,204.66749954223633,0.33678875103720163,0.14489192612501728,0.1820582566525739,98736210.0,0.7702230012677214,-0.020062058831236462,-0.03352381639115731,-0.03857627852399581,-0.2708420506102276,0.018172303095892017,-0.010114218674438846,0.027527264924482875,-0.13789741000580247,0
2022-11-21,-0.06837231343190053,-0.07082202204033466,0.054983089621732546,-0.0453796457739707,182.51399841308594,179.83774956752188,185.90999908447264,187.0844146547733,202.4984992980957,198.4712913780866,233.72720001220702,223.5704695250061,0.9197650403627973,0.9029637778703434,0.8289937737764072,0.7182304631571338,21.90329331827408,28.31063693299788,31.477869313953164,-15.05713157975515,-13.872529767651974,-1.1846018121031765,240.3290879696812,164.6679106265102,202.4984992980957,0.3736382126555469,0.04232136748485723,0.22135494398998534,98632830.0,0.9417016626208535,-0.016269016527425406,0.1820582566525739,-0.020062058831236462,-0.03352381639115731,-0.03857627852399581,-0.2708420506102276,-0.02561618738169713,-0.19384879496799057,1
2022-11-22,0.012152311933396831,0.012079065403443036,0.027838241572552394,0.007590575474313694,177.61199951171875,176.5285009323844,183.7709991455078,183.96179447428895,199.8729995727539,195.75116873846972,231.28279998779297,221.46613753038272,0.9566358361440483,0.9245746306661616,0.8500898271667855,0.7346417618217921,25.632058766366754,29.95418258648813,32.504640269257266,-15.508601024036551,-14.199744018928891,-1.3088570051076598,239.07260709781337,160.67339204769445,199.8729995727539,0.39224515175988817,0.1178151032317117,-0.15536154741410402,93597720.0,0.8381860156422614,-0.06837231343190053,0.22135494398998534,-0.016269016527425406,0.1820582566525739,-0.020062058831236462,-0.03352381639115731,0.018172303095892017,-0.010114218674438846,1
2022-11-23,0.07821783885404354,0.07530952893106566,0.060698664314547617,0.055481876001970624,176.8679992675781,178.75233293767033,184.33199920654297,183.82328583318952,197.8009994506836,194.55581904416232,228.89460021972656,219.96550456637723,1.0358006971689921,0.9938588944774999,0.9261833734764228,0.8003683650570175,45.4335403814951,39.65957064405554,38.77973118714103,-14.625409802012399,-14.284877175545594,-0.34053262646680516,235.910754624558,159.69124427680921,197.8009994506836,0.3853343034636793,0.3084348425249012,0.39622037849750735,91845120.0,1.1926240610279566,0.012152311933396831,-0.15536154741410402,-0.06837231343190053,0.22135494398998534,-0.016269016527425406,0.1820582566525739,-0.03857627852399581,-0.2708420506102276,0
2022-11-25,-0.0018558752377418886,-0.0018575995078746789,0.024991753528250747,-0.011888019978740267,176.80599975585938,180.12155549523075,183.5459991455078,183.6481430654008,195.68949966430665,193.4419315742756,226.4768002319336,218.51038676418017,1.034240924306029,0.9962625252615155,0.9344395122070254,0.8074116219545917,45.07532268256598,39.50875091451781,38.68312466884091,-13.793901745591427,-14.186682089554761,0.3927803439633344,232.16179782425988,159.21720150435343,195.68949966430665,0.37275682366728125,0.3241199526598252,-0.5373906644987478,83642090.0,0.6058277596841495,0.07821783885404354,0.39622037849750735,0.012152311933396831,-0.15536154741410402,-0.06837231343190053,0.22135494398998534,-0.020062058831236462,-0.03352381639115731,1
2022-11-28,0.0003281065208000644,0.00032805270562665304,0.051935272770043325,0.016448051481707558,177.35199890136718,181.05436971980228,182.24099884033203,183.51575308422707,193.40949935913085,192.43984267852986,224.0682000732422,217.11468525064154,1.0313951875483216,1.0037258319090325,0.9457653257728144,0.8163585823831915,45.16433287088485,39.55243597848448,38.71141446856428,-12.980453728102106,-13.945436417264231,0.9649826891621256,226.9725527754236,159.8464459428381,193.40949935913085,0.34706726947233824,0.34373440252766835,0.8334369394170826,81492250.0,1.140049513910832,-0.0018558752377418886,-0.5373906644987478,0.07821783885404354,0.39622037849750735,0.012152311933396831,-0.15536154741410402,-0.016269016527425406,0.1820582566525739,0
2022-11-29,-0.011425739989130657,-0.011491515256992131,0.04219435273766705,-0.022487721166444853,179.94400024414062,180.9795804235531,181.22899932861327,183.02743467455934,191.07399978637696,191.3341435501989,221.5033999633789,215.6917564890891,1.0049237628690701,0.9977983794037559,0.9463872742143087,0.81637573897715,42.373551547007324,38.50915557668033,38.06898944131431,-12.361934861261574,-13.6287361060637,1.2668012448021262,221.12946434906732,161.0185352236866,191.07399978637696,0.3145950217852008,0.32958177315883586,-0.10277250358429879,80605300.0,1.034139194320969,0.0003281065208000644,0.8334369394170826,-0.0018558752377418886,-0.5373906644987478,0.07821783885404354,0.39622037849750735,-0.06837231343190053,0.22135494398998534,1
2022-11-30,0.07670184691003823,0.07390252318127676,0.0725731373677405,0.06725870068014238,184.9019989013672,185.55305259844948,181.25699920654296,185.14971872431985,189.41799926757812,191.65470101667918,219.2227996826172,214.8685502325853,1.0529902224156136,1.0741653994082783,1.027885405299855,0.8881375351018315,61.021553536094174,48.26240850465185,44.488295152465916,-10.63002519998679,-13.028993924848319,2.398968724861529,214.41674636209135,164.4192521730649,189.41799926757812,0.26395323771949636,0.6056452481537238,0.30986322700765734,82394560.0,1.325165156534606,-0.011425739989130657,-0.10277250358429879,0.0003281065208000644,0.8334369394170826,-0.0018558752377418886,-0.5373906644987478,0.012152311933396831,-0.15536154741410402,0
2022-12-01,0.0,0.0,0.036569056131419635,-0.01207633885072084,187.20199890136718,188.6020340483804,182.03499908447264,186.88613294685118,188.40399932861328,191.94472920063757,217.10079986572265,214.07762657437578,1.04005298068866,1.0695745209847938,1.0334175370059286,0.8968184229107612,61.021553536094174,48.26240850465185,44.48829515246591,-9.151976032891298,-12.253590346456916,3.1016143135656176,210.66879980125273,166.13919885597383,188.40399932861328,0.23635167567547546,0.6413890420299493,-0.2668848867624539,83742420.0,0.9558620350355291,0.07670184691003823,0.30986322700765734,-0.011425739989130657,-0.10277250358429879,0.0003281065208000644,0.8334369394170826,0.07821783885404354,0.39622037849750735,1
2022-12-02,0.0008217959148295595,0.0008214584254523483,0.026377909132447086,0.016060078478773988,189.60199890136718,190.6880229023708,183.2039993286133,188.3359270674876,187.38149948120116,192.22237409680082,215.22619995117188,213.32399418362974,1.0277317841555016,1.0636230722279751,1.0399105629416776,0.9053730477728047,61.21860563535242,48.37196738538371,44.56137952451068,-7.876900455620955,-11.378252368289726,3.5013519126687704,206.2252984265899,168.53770053581243,187.38149948120116,0.20112763530616543,0.6984340087374067,-0.07995757450072583,84673410.0,0.8697641916157622,0.0,-0.2668848867624539,0.07670184691003823,0.30986322700765734,-0.011425739989130657,-0.10277250358429879,-0.0018558752377418886,-0.5373906644987478,0
2022-12-05,-0.06368676805520912,-0.06580520897353867,0.05875583118669055,-0.03689825487267965,189.50799865722655,187.9420142509946,183.42999877929688,187.2657579548975,186.13049926757813,191.2916715112238,213.3686001586914,212.1132491940067,0.9627561804304073,0.9946573524637383,0.9802262265785635,0.8550930024968354,42.003863663553034,41.10202073811217,40.246224650890646,-7.778116173476349,-10.65822512932705,2.8801089558507016,202.65269995559834,169.60829857955792,186.13049926757813,0.17753351280993626,0.38861948874629715,0.26446550317125594,86380790.0,1.0780487189339203,0.0008217959148295595,-0.07995757450072583,0.0,-0.2668848867624539,0.07670184691003823,0.30986322700765734,0.0003281065208000644,0.8334369394170826,0
2022-12-06,-0.01441485156488942,-0.01451975486845227,0.04626844470331152,-0.007725382888500033,189.30599975585938,185.23467860873598,184.625,185.9119851129559,185.26749954223632,190.19913206484236,211.44480010986328,210.84684755205424,0.9498906931429836,0.9739743118441097,0.9705966117560966,0.8504347575858436,38.97896815703305,39.73894309869898,39.39728756311724,-7.821881322162909,-10.090956367894222,2.269075045731313,201.20456896880842,169.33043011566423,185.26749954223632,0.17204387672905191,0.32909366608722634,-0.010436767834265948,86307600.0,1.0677020331929055,-0.06368676805520912,0.26446550317125594,0.0008217959148295595,-0.07995757450072583,0.0,-0.2668848867624539,-0.011425739989130657,-0.10277250358429879,0
2022-12-07,-0.032143331123685615,-0.03267127201155782,0.041139990452297215,-0.005656204651023305,185.1739990234375,181.50311683453492,185.03799896240236,183.7534411444426,184.40449905395508,188.66016646687,209.2667999267578,209.40344150241026,0.9398727370147931,0.9405635289078963,0.9437947239845287,0.8316655740282062,32.903439392041605,36.84681876730948,37.56859993046603,-8.228115748563368,-9.718388244028052,1.4902724954646835,200.80401923486204,168.00497887304812,184.40449905395508,0.17786464283725106,0.1839997251904639,-0.08613598579719328,86883700.0,0.9692646606900949,-0.01441485156488942,-0.010436767834265948,-0.06368676805520912,0.26446550317125594,0.0008217959148295595,-0.07995757450072583,0.07670184691003823,0.30986322700765734,0
2022-12-08,-0.003447430865732959,-0.003453386948248274,0.03540128749549996,0.007200961179672776,180.9220001220703,178.81541203682536,184.06199951171874,181.87827047116326,184.19699935913087,187.21062703587347,206.97940002441408,207.99311055884147,0.9586451748509531,0.942291200255943,0.9416005854864574,0.8379577988000172,32.293851810481016,36.54945913228339,37.37949118213865,-8.500485400752012,-9.474807675372844,0.9743222746208318,201.03530644180506,167.35869227645668,184.19699935913087,0.18282933100168872,0.18057961928984376,0.15925275461239496,85692480.0,1.1392423232470341,-0.032143331123685615,-0.08613598579719328,-0.01441485156488942,-0.010436767834265948,-0.06368676805520912,0.26446550317125594,0.0,-0.2668848867624539,1
2022-12-09,0.0323454827685834,0.03183338116095202,0.05104718924247294,0.02997012668903054,177.76000061035157,178.89360904180285,183.68099975585938,181.36404003127137,183.6134994506836,186.43342475167196,205.19620025634765,206.85808673503428,1.0072569894069359,0.9747878293875966,0.975146182537894,0.8725795254886499,43.676635398627106,41.318044510358476,40.328403445480355,-8.169487382686555,-9.213743616835586,1.0442562341490316,200.31544845007318,166.91155045129403,183.6134994506836,0.18192506596036548,0.36338431523492914,0.0742416094320586,91112440.0,1.1510206509670908,-0.003447430865732959,0.15925275461239496,-0.032143331123685615,-0.08613598579719328,-0.01441485156488942,-0.010436767834265948,0.0008217959148295595,-0.07995757450072583,0
2022-12-12,-0.0627198857086465,-0.06477309340338366,0.05869378152091805,-0.04701873079112616,174.83400268554686,175.20240846927481,182.1710006713867,178.90148862998907,182.20599975585938,184.66071833000976,203.24760040283203,205.32718166010034,0.9598819723075073,0.9212224048049485,0.9210454515717559,0.8256924410994442,31.362691515703887,35.55723423132645,36.69618349306555,-8.712898994858506,-9.11357469244017,0.400675697581665,199.24657281916132,165.16542669255745,182.20599975585938,0.1870473319883523,0.07789000469057372,0.04693517735379116,92801370.0,1.1831129217165652,0.0323454827685834,0.0742416094320586,-0.003447430865732959,0.15925275461239496,-0.032143331123685615,-0.08613598579719328,-0.06368676805520912,0.26446550317125594,0
2022-12-13,-0.04093677795344208,-0.04179828130131225,0.11270580760235642,-0.07960198180149176,171.06000061035155,170.45160462893062,180.18300018310546,175.63758105148963,180.70599975585938,182.40255438888906,201.61860046386718,203.58689990669416,0.9408979093532309,0.8932585026594166,0.8906732325749654,0.798289426560555,26.109017562446468,32.565871971269175,34.6892930673002,-9.587391552964448,-9.208338064545027,-0.3790534884194212,199.585967023234,161.82603248848477,180.70599975585938,0.20895783530023526,-0.023200133978950533,0.6017441675129447,102051930.0,1.723266772122781,-0.0627198857086465,0.04693517735379116,0.0323454827685834,0.0742416094320586,-0.003447430865732959,0.15925275461239496,-0.01441485156488942,-0.010436767834265948,0
2022-12-14,-0.025784367661833008,-0.02612261140486262,0.04024233058535653,-0.01538459622130102,167.61200256347655,165.90107076987303,176.39300079345702,172.2125668697202,178.825,179.9642161663051,199.76580047607422,201.75211963787314,0.9354938826196285,0.8889241769595998,0.8768349115154918,0.7849191537193956,23.35216355189864,30.876062657573556,33.52632425713392,-10.494330915838646,-9.465536634803751,-1.0287942810348945,199.2941257478047,158.35587425219526,178.825,0.2289291290122156,-0.038005316387396654,-0.20004469395727464,105201520.0,1.3372648988341613,-0.04093677795344208,0.6017441675129447,-0.0627198857086465,0.04693517735379116,0.0323454827685834,0.0742416094320586,-0.032143331123685615,-0.08613598579719328,1
2022-12-15,0.005548438139381551,0.005533102257132837,0.04851902064644736,0.02756775065325198,164.45800170898437,163.15737990289713,172.69000091552735,169.5684634695793,177.3625,177.84095730941368,198.10300048828125,200.02340899203284,0.9587250029217141,0.9130233211711593,0.8889703188043995,0.7958990917872153,25.2817579534306,31.676448616547646,34.01327813421257,-11.015901109131505,-9.775609529669303,-1.2402915794622018,199.42673588758018,155.29826411241984,177.3625,0.24880384396453778,0.05374611812096571,-0.13042010259997172,109430350.0,1.117921125172313,-0.025784367661833008,-0.20004469395727464,-0.04093677795344208,0.6017441675129447,-0.0627198857086465,0.04693517735379116,-0.003447430865732959,0.15925275461239496,0
2022-12-16,-0.047187179094365206,-0.04833680500131505,0.07288832136353429,-0.058945149699866195,158.69400024414062,158.84825184444446,168.22700042724608,166.052378425572,175.7154998779297,175.21134192066373,196.34500030517577,198.07072611891545,0.946664621828297,0.8930195232988758,0.85496154768307,0.7651327790065399,20.206479851106224,28.62403873634308,31.91402288505857,-11.89250585864258,-10.198988795463958,-1.6935170631786214,200.5442980429022,150.88670171295718,175.7154998779297,0.2826022540097053,-0.013224683310378042,0.1364921587941259,115968980.0,1.1988740437313496,0.005548438139381551,-0.13042010259997172,-0.025784367661833008,-0.20004469395727464,-0.04093677795344208,0.6017441675129447,0.0323454827685834,0.0742416094320586,0
2022-12-19,-0.00239632976495896,-0.0023992055582815475,0.06292115155143414,-0.026818213524756492,155.10399780273437,155.85549960202547,164.96900024414063,163.11012691495662,174.19949951171876,172.79788032033267,194.88100006103517,196.18050137374965,0.9662548821455678,0.9084736823002635,0.8603353944028148,0.7690333848361278,19.980053910838677,28.481025304735155,31.81426250942846,-12.472495316679073,-10.653690099706981,-1.8188052169720912,201.3448486254239,147.0541503980136,174.19949951171876,0.3116581757099598,0.051866061979512934,0.0025778201021058322,120595770.0,1.1558498279002656,-0.047187179094365206,0.1364921587941259,0.005548438139381551,-0.13042010259997172,-0.025784367661833008,-0.20004469395727464,-0.0627198857086465,0.04693517735379116,0
2022-12-20,-0.08053641461716088,-0.08396483835074355,0.0784470052191037,-0.05648750309903335,150.4739990234375,149.83700075193627,160.76699981689453,158.5082862125568,172.69599990844728,169.46474915189697,193.17779998779298,193.89107006700488,0.9157728507653631,0.8571410999067286,0.797933959818472,0.7133325002172376,13.891294893054166,24.128301601054545,28.66034072180345,-13.747614682848194,-11.272475016335225,-2.4751396665129697,204.07752437123344,141.31447544566112,172.69599990844728,0.36343082039448166,-0.05599588378937658,0.14472066265587502,127337020.0,1.2530786412309634,-0.00239632976495896,0.0025778201021058322,-0.047187179094365206,0.1364921587941259,0.005548438139381551,-0.13042010259997172,-0.04093677795344208,0.6017441675129447,0
2022-12-21,-0.0016690545895901021,-0.0016704490129968075,0.03903463568575481,-0.012702662983998967,146.62799987792968,145.7480029426971,157.12000122070313,154.70132641467714,171.07900009155273,166.42715469211808,191.59920013427734,191.6824009398368,0.9382246735872285,0.8755728504035402,0.8041314670450396,0.7180092987225749,13.797818460362194,24.052867138502847,28.603605608916226,-14.608319091213446,-11.939643831310871,-2.6686752599025745,206.00114263701565,136.1568575460898,171.07900009155273,0.4082575012336333,0.020232861948393483,-0.08865384458706982,133457430.0,1.0896163668070036,-0.08053641461716088,0.14472066265587502,-0.00239632976495896,0.0025778201021058322,-0.047187179094365206,0.1364921587941259,-0.025784367661833008,-0.20004469395727464,0
2022-12-22,-0.08882756559936855,-0.09302311928148893,0.11463903407664391,-0.0783088347491096,140.16399993896485,138.94866811983843,152.3110008239746,149.36472133457602,168.18650016784667,162.51504457611836,189.76139999389648,189.08113025490678,0.894309512633097,0.8229871630808056,0.745303566867878,0.6605663663851177,9.736541151793631,20.403025258974623,25.758890507439347,-16.090999101863957,-12.769914885421489,-3.3210842164424683,207.87194361448726,128.50105672120608,168.18650016784667,0.471921865393897,-0.039700428840133445,0.44473976291695494,144704010.0,1.451862322267365,-0.0016690545895901021,-0.08865384458706982,-0.08053641461716088,0.14472066265587502,-0.00239632976495896,0.0025778201021058322,0.005548438139381551,-0.13042010259997172,0
2022-12-23,-0.017550833466474902,-0.017706675474399133,0.06171334453880636,-0.025480740292143558,134.7480010986328,133.68244592185192,146.72100067138672,144.59840864208562,165.20100021362305,158.76599285704793,187.79,186.49559579494493,0.9139282254416197,0.8393481571305519,0.7454555442559816,0.6557857262148086,9.169646746732852,19.81992341984983,25.28355958211138,-17.244768107767698,-13.664885529890732,-3.5798825778769654,208.8115092749512,121.5904911522949,165.20100021362305,0.5279690680435949,0.01787998359972033,-0.20515273670416956,150915750.0,1.106509426617169,-0.08882756559936855,0.44473976291695494,-0.0016690545895901021,-0.08865384458706982,-0.08053641461716088,0.14472066265587502,-0.047187179094365206,0.1364921587941259,0
2022-12-27,-0.1140885333144338,-0.12113825810398889,0.099999965034855,-0.07148937468833112,126.59400177001953,125.48829677260832,140.84899978637696,138.14415224791026,161.51000022888184,154.03589815391206,185.87219985961914,183.46047433138324,0.8618101722727796,0.774588379325313,0.6754999586373068,0.5869624320179101,6.395305440038413,16.56412588527654,22.4994606465239,-19.072994573983294,-14.746507338709247,-4.3264872352740475,210.6430286167771,112.37697184098657,161.51000022888184,0.6084208819053559,-0.03334796850902858,0.24943873783832182,160800640.0,1.297528417797342,-0.017550833466474902,-0.20515273670416956,-0.08882756559936855,0.44473976291695494,-0.0016690545895901021,-0.08865384458706982,-0.00239632976495896,0.0025778201021058322,1
2022-12-28,0.03308891531476843,0.032553261278161744,0.07124477725599695,0.021386503334705726,121.5760009765625,121.22886420989644,136.025,133.51976076364886,158.10400009155273,150.1000982425369,183.7393997192383,180.68594589032793,0.9270744076061604,0.8285976775186374,0.7128851832920488,0.6134231376433056,14.178880284574305,20.191721761532946,24.735386707884985,-20.00003241678533,-15.797212354324465,-4.202820062460866,210.72801229872914,105.47998788437633,158.10400009155273,0.6656885616645196,0.06869498254553805,0.05956143352725274,165321420.0,1.3372163147400984,-0.1140885333144338,0.24943873783832182,-0.017550833466474902,-0.20515273670416956,-0.08882756559936855,0.44473976291695494,-0.08053641461716088,0.14472066265587502,1
2022-12-29,0.0808269069678893,0.07772640277207259,0.04982761213290428,0.011878065557152397,118.42599945068359,121.42590937153905,132.52699966430663,131.39253147840802,154.46000022888182,147.40675552370712,181.77199966430663,178.3774774120729,1.0286592493192679,0.9192089159446495,0.7886831510702381,0.6701802253361314,31.057172029996437,28.62520120084433,30.080437597690732,-19.771699824231433,-16.59210984830586,-3.1795899759255732,206.5332569021058,102.38674355565787,154.46000022888182,0.6742620302481005,0.1865953598899732,0.003857592939808807,173445520.0,1.2794985999061839,0.03308891531476843,0.05956143352725274,-0.1140885333144338,0.24943873783832182,-0.017550833466474902,-0.20515273670416956,-0.0016690545895901021,-0.08865384458706982,1
2022-12-30,0.011164017515666869,0.011102159833173808,0.03839911791861595,0.02692791529063001,117.99199981689453,122.01060634941797,129.0779998779297,129.8993439923658,150.8840003967285,145.0994455028946,179.7947998046875,176.2128704667044,1.0439690868561617,0.9543067015422325,0.8163887488487255,0.6851143661495616,33.340477403999046,29.817521480916398,30.850209184653465,-19.258998173692703,-17.125487513383227,-2.133510660309476,201.20605493753402,100.561945855923,150.8840003967285,0.6670296970983094,0.22473301870964044,-0.2890458099712828,176989800.0,0.8914485467524117,0.0808269069678893,0.003857592939808807,0.03308891531476843,0.05956143352725274,-0.1140885333144338,0.24943873783832182,-0.08882756559936855,0.44473976291695494,0
2023-01-03,-0.12242248574195735,-0.13058999220665155,0.13098985996284956,-0.08753273098447331,114.98199920654297,117.37373705765235,124.8650001525879,125.9358266254122,146.546000289917,141.57568864301143,177.81119979858397,173.54177744738743,0.9401471466845894,0.8657349805151197,0.7376523293727781,0.6079481978445205,23.34057862701556,24.858748094403467,27.345152005357647,-19.84079619271438,-17.66854924924946,-2.17224694346492,195.90542328741603,97.18657729241798,146.546000289917,0.6736372592885452,0.11055053441625606,0.4666419060283069,186226860.0,1.2425855217663015,0.011164017515666869,-0.2890458099712828,0.0808269069678893,0.003857592939808807,0.03308891531476843,0.05956143352725274,-0.017550833466474902,-0.20515273670416956,1
2023-01-04,0.05124885285593783,0.04997884108534127,0.062214006800392775,0.041517722976413415,115.88999938964844,116.1291578349844,121.24200057983398,123.70022167345515,143.1055004119873,138.9151468093578,175.79519973754884,171.19268811178983,0.9805850374333424,0.9372989462906473,0.794099451540923,0.6464340298216663,32.07276432358012,29.49749216276082,30.39565251418081,-19.62857751700308,-18.060554902800185,-1.5680226142028957,191.55904584312566,94.65195498084893,143.1055004119873,0.67717236991793,0.195940712282707,-0.22045454938315356,190326700.0,0.9477860962229682,-0.12242248574195735,0.4666419060283069,0.011164017515666869,-0.2890458099712828,0.0808269069678893,0.003857592939808807,-0.1140885333144338,0.24943873783832182,0
2023-01-05,-0.029039097760312105,-0.02946907696009933,0.04159866313421678,-0.0015383747629492419,115.41599884033204,114.19943733595315,118.49599990844726,121.27108979426158,139.6314998626709,136.1937039073133,173.77699966430663,168.80630804222517,0.9560199404463534,0.9311706422422854,0.7902228110878363,0.6349516711132065,29.720104918931085,28.373846477350867,29.617877059460895,-19.50186993740367,-18.348817909720882,-1.1530520276827865,187.00866729029426,92.25433243504753,139.6314998626709,0.678602857868308,0.19086898694895602,-0.1241910537782237,190169000.0,0.8307678959241517,0.05124885285593783,-0.22045454938315356,-0.12242248574195735,0.4666419060283069,0.011164017515666869,-0.2890458099712828,0.03308891531476843,0.05956143352725274,1
2023-01-06,0.024651090365942707,0.02435215499827936,0.11126837168499899,0.09766987920964806,113.66399841308593,113.81962407683335,116.04499893188476,119.77816393323107,136.58250007629394,133.99049377886382,171.5897996520996,166.62017821933767,0.9946860847504495,0.9742772079730628,0.8277780645063555,0.6588969611703275,34.35087436379483,30.716528657898763,31.142759739124557,-18.96337393079645,-18.471729113935996,-0.4916448168604539,182.53715661597857,90.62784353660929,136.58250007629394,0.6729215897207141,0.24406834596416718,0.39829276335986097,197718370.0,1.117301847066613,-0.029039097760312105,-0.1241910537782237,0.05124885285593783,-0.22045454938315356,-0.12242248574195735,0.4666419060283069,0.0808269069678893,0.003857592939808807,1
2023-01-09,0.059349011404278285,0.057654579278002493,0.0535192135958528,0.0068089909618995244,112.98199768066407,115.80308159891105,115.4869987487793,119.77667897138295,133.89899978637695,132.6361607183117,169.49239959716797,164.78291619673882,1.060080358833698,1.0370864074804125,0.8944801442441541,0.706639335614596,44.81581641841673,36.25542244844155,34.801681519055705,-17.790097942461927,-18.335402879641183,0.5453049371792567,177.11777719476794,90.68022237798596,133.89899978637695,0.6455429462108369,0.33654092051470924,-0.1386399325339469,195737740.0,0.9721375142065092,0.024651090365942707,0.39829276335986097,-0.029039097760312105,-0.1241910537782237,0.05124885285593783,-0.22045454938315356,0.011164017515666869,-0.2890458099712828,0
2023-01-10,-0.007681374256751861,-0.007711027963739906,0.06596553696205787,-0.018336509674560037,115.13199768066406,116.8187205573144,115.05699844360352,119.60819160824443,130.8889995574951,131.32319288553163,167.36759963989257,162.98162530565577,1.0322933751550936,1.032966269603989,0.9080212919032535,0.7101135388799161,43.701482516320674,35.83244325422035,34.53747236274586,-16.741518626703055,-18.01662602905356,1.2751074023505033,169.21906848633662,92.5589306286536,130.8889995574951,0.5856881641455959,0.34295617748921847,-0.11898793382522965,195803020.0,0.8561793377854948,0.059349011404278285,-0.1386399325339469,0.024651090365942707,0.39829276335986097,-0.029039097760312105,-0.1241910537782237,-0.12242248574195735,0.4666419060283069,1
2023-01-11,0.036769060182475055,0.036109204525613114,0.04414863462197162,0.009255507549407658,117.047998046875,118.95248077844398,116.46899871826172,120.26488426505509,128.65899925231935,130.55146034602416,165.2615995788574,161.4223459297753,1.052730531720469,1.0579639438540385,0.9577254753789158,0.7456057640414316,50.51952120194762,39.446262447921754,36.92574451566266,-15.380591380991376,-17.489419099441122,2.1088277184497457,163.1305153026788,94.1874832019599,128.65899925231935,0.5358586068706425,0.42110880728787226,0.0964451138583593,193319760.0,0.9508122708201169,-0.007681374256751861,-0.11898793382522965,0.059349011404278285,-0.1386399325339469,0.024651090365942707,0.39829276335986097,0.05124885285593783,-0.22045454938315356,1
2023-01-12,0.0027592625752506095,0.00275546279838757,0.05770473773307443,0.008159269092037293,119.69199829101562,120.48831970516058,117.55399856567382,120.8639957729712,126.78949928283691,129.88560674722126,163.18199966430663,159.93754795443485,1.0323162727902127,1.0510914053643574,0.9745286341336602,0.7571913434862783,51.057527949944365,39.73065916001532,37.11317169295983,-14.111938231260282,-16.813922925804956,2.7019846945446737,157.9497873989875,95.62921116668635,126.78949928283691,0.4915278992724698,0.4481792062992945,-0.078395284716676,188152800.0,0.9003368538762112,0.036769060182475055,0.0964451138583593,-0.007681374256751861,-0.11898793382522965,0.059349011404278285,-0.1386399325339469,-0.029039097760312105,-0.1241910537782237,0
2023-01-13,-0.009388119582672827,-0.009432465746951967,0.057434629833811965,0.05019303578673621,121.55999908447265,121.12554697873335,117.6119987487793,121.14326954622713,125.06949920654297,129.17269196423626,161.07359954833984,158.46548731017776,1.0069101879543658,1.0407101556647025,0.9786558857467272,0.7599010754654764,48.939449864760874,39.05668088412572,36.72225756380879,-13.049694697969457,-16.061077280237857,3.0113825822684,153.04908864689207,97.08990976619388,125.06949920654297,0.4474246657715145,0.4522956245238106,0.0667835885169441,184031880.0,0.981971710553628,0.0027592625752506095,-0.078395284716676,0.036769060182475055,0.0964451138583593,-0.007681374256751861,-0.11898793382522965,0.024651090365942707,0.39829276335986097,1
2023-01-17,0.07426473736900463,0.07163646233055776,0.050802342582022805,0.04606212160296193,123.90400085449218,124.5803664835436,118.44299926757813,123.02449426385202,123.7604995727539,129.39338849080082,159.40379974365234,157.40762527813803,1.0612248562302729,1.1101543046551114,1.0624553548756992,0.8248862681104323,62.97973821216648,46.68858015026876,41.768928058092314,-11.343609622383028,-15.117583748666892,3.773974126283864,147.67053049622288,99.85046864928492,123.7604995727539,0.38639195875923593,0.6616373049694226,0.031889597989310126,186901850.0,0.9977268817831391,-0.009388119582672827,0.0667835885169441,0.0027592625752506095,-0.078395284716676,0.036769060182475055,0.0964451138583593,0.059349011404278285,-0.1386399325339469,0
2023-01-18,-0.020609982513142944,-0.020825332244057446,0.0750892268303497,-0.056971286748586196,125.89000091552734,125.98024391546137,120.5109992980957,124.07094963029654,122.6879997253418,129.33497042303853,157.6731997680664,156.28497325857563,1.022956532232522,1.0686161390193687,1.049654400329234,0.8167526185092282,57.482098954422,44.88394854344274,40.75152410096171,-10.093844248344496,-14.112835848602412,4.018991600257916,143.4726282808322,101.9033711698514,122.6879997253418,0.33882088879141187,0.64655058755779,0.04935353957860755,183329600.0,1.067368826419738,0.07426473736900463,0.031889597989310126,-0.009388119582672827,0.0667835885169441,0.0027592625752506095,-0.078395284716676,-0.007681374256751861,-0.11898793382522965,0
2023-01-19,-0.012501946153228194,-0.012580752996881307,0.04466468519583073,-0.0007072447412723438,126.68000030517578,126.3768286666227,121.86399917602539,124.63441300095994,121.5529998779297,129.12878258931536,156.06719970703125,155.14320952957053,1.003867997020754,1.0435403320816323,1.0462102810844367,0.8148412889298222,54.2026678289067,43.80077012979711,40.14159453583649,-9.128086875797152,-13.11588605404136,3.9877991782442077,138.37837871135966,104.72762104449971,121.5529998779297,0.2768402071578152,0.6669204107266619,-0.1297442818720127,182319890.0,0.9340280975377947,-0.020609982513142944,0.04935353957860755,0.07426473736900463,0.031889597989310126,-0.009388119582672827,0.0667835885169441,0.036769060182475055,0.0964451138583593,1
2023-01-20,0.0491468120625187,0.04797727392320426,0.0461699604051459,0.03683560586692647,128.6520004272461,128.72455183406356,124.17199935913087,126.23179212241182,121.33399963378906,129.53746978737536,154.79399963378907,154.29131888797738,1.0370612017369722,1.0744773286855707,1.0996093310336286,0.8619197028605097,63.60625251516759,48.95108861707598,43.58339772147212,-7.768840081057235,-12.046476859444535,4.277636778387301,137.4048936886454,105.26310557893274,121.33399963378906,0.2649033923444638,0.8760213493381871,-0.18458775784403136,180407070.0,0.7696932276545482,-0.012501946153228194,-0.1297442818720127,-0.020609982513142944,0.04935353957860755,0.07426473736900463,0.031889597989310126,0.0027592625752506095,-0.078395284716676,1
2023-01-23,0.07742468874848996,0.07457364612008015,0.07728696076766305,0.05799665243246691,132.9220001220703,133.73303455604238,127.24099960327149,129.41692082742784,121.64299926757812,130.89104409333962,153.8429995727539,153.87793383354688,1.081461307142427,1.129745918754194,1.181736728504968,0.934394157675138,73.92870742346992,56.11038805575821,48.70221022549434,-5.791323613401261,-10.795446210235882,5.0041225968346215,139.12629237747433,104.15970615768191,121.64299926757812,0.28745251621818707,1.1322321714067838,0.46278250962673395,178627880.0,1.137108048306905,0.0491468120625187,-0.18458775784403136,-0.012501946153228194,-0.1297442818720127,-0.020609982513142944,0.04935353957860755,-0.009388119582672827,0.0667835885169441,1
2023-01-24,0.0009739087975544347,0.0009734348560736818,0.0375286254735564,0.006223771955583479,135.4019989013672,137.11868950057774,129.6529998779297,132.0483896569225,122.56999931335449,132.12903983584522,153.16899963378907,153.48625012986457,1.0626874090275749,1.1098084851497698,1.1739414228255696,0.9394198547596071,74.0451060909126,56.20004174506862,48.7683580572344,-4.16482131719286,-9.469321231627278,5.304499914434418,142.53160385532166,102.60839477138731,122.56999931335449,0.32571762509249325,1.0340252090324424,-0.2186898136660641,175469390.0,0.9044261224137156,0.07742468874848996,0.46278250962673395,0.0491468120625187,-0.18458775784403136,-0.012501946153228194,-0.1297442818720127,0.07426473736900463,0.031889597989310126,1
2023-01-25,0.003752820129427681,0.0037457958683397114,0.057744213534735696,0.017757655899100815,138.53199768066406,139.5557905589789,132.21099929809571,134.2995902058059,123.63399887084961,133.30055915393436,152.24319946289063,153.13110277872406,1.0425749653066645,1.092420399532231,1.1682061083105104,0.9486794364892873,74.55628736316376,56.56855877913701,49.03451916929988,-2.7999574176549515,-8.135448468832813,5.335491051177861,145.7573317369493,101.51066600474991,123.63399887084961,0.3578842885962161,0.9700013766189365,0.21446372411689785,177978570.0,1.0829073410354966,0.0009739087975544347,-0.2186898136660641,0.07742468874848996,0.46278250962673395,0.0491468120625187,-0.18458775784403136,-0.020609982513142944,0.04935353957860755,1
2023-01-26,0.10967259156647335,0.1040650092615062,0.041554897888361496,0.001875370691182982,145.1519989013672,146.46052846347294,135.91599960327147,139.02148367247045,126.1924991607666,135.86907773665118,151.52919952392577,153.41105970004708,1.104152925798608,1.1791842368836412,1.270043824619721,1.057683963064525,84.80078630916316,65.6882238532886,56.06483761725948,-0.4351205893057397,-6.5953828929273985,6.160262303621659,152.44988111368002,99.93511720785317,126.1924991607666,0.4161480615335476,1.1489128499711911,0.2183358125668342,183079000.0,1.2825889370162606,0.003752820129427681,0.21446372411689785,0.0009739087975544347,-0.2186898136660641,0.07742468874848996,0.46278250962673395,-0.012501946153228194,-0.1297442818720127,1
2023-01-27,0.11000180416824756,0.10436164069972145,0.10966832589206452,0.09524103871371868,154.047998046875,156.94035027447677,141.34999923706056,146.09030371320026,129.45199890136718,139.87202213282575,151.26819946289064,154.3714100606917,1.1548348316889616,1.2585779614906483,1.374254514463164,1.1760567953354075,90.0190456604152,72.58751280777055,62.16423889951647,2.8290113754404445,-4.710504039253831,7.539515414694275,163.29472623668528,95.60927156604909,129.45199890136718,0.5228614099826105,1.2157814811301735,0.3056681618856709,196797970.0,1.557895134792295,0.10967259156647335,0.2183358125668342,0.003752820129427681,0.21446372411689785,0.0009739087975544347,-0.2186898136660641,0.0491468120625187,-0.18458775784403136,0
2023-01-30,-0.06318150994943417,-0.06526572943550507,0.07962320881358477,-0.0639707901961532,158.62999877929687,160.18023473702098,145.7759994506836,149.83024915845647,131.69399909973146,142.423258468948,150.71299957275392,154.85331569211985,1.0506209729849694,1.1432609228550745,1.2655094750057538,1.105810408754139,71.70733934295768,63.781943431397465,56.87827086839605,4.457502880400369,-2.876902655322991,7.33440553572336,168.9828925562578,94.40510564320512,131.69399909973146,0.5662960151781492,0.9688528046983133,-0.2469475580790801,201814440.0,1.1440152647154485,0.11000180416824756,0.3056681618856709,0.10967259156647335,0.2183358125668342,0.003752820129427681,0.21446372411689785,0.07742468874848996,0.46278250962673395,1
2023-01-31,0.03936155894904236,0.03860663902242871,0.06650504671099192,0.05256118072257878,164.49599914550782,164.52682356491505,149.9489990234375,154.0829313515922,134.1959991455078,145.35628158816277,150.43899963378905,155.57357786971136,1.0530347371395843,1.1551927812044167,1.2907985508039017,1.1514301586847124,75.14938122615675,66.34779473177002,59.01400148900224,6.20589343305852,-1.0603434376466887,7.2662368707052085,175.376160554023,93.01583773699264,134.1959991455078,0.6137315817271691,0.9738204118248791,-0.14754624504285363,202848090.0,0.970250693511583,-0.06318150994943417,-0.2469475580790801,0.11000180416824756,0.3056681618856709,0.10967259156647335,0.2183358125668342,0.0009739087975544347,-0.2186898136660641,1
2023-02-01,0.047280928205116535,0.04619721319012782,0.07651179429258553,0.04324575478093077,171.89200134277343,170.15455026397984,155.21199951171874,159.05148995350442,137.86149940490722,148.7899694047291,150.40379974365234,156.5867710380407,1.0553719908139059,1.1687885230059976,1.315885903208536,1.2061530624312942,78.89010453445572,69.27444676376291,61.51282721904353,8.158326186927837,0.7833904872682166,7.374935699659621,182.03948395960668,93.68351485020776,137.86149940490722,0.6409038744739917,0.9928756336007372,0.0863396057689132,204660690.0,1.0446866958183323,0.03936155894904236,-0.14754624504285363,-0.06318150994943417,-0.2469475580790801,0.11000180416824756,0.3056681618856709,0.003752820129427681,0.21446372411689785,1
2023-02-02,0.03781489703913388,0.03711744228973266,0.0751048975873251,0.005017895864080544,177.49200134277345,176.19303493347354,161.3220001220703,164.36394710240558,141.59299964904784,152.54997272546547,150.56539978027342,157.82925077272384,1.060723879657388,1.1670448180037405,1.3296561605383503,1.2504201134338397,81.59712189493706,71.50947406784951,63.47149923844415,10.142274106176245,2.6551672110498226,7.487106895126423,189.4141790889757,93.77182020912,141.59299964904784,0.6754737813092079,0.9880369448232447,0.017034109846155054,209376330.0,1.0385524476429595,0.047280928205116535,0.0863396057689132,0.03936155894904236,-0.14754624504285363,-0.06318150994943417,-0.2469475580790801,0.10967259156647335,0.2183358125668342,1
2023-02-03,0.009082654784473565,0.009041655543147504,0.08058741921728788,0.03278064082269884,179.9080017089844,180.78868853149538,166.97799987792968,169.02141048879346,145.57499961853028,156.11473682090104,151.00759979248048,159.09006430036365,1.0559841359076787,1.13775464951326,1.3050317446358863,1.2580823480978156,82.2587379632724,72.05515563780426,63.95166370784456,11.71747736005318,4.467629240850494,7.249848119202687,195.53848771438373,95.61151152267685,145.57499961853028,0.6864295136772038,0.9443744602440399,0.06996467666107309,218756720.0,1.0635650415676374,0.03781489703913388,0.017034109846155054,0.047280928205116535,0.0863396057689132,0.03936155894904236,-0.14754624504285363,0.11000180416824756,0.3056681618856709,1
2023-02-06,0.025160537355481072,0.024849222136681733,0.04235982867472524,0.009066887984072862,185.5279998779297,185.44579052327558,172.0789993286133,173.70115303752846,149.65999946594238,159.79523755289483,151.504599609375,160.48888509277432,1.0497606541060138,1.1318057128802193,1.3013496939852442,1.2855054896616112,84.12055211893103,73.57855548018583,65.2908033877579,13.199388901922845,6.213981173064965,6.98540772885788,201.6406585646115,97.67934036727326,149.65999946594238,0.6946499971156045,0.9338151518556665,-0.19974856229208038,217063610.0,0.8577582396238596,0.009082654784473565,0.06996467666107309,0.03781489703913388,0.017034109846155054,0.047280928205116535,0.0863396057689132,-0.06318150994943417,-0.2469475580790801,1
2023-02-07,0.010525791279409002,0.010470780820742525,0.04039427390305889,0.0019345563151331958,190.24599914550782,189.2338595350483,177.37099914550782,177.90276113226759,153.51199951171876,163.32045279153283,151.77679962158203,161.91324244437507,1.0345026883223205,1.109595133966286,1.2820495999309143,1.2967067302070598,84.91275301456724,74.22746005767488,65.86188245725131,14.373543328862098,7.845893604224392,6.5276497246377065,207.44324567939512,99.58075334404239,153.51199951171876,0.7026323198084509,0.9014184830094433,-0.0009549482485722294,219794730.0,0.8462909915992981,0.025160537355481072,-0.19974856229208038,0.009082654784473565,0.06996467666107309,0.03781489703913388,0.017034109846155054,0.03936155894904236,-0.14754624504285363,1
2023-02-08,0.022763049555982517,0.02250783702828191,0.04317155711289359,0.026466022545035214,194.2219970703125,193.25257078540983,183.05699920654297,182.15498516024306,157.63399925231934,166.93659950530426,152.14539947509766,163.457428751895,1.0363913270506715,1.099602824030878,1.2769452925186198,1.323010711993818,86.61522817711412,75.63572861833183,67.10384696891597,15.487042401408928,9.3741233636613,6.112919037747629,212.92298785211165,102.34501065252702,157.63399925231934,0.701485578771533,0.8947982694150556,-0.02869034671735915,218588660.0,0.8265460797463143,0.010525791279409002,-0.0009549482485722294,0.025160537355481072,-0.19974856229208038,0.009082654784473565,0.06996467666107309,0.047280928205116535,0.0863396057689132,1
2023-02-09,0.029956849516678652,0.029516907690852447,0.04452052576433047,-0.0022138389536074943,198.03199768066406,197.94171629834614,187.76199951171876,186.73044373551136,161.83899955749513,170.78263834520087,152.63339965820313,165.1775298723783,1.0469015601131897,1.104163823688293,1.2810262538144643,1.3582872935312789,88.62997199591669,77.42387500769496,68.71252860772334,16.663978208848107,10.832094332698661,5.831883876149446,218.78651379334218,104.89148532164808,161.83899955749513,0.7037551442057179,0.8993239070836778,0.19237896405451593,216650290.0,0.994373928601711,0.022763049555982517,-0.02869034671735915,0.010525791279409002,-0.0009549482485722294,0.025160537355481072,-0.19974856229208038,0.03781489703913388,0.017034109846155054,0
2023-02-10,-0.05030873801899527,-0.05161833459581209,0.0676011864485461,-0.026405560256674825,199.41399841308595,197.5911439954469,189.66100006103517,188.5776356726272,165.50549964904786,173.26905368276732,152.954599609375,166.42115612795754,0.9873429195366262,1.0381153707208488,1.1896281380809155,1.287244711126559,67.98059596625845,68.11224264913025,63.10769262825474,16.564152602131344,11.978505986585198,4.585646615546146,221.55819454409212,109.45280475400361,165.50549964904786,0.6773514477029854,0.7799553152561747,-0.04956241290731067,206466640.0,0.991705488111784,0.029956849516678652,0.19237896405451593,0.022763049555982517,-0.02869034671735915,0.010525791279409002,-0.0009549482485722294,0.009082654784473565,0.06996467666107309,0
2023-02-13,-0.011427700782035255,-0.011493498714308886,0.04464653960468729,0.0011315771153950446,199.38999938964844,196.60742912684742,192.45899963378906,189.67988362117651,169.11749954223632,175.3043818453274,152.95339965820312,167.5277774323376,0.9761773408167902,1.0113322825121682,1.150915782911265,1.2725444470315805,64.21521493609137,66.26088339404441,61.962850650989054,16.117689205391656,12.806342630346489,3.3113465750451674,222.8563630715393,115.37863601293331,169.11749954223632,0.6355210273893858,0.737467804222312,-0.1576456832854629,200626310.0,0.8596853523348956,-0.05030873801899527,-0.04956241290731067,0.029956849516678652,0.19237896405451593,0.022763049555982517,-0.02869034671735915,0.025160537355481072,-0.19974856229208038,1
2023-02-14,0.0750616556523096,0.07237801403011461,0.0973954833109319,0.0901844187684534,201.87799987792968,200.8216194178983,196.06199951171874,193.23808659914442,173.00549926757813,178.53729786005812,153.2443997192383,169.16394302322632,1.0365171050165347,1.067264439417762,1.2094991250906104,1.3654658857574602,74.79239766662121,71.64951416254269,66.149660930327,16.749688710134848,13.595011846304162,3.1546768638306855,226.54387002052414,119.46712851463211,173.00549926757813,0.6189210282864032,0.8384908825454637,0.2549938976840189,202590530.0,1.0684393786817183,-0.011427700782035255,-0.1576456832854629,-0.05030873801899527,-0.04956241290731067,0.029956849516678652,0.19237896405451593,0.010525791279409002,-0.0009549482485722294,1
2023-02-15,0.02384709913101113,0.023567198213512965,0.039908527037592074,0.011711423548644202,204.46800231933594,205.29441477632025,199.34499969482422,197.05661730714797,177.27849960327148,181.93755572987774,153.63199981689453,170.9316317475376,1.0477923345608195,1.0747197362419048,1.208494013501965,1.3945011830120342,77.44849892837007,73.22258692201179,67.43513890177175,17.452028490113292,14.36641517506599,3.0856133150473024,229.64452807068866,124.9124711358543,177.27849960327148,0.5907769818066626,0.8529149237743942,-0.16377161700985465,199310540.0,0.9081627093077967,0.0750616556523096,0.2549938976840189,-0.011427700782035255,-0.1576456832854629,-0.05030873801899527,-0.04956241290731067,0.022763049555982517,-0.02869034671735915,0
2023-02-16,-0.05694553722096751,-0.058631243213632354,0.0782518218370921,-0.0414650609345317,203.41199951171876,204.20960761292446,200.7219985961914,197.9626856669634,181.02199935913086,183.85207359237825,154.02379974365235,172.1515674941492,0.9932550379088776,1.0065662692637538,1.116107401318136,1.311745286263523,59.550498261065414,63.88881728158666,61.44500236833061,16.830190836941654,14.859170307441124,1.9710205295005299,229.04907199992766,132.99492671833406,181.02199935913086,0.5306213919946331,0.7188140227096428,0.26838885254886025,200524360.0,1.1449307206366348,0.02384709913101113,-0.16377161700985465,0.0750616556523096,0.2549938976840189,-0.011427700782035255,-0.1576456832854629,0.029956849516678652,0.19237896405451593,1
2023-02-17,0.031033480898909227,0.030561678706295534,0.05251789433835997,0.041602039286478626,205.6959991455078,205.5764042614809,202.55499877929688,199.84401510180527,184.7664993286133,186.18139968439877,154.59359954833985,173.56954514373527,1.0127080663889667,1.0284120303817705,1.1274229815227899,1.3474684473819845,64.4731845112843,66.26860678263024,63.208577302837675,16.651370328847406,15.217610311722382,1.4337600171250244,228.8828392951523,140.65015936207428,184.7664993286133,0.47753613481713103,0.7668342188839501,-0.06902844897239169,198632010.0,1.0760526462980464,-0.05694553722096751,0.26838885254886025,0.02384709913101113,-0.16377161700985465,0.0750616556523096,0.2549938976840189,-0.05030873801899527,-0.04956241290731067,0
2023-02-21,-0.05251789433835996,-0.05394722804913025,0.06328218980675447,-0.03717259462306162,206.24199829101562,202.84093454671643,202.81599884033204,199.3941932864202,187.44749908447267,187.24698020180722,155.06019958496094,174.50289612308634,0.9569825581242217,0.9731480565917685,1.0529348008438528,1.2728604480419494,51.67222521598654,58.96667551953853,58.321171946332754,15.448802837677363,15.263848816913379,0.1849540207639837,227.60717277666382,147.28782539228152,187.44749908447267,0.4284898319618904,0.6235380559708608,-0.15776240593061153,198015060.0,0.9091157005936821,0.031033480898909227,-0.06902844897239169,-0.05694553722096751,0.26838885254886025,0.02384709913101113,-0.16377161700985465,-0.011427700782035255,-0.1576456832854629,1
2023-02-22,0.017682553475729224,0.017528035977254008,0.05083145814419062,0.014803253892752903,204.56399841308593,202.1806232345948,203.22099914550782,199.66070370895318,190.2959991455078,188.54345833595428,155.60859954833984,175.5365080637634,0.9818932078397553,0.9883821133392531,1.0555135237329194,1.2908027010933567,54.99769948301481,60.463336019576815,59.373402214181965,14.608970593763189,15.132873172283341,-0.5239025785201523,225.46518259033374,155.12681570068187,190.2959991455078,0.36962609411387776,0.6501883244093051,0.06560377649865079,198596880.0,0.9659190013458419,-0.05251789433835996,-0.15776240593061153,0.031033480898909227,-0.06902844897239169,-0.05694553722096751,0.26838885254886025,0.0750616556523096,0.2549938976840189,1
2023-02-23,0.006024129792842503,0.006006057267467943,0.04359873924514795,-0.009023570716714835,202.12999877929687,202.14375126446947,203.29900054931642,200.09875891172874,193.1779998779297,189.83170109674137,156.06899963378908,176.57703744652636,0.9997032036044109,0.9939547502851617,1.0460301248170494,1.2947478858605461,56.21634464438922,60.994536414443836,59.74338668513242,13.88102312520715,14.882503162868105,-1.0014800376609543,221.6496541170386,164.70634563882078,193.1779998779297,0.2947711877863972,0.6561554409802244,-0.23702682343864445,195165520.0,0.7499275486776558,0.017682553475729224,0.06560377649865079,-0.05251789433835996,-0.15776240593061153,0.031033480898909227,-0.06902844897239169,0.02384709913101113,-0.16377161700985465,0
2023-02-24,-0.025684180003413215,-0.02601977738759486,0.02473585430925925,0.002801421314257917,201.0980010986328,200.38916913725052,202.25500030517577,199.51353090647123,195.00849990844728,190.50296812398625,156.65019958496094,177.37323224794937,0.9790251708481602,0.9734246598884917,1.00959704307886,1.2568129846271436,49.50760358485719,57.43031997536104,57.38955721049162,12.738488325454739,14.453700195385434,-1.7152118699306946,219.16188283758981,170.85511697930474,195.00849990844728,0.24771620663183486,0.5387420880101051,-0.028231074063951866,187845190.0,0.7571559324995226,0.006024129792842503,-0.23702682343864445,0.017682553475729224,0.06560377649865079,-0.05251789433835996,-0.15776240593061153,-0.05694553722096751,0.26838885254886025,1
2023-02-27,0.0546017865369246,0.05316324215501689,0.03930069580605619,0.027718686023619817,200.96200256347657,202.80278105243787,203.3290008544922,200.98925344762418,196.49500045776367,192.1341144819697,157.58379974365235,178.55977235127733,1.0331804133830211,1.021152929539049,1.0566681309911612,1.3175847087109984,60.8094111258941,62.339258427633894,60.7525561963162,12.555721877495358,14.07410453180742,-1.5183826543120613,219.9015690520842,173.08843186344313,196.49500045776367,0.2382408564064381,0.7378606753095514,0.13218344335612997,183472610.0,0.8776694243353272,-0.025684180003413215,-0.028231074063951866,0.006024129792842503,-0.23702682343864445,0.017682553475729224,0.06560377649865079,0.031033480898909227,-0.06902844897239169,0
2023-02-28,-0.009247209573726933,-0.009290230436857878,0.03636184669394027,-0.0231729413024611,202.6300048828125,203.7718562729143,204.43600158691407,201.84757222330472,198.44750061035157,193.42705659929328,158.56199981689454,179.62448742432008,1.0152001271126454,1.0062318041688536,1.036596611603466,1.2973474536863725,58.099628704838175,60.986567962343,59.866469963153506,12.116281394790832,13.682539904404104,-1.566258509613272,217.72381476212536,179.17118645857778,198.44750061035157,0.19427117088889437,0.6883790139114154,-0.04895661197441692,181539550.0,0.843589730171745,0.0546017865369246,0.13218344335612997,-0.025684180003413215,-0.028231074063951866,0.006024129792842503,-0.23702682343864445,-0.05251789433835996,-0.15776240593061153,0
2023-03-01,-0.014291975817664837,-0.014395089751065829,0.042807084346252675,-0.016682034476530168,203.0120056152344,203.43790560609654,203.78800201416016,202.01528714133312,199.92500076293945,194.31686113959498,159.46399993896483,180.53215475169816,0.9988079456579917,0.995004623767652,1.0142303538760264,1.2715722943741006,53.81548026718598,58.8797158007877,58.49475296595659,11.399383028174697,13.225908529158223,-1.8265255009835268,215.39418700414598,184.45581452173292,199.92500076293945,0.15474989303162817,0.5919571160745037,0.02421171060871119,175579260.0,0.8933446923059136,-0.009247209573726933,-0.04895661197441692,0.0546017865369246,0.13218344335612997,-0.025684180003413215,-0.028231074063951866,0.017682553475729224,0.06560377649865079,0
2023-03-02,-0.05853928157947319,-0.060322654091468045,0.04054481791843893,0.02227689986585438,200.7780029296875,199.2586017028925,201.4540008544922,199.99432473317881,200.3995002746582,193.99144521167966,160.27739990234375,180.93873667894468,0.9508013383484923,0.9476108346657715,0.9525971553564043,1.1910599623702334,39.94233817534844,51.19057264181626,53.315935435735504,9.760907605213163,12.532908344369211,-2.7720007391560486,214.04223644002516,186.75676410929125,200.3995002746582,0.13615539107302022,0.15184746435656366,0.15714032519661747,175628690.0,1.0334342299085644,-0.014291975817664837,0.02421171060871119,-0.009247209573726933,-0.04895661197441692,0.0546017865369246,0.13218344335612997,0.006024129792842503,-0.23702682343864445,1
2023-03-03,0.03609219282314147,0.03545612908951283,0.038424546755163894,0.015349025603354677,200.96000061035156,198.76906556397262,201.02900085449218,199.59353719735225,200.8754997253418,194.35321169496092,161.23579986572267,181.5995702713834,0.9842256801622667,0.9838878591915013,0.9846397074634398,1.2267126373352104,48.868609644741966,54.87431162398855,55.70603315969192,8.915595956138759,11.80944586672312,-2.893849910584361,213.41164422278501,188.33935522789858,200.8754997253418,0.12481506718921878,0.3769355905303149,-0.1504534142292564,168089370.0,0.91732927549196,-0.05853928157947319,0.15714032519661747,-0.014291975817664837,0.02421171060871119,-0.009247209573726933,-0.04895661197441692,-0.025684180003413215,-0.028231074063951866,0
2023-03-06,-0.020122331071529054,-0.02032754273314496,0.03250607879427458,-0.023823893862644916,198.1959991455078,197.116042895513,199.5790008544922,198.54198453575978,201.06699981689454,194.30147701530692,162.3559997558594,182.07841055715636,0.9778703828239538,0.9710941368019751,0.9639075419392068,1.193734742479692,44.41938416475446,52.41351063428052,54.028306994410144,7.834219979810825,11.014400689340661,-3.180180709529836,213.0357128814205,189.09828675236858,201.06699981689454,0.11905198839616139,0.19683447923027747,-0.16922395460762563,159525530.0,0.8030068917495525,0.03609219282314147,-0.1504534142292564,-0.05853928157947319,0.15714032519661747,-0.014291975817664837,0.02421171060871119,0.0546017865369246,0.13218344335612997,0
2023-03-07,-0.03147407730028162,-0.03198003067013721,0.04315161981254231,-0.01917649741514302,194.59599914550782,193.98069750163108,198.61300201416014,196.5725340226884,200.7145004272461,193.6737179389793,163.35879974365236,182.29925746526266,0.9646139054149223,0.945104322528111,0.9352089974282017,1.149065780407468,38.20044606986333,48.80132329004494,51.53071831559664,6.411100273082155,10.09374060608896,-3.6826403330068054,213.77127104240154,187.65772981209065,200.7145004272461,0.13010291321615988,0.002001907796245474,0.1563285274562627,156336250.0,0.9474821098753488,-0.020122331071529054,-0.16922395460762563,0.03609219282314147,-0.1504534142292564,-0.05853928157947319,0.15714032519661747,-0.009247209573726933,-0.04895661197441692,0
2023-03-08,-0.03041929843714275,-0.03089156736881823,0.03571428571428571,-0.016428844554874044,190.44199829101564,189.98713166775406,196.727001953125,193.9229823821996,199.9740005493164,192.56193527812414,164.49179977416992,182.2875218783896,0.955671551617961,0.9251399055192532,0.9101183128809599,1.1064381339973604,33.134320048827135,45.63116673784402,49.291145417406376,4.767560363022284,9.028504557475626,-4.260944194453343,215.31295016583013,184.63505093280267,199.9740005493164,0.1534094389708519,-0.08589411265702986,0.025464841371320768,152343180.0,0.9970764690614965,-0.03147407730028162,0.1563285274562627,-0.020122331071529054,-0.16922395460762563,0.03609219282314147,-0.1504534142292564,-0.014291975817664837,0.02421171060871119,0
2023-03-09,-0.04989011995084991,-0.05117763786639216,0.07327086689283066,-0.040665752183382455,186.84599914550782,184.29808716815114,193.81200103759767,190.1042579797897,198.55550079345704,190.6912746010595,165.48719970703124,181.92016800743102,0.9254680269299344,0.892204802815077,0.8708899903449238,1.0449146427945646,26.59172340948787,41.06307724282753,45.95625008896329,2.7012248416887132,7.763048614318245,-5.061823772629531,217.87575572684776,179.23524586006633,198.55550079345704,0.1946081056045703,-0.16343593065654974,0.11933023388093833,154709560.0,1.0989870309242686,-0.03041929843714275,0.025464841371320768,-0.03147407730028162,0.1563285274562627,-0.020122331071529054,-0.16922395460762563,-0.05853928157947319,0.15714032519661747,1
2023-03-10,0.0030071956856769777,0.0030026831172517087,0.056791920583916126,-0.009649987976287147,181.9760009765625,180.67872559256952,191.46800079345704,187.07439333644726,196.86150054931642,189.04829630014012,166.77399978637695,181.5876124950379,0.9530927238243045,0.9058432830690168,0.8810255024849677,1.0399702751242272,27.54758001290324,41.42473100000359,46.17523074303915,1.0929996334135694,6.42903881813731,-5.336039184723741,218.60059068509335,175.12241041353948,196.86150054931642,0.22085669442848732,-0.038695455090929136,0.1262476194509239,159635640.0,1.1995372712509562,-0.04989011995084991,0.11933023388093833,-0.03041929843714275,0.025464841371320768,-0.03147407730028162,0.1563285274562627,0.03609219282314147,-0.1504534142292564,1
2023-03-13,0.005996271168666301,0.005978365078895034,0.07702890171085067,0.04192039133060991,178.11000061035156,178.61248230422603,188.1529998779297,184.7845028621003,195.74100036621093,187.66083910274955,168.00939971923827,181.30888242572422,0.9796193090204194,0.9273303951610582,0.8913819557532926,1.0385132975840272,29.683931514913155,42.18878825581954,46.629355981857366,-0.09649928053968893,5.123931198401911,-5.2204304789416,219.5685505229254,171.91345020949646,195.74100036621093,0.24345998142581896,0.05385668063150346,-0.12375965395383226,160311840.0,1.0466494552117922,0.0030071956856769777,0.1262476194509239,-0.04989011995084991,0.11933023388093833,-0.03041929843714275,0.025464841371320768,-0.020122331071529054,-0.16922395460762563,1
2023-03-14,0.050320947926932424,0.04909578215581386,0.03634183052352402,0.03355703023049197,177.21999816894532,180.16165303842934,185.90799865722656,184.50731952477952,195.1720001220703,187.24171104599588,169.23819961547852,181.3853966249835,1.0340819117497826,0.9857563732087022,0.9389666263204558,1.0828524229353418,45.50927401505332,48.31793568670929,50.343213934084915,-0.32694440417122905,4.033756077887283,-4.360700482058512,219.6131490758672,170.7308511682734,195.1720001220703,0.25045753426219114,0.25631248682800056,-0.14346717301298106,159369140.0,0.9017925302226014,0.005996271168666301,-0.12375965395383226,0.0030071956856769777,0.1262476194509239,-0.04989011995084991,0.11933023388093833,-0.03147407730028162,0.1563285274562627,0
2023-03-15,-0.015333393227232373,-0.015452165385496644,0.03496812227934602,-0.0019358744336714882,176.90999755859374,180.25776767503362,183.67599792480468,183.76962451086362,193.73199996948242,186.59488113192413,170.38359954833984,181.34871428471914,1.0200101714911616,0.9824364586935133,0.9314413570120967,1.0590807884478717,41.98139502348132,46.61457774178385,49.192874954952835,-0.7279260652043433,3.0814196492689576,-3.809345714473301,218.0791726965429,169.38482724242192,193.73199996948242,0.2513490051297233,0.22723726138275516,0.015848408583760243,158283420.0,0.9223682429909589,0.050320947926932424,-0.14346717301298106,0.005996271168666301,-0.12375965395383226,0.0030071956856769777,0.1262476194509239,-0.03041929843714275,0.025464841371320768,1
2023-03-16,0.020393505108375454,0.020188342220549882,0.037853695953242956,0.020846093404737847,179.1519989013672,181.5485134109599,182.9989990234375,183.8351482148543,192.22649993896485,186.36013101296112,171.90419967651368,181.45778450425223,1.0277864942170474,1.0061803936929192,0.9578804428175973,1.071119875077544,48.12548319155133,49.14314519247911,50.74064255932835,-0.7402281459887377,2.3170900902174187,-3.0573182362061564,214.9870513877057,169.465948490224,192.22649993896485,0.2368097162042455,0.3221375463071159,-0.17027088487598252,152247030.0,0.7956595278081944,-0.015333393227232373,0.015848408583760243,0.050320947926932424,-0.14346717301298106,0.005996271168666301,-0.12375965395383226,-0.04989011995084991,0.11933023388093833,0
2023-03-17,-0.02172378153438792,-0.021963216854791676,0.049353240152477766,-0.023791455061783953,180.48999938964843,181.07567723491078,181.23300018310547,183.1614857908467,191.13100051879883,185.76678566723268,173.23399978637696,181.40571471517617,0.9980054600916766,0.9939139378635315,0.9424426408791581,1.039807457571489,42.427795392511314,46.561622843314396,49.035759583792476,-1.060519199070626,1.6415682323598098,-2.702087431430436,214.00557886521133,168.25642217238632,191.13100051879883,0.23936021141858313,0.2595366465473745,0.09955934117460585,150147410.0,0.8871088752047072,0.020393505108375454,-0.17027088487598252,-0.015333393227232373,0.015848408583760243,0.050320947926932424,-0.14346717301298106,0.0030071956856769777,0.1262476194509239,1
2023-03-20,0.017320796272765726,0.01717250122413543,0.05506137155738404,0.02903188519646419,182.24400024414064,181.80045148994054,180.1770004272461,183.17757928342002,189.87800064086915,185.5270917941629,174.69219985961914,181.47803962830653,1.0055200706443652,1.01705544861701,0.9650933724891848,1.04898787780598,48.02718280699608,48.81997687499648,50.400650104807355,-1.050485294569171,1.1031575269740137,-2.1536428215431846,211.56589463098723,168.19010665075106,189.87800064086915,0.22844030289889206,0.34719584474432735,-0.026372195791049546,150305840.0,0.8628034679158175,-0.02172378153438792,0.09955934117460585,0.020393505108375454,-0.17027088487598252,-0.015333393227232373,0.015848408583760243,0.005996271168666301,-0.12375965395383226,1
2023-03-21,0.07819919143822474,0.07529223411697607,0.050409994035650024,0.04939453533064519,185.10800170898438,187.06030160364526,181.16399993896485,185.79620156480814,189.8885009765625,186.6749879881526,176.38259994506836,182.10948912645352,1.0673768827221097,1.0906140397519402,1.0405053534834188,1.1201785317405908,65.83331576182465,57.668645718791126,56.0739535027431,0.11248141821062063,0.9050223052213351,-0.7925408870107145,211.59109236373303,168.185909589392,189.8885009765625,0.22858247103492815,0.6772023607060815,0.18280533356363593,150832400.0,1.016965850838414,0.017320796272765726,-0.026372195791049546,-0.02172378153438792,0.09955934117460585,0.020393505108375454,-0.17027088487598252,0.050320947926932424,-0.14346717301298106,0
2023-03-22,-0.03254381959196684,-0.0330851466718186,0.050797839518245326,-0.0408931712517681,187.2480010986328,188.42353236792496,182.0789993286133,186.76961835238563,189.40300064086915,187.10117902704135,177.81019989013672,182.46401872527827,1.020838635258895,1.0498190049446607,1.009223683097438,1.0750226590746195,55.821616123818906,53.222131603971924,53.206607163722474,0.5094207292466137,0.8259019900263909,-0.3164812607797771,210.5288886139038,168.2771126678345,189.40300064086915,0.22307870415518782,0.541347214797435,-0.01965559998800459,150680260.0,0.9979834120275609,0.07819919143822474,0.18280533356363593,0.017320796272765726,-0.026372195791049546,-0.02172378153438792,0.09955934117460585,-0.015333393227232373,0.015848408583760243,1
2023-03-23,0.0055977366381618765,0.0055821275337720674,0.05545730722303853,-0.015568950996904715,188.86600036621093,189.68902198551768,184.00899963378907,187.7605970557161,188.91050033569337,187.58868590262819,179.27759994506835,182.84660627411847,1.0177586270053307,1.0446228260751127,1.0175188826408736,1.0721919597294944,57.08855950599825,53.85969055939138,53.62099305674418,0.8999644121412871,0.8407144744493701,0.059249937691917,209.2778615598915,168.54313911149524,188.91050033569337,0.21562974199957544,0.5812452052227018,-0.04111349919269247,148097270.0,0.97364320085036,-0.03254381959196684,-0.01965559998800459,0.07819919143822474,0.18280533356363593,0.017320796272765726,-0.026372195791049546,0.020393505108375454,-0.17027088487598252,0
2023-03-24,-0.009416281069083654,-0.009460894526444498,0.027362043031691576,-0.006470077087739195,190.9220001220703,189.92934921104825,185.70599975585938,188.24230734778757,188.5870002746582,187.8573828321026,180.6213999938965,183.1432100932554,0.9973182951172019,1.0253303819609176,1.0096666439616524,1.0541940416171265,54.03064350763655,52.554817170791864,52.790649218324205,1.0513026557505611,0.8828321107096083,0.16847054504095282,208.64087510170563,168.5331254476108,188.5870002746582,0.21267504968890696,0.5454526470114497,-0.19336116160253658,140579620.0,0.8273773965244748,0.0055977366381618765,-0.04111349919269247,-0.03254381959196684,-0.01965559998800459,0.07819919143822474,0.18280533356363593,-0.02172378153438792,0.09955934117460585,1
2023-03-27,0.007352522816861606,0.007325624786097459,0.0388405038479101,-0.013424548065696143,192.63399963378907,190.55623199356342,187.43899993896486,188.89097829520688,187.79599990844727,188.23382232986364,181.9863999938965,183.48308411150396,0.9957224473521714,1.0233195739470025,1.0213742446702982,1.0539798444555566,56.15017220622548,53.49335623979451,53.37700436475835,1.269572272477376,0.9601801430631618,0.3093921294142141,205.9400211457231,169.65197867117143,187.79599990844727,0.19323117900403905,0.6106148851363763,0.03902593360639117,135885750.0,0.8893618352181888,-0.009416281069083654,-0.19336116160253658,0.0055977366381618765,-0.04111349919269247,-0.03254381959196684,-0.01965559998800459,0.017320796272765726,-0.026372195791049546,0
2023-03-28,-0.013659325116185062,-0.013753472002494866,0.03657705660148486,-0.014635403951009115,190.95599975585938,190.10082214284438,188.03200073242186,188.94534632178858,186.96999969482422,188.3248871023915,183.32220001220702,183.70688483032365,0.9907518102771791,1.0061585352731117,1.0118735773129677,1.0320081388332045,51.01462522273963,51.4424722881777,52.10532260793366,1.2171107118754492,1.0115662568256192,0.20554445504983,203.1774893799836,170.76251000966485,186.96999969482422,0.17336994931393837,0.568486939979817,-0.18367154427413457,131379420.0,0.7509136514683958,0.007352522816861606,0.03902593360639117,-0.009416281069083654,-0.19336116160253658,0.0055977366381618765,-0.04111349919269247,0.07819919143822474,0.18280533356363593,1
2023-03-29,0.024789906342217005,0.0244876221590413,0.030173255092821413,0.003883394506488442,191.502001953125,191.36054972283375,189.3750015258789,189.84255696924745,186.5254997253418,188.85394593862208,184.57,184.105830714735,1.0124176400530245,1.023788796412593,1.0394289529758676,1.050441593340264,58.87071063565703,54.784326602141796,54.158131143478705,1.536269390924815,1.1165068836454584,0.4197625072793567,201.40884633865443,171.64215311202918,186.5254997253418,0.15958511447741253,0.7470716213412766,0.2534641060832439,129145860.0,0.9575219832830878,-0.013659325116185062,-0.18367154427413457,0.007352522816861606,0.03902593360639117,-0.009416281069083654,-0.19336116160253658,-0.03254381959196684,-0.01965559998800459,1
2023-03-30,0.007220929756684091,0.0071949836717746535,0.014901698485763646,-0.0015339147609629343,192.11400146484374,192.6670327416548,190.49000091552733,190.8311827528928,186.74449996948243,189.4659509710673,185.9,184.5440333839335,1.0164797843484223,1.0251456656031708,1.0457068283735762,1.0504572285061693,61.04635414852865,55.76303656954904,54.76580483235086,1.8804955683505682,1.2693046205864804,0.6111909477640878,202.003044227397,171.48595571156787,186.74449996948243,0.16341626404427545,0.779695712301883,-0.10842471292252953,128057400.0,0.8609592260970471,0.024789906342217005,0.2534641060832439,-0.013659325116185062,-0.18367154427413457,0.007352522816861606,0.03902593360639117,0.0055977366381618765,-0.04111349919269247,1
2023-03-31,0.06237201971890638,0.060504162532241994,0.05104596546406436,0.050270885414550395,195.5240020751953,197.5980240657256,193.2230010986328,193.85460529125177,187.22800064086914,191.17967056561966,187.50580017089842,185.44269900471522,1.06104623735188,1.0736817332009398,1.108060792209206,1.1064191429000165,74.65463571331193,63.22172514740251,59.65169942798313,3.100382858056122,1.6355202680804088,1.464862589975713,204.354411259779,170.10159002195928,187.22800064086914,0.18294710791427865,1.0906668514259257,0.5439338171936705,131759900.0,1.291911271942374,0.007220929756684091,-0.10842471292252953,0.024789906342217005,0.2534641060832439,-0.013659325116185062,-0.18367154427413457,-0.009416281069083654,-0.19336116160253658,0
2023-04-03,-0.061168427796826186,-0.06311918518816903,0.05385842410564281,-0.025711566682456447,196.11600341796876,196.65535080130405,194.3750015258789,194.02104146965343,187.2760009765625,191.52160710912835,188.73280029296876,185.80847568188173,0.9931367194820956,1.0020321684552087,1.0400158229395142,1.0319881015388987,52.40262926828643,53.16411937027806,53.34795709654065,3.008495122664158,1.9101152389971587,1.0983798836669991,204.48113252588243,170.07086942724257,187.2760009765625,0.18374091137788812,0.7177839580713539,-0.003972457160380416,135746050.0,1.2489932487906645,0.06237201971890638,0.5439338171936705,0.007220929756684091,-0.10842471292252953,0.024789906342217005,0.2534641060832439,0.007352522816861606,0.03902593360639117,0
2023-04-04,-0.011244043709844997,-0.011307735857578558,0.04372207959750646,-0.024021920318377576,196.79400329589845,195.29690114455428,193.8750015258789,193.75903426263548,187.51950073242188,191.62240660645466,189.70940032958984,186.07402572694735,0.9785867384459495,0.9933204400534776,1.0269865324879135,1.015131572270418,49.43585741301833,51.63739660489295,52.34558746036505,2.7275174130265327,2.0735956738030334,0.6539217392234993,204.8794602923367,170.15954117250706,187.51950073242188,0.18515364527006015,0.6457520992824722,-0.2541028712578718,133053290.0,0.9504748059969055,-0.061168427796826186,-0.003972457160380416,0.06237201971890638,0.5439338171936705,0.007220929756684091,-0.10842471292252953,-0.013659325116185062,-0.18367154427413457,0
2023-04-05,-0.036660076287605925,-0.03734894534323148,0.0373005498575904,-0.026243963299777934,195.12200317382812,192.0379355205232,193.31200256347657,192.26102880987645,187.69550094604492,191.0412254317886,190.54200042724608,186.05229939539888,0.9507897687334982,0.9596921133313643,0.9884094362271936,0.9736436263735844,40.757371186695615,46.955981861924236,49.21546754686686,1.913104673872425,2.041497473816912,-0.12839279994448694,204.898724805913,170.49227708617684,187.69550094604492,0.18330992243456412,0.4367706689366809,0.05866263705503072,131403900.0,1.0188624538541093,-0.011244043709844997,-0.2541028712578718,-0.061168427796826186,-0.003972457160380416,0.06237201971890638,0.5439338171936705,0.024789906342217005,0.2534641060832439,0
2023-04-06,-0.002479553165553039,-0.002482632348555218,0.03593425907389225,0.010814920841907095,193.0780029296875,189.7119561998801,192.59600219726562,190.95175040055233,188.30250091552733,190.4715846819605,191.35460052490234,186.0133855978771,0.9584727143981615,0.9608714378663314,0.9827803489535799,0.9671050345847869,40.220639435403186,46.65916128092812,49.01494724238698,1.2165345600515138,1.8765048910638327,-0.6599703310123188,204.18340751681322,172.42159431424145,188.30250091552733,0.16867440978290643,0.397911893875409,-0.07487610404645861,129370300.0,0.9573905293564288,-0.036660076287605925,0.05866263705503072,-0.011244043709844997,-0.2541028712578718,-0.061168427796826186,-0.003972457160380416,0.007220929756684091,-0.10842471292252953,0
2023-04-10,-0.0029720256079851515,-0.0029764508462149673,0.04872367763704524,0.02539731023354749,188.48800048828124,187.97796896886538,192.0060012817383,189.78052205624024,188.85600051879882,189.90381418909152,191.83940032958984,185.95442908450292,0.9788951765038612,0.9609595183230593,0.9769877260980634,0.9617940537232622,39.49513110866565,46.282453087248435,48.76551089025865,0.6130502153501709,1.6238139559211002,-1.0107637405709293,203.336179938572,174.37582109902564,188.85600051879882,0.1533462466640748,0.34993259109661773,0.14772331841570052,131954520.0,1.0772999666854914,-0.002479553165553039,-0.07487610404645861,-0.036660076287605925,0.05866263705503072,-0.011244043709844997,-0.2541028712578718,0.06237201971890638,0.5439338171936705,1
2023-04-11,0.012357047570192181,0.012281322445656457,0.01895181044039731,0.0005355982828161632,186.89199829101562,187.5819770746212,191.50400085449218,189.23678955258436,189.47150039672852,189.60725981738116,192.01720031738282,185.98719630809623,0.9994542034660897,0.9753842867651568,0.9858474382427912,0.9727774021149667,44.34997324651701,48.15124385261717,49.8758034903191,0.31512876283176183,1.3620769173032328,-1.046948154471471,202.42063202998168,176.52236876347536,189.47150039672852,0.1366868537604798,0.3964599640137399,-0.18559863697692514,131446450.0,0.8807457333385572,-0.0029720256079851515,0.14772331841570052,-0.002479553165553039,-0.07487610404645861,-0.036660076287605925,0.05866263705503072,-0.061168427796826186,-0.003972457160380416,0
2023-04-12,-0.03346003653646468,-0.03403263254550459,0.062423865578633435,-0.05347599828708618,184.48399658203124,185.23464914512508,190.63899993896484,187.65555386777498,189.33550033569335,188.74371062392893,192.29480010986327,185.77358050331335,0.9786214340052812,0.947025495013794,0.9535453888258354,0.9388709064570928,35.293290879709716,43.666637341799,46.94746113978219,-0.4204521901422993,1.0055710958141264,-1.4260232859564257,202.59611226569876,176.07488840568794,189.33550033569335,0.14007528336201336,0.16835968445549132,0.2978762366017713,136606620.0,1.0999196085811946,0.012357047570192181,-0.18559863697692514,-0.0029720256079851515,0.14772331841570052,-0.002479553165553039,-0.07487610404645861,-0.011244043709844997,-0.2541028712578718,1
2023-04-13,0.029688716127604264,0.029256539212836878,0.029908540834540056,0.01606901549372514,184.55999450683595,185.45643072891153,189.84099884033202,187.33636114572215,189.60800018310547,188.47288045941042,192.5483999633789,185.77853789128085,1.0072605083958148,0.9792404961629902,0.9804438299911382,0.9654715070696044,46.27109286379063,48.12849003672121,49.61148216466426,-0.5643921793658251,0.6915784407781361,-1.255970620143961,202.34051411005373,176.87548625615722,189.60800018310547,0.13430355169246444,0.3543882886013132,-0.2483975713497537,135533920.0,0.8332452864935951,-0.03346003653646468,0.2978762366017713,0.012357047570192181,-0.18559863697692514,-0.0029720256079851515,0.14772331841570052,-0.036660076287605925,0.05866263705503072,0
2023-04-14,-0.004841279860318459,-0.004853036816821088,0.023081104175464526,0.005708089530728564,184.5479949951172,185.30428715260769,188.81299896240233,186.9115682101363,189.65149993896483,188.14212993946657,192.62019989013672,185.74800699358357,1.002449254487402,0.9798054213250349,0.9754734344813417,0.9604392483525456,44.78276537616108,47.44891834852552,49.176120918068285,-0.7425282403930851,0.4047571045438919,-1.1472853449369769,202.3146112715081,176.98838860642155,189.65149993896483,0.13354085084081724,0.31633660887862475,-0.14605385494054002,134152570.0,0.7188732947866746,0.029688716127604264,-0.2483975713497537,-0.03346003653646468,0.2978762366017713,0.012357047570192181,-0.18559863697692514,-0.002479553165553039,-0.07487610404645861,1
2023-04-17,0.011026990735853115,0.010966636750077955,0.03742515104398788,0.0038642439545485963,185.05399475097656,185.88285586378274,186.7709976196289,186.93491822395382,189.99699935913085,188.03716454391096,192.59559967041017,185.79867312270315,1.0107319949392541,1.001440243238684,0.9844365643511626,0.9711540326269931,49.11134748901282,49.19986051993762,50.21588973560786,-0.7108971629264147,0.18162625104983057,-0.8925234139762452,201.9598221448172,178.0341765734445,189.99699935913085,0.12592643911259152,0.376408514697044,0.20970315858674993,128796580.0,0.9057864735228218,-0.004841279860318459,-0.14605385494054002,0.029688716127604264,-0.2483975713497537,-0.03346003653646468,0.2978762366017713,-0.0029720256079851515,0.14772331841570052,0
2023-04-18,-0.014595786064655836,-0.014703352511066695,0.02229939050943212,-0.01517497424798994,184.55799560546876,185.3585697620531,185.7249969482422,186.45765992116105,190.04999923706055,187.68219625959506,192.48219970703124,185.7402936888165,0.9986562595347798,0.9923812119375467,0.969797412778166,0.9575430758746729,43.75598918354972,46.94560572076927,48.812675063892534,-0.8957910245106291,-0.033857204062261365,-0.8619338204483677,201.90166118292004,178.19833729120106,190.04999923706055,0.12472151532162033,0.25783979897974857,-0.2108240715501679,121048690.0,0.7605782433498455,0.011026990735853115,0.20970315858674993,-0.004841279860318459,-0.14605385494054002,0.029688716127604264,-0.2483975713497537,0.012357047570192181,-0.18559863697692514,0
2023-04-19,-0.020183393575926356,-0.020389861131667686,0.03239385471036859,0.008319319841417651,184.5679962158203,183.7690452873323,184.52599639892577,185.39081199693004,189.20049896240235,187.00674864800416,192.19879974365233,185.53832124368216,0.9784469682746184,0.9786696718194333,0.9544900638648802,0.9396000213256009,37.29137026034467,43.98800721986278,46.93612314892664,-1.327194676981577,-0.2925246986461245,-1.0346699783354525,201.20605730717352,177.19494061763118,189.20049896240235,0.12690831589357385,0.14139516142279676,0.3656652220665384,120975580.0,1.0393229774141195,-0.014595786064655836,-0.2108240715501679,0.011026990735853115,0.20970315858674993,-0.004841279860318459,-0.14605385494054002,-0.03346003653646468,0.2978762366017713,0
2023-04-20,-0.09745828230593856,-0.10254036525166675,0.056077054307675185,-0.019136984478679155,179.98599853515626,176.84269868927623,182.2729965209961,181.3179380871544,187.79249954223633,184.71943977611463,191.52239990234375,184.65407356719126,0.9055704711459963,0.8942081855465035,0.8679260667517025,0.8510231992512197,20.54060180331055,33.29914654848139,39.40968354413733,-3.054052139585366,-0.8448301868339728,-2.209221952751393,204.3104131266315,171.27458595784117,187.79249954223633,0.1759166486910743,-0.2507756328409338,0.6779310394193396,128684410.0,1.63944334826573,-0.020183393575926356,0.3656652220665384,-0.014595786064655836,-0.2108240715501679,0.011026990735853115,0.20970315858674993,0.029688716127604264,-0.2483975713497537,1
2023-04-21,0.012822849668400638,0.012741333042302827,0.028349846279810582,0.0016990216875720405,176.0019989013672,172.92179973653572,180.27499694824218,178.3655860405908,186.4354995727539,182.84901711468035,190.79820007324219,183.88646291087218,0.9379439032596825,0.9157121321624537,0.8854536942232639,0.8652073330235034,25.1957401953089,35.309423603858605,40.59739310675438,-4.205475775473559,-1.5169593045618903,-2.6885164709116687,205.53331698067686,167.33768216483097,186.4354995727539,0.2048731861870575,-0.05910833383608679,-0.414426072233693,128652520.0,0.9602532464968428,-0.09745828230593856,0.6779310394193396,-0.020183393575926356,0.3656652220665384,-0.014595786064655836,-0.2108240715501679,-0.004841279860318459,-0.14605385494054002,0
2023-04-24,-0.015325895028073244,-0.015444550452118741,0.043309708729388316,-0.012754272229410642,171.1040008544922,169.46453417494308,178.07899780273436,175.4900254971666,185.04249954223633,180.9157776801163,189.90279998779297,183.0497389948285,0.9500070263698348,0.912797157763777,0.8784468619580846,0.855964225183655,23.270378413481794,33.974557208353204,39.610474886092966,-5.261485925296,-2.2658646287087123,-2.995621296587288,206.67370121172104,163.41129787275162,185.04249954223633,0.23379711928877553,-0.019908621678860313,0.13329879633152286,128437720.0,1.090073850579098,0.012822849668400638,-0.414426072233693,-0.09745828230593856,0.6779310394193396,-0.020183393575926356,0.3656652220665384,0.011026990735853115,0.20970315858674993,0
2023-04-25,-0.011565701922588656,-0.011633104865311444,0.02937699181237321,0.005318425765068507,166.3760009765625,166.53302217294384,175.4669982910156,172.79547507385365,183.4854995727539,178.9876082028619,189.1783999633789,182.17210209969582,0.9657041714302234,0.9156707513880805,0.8756550165711487,0.849304139373458,21.824552425702336,32.97690222213845,38.87314695676071,-6.178856250705508,-3.0484629531080714,-3.1303932975974362,207.31522573156607,159.65577341394172,183.4854995727539,0.2597450612097382,0.021280663240616764,-0.1286175080317642,129060560.0,0.9452872356977221,-0.015325895028073244,0.13329879633152286,0.012822849668400638,-0.414426072233693,-0.09745828230593856,0.6779310394193396,-0.014595786064655836,-0.2108240715501679,0
2023-04-26,-0.04306963495243776,-0.04402465397224694,0.04897560181656504,-0.04080100792354708,161.00800170898438,162.27201478196258,172.78799896240236,169.33266142406208,181.7134994506836,176.584026469256,188.36059997558593,181.05750986049208,0.9549214844483137,0.8898187427557113,0.8461121516276077,0.8162535053505249,17.227924653986307,29.53857079861079,36.26420118281297,-7.379202014851529,-3.914610765456763,-3.464591249394766,208.65097571417317,154.77602318719403,181.7134994506836,0.29648293984674823,-0.019044530696898945,0.25708999969671953,129371340.0,1.1854565315625547,-0.011565701922588656,-0.1286175080317642,-0.015325895028073244,0.13329879633152286,0.012822849668400638,-0.414426072233693,-0.020183393575926356,0.3656652220665384,1
2023-04-27,0.041886194740853755,0.041032719267455574,0.05062738302484271,0.04946280845091401,160.4480010986328,161.57801066844382,170.21699981689454,167.67035979085193,180.02899932861328,175.02269084755602,187.37940002441405,180.2391762362142,0.9983920107732103,0.9410928556708524,0.8898011044820939,0.8548965490365257,32.63312164611516,36.20494421774683,40.186866527212615,-7.721817994114758,-4.676052211188362,-3.045765782926396,207.90954592685472,152.14845273037184,180.02899932861328,0.3097339506659157,0.1442143482140631,-0.171806178890627,130779560.0,0.971215991245115,-0.04306963495243776,0.25708999969671953,-0.011565701922588656,-0.1286175080317642,-0.015325895028073244,0.13329879633152286,-0.09745828230593856,0.6779310394193396,1
2023-04-28,0.025719427270091355,0.025394246651119615,0.04674087267905002,0.021193311320466635,160.29400024414062,162.48867296516048,168.14799957275392,167.05938483953224,178.48049926757812,174.00243434384532,186.38079986572265,179.61450256258203,1.0250539465503166,0.9771748577211021,0.9206047620488783,0.8815822105977132,40.849813314763104,40.10882355598126,42.56152256882074,-7.573590811891592,-5.2555599313290084,-2.318030880562583,206.24076359162288,150.72023494353337,178.48049926757812,0.3110733602602326,0.24477005075361455,-0.03542410672108531,133387270.0,0.9184969450233145,0.041886194740853755,-0.171806178890627,-0.04306963495243776,0.25708999969671953,-0.011565701922588656,-0.1286175080317642,0.012822849668400638,-0.414426072233693,0
2023-05-01,-0.015093395194377579,-0.015208459761728233,0.027497972550774862,-0.00821227157521446,160.15,162.26911592045855,165.6270004272461,166.10858792889996,176.1989990234375,172.84315505691288,185.5766000366211,178.91707116134566,1.010490176903245,0.9770750023462552,0.9184501769475348,0.8720388335550908,37.62689041393055,38.57846490961288,41.519680964493865,-7.568984093977491,-5.7182447638587055,-1.8507393301187856,201.44373598969653,150.95426205717845,176.1989990234375,0.2865480179362546,0.21540608223433363,-0.1101963991583127,132622550.0,0.8219944496618411,0.025719427270091355,-0.03542410672108531,0.041886194740853755,-0.171806178890627,-0.04306963495243776,0.25708999969671953,-0.015325895028073244,0.13329879633152286,0
2023-05-02,-0.00939259874721976,-0.009436987371174365,0.040920796689458555,-0.009698587082174252,160.0779998779297,161.6160764665036,163.22700042724608,165.05429877066246,174.47599868774415,171.6495210094539,184.6166000366211,178.18738200045343,1.0014492789817524,0.9821291645314986,0.9188083103940102,0.8683401033644547,35.61750169569565,37.630756346798414,40.87575855294883,-7.6003725151360015,-6.094670314114165,-1.5057022010218368,199.11209923524387,149.83989814024443,174.47599868774415,0.2824010263049465,0.2124950618333938,0.17653258725863408,136241820.0,0.941412115604445,-0.015093395194377579,-0.1101963991583127,0.025719427270091355,-0.03542410672108531,0.041886194740853755,-0.171806178890627,-0.011565701922588656,-0.1286175080317642,1
2023-05-03,0.0018713932775662467,0.001869644402715088,0.031691652565516315,0.0037498039129673965,161.45,161.28071784778626,161.2290008544922,164.24624455969683,172.87749862670898,170.59813811430132,183.88140014648437,177.4980729263318,0.9947971546011246,0.9961607388195671,0.9290393595823225,0.873443428657851,36.39958539000793,37.954725840612426,41.06517674257951,-7.514418783822094,-6.378620008055751,-1.135798775766343,196.74418744145345,149.01080981196452,172.87749862670898,0.2761109919374683,0.24299958172708996,-0.06651894554563909,135641350.0,0.8826806869734045,-0.00939259874721976,0.17653258725863408,-0.015093395194377579,-0.1101963991583127,0.025719427270091355,-0.03542410672108531,-0.04306963495243776,0.25708999969671953,1
2023-05-04,0.003673471985857102,0.0036667412660127767,0.02047148333890708,-0.009280374305929564,161.6519989013672,161.2538108812716,161.05,163.69238135761415,171.66149826049804,169.70307705086714,183.08820007324218,176.8589326918969,0.9972038579405331,1.0009313688186412,0.9390573808438953,0.8804499519016306,38.12414052590838,38.62987383642504,41.45250338602538,-7.314376479811983,-6.565771302406999,-0.7486051774049844,195.30489959590008,148.018096925096,171.66149826049804,0.2754653964341258,0.2787648831940374,-0.2056285914740078,124055120.0,0.7666632380832005,0.0018713932775662467,-0.06651894554563909,-0.00939259874721976,0.17653258725863408,-0.015093395194377579,-0.1101963991583127,0.041886194740853755,-0.171806178890627,1
2023-05-05,0.05496278398315546,0.05350549046047228,0.04280841399394099,0.03714091780540703,162.8019989013672,164.189206440379,161.5479995727539,164.85012975779227,170.91149826049804,169.73706948017445,182.44799987792967,176.59230778470857,1.0445817539477742,1.0526902097726467,0.9950178852179596,0.9321011886804769,58.051967951395234,47.81356056870415,46.94999471734561,-6.3675127857610505,-6.52611959907781,0.15860681331675952,193.7450137786638,148.07798274233227,170.91149826049804,0.26719694988997905,0.4813541480017203,0.131416224627662,122461950.0,0.8786998737158767,0.003673471985857102,-0.2056285914740078,0.0018713932775662467,-0.06651894554563909,-0.00939259874721976,0.17653258725863408,0.025719427270091355,-0.03542410672108531,1
2023-05-08,0.010172855182730478,0.01012145995502574,0.02683509395493812,-0.011109877509834505,164.79399719238282,166.72280205563027,162.4719985961914,166.11192312658147,170.2754981994629,169.93258603312287,181.9461996459961,176.4039817259409,1.0424529789491226,1.0573513883650831,1.0088943805931245,0.9441801676560229,60.919183887932235,49.40561647955532,47.95197925562871,-5.415098405766344,-6.303915360415518,0.8888169546491742,192.2509840252063,148.3000123737195,170.2754981994629,0.2581168289990968,0.5344587395855372,0.043139266573922086,119686230.0,0.9378639464205698,0.05496278398315546,0.131416224627662,0.003673471985857102,-0.2056285914740078,0.0018713932775662467,-0.06651894554563909,-0.015093395194377579,-0.1101963991583127,0
2023-05-09,-0.015367597024416146,-0.015486902413259212,0.01927289319099855,0.0011837641423779164,166.56199645996094,167.53186600258164,163.31999816894532,166.66429963020016,169.39349822998048,169.85805344868112,181.17659942626952,176.11951161498183,1.015537742651551,1.0356967658149754,0.9985624930352078,0.9336194322673584,54.31018500512002,47.046903109033416,46.54339842406414,-4.817792521973018,-6.006690792727019,1.1888982707540006,190.0215840327508,148.76541242721015,169.39349822998048,0.24355227347349773,0.49409774770610554,-0.2074345163537622,116382800.0,0.7644170788123331,0.010172855182730478,0.043139266573922086,0.05496278398315546,0.131416224627662,0.003673471985857102,-0.2056285914740078,-0.00939259874721976,0.17653258725863408,0
2023-05-10,-0.0036062703657255835,-0.003612788634512576,0.04598315123249537,-0.023239696868751512,168.1479949951172,167.86790843043204,164.7989974975586,167.00533484036973,168.79349822998046,169.7325239093908,180.43319915771485,175.8222756020858,1.0023312694928477,1.0227003552532512,0.9984981356124142,0.9340852685254097,52.76700261170619,46.494556009946464,46.214042907758476,-4.343575225559334,-5.674067679293483,1.3304924537341485,188.77786080717874,148.80913565278217,168.79349822998046,0.23679066773021873,0.4936574173214589,0.3470544596189513,113030460.0,1.0602513694096265,-0.015367597024416146,-0.2074345163537622,0.010172855182730478,0.043139266573922086,0.05496278398315546,0.131416224627662,0.0018713932775662467,-0.06651894554563909,1
2023-05-11,0.021003967520705658,0.020786425091438347,0.03940036009961485,0.020035595399859423,170.3239959716797,169.27193956397292,165.98799743652344,167.9280015659488,168.10249862670898,169.95609323526358,179.81939910888673,175.6755197679277,1.0103097972153434,1.0367014753392692,1.023661178369384,0.9569601649422398,60.3875844916893,50.15207700641161,48.43737928397698,-3.6401441809045707,-5.2672829796157,1.6271387987111297,186.57135371294507,149.6336435404729,168.10249862670898,0.21973326080355673,0.6076813691420954,-0.13310002361468187,110717930.0,0.9383295009218471,-0.0036062703657255835,0.3470544596189513,-0.015367597024416146,-0.2074345163537622,0.010172855182730478,0.043139266573922086,0.003673471985857102,-0.2056285914740078,0
2023-05-12,-0.023826162598143963,-0.024114596337054404,0.06042391602233753,-0.045947698416247476,169.90799560546876,168.84129161849498,166.35499725341796,167.93745504987427,167.25149841308593,169.76789347262317,179.3609991455078,175.3737345114419,0.9886526830532063,1.0097682576475033,1.0043556997776717,0.9365469445855628,49.579029613197704,46.21196834417418,46.118994109548794,-3.374605881459445,-4.888747559984449,1.5141416785250046,184.01752637447345,150.4854704516984,167.25149841308593,0.2004888221686118,0.5217253996036175,0.5193931267620817,114251310.0,1.3815999133839254,0.021003967520705658,-0.13310002361468187,-0.0036062703657255835,0.3470544596189513,-0.015367597024416146,-0.2074345163537622,0.05496278398315546,0.131416224627662,0
2023-05-15,-0.009703474612936969,-0.009750860107846383,0.031319454547155665,-0.007813417213289762,168.81999816894532,168.01086311350187,166.80699768066407,167.64882796871814,166.21699905395508,169.44238038985102,178.73219940185547,175.0198628091703,0.9853690789466905,0.9972603572781562,1.000800201244864,0.9307220895855473,45.7786249388108,44.708164684215696,45.215588512412936,-3.25813366949194,-4.5626247818859476,1.3044911123940075,180.3118410081801,152.12215709973006,166.21699905395508,0.16959567354058347,0.5047182880798702,-0.33105627128608495,113909060.0,0.926989477395389,-0.023826162598143963,0.5193931267620817,0.021003967520705658,-0.13310002361468187,-0.0036062703657255835,0.3470544596189513,0.010172855182730478,0.043139266573922086,1
2023-05-16,0.001021930644472091,0.0010214088288270423,0.031047309850449758,0.0052521002597817,168.29400024414062,167.51391016648824,167.4279983520508,167.44358729667135,165.32749938964844,169.16405885486148,178.18639953613283,174.68653502341698,0.9894589470265952,0.9945768086071207,1.0072129856630927,0.934527016124448,46.27966988674568,44.90951732733514,45.3328561126655,-3.1161896760460763,-4.273337760717974,1.1571480846718973,176.731304656229,153.92369412306786,165.32749938964844,0.13795412509934324,0.5522853931181724,-0.06916873831001258,110911970.0,0.8861874872477695,-0.009703474612936969,-0.33105627128608495,-0.023826162598143963,0.5193931267620817,0.021003967520705658,-0.13310002361468187,-0.015367597024416146,-0.2074345163537622,1
2023-05-17,0.04407876621166107,0.04313493317739194,0.04204530963379345,0.03236147989864562,169.35800170898438,169.62927364777602,168.75299835205078,168.61020789915864,164.9909996032715,169.6112914030034,177.9093994140625,174.65412190917914,1.0265827351287669,1.030263179369688,1.0537544534453758,0.9772389833418162,63.34293769980716,52.887117849686874,50.168617591029054,-2.383941088118064,-3.895458426197992,1.511517338079928,174.86853972874823,155.11345947779475,164.9909996032715,0.11973429034587033,0.9489478602169692,0.27658085153140544,111486530.0,1.1254597304266265,0.001021930644472091,-0.06916873831001258,-0.009703474612936969,-0.33105627128608495,-0.023826162598143963,0.5193931267620817,-0.0036062703657255835,0.3470544596189513,1
2023-05-18,0.01742780840135616,0.01727768584344739,0.026061397627102592,0.01532543996233211,170.32000122070312,172.0495155617335,170.3219985961914,170.11562453379315,165.6859992980957,170.3045016874458,177.80719940185546,174.74180337900148,1.0385744370705576,1.03856225765075,1.0676218880232295,0.9948416036285792,68.20650768326043,55.73663594427726,52.00869851880544,-1.5413653278531285,-3.4246398065290196,1.883274478675891,176.78330276897023,154.5886958272212,165.6859992980957,0.13395583836759425,1.0048073219299734,-0.12714467425817066,112927710.0,0.9698266262549732,0.04407876621166107,0.27658085153140544,0.001021930644472091,-0.06916873831001258,-0.009703474612936969,-0.33105627128608495,0.021003967520705658,-0.13310002361468187,1
2023-05-19,0.018373000232992265,0.018206255962432197,0.03130897862083891,0.016763567485455405,172.752001953125,174.74634350437182,171.3299987792969,171.93823814394864,166.4389991760254,171.24121575432224,177.95159942626952,174.95349734020334,1.0427664938929515,1.0514212378049472,1.0823184486896182,1.012297725732359,72.73354331978902,58.62713562818241,53.92485471706376,-0.6044029478409811,-2.860592434791412,2.2561894869504306,179.1901672089291,153.68783114312168,166.4389991760254,0.15322332020776103,1.0372449087906437,0.24357493542293063,115786650.0,1.176272912291702,0.01742780840135616,-0.12714467425817066,0.04407876621166107,0.27658085153140544,0.001021930644472091,-0.06916873831001258,-0.023826162598143963,0.5193931267620817,1
2023-05-22,0.04846228354123516,0.0473245988875953,0.04876373670763685,0.0452130509514366,177.25599975585936,179.45422737531038,173.03799896240236,175.01673941181025,167.75499877929687,172.92014712221416,178.26019927978516,175.49924235106545,1.065521028215262,1.0914943321681911,1.125868060514072,1.0595185906908469,81.1464527255706,65.20087123823137,58.58834365734632,0.8329820853949172,-2.121877530754146,2.9548596161490632,183.66945522592667,151.84054233266707,167.75499877929687,0.1897345123833514,1.1633904339963226,-0.030803242663001384,117761850.0,1.1209181920970162,0.018373000232992265,0.24357493542293063,0.01742780840135616,-0.12714467425817066,0.04407876621166107,0.27658085153140544,-0.009703474612936969,-0.33105627128608495,0
2023-05-23,-0.01641335799687571,-0.016549549453013485,0.041449168487599164,-0.0023093054931723474,181.1059997558594,181.55948634102725,174.7,176.9718784773831,169.00999908447267,174.1439430412853,178.4859994506836,175.90201732837508,1.0257528989811981,1.0633657943472292,1.0991657610719912,1.0408099506078623,71.94960320126998,61.46610519125348,56.45773651030241,1.7023530601697132,-1.357031412569374,3.0593844727390875,186.38349783347894,151.6365003354664,169.00999908447267,0.20559137143504566,0.9823439835038094,0.18901844980432037,124560560.0,1.2600465187375522,0.04846228354123516,-0.030803242663001384,0.018373000232992265,0.24357493542293063,0.01742780840135616,-0.12714467425817066,0.001021930644472091,-0.06916873831001258,0
2023-05-24,-0.015449266889003499,-0.015569850375932186,0.032804812467056785,0.0036766623753153095,182.91399841308595,182.0063221928463,176.13600006103516,178.0497176444924,170.46749877929688,174.97785264654235,178.47879943847656,176.17644778202643,0.9999234366056011,1.0384021087858548,1.0729317623958556,1.0247715385352076,64.10241967920774,58.145379867413276,54.530032844795855,2.1351374342296765,-0.6585976432095639,2.7937350774392407,187.35992649422272,153.57507106437103,170.46749877929688,0.19818942421154848,0.867990182553878,-0.12326690754695224,126337000.0,1.0891908150423075,-0.01641335799687571,0.18901844980432037,0.04846228354123516,-0.030803242663001384,0.018373000232992265,0.24357493542293063,0.04407876621166107,0.27658085153140544,1
2023-05-25,0.008583965973816943,0.008547333224801432,0.033609784285870976,-0.011096773560265635,184.42999877929688,182.82754853546527,177.375,179.21704193107618,171.6814987182617,175.88186679646242,178.55919952392577,176.50168517177846,1.0002168976938188,1.0400000068820472,1.074489695150134,1.0331027564669686,66.43852011439112,59.43641046040316,55.404641914778594,2.5751242097501574,-0.011853272617619703,2.586977482367777,188.93106565271015,154.43193178381327,171.6814987182617,0.20094846635461724,0.8706905382332236,-0.296023911904428,125635080.0,0.7710481817657935,-0.015449266889003499,-0.12326690754695224,-0.01641335799687571,0.18901844980432037,0.04846228354123516,-0.030803242663001384,0.01742780840135616,-0.12714467425817066,1
2023-05-26,0.047162123329924865,0.04608376548838008,0.07283743571769984,0.04631135997122468,187.03599853515624,186.2750317466253,179.8940002441406,181.7539430652342,173.1244987487793,177.52835549860367,178.73999938964843,177.1553445050007,1.032795823701479,1.0737990033396743,1.1157866134778187,1.0807317826371918,76.37709072997185,65.7423867848965,59.89326710969096,3.5845138991516308,0.7074201617362305,2.8770937374154,192.37811864044465,153.87087885711395,173.1244987487793,0.22242513371379347,1.0205644323757386,0.6729671613810988,126056270.0,1.2856282357077518,0.008583965973816943,-0.296023911904428,-0.015449266889003499,-0.12326690754695224,-0.01641335799687571,0.18901844980432037,0.018373000232992265,0.24357493542293063,1
2023-05-30,0.041362559242642094,0.040530008769500823,0.034549596449183664,0.0052973389618258815,189.49400024414064,191.23668905178667,183.375,185.2823177192115,175.09099884033202,179.7789886570328,179.16059936523436,178.0967036876324,1.0615639724895694,1.0969870683686946,1.148888320898495,1.122791531033156,82.06705171407859,70.30771711495882,63.44162820763705,4.971876471223965,1.5603114236337774,3.4115650475901873,197.15722107062325,153.0247766100408,175.09099884033202,0.25205433033612124,1.0906993174842439,-0.20512459776072667,128378890.0,1.0034258747680402,0.047162123329924865,0.6729671613810988,0.008583965973816943,-0.296023911904428,-0.015449266889003499,-0.12326690754695224,0.04846228354123516,-0.030803242663001384,1
2023-05-31,0.013770078361723614,0.013676132280176065,0.04329918181820903,0.020772819710891084,193.1259979248047,195.46779025978486,187.11599884033203,188.67280407495144,177.2719985961914,182.079084277866,179.57419921875,179.10977384403043,1.05594272582184,1.0898586648905249,1.1503790462717929,1.135630806446543,83.65901115344491,71.71501708384707,64.5822756854852,6.223149672984107,2.4928790735038433,3.7302705994802636,201.57288411681455,152.97111307556824,177.2719985961914,0.27416496359335624,1.0484984087712836,0.16995203336161602,133621180.0,1.12790277708968,0.041362559242642094,-0.20512459776072667,0.047162123329924865,0.6729671613810988,0.008583965973816943,-0.296023911904428,-0.01641335799687571,0.18901844980432037,1
2023-06-01,0.017604137329555458,0.017450979367424225,0.05026025308324665,0.024334903122994172,198.05,199.4851949306769,190.48199920654298,192.09956774722588,179.61749877929688,184.502029039256,179.77299926757811,180.2239005274983,1.0478162296009135,1.0894467988413086,1.1553440265163082,1.15434467421653,85.5928605790077,73.47003765139469,66.02483372066155,7.418955531956016,3.478094365194278,3.9408611667617377,205.99914934845089,153.23584821014288,179.61749877929688,0.2937536793290968,1.0288241048455904,-0.017794238934336182,135876810.0,1.0894419732108813,0.013770078361723614,0.16995203336161602,0.041362559242642094,-0.20512459776072667,0.047162123329924865,0.6729671613810988,-0.015449266889003499,-0.12326690754695224,1
2023-06-02,0.031081326211682914,0.030608082827557156,0.035051642553686736,0.01817752764770675,203.95,204.313463694019,194.18999938964845,196.07601019694903,182.25599899291993,187.3085025803462,180.2293994140625,181.54727702527103,1.0491296946344846,1.1018590138175215,1.1740080019479369,1.1872092006982962,88.45636234718714,76.31366392212848,68.44908460051671,8.785823633495141,4.539640218854451,4.24618341464069,211.17524454500472,153.33675344083514,182.25599899291993,0.31734752997851345,1.0483200135816984,0.11057563370643364,141364620.0,1.1629387890690046,0.017604137329555458,-0.017794238934336182,0.013770078361723614,0.16995203336161602,0.041362559242642094,-0.20512459776072667,0.008583965973816943,-0.296023911904428,1
2023-06-05,0.017011727666879306,0.016868648629117366,0.031110652059571895,-0.0008723711604407002,208.83800048828124,208.74564266612987,197.93699951171874,199.99128118120402,184.6334991455078,190.1943595355848,180.73719940185546,182.96150147958792,1.0420038503603781,1.099390215811916,1.1786051914601656,1.2040133482787472,89.79216398776526,77.76227788871432,69.72897900678689,10.046978665687249,5.641107908221011,4.4058707574662375,216.78851945766763,152.478478833348,184.6334991455078,0.34831187689097276,1.0127737619928245,-0.08062913021051299,142859260.0,1.057986020647174,0.031081326211682914,0.11057563370643364,0.017604137329555458,-0.017794238934336182,0.013770078361723614,0.16995203336161602,0.047162123329924865,0.6729671613810988,1
2023-06-06,0.017002881015874438,0.0168599499197107,0.0423840087944019,0.023919673283726853,212.8679992675781,212.93376096361783,201.18099975585938,203.86741143163852,187.10949935913087,193.15775363301424,181.35519927978515,184.46536407092148,1.039658371949106,1.1000541692662908,1.1827833344464236,1.2203123948884886,91.02394033845309,79.15763845258743,70.9852140442284,11.215724060960355,6.75603113876888,4.459692922191475,222.4006455811088,151.81835313715294,187.10949935913087,0.3772245272725725,0.984547852092208,-0.027996646886295218,144350280.0,1.0177437826930436,0.017011727666879306,-0.08062913021051299,0.031081326211682914,0.11057563370643364,0.017604137329555458,-0.017794238934336182,0.041362559242642094,-0.20512459776072667,1
2023-06-07,0.014730512862447087,0.01462307267215497,0.03397606373943259,-0.01504382752535636,216.99600219726562,216.81250975048482,205.06100006103514,207.63151977574398,189.88050003051757,196.14939684170037,182.01039947509764,186.0380951788939,1.0349038924692622,1.0951375798293037,1.1826912573335644,1.233830638094633,92.0144674888485,80.32883159472652,72.0579882865933,12.263651015073634,7.857555114029832,4.406095901043802,227.70774400738753,152.0532560536476,189.88050003051757,0.39843210830801873,0.9585254388994424,0.264098954745575,147226150.0,1.2613981959047356,0.017002881015874438,-0.027996646886295218,0.017011727666879306,-0.08062913021051299,0.031081326211682914,0.11057563370643364,0.013770078361723614,0.16995203336161602,1
2023-06-08,0.045820870777622646,0.04480209933086133,0.05203100225217543,0.04745339100759047,222.46400146484376,222.8283400371071,210.2570007324219,212.58215265476352,193.1965003967285,199.83612101014333,182.92379943847655,187.95267970561775,1.0557213709359028,1.117013939094661,1.2156534933503824,1.283922602369425,94.32189117084457,83.48366330171899,75.10820484344333,13.765773865024016,9.03919886422867,4.726575000795346,234.43319039521936,151.95981039823766,193.1965003967285,0.42688858145785674,1.005175126994284,-0.11426960629107197,149914610.0,1.097222612259072,0.014730512862447087,0.264098954745575,0.017002881015874438,-0.027996646886295218,0.017011727666879306,-0.08062913021051299,0.017604137329555458,-0.017794238934336182,1
2023-06-09,0.0406199151040636,0.03981660778824774,0.04255316757859369,-0.018749802426654034,228.55,230.0188913235662,216.25,218.36721469871276,196.8125,204.08029938027104,183.93419921875,190.16629986996546,1.0693502248807016,1.1301733821802746,1.2417910137642902,1.3287360095869032,95.67394804778576,85.76333346110577,77.49927237896952,15.546800931371507,10.340719277657238,5.20608165371427,242.45613084253145,151.16886915746855,196.8125,0.46382857636106906,1.0212939134997736,0.21735525081509666,160251780.0,1.2495486789600714,0.045820870777622646,-0.11426960629107197,0.014730512862447087,0.264098954745575,0.017002881015874438,-0.027996646886295218,0.031081326211682914,0.11057563370643364,1
2023-06-12,0.02221770896144215,0.021974491562613167,0.025537384765849384,0.0076228094338874845,234.99400024414064,236.62259482606237,221.91600036621094,224.08772145004764,200.90500030517578,208.4374138993933,185.02519927978517,192.5060528880474,1.0631335335008578,1.1257863399609735,1.243523065386932,1.3502485218420177,96.26459519085148,86.8738681470376,78.72087800233581,17.198184013103855,11.712212224746562,5.485971788357293,250.01971542248782,151.79028518786373,200.90500030517578,0.4889347208153757,0.998068668514314,-0.24922044482087713,159079420.0,0.9450493344770807,0.0406199151040636,0.21735525081509666,0.045820870777622646,-0.11426960629107197,0.014730512862447087,0.264098954745575,0.017011727666879306,-0.08062913021051299,1
2023-06-13,0.035544128242966044,0.03492701634188564,0.032236854444559655,0.020511999766943977,242.4739990234375,243.98506036906764,227.6709991455078,230.38267963278045,205.52299957275392,213.22527842850613,186.05019897460937,195.102285773029,1.0669597255665804,1.1363326573259902,1.2587885151194298,1.3905386443063399,97.0365512518501,88.45931625592951,80.53547261493712,19.004387206541537,13.170647221105558,5.8337399854359795,258.02467047593586,153.02132866957197,205.52299957275392,0.5109079860874322,1.0065266587458337,0.08012882978942759,162435980.0,0.9996818438870502,0.02221770896144215,-0.24922044482087713,0.0406199151040636,0.21735525081509666,0.045820870777622646,-0.11426960629107197,0.017002881015874438,-0.027996646886295218,0
2023-06-14,-0.007421371317580694,-0.007449046704933148,0.043109182428654365,-0.0129915236513271,248.91799926757812,248.25337642768574,232.95700073242188,235.1840121622607,210.03649978637696,217.37430034435525,187.29059906005858,197.5214121562405,1.0316249098116912,1.1023064674492224,1.2225970667293389,1.3710779389550507,92.22868246430005,86.03949812523629,79.00593613384898,20.049768425586592,14.546471462001765,5.503296963584827,263.85427774333147,156.21872182942244,210.03649978637696,0.51246119614154,0.9343686281133731,0.050443300245159195,164422360.0,1.03742276901998,0.035544128242966044,0.08012882978942759,0.02221770896144215,-0.24922044482087713,0.0406199151040636,0.21735525081509666,0.014730512862447087,0.264098954745575,0
2023-06-15,-0.0034659239799892383,-0.0034719442089692484,0.04556474872607891,0.030193237456863514,253.1259979248047,250.80224891728528,237.7949996948242,238.95055429575592,214.13849945068358,221.0434140159866,188.5569989013672,199.81076830291676,1.010958953226542,1.0761369844819921,1.1950209539757166,1.3571492725674097,89.8218501628476,84.88037146548078,78.28229166046792,20.569313586209972,15.751039886843408,4.818273699366564,268.8010260947307,159.4759728066365,214.13849945068358,0.5105343203979624,0.8819938174258246,-0.06099527775090796,165636490.0,0.9670043116706952,-0.007421371317580694,0.050443300245159195,0.035544128242966044,0.08012882978942759,0.02221770896144215,-0.24922044482087713,0.045820870777622646,-0.11426960629107197,1
2023-06-16,0.01813214052015355,0.01796971375181672,0.024526039912736643,0.006256739661569835,256.3540008544922,254.04816879316417,242.4520004272461,242.8759096137861,218.32099990844728,224.80499444731376,190.0573989868164,202.19230713593657,1.0163290125236066,1.0746044911396948,1.193380429066279,1.370849069459246,91.21608779270632,85.94357130061964,79.31920907082318,21.1121001246226,16.82325193439925,4.2888481902233515,273.73894318207965,162.9030566348149,218.32099990844728,0.507673959874422,0.8809146112479622,0.04835076468179045,165988210.0,1.0116116078364843,-0.0034659239799892383,-0.06099527775090796,-0.007421371317580694,0.050443300245159195,0.035544128242966044,0.08012882978942759,0.0406199151040636,0.21735525081509666,1
2023-06-20,0.05338912722001776,0.05201270640767318,0.04966297787055922,0.0495220352085325,261.2780029296875,260.84878326445323,248.13600158691406,248.61665553983065,223.0365005493164,229.53309137681066,191.84519927978516,205.02594262892066,1.050413770503629,1.1060467261978517,1.2305161331490073,1.4305805578526676,94.06129719137753,88.54426552974907,82.02122258927236,22.406396421215334,17.939880831762466,4.466515589452868,280.66236362921313,165.41063746941964,223.0365005493164,0.5167393044454164,0.9460975411893734,-0.013723561122373384,167435020.0,0.989107296669478,0.01813214052015355,0.04835076468179045,-0.0034659239799892383,-0.06099527775090796,-0.007421371317580694,0.050443300245159195,0.02221770896144215,-0.24922044482087713,0
2023-06-21,-0.054618400747766804,-0.05616662426467672,0.07403835692488284,-0.05695494184434294,261.4280029296875,260.3858526613282,251.9510009765625,250.58817116078473,226.56600036621094,232.38327233664566,193.34419921875,207.1606112103386,0.992472070885464,1.0298033762493928,1.1451850279198945,1.3419590166319115,66.84108445821778,72.89269328407957,71.45717169555884,21.96931754606848,18.74576817462367,3.223549371444811,284.0357727612436,169.09622797117825,226.56600036621094,0.5073115321993694,0.7861851519331086,0.27888150076806406,173923570.0,1.2177596170547786,0.05338912722001776,-0.013723561122373384,0.01813214052015355,0.04835076468179045,-0.0034659239799892383,-0.06099527775090796,0.035544128242966044,0.08012882978942759,1
2023-06-22,0.019848894111198723,0.019654473293680905,0.06330071020466535,0.0551899383630606,262.99199829101565,261.79389689140635,255.9549987792969,253.1375919227443,230.50799942016602,235.4524830999711,194.9005990600586,209.41352784332778,1.0061522292353415,1.0338144854116664,1.1479427439272334,1.3576663521184096,70.28752400468551,74.55671818997965,72.72444872418453,21.78733996274056,19.354082532247048,2.433257430493512,287.0519965571585,173.96400228317356,230.50799942016602,0.49060333940016576,0.8015526639262485,-0.21209544417746984,172040080.0,0.9699826924051651,-0.054618400747766804,0.27888150076806406,0.05338912722001776,-0.013723561122373384,0.01813214052015355,0.04835076468179045,-0.007421371317580694,0.050443300245159195,0
2023-06-23,-0.030270888067223778,-0.03073851253541729,0.0376072054783214,-0.010374493242149778,263.1320007324219,260.06259996210946,258.1289993286133,253.7671217737936,234.19300003051757,237.4665329098325,196.42179931640624,211.2639779711783,0.9751759777954616,0.9940766313390803,1.0956775226846158,1.306372342563522,59.13471379248237,67.6054430951423,67.80781048575685,20.75750345501561,19.634766716800762,1.1227367382148472,287.3508857935844,181.03511426745075,234.19300003051757,0.4539664785552074,0.710759003592333,0.0634297702664075,173337190.0,1.0237895283753013,0.019848894111198723,-0.21209544417746984,-0.054618400747766804,0.27888150076806406,0.05338912722001776,-0.013723561122373384,-0.0034659239799892383,-0.06099527775090796,0
2023-06-26,-0.060600166336257755,-0.06251408245574486,0.07330428519078361,-0.036069916456500095,259.23399963378904,253.72506765865893,257.79400024414065,251.45491836978707,237.02200012207032,237.80781578049206,197.52479949951172,212.432057386103,0.9298548932326811,0.9350489259776192,1.0169942154214082,1.2203531083819867,43.50129055057559,56.57727260203371,59.59509596325302,18.473642660446842,19.40254190552998,-0.9288992450831373,285.0706861466199,188.97331409752078,237.02200012207032,0.40543650800181985,0.5419158489331992,0.014255542632513718,171312010.0,1.0506595538748276,-0.030270888067223778,0.0634297702664075,0.019848894111198723,-0.21209544417746984,-0.054618400747766804,0.27888150076806406,0.01813214052015355,0.04835076468179045,1
2023-06-27,0.03800042956291749,0.03729619858071868,0.038127944647083876,0.02865483088019009,254.38599853515626,252.5533806770617,257.8320007324219,251.22857079598344,239.8740005493164,238.9889768217659,198.82899963378907,213.91354559503495,0.9835840343205369,0.9704381380243611,1.0430893141435966,1.2584180736950528,52.18808734182918,60.649414123626045,62.411026511132214,17.204479735634465,18.962929471550876,-1.758449735916411,283.76392754232216,195.98407355631065,239.8740005493164,0.36594151006359105,0.6177491838411797,-0.08346213635600974,172775040.0,0.954815001055708,-0.060600166336257755,0.014255542632513718,-0.030270888067223778,0.0634297702664075,0.019848894111198723,-0.21209544417746984,0.05338912722001776,-0.013723561122373384,1
2023-06-28,0.0240996896954786,0.023813875097039847,0.04288950168594619,0.02619140314802816,253.74199829101562,253.7822505294995,257.5850006103516,252.13973796660008,242.62799987792968,240.63193048010962,200.21299957275392,215.5734061691267,1.0098446136634207,0.9947783823872137,1.056102306260175,1.279836927578031,57.23761048715772,63.10247412983991,64.13855577216098,16.49508319805122,18.469360216850944,-1.9742770187997252,283.2457552925402,202.01024446331914,242.62799987792968,0.3348150702725656,0.6675620700540852,-0.031505465901913166,172513690.0,0.926134036087223,0.03800042956291749,-0.08346213635600974,-0.060600166336257755,0.014255542632513718,-0.030270888067223778,0.0634297702664075,-0.054618400747766804,0.27888150076806406,1
2023-06-29,0.004917303362650394,0.004905252914132209,0.027689280093294903,-0.002054020004666991,252.32000122070312,255.02150035299968,257.6559997558594,253.11433106358186,245.30650024414064,242.23841329152773,201.67679962158203,217.21758631935705,1.0205294814292822,0.9993945425062595,1.049707201984961,1.276795350199737,58.31095893060666,63.61291646428166,64.49655535691934,15.851823633407065,17.94585290016217,-2.094029266755104,282.2636744234069,208.3493260648744,245.30650024414064,0.30131426719214305,0.6649679666620747,-0.1783016671381754,168584480.0,0.7787395375896998,0.0240996896954786,-0.031505465901913166,0.03800042956291749,-0.08346213635600974,-0.060600166336257755,0.014255542632513718,0.019848894111198723,-0.21209544417746984,1
2023-06-30,0.016582481606492783,0.016446493545468958,0.017419863811644152,0.004489573609954211,253.35399780273437,257.2709965732238,258.2429992675781,254.6880870545073,248.01899948120118,244.0985633603034,203.30039947509766,218.96473936619293,1.033218308311402,1.013657639340067,1.0554432908818865,1.287601941213776,62.074602939927615,65.36172868629566,65.7144453780592,15.507823683469866,17.45824705682371,-1.9504233733538427,281.2612549973624,214.77674396503994,248.01899948120118,0.2680621693152251,0.7068299716573901,-0.14215506301634484,163829440.0,0.6874271193260503,0.004917303362650394,-0.1783016671381754,0.0240996896954786,-0.031505465901913166,0.03800042956291749,-0.08346213635600974,-0.030270888067223778,0.0634297702664075,1
2023-07-03,0.06895373445427366,0.06668035183063045,0.032663906830104714,0.01204389745545928,261.1079986572266,264.7873334902221,260.17099914550784,259.2575271035457,251.31149978637694,247.50060564258106,205.63699951171876,221.35122046258613,1.0716638661520157,1.0755234374440084,1.113438929623495,1.360747375173953,73.75822535108257,71.57983448831389,70.24487644472238,16.501468218309498,17.266891289120867,-0.7654230708113694,283.437490544968,219.18550902778588,251.31149978637694,0.25566669878536563,0.9436984955898695,0.06273352702165136,159006470.0,0.7527108802553758,0.016582481606492783,-0.14215506301634484,0.004917303362650394,-0.1783016671381754,0.0240996896954786,-0.031505465901913166,-0.060600166336257755,0.014255542632513718,1
2023-07-05,0.009506123909958086,0.009461225032650612,0.02212545934905991,0.01312676122934547,267.56199951171874,270.68489265559083,260.9739990234375,263.47979690041524,254.55500030517578,250.8319775800808,207.9849996948242,223.74842793410545,1.0557553445625076,1.0824067226749252,1.1097012851748116,1.3581749231954718,75.07823628407961,72.36709366866286,70.8410787988738,17.30410775320047,17.274334581936788,0.029773171263681064,285.4926005434175,223.61740006693404,254.55500030517578,0.24307202923652554,0.9513118416766286,0.09896738045166553,155598440.0,0.8453227423102699,0.06895373445427366,0.06273352702165136,0.016582481606492783,-0.14215506301634484,0.004917303362650394,-0.1783016671381754,0.03800042956291749,-0.08346213635600974,0
2023-07-06,-0.021028045208104085,-0.02125228365266279,0.025638229980523442,-0.005573691299148539,271.62200317382815,272.63659795203455,262.6820007324219,265.8543808357801,257.3165008544922,253.28036148149425,210.2647998046875,225.8186859972747,1.0181060639919748,1.0527558331894094,1.0747076368075603,1.3151987817352055,66.37926416354512,67.84735695020018,67.66221565155624,17.261912233892247,17.271850112327883,-0.009937878435636094,285.64058324566685,228.9924184633175,257.3165008544922,0.22014975562870276,0.8393491698149317,-0.08514197044192662,146451940.0,0.8216490679467954,0.009506123909958086,0.09896738045166553,0.06895373445427366,0.06273352702165136,0.016582481606492783,-0.14215506301634484,0.0240996896954786,-0.031505465901913166,0
2023-07-07,-0.007630056425625198,-0.007659314226953743,0.0255438908017128,-0.014366268380640349,275.00800170898435,273.2343961932835,263.66400146484375,267.4135829885075,259.8095001220703,255.29461207142637,212.53999969482422,227.725011749373,0.9978982101262103,1.0408322378145087,1.056273895091756,1.2911922135589622,63.33793340627854,66.2641616384731,66.54840160297636,16.863815763575275,17.190243242577363,-0.32642747900208846,284.7394262083484,234.8795740357922,259.8095001220703,0.19190927255981702,0.7932317669758024,-0.05362575738310893,141152270.0,0.806782632684547,-0.021028045208104085,-0.08514197044192662,0.009506123909958086,0.09896738045166553,0.06895373445427366,0.06273352702165136,0.004917303362650394,-0.1783016671381754,0
2023-07-10,-0.01756370459810941,-0.01771977662648564,0.04606647967418938,-0.02481287604026285,276.5760009765625,272.0262592460432,264.9649993896484,267.81292887269933,261.54699935913084,256.65798095524883,214.85719940185547,229.36755973377262,0.9748133764303348,1.0175305643108103,1.030828057718836,1.2548333781792476,56.4455462181853,62.66678714883047,64.02063075647608,15.975234574203228,16.947241508902536,-0.9720069346993085,284.0000614496742,239.09393726858747,261.54699935913084,0.17169428168214626,0.6795520352617646,0.048702484738213814,135348730.0,0.8823533105925707,-0.007630056425625198,-0.05362575738310893,-0.021028045208104085,-0.08514197044192662,0.009506123909958086,0.09896738045166553,0.016582481606492783,-0.14215506301634484,1
2023-07-11,0.000667717084456676,0.0006674942605875906,0.016790832261464564,0.0042434940418303825,274.57000122070315,271.28084234566944,267.83899993896483,268.1723979040125,262.8165000915527,257.9086502495034,217.04919952392578,230.9527538047981,0.9825909871634555,1.0072842588510322,1.026533754353094,1.242990110706132,56.65109337691791,62.74813020129384,64.07414596660402,15.111359599958007,16.58006512711363,-1.468705527155624,284.0880526823609,241.54494750074448,262.8165000915527,0.16187379851263692,0.6639163014453056,-0.22987572158016634,126546910.0,0.7267850317325014,-0.01756370459810941,0.048702484738213814,-0.007630056425625198,-0.05362575738310893,-0.021028045208104085,-0.08514197044192662,0.06895373445427366,0.06273352702165136,1
2023-07-12,0.008154422401772665,0.008121354742896705,0.018603616825139512,-0.01570584644730778,272.4719970703125,271.517224975238,270.0169982910156,268.866505600442,263.92449951171875,259.24973024806263,219.2027993774414,232.56205719419327,0.9982309857852544,1.0073069175490683,1.0305598409301828,1.2408144011246875,59.38393312913776,63.78654379169425,64.7469677927381,14.43782236630392,16.15161657495169,-1.7137942086477693,284.67706695840536,243.17193206503217,263.92449951171875,0.15726139471765974,0.6943251297309719,0.040226198294270876,119617300.0,0.7998182537141366,0.000667717084456676,-0.22987572158016634,-0.01756370459810941,0.048702484738213814,-0.007630056425625198,-0.05362575738310893,0.009506123909958086,0.09896738045166553,1
2023-07-13,0.02172875427149612,0.021496049775542363,0.031846010427809456,0.01205432682449475,272.743994140625,273.64481461565344,272.18299865722656,270.5089580179042,264.8839996337891,261.0259458336266,221.52419921875,234.3400154962439,1.0189041733883277,1.0210042334292067,1.04913846921932,1.2544904569187252,66.08499177331473,66.48902520288837,66.5158164149059,14.2170419498338,15.764701649928112,-1.5476597000943126,286.3458533164847,243.42214595109346,264.8839996337891,0.1620471882965173,0.8032355558641682,0.17778850887562836,114908370.0,0.9806204717724218,0.008154422401772665,0.040226198294270876,0.000667717084456676,-0.22987572158016634,-0.01756370459810941,0.048702484738213814,-0.021028045208104085,-0.08514197044192662,1
2023-07-14,0.012522529912772917,0.012444771516691934,0.03194964133332465,0.015775585585823787,274.1339965820313,276.22321137137317,274.5709991455078,272.4855119933421,266.1134994506836,262.9644276478348,223.9455993652344,236.18472096238386,1.0264323593247324,1.0247987069227813,1.0573683990614617,1.2564658813585703,69.53761444835149,68.00320273448266,67.52332310483419,14.159655981994945,15.443692516341478,-1.2840365343465336,288.3819880339775,243.84501086738968,266.1134994506836,0.16736083384917294,0.8427827033483993,0.06550232291902391,113786270.0,1.0551571819693184,0.02172875427149612,0.17778850887562836,0.008154422401772665,0.040226198294270876,0.000667717084456676,-0.22987572158016634,-0.007630056425625198,-0.05362575738310893,1
2023-07-17,0.03198521516746822,0.03148434056863512,0.0298230026740452,0.013083068541736138,278.2880004882812,280.94214254185295,277.4320007324219,275.73905615506396,267.8375,265.57543500354694,226.5409994506836,238.3100262141654,1.04345140420469,1.0466709107680723,1.0841648569853457,1.2817989043348694,76.69576372010829,71.57975175026915,69.97645755028466,14.671280582896202,15.289210129652423,-0.6179295467562209,291.9394997146398,243.73550028536016,267.8375,0.17997479602101885,0.9676480198678278,0.09584349471608089,115681150.0,1.1373469229861564,0.012522529912772917,0.06550232291902391,0.02172875427149612,0.17778850887562836,0.008154422401772665,0.040226198294270876,-0.01756370459810941,0.048702484738213814,1
2023-07-18,0.010193509901870401,0.010141906463636843,0.031533374635162835,0.010994321931794816,282.997998046875,285.0747604738655,278.78399963378905,278.9392270973961,269.4774993896484,268.2196789401511,229.18379943847657,240.46806425823303,1.0365444220891717,1.0522124538109159,1.0885509810737053,1.2799333855909676,78.62317656036262,72.66207227425292,70.73970560198683,15.141056661695188,15.259579436060978,-0.11852277436578973,295.73721732106856,243.21778145822825,269.4774993896484,0.19489358474007634,0.954355545831861,-0.14782518150089385,114924590.0,0.9755988687886552,0.03198521516746822,0.09584349471608089,0.012522529912772917,0.06550232291902391,0.02172875427149612,0.17778850887562836,0.000667717084456676,-0.22987572158016634,0
2023-07-19,-0.007090702250741598,-0.00711596075110357,0.03354397858845047,-0.016146462104197467,286.852001953125,287.1365102377854,279.66199951171876,281.1793694007104,270.3179992675781,270.4139961616248,231.60779968261718,242.45990525852292,1.015366836495777,1.0414715273228254,1.0774717575403374,1.257557000087009,73.6307039690751,70.62666426558468,69.43727140381661,15.17064233405847,15.241792015660478,-0.07114968160200696,298.1872906215155,242.4487079136407,270.3179992675781,0.20619634230386993,0.8757183889623407,0.2696665991796312,116007040.0,1.2271272502082633,0.010193509901870401,-0.14782518150089385,0.03198521516746822,0.09584349471608089,0.012522529912772917,0.06550232291902391,0.008154422401772665,0.040226198294270876,0
2023-07-20,-0.09737009860008494,-0.1024426640636013,0.07504747404641852,-0.059593660779802944,283.852001953125,279.0576714573517,278.297998046875,277.8558465817602,270.48999938964846,269.6983768982781,233.42999969482423,243.2614773619724,0.9261868582484029,0.9446708051856086,0.9719397925605727,1.126247672707826,36.63064582984985,50.0431689677102,54.95240525402021,12.758599730718629,14.745153558672108,-1.986553827953479,298.13064262399695,242.84935615529997,270.48999938964846,0.20437460384279393,0.36270208278416377,0.2304296148934286,121489660.0,1.4417547962517963,-0.007090702250741598,0.2696665991796312,0.010193509901870401,-0.14782518150089385,0.03198521516746822,0.09584349471608089,0.02172875427149612,0.17778850887562836,0
2023-07-21,-0.010954754468143868,-0.011015199637560409,0.04691945797905833,-0.029776160396746736,279.5799987792969,272.71177730945845,276.85699768066405,274.6129633875623,270.26049957275393,268.7766256711728,235.24739959716797,243.91867389733315,0.9300378787787825,0.9391851793234696,0.9621087411024883,1.1053044133917054,34.57235847730442,48.49741469550514,53.756682880120934,10.493681635105872,13.894859173958862,-3.4011775388529895,298.1675558163227,242.35344332918518,270.26049957275393,0.20651968221538938,0.3165247084876246,-0.07628642205365088,126281350.0,1.2812351150823142,-0.09737009860008494,0.2304296148934286,-0.007090702250741598,0.2696665991796312,0.010193509901870401,-0.14782518150089385,0.012522529912772917,0.06550232291902391,1
2023-07-24,0.03476659075024635,0.03417588510139735,0.05846283776503257,0.051631780887014825,275.3159973144531,271.49451739250355,276.8019989013672,273.6033332368407,270.8834991455078,268.8036134699748,237.2577996826172,244.90460815855906,0.9772770205259302,0.9720305439501824,0.9932683179571061,1.1340406845149824,45.737913704407966,53.36656680740585,56.8510962705247,9.320727322923176,12.980032803751726,-3.65930548082855,298.0904412552651,243.6765570357505,270.8834991455078,0.20087559556473988,0.4664883032507339,-0.15629301324321165,127989660.0,1.06655881420421,-0.010954754468143868,-0.07628642205365088,-0.09737009860008494,0.2304296148934286,-0.007090702250741598,0.2696665991796312,0.03198521516746822,0.09584349471608089,0
2023-07-25,-0.014048906614123058,-0.014148526638195701,0.029779832376495438,-0.026066546648937386,269.70399780273436,269.4230111881013,276.3509979248047,272.0899996991054,272.0949989318848,268.46803111848163,239.12179962158203,245.7036430848625,0.9835968355698114,0.9599386315640509,0.9749536001053296,1.1093927830884136,42.222827503603654,51.18737877823458,55.22852088903513,7.993988545252989,11.98282395205198,-3.988835406798991,295.8145924669728,248.3754053967968,272.0949989318848,0.1743478831158221,0.3563423917339351,-0.17399063062007125,130068150.0,0.8669093855797902,0.03476659075024635,-0.15629301324321165,-0.010954754468143868,-0.07628642205365088,-0.09737009860008494,0.2304296148934286,0.010193509901870401,-0.14782518150089385,0
2023-07-26,-0.0035057022016762307,-0.003511861575139069,0.02379424399354392,0.004178560697115385,264.3219970703125,267.73200949323945,275.5869995117188,270.6827281362709,272.8019989013672,268.07583825991344,241.04919982910155,246.43487300716262,1.0001059655780207,0.9592252412918145,0.969017848725854,1.0966641096130325,41.31151894145967,50.63949635279356,54.82430226477491,6.789233807468975,10.944105923135378,-4.154872115666404,294.63834767006375,250.96565013267062,272.8019989013672,0.16008936046389893,0.30646964180275665,-0.14988918677549035,130086560.0,0.7368647460583169,-0.014048906614123058,-0.17399063062007125,0.03476659075024635,-0.15629301324321165,-0.010954754468143868,-0.07628642205365088,-0.007090702250741598,0.2696665991796312,0
2023-07-27,-0.032683938680391544,-0.03322998965193553,0.05408471107088937,-0.04696057157532852,262.8839996337891,263.7246752334487,273.36800079345704,267.9604151503793,272.7754997253418,266.89814001743287,242.8363998413086,246.7986037407589,0.9727104238754902,0.9354057752614164,0.9374375886813227,1.0530134974862557,33.47943649612748,45.74114047238997,51.170884675042906,5.078736739005592,9.771032086309422,-4.69229534730383,294.6933128437449,250.85768660693867,272.7754997253418,0.16070221218894068,0.11069352769629895,0.08180065556531546,129188140.0,0.8026843640600445,-0.0035057022016762307,-0.14988918677549035,-0.014048906614123058,-0.17399063062007125,0.03476659075024635,-0.15629301324321165,-0.09737009860008494,0.2304296148934286,1
2023-07-28,0.04196157931177735,0.041105070589749985,0.0338537341653699,0.025321394061273796,264.1680023193359,264.6297843027679,271.8740005493164,267.6839764760205,273.2224998474121,266.8545078673351,244.8347998046875,247.56885467019606,1.0086005878915034,0.9800128070469009,0.9751759192240986,1.0882440022985047,47.81421364990493,51.95649823534567,55.07472530498578,4.536680441534543,8.724161757354446,-4.187481315819904,294.2213289160028,252.22367077882146,273.2224998474121,0.15371229734240763,0.33850296166868415,0.07472422136352641,128326500.0,0.8684566321063849,-0.032683938680391544,0.08180065556531546,-0.0035057022016762307,-0.14988918677549035,-0.014048906614123058,-0.17399063062007125,-0.010954754468143868,-0.07628642205365088,1
2023-07-31,0.00371562162326855,0.0037087357528333273,0.019818225098611846,-0.00018699831199510313,263.8420013427734,265.5631870937724,269.5789993286133,267.63779760324974,273.50550003051757,266.90931594433,246.7061996459961,248.34772282727783,1.013599014996655,0.9920282861121076,0.977786525850272,1.0840019142588315,48.99727311368697,52.49716668827669,55.42000725673319,4.1392659771237845,7.807182601308314,-3.66791662418453,294.0264428164772,252.98455724455792,273.50550003051757,0.15005872118600846,0.3519681230510241,-0.24104768228559126,123627760.0,0.6841683453619155,0.04196157931177735,0.07472422136352641,-0.032683938680391544,0.08180065556531546,-0.0035057022016762307,-0.14988918677549035,0.03476659075024635,-0.15629301324321165,0
2023-08-01,-0.023781870118334214,-0.02406922380883306,0.023825031777697094,-0.019492234098446637,263.0000030517578,264.0654605039212,266.3520004272461,266.44365391615315,272.56800003051757,266.3531913138432,248.3897998046875,248.84663594480494,0.9926616132884256,0.9801691254634669,0.9578160579928258,1.0510496305786383,41.881129246992586,48.70506162859196,52.688433527185644,3.2733809871943436,6.900422278485521,-3.627041291291177,293.5572154308575,251.57878463017758,272.56800003051757,0.1540108552580637,0.22609760567532783,-0.016743475577603806,120732330.0,0.688846144193523,0.00371562162326855,-0.24104768228559126,0.04196157931177735,0.07472422136352641,-0.032683938680391544,0.08180065556531546,-0.014048906614123058,-0.17399063062007125,0
2023-08-02,-0.02665954157355066,-0.027021352113566002,0.03553572664916188,-0.0057127466918096064,260.952001953125,260.74697387273136,262.6369995117187,264.2011714969165,271.1494995117188,265.18717315160586,249.86919982910158,249.05304240227736,0.9737806137084074,0.9675331392103165,0.9371582874685307,1.0169720829303912,35.32999221735584,44.88407918288841,49.864338824766364,2.00246336848312,5.92083049648504,-3.91836712800192,293.0809505470672,249.21804847637037,271.1494995117188,0.16176648730565368,0.11152823691639241,0.22349157107471807,116672080.0,0.8721272475814265,-0.023781870118334214,-0.016743475577603806,0.00371562162326855,-0.24104768228559126,0.04196157931177735,0.07472422136352641,-0.0035057022016762307,-0.14988918677549035,1
2023-08-03,0.020502958173047814,0.020295602012260543,0.032739433883172235,0.0288843605459915,261.6740020751953,260.2713183565605,262.2790008544922,263.31368710188053,270.2884994506836,264.6283954537595,251.27820007324217,249.4556684776476,0.9910040939019227,0.9887181454838809,0.9594193162167222,1.0320036009834221,43.10259027915204,48.162454580462764,51.89112124184571,1.3995231672545287,5.016569030638938,-3.6170458633844094,292.653631233235,247.92336766813224,270.2884994506836,0.16549081317188694,0.2547858820348609,-0.041117255626129556,108913160.0,0.8958430735092068,-0.02665954157355066,0.22349157107471807,-0.023781870118334214,-0.016743475577603806,0.00371562162326855,-0.24104768228559126,-0.032683938680391544,0.08180065556531546,0
2023-08-04,-0.02105509239416581,-0.021279912186420162,0.045930782223612965,-0.027244513074660307,259.1580017089844,258.13421244115756,261.66300201416016,261.5948350125116,269.25999984741213,263.6028340401016,252.64,249.62838738481247,0.9795568685369703,0.9701791948279095,0.9428062124125839,1.0048290081157045,37.580233577751,45.132666945557176,49.6811032676863,0.4756290476101981,4.108381034033191,-3.632751986422993,292.63769424865325,245.882305446171,269.25999984741213,0.1736440200140319,0.17062621803621994,0.020199017926782137,102687540.0,0.9693474008628505,0.020502958173047814,-0.041117255626129556,-0.02665954157355066,0.22349157107471807,-0.023781870118334214,-0.016743475577603806,0.04196157931177735,0.07472422136352641,0
2023-08-07,-0.009493435973824349,-0.009538785882980292,0.04330880700662727,0.0,255.96200256347657,255.9061406101858,259.902001953125,259.75031900082627,268.3520004272461,262.44542098373404,254.01100006103516,249.69982305396658,0.9823723616394373,0.9674800311603324,0.9370155487863179,0.9899177472149726,35.25426388565026,43.82225598506734,48.71944904239583,-0.44589090005848675,3.1975266472148554,-3.643417547273342,292.98193112980385,243.7220697246883,268.3520004272461,0.1835643532624627,0.15688081539651563,0.11611424162571993,100146480.0,1.1093540182340906,-0.02105509239416581,0.020199017926782137,0.020502958173047814,-0.041117255626129556,-0.02665954157355066,0.22349157107471807,0.00371562162326855,-0.24104768228559126,0
2023-08-08,-0.006959634206558429,-0.00698396541730477,0.023668417037803972,0.009092746121434063,253.68800048828126,253.8374260562046,258.34400177001953,257.92298771853825,267.3474998474121,261.23157107559194,255.31559997558594,249.69982987334996,0.9842798889487747,0.9665407179475669,0.933990394863456,0.9780052490804293,33.49784314499219,42.84936114401979,48.01088828003466,-1.3023992248694185,2.2975414727980006,-3.599940697667419,293.26589628778055,241.42910340704367,267.3474998474121,0.19389294049999567,0.15955642858206362,-0.13011677088405815,98534970.0,0.98079088063862,-0.009493435973824349,0.11611424162571993,-0.02105509239416581,0.020199017926782137,0.020502958173047814,-0.041117255626129556,-0.023781870118334214,-0.016743475577603806,0
2023-08-09,-0.03007606967809695,-0.030537632908455258,0.0379867546731498,-0.03459956489306987,251.3040008544922,249.95495151793853,256.1280014038086,255.06244494087787,265.85750045776365,259.4180883485266,256.29600006103516,249.40532683680317,0.9637331742348064,0.945581900901074,0.9109767526753776,0.9449620844013575,26.810295774314085,38.862024996713714,45.05806065220858,-2.55769848018258,1.3264934822018843,-3.8841919623844645,293.87806920758595,237.83693170794132,265.85750045776365,0.2107938929808294,0.07767634505085726,0.051262285005929,99108980.0,1.0250968176647566,-0.006959634206558429,-0.13011677088405815,-0.009493435973824349,0.11611424162571993,-0.02105509239416581,0.020199017926782137,-0.02665954157355066,0.22349157107471807,1
2023-08-10,0.013006292021680244,0.012922436522360333,0.03586860350172235,-0.0002444888349062405,248.50799865722655,248.41663312458925,255.09100036621095,253.294727013062,264.229500579834,258.077317680847,257.1795999145508,249.24590211135563,0.9872519100533838,0.9617744098603177,0.9285109944177633,0.9539636752658689,33.324114951684265,41.328193436618434,46.5070146005513,-3.2607659223160113,0.40904160129830536,-3.669807523614317,293.0347085129637,235.42429264670432,264.229500579834,0.21803173279227772,0.1721165095250359,0.07778137589656309,99689110.0,1.0984008183040255,-0.03007606967809695,0.051262285005929,-0.006959634206558429,-0.13011677088405815,-0.009493435973824349,0.11611424162571993,0.020502958173047814,-0.041117255626129556,0
2023-08-11,-0.01096438608281991,-0.011024937980288016,0.02377906102949823,0.0036397799912008095,246.26599731445313,246.4944200485543,252.71199951171874,251.359320991866,262.2930000305176,256.60804874900293,257.95399993896484,248.9872390441058,0.9853166760437839,0.9601839024871165,0.9251104446868663,0.9406715691708538,30.60993943757019,39.8498805758506,45.4326518431249,-3.98902960111036,-0.4705726391834278,-3.5184569619269324,291.4314098829936,233.15459017804156,262.2930000305176,0.2221821386700048,0.16293620287649208,-0.09552633549652689,98448370.0,1.0059953252654157,0.013006292021680244,0.07778137589656309,-0.03007606967809695,0.051262285005929,-0.006959634206558429,-0.13011677088405815,-0.02105509239416581,0.020199017926782137,0
2023-08-14,-0.011910156448968756,-0.011981650600334395,0.028820503088192888,0.01722527624591057,243.92799682617186,244.2496115346482,249.94499969482422,249.25035254004234,259.7619995117187,255.00347215451083,258.59879974365236,248.62538631715404,0.982912980987967,0.9592510144214772,0.9229987255931157,0.9271504536931678,27.77451750747042,38.26620896136301,44.27876723478842,-4.744688792489711,-1.3253958698446846,-3.4192929226450266,287.460273347785,232.06372567565242,259.7619995117187,0.21325885917209944,0.13893047770294809,-0.004476032577197198,99849680.0,0.98743731577307,-0.01096438608281991,-0.09552633549652689,0.013006292021680244,0.07778137589656309,-0.03007606967809695,0.051262285005929,-0.009493435973824349,0.11611424162571993,0
2023-08-15,-0.028361644764614224,-0.028771606269163794,0.03386847167865735,-0.024169518355192886,240.5799987792969,240.4864099277212,247.13399963378907,246.28847148073777,256.7430000305176,252.90409449349715,258.9785998535156,248.01105770526044,0.968326577005181,0.9426465280336767,0.9073665365216445,0.8995338103056965,22.143791665678137,34.76531217368486,41.6644423989088,-5.825108110616441,-2.225338317999036,-3.599769792617405,282.2167106248396,231.26928943619555,256.7430000305176,0.19843743035871758,0.03318553202941096,-0.10545837377643763,100352840.0,0.8788749775292857,-0.011910156448968756,-0.004476032577197198,-0.01096438608281991,-0.09552633549652689,0.013006292021680244,0.07778137589656309,-0.006959634206558429,-0.13011677088405815,0
2023-08-16,-0.03159340830287438,-0.03210324714965498,0.038076223871860805,-0.01061309588457712,237.26199951171876,235.5242753196527,244.28300018310546,242.5269323212428,253.45999984741212,250.30370512302272,259.1383999633789,247.1321929365646,0.9508476138943307,0.92351905754561,0.8900812997685286,0.870577290495724,17.630453707970403,31.41520871984885,39.044549938913065,-7.192330039768109,-3.2187366623528506,-3.9735933774152583,277.15577990570404,229.7642197891202,253.45999984741212,0.18697845871188543,-0.0878682549247284,0.2753691710432029,101426000.0,1.1090302289353815,-0.028361644764614224,-0.10545837377643763,-0.011910156448968756,-0.004476032577197198,-0.01096438608281991,-0.09552633549652689,-0.03007606967809695,0.051262285005929,0
2023-08-17,-0.028280162722535862,-0.02868774932252366,0.03608249073106179,-0.03025743790038628,232.03800048828126,230.08951728666952,240.27299957275392,238.28930848478103,251.27600021362304,247.34335237042086,259.0966000366211,246.0375971830014,0.9447590513596695,0.9123788424438594,0.8724271360350077,0.8460937009197274,14.617405312098924,28.822402236344487,36.93086694329644,-8.690497695256425,-4.313088868933566,-4.37740882632286,278.82710506681326,223.7248953604328,251.27600021362304,0.2192895845983506,-0.08175523565633068,0.07320030759793572,103740930.0,1.163652571844112,-0.03159340830287438,0.2753691710432029,-0.028361644764614224,-0.10545837377643763,-0.011910156448968756,-0.004476032577197198,0.013006292021680244,0.07778137589656309,0
2023-08-18,-0.017014851321818125,-0.017161267109647337,0.024223866943419416,0.0063983299421745184,226.6060028076172,225.22301335550105,236.43600006103514,234.1439806681234,249.04950103759765,244.30970028687258,258.915,244.8396524108509,0.9509457067477143,0.9114094530339545,0.8652496977323103,0.8322808855924301,13.091378667361411,27.39865964051897,35.74305490362761,-10.062788278872802,-5.4630287509214135,-4.599759527951388,280.3555739294118,217.74342814578353,249.04950103759765,0.25140442170239896,-0.03599018408355979,0.12888010444141074,107414600.0,1.2686971789682222,-0.028280162722535862,0.07320030759793572,-0.03159340830287438,0.2753691710432029,-0.028361644764614224,-0.10545837377643763,-0.01096438608281991,-0.09552633549652689,1
2023-08-21,0.073274828918382,0.07071456218373605,0.04993948077100957,0.04391783161143072,224.91000366210938,227.24200849676635,234.41900024414062,233.62325668833674,247.1605010986328,243.06877633377013,258.8433999633789,244.30790128804486,1.0283224179159118,0.9866094409515672,0.9357482192795903,0.8935132161454312,42.65725278569159,40.74305387810382,43.780339535717566,-9.763668465104388,-6.323156693758008,-3.4405117713463795,277.96413667510546,216.35686552216015,247.1605010986328,0.2492601806482019,0.24223006437160272,-0.004211287924706042,109875080.0,1.235063492103942,-0.017014851321818125,0.12888010444141074,-0.028280162722535862,0.07320030759793572,-0.03159340830287438,0.2753691710432029,-0.011910156448968756,-0.004476032577197198,1
2023-08-22,0.008258403978685713,0.00822448994977978,0.04832970605286887,-0.029386046029526536,224.95600280761718,229.22467314497965,232.76800079345702,233.54448318889482,245.55600128173828,242.12794072497357,258.6192001342773,243.87190525484334,1.0366027113347618,1.0018129710549162,0.9496408201152293,0.9016732026095974,45.284132555181785,42.128706453020754,44.65951147163233,-9.265683493065069,-6.911662053619421,-2.3540214394456482,275.7543127144139,215.35768984906264,245.55600128173828,0.2459586511838304,0.29525347190519435,-0.03876046681458811,113255140.0,1.1517605293675854,0.073274828918382,-0.004211287924706042,-0.017014851321818125,0.12888010444141074,-0.028280162722535862,0.07320030759793572,-0.028361644764614224,-0.10545837377643763,1
2023-08-23,0.01573823118710882,0.015615669490355368,0.04091025253920718,0.03278976363713543,227.20800170898437,231.76978230010363,232.23500061035156,234.14730453825058,244.18150100708007,241.62623214262862,258.3598001098633,243.5969286021182,1.042480893405021,1.0199151720793367,0.97001615451403,0.9167834953798181,50.37977415219693,44.799700102966135,46.35212976548694,-8.477169105562126,-7.224763464007962,-1.252405641554164,273.3167403479861,215.04626166617405,244.18150100708007,0.23863592631500172,0.3743531791336772,-0.225119362663175,113203270.0,0.8928858680495714,0.008258403978685713,-0.03876046681458811,0.073274828918382,-0.004211287924706042,-0.017014851321818125,0.12888010444141074,-0.03159340830287438,0.2753691710432029,0
2023-08-24,-0.02879341090367582,-0.02921607421029239,0.04668755784480145,-0.03611837024933856,229.37200012207032,231.19318596211338,230.7050003051758,233.40052067422914,242.89800033569335,240.52278082296235,257.78640014648437,243.06528407992272,1.0029122698660125,0.9971175006256331,0.9470641708380046,0.8923666770450848,41.91653288967662,41.011611111651895,43.74165474000266,-8.306827430612174,-7.441176257328805,-0.8656511732833687,272.1501427344325,213.64585793695417,242.89800033569335,0.24085947482739015,0.2802211052733913,-0.012863384172160819,112231150.0,0.8890348178736474,0.01573823118710882,-0.225119362663175,0.008258403978685713,-0.03876046681458811,0.073274828918382,-0.004211287924706042,-0.028280162722535862,0.07320030759793572,1
2023-08-25,0.037167463490241914,0.036493404628287436,0.036254637785543505,0.03147291019037238,233.99199829101562,233.6587894207058,230.29900054931642,234.34406170398577,241.50550003051757,240.33870611009837,257.4223999023437,242.88978259984304,1.019650236249346,1.0360010063821306,0.9879277958793546,0.9268424054332591,53.372904380457435,47.055694332888486,47.62448897455206,-7.396652627811875,-7.432271531425419,0.03561890361354436,268.72310855103956,214.28789150999555,241.50550003051757,0.2253994920785049,0.44644085481594303,0.06850048207309478,112988510.0,0.9435667396622895,-0.02879341090367582,-0.012863384172160819,0.01573823118710882,-0.225119362663175,0.008258403978685713,-0.03876046681458811,-0.017014851321818125,0.12888010444141074,1
2023-08-28,0.0009640428763089126,0.0009635784854130897,0.03781089733842053,-0.015500018461763361,235.5,235.37919538854345,230.2050018310547,235.15786999857357,240.07500076293945,240.1940681304908,257.08080017089844,242.7301835694264,1.014097695644241,1.0374231898726793,0.994772494284151,0.928968663414224,53.65977219195165,47.21239212479472,47.72639876914938,-6.580911918699286,-7.261999608880193,0.6810876901809069,264.562536600391,215.58746492548786,240.07500076293945,0.2039990482943423,0.47437485243408434,0.00995664661267659,113896350.0,0.945365676775419,0.037167463490241914,0.06850048207309478,-0.02879341090367582,-0.012863384172160819,0.01573823118710882,-0.225119362663175,0.073274828918382,-0.004211287924706042,1
2023-08-29,0.07687791972402569,0.07406603958973092,0.07663895822065356,0.07796123188018812,240.297998046875,242.64612781762273,232.6270004272461,239.16189230352043,239.88050003051757,241.81177523004226,257.01359985351564,243.29684275006775,1.070254412296906,1.1055466141223538,1.0721171276659123,1.0006474086288057,70.53922003736326,57.918728943694006,55.055885025836716,-4.402188464213481,-6.690037379946851,2.2878489157333703,263.7519511555931,216.00904890544206,239.88050003051757,0.19902785863826852,0.862346900375311,0.24494282262056566,118481350.0,1.1313814368252895,0.0009640428763089126,0.00995664661267659,0.037167463490241914,0.06850048207309478,-0.02879341090367582,-0.012863384172160819,0.008258403978685713,-0.03876046681458811,0
2023-08-30,-0.0010887269121663268,-0.001089320005828064,0.03861429997437664,0.010621545950655285,244.30599670410157,247.39741651057662,235.75699920654296,242.38700168405933,240.0199996948242,243.24874843637008,256.6625994873047,243.83029965777038,1.0515500943991825,1.0896813021929346,1.0703274486422898,1.0009249279390682,70.08501095473329,57.72644093876746,54.93254786022777,-2.6673800937857663,-5.885505922714635,3.2181258289288683,264.2523176840703,215.7876817055781,240.0199996948242,0.2019191569040623,0.8482950786868848,-0.08996207317400684,119431740.0,1.0214068722435092,0.07687791972402569,0.24494282262056566,0.0009640428763089126,0.00995664661267659,0.037167463490241914,0.06850048207309478,0.01573823118710882,-0.225119362663175,1
2023-08-31,0.004593198535678855,0.004582681990043304,0.02375228589182743,0.008203730290556604,249.91399536132812,250.9582731978063,239.64299774169922,245.24027166373318,239.95799865722657,244.66124730645535,256.63499938964844,244.38911090931921,1.0326752057207962,1.0769352286706029,1.075521499664305,1.005630514879318,71.00302191169465,58.35394265908325,55.37491387602465,-1.1836717827754057,-4.945139094726788,3.7614673119513826,263.9980574117517,215.91793990270142,239.95799865722657,0.20036888863092828,0.8769123050006672,-0.10760613304215816,118246070.0,0.9206369395617123,-0.0010887269121663268,-0.08996207317400684,0.07687791972402569,0.24494282262056566,0.0009640428763089126,0.00995664661267659,-0.02879341090367582,-0.012863384172160819,0
2023-09-01,-0.05064318329763218,-0.05197055872941742,0.06967059486609402,-0.047617254115590514,251.1979949951172,248.97551363414954,242.5949966430664,245.19840308975185,239.51549835205077,244.6944613255392,256.2429995727539,244.41345928569243,0.9753660434733902,1.0099548543753472,1.0229400443503205,0.9561626850893594,50.84160432296743,49.57590475058278,49.701158906700215,-1.0503535638952997,-4.166181988560491,3.1158284246651915,262.83057072149995,216.2004259826016,239.51549835205077,0.1946852920154639,0.6178314196867958,0.21752278349502174,117872570.0,1.1244482070765065,0.004593198535678855,-0.10760613304215816,-0.0010887269121663268,-0.08996207317400684,0.07687791972402569,0.24494282262056566,0.037167463490241914,0.06850048207309478,1
2023-09-05,0.046855214011356505,0.04579063580383254,0.05123006701993084,0.04689791932397959,254.73199157714845,251.48033916755804,245.11599578857422,247.25141893422878,239.76749801635742,245.8178450311426,256.2407992553711,244.8870487346604,1.0069013658093828,1.0464024977611477,1.0697446165821722,1.0009724875184907,61.92153132564008,55.8570607641333,54.04383094428648,-0.018148991762217292,-3.3365753892008363,3.318426397438619,263.69402738970217,215.84096864301264,239.76749801635742,0.19958109060897358,0.849455032885948,-0.023177628759574298,117249260.0,1.1042253059848737,-0.05064318329763218,0.21752278349502174,0.004593198535678855,-0.10760613304215816,-0.0010887269121663268,-0.08996207317400684,0.0009640428763089126,0.00995664661267659,0
2023-09-06,-0.017817428513501543,-0.017978069897591802,0.04100508854452702,-0.01262052688095196,253.67999267578125,251.6268921680205,246.98899536132814,248.10025152235903,239.87849807739258,246.3990024728381,256.45819915771483,245.1628506732598,0.9930621469660584,1.0199644636005076,1.0501983303550106,0.9823043248230148,56.05386669134339,53.0253839113263,52.16143238820402,0.4262073486127349,-2.5840188416381222,3.010226190250857,264.008049850782,215.7489463040031,239.87849807739258,0.20118144783118055,0.7495176911000965,-0.09662345446344156,115900960.0,1.0091357310586555,0.046855214011356505,-0.023177628759574298,-0.05064318329763218,0.21752278349502174,0.004593198535678855,-0.10760613304215816,0.07687791972402569,0.24494282262056566,0
2023-09-07,-0.0017068620153485314,-0.0017083203640211426,0.03793388634838662,0.02619658863620911,252.59799499511718,251.5812632764017,248.45199584960938,248.71657042614174,240.34349822998047,246.88385990334532,256.4837991333008,245.41097439168743,0.9956136251122083,1.0122277530239427,1.0463774029473338,0.9805297891835213,55.47679816864584,52.75439311670469,51.98255395655527,0.7351913066947589,-1.9201768119715459,2.6553681186663045,264.98628984589504,215.70070661406592,240.34349822998047,0.2050631017472693,0.7261616183124532,-0.014080906431098494,117324490.0,0.9828544747989103,-0.017817428513501543,-0.09662345446344156,0.046855214011356505,-0.023177628759574298,-0.05064318329763218,0.21752278349502174,-0.0010887269121663268,-0.08996207317400684,0
2023-09-08,-0.01188916230408743,-0.01196040362366716,0.039637790119624,-0.01082716824889088,250.68199768066407,250.55417551760115,250.2979965209961,248.67719398502504,240.50149841308593,247.03777800778863,256.3289993286133,245.53211265083695,0.9912957543786465,0.9928165764569143,1.033257595647807,0.9694572235325721,51.200629497212866,50.809864387044385,50.712780855872914,0.7303755501055491,-1.390066339556127,2.1204418896616763,265.3103683581346,215.69262846803724,240.50149841308593,0.20630948338157057,0.6612024571177697,0.026491398620622775,119183520.0,0.9931549261173022,-0.0017068620153485314,-0.014080906431098494,-0.017817428513501543,-0.09662345446344156,0.046855214011356505,-0.023177628759574298,0.004593198535678855,-0.10760613304215816,1
2023-09-11,0.10092549928477124,0.09615118904304938,0.0520506669013658,0.035229113957817214,256.39599609375,258.229445869156,253.7969955444336,253.20497445543242,242.047998046875,249.56560739488168,256.6505990600586,246.6320292752067,1.0670212902709775,1.077948089910972,1.1302716352947655,1.0659627819853457,72.1830352963027,63.097143295222786,59.438928242474454,2.718961842871863,-0.5682607030705291,3.2872225459423925,270.7503925931853,213.34560350056466,242.047998046875,0.2371628336355984,1.0492919497450788,0.47563820197570794,125989090.0,1.3863732169190206,-0.01188916230408743,0.026491398620622775,-0.0017068620153485314,-0.014080906431098494,-0.017817428513501543,-0.09662345446344156,-0.05064318329763218,0.21752278349502174,0
2023-09-12,-0.022296863386701782,-0.022549196320499374,0.044078092046753004,-0.012114044397236151,258.5940002441406,261.3129675748801,256.66299591064455,255.80043564286797,243.43399887084962,251.27174107025752,256.7647994995117,247.44959718544675,1.0343627877437147,1.0421448173208787,1.0987783638563806,1.041731621732039,64.33379185644617,59.2223477043559,56.8676809739112,3.7593779874103177,0.2972670350256402,3.4621109523846774,274.1659679575595,212.70202978413977,243.43399887084962,0.25248707435491996,0.8912214679058311,-0.22138011620910314,128821710.0,1.0557218965654158,0.10092549928477124,0.47563820197570794,-0.01188916230408743,0.026491398620622775,-0.0017068620153485314,-0.014080906431098494,0.046855214011356505,-0.023177628759574298,1
2023-09-13,0.014281354305895722,0.01418033641106544,0.025359399898177246,0.004554302348995791,262.4699981689453,264.641974314243,258.07499542236326,258.6185360337954,245.3509979248047,253.17919313908718,256.5943991088867,248.38490662103584,1.033641900733888,1.0512447645265346,1.1057627239654306,1.0573106378594088,66.95878451240606,60.843989211216574,58.060616157061524,4.836404421553823,1.2050945123312768,3.631309909222546,277.9564598573653,212.74553599224407,245.3509979248047,0.26578625893792823,0.8979239723981761,-0.1788692491685656,126584320.0,0.8822080017493478,-0.022296863386701782,-0.22138011620910314,0.10092549928477124,0.47563820197570794,-0.01188916230408743,0.026491398620622775,-0.017817428513501543,-0.09662345446344156,1
2023-09-14,0.017471511114000693,0.017320639037477315,0.02278647236862456,0.017396436286627674,267.3799987792969,268.4413190578026,259.988996887207,261.7860764903638,247.872998046875,255.35641365392857,256.4655990600586,249.46942042197256,1.032388397805227,1.0617372729226628,1.1136348481681746,1.0763237235582592,70.14022623656567,62.81981383612456,59.51933143373227,6.0032341445109125,2.164722438767204,3.8385117057437084,281.75539684560505,213.990599248145,247.872998046875,0.2733851534108815,0.9156584465191792,-0.03549537626137578,125156460.0,0.8606012026866212,0.014281354305895722,-0.1788692491685656,-0.022296863386701782,-0.22138011620910314,0.10092549928477124,0.47563820197570794,-0.0017068620153485314,-0.014080906431098494,0
2023-09-15,-0.005977372284481253,-0.0059953082833390835,0.0290827310044519,-0.011385239717208529,272.55800170898436,270.42421758801424,261.61999969482423,264.07770161001355,250.63149871826172,257.1691375581675,256.4225991821289,250.44669862693198,1.0067215525795101,1.0488113101770098,1.0947946130142368,1.0700695473940927,67.50070506016878,61.65355524083256,58.77217482697097,6.71738060642997,3.0752540722997574,3.6421265341302123,283.7073393425816,217.55565809394187,250.63149871826172,0.26394001387272437,0.8591521104486567,0.24122688928955394,127639520.0,1.047420892839459,0.017471511114000693,-0.03549537626137578,0.014281354305895722,-0.1788692491685656,-0.022296863386701782,-0.22138011620910314,-0.01188916230408743,0.026491398620622775,0
2023-09-18,-0.033200974462619715,-0.03376463807907184,0.028950515346506462,-0.021684631964157715,270.89800415039065,268.7094779851085,263.6470001220703,264.29630109533775,253.12099838256836,257.9416005316084,256.2395993041992,251.02839667212277,0.9792615475750241,1.0061938829437485,1.0480363165222324,1.0352810396974013,54.3306772419906,55.524362576596374,54.785204710974185,6.473620806618271,3.7549274191634607,2.7186933874548105,282.5344578914529,223.7075388736838,253.12099838256836,0.23240631711185736,0.7066910965208938,-0.24047009438838285,124539690.0,0.8153489060395124,-0.005977372284481253,0.24122688928955394,0.017471511114000693,-0.03549537626137578,0.014281354305895722,-0.1788692491685656,0.10092549928477124,0.47563820197570794,1
2023-09-19,0.004598918977371191,0.004588376260533905,0.02495307278230535,0.008133133523146084,270.702001953125,267.9729853234057,264.6480010986328,264.6969736234581,254.88199844360352,258.7566861952647,256.17739959716795,251.63512621439247,0.9844773887048955,1.0069979704878895,1.0455818834885946,1.0402947348948972,55.68165994902837,56.15301514959967,55.21243214096087,6.306189484695153,4.2651798322698,2.0410096524253536,283.0447539824843,226.7192429047228,254.88199844360352,0.22098661899115782,0.7062653553264162,0.02127860725424524,121963130.0,0.8502897556007295,-0.033200974462619715,-0.24047009438838285,-0.005977372284481253,0.24122688928955394,0.017471511114000693,-0.03549537626137578,-0.022296863386701782,-0.22138011620910314,0
2023-09-20,-0.014671683535119606,-0.014780377139554338,0.043680267263281315,-0.016664215340910844,268.9600036621094,266.17865566156735,265.71500091552736,264.313886844264,256.35199813842775,259.1217633517053,256.03339935302733,252.0647289643336,0.9763161539355818,0.9882392617395727,1.0243337217761588,1.025608365945346,50.1361684025986,53.54099492207478,53.51094990906018,5.791236567297176,4.570391179275275,1.2208453880219006,282.8524002358946,229.85159604096089,256.35199813842775,0.20675011148660433,0.6176962933716987,0.18138741032168482,122518610.0,0.9999672702783683,0.004598918977371191,0.02127860725424524,-0.033200974462619715,-0.24047009438838285,-0.005977372284481253,0.24122688928955394,0.014281354305895722,-0.1788692491685656,0
2023-09-21,-0.026238620989897266,-0.026588996104119158,0.026006956265397906,-0.008338216421877072,264.8920013427734,262.6857694237923,266.13600006103513,262.7477250449873,257.29399795532225,258.7958808370897,255.7075994873047,252.20728849311433,0.9652990488654405,0.9607869543752082,0.9938047485765414,0.9999702686229203,41.615530364677305,49.198107654114374,50.624383172347216,4.772156848027123,4.610744313025645,0.16141253500147812,282.2503455304544,232.3376503801901,257.29399795532225,0.19399090358466656,0.46806421688347505,-0.020920771891676626,122982470.0,0.975354454988585,-0.014671683535119606,0.18138741032168482,0.004598918977371191,0.02127860725424524,-0.033200974462619715,-0.24047009438838285,0.017471511114000693,-0.03549537626137578,0
2023-09-22,-0.042315182614647506,-0.043236555785455495,0.054353203822224395,-0.04864020711168663,258.98999938964846,256.75051457679905,265.7740005493164,259.4990486518646,258.03599853515624,257.47055931763475,255.04719970703124,251.9199440378084,0.9455191530943726,0.9213843505259393,0.9490148904531579,0.9601360264457024,31.734414104105667,43.2633293671222,46.48925839904299,3.0562157425473515,4.299838598929987,-1.2436228563826353,280.46103622850546,235.610960841807,258.03599853515624,0.17381324947413423,0.20666730124949761,0.06313051524991353,123898110.0,1.029265902441934,-0.026238620989897266,-0.020920771891676626,-0.014671683535119606,0.18138741032168482,0.004598918977371191,0.02127860725424524,-0.005977372284481253,0.24122688928955394,1
2023-09-25,0.008616467528091087,0.008579557642104906,0.03558851916850197,0.014832774007420117,255.33200073242188,253.49701154892074,263.11500244140626,257.2246771684645,258.45599899291994,256.4724113343518,254.35939971923827,251.72661311448903,0.9673288298555264,0.9387150227139438,0.9556365743320588,0.9710276316337885,35.23310886519704,44.6651585367251,47.36951877417602,1.8453079081106125,3.808932460766112,-1.9636245526554994,279.6915848378074,237.2204131480325,258.45599899291994,0.16432650762708104,0.2300287926241422,-0.17947587946121557,116894980.0,0.8951333923834881,-0.042315182614647506,0.06313051524991353,-0.026238620989897266,-0.020920771891676626,-0.014671683535119606,0.18138741032168482,-0.033200974462619715,-0.24047009438838285,0
2023-09-26,-0.011619945391094011,-0.011687984544270934,0.032320168554242835,0.004691741747031529,250.8559997558594,250.37133940500968,260.7790008544922,254.84200770459591,258.7209983825684,255.29599074224092,253.43419952392577,251.42831436949683,0.9731479229309741,0.9361183006196117,0.9435646764017565,0.963248036672892,32.58311702582077,43.10508413205151,46.282157250860266,0.646615097199259,3.1764689880527417,-2.5298538908534827,279.08417532360266,238.3578214415341,258.7209983825684,0.1574141802817523,0.14148513496540704,-0.025258848242393217,113494350.0,0.8986667618255887,0.008616467528091087,-0.17947587946121557,-0.042315182614647506,0.06313051524991353,-0.026238620989897266,-0.020920771891676626,0.004598918977371191,0.02127860725424524,0
2023-09-27,-0.014828753029631048,-0.014939798128788435,0.0446985446985447,-0.015393411084068083,246.43800048828126,247.08089293667314,257.6990020751953,252.2343699401239,257.8869987487793,253.8868487667894,252.37739959716797,250.99975302167343,0.9759046880898401,0.9332593376897256,0.9325790023027998,0.9529379428739417,29.336216521104504,41.15261974801963,44.916643430659484,-0.5886750642556535,2.423440177591063,-3.0121152418467165,279.74569885352184,236.02829864403682,257.8869987487793,0.1695215362604314,0.10228653429837273,0.33927226806387845,115986700.0,1.177697098029343,-0.011619945391094011,-0.025258848242393217,0.008616467528091087,-0.17947587946121557,-0.042315182614647506,0.06313051524991353,-0.014671683535119606,0.18138741032168482,1
2023-09-28,0.02444908475181906,0.0241549898062297,0.03612309838010846,0.026497793921926395,244.57400207519532,246.84726358538626,254.73300170898438,251.16993992970365,257.3609992980957,253.17191125402968,251.47979949951173,250.8185864279926,1.0073842795730263,0.9672088156221131,0.9573323291204502,0.9797208577911677,40.56070359191965,45.472987468193665,47.555648514179666,-1.0807262250087035,1.7226068970711097,-2.8033331220798132,279.7882910300722,234.9337075661192,257.3609992980957,0.17428663855939908,0.25518679324916743,-0.14303587482027447,116921610.0,1.001174205521118,-0.014828753029631048,0.33927226806387845,-0.011619945391094011,-0.025258848242393217,0.008616467528091087,-0.17947587946121557,-0.026238620989897266,-0.020920771891676626,1
2023-09-29,0.015585665483353939,0.015465456415727708,0.033650380176917065,0.0008800048828125,245.64200134277343,247.9715094638252,252.31600036621094,250.99722380079444,256.9680000305176,252.89077696514144,251.2261996459961,250.795112498295,1.0186368774594923,0.9916929598500861,0.9737399255587735,0.995994850749202,46.97765119072668,48.15017433623263,49.22375151390365,-1.1475959311230213,1.1485663314322836,-2.296162262555305,279.6056015576691,234.33039850336607,256.9680000305176,0.17619004330860705,0.3509559680666497,0.09793189582338457,116404650.0,1.1041028000170097,0.02444908475181906,-0.14303587482027447,-0.014828753029631048,0.33927226806387845,-0.011619945391094011,-0.025258848242393217,-0.042315182614647506,0.06313051524991353,1
2023-10-02,0.005515166158101437,0.005500013317318054,0.046343415656802917,0.02773583028730977,246.56400146484376,249.18100834372203,250.9480010986328,251.10682058310738,257.29750061035156,252.76784640689138,251.05779998779298,250.8266769534017,1.0204247360066871,1.002598167755983,0.9778563938890951,1.0021596863979092,49.27371772876521,49.11705684136982,49.82595377449892,-1.0768228506050264,0.7034884950248216,-1.780311345629848,279.41516352741485,235.1798376932883,257.29750061035156,0.17192287421833927,0.37120034950798386,-0.03666511830205865,118631360.0,1.0436565845658348,0.015585665483353939,0.09793189582338457,0.02444908475181906,-0.14303587482027447,-0.014828753029631048,0.33927226806387845,0.008616467528091087,-0.17947587946121557,0
2023-10-03,-0.020151062008054166,-0.020356864105244222,0.022593628977401792,-0.008366525183814673,247.04600219726564,248.29733848891365,248.9510009765625,250.27467116423273,256.7995010375977,252.17376568045378,250.60720001220704,250.65817977010346,0.9979113063422224,0.9902751859290835,0.960009648707233,0.9837307099208978,41.5598193778339,45.74219463023963,47.646104657852284,-1.4135473991328524,0.28008131619328674,-1.6936287153261391,279.4104807410487,234.18852133414666,256.7995010375977,0.17609831492733752,0.2729089497008083,-0.17627840633743208,118459490.0,0.8609297575061314,0.005515166158101437,-0.03666511830205865,0.015585665483353939,0.09793189582338457,0.02444908475181906,-0.14303587482027447,-0.011619945391094011,-0.025258848242393217,1
2023-10-04,0.05934371052307452,0.05764957536105983,0.054602462276331316,0.05247039697141261,251.1780029296875,252.58489354664556,248.80800170898436,252.253822527483,257.26150131225586,253.02959786918288,250.5248001098633,251.07001600116251,1.0397407440778808,1.0496447134669422,1.0151538505760396,1.042451699582565,61.72969371283748,55.28901074352679,53.77363836683295,-0.49418820975927247,0.1252274110027749,-0.6194156207620474,279.83235670396346,234.6906459205483,257.26150131225586,0.1754701366242265,0.5863614223341707,0.27196370457311003,119180190.0,1.0884493471607992,-0.020151062008054166,-0.17627840633743208,0.005515166158101437,-0.03666511830205865,0.015585665483353939,0.09793189582338457,-0.014828753029631048,0.33927226806387845,0
2023-10-05,-0.00425032873937603,-0.0042593870629195184,0.028263820221238075,0.0001922607421875,253.91199951171876,255.07325829541998,249.24300079345704,253.6713071212077,257.6895004272461,253.69820643335296,250.43879974365234,251.42217175770392,1.0241736833747659,1.043359239638056,1.0091602000151694,1.0383773922377617,59.89970736513313,54.505391313333,53.27687510724198,0.14319095143969207,0.12882011909015834,0.014370832349533735,280.13062069153574,235.2483801629565,257.6895004272461,0.1741717860221896,0.552592903962082,-0.08142360254575953,119100960.0,1.000488996898094,0.05934371052307452,0.27196370457311003,-0.020151062008054166,-0.17627840633743208,0.005515166158101437,-0.03666511830205865,0.02444908475181906,-0.14303587482027447,1
2023-10-06,0.001845841218459432,0.0018441397469999051,0.04222162534656305,0.025789444688330606,255.9739990234375,256.8921717900456,250.80800018310546,254.918341968133,258.29100036621094,254.34885332344285,250.53519958496094,251.7793414448252,1.017798681792842,1.0387627132670958,1.0086685111363207,1.0398937922132037,60.49061925671438,54.80370684595408,53.472041632973486,0.6792217581096338,0.23890044689405343,0.4403213112155804,280.3563798682078,236.2256208642141,258.29100036621094,0.17085674274916307,0.5507355518830597,-0.008706000040282214,118160730.0,0.9996705335182001,-0.00425032873937603,-0.08142360254575953,0.05934371052307452,0.27196370457311003,-0.020151062008054166,-0.17627840633743208,0.015585665483353939,0.09793189582338457,0
2023-10-09,-0.003300907210654902,-0.0033063672235030548,0.03585312827195442,0.017077340922147004,257.58800048828124,257.81811900260857,252.0760009765625,255.78228223351508,257.5955017089844,254.8556304762325,250.3997998046875,252.08877956180206,1.0080827248765722,1.0301258843434205,1.0080533693522864,1.0370216494992315,58.68313242591711,54.11902244140609,53.0551433393662,1.0228456753690125,0.3956894925890453,0.6271561827799672,278.5377034700531,236.65329994791568,257.5955017089844,0.16259757349899626,0.5495294559382595,-0.141751141618228,117834860.0,0.860338782597951,0.001845841218459432,-0.008706000040282214,-0.00425032873937603,-0.08142360254575953,0.05934371052307452,0.27196370457311003,0.005515166158101437,-0.03666511830205865,1
2023-10-10,0.015211543440507347,0.015097007960672728,0.0428268293529977,0.02277398687560621,261.00599975585936,259.75207770746823,254.0260009765625,257.2073209396373,257.40250091552736,255.69033187060916,250.32359985351562,252.5409840933858,1.0100150776755064,1.0377677643380694,1.0241547544392373,1.053116826665375,64.38560834346467,56.78932379485393,54.756339574800094,1.5955085866212642,0.6356533113954891,0.9598552752257751,278.0457811008692,236.75922073018552,257.40250091552736,0.1603968890117071,0.6505936591916966,0.20988894029172034,119901100.0,1.0229764364130103,-0.003300907210654902,-0.141751141618228,0.001845841218459432,-0.008706000040282214,-0.00425032873937603,-0.08142360254575953,-0.020151062008054166,-0.17627840633743208,0
2023-10-11,-0.002389822071472425,-0.0023926822540326844,0.02927872730125222,-0.012058684543409132,261.3719970703125,260.83138188310386,256.275,258.25871535686235,256.9870010375977,256.38553742906305,250.36199951171875,252.95074904009127,1.006190384517846,1.0262022836186715,1.0233591161130329,1.0504389274222312,62.773450010777246,56.227231246236165,54.42603754340992,1.9757368758780274,0.9036700242919968,1.0720668515860305,276.8130050548525,237.16099702034285,256.9870010375977,0.15429577322748905,0.6513918082421662,-0.15449468432037572,116612010.0,0.8893277802174921,0.015211543440507347,0.20988894029172034,-0.003300907210654902,-0.141751141618228,0.001845841218459432,-0.008706000040282214,0.05934371052307452,0.27196370457311003,0
2023-10-12,-0.015665976919941982,-0.015789985181823882,0.03391663361882581,-0.015403994004663529,261.13599853515626,260.1775862944651,257.5239990234375,258.3698571314669,256.1285003662109,256.62215244697967,250.45719940185546,253.1828763372323,0.9913225161192638,1.0052266821688627,1.0107035911546618,1.0335897539995798,52.704850821338596,52.56319031385308,52.26132928761974,1.922460433601259,1.1074281061538493,0.8150323274474096,273.9674480932222,238.28955263919963,256.1285003662109,0.13929685842462092,0.5768401475504493,0.07522975942638,116056930.0,0.9608051841454017,-0.002389822071472425,-0.15449468432037572,0.015211543440507347,0.20988894029172034,-0.003300907210654902,-0.141751141618228,-0.00425032873937603,-0.08142360254575953,0
2023-10-13,-0.02993780718577166,-0.030395093236742683,0.03735268025325993,-0.03005020843070217,259.2539978027344,257.15838923537257,257.61399841308594,257.05170040159794,254.96499938964843,256.0981374631899,250.29319915771484,253.10197903448545,0.9686253529184301,0.9747917297355664,0.9849194819615816,1.0033033097273718,38.9828268301501,46.43354750537888,48.45484399220479,1.2405776320043742,1.1340580113239542,0.10651962068041998,270.81219352953,239.11780524976683,254.96499938964843,0.12430878103126017,0.3786850139361751,-0.08460640975857359,113412040.0,0.9000261347913325,-0.015665976919941982,0.07522975942638,-0.002389822071472425,-0.15449468432037572,0.015211543440507347,0.20988894029172034,0.001845841218459432,-0.008706000040282214,1
2023-10-16,0.01115006015531006,0.011088356477393282,0.02725267099419677,0.015476884902842613,258.10399475097654,256.0789255465635,257.8459976196289,256.4822999956611,254.39699935913086,255.89069562564282,250.29439910888672,253.13405821622896,0.9837894931224601,0.9847738592534789,0.9981249732057093,1.014485338357417,45.016772643680234,48.75851376255402,49.840771931607264,0.9155633997594634,1.0903590890110562,-0.17479568925159272,269.52252840763,239.27147031063177,254.39699935913086,0.11891279446379378,0.484231917156217,-0.12889301662130737,109922720.0,0.8089064753856163,-0.02993780718577166,-0.08460640975857359,-0.015665976919941982,0.07522975942638,-0.002389822071472425,-0.15449468432037572,-0.003300907210654902,-0.141751141618228,1
2023-10-17,0.0036626021631882555,0.003655911168542864,0.039631118708406556,0.01899240257528818,256.34999694824216,255.66928573221423,258.6779983520508,256.18551928799826,253.81449966430665,255.79158233782118,250.36239929199218,253.2013502902402,0.9941486605711589,0.9852017091792808,1.004079776531989,1.017924444022801,47.0459654563073,49.54188500284555,50.306752300382506,0.7246775157184402,1.017222774352533,-0.29254525863409286,267.8917481006533,239.73725122796,253.81449966430665,0.1109254865657014,0.5367794332781458,0.05224748417628988,109080480.0,0.8577419167939122,0.01115006015531006,-0.12889301662130737,-0.02993780718577166,-0.08460640975857359,-0.015665976919941982,0.07522975942638,0.015211543440507347,0.20988894029172034,0
2023-10-18,-0.04775363208267347,-0.04893148784195894,0.05171420566393591,-0.03965177836750519,252.28799743652343,251.33952138006993,256.82999725341796,253.72996899486787,252.81899948120116,254.542859512865,250.22199920654296,252.78874803084966,0.9619165205702678,0.9449051717908377,0.9598961833318472,0.9698587392208619,30.091399728404127,40.76030907012305,44.61214728288109,-0.40396266704715345,0.7329856860725957,-1.1369483531197493,267.08779136707074,238.55020759533159,252.81899948120116,0.11287752831195393,0.1447139012707657,0.33757931829817167,108623100.0,1.1521287829200235,0.0036626021631882555,0.05224748417628988,0.01115006015531006,-0.12889301662130737,-0.02993780718577166,-0.08460640975857359,-0.002389822071472425,-0.15449468432037572,0
2023-10-19,-0.09300310180733784,-0.09761624872658338,0.06283222839809613,-0.025846410341967736,244.53599853515624,240.92968112349718,252.83599853515625,247.61724747041035,251.03949966430665,251.26353961738752,249.78039916992188,251.50722852416348,0.900112874705059,0.8705643258301519,0.8767942929486617,0.881214063800955,16.90772295935919,30.103232262235778,36.55450655589077,-3.0840765628431086,-0.0304267637105452,-3.0536497991325633,271.1205264217853,230.958472906828,251.03949966430665,0.15998300494010917,-0.27011747027417843,0.3645681346376044,113784450.0,1.5008439202369042,-0.04775363208267347,0.33757931829817167,0.0036626021631882555,0.05224748417628988,0.01115006015531006,-0.12889301662130737,-0.015665976919941982,0.07522975942638,0
2023-10-20,-0.036890623300491754,-0.037588294506417,0.039813209220745126,-0.023132524495380984,236.71000061035156,231.2831225800528,247.98199920654298,241.139567110911,249.3949996948242,247.52320303412813,249.11339935302735,249.95753350334,0.895568437947499,0.8548604583052766,0.8500170643058951,0.8509779323140526,14.28146149382711,27.33426933104552,34.21973157309206,-5.796483623737004,-1.183638135715837,-4.612845488021167,275.6593260491747,223.13067334047372,249.3949996948242,0.21062432195103517,-0.21208744699945997,-0.19184916558677123,115773280.0,1.1920721257962112,-0.09300310180733784,0.3645681346376044,-0.04775363208267347,0.33757931829817167,0.0036626021631882555,0.05224748417628988,-0.02993780718577166,-0.08460640975857359,1
2023-10-23,0.0004245310418349302,0.00042444095402800134,0.06822897536671134,0.00990477062406994,228.34200134277344,224.88208233038677,243.222998046875,235.85600978730074,247.64949951171874,244.14766006240686,248.50199951171874,248.47214010442684,0.9287822677558685,0.8719570251748221,0.8563716149203002,0.8534337842261648,14.45328083753708,27.41396062254968,34.26858954386421,-7.848352882397791,-2.516581085052228,-5.331771797345563,278.5518096030948,216.74718942034266,247.64949951171874,0.2495648903172023,-0.07551518924454863,0.0918287864438907,120703830.0,1.2483729803768446,-0.036890623300491754,-0.19184916558677123,-0.09300310180733784,0.3645681346376044,-0.04775363208267347,0.33757931829817167,0.01115006015531006,-0.12889301662130737,1
2023-10-24,0.02093550737020089,0.020719371046622376,0.036670987828980636,9.239848711749423e-05,220.6760009765625,222.09472297774482,238.51299896240235,232.34037242096622,246.2694999694824,241.51645474907866,248.03719970703125,247.21911516983997,0.9811669747244379,0.9077912114408144,0.879199431108164,0.8729335943487638,23.302111185625407,31.410481005735335,36.70395439064395,-9.012314609585161,-3.8157277899588147,-5.196586819626346,280.01342962435905,212.52557031460577,246.2694999694824,0.2740406721827767,0.05918744495245671,-0.21536745255283596,120261340.0,0.9831180992994091,0.0004245310418349302,0.0918287864438907,-0.036890623300491754,-0.19184916558677123,-0.09300310180733784,0.3645681346376044,0.0036626021631882555,0.05224748417628988,0
2023-10-25,-0.018935922882932887,-0.01911750338776431,0.037190515127442356,-0.01602745337969306,214.6240020751953,218.869814708145,233.45599975585938,228.71848619332604,244.8654998779297,238.7453636462088,247.62639953613282,245.85444391490293,0.9897308600858268,0.9098930778865704,0.8674966390726374,0.8578245234226316,20.965745089052106,29.779915071200904,35.43113512240994,-10.148612009689487,-5.082304633904949,-5.066307375784538,281.6522944104013,208.0787053454581,244.8654998779297,0.3004653130049806,0.05900613085023163,-0.0944421560824521,120597220.0,0.8877907799201341,0.02093550737020089,-0.21536745255283596,0.0004245310418349302,0.0918287864438907,-0.036890623300491754,-0.19184916558677123,-0.04775363208267347,0.33757931829817167,0
2023-10-26,-0.031352997455599385,-0.031855023921114375,0.04821150094177195,-0.02631086799487157,211.75400085449218,214.49987464104197,228.1449996948242,224.54421497760057,242.83449935913086,235.6038999186495,247.2295993041992,244.28211256556696,0.971693539090319,0.9018825518072658,0.8473260391330765,0.8322627836065141,17.618086774876318,27.300710439014054,33.452517146476666,-11.454502150797708,-6.356744137283501,-5.097758013514207,283.3580451631273,202.3109535551344,242.83449935913086,0.3337544369596817,0.04255601136662364,0.0751645494189983,120957670.0,0.9516767312068759,-0.018935922882932887,-0.0944421560824521,0.02093550737020089,-0.21536745255283596,0.0004245310418349302,0.0918287864438907,-0.09300310180733784,0.3645681346376044,1
2023-10-27,0.00748448962886572,0.007456619810883741,0.032030869714896194,-0.01566952970616616,210.81600036621094,212.09991744461394,223.76300048828125,221.40890371835644,240.6884994506836,232.90829069323124,246.99119934082032,242.83183376110387,0.9833219617659691,0.926426632639896,0.8612792199248099,0.8393011718838893,21.02015149929258,28.777236398982055,34.342737697501136,-12.224250130694458,-7.5302453359656925,-4.694004794728765,283.87839942874166,197.49859947262556,240.6884994506836,0.3588862789591452,0.11346869967413335,-0.17575313215060728,120238410.0,0.7891089045505508,-0.031352997455599385,0.0751645494189983,-0.018935922882932887,-0.0944421560824521,0.02093550737020089,-0.21536745255283596,-0.036890623300491754,-0.19184916558677123,0
2023-10-30,-0.04794984223383958,-0.0491375588495086,0.08213420482233709,-0.05695717812726069,207.87200012207032,207.18661183319315,218.10700073242188,217.03637588053735,237.97649917602538,229.5227392567665,246.62859924316408,241.04862461793712,0.9494304210978597,0.9048769638186756,0.8293255901053037,0.8002316082400646,16.034024017789406,25.217190025423577,31.488015012014102,-13.480956006216417,-8.720387470015838,-4.760568536200578,284.74836299413766,191.2046353579131,237.97649917602538,0.3930796862720153,0.06580200947706095,0.43809521802000817,124991510.0,1.0916597455299164,0.00748448962886572,-0.17575313215060728,-0.031352997455599385,0.0751645494189983,-0.018935922882932887,-0.0944421560824521,0.0004245310418349302,0.0918287864438907,1
2023-10-31,0.017632730628176496,0.017479077618859314,0.043467416285209594,0.02406690464112435,204.73599853515626,205.07107333475898,212.70599975585938,214.09157960005612,235.69199905395507,226.7910494549688,246.01979919433595,239.47181566577842,0.9809706049491017,0.9442140633945992,0.8521290376595004,0.8163570452280676,23.450676072251724,28.549817836028936,33.519460020746806,-14.034319001579888,-9.783173776328649,-4.251145225251239,284.96595748339126,186.41804062451888,235.69199905395507,0.4181216046978014,0.14634460243360609,-0.1347023998850846,127442050.0,0.9264469615797926,-0.04794984223383958,0.43809521802000817,0.00748448962886572,-0.17575313215060728,-0.031352997455599385,0.0751645494189983,0.02093550737020089,-0.21536745255283596,1
2023-11-01,0.023999240251476817,0.02371578467512363,0.03957988546485738,0.007939670796326494,203.38399963378907,205.26738344387581,209.00400085449218,212.5585657931567,232.91699905395507,224.7785689032679,245.46919921875,238.14586225386984,1.0111906739587109,0.9840003197129663,0.8829754998451975,0.8378240704604057,33.01198692560803,33.0032269178368,36.26771058699952,-13.923428239871924,-10.611224669037306,-3.312203570834619,282.3920511206763,183.44194698723385,232.91699905395507,0.4248298944918173,0.22453798173787298,0.030434926224905512,127093440.0,0.9572618382191874,0.017632730628176496,-0.1347023998850846,-0.04794984223383958,0.43809521802000817,0.00748448962886572,-0.17575313215060728,-0.018935922882932887,-0.0944421560824521,1
2023-11-02,0.06248172039245192,0.06060741733192271,0.03546748521728395,0.026013021807666036,205.93399963378906,209.6815871315292,208.84400024414063,213.6406437410984,230.83999938964843,224.18156181789345,245.1021990966797,237.3758282245744,1.0610680844125335,1.046283322726033,0.9465863588831502,0.8915056466737185,51.754716871689624,43.17245420500622,42.87785181595575,-12.652805971833402,-11.019540929596527,-1.633265042236875,279.0561544313407,182.62384434795618,230.83999938964843,0.41774523626042276,0.3721382400551142,0.03555679396227407,122614930.0,1.0275061935769159,0.023999240251476817,0.030434926224905512,0.017632730628176496,-0.1347023998850846,-0.04794984223383958,0.43809521802000817,-0.031352997455599385,0.0751645494189983,1
2023-11-03,0.006635907937775798,0.0066139872231546415,0.03623386514563451,-0.005380905337823321,208.46600036621095,213.10772699230853,209.64100036621093,214.78961882705636,228.81149978637694,223.77950895084334,244.90059936523437,236.69285483199766,1.0551361196908118,1.049222272025179,0.9613153487443871,0.8981603445805707,53.46866203010537,44.20167547030148,43.571292725398,-11.397442184383834,-11.095121180553988,-0.30232100382984584,275.2411670242127,182.3818325485412,228.81149978637694,0.40583333688370926,0.40467847823280706,-0.05121773888858905,120767400.0,0.9897936032406096,0.06248172039245192,0.03555679396227407,0.023999240251476817,0.030434926224905512,0.017632730628176496,-0.1347023998850846,0.00748448962886572,-0.17575313215060728,0
2023-11-06,-0.0031369449915676917,-0.0031418755173999516,0.05162588180621693,-0.02102862552425264,212.8480010986328,215.16181941902602,210.36000061035156,215.60423436258446,226.79149932861327,223.3500323148069,244.51419952392578,236.0096057904472,1.0301717805226285,1.0423559784952336,0.9668351985042705,0.8967577535349038,52.43450849188484,43.79519473794763,43.30860042424304,-10.339052606244849,-10.94390746569216,0.6048548594473111,271.1440736272528,182.43892502997375,226.79149932861327,0.39113083541437443,0.41520790872805047,-0.018396316386525058,117432640.0,0.9991753570387245,0.006635907937775798,-0.05121773888858905,0.06248172039245192,0.03555679396227407,0.023999240251476817,0.030434926224905512,-0.04794984223383958,0.43809521802000817,1
2023-11-07,0.013271256198382764,0.013183964542986627,0.03330630182926913,0.01000089549491146,217.11600036621093,217.50121050461112,210.9259994506836,216.79982678316568,224.71949920654296,223.23859996823302,244.18139923095703,235.46726802124462,1.0233239019741929,1.0533551731621826,0.9886992159571003,0.9098972869167404,56.56770370213972,46.04855000317966,44.782783230947096,-9.159870213919561,-10.58710001533764,1.427229801418079,265.7434396219262,183.69555879115973,224.71949920654296,0.3651124229115297,0.4690484811423741,-0.003713274209576234,117299540.0,0.9965947010533887,-0.0031369449915676917,-0.018396316386525058,0.006635907937775798,-0.05121773888858905,0.06248172039245192,0.03555679396227407,0.017632730628176496,-0.1347023998850846,0
2023-11-08,-0.00031502415940676265,-0.0003150737899407528,0.02930977663746193,-0.0046605122768466145,220.40599975585937,219.0374738731913,211.8949996948242,217.7653129335631,222.6754997253418,223.13111431510143,243.47999938964844,234.9434536129743,1.0077311908767443,1.0482078431781743,0.9974604340590332,0.912230988857948,56.430106646574345,46.00077907908587,44.75339273072498,-8.137206792514718,-10.097121370773056,1.9599145782583385,259.7522815647995,185.59871788588413,222.6754997253418,0.33301177619621275,0.49237394554038083,-0.08824030090650048,117251510.0,0.9090270990966343,0.013271256198382764,-0.003713274209576234,-0.0031369449915676917,-0.018396316386525058,0.006635907937775798,-0.05121773888858905,0.023999240251476817,0.030434926224905512,0
2023-11-09,-0.054612601186257326,-0.056160489658582134,0.06724455025848308,-0.044459632639185155,218.7,216.01831449130722,212.31699981689454,216.349800714286,220.2309997558594,221.8786268305717,242.54159942626953,233.96449448021215,0.9601280097281165,0.9889928545930333,0.9534534010212721,0.8657483756363662,37.826541418959046,38.538962757319574,39.97889051498032,-8.210878783005768,-9.719872853219599,1.5089940702138307,253.71252146836693,186.74947804335184,220.2309997558594,0.3040582093313296,0.3469154998936189,0.3333092523511796,119951300.0,1.1847349716093114,-0.00031502415940676265,-0.08824030090650048,0.013271256198382764,-0.003713274209576234,-0.0031369449915676917,-0.018396316386525058,0.06248172039245192,0.03555679396227407,1
2023-11-10,0.022240205086035525,0.021996498496030296,0.045143269121541575,0.021996834471452197,217.63799743652345,215.56220762636627,213.0519989013672,216.04074492923115,218.40749969482422,221.19018559875389,241.6729995727539,233.20706308477185,0.986270763491515,1.0075004928531883,0.9827958938974617,0.8881835963304024,45.84557100030102,42.412000903434766,42.46038941332101,-7.802492268825006,-9.33639673634068,1.5339044675156739,248.79031070185212,188.02468868779633,218.40749969482422,0.2782213161130556,0.4381639539957199,-0.07822433951045138,123562580.0,1.060142965613052,-0.054612601186257326,0.3333092523511796,-0.00031502415940676265,-0.08824030090650048,0.013271256198382764,-0.003713274209576234,0.006635907937775798,-0.05121773888858905,1
2023-11-13,0.04220830689495392,0.04134183399945281,0.06164227290811666,0.03761595723915575,218.5259979248047,218.27814065553326,215.68699951171874,217.43515616280132,216.89700012207032,221.43016856209803,241.24699981689454,232.83462950159912,1.023722618078817,1.0371974538118258,1.0314112532121813,0.92730689659835,58.08246974622037,49.11185430750644,46.92991332876455,-6.670877968649165,-8.803292982802377,2.132415014153212,242.73078759921202,191.06321264492863,216.89700012207032,0.23821249222075325,0.6318623256041175,0.07216819090950732,123962520.0,1.1329843891524631,0.022240205086035525,-0.07822433951045138,-0.054612601186257326,0.3333092523511796,-0.00031502415940676265,-0.08824030090650048,-0.0031369449915676917,-0.018396316386525058,1
2023-11-14,0.06123998273248876,0.059438019477541446,0.031253940670106416,0.010126387674653504,221.5720001220703,224.65542832439198,219.34400024414063,221.06694661722096,216.025,222.95205761924197,240.8654000854492,233.0140559392662,1.0714801668591405,1.0823637911128656,1.098993189038812,0.9856542433155032,70.02969390065503,57.21731477651278,52.75653771640789,-4.615386917441896,-7.965711769730281,3.3503248522883853,237.4822497959027,194.5677502040973,216.025,0.19865524634558682,0.9983165099329943,0.06638774888285748,127132850.0,1.1780715999051385,0.04220830689495392,0.07216819090950732,0.022240205086035525,-0.07822433951045138,-0.054612601186257326,0.3333092523511796,0.013271256198382764,-0.003713274209576234,1
2023-11-15,0.022871793909364557,0.022614155469065075,0.04220886243853348,0.014835568353720791,225.71799926757814,230.7169509955582,223.06199951171874,225.02568293007,216.03300018310546,224.84614702101803,240.68380004882812,233.3993869352907,1.0758557010334615,1.088665917410701,1.1240875057609905,1.008958626582367,73.51965458430556,59.94081040207374,54.820840712765666,-2.519200644867425,-6.87640954475771,4.357208899890285,237.53007885912731,194.5359215070836,216.03300018310546,0.19901661929243536,1.123503234062358,0.0038885876895218274,130002080.0,1.1565507259576155,0.06123998273248876,0.06638774888285748,0.04220830689495392,0.07216819090950732,0.022240205086035525,-0.07822433951045138,-0.00031502415940676265,-0.08824030090650048,0
2023-11-16,-0.038090924639652135,-0.03883534904080814,0.0424675642127924,-0.024635721825317865,230.43999938964845,231.67463277633567,224.56999969482422,226.582830822401,216.7069999694824,225.6788945750059,240.32579986572264,233.406861813824,1.0136694886156283,1.0401656350150241,1.077907019020086,0.9719721996906053,59.702692857739876,53.6726661289263,50.84684390148356,-1.5860723612849483,-5.818342108063158,4.2322697467782096,239.48050486122023,193.9334950777446,216.7069999694824,0.2101778428472073,0.8706718936911053,-0.09003551618181094,131085000.0,1.0437258267536331,0.022871793909364557,0.0038885876895218274,0.06123998273248876,0.06638774888285748,0.04220830689495392,0.07216819090950732,-0.054612601186257326,0.3333092523511796,1
2023-11-17,0.0030395424675642158,0.0030349323976646067,0.04630817738879335,0.009913806257576778,234.37000122070313,232.54975620147638,226.00399932861328,227.9859530459204,217.8224998474121,226.49995252517277,240.04179992675782,233.44188696040965,0.9997013347758641,1.0367073314976254,1.0756464700198025,0.9760800124113719,60.369659951795825,54.06969411201934,51.13234863400195,-0.7802753373003384,-4.8107287539105945,4.030453416610256,241.72036396234986,193.92463573247434,217.8224998474121,0.21942512028535682,0.8447484495914882,0.04177849503862108,133384800.0,1.0685835267586712,-0.038090924639652135,-0.09003551618181094,0.022871793909364557,0.0038885876895218274,0.06123998273248876,0.06638774888285748,0.022240205086035525,-0.07822433951045138,1
2023-11-20,0.005548455120893081,0.005533119144943252,0.025806458716233292,0.006665582217290404,236.7480010986328,233.5665061688228,227.63699951171876,229.37032632911954,218.99850006103514,227.36662429453878,239.2822003173828,233.52651908366872,0.9951509833671672,1.0349811612737714,1.0758064828656526,0.9846114996895585,61.722964023977006,54.83295340987871,51.672022931278406,-0.03635690882688891,-3.8558543848938536,3.8194974760669647,243.94221053662102,194.05478958544927,218.99850006103514,0.22779800289622104,0.8327794006174325,-0.1839064411840643,133283230.0,0.8727286996271024,0.0030395424675642158,0.04177849503862108,-0.038090924639652135,-0.09003551618181094,0.022871793909364557,0.0038885876895218274,0.04220830689495392,0.07216819090950732,1
2023-11-21,0.023769060694616817,0.023490974516940124,0.04262022765076073,0.026208321298794093,237.50599975585936,236.11100309529593,229.53899993896485,231.52117553259637,220.2324996948242,228.68408835679625,238.75660003662108,233.82743978424023,1.0155532794800133,1.0508018115108022,1.0952061901965995,1.0102338402843998,67.32970376477468,58.065687075377795,53.971198716773216,0.993622404899213,-2.8859590269352404,3.8795814318344535,246.94299157417424,193.52200781547418,220.2324996948242,0.2425663053033745,0.8924955285010685,0.05130583622263041,133822020.0,0.9138107465423104,0.005548455120893081,-0.1839064411840643,0.0030395424675642158,0.04177849503862108,-0.038090924639652135,-0.09003551618181094,0.06123998273248876,0.06638774888285748,0
2023-11-22,-0.028980059381488954,-0.029408274734311717,0.05384057149085486,-0.032349970209300236,235.78000183105468,235.4773376348197,230.7490005493164,232.01005392919106,221.3220001220703,229.2103662955649,238.01480041503908,233.8424424089315,0.9933412710789932,1.0149990082570741,1.058231927168056,0.9840144659301133,55.492650386869414,52.9694713208979,50.803487121249255,1.231656863852436,-2.0624358487777052,3.294092712630141,248.44338349733448,194.20061674680613,221.3220001220703,0.24508529075559912,0.7375986212331499,-0.03546872955645686,134958600.0,0.8739761675061833,0.023769060694616817,0.05130583622263041,0.005548455120893081,-0.1839064411840643,0.0030395424675642158,0.04177849503862108,0.022871793909364557,0.0038885876895218274,1
2023-11-24,0.00529435207219775,0.005280386261856706,0.027266928231715327,0.007272714217078877,236.152001953125,235.4682240726272,233.2960006713867,232.63549811447305,222.80650024414064,229.8046168339151,237.20300018310547,233.90548376341428,0.9970273171555745,1.0092328898509046,1.0567465342808555,0.9926096919789797,57.05520748704446,53.745027114968465,51.33550567742876,1.5030317223117606,-1.3493423345598121,2.8523740568715725,249.60648772265822,196.00651276562306,222.80650024414064,0.2405673752709319,0.7358862427498588,-0.44786037544531354,127260070.0,0.5117488934274513,-0.028980059381488954,-0.03546872955645686,0.023769060694616817,0.05130583622263041,0.005548455120893081,-0.1839064411840643,-0.038090924639652135,-0.09003551618181094,1
2023-11-27,0.0026757481035388775,0.0026721746625813217,0.026389341236948218,-0.003419298242562894,236.50800170898438,235.67214999210307,235.43900146484376,233.2617715174879,224.24550018310546,230.4022725479284,236.4367999267578,233.99075898175315,0.9981903365854982,1.0027225751138205,1.0527747564088727,0.9984909367077645,57.930679172234015,54.158646563599,51.61464520516854,1.7487755852912983,-0.72971875058959,2.4784943358808884,250.64821450173991,197.842785864471,224.24550018310546,0.23548043815439396,0.7241152463554986,0.7202526825253512,125363850.0,0.8936531543981778,0.00529435207219775,-0.44786037544531354,-0.028980059381488954,-0.03546872955645686,0.023769060694616817,0.05130583622263041,0.0030395424675642158,0.04177849503862108,1
2023-11-28,0.04506946504203557,0.04408335693193017,0.052650800214384993,0.04242018275991454,238.73200073242188,239.3547670683031,237.74000091552733,235.70872237261793,226.71350021362304,231.9563419453355,236.06559997558594,234.48994495190806,1.033460116213052,1.0377723574938764,1.0882457418205302,1.0451332224865422,69.98641942250799,60.571294668270795,56.08189001689462,2.7701557644604122,-0.02974384757958959,2.7998996120400017,251.79723695102675,201.62976347621932,226.71350021362304,0.2212813680152996,0.8987942708959968,0.32596191438502276,126174080.0,1.1773408611340777,0.0026757481035388775,0.7202526825253512,0.00529435207219775,-0.44786037544531354,-0.028980059381488954,-0.03546872955645686,0.005548455120893081,-0.1839064411840643,0
2023-11-29,-0.010457205813430348,-0.010512266581044115,0.04091916735536635,-0.02034431679158023,239.32000122070312,240.94984450875154,238.41300048828126,237.24168183025984,228.87850036621094,233.11669027336532,235.61839996337892,234.86837845927045,1.020140390039946,1.024021336460839,1.066679478408932,1.036166952273651,64.73817520589667,58.43663677046097,54.79386160827574,3.333001562022048,0.642805234340738,2.69019632768131,252.05810088506055,205.69889984736133,228.87850036621094,0.20254939176691308,0.8292010794367847,-0.08851301818446189,124737050.0,1.0854938448520308,0.04506946504203557,0.32596191438502276,0.0026757481035388775,0.7202526825253512,0.00529435207219775,-0.44786037544531354,0.023769060694616817,0.05130583622263041,0
2023-11-30,-0.016629792613843564,-0.01676961998268328,0.034613451746145565,-0.020641256307384243,240.49400024414064,240.65989694951926,238.13700103759766,237.7577400122225,230.5995002746582,233.77986280266907,235.1682000732422,235.07275584639925,0.9982785499319498,1.0081591721781626,1.0411124115408084,1.0208863347862625,56.90396314632397,55.14323932528483,52.790525392696665,3.412120241340375,1.1966682357406655,2.2154520055997096,251.64044908044303,209.55855146887336,230.5995002746582,0.18248911017347194,0.7252869308296115,-0.0225116007010272,122936970.0,1.0765939651839476,-0.010457205813430348,-0.08851301818446189,0.04506946504203557,0.32596191438502276,0.0026757481035388775,0.7202526825253512,-0.028980059381488954,-0.03546872955645686,0
2023-12-01,-0.005206597761023168,-0.005220199323597404,0.03471091772961641,0.024405946882999303,241.1700012207031,240.0499319100311,238.66100158691407,237.95269670655563,231.61550064086913,234.26082842442008,234.83080017089844,235.22009882618966,0.990297303239191,1.0007081183897533,1.0311486112553925,1.0170301410941232,54.53352058949047,54.131707430188555,52.17386159238208,3.3355081497369383,1.6244362185399202,1.7110719311970182,252.18026421604853,211.05073706568973,231.61550064086913,0.17757674696449652,0.6754092908438074,-0.08327339270980982,121388460.0,0.9995324102472344,-0.016629792613843564,-0.0225116007010272,-0.010457205813430348,-0.08851301818446189,0.04506946504203557,0.32596191438502276,0.00529435207219775,-0.44786037544531354,0
2023-12-04,-0.01360800559009756,-0.01370144313218934,0.025808650071303327,-0.0007210950962685578,241.07000122070312,238.55995521703898,238.78900146484375,237.52129763828273,232.39650039672853,234.3864639869567,234.64480010986327,235.23421266951772,0.977226534359942,0.9865613591325247,1.0136985773404141,1.0039856059914967,48.41574330712714,51.48720103751739,50.561454583590844,2.9782136830990282,1.895191711451742,1.0830219716472862,252.3073769376882,212.48562385576886,232.39650039672853,0.17135263661001282,0.5799437791645491,-0.14202306569511514,117545160.0,0.8856153668938814,-0.005206597761023168,-0.08327339270980982,-0.016629792613843564,-0.0225116007010272,-0.010457205813430348,-0.08851301818446189,0.0026757481035388775,0.7202526825253512,1
2023-12-05,0.013328802806870987,0.013240755825754019,0.05428957208275694,0.02073804337784069,239.47000122070312,238.61330388492703,239.1010009765625,237.73924374417732,233.36900024414064,234.79918181874206,234.47940002441408,235.37091025976028,0.996868083700769,0.9984065321587813,1.0229293563882285,1.0180851759081928,54.20640103270264,53.83384646104232,52.06430657589643,2.914826645641284,2.099118698289651,0.8157079473516333,252.50525727759816,214.2327432106831,233.36900024414064,0.16399999154504663,0.6398131559167209,0.3253733436567601,119710260.0,1.1525419792756277,-0.01360800559009756,-0.14202306569511514,-0.005206597761023168,-0.08327339270980982,-0.016629792613843564,-0.0225116007010272,0.04506946504203557,0.32596191438502276,1
2023-12-06,0.002722829646282676,0.002719129460769398,0.030914522731433577,-0.014613877319762148,238.51600036621093,238.86553429568056,238.91800079345703,238.03574399381552,234.22850036621094,235.23449737097496,234.38440002441405,235.5277371169143,1.003580450576336,1.001891838715498,1.0219507649279995,1.0212710192839376,55.41511861255637,54.32636335473598,52.37894989081683,2.88379840409749,2.256054639451219,0.6277437646462714,252.81357451810783,215.64342621431405,234.22850036621094,0.15869182548528082,0.6383232240279169,-0.08360374020356443,120125080.0,1.0525379046573788,0.013328802806870987,0.3253733436567601,-0.01360800559009756,-0.14202306569511514,-0.005206597761023168,-0.08327339270980982,-0.010457205813430348,-0.08851301818446189,1
2023-12-07,0.01366087788429815,0.013568409275163597,0.029261482531220805,0.004512508069217732,239.0279998779297,240.1236893270032,239.76100006103516,238.8728813385124,235.25500030517577,235.93978327751532,234.42720001220704,235.80664936290387,1.0151111983264027,1.0120077882886724,1.0313914648993336,1.0350334746864431,61.395678182953,56.82201267334824,53.97476953636521,3.087479770444986,2.4223396656499725,0.6651401047950136,253.3096182360663,217.20038237428523,235.25500030517577,0.1534897698877377,0.7045182875855076,-0.15259791104129983,119044250.0,0.9000207905883737,0.002722829646282676,-0.08360374020356443,0.013328802806870987,0.3253733436567601,-0.01360800559009756,-0.14202306569511514,-0.016629792613843564,-0.0225116007010272,1
2023-12-08,0.0049455858525417895,0.004933396614923965,0.024606299582147967,0.014858251142249927,240.02999877929688,241.36245833063236,240.6,239.77599315658114,236.94800033569337,236.69218452136056,234.3763998413086,236.12168257760922,1.0158730057824854,1.0134663189438513,1.0290865337223065,1.0403777705562063,63.49228716443611,57.73469261020921,54.56148840715685,3.307600486155991,2.5993918297511764,0.7082086564048145,251.142347531445,222.75365313994172,236.94800033569337,0.11980980785355409,0.7427725596376855,-0.037478194886613414,122844410.0,0.8394911905230364,0.01366087788429815,-0.15259791104129983,0.002722829646282676,-0.08360374020356443,0.013328802806870987,0.3253733436567601,-0.005206597761023168,-0.08327339270980982,0
2023-12-11,-0.01681426716823431,-0.016957231787828677,0.024985423191436696,-0.012358902249775571,240.86199951171875,240.82164071814293,240.96600036621095,239.76944994505072,238.20250091552734,236.98245318534183,234.16679992675782,236.2635775939055,0.9953417557737243,0.9949121665663053,1.0064546113988198,1.0238001525756402,52.193165456549224,53.568378242233365,52.175371702880604,3.1153014867929016,2.7025737611595213,0.41272772563338034,248.0667416780796,228.33826015297507,238.20250091552734,0.08282231063602796,0.5779332446686404,-0.05054845103309713,121432620.0,0.8063228809524162,0.0049455858525417895,-0.037478194886613414,0.01366087788429815,-0.15259791104129983,0.002722829646282676,-0.08360374020356443,-0.01360800559009756,-0.14202306569511514,0
2023-12-12,-0.011387381846063915,-0.011452714531076777,0.02160250831037798,-0.006455705408596209,240.5199981689453,239.5510919810406,239.99499969482423,239.2677307744662,238.86750030517578,236.98507616834127,233.87499969482423,236.29284884539297,0.9854066036552858,0.9875622192471343,0.9922236980921778,1.013404574307226,45.854036526527615,50.932782643574335,50.62740385323502,2.7113592121797865,2.7043308513635744,0.007028360816212054,246.2031860767033,231.53181453364826,238.86750030517578,0.06142054287130306,0.37339249143212333,-0.02640687379422124,116110460.0,0.8210138862596875,-0.01681426716823431,-0.05054845103309713,0.0049455858525417895,-0.037478194886613414,0.01366087788429815,-0.15259791104129983,0.013328802806870987,0.3253733436567601,1
2023-12-13,0.009619842336358264,0.009573866272891631,0.05056628544030653,0.021777150141166112,240.50399780273438,239.464059082738,239.50999908447267,239.2717785038601,238.96149978637695,237.2045920843214,233.73019958496093,236.4103839215004,0.9949522480803112,0.9990814337640147,1.0013746712338578,1.0237872286552807,51.58364620155436,53.012056147115295,51.879354890663464,2.5458617861199,2.6726370383148397,-0.12677525219493946,246.26819417574404,231.65480539700985,238.96149978637695,0.061153737283194315,0.5224789406981287,0.5345526984116993,117198960.0,1.2481876972287127,-0.011387381846063915,-0.02640687379422124,-0.01681426716823431,-0.05054845103309713,0.0049455858525417895,-0.037478194886613414,0.002722829646282676,-0.08360374020356443,1
2023-12-14,0.04914543063053567,0.04797595720291628,0.05214105332626098,0.04075118887865676,242.18599853515624,243.32604040574464,240.60699920654298,241.41327387620512,239.37200012207032,238.52320265264868,233.5279995727539,236.98448663249087,1.0365999874898417,1.0434027433933886,1.0487860022213633,1.075031702883855,70.41947372359422,61.96492492268236,57.689793207338326,3.3253063277909973,2.803170896210071,0.5221354315809261,248.2563445512669,230.48765569287374,239.37200012207032,0.07423043985650708,1.1572236715243802,0.09941395742458448,120046560.0,1.3397235206073377,0.009619842336358264,0.5345526984116993,-0.011387381846063915,-0.02640687379422124,-0.01681426716823431,-0.05054845103309713,0.01366087788429815,-0.15259791104129983,1
2023-12-15,0.009758999874367902,0.009711688394547188,0.02299803483650764,0.009115852175192833,244.1179992675781,246.71736027049644,242.0739990234375,243.61086044416783,240.36750030517578,239.94956430477737,233.39699981689452,237.63215382337359,1.038432236707537,1.047200447064355,1.0546350886794218,1.086132213348401,72.97490660787989,63.52420141378903,58.77859152509744,4.09352837394249,3.061242391756555,1.0322859821859351,250.76948357936197,229.9655170309896,240.36750030517578,0.08655066313856583,1.131249798652058,-0.1548002477162107,121506670.0,1.118727062473196,0.04914543063053567,0.09941395742458448,0.009619842336358264,0.5345526984116993,-0.011387381846063915,-0.02640687379422124,0.0049455858525417895,-0.037478194886613414,0
2023-12-18,-0.005601570686174839,-0.0056173183184346845,0.029276378809968213,-0.006698703429818409,246.58599853515625,248.5049074573492,243.7239990234375,245.1507043326927,241.25650024414062,241.10484406918474,233.22799987792968,238.1987360981846,1.0222802727183844,1.0342846943308757,1.0448630464918507,1.0808307834522102,68.94731899280933,61.939265064844605,57.8722657749529,4.5354856402257155,3.3560910414503877,1.1793945987753278,252.4419196053103,230.07108088297096,241.25650024414062,0.09272636674950128,0.9838218951579051,-0.14357314790837827,122738340.0,0.94849335586582,0.009758999874367902,-0.1548002477162107,0.04914543063053567,0.09941395742458448,0.009619842336358264,0.5345526984116993,-0.01681426716823431,-0.05054845103309713,1
2023-12-19,0.0203903496997484,0.020185249870892544,0.020721568329678114,0.01475463766846566,250.62799987792968,251.40993871180052,245.5739990234375,247.34512194869458,242.3375,242.6396209407579,233.17899963378906,238.94466806377358,1.0263019349234088,1.0474235963236245,1.061412291620996,1.103101058091298,74.81685189205578,65.31291759294464,60.20445702078566,5.240090450986827,3.732890923357676,1.507199527629151,255.18299928534182,229.4920007146582,242.3375,0.1060133019886878,1.0792885465217283,-0.08314199447672799,119614970.0,0.8923414853508721,-0.005601570686174839,-0.14357314790837827,0.009758999874367902,-0.1548002477162107,0.04914543063053567,0.09941395742458448,-0.011387381846063915,-0.02640687379422124,0
2023-12-20,-0.03918825045959673,-0.0399767793773106,0.05195434316420264,-0.03615305229930387,252.1980010986328,249.9866256044165,246.3509994506836,247.3078269379589,242.6345001220703,243.06822841208083,232.84939971923828,239.26605360596477,0.9799443227664354,1.0032027470589695,1.018569079274841,1.0613727142420863,52.22952458432002,55.01425873174814,54.04377773480597,4.928312416473489,3.9719752219808386,0.95633719449265,255.6348090814236,229.634191162717,242.6345001220703,0.10715960799319801,0.6732843150753186,0.17200718773363421,119481050.0,1.0470028510797318,0.0203903496997484,-0.08314199447672799,-0.005601570686174839,-0.14357314790837827,0.009758999874367902,-0.1548002477162107,0.009619842336358264,0.5345526984116993,1
2023-12-21,0.029780693649462897,0.029345860784192233,0.02455795677799607,0.010321580653090726,252.88800048828125,251.4910837362777,247.53699951171876,248.61549476742093,243.64899978637695,244.15696856331124,232.67959991455078,239.86346326847595,1.0063743614114007,1.0281291301987832,1.044535377625752,1.0937787416407048,62.0017421858635,59.97671042134758,57.38688118883642,5.215001327962909,4.220580443177253,0.9944208847856562,257.0226602574966,230.27533931525727,243.64899978637695,0.10977808636887688,0.9056854978880206,-0.12392623324300345,119726240.0,0.915373271556845,-0.03918825045959673,0.17200718773363421,0.0203903496997484,-0.08314199447672799,-0.005601570686174839,-0.14357314790837827,0.04914543063053567,0.09941395742458448,0
2023-12-22,-0.007701401626197146,-0.007731210565404946,0.027124440823732946,-0.016435645423694648,252.6959991455078,251.84072025289606,248.40699920654296,249.32903995264127,244.50349960327148,244.95535187024663,232.5529998779297,240.3605820926978,0.9993826342328231,1.0166379936668104,1.0328686243587566,1.0859459711063482,58.296612742875205,58.13745592655996,56.242839781693554,5.223831121009795,4.421230578743762,0.802600542266033,257.85637712922414,231.15062207731884,244.50349960327148,0.10922442866968263,0.8009274093633223,-0.1480379436138044,118750570.0,0.7862707522161788,0.029780693649462897,-0.12392623324300345,-0.03918825045959673,0.17200718773363421,0.0203903496997484,-0.08314199447672799,0.009758999874367902,-0.1548002477162107,1
2023-12-26,0.01611622781987765,0.01598774007390915,0.019718630791632753,0.008330306937949212,253.60199584960938,253.4304752857849,250.0939971923828,250.65284820699057,245.52999877929688,246.0653169637053,232.6627996826172,240.99781359304544,1.0118610639946892,1.0260541565664503,1.045126813942704,1.1029265774400223,63.570549375327914,60.82403468933536,58.06558115719053,5.495889942764478,4.636162451547905,0.8597274912165727,259.2852476858262,231.77474987276753,245.52999877929688,0.1120453628877645,0.9027548555303195,-0.06937659914683614,117648420.0,0.7385768546657915,-0.007701401626197146,-0.1480379436138044,0.029780693649462897,-0.12392623324300345,-0.03918825045959673,0.17200718773363421,-0.005601570686174839,-0.14357314790837827,1
2023-12-27,0.018822405072142834,0.018647455510860632,0.02226134971645407,0.011960504218654928,254.44599609375,256.100317670992,252.53699798583983,252.6141489768843,246.26599884033203,247.52957272348635,232.8131997680664,241.79946805768705,1.0274871935696694,1.0352542578971562,1.0616163159856769,1.1229603935767323,68.99863071889487,63.793639253556314,60.13483555426538,6.0317107254627444,4.915272106330873,1.1164386191318716,261.67322150584704,230.85877617481702,246.26599884033203,0.12512667390600168,0.9924315021109292,0.225589349586385,118765030.0,0.8966814558123717,0.01611622781987765,-0.06937659914683614,-0.007701401626197146,-0.1480379436138044,0.029780693649462897,-0.12392623324300345,0.0203903496997484,-0.08314199447672799,0
2023-12-28,-0.03159428430420175,-0.032104151730159784,0.04905600177044869,-0.03974820162620748,255.65399475097655,255.12687600592176,253.92599792480468,252.71702964941102,246.71799850463867,248.06770795703824,232.7797994995117,242.24576314074957,0.9903228499221961,0.9970621155174337,1.0261918230948242,1.0876373002302218,53.186965192869685,55.97881535646319,55.24020691287956,5.723857730883481,5.076989231241394,0.6468684996420864,262.3775637252025,231.05843328407485,246.71799850463867,0.126943030629923,0.7063273813840253,0.06690962153878521,115498390.0,0.9837357906027954,0.018822405072142834,0.225589349586385,0.01611622781987765,-0.06937659914683614,-0.007701401626197146,-0.1480379436138044,-0.03918825045959673,0.17200718773363421,0
2023-12-29,-0.018563856087399966,-0.018738327073791184,0.031229917494581465,-0.02595064765811987,254.4499938964844,252.9112492464609,253.66899719238282,251.94665984543428,247.13799819946288,248.1069734589907,232.89579956054686,242.49024285003546,0.9765376368160809,0.9795442031849544,1.0054301545608257,1.0669148872431282,46.16422642361232,52.07011772359024,52.6784780983599,5.042504685346131,5.070092322062342,-0.027587636716210895,262.5108544987159,231.7651419002099,247.13799819946288,0.12440706335126746,0.5436482818141406,-0.11202527022114961,109504630.0,0.9213455175365645,-0.03159428430420175,0.06690962153878521,0.018822405072142834,0.225589349586385,0.01611622781987765,-0.06937659914683614,0.029780693649462897,-0.12392623324300345,0
2024-01-02,-0.0002414583049958896,-0.00024148746074577508,0.027534000435982954,-0.00663789047486818,253.62599487304686,251.4141655539557,253.16099700927734,251.30544863152718,247.61749801635742,248.13678533612924,233.46199951171874,242.72278227430644,0.9794737258430177,0.9812727912421743,1.0032408862823372,1.0640703784277996,46.073624696632045,52.020183197153635,52.645754088930715,4.446430503281249,4.945359958306123,-0.4989294550248742,262.51478550612313,232.72021052659173,247.61749801635742,0.12032499810479144,0.5269344386734562,0.03729349123217385,106376770.0,0.9838068969381191,-0.018563856087399966,-0.11202527022114961,-0.03159428430420175,0.06690962153878521,0.018822405072142834,0.225589349586385,-0.007701401626197146,-0.1480379436138044,0
2024-01-03,-0.04013364984377277,-0.04096122279932548,0.03925345133719659,-0.026655232644217142,249.9939971923828,247.09277601871787,251.7979965209961,248.9680937800208,247.7609977722168,247.21423406109238,233.99119934082032,242.55522206544117,0.9538228902542131,0.9469892542546863,0.9624194247371621,1.019055407297295,33.37491691899791,44.400355669573415,47.49755347576723,3.1334215110856007,4.582972268862019,-1.449550757776418,262.24116207092374,233.2808334735099,247.7609977722168,0.1168881658445653,0.17849118863913394,0.15697793304043217,106843380.0,1.133271897613123,-0.0002414583049958896,0.03729349123217385,-0.018563856087399966,-0.11202527022114961,-0.03159428430420175,0.06690962153878521,0.01611622781987765,-0.06937659914683614,0
2024-01-04,-0.0021807686270334248,-0.0021831499656647054,0.020888502390178143,-0.005517271992554859,245.2919952392578,244.03851490440567,249.8689956665039,246.9611663065227,247.72149734497071,246.33002059582466,234.50819915771484,242.37384052074862,0.9699867802196495,0.9522189499386412,0.9604737385566742,1.0145913598345666,32.82441026686165,44.03803130133233,47.24453937261067,2.027520432660964,4.071881901621808,-2.044361468960844,262.30404600749426,233.13894868244716,247.72149734497071,0.11773341287547814,0.1642732043695091,-0.15240257477127184,106432570.0,0.9642659197273917,-0.04013364984377277,0.15697793304043217,-0.0002414583049958896,0.03729349123217385,-0.018563856087399966,-0.11202527022114961,0.018822405072142834,0.225589349586385,0
2024-01-05,-0.001849229589212631,-0.0018509415250833076,0.021979877468373623,0.0026598196453140035,242.15399780273438,241.85567843399184,248.90399627685548,245.23913706773018,247.62749786376952,245.48811439557127,234.92759918212892,242.1823175784904,0.980739560974047,0.9541429990903173,0.9590615240308146,1.0109072170317828,32.29850835873077,43.71298936356499,47.02200502886458,1.1028693802088014,3.4780793973392066,-2.375210017130405,262.44649071401363,232.80850501352538,247.62749786376952,0.11968778086508544,0.15795609482197578,-0.09880609143782526,103171760.0,0.8964555804805501,-0.0021807686270334248,-0.15240257477127184,-0.04013364984377277,0.15697793304043217,-0.0002414583049958896,0.03729349123217385,-0.03159428430420175,0.06690962153878521,1
2024-01-08,0.012463646412957496,0.012386614576639277,0.02474525690895703,0.01825187418367837,240.547998046875,241.387117938742,247.49899597167968,244.36838431873235,247.51799774169922,245.00829368630184,235.48819915771483,242.11438343612775,0.9995925923332203,0.9715190803269195,0.9714444975397993,1.0210702608804794,39.860943246236815,46.5701244895035,48.72795312327454,0.6019840349011645,2.902860324851598,-2.3008762899504336,262.51409268875994,232.5219027946385,247.51799774169922,0.12117175384321027,0.26433862220769755,-0.07916950034004078,100729000.0,0.8455022883181607,-0.001849229589212631,-0.09880609143782526,-0.0021807686270334248,-0.15240257477127184,-0.04013364984377277,0.15697793304043217,-0.018563856087399966,-0.11202527022114961,0
2024-01-09,-0.02283214932024613,-0.023096839566935645,0.029451877894102734,-0.013229154123766075,237.8559997558594,239.2447475304504,245.74099731445312,242.65777020875686,247.07399826049806,244.0513139746414,236.07219940185547,241.83381964309794,0.9878245953645706,0.9561286447177942,0.9509701885592239,0.9952887604266564,32.10170028592772,42.28310672115853,45.85251597091938,-0.23525565929173808,2.275237128022931,-2.510492787314669,262.9777528602701,231.17024366072604,247.07399826049806,0.1287367728837591,0.11914680364834952,0.13548856006932297,101062560.0,0.9568894751923956,0.012463646412957496,-0.07916950034004078,-0.001849229589212631,-0.09880609143782526,-0.0021807686270334248,-0.15240257477127184,-0.0002414583049958896,0.03729349123217385,0
2024-01-10,-0.004341182513256769,-0.004350632806278706,0.017996095878992077,-0.004934086056971943,236.9540008544922,237.4764991674357,243.4739990234375,241.072721523784,246.78399810791015,243.0883319238571,236.60499938964844,241.52425818420807,0.9872802383491437,0.9608418286130279,0.9479545036753653,0.9887365146336008,30.802043961690813,41.51838497802101,45.330675663370094,-0.9698995706728795,1.626209788283769,-2.5961093589566486,263.40735183899244,230.16064437682786,246.78399810791015,0.13471986724044782,0.11367616083124546,-0.05250155885330443,101536170.0,0.9024222599690337,-0.02283214932024613,0.13548856006932297,0.012463646412957496,-0.07916950034004078,-0.001849229589212631,-0.09880609143782526,-0.04013364984377277,0.15697793304043217,0
2024-01-11,-0.028725319101363445,-0.029145966144498332,0.024469666088916257,-0.014529236228044935,234.81200256347657,234.05766651852485,240.0519989013672,238.554045105042,246.29449844360352,241.57706233308056,237.20219940185547,240.96330693073728,0.967667745856726,0.9465449246855199,0.9225541076092365,0.9579169240153587,23.491812022395635,36.79669559319453,42.02232745480386,-2.0704907716039713,0.8868696763062209,-2.957360447910192,264.53788670195695,228.05111018525008,246.29449844360352,0.1481428807678447,-0.02277836092663328,0.15546582122374586,101474090.0,1.0433559936334487,-0.004341182513256769,-0.05250155885330443,-0.02283214932024613,0.13548856006932297,0.012463646412957496,-0.07916950034004078,-0.0021807686270334248,-0.15240257477127184,0
2024-01-12,-0.036660513098772496,-0.03734939877742937,0.03741606498352233,-0.005407135730213962,231.09200134277344,229.00177747556606,236.6229995727539,234.97876406587952,245.2744987487793,239.4163896718013,237.56319946289062,240.09768702716516,0.9471985101941021,0.9250580027506872,0.8924286891065875,0.9213969162081473,17.489160639536053,31.946680124622958,38.37685787280067,-3.5736835591799547,-0.0052409707910141545,-3.5684425883889404,266.93202198701454,223.61697551054408,245.2744987487793,0.17659824685172668,-0.10913011771702529,0.1621764065829443,102416480.0,1.2014062580553442,-0.028725319101363445,0.15546582122374586,-0.004341182513256769,-0.05250155885330443,-0.02283214932024613,0.13548856006932297,-0.001849229589212631,-0.09880609143782526,1
2024-01-16,0.004659894354722027,0.004649070658851297,0.05143018793615497,0.022361680251552232,226.98400268554687,225.97118620441387,233.76600036621093,232.23898944701222,243.71749877929688,237.55863862325924,237.84819946289062,239.306013169712,0.9688348124108223,0.9407270660301534,0.9023152000310538,0.9245813260672592,20.3949937555319,33.109310206295206,39.05660319271307,-4.62930510538439,-0.9300537977096893,-3.6992513076747002,267.8287316263418,219.60626593225194,243.71749877929688,0.19786213930317176,0.006298676881938402,-0.0624883171683579,103862820.0,1.1106476793139257,-0.036660513098772496,0.1621764065829443,-0.028725319101363445,0.15546582122374586,-0.004341182513256769,-0.05250155885330443,0.012463646412957496,-0.07916950034004078,0
2024-01-17,-0.019826295019533036,-0.020025473044372827,0.016979835816706233,0.003211404819166732,223.102001953125,222.49745848686186,230.4790008544922,229.20462828423868,241.81999893188475,235.46257809264006,237.78899963378908,238.37440492979223,0.9661500173227764,0.935226212594702,0.8913654950121532,0.9064759235444836,17.34818582106695,30.695329568313,37.214198968459975,-5.751409726109557,-1.8943249833896632,-3.857084742719894,268.39990908610224,215.2400887776673,241.81999893188475,0.2198321914781286,0.005829859324060619,-0.10567899094100819,103713840.0,0.9947023463792296,0.004659894354722027,-0.0624883171683579,-0.036660513098772496,0.1621764065829443,-0.028725319101363445,0.15546582122374586,-0.02283214932024613,0.13548856006932297,0
2024-01-18,-0.017026203279914,-0.017172815629643214,0.041108133161954025,-0.023054223014711137,218.69000244140625,218.9583072855121,227.8220016479492,226.05469675670662,239.80999908447265,233.21661873932314,237.62739959716797,237.3354088495185,0.9688600416911223,0.930024331935369,0.8835328205317167,0.8916480390813386,15.128714152734176,28.792388560894466,35.72474138005934,-6.857771778888605,-2.8870143424894517,-3.970757436399153,268.9400238543451,210.6799743146002,239.80999908447265,0.2429425368506961,0.020597829519414326,0.05264412917634376,102465120.0,1.0598279687761065,-0.019826295019533036,-0.10567899094100819,0.004659894354722027,-0.0624883171683579,-0.036660513098772496,0.1621764065829443,-0.004341182513256769,-0.05250155885330443,1
2024-01-19,0.0014630807600990448,0.0014620115002590317,0.02653284706176088,0.010476674559227083,215.6840026855469,216.70220567081014,225.2480026245117,223.5338432448338,237.55849914550782,231.21408385380724,237.48579956054687,236.34931448057293,0.9838003736919021,0.9420283419566071,0.8932115803250507,0.8934850118788199,16.185420524636243,29.191702331307397,35.952097215071944,-7.62169925968081,-3.8339513259277234,-3.7877479337530864,267.89383404111487,207.22316424990078,237.55849914550782,0.25539254545488804,0.08186555725522478,-0.05833672512832033,102428220.0,0.9983606080433693,-0.017026203279914,0.05264412917634376,-0.019826295019533036,-0.10567899094100819,0.004659894354722027,-0.0624883171683579,-0.028725319101363445,0.15546582122374586,0
2024-01-22,-0.015976244642273096,-0.016105240597581734,0.05522029986004738,-0.0163007233799146,213.66600341796874,214.06813813112603,222.3790023803711,220.85496320972908,235.6414993286133,229.07940949170728,237.2181997680664,235.26894932650174,0.9772261366414376,0.9389375832103657,0.886091811699841,0.8802022916281562,13.9668195368223,27.383281934536015,34.54887383224006,-8.403788271331194,-4.747918715008418,-3.6558695563227763,268.0850222594833,203.19797639774328,235.6414993286133,0.275363406049509,0.08633505470338747,0.15345349074860914,104974580.0,1.1236291681281316,0.0014630807600990448,-0.05833672512832033,-0.017026203279914,0.05264412917634376,-0.019826295019533036,-0.10567899094100819,-0.036660513098772496,0.1621764065829443,1
2024-01-23,0.0016283349277841364,0.0016270106278732431,0.037773711004779664,-0.010222449744027137,211.51200256347656,212.4254252173002,219.2480026245117,218.7249697878962,233.3734992980957,227.18041805341596,236.95879974365235,234.24428462309572,0.9887854913901812,0.9538969426682785,0.8961600182482887,0.8826006867687591,15.324921051433208,27.865940095322273,34.81679204175131,-8.893644190583615,-5.577063810123458,-3.316580380460157,266.56000519884736,200.18699339734405,233.3734992980957,0.2844068071187589,0.13488925316632389,-0.09619635022572648,107118510.0,0.9952145525549225,-0.015976244642273096,0.15345349074860914,0.0014630807600990448,-0.05833672512832033,-0.017026203279914,0.05264412917634376,0.004659894354722027,-0.0624883171683579,0
2024-01-24,-0.006263735117226887,-0.006283434610725192,0.028677242951299257,-0.019114607128680242,209.96800231933594,210.89361742188504,216.53500213623047,216.74406652301593,231.13799972534179,225.33752127033395,236.91579986572265,233.20843039595687,0.9898174937863646,0.9597986458572682,0.8991598182817897,0.8772314972190416,14.309527096761414,27.118042219726576,34.249605100607695,-9.280583599907573,-6.317767768080281,-2.9628158318272915,264.87784997326884,197.39814947741473,231.13799972534179,0.29194550690946247,0.1545924519075315,0.15725208454691542,109784930.0,1.1237416647257505,0.0016283349277841364,-0.09619635022572648,-0.015976244642273096,0.15345349074860914,0.0014630807600990448,-0.05833672512832033,-0.019826295019533036,-0.10567899094100819,0
2024-01-25,-0.12125293136804816,-0.12925817170128795,0.07085364997777563,-0.03726933146635035,204.11800231933594,201.4724132421942,211.40400238037108,210.54150986116076,227.4390007019043,221.27013875723668,236.2754000854492,231.22496272877476,0.8947275733038668,0.8638909520464677,0.802984555503648,0.7729539546510733,5.75371320035957,17.427925897914236,25.770065201830576,-11.488235787130463,-7.351861371890317,-4.136374415240146,265.1813883056458,189.6966130981628,227.4390007019043,0.3318901990183206,-0.09361633781019421,0.605552083611967,120429760.0,1.6447496034202842,-0.006263735117226887,0.15725208454691542,0.0016283349277841364,-0.09619635022572648,-0.015976244642273096,0.15345349074860914,-0.017026203279914,0.05264412917634376,1
2024-01-26,0.0033948152034783963,0.003389065826718794,0.02553884134123465,-0.012129380053908356,198.3300018310547,195.39827549479617,207.0070022583008,205.5794171591315,223.52950057983398,217.6491731613094,235.4661999511719,229.34359164137183,0.9239651001269066,0.8852357553168317,0.8198023058462116,0.778243331900715,7.343887368232799,18.20235898811694,26.241806686918295,-13.037499448260178,-8.48898898716429,-4.548510461095887,262.5509176474116,184.50808351225635,223.52950057983398,0.3491388560915346,-0.01612042317783576,-0.45807282831709717,120576720.0,0.8902481341340186,-0.12125293136804816,0.605552083611967,-0.006263735117226887,0.15725208454691542,0.0016283349277841364,-0.09619635022572648,0.0014630807600990448,-0.05833672512832033,1
2024-01-29,0.04190991910385411,0.041055489597857625,0.04090503251553531,0.02855135297935596,194.75599975585936,193.9088478884579,204.21100158691405,202.91588543488598,220.417000579834,215.1044893055448,234.5365997314453,227.8371759956624,0.9803548692472925,0.9349642829821767,0.8662217168980453,0.8140733382099189,25.50783928284133,27.298390445683097,31.873067728040596,-13.49008552830503,-9.489208295392439,-4.0008772329125915,259.4123286560631,181.42167250360487,220.417000579834,0.35383230852109515,0.12191614535963466,0.1646112655482601,120773650.0,1.0351024416335848,0.0033948152034783963,-0.45807282831709717,-0.12125293136804816,0.605552083611967,-0.006263735117226887,0.15725208454691542,-0.015976244642273096,0.15345349074860914,1
2024-01-30,0.0034567835721344142,0.0034508226289791306,0.030012005375579343,-0.019147112364227985,191.24599914550782,193.13589737160214,201.37900085449218,200.8566328717959,217.57250061035157,212.86501378481583,233.5115997314453,226.41571796986744,1.0017987157583415,0.9513901425915076,0.8805800172375977,0.8204731437677295,26.943745253202806,28.038981900019635,32.339198065102806,-13.63829272876103,-10.319025182066158,-3.3192675466948725,256.2631168738356,178.88188434686754,217.57250061035157,0.35565722832569424,0.1642273142469551,-0.12023379949781265,120236380.0,0.9147173259873592,0.04190991910385411,0.1646112655482601,0.0033948152034783963,-0.45807282831709717,-0.12125293136804816,0.605552083611967,0.0016283349277841364,-0.09619635022572648,0
2024-01-31,-0.02244377647032403,-0.022699471099276523,0.0433552000014339,0.0015507662360043448,187.13799743652345,191.1872626764457,198.5529998779297,198.38997112894808,214.51600036621093,210.42929754684604,232.58559967041015,224.88137582540728,1.0008122126542522,0.9432745584366825,0.8730816953812338,0.8052518881286531,23.500542992342872,26.16863227506687,30.893214511856243,-13.94200752836096,-11.043621651325118,-2.8983858770358424,252.63013738544862,176.40186334697324,214.51600036621093,0.3553500620389262,0.14283584505224275,-0.061472618775930354,120242080.0,0.8584465604720078,0.0034567835721344142,-0.12023379949781265,0.04190991910385411,0.1646112655482601,0.0033948152034783963,-0.45807282831709717,-0.006263735117226887,0.15725208454691542,1
2024-02-01,0.008382761388752824,0.008347821172369478,0.029651625995010637,0.0019098175615467506,188.38399658203124,190.41150865441432,196.2509994506836,196.65724921647598,212.0365005493164,208.37507879098942,231.67679962158203,223.46877287579724,1.0025267752938507,0.9623390512098292,0.8906957062632037,0.8151873684323726,27.44986461144984,28.05564520833387,32.057864730089946,-13.895834692743904,-11.614064259608877,-2.2817704331350264,250.05195253360952,174.02104856502328,212.0365005493164,0.3585746028236428,0.1951700068101164,-0.11023004919522505,118566870.0,0.7746118287511512,-0.02244377647032403,-0.061472618775930354,0.0034567835721344142,-0.12023379949781265,0.04190991910385411,0.1646112655482601,-0.12125293136804816,0.605552083611967,0
2024-02-02,-0.0050301649114266045,-0.005042858776994556,0.035602162263994666,0.015510216602410812,189.3159973144531,189.57767365697936,193.8229995727539,195.06684093386386,209.5355010986328,206.42602401681035,230.7229995727539,222.07431133800554,0.9925732971735696,0.9694928056851942,0.8967931576122566,0.8144398434923072,26.484646093420025,27.596038956669886,31.71824431298647,-13.777085536006354,-12.046668514888374,-1.7304170211179795,246.98516838780688,172.08583380945873,209.5355010986328,0.35745415066009,0.21127250250932245,0.20436330140576398,119402110.0,0.9263881517671673,0.008382761388752824,-0.11023004919522505,-0.02244377647032403,-0.061472618775930354,0.0034567835721344142,-0.12023379949781265,0.0033948152034783963,-0.45807282831709717,0
2024-02-05,-0.03645365318513305,-0.03713468972636411,0.053407700758506614,-0.017366748310217003,187.3419982910156,186.73844829085084,191.0489990234375,192.5201421383602,206.7140007019043,204.01021197317067,229.52019958496095,220.46590687606783,0.966467739269742,0.947714976179392,0.8758961509321985,0.7888630189674055,20.438807700696444,24.481733133556688,29.36309183427737,-14.073483856951043,-12.452031583300908,-1.6214522736501351,243.81540390040684,169.61259750340176,206.7140007019043,0.3589636219368159,0.154271793898809,0.2140956689421738,121036300.0,1.1095382129162905,-0.0050301649114266045,0.20436330140576398,0.008382761388752824,-0.11023004919522505,-0.02244377647032403,-0.061472618775930354,0.04190991910385411,0.1646112655482601,1
2024-02-06,0.0223130928940527,0.02206779799027196,0.05067533535124148,0.04452344162701859,186.04400024414062,186.19230089507244,188.6449996948242,191.17102649566118,203.94650115966797,202.20923998558447,228.5379995727539,219.079008806556,0.9949259630012997,0.9812081232100326,0.9075909861214163,0.8099309806227213,31.239240092704065,29.532739383087858,32.468351110813956,-13.8230432973333,-12.726233926107387,-1.0968093712259126,238.75580118690186,169.1372011324341,203.94650115966797,0.3413571679759486,0.22928937034919772,-0.08651440417470868,122643310.0,1.000266545317474,-0.03645365318513305,0.2140956689421738,-0.0050301649114266045,0.20436330140576398,0.008382761388752824,-0.11023004919522505,0.0034567835721344142,-0.12023379949781265,1
2024-02-07,0.01339813963135228,0.013309178288648728,0.03790383058400456,-0.0031883880756669904,186.102001953125,186.6548678737332,186.61999969482423,190.51811292027816,201.57750091552734,200.81597920896257,227.58059967041015,217.84375363104616,1.0079418805946105,1.0051441546340174,0.9305602112294347,0.8242354669190358,37.33183466184418,32.51658451703322,34.32913889078574,-13.271467207717052,-12.835280582429322,-0.4361866252877302,233.98804973009783,169.16695210095685,201.57750091552734,0.3215691103160604,0.2840595177120245,-0.09081482930646578,121459840.0,0.9182887117256205,0.0223130928940527,-0.08651440417470868,-0.03645365318513305,0.2140956689421738,-0.0050301649114266045,0.20436330140576398,-0.02244377647032403,-0.061472618775930354,1
2024-02-08,0.010555473441792307,0.010500153377802503,0.0318632272838357,0.0029629500454695767,186.24200134277345,187.6232444353534,187.31299896240233,190.3439101272446,199.3585006713867,199.7439809565465,226.65019958496094,216.73458672624412,1.0178155098844412,1.011995956546734,0.9508498354482292,0.83635486712879,42.10963512683005,34.88715864953264,35.81181806001477,-12.530130530091867,-12.774250571961831,0.24412004186996406,228.51610006694648,170.20090127582694,199.3585006713867,0.29251423237398644,0.33197342518045037,-0.2555354722096701,109955560.0,0.7551596299450433,0.01339813963135228,-0.09081482930646578,0.0223130928940527,-0.08651440417470868,-0.03645365318513305,0.2140956689421738,0.008382761388752824,-0.11023004919522505,1
2024-02-09,0.021154303741671487,0.02093365777497024,0.023970652549889625,0.01782529592488099,187.3740020751953,189.60549873164186,188.34499969482422,190.93047325396716,197.6760009765625,199.15598346775337,225.58719970703126,215.82617184773332,1.0330675823775004,1.0277416848754182,0.979228668973172,0.8580717681482236,50.946168629527236,39.52085914902298,38.75240478764525,-11.486630866545426,-12.516726630878551,1.0300957643331259,223.94939189006544,171.40261006305957,197.6760009765625,0.2658227684059437,0.4218602260769941,0.0173699930149096,107668870.0,0.7845935412900683,0.010555473441792307,-0.2555354722096701,0.01339813963135228,-0.09081482930646578,0.0223130928940527,-0.08651440417470868,-0.0050301649114266045,0.20436330140576398,0
2024-02-12,-0.028103539988478476,-0.02850600281752684,0.0396002591552732,-0.020717275076228416,188.78800354003906,189.11366744869875,188.06500091552735,190.42129718648448,196.13800125122071,198.10589026918757,224.46699981689454,214.74004765303056,0.9965146161573396,1.000345646276387,0.9591716224427551,0.8381187659490108,41.03305750959515,35.79891754312254,36.37848269410898,-10.97213268255095,-12.207807841213032,1.235675158662083,220.816894257663,171.45910824477843,196.13800125122071,0.25164825631961707,0.3377561674602306,0.13047801572748807,104717420.0,0.9119647905763912,0.021154303741671487,0.0173699930149096,0.010555473441792307,-0.2555354722096701,0.01339813963135228,-0.09081482930646578,-0.03645365318513305,0.2140956689421738,0
2024-02-13,-0.021846598116614713,-0.022088768605910858,0.02798605465120666,0.00016304570031652925,188.57200317382814,187.41577972328616,187.30800170898436,189.25742574757112,194.34350128173827,196.76437731711837,223.34579986572265,213.53534006947882,0.9758606854424137,0.9824460385753733,0.9468801532277046,0.8239241766941455,35.025801871285054,33.25105451936864,34.692565232393264,-10.77186056221234,-11.920618385412896,1.1487578232005564,216.9822819444047,171.70472061907185,194.34350128173827,0.23297697647061688,0.2719952950844699,-0.09151024203496172,102395140.0,0.8473009558852109,-0.028103539988478476,0.13047801572748807,0.021154303741671487,0.0173699930149096,0.010555473441792307,-0.2555354722096701,0.0223130928940527,-0.08651440417470868,1
2024-02-14,0.025486372853585015,0.02516701014711292,0.029357178151834123,0.01840260985401547,188.79800415039062,187.8471887201465,187.45000305175782,189.1578950141704,193.00150146484376,195.997294402523,222.3433999633789,212.56179758494505,0.9995339069556406,1.00672181190502,0.9777644488856048,0.8487322166745165,45.62390665968338,38.61954457869748,38.12818479348026,-10.118064711211389,-11.560107650572593,1.4420429393612046,213.53719343280568,172.46580949688183,193.00150146484376,0.21280344258567965,0.3955113185941871,-0.06404485964073103,100193300.0,0.8104633742974829,-0.021846598116614713,-0.09151024203496172,-0.028103539988478476,0.13047801572748807,0.021154303741671487,0.0173699930149096,0.01339813963135228,-0.09081482930646578,1
2024-02-15,0.06221180550417671,0.06035334314528131,0.05996510080049839,0.05968488616811288,190.97600402832032,192.0481247961784,188.60900268554687,191.21100445672892,192.43000106811525,196.42136131163915,221.64079986572267,212.08682501095672,1.0496082896284549,1.0627806419316945,1.0416774714733181,0.9043912360435508,63.16863236628031,49.55641441932157,45.64396661216831,-8.554002476360665,-10.958886615730208,2.4048841393695426,211.40958569270492,173.45041644352557,192.43000106811525,0.19726222022803394,0.7112795416432969,0.4880213785204981,103092150.0,1.1720756624049455,0.025486372853585015,-0.06404485964073103,-0.021846598116614713,-0.09151024203496172,-0.028103539988478476,0.13047801572748807,0.010555473441792307,-0.2555354722096701,0
2024-02-16,-0.0024943876658132247,-0.0024975038337594173,0.028857236111659083,-0.010442445985577628,192.252001953125,194.6820821801997,189.81300201416016,192.7999121824586,191.81800079345703,196.75742184845848,220.86539978027344,211.61087096928165,1.0400411694906257,1.0534051662768908,1.042394332758902,0.9053024925912397,62.171892732144734,49.15470227687175,45.39736070296707,-7.271002121690003,-10.221309716922168,2.9503075952321645,208.90439865638197,174.7316029305321,191.81800079345703,0.17815218376009434,0.7379669553531361,-0.07849837542766058,103165550.0,1.0793011814505908,0.06221180550417671,0.4880213785204981,0.025486372853585015,-0.06404485964073103,-0.021846598116614713,-0.09151024203496172,0.021154303741671487,0.0173699930149096,0
2024-02-20,-0.030957752117438453,-0.031447068575792124,0.048874904465219825,-0.012083874557555033,193.37799987792968,194.3747196224118,191.08300170898437,192.97447260507266,191.06600036621094,196.47195257782778,219.9531997680664,210.91083659820535,1.00197537790828,1.0140095810402254,1.0140998091521332,0.8809146432566093,50.63262385831507,44.36049341275614,42.41827358292993,-6.676731359120737,-9.512394045361884,2.8356626862411467,206.3224600189687,175.80954071345317,191.06600036621094,0.15969832019842498,0.5882902784112836,-0.061078595054905094,100190690.0,1.0434682104694557,-0.0024943876658132247,-0.07849837542766058,0.06221180550417671,0.4880213785204981,0.025486372853585015,-0.06404485964073103,-0.028103539988478476,0.13047801572748807,1
2024-02-21,0.00521268473502845,0.005199145723306879,0.03845564167409681,0.007292116558019344,195.5279998779297,194.50648117242818,192.0500015258789,193.30093290823416,190.34750061035157,196.30986226303094,218.99579986572266,210.2778627815095,0.9961233398493209,1.0141629925799063,1.023233841515799,0.8893778072085594,52.3173380660811,45.298000411350294,43.058459131200806,-6.054475921569406,-8.820810420603388,2.7663344990339827,203.31301773799456,177.3819834827086,190.34750061035157,0.136229969777054,0.6705486799550947,-0.010000401737802922,98273120.0,1.0531903332264203,-0.030957752117438453,-0.061078595054905094,-0.0024943876658132247,-0.07849837542766058,0.06221180550417671,0.4880213785204981,-0.021846598116614713,-0.09151024203496172,1
2024-02-22,0.013554445406056326,0.013463405650618309,0.03525660597109387,0.017577338464481316,197.26799926757812,195.4743220023219,193.0330017089844,194.04803668166602,189.8265007019043,196.41463763437176,218.06720001220702,209.7732408552585,1.0007198551972873,1.0226748893421018,1.0399496536688198,0.905271419319635,56.81178719347861,47.775036480975004,44.744485505418304,-5.287358736603409,-8.114120083803392,2.8267613471999837,200.5906583955483,179.0623430082603,189.8265007019043,0.11341048435115583,0.8522571471004631,-0.10396878076681904,96393550.0,0.9620923806623991,0.00521268473502845,-0.010000401737802922,-0.030957752117438453,-0.061078595054905094,-0.0024943876658132247,-0.07849837542766058,0.025486372853585015,-0.06404485964073103,0
2024-02-23,-0.027556873210526134,-0.027943686650054866,0.03161956183581108,-0.01710100035656707,195.5720001220703,194.30621507511566,193.2740020751953,193.67021205240002,190.29350051879882,195.9913389283081,217.1117999267578,209.07507459507988,0.9815822362141875,0.9932530974653029,1.0088100786276655,0.8841988380431823,46.31651101477001,43.4126386968592,42.050525502727815,-5.06004650739348,-7.503305368521411,2.443258861127931,200.56753302885517,180.01946800874248,190.29350051879882,0.10798090825011007,0.5815892250809662,-0.14985631796591525,95974340.0,0.8214893689292367,0.013554445406056326,-0.10396878076681904,0.00521268473502845,-0.010000401737802922,-0.030957752117438453,-0.061078595054905094,0.06221180550417671,0.4880213785204981,1
2024-02-26,0.03870392576202142,0.03797371074003026,0.04904713680369529,0.03697540620208814,195.46199951171874,196.00414134890525,193.85700073242188,194.71199056950624,191.10100021362305,196.31597273480108,216.35959991455078,208.6956596657232,1.0201471098965686,1.0285932060390917,1.043427264501935,0.9216138039413807,58.52534704718391,50.112828317667756,46.65640426109099,-4.231582564418574,-6.848960807700844,2.6173782432822703,201.57052672655732,180.6314737006888,191.10100021362305,0.10957060927186003,0.8963404492365808,0.41735676080865636,98701420.0,1.1321731744082304,-0.027556873210526134,-0.14985631796591525,0.013554445406056326,-0.10396878076681904,0.00521268473502845,-0.010000401737802922,-0.0024943876658132247,-0.07849837542766058,1
2024-02-27,0.0016549741281637331,0.001653606167566249,0.036749670824068596,-0.021123297884791052,196.65599975585937,197.24609280844987,195.01699981689453,195.624355143694,191.54100036621094,196.64111778172852,215.5683999633789,208.34406500148071,1.0156313358122606,1.0241671029452286,1.0427532243523394,0.9265272450019089,59.008409245366245,50.393770219917684,46.853399510412714,-3.5079530320957986,-6.180759252579835,2.672806220484037,202.66406868696495,180.41793204545692,191.54100036621094,0.11614294902383934,0.8681086515511489,-0.02775642499894848,100016100.0,1.0862791090634407,0.03870392576202142,0.41735676080865636,-0.027556873210526134,-0.14985631796591525,0.013554445406056326,-0.10396878076681904,-0.030957752117438453,-0.061078595054905094,1
2024-02-28,0.01156560160219966,0.011499231283567918,0.03395367668932903,0.0080830013570897,198.10999755859376,198.8440596343442,196.81899871826172,196.79083480595557,192.06350021362306,197.1552964011956,214.5881997680664,208.09684650283964,1.019837442713494,1.0265268830848222,1.0519437220576184,0.9415242473933978,62.56878756729676,52.41393718169058,48.25783732216649,-2.716756835065098,-5.487958769076888,2.77120193401179,204.09163036138276,180.03537006586336,192.06350021362306,0.12525159787655002,0.9147150450632565,-0.08135825354778026,101320770.0,0.9850517322361446,0.0016549741281637331,-0.02775642499894848,0.03870392576202142,0.41735676080865636,-0.027556873210526134,-0.14985631796591525,0.00521268473502845,-0.010000401737802922,0
2024-02-29,-0.0007918650199801869,-0.0007921787106965236,0.033831987645430134,-0.011264511095467203,199.00399780273438,199.85604138383366,198.13599853515626,197.7161384562932,192.79300079345703,197.60526863754006,213.55579986572266,207.85304879225035,1.014452006551793,1.0188961439381845,1.0471334750325847,0.9453267249578258,62.13272824784835,52.25521327840802,48.16527646599767,-2.078676190533116,-4.806102253368134,2.7274260628350175,205.3334437511128,180.25255783580124,192.79300079345703,0.1300923052812546,0.8623079392027365,-0.1392618895419323,101791170.0,0.8439533605911004,0.01156560160219966,-0.08135825354778026,0.0016549741281637331,-0.02775642499894848,0.03870392576202142,0.41735676080865636,0.013554445406056326,-0.10396878076681904,1
2024-03-01,0.003764585340074067,0.0037575170226514664,0.02970787747035722,0.010572486894159999,201.13799743652345,200.78402738577194,198.35499877929686,198.6113858987214,193.48200073242188,198.08476680440754,212.56699981689454,207.6486154823444,1.0074675196743916,1.0216026852699556,1.0473325612850763,0.9532994282471069,63.54092150211271,52.98358271808969,48.656474301076315,-1.494440497656086,-4.143769902225724,2.649329404569638,206.58401600081717,180.3799854640266,193.48200073242188,0.13543394443718693,0.849488169171864,-0.04264960946139429,97932300.0,0.8397954505306217,-0.0007918650199801869,-0.1392618895419323,0.01156560160219966,-0.08135825354778026,0.0016549741281637331,-0.02775642499894848,-0.027556873210526134,-0.14985631796591525,0
2024-03-04,-0.07155546804023882,-0.07424463938175002,0.06925693006042283,-0.053288363938826945,198.88599853515626,196.56935138706413,197.1739990234375,196.70749744252632,193.49350051879884,197.13764609824,211.18539978027343,206.8835717140034,0.9459690514935455,0.9541826017703521,0.9723323981694657,0.8908759771527651,34.7644353557898,40.33925233497842,40.89337020463615,-2.1763704761979454,-3.750290017020169,1.5739195408222235,206.57632286383742,180.41067817376026,193.49350051879884,0.13522751213824383,0.29539960919898073,0.6333880896999262,100231120.0,1.3402514109390378,0.003764585340074067,-0.04264960946139429,-0.0007918650199801869,-0.1392618895419323,0.01156560160219966,-0.08135825354778026,0.03870392576202142,0.41735676080865636,0
2024-03-05,-0.03933237971984138,-0.04012679843323044,0.038840261150359344,-0.012619489320306609,195.08800048828124,191.29290275576412,195.87200012207032,193.8043170880968,193.47750091552734,195.5759660406137,209.85739990234376,205.85833382299012,0.9264537287828779,0.922745493896648,0.9341654954085618,0.8612515240218865,27.381197769010853,35.661833844337224,37.672509227242394,-3.2761570610862236,-3.6554634258333802,0.3793063647471566,206.62174469233375,180.33325713872094,193.47750091552734,0.1358736154292711,0.01547248975862915,-0.109235202467862,101742620.0,1.1761128227285675,-0.07155546804023882,0.6333880896999262,0.003764585340074067,-0.04264960946139429,-0.0007918650199801869,-0.1392618895419323,0.0016549741281637331,-0.02775642499894848,0
2024-03-06,-0.02323786698783792,-0.023512123304642613,0.04463580595044394,-0.01916779877626194,189.98800048828124,186.37526626588703,194.0489990234375,190.66534912410333,193.04950027465821,193.76301625447266,208.2981997680664,204.7085949784075,0.9292165443734015,0.9097701826578868,0.914480446905914,0.8475348970020126,24.00533069470282,33.30163895244466,35.983503911464595,-4.435521802957453,-3.8114751012581953,-0.6240467016992577,207.72525427041185,178.37374627890458,193.04950027465821,0.15204135700816562,-0.062475597277739596,-0.09810982376851907,102184680.0,1.056135812139354,-0.03933237971984138,-0.109235202467862,-0.07155546804023882,0.6333880896999262,0.003764585340074067,-0.04264960946139429,0.01156560160219966,-0.08135825354778026,1
2024-03-07,0.011951969472048907,0.01188110874296599,0.0354883658242061,0.024662963248855568,185.3419982910156,183.80017547608617,192.172998046875,188.48073908271806,192.60299987792968,192.3236807918071,206.82039978027345,203.6866890536262,0.9638937507082245,0.9296310913196448,0.9275556144489514,0.8637929047921898,29.126790998501775,35.6073106534394,37.46250427933653,-5.124989608407333,-4.074178002688023,-1.0508116057193098,208.41648712992,176.78951262593935,192.60299987792968,0.16420810955190512,0.058825774508113576,-0.05366801055217296,103123630.0,0.9903549748976059,-0.02323786698783792,-0.09810982376851907,-0.03933237971984138,-0.109235202467862,-0.07155546804023882,0.6333880896999262,-0.0007918650199801869,-0.1392618895419323,0
2024-03-08,-0.018527834714126334,-0.018701625030085045,0.04579673176120404,-0.0339394141163051,179.88199768066406,180.98011576335432,190.50999755859374,186.09151312911305,191.89199981689453,190.70618703429125,205.195,202.57505404516598,0.974750106173289,0.9203716266069586,0.9137431289746419,0.8545042342059536,25.92874923405283,33.64258702861194,36.08913524868651,-5.870811886771179,-4.433504779504654,-1.437307107266525,209.37898298561961,174.40501664816944,191.89199981689453,0.18225859530789573,0.026733590371190216,-0.16238678534010909,103793900.0,0.8241775287372379,0.011951969472048907,-0.05366801055217296,-0.02323786698783792,-0.09810982376851907,-0.03933237971984138,-0.109235202467862,0.003764585340074067,-0.04264960946139429,1
2024-03-11,0.013858834181150304,0.013763678693560029,0.04539569033851816,0.013223182471203763,177.80799865722656,179.9100785997232,188.3469985961914,184.57851151881266,191.10199966430665,189.47416962840265,203.5216000366211,201.602306995256,0.9997863179100347,0.9438430428806188,0.9302362329265788,0.8734699621095428,32.29574100605235,36.4163689963436,37.845569325579504,-6.194394954677193,-4.785682814539162,-1.4087121401380314,209.61202908544453,172.59197024316876,191.10199966430665,0.19371884599483993,0.13987103724910943,-0.0017897096952934621,101158340.0,0.8441370232054025,-0.018527834714126334,-0.16238678534010909,0.011951969472048907,-0.05366801055217296,-0.02323786698783792,-0.09810982376851907,-0.07155546804023882,0.6333880896999262,0
2024-03-12,-0.0012938683737420131,-0.0012947061441473569,0.03954032487969114,-0.0012938683737420426,177.16799621582032,179.12005016185975,186.12799835205078,183.29878093105268,190.57249908447267,188.33758140532933,202.00880004882814,200.65868684980018,1.0020996854864201,0.9538596818213548,0.9316139219407356,0.8788725701217922,31.992062171660052,36.261858316639,37.74247903336405,-6.39567151157928,-5.107680553947186,-1.2879909576320943,209.97659036748027,171.16840780146507,190.57249908447267,0.2036399939784239,0.16418149635915757,0.023423877083784683,99032970.0,0.8824505616664834,0.013858834181150304,-0.0017897096952934621,-0.018527834714126334,-0.16238678534010909,0.011951969472048907,-0.05366801055217296,-0.03933237971984138,-0.109235202467862,0
2024-03-13,-0.04539820808488959,-0.04646099727496628,0.04071282351438155,-0.020629917718932318,175.75599670410156,175.90669868375286,182.87199859619142,180.78627453041383,189.84549865722656,186.5416208645874,200.42880004882812,199.43599308029977,0.9642913977659117,0.9267684338146055,0.8927259109447825,0.8455870398178836,23.108692083498028,31.25711542047091,34.304311290368304,-7.123444442469264,-5.510833331651602,-1.612611110817662,211.17145331240175,168.51954400205136,189.84549865722656,0.22466642407655962,0.022518375871502357,0.218931546130811,99704800.0,1.0683989135929264,-0.0012938683737420131,0.023423877083784683,0.013858834181150304,-0.0017897096952934621,-0.018527834714126334,-0.16238678534010909,-0.02323786698783792,-0.09810982376851907,0
2024-03-14,-0.04118477639544138,-0.042056898779332184,0.06560002253605769,-0.03141207688057499,172.5259979248047,171.43779912250193,178.93399810791016,177.46149734306584,188.5349983215332,184.25194268700764,198.7104000854492,197.98752276342526,0.9418870312567355,0.9081560894984347,0.8619089370498079,0.8177729999543152,18.045981833921886,27.692600873892886,31.680133878993487,-8.169266831631546,-6.042520031647591,-2.1267467999839553,212.97316700101828,164.09682964204814,188.5349983215332,0.25924278141512475,-0.03267081226484483,0.18588399851677306,103746670.0,1.2176361901543442,-0.04539820808488959,0.218931546130811,-0.0012938683737420131,0.023423877083784683,0.013858834181150304,-0.0017897096952934621,0.011951969472048907,-0.05366801055217296,1
2024-03-15,0.006584660456730784,0.006563076277915342,0.027022057657454614,0.0025128931901623273,170.1720001220703,168.81520185640755,175.0269989013672,174.93577188509363,186.69099884033204,182.28223455721823,197.21280029296875,196.63781627561326,0.9612040006986126,0.9345415755908333,0.8761536889312613,0.829408674696713,21.136026415822045,29.02873579046593,32.51112724212534,-8.81018957982235,-6.596053941282543,-2.2141356385398065,212.76549727663155,160.61650040403254,186.69099884033204,0.2793332147587875,0.05663592968819108,-0.23098150257627703,105237040.0,0.9231236454389063,-0.04118477639544138,0.18588399851677306,-0.04539820808488959,0.218931546130811,-0.0012938683737420131,0.023423877083784683,-0.018527834714126334,-0.16238678534010909,1
2024-03-18,0.06254200201423088,0.060664152342604714,0.050748027441588385,0.022232670769960345,169.37799987792968,170.47680225485766,173.59299926757814,174.72926846085076,185.3834991455078,181.47440298526962,195.93020050048827,195.7422157570307,1.0261073054175576,1.0011924661999796,0.937516034883676,0.8870506058167622,44.48396060159906,40.37316645639035,39.85504423340156,-8.395867976010663,-6.956016748228167,-1.439851227782496,211.28941729591924,159.4775809950964,185.3834991455078,0.2794846172374579,0.27643146970326476,0.11392655239287341,102624990.0,1.0544644145641329,0.006584660456730784,-0.23098150257627703,-0.04118477639544138,0.18588399851677306,-0.04539820808488959,0.218931546130811,0.013858834181150304,-0.0017897096952934621,0
2024-03-19,-0.014269250195585559,-0.014372034891457558,0.03152001473508029,-0.006033843597412663,168.13400268554688,170.75787061131138,172.6509994506836,174.10940279964495,184.26149978637696,180.50731768421716,194.60680053710936,194.78448209299884,1.0189491987806327,0.9922908518879149,0.9297656185521018,0.8803392628180531,41.04700772160878,38.75584074742011,38.78086234297674,-8.173412042730973,-7.199495807128729,-0.9739162356022444,210.55987027776055,157.96312929499337,184.26149978637696,0.285446178630615,0.25394877666663107,-0.2859416122068782,98386050.0,0.7853897986553988,0.06254200201423088,0.11392655239287341,0.006584660456730784,-0.23098150257627703,-0.04118477639544138,0.18588399851677306,-0.0012938683737420131,0.023423877083784683,1
2024-03-20,0.025332688257929448,0.025017133837829976,0.03091194672992326,0.015375743711614884,169.37000427246093,172.39191496157738,172.56300048828126,174.39133022918392,183.30599975585938,180.0456687297307,193.31100067138672,194.03450254668945,1.0371376231385687,1.0179470869483314,0.9582883478776826,0.9086911921826806,49.079463151004084,43.054998674597236,41.66965775051674,-7.559768375255828,-7.27155032075415,-0.28821805450167837,209.39553373171157,157.21646578000718,183.30599975585938,0.2846555378503724,0.3534662194267836,0.08509357925442007,95978630.0,0.8735975914638499,-0.014269250195585559,-0.2859416122068782,0.06254200201423088,0.11392655239287341,0.006584660456730784,-0.23098150257627703,-0.04539820808488959,0.218931546130811,0
2024-03-21,-0.016167575308454918,-0.016299696542812377,0.0369169618888759,-0.02023919767437334,171.4340057373047,172.53461241579117,171.9800018310547,174.10563515555387,182.07649993896484,179.3575105006343,192.06820068359374,193.20256155757295,1.008084752969244,1.0048843207595104,0.9491615193731809,0.8997845906252656,44.455222127912975,41.025513657067286,40.361049238027796,-7.219394629968775,-7.261119182597075,0.04172455262829988,207.70507239425294,156.44792748367675,182.07649993896484,0.2815143356103531,0.31941068643415316,-0.12724054733221457,93083530.0,0.7861541134076028,0.025332688257929448,0.08509357925442007,-0.014269250195585559,-0.2859416122068782,0.06254200201423088,0.11392655239287341,-0.04118477639544138,0.18588399851677306,0
2024-03-22,-0.01151490226146512,-0.01158171211632812,0.028683450471014508,0.02483651886143383,172.88600463867186,171.9664088875457,171.52900238037108,173.51006546019036,181.0194999694824,178.5453668178172,190.80600067138673,192.3252062741801,0.9881077545176998,0.9959248841909175,0.9437104945039316,0.895307281898668,41.275995414761304,39.61636104854854,39.449547239777075,-7.029194616677557,-7.214734269413172,0.18553965273561435,206.67247641998227,155.36652351898255,181.0194999694824,0.2834277683324131,0.30139735133485507,0.032832271994315265,92087130.0,0.82075095618682,-0.016167575308454918,-0.12724054733221457,0.025332688257929448,0.08509357925442007,-0.014269250195585559,-0.2859416122068782,0.006584660456730784,-0.23098150257627703,1
2024-03-25,0.010536808713131895,0.010481683435756076,0.037710766271739554,0.022932036631583327,172.65200500488282,172.18760755263463,171.01500244140624,173.35005444612165,179.68100051879884,177.98199901448342,189.7142007446289,191.55284543530294,0.9998725753455936,1.0094436301982312,0.9607582570465003,0.9099477224437555,45.3968048092984,41.57130293988057,40.72101170074884,-6.656482743255879,-7.103083964181714,0.4466012209258352,204.1231176900612,155.23888334753647,179.68100051879884,0.27206123185745673,0.3557613567887545,-0.0178881882387808,90970840.0,0.8159603670802644,-0.01151490226146512,0.032832271994315265,-0.016167575308454918,-0.12724054733221457,0.025332688257929448,0.08509357925442007,0.06254200201423088,0.11392655239287341,1
2024-03-26,0.029195349264770964,0.0287772826285837,0.03866716490116054,-0.0050957758583196925,173.92200317382813,174.01507109140488,171.0280029296875,174.1354987593623,178.57800064086913,177.95228464824172,188.88980072021485,191.00842005230854,1.0215498610108074,1.0388357176923153,0.9949153732897376,0.9406013320545115,55.57932963348393,46.76801476208127,44.16782225582234,-5.886563916544446,-6.859779954654261,0.9732160381098147,201.22677635182248,155.9292249299158,178.57800064086913,0.25365695247648523,0.4799547118239001,0.5248327464077189,93550290.0,1.209896837305368,0.010536808713131895,-0.0178881882387808,-0.01151490226146512,0.032832271994315265,-0.016167575308454918,-0.12724054733221457,-0.014269250195585559,-0.2859416122068782,1
2024-03-27,0.012157391142962881,0.012084083617363902,0.03286439193645596,-0.00870956286400593,174.7560028076172,175.95338133795482,172.06300354003906,175.17086295421547,177.46750106811524,178.13111485612868,188.08820068359375,190.57005071029857,1.029034762422572,1.0451404318837678,1.013312300836606,0.9560940089674673,59.367921150054265,48.86701641062798,45.591453733352175,-5.043959826655907,-6.496615929054591,1.4526561023986835,197.42382050882088,157.5111816274096,177.46750106811524,0.22490111508411947,0.5591917956103811,-0.2772617156508479,91078240.0,0.8981728237172787,0.029195349264770964,0.5248327464077189,0.010536808713131895,-0.0178881882387808,-0.01151490226146512,0.032832271994315265,0.025332688257929448,0.08509357925442007,0
2024-03-28,-0.022465709302040393,-0.02272190773999231,0.024290371668145325,-0.00935476861458362,175.35,175.89891865401415,173.39200286865236,175.28343210547317,176.16300048828126,177.90815089708147,187.29300048828125,189.99044061523327,1.0025092288915474,1.013829878989846,0.997882601902133,0.9385828238526822,50.05267106982388,45.27137570623505,43.41728726045289,-4.648598787430416,-6.127012500729756,1.4784137132993402,192.68015934020056,159.64584163636195,176.16300048828126,0.18752131612356435,0.48870849383079285,-0.050721236125372826,86211150.0,0.9007512369339696,0.012157391142962881,-0.2772617156508479,0.029195349264770964,0.5248327464077189,0.010536808713131895,-0.0178881882387808,-0.016167575308454918,-0.12724054733221457,0
2024-04-01,-0.003242460249155976,-0.0032477284143495326,0.03732446775807966,-0.005392501323245458,176.22799987792968,175.6726128429105,174.55700225830077,175.27189921733316,174.792000579834,177.6521366421883,186.55980041503906,189.41120769780073,0.9942801447106886,1.0037981802724893,1.002448628309358,0.939216277198473,48.792501248676594,44.77084928553281,43.11271485645757,-4.331336955223264,-5.767877391628458,1.4365404364051937,185.98438767566012,163.59961348400788,174.792000579834,0.12806520960567805,0.5191201678964776,0.05031627149899287,84652680.0,0.9634910554515226,-0.022465709302040393,-0.050721236125372826,0.012157391142962881,-0.2772617156508479,0.029195349264770964,0.5248327464077189,-0.01151490226146512,0.032832271994315265,0
2024-04-02,-0.049024062767074494,-0.05026651935105258,0.02556568229486027,0.01141125877276176,175.0279998779297,172.6584101895445,173.84000244140626,173.70064570196575,173.71650085449218,176.60240980796206,185.64860046386718,188.51782719525218,0.952019134075838,0.9585250951602815,0.9592065466618197,0.8975559442218565,33.821146528030866,37.95950666526095,38.80516004066306,-4.718651900474185,-5.558032293397604,0.8393803929234185,183.6327779065037,163.80022380248067,173.71650085449218,0.11416620762258557,0.14268364354330984,0.4302059412398651,85496300.0,1.364393546855244,-0.003242460249155976,0.05031627149899287,-0.022465709302040393,-0.050721236125372826,0.012157391142962881,-0.2772617156508479,0.010536808713131895,-0.0178881882387808,1
2024-04-03,0.01050231020055925,0.010447544054431742,0.03290181960012151,0.026582127159983312,173.1700012207031,171.2322750873005,173.54600219726564,172.7332564621197,173.0985008239746,175.8193236246145,184.8402005004883,187.72810867319572,0.9723393410860706,0.970232691914268,0.9727409774278728,0.910949049107787,38.319443865287916,39.963438558673104,40.08569181457674,-4.828728830223781,-5.41217160076284,0.583442770539059,182.72318621055385,163.47381543739536,173.0985008239746,0.11120472263785429,0.2548753153146377,-0.28890121439581107,86064170.0,0.9638168822170713,-0.049024062767074494,0.4302059412398651,-0.003242460249155976,0.05031627149899287,-0.022465709302040393,-0.050721236125372826,0.029195349264770964,0.5248327464077189,1
2024-04-04,0.016213301154368365,0.016083269202606634,0.05364974520381688,0.0061150893240698575,171.4260009765625,171.19151692831753,173.09100189208985,172.43811903452547,172.82700119018554,175.37081667087517,184.07960052490233,187.07641816092732,0.9981566368904905,0.9885551457898817,0.9900652064318091,0.9295435242277362,45.10982628587562,43.05360959702764,42.07125138156172,-4.642165753269808,-5.258170431264234,0.6160046779944262,182.35389854097812,163.30010383939296,172.82700119018554,0.11024778865784766,0.4098866862624937,0.48477217025657593,89995700.0,1.368532052086933,0.01050231020055925,-0.28890121439581107,-0.049024062767074494,0.4302059412398651,-0.003242460249155976,0.05031627149899287,0.012157391142962881,-0.2772617156508479,0
2024-04-05,-0.036292482565110196,-0.03696743555877544,0.06276535164708871,-0.02472207173706439,169.2480010986328,169.09434258437315,172.29900054931642,171.0675508276089,172.13950119018554,174.37359545426654,183.22100036621094,186.20675446428248,0.9743098460606661,0.9570571702143202,0.9579439510185247,0.9000059685674259,34.91036499275144,38.232823466591746,38.98540815548287,-4.938481077522994,-5.194232560515986,0.25575148299299233,181.8686937696288,162.41030861074228,172.13950119018554,0.11303846603684675,0.12794922422455357,0.1623520241632972,96993660.0,1.475948015571327,0.016213301154368365,0.48477217025657593,0.01050231020055925,-0.28890121439581107,-0.049024062767074494,0.4302059412398651,-0.022465709302040393,-0.050721236125372826,1
2024-04-08,0.04899940648952894,0.04783676362708771,0.03879065140246694,0.021495213584305308,168.8,170.3895602987618,172.51399993896484,171.41526808214164,172.02150115966796,174.24087167076868,183.02800018310546,185.68805804323372,1.0247630078645678,1.0027012056339721,1.005571946305604,0.9451012716878612,51.542079791286326,46.609576891380314,44.54261432759476,-4.469799421084247,-5.049345932629639,0.5795465115453924,181.64928099691252,162.3937213224234,172.02150115966796,0.11193693546841205,0.5497775491377157,-0.27057103499918966,99877930.0,1.0455092531453145,-0.036292482565110196,0.1623520241632972,0.016213301154368365,0.48477217025657593,0.01050231020055925,-0.28890121439581107,-0.003242460249155976,0.05031627149899287,1
2024-04-09,0.02254601255405486,0.022295607975213145,0.041270934250562975,0.022959927919850544,170.85,172.55304182677872,172.93899993896486,172.40885659135452,171.97700119018555,174.49221769096332,182.90060028076172,185.34264419380546,1.0352941462265877,1.0227884106259348,1.0285096475615645,0.9670826919719929,57.63755007442249,50.125469894720666,46.98957802717467,-3.7405489665182756,-4.787586539407367,1.0470375728890913,181.50580896888067,162.44819341149042,171.97700119018555,0.1108149079557147,0.7572726728515438,-0.01409264024408341,102750240.0,1.001960676685524,0.04899940648952894,-0.27057103499918966,-0.036292482565110196,0.1623520241632972,0.016213301154368365,0.48477217025657593,-0.049024062767074494,0.4302059412398651,0
2024-04-10,-0.028946236061948905,-0.02937344256551801,0.028644610656118178,-0.0073971268432744,171.5259979248047,172.28869272013114,172.3479995727539,172.29088166689658,171.6880012512207,174.23200595914167,182.51720031738282,184.80999126490468,1.001364204755327,0.9965882686925545,1.0004193260745688,0.9410619613283517,48.326839154864004,45.856140309145175,44.29542932261439,-3.5350054327736586,-4.537070318080625,1.0020648853069662,180.86864044425312,162.50736205818828,171.6880012512207,0.10694561211180907,0.5039209282764254,-0.17891205293356016,99884860.0,0.8462984280100108,0.02254601255405486,-0.01409264024408341,0.04899940648952894,-0.27057103499918966,-0.036292482565110196,0.1623520241632972,0.01050231020055925,-0.28890121439581107,1
2024-04-11,0.01653476762638495,0.016399556773736196,0.04221082542005802,0.011880631790791085,172.2239990234375,173.05913051459265,171.825,172.71072247355457,171.94400177001953,174.2670535919392,182.1774005126953,184.40959968994827,1.013796027810008,1.0161501882934127,1.015446914728951,0.9584065071306601,53.21739062386456,48.47753154878613,46.095476151705455,-3.1071284577938627,-4.251081946023272,1.1439534882294096,181.14959179475875,162.7384117452803,171.94400177001953,0.10707660552244198,0.6442604073371896,0.11810382764478478,101156060.0,0.9343582579234502,-0.028946236061948905,-0.17891205293356016,0.02254601255405486,-0.01409264024408341,0.04899940648952894,-0.27057103499918966,0.016213301154368365,0.48477217025657593,0
2024-04-12,-0.020332204625772565,-0.020541749097701737,0.020169522868691545,-0.007485164869120952,173.4540008544922,172.38942136031437,171.3510009765625,172.40877348777335,172.37150192260742,173.96066782620764,181.8526007080078,183.885693939431,0.9861404303683312,0.9982433839132002,0.9923334260239669,0.9405969581177713,46.76306101942901,45.51136335219891,44.220007968876885,-3.0196794649124,-4.004801449801098,0.9851219848886981,180.51606299346648,164.22694085174837,172.37150192260742,0.09450008823982815,0.418872308811221,-0.3152196453510516,99862850.0,0.6481158909444303,0.01653476762638495,0.11810382764478478,-0.028946236061948905,-0.17891205293356016,0.02254601255405486,-0.01409264024408341,-0.036292482565110196,0.1623520241632972,0
2024-04-15,-0.05594859487563397,-0.05757465973833702,0.05765418506885685,-0.05145682262079553,171.15400085449218,168.7529461493893,169.97700042724608,170.42172298591254,172.26700134277343,172.7720323882392,181.30500061035156,183.0070391075921,0.9434777739424418,0.9500108563020329,0.9373820550009424,0.8906538439862502,33.85091757057589,38.64647617407888,39.65329685471433,-3.680172382792904,-3.9398756363994596,0.2597032536065558,180.89960891861975,163.6343937669271,172.26700134277343,0.10022357745311108,-0.12478257701739844,0.5488429870818121,101731170.0,0.9853941520578207,-0.020332204625772565,-0.3152196453510516,0.01653476762638495,0.11810382764478478,-0.028946236061948905,-0.17891205293356016,0.04899940648952894,-0.27057103499918966,0
2024-04-16,-0.027062145360474688,-0.02743506868222295,0.028260469888342105,0.0023605659322478247,167.2,164.8719643030434,169.025,168.00140982671962,171.43250122070313,171.28041031415466,180.6890005493164,181.99146897044542,0.939653113698275,0.9295074729202872,0.9164539949638096,0.8695050619169854,29.510012614513343,35.97776768745949,37.78247223952378,-4.50431690178786,-4.05276388947714,-0.4515530123107201,182.25900883563577,160.6059936057705,171.43250122070313,0.12630636008739712,-0.16145525037995748,-0.032373587589642594,99766110.0,0.9722740517797076,-0.05594859487563397,0.5488429870818121,-0.020332204625772565,-0.3152196453510516,0.01653476762638495,0.11810382764478478,0.02254601255405486,-0.01409264024408341,0
2024-04-17,-0.010565868854054306,-0.01062208397137564,0.029269881898246402,-0.013892428634138008,163.93800048828126,161.73130851810967,167.73199920654298,165.71933475790553,170.6390007019043,169.77275189835348,180.1768005371094,180.95062693035902,0.9482243072700779,0.9267760336942213,0.9109875017365089,0.8627636659372556,27.923116128780464,34.98935137204104,37.08461759581703,-5.2311048723163935,-4.288432086044991,-0.9426727862714026,183.5145687449599,157.76343265884873,170.6390007019043,0.1509100263139538,-0.08983819987088994,-0.15010618556701028,99715070.0,0.8267526663722946,-0.027062145360474688,-0.032373587589642594,-0.05594859487563397,0.5488429870818121,-0.020332204625772565,-0.3152196453510516,-0.028946236061948905,-0.17891205293356016,0
2024-04-18,-0.03550983840996058,-0.036155647217109545,0.023344228446463253,-0.008727321151859504,159.00399780273438,157.79753657066686,165.61399841308594,162.8485452884284,169.35250015258788,167.88296530572757,179.47340026855468,179.7341314693952,0.9429322202438543,0.9052978257418521,0.8853131340883258,0.8353883776171499,23.10330084957414,31.85532409918318,34.8379109383922,-6.181254137373372,-4.666996496310667,-1.5142576410627049,184.84089665828577,153.86410364689,169.35250015258788,0.18291311308357103,-0.12700188071959065,0.16568594985183105,97008750.0,0.9906199183063383,-0.010565868854054306,-0.15010618556701028,-0.027062145360474688,-0.032373587589642594,-0.05594859487563397,0.5488429870818121,0.01653476762638495,0.11810382764478478,0
2024-04-19,-0.0192088959161848,-0.01939578390268632,0.03209793351069708,-0.012888488643433537,154.20399780273436,154.2150253976972,163.8289993286133,159.97608306357918,168.06399993896486,165.89887366249235,178.66280029296874,178.45240094321335,0.9536069437049984,0.8975822574414946,0.8749643177906118,0.8230588729753888,20.90670388767947,30.328951808387572,33.71881909157891,-7.084974196672022,-5.150592036382939,-1.9343821602890827,186.23884654918777,149.88915332874194,168.06399993896486,0.21628482740888474,-0.07810658152644805,-0.09390647958143072,91400440.0,0.9526704685447904,-0.03550983840996058,0.16568594985183105,-0.010565868854054306,-0.15010618556701028,-0.027062145360474688,-0.032373587589642594,-0.020332204625772565,-0.3152196453510516,0
2024-04-22,-0.03400203941675628,-0.0345935559693179,0.03970432431172443,0.010600494586256233,150.31799926757813,150.16001794905074,160.73600006103516,156.71679578870257,166.625,163.6275526519462,177.71260040283204,177.02485592786218,0.944996632099243,0.8837472812426473,0.8525131465971961,0.7993243176328767,17.530709544730087,27.835287858099974,31.853556678259736,-8.111136930348465,-5.742701015176045,-2.3684359151724204,187.97582245544373,145.27417754455627,166.625,0.25627393794981224,-0.07550469073326961,0.22995366037129128,91667870.0,1.1683221176623826,-0.0192088959161848,-0.09390647958143072,-0.03550983840996058,0.16568594985183105,-0.010565868854054306,-0.15010618556701028,-0.05594859487563397,0.5488429870818121,1
2024-04-23,0.018514534090260826,0.018345226676437152,0.04250756295147266,0.009418759697762494,147.83199768066407,148.33334285796093,157.51599884033203,154.52828613180776,165.22749938964844,161.82302313040668,176.73480010986327,175.75642991797665,0.9786784657291072,0.9185098259284623,0.8756411203354779,0.8186276420141598,24.966110950747932,31.04675829556504,33.87384874580749,-8.612876231109084,-6.316736058362653,-2.296140172746431,188.40400128841713,142.05099749087975,165.22749938964844,0.2805404909519645,0.056716824574833055,0.1629121474244053,93827210.0,1.3273878654177185,-0.03400203941675628,0.22995366037129128,-0.0192088959161848,-0.09390647958143072,-0.03550983840996058,0.16568594985183105,-0.027062145360474688,-0.032373587589642594,1
2024-04-24,0.12061109407252757,0.11387415621830609,0.06451616849964123,-0.004360055705263608,149.16799926757812,152.93223019957813,156.5529998779297,155.9104168138086,164.45049972534179,161.85225948777867,176.2148001098633,175.22206030875452,1.0868953507379493,1.035623750482146,0.9858894023040071,0.9200703050012289,55.80813958251042,47.68279769113989,45.19352127966171,-7.5158006213879105,-6.556548970967705,-0.9592516504202058,186.93807553109977,141.9629239195838,164.45049972534179,0.2734874730489208,0.44840495786266305,0.4547180097811958,103491770.0,1.750651283672122,0.018514534090260826,0.1629121474244053,-0.03400203941675628,0.22995366037129128,-0.0192088959161848,-0.09390647958143072,-0.010565868854054306,-0.15010618556701028,1
2024-04-25,0.04965143743002587,0.04845814470471284,0.07356919033551405,0.07058370337207129,153.21799926757814,158.6814843583125,156.11099853515626,158.50488515234906,163.96799926757814,162.6453769342551,175.93799987792968,175.02433216628498,1.1107049660567678,1.0901217356409174,1.0378854010291716,0.967272520966798,63.81346144627539,53.282431796407444,49.39000638033397,-5.928454030612983,-6.43092998289676,0.5024759522837776,185.50910972508808,142.4268888100682,163.96799926757814,0.26274773801877244,0.6441892566415351,-0.30219176721235474,106682920.0,1.1850772363561102,0.12061109407252757,0.4547180097811958,0.018514534090260826,0.1629121474244053,-0.03400203941675628,0.22995366037129128,-0.03550983840996058,0.16568594985183105,0
2024-04-26,-0.011105884774887609,-0.011168015552988686,0.03416721272442883,-0.003316628943676138,157.46599731445312,161.88432066758594,155.83499755859376,160.2839957221279,163.59299926757814,163.18295944395774,175.529599609375,174.7602404454947,1.0687386239332965,1.0799242527202915,1.0287114610012873,0.9587556381410699,60.79677423910736,51.878475877029025,48.4749933369303,-4.768014869144594,-6.098346960146327,1.3303320910017336,184.55107545999093,142.63492307516535,163.59299926757814,0.2562221645943793,0.6120568981482918,-0.13139388186905543,111192220.0,0.9876203568918761,0.04965143743002587,-0.30219176721235474,0.12061109407252757,0.4547180097811958,0.018514534090260826,0.1629121474244053,-0.0192088959161848,-0.09390647958143072,1
2024-04-29,0.1530691710339953,0.14242723171122051,0.07384695493785966,0.02988008140072478,167.86599731445312,172.60621479564324,159.0919982910156,166.42326978206063,164.53449935913085,166.12267788279584,175.40159973144532,175.5167017241717,1.1559815933911606,1.2197345255340626,1.1793879326681709,1.1063183194957444,77.61999860711317,65.29924491329342,59.27301357266194,-1.749572982199055,-5.228592164556874,3.4790191823578187,188.9103818870665,140.1586168311952,164.53449935913085,0.29630117237273396,1.1054243094337428,1.2207179847690268,125554660.0,1.942338898452674,-0.011105884774887609,-0.13139388186905543,0.04965143743002587,-0.30219176721235474,0.12061109407252757,0.4547180097811958,-0.03400203941675628,0.22995366037129128,0
2024-04-30,-0.05550118063944742,-0.05710084205665045,0.04424923976629609,-0.019788196773914243,175.58599853515625,176.16414279019446,161.70899810791016,169.48812959973995,165.36699905395508,167.75670844436738,175.0681997680664,175.82114474594133,1.0438189850462372,1.1333939417334844,1.1083226993766588,1.046906285790964,64.18500012328596,58.01427990525997,54.2793437894805,-0.22390434627334344,-4.227654600900168,4.003750254626825,191.0732618525519,139.66073625535827,165.36699905395508,0.3108995500391164,0.8484170349009188,-0.47909969955267095,128557840.0,0.9881295454248453,0.1530691710339953,1.2207179847690268,-0.011105884774887609,-0.13139388186905543,0.04965143743002587,-0.30219176721235474,0.018514534090260826,0.1629121474244053,0
2024-05-01,-0.017950640048260635,-0.018113707174260838,0.038057702619358966,-0.01104392586173592,179.15799865722656,177.439430357851,164.16299896240236,171.39756158036252,165.94749908447267,168.9217843537766,174.79279998779296,175.98462948112655,1.0046439837583212,1.0964103155448963,1.084620174971985,1.029733521665275,60.455701330786304,55.960450660787934,52.85115464719955,0.7115220931937074,-3.239819262081393,3.9513413552751,192.41285093492203,139.4821472340233,165.94749908447267,0.3189605386819074,0.765299824616784,-0.2692404579010925,129596840.0,0.716296014625048,-0.05550118063944742,-0.47909969955267095,0.1530691710339953,1.2207179847690268,-0.011105884774887609,-0.13139388186905543,0.12061109407252757,0.4547180097811958,1
2024-05-02,0.0001110562423569661,0.00011105007606901516,0.04766403029210058,-0.01558572729958904,181.1239990234375,178.2962850741793,167.1709991455078,172.96345847608495,166.3924987792969,169.97780436835367,174.49759979248046,176.14248693311515,0.9938494924879755,1.0768015710078571,1.0818396011084688,1.0315900890379641,60.4719808595098,55.97064954691348,52.85906753412325,1.4378921070497483,-2.304276988255165,3.7421690953049134,193.48203957928772,139.30295797930606,166.3924987792969,0.32561012063317124,0.7513423137749101,-0.039660798214364634,128901760.0,0.6915964529886947,-0.017950640048260635,-0.2692404579010925,-0.05550118063944742,-0.47909969955267095,0.1530691710339953,1.2207179847690268,0.04965143743002587,-0.30219176721235474,1
2024-05-03,0.006555235656792835,0.006533843535574036,0.035101277800403355,-0.004997274198838187,183.7040008544922,179.26085752992162,170.58499908447266,174.45919374250698,167.20699920654297,171.04563275626344,174.1731997680664,176.340428717754,0.9863149501295988,1.0621684404481666,1.0836269013929898,1.0402863510728608,61.56181687159014,56.60947618250669,53.34441238149662,2.0847308749990248,-1.4264754156043271,3.5112062906033517,195.03750918626517,139.37648922682078,167.20699920654297,0.3328869020051543,0.7512171578072327,-0.1531890788351954,127743460.0,0.590961760390708,0.0001110562423569661,-0.039660798214364634,-0.017950640048260635,-0.2692404579010925,-0.05550118063944742,-0.47909969955267095,-0.011105884774887609,-0.13139388186905543,1
2024-05-06,0.019703030064167848,0.019511437908750914,0.029010612522795066,0.005223021975727568,181.84599914550782,181.09390318889308,174.85599822998046,176.33206660874862,167.7959991455078,172.35176244679417,174.02899963378906,176.67060776830624,1.0160245228106253,1.0566408723584604,1.1010989263612743,1.0616621074397268,64.97073263996468,58.568063664016414,54.821992207528346,2.852541460520598,-0.570672040379342,3.4232135008999403,196.57282372806293,139.01917456295268,167.7959991455078,0.34299774403560956,0.7947509950700384,0.11787817171469639,125472730.0,0.6725788145360351,0.006555235656792835,-0.1531890788351954,0.0001110562423569661,-0.039660798214364634,-0.017950640048260635,-0.2692404579010925,0.1530691710339953,1.2207179847690268,0
2024-05-07,-0.03761635178001177,-0.03834210509362018,0.03295653051466083,-0.02516445444891593,180.7519989013672,179.9992679787933,178.16899871826172,176.60078132690228,167.84249877929688,172.87159436220367,173.59719970703125,176.71528972086654,0.9837235473983398,0.9979850526059494,1.0593860247064335,1.024267660185027,54.07797184228714,53.504668682484315,51.48875412782909,2.867179154610568,0.11689819861863993,2.7502809559919283,196.68082718071017,139.00417037788358,167.84249877929688,0.3436355942166235,0.6728168609593959,-0.11072836570079736,120522810.0,0.6226696838548653,0.019703030064167848,0.11787817171469639,0.006555235656792835,-0.1531890788351954,0.0001110562423569661,-0.039660798214364634,-0.05550118063944742,-0.47909969955267095,0
2024-05-08,-0.017378079862311324,-0.017530851194269642,0.033825570174097964,0.01824118509012014,179.697998046875,178.23951239276326,179.4279983520508,176.25882130759334,167.99049911499023,173.0476331106322,173.09699981689454,176.637043113017,0.9722979839493073,0.9737610786800941,1.0400588255952887,1.0093762538087052,49.75138414558121,51.37792319365873,50.067632570443024,2.5994775927739795,0.6134140774497079,1.9860635153242716,196.9379035237028,139.04309470627766,167.99049911499023,0.3446314471498528,0.6162367100465742,0.0656078479970259,110401960.0,0.7243485532322071,-0.03761635178001177,-0.11072836570079736,0.019703030064167848,0.11787817171469639,0.006555235656792835,-0.1531890788351954,-0.017950640048260635,-0.2692404579010925,0
2024-05-09,-0.01573946875450305,-0.015864649448707812,0.024713612664022888,-0.017370398157541052,178.08999938964843,176.14967533540988,179.60699920654298,175.47903583724965,167.8589988708496,172.94500150206753,172.49559997558595,176.45402186233804,0.9656353630753001,0.957479396573752,1.0244908070315404,0.9969529729746311,45.93550079690631,49.49244228666134,48.80876317650153,2.1407430062322135,0.9188798632062091,1.2218631430260043,196.70883810125636,139.00915964044285,167.8589988708496,0.3437389645413502,0.5712482713858708,-0.1753068357311225,104354240.0,0.6319848623304621,-0.017378079862311324,0.0656078479970259,-0.03761635178001177,-0.11072836570079736,0.019703030064167848,0.11787817171469639,0.0001110562423569661,-0.039660798214364634,0
2024-05-10,-0.02035238689978358,-0.020562350450525728,0.03151895008083617,-0.02646634932265703,175.5459991455078,173.58978396384097,179.625,174.20466590696847,167.72999877929686,172.51881099908044,171.82739990234376,176.14092301364647,0.9596914885030249,0.9378984062391267,1.0044118669694857,0.9804606326840261,41.23894381322229,47.12220808575648,47.22206881697396,1.4777373557367355,1.0306513617123143,0.4470859940244212,196.544662108297,138.91533545029674,167.72999877929686,0.34358389720034693,0.5128407268368376,0.10124138934925231,100635390.0,0.7216864762982486,-0.01573946875450305,-0.1753068357311225,-0.017378079862311324,0.0656078479970259,-0.03761635178001177,-0.11072836570079736,0.006555235656792835,-0.1531890788351954,1
2024-05-13,0.020300339194899042,0.020097034145307512,0.03723307882488593,0.01111764346852022,172.9720001220703,173.0231891057768,177.40899963378905,173.7838174492739,168.25049896240233,172.45892417913456,171.21239990234375,175.97422012643085,0.9937446480837461,0.968891092021639,1.0216314391320729,1.003957654280246,47.372957287217275,49.65917729593255,48.92558401612951,1.214268539273121,1.0673747972244756,0.14689374204864536,196.97069663559745,139.53030128920722,168.25049896240233,0.3413980683601182,0.5633613401387361,-0.07722038024321465,82950310.0,0.8079403199337049,-0.02035238689978358,0.10124138934925231,-0.01573946875450305,-0.1753068357311225,-0.017378079862311324,0.0656078479970259,0.019703030064167848,0.11787817171469639,1
2024-05-14,0.03292805679333921,0.03239754278801776,0.030526601384317197,0.017478527517236747,172.9200012207031,174.53212708777048,176.83600006103515,174.46857846790735,169.27249908447266,172.94378883367008,171.00059997558594,176.0360155352672,1.0267753978624212,1.0040376563057083,1.0489004652974043,1.0383004684024906,56.200873624409404,53.6247311095257,51.638128604823955,1.445519547405496,1.1430037472606798,0.30251580014481627,197.78821110336733,140.75678706557798,169.27249908447266,0.3369207895331465,0.6451393526803826,0.28929898879271376,78887870.0,1.095319217010169,0.020300339194899042,-0.07722038024321465,-0.02035238689978358,0.10124138934925231,-0.01573946875450305,-0.1753068357311225,-0.03761635178001177,-0.11072836570079736,0
2024-05-15,-0.02005067585133169,-0.020254418706909572,0.03959997225196444,-0.03285152086620391,172.7740020751953,174.35141988956835,176.23600006103516,174.3815651997722,170.19949951171876,173.04342851552664,170.86559997558595,175.9557798473416,1.0070381157081696,0.9872557561049204,1.0222709584477028,1.018285749255699,50.041212195311374,50.90835279122124,49.888304060477104,1.3262375457136386,1.1796505069512715,0.14658703876236712,198.05532786160035,142.34367116183716,170.19949951171876,0.32733149544853546,0.5680379332797946,-0.0780535000474496,77571200.0,1.0269661936388763,0.03292805679333921,0.28929898879271376,0.020300339194899042,-0.07722038024321465,-0.02035238689978358,0.10124138934925231,-0.017378079862311324,0.0656078479970259,1
2024-05-16,0.004885285464054867,0.004873391179277019,0.02493708934839803,0.0042503745458516515,173.3480010986328,174.5142787056758,175.71900024414063,174.46491631579374,171.44499969482422,173.21453021289463,170.8316000366211,175.9120236312847,1.008606936508076,0.9949976729606432,1.019802249404238,1.0234640212958859,51.52126229134492,51.53954531133021,50.31043101612316,1.2854747052698485,1.200815346614987,0.08465935865486163,197.74858026701867,145.14141912262977,171.44499969482422,0.30684570117548354,0.5645348764163169,-0.24918469050876824,74637620.0,0.8013679964607661,-0.02005067585133169,-0.0780535000474496,0.03292805679333921,0.28929898879271376,0.020300339194899042,-0.07722038024321465,-0.01573946875450305,-0.1753068357311225,1
2024-05-17,0.014985188920464187,0.01487402019069651,0.03876932617221004,0.022529551099709832,175.14600219726563,175.4961880417396,175.34600067138672,175.00947820635253,172.9654998779297,173.61886130822535,170.80780029296875,175.97272885020953,1.0132118603197995,1.0120561976571243,1.0259849902963856,1.0389455657732762,56.188774647547305,53.52319049953432,51.62918992876659,1.447892399242022,1.250230757140394,0.19766164210162818,196.85783248350452,149.07316727235485,172.9654998779297,0.2762670315460232,0.5940575143945717,0.29481610775059264,74833050.0,1.0349143860901033,0.004885285464054867,-0.24918469050876824,-0.02005067585133169,-0.0780535000474496,0.03292805679333921,0.28929898879271376,-0.02035238689978358,0.10124138934925231,0
2024-05-20,-0.014144086952910362,-0.014245067870223688,0.024178312668336192,-0.014699260228871526,175.75800170898438,175.31412434390714,174.36500091552733,174.99866343215064,174.6104995727539,173.7456361310841,170.8000003051758,175.93262171679905,0.9954027426752378,1.0033550083425187,1.0019443124916256,1.0242974041899966,50.72973831444059,51.35443042981205,50.28668802487995,1.3584138317430927,1.2718673720609337,0.08654645968215902,193.83687516135964,155.38412398414815,174.6104995727539,0.22022015440823833,0.5088289489072889,-0.20296000557809457,72566760.0,0.8506291310236257,0.014985188920464187,0.29481610775059264,0.004885285464054867,-0.24918469050876824,-0.02005067585133169,-0.0780535000474496,0.020300339194899042,-0.07722038024321465,1
2024-05-21,0.06659050790792542,0.06446711975223302,0.06521970938304286,0.06318735082774869,177.56800231933593,179.0760849304433,175.24400177001954,177.1079984633079,176.7065002441406,174.96986184274425,170.97660034179688,176.35095051627815,1.05086504137123,1.064801101428847,1.0559883526961713,1.091377450074959,67.71481079830994,59.54755926439927,55.87801393066836,2.202174501140462,1.4579287978768396,0.7442457032636223,190.90731880380866,162.50568168447256,176.7065002441406,0.16072774391488673,0.8483428021351425,0.8673474016401144,76588820.0,1.5050042551902485,-0.014144086952910362,-0.20296000557809457,0.014985188920464187,0.29481610775059264,0.004885285464054867,-0.24918469050876824,0.03292805679333921,0.28929898879271376,0
2024-05-22,-0.03478030697150003,-0.035399542384592614,0.03153632732953232,-0.014984989891730614,178.79200134277343,179.42072349041274,175.7830017089844,177.65381703549764,177.6055000305176,175.45939886823066,171.02800048828124,176.49836424545748,1.007371690331109,1.0246155706712228,1.0141014809755533,1.0531024165408085,55.3202240041682,54.08282165143751,52.4288000554988,2.3204233110296855,1.6304277005074088,0.6899956105222766,190.18533964975703,165.02566041127815,177.6055000305176,0.1416604735447705,0.5995442174001815,-0.2338320327241653,77423220.0,1.1406590942613857,0.06659050790792542,0.8673474016401144,-0.014144086952910362,-0.20296000557809457,0.014985188920464187,0.29481610775059264,-0.02005067585133169,-0.0780535000474496,0
2024-05-23,-0.03536724832380789,-0.036007818288810785,0.04972947574810791,-0.044334419270054125,178.57200317382814,177.52715082466318,175.96000213623046,176.9422149368915,177.78350067138672,175.2956471182243,171.11320068359376,176.39019331399498,0.9729409000583342,0.9873835154801394,0.9772560717785808,1.0153512692128734,45.734349944846166,49.30053404313056,49.29300418257876,1.8784770608706367,1.6800375725800545,0.19843948829058222,190.03447637301147,165.53252496976197,177.78350067138672,0.1378190400724456,0.3349725247726025,-0.1850000283082428,78025740.0,0.922458409237772,-0.03478030697150003,-0.2338320327241653,0.06659050790792542,0.8673474016401144,-0.014144086952910362,-0.20296000557809457,0.004885285464054867,-0.24918469050876824,1
2024-05-24,0.03165649721483632,0.03116576011599187,0.03542739293074729,0.025165918825404855,178.9280029296875,178.09810238083014,177.03700256347656,177.35999503803197,178.33100128173828,175.67130029678998,171.44800079345703,176.50195065435457,1.0017437324419207,1.0124437428209259,1.0050972865339867,1.04544820974083,53.798747319116536,53.152406590495254,51.901113426380135,1.9495621690267058,1.7339424918693849,0.2156196771573209,189.78902566349177,166.8729768999848,178.33100128173828,0.12850288844227817,0.5396667078520683,-0.08879410354912431,77321470.0,0.8482055501531464,-0.03536724832380789,-0.1850000283082428,-0.03478030697150003,-0.2338320327241653,0.06659050790792542,0.8673474016401144,0.014985188920464187,0.29481610775059264,0
2024-05-28,-0.01389201861667555,-0.013989415788236143,0.02879771619740099,0.001984161653208541,179.28800354003906,177.64873492055344,177.52300262451172,177.24908684929886,177.46600112915038,175.7740336018576,171.71160064697267,176.511678079674,0.9858439857105539,0.9956456199304676,0.9959654180260178,1.029342218778718,49.88325731450629,51.253876263230204,50.662400761162296,1.7844054803036897,1.744035089556246,0.04037039074744375,186.37531823869054,168.55668401961023,177.46600112915038,0.1004059036982123,0.4598172833929277,-0.08916588523202895,76593240.0,0.7799200033841106,0.03165649721483632,-0.08879410354912431,-0.03536724832380789,-0.1850000283082428,-0.03478030697150003,-0.2338320327241653,-0.014144086952910362,-0.20296000557809457,0
2024-05-29,-0.0031683030189180172,-0.0031733327174769638,0.023951422681355194,0.011481715207350989,177.20600280761718,177.16249076083773,177.38700256347656,177.05652604786383,177.11150131225585,175.8136496818146,171.75940063476563,176.49906334876155,0.9942665578472872,0.9932520415544991,0.9947970692810911,1.0257953962942732,48.94852726646302,50.81428310877772,50.37846898721433,1.590001939105207,1.7132284594660383,-0.12322652036083137,185.6225747858357,168.600427838676,177.11150131225585,0.09610977729305588,0.4458647094452815,-0.08293073258270478,73430760.0,0.7460443007807627,-0.01389201861667555,-0.08916588523202895,0.03165649721483632,-0.08879410354912431,-0.03536724832380789,-0.1850000283082428,0.06659050790792542,0.8673474016401144,1
2024-05-30,0.014756744473008343,0.014648923152829736,0.040774056490208696,0.0011758956933866933,176.94200134277344,177.70499160260277,177.86700134277345,177.37170190936726,177.0515007019043,176.09711097746396,171.90880035400392,176.5889037384624,1.010444054714739,1.0051892252997543,1.0098191349824002,1.0400281598030978,53.65274968627905,52.836825363734384,51.69814411565049,1.6269784692086944,1.6959784614145696,-0.06899999220587527,185.49722631768634,168.60577508612226,177.0515007019043,0.09540416864358381,0.6029214459074949,0.416844034419688,73226300.0,1.0599798159950728,-0.0031683030189180172,-0.08293073258270478,-0.01389201861667555,-0.08916588523202895,0.03165649721483632,-0.08879410354912431,-0.03478030697150003,-0.2338320327241653,0
2024-05-31,-0.003971091681523098,-0.003978997402597566,0.036500448860993275,-0.0023529309184611344,177.81000061035155,177.82999501208675,178.19100189208984,177.50048371331042,176.95500106811522,176.28595772542496,171.9572003173828,176.64737817346602,1.0015184816364453,0.9993770725802283,1.006357552802401,1.0356065433862087,52.12260062045007,52.20551780066206,51.30690408533932,1.580770124933622,1.6729367941183804,-0.09216666918475847,185.3068905702315,168.60311156599894,176.95500106811522,0.09439563111190499,0.567350074654029,-0.13274945116106496,73976540.0,0.9099452339890457,0.014756744473008343,0.416844034419688,-0.0031683030189180172,-0.08293073258270478,-0.01389201861667555,-0.08916588523202895,-0.03536724832380789,-0.1850000283082428,0
2024-06-03,-0.0100517100545634,-0.010102569596006488,0.0462306098296588,-0.010329599428744122,177.21999816894532,177.31666110343545,178.0740005493164,177.28039454473267,176.71000061035156,176.28634206454,172.0266000366211,176.6333630798451,0.9947522576886276,0.9899816522474907,0.9976231830526396,1.0247833372780961,48.08862826256058,50.56514631860361,50.2992280454075,1.3837598274031393,1.6151014007753322,-0.23134157337219285,184.83498412430447,168.58501709639864,176.71000061035156,0.09195838929194092,0.4741533429884829,0.01863340196628971,73088850.0,0.9381581458731393,-0.003971091681523098,-0.13274945116106496,0.014756744473008343,0.416844034419688,-0.0031683030189180172,-0.08293073258270478,0.03165649721483632,-0.08879410354912431,0
2024-06-04,-0.008622094682395387,-0.008659479988969872,0.021513957858433328,-5.718335567994851e-05,176.8239990234375,176.46777549311062,178.05600128173828,176.82395994977418,176.21050109863282,176.14192894148488,172.10540008544922,176.56029018543788,0.9883839594041514,0.9815451487980015,0.991825136315993,1.0154823973314537,44.66412337465876,49.15279086025885,49.43357906551492,1.092385002578908,1.5105581211360475,-0.41817311855713957,183.47752214337294,168.9434800538927,176.21050109863282,0.08248113477269377,0.4008880793585623,-0.12414666124146656,72921740.0,0.823571955359266,-0.0100517100545634,0.01863340196628971,-0.003971091681523098,-0.13274945116106496,0.014756744473008343,0.416844034419688,-0.01389201861667555,-0.08916588523202895,1
2024-06-05,0.0013159908560766986,0.0013151256990527008,0.022971365792410714,-0.001996042722171355,176.58599853515625,175.9785169954071,176.89600067138673,176.49233086799703,176.07000122070312,176.0331738042006,172.15279998779297,176.49910233502857,0.9910185487620045,0.9892818341613677,0.9939228646942424,1.0165387958395617,45.35113276784337,49.38317450870512,49.571466743126464,0.8699982890009039,1.3824461547090188,-0.5124478657081148,183.31651892224608,168.82348351916016,176.07000122070312,0.08231405294828699,0.42617135120809196,-0.035008816726971204,67190470.0,0.8625300582061712,-0.008622094682395387,-0.12414666124146656,-0.0100517100545634,0.01863340196628971,-0.003971091681523098,-0.13274945116106496,-0.0031683030189180172,-0.08293073258270478,1
2024-06-06,0.01680001395089281,0.016660454613497404,0.0393391025287022,0.019129417074077486,176.41600036621094,176.63234547740683,176.6790008544922,176.75554388134415,176.2310012817383,176.2147765315535,172.1582000732422,176.55560822155317,1.0086386839744226,1.0071372465364608,1.0096975058147448,1.0335842403423379,53.88876340340177,52.35494309011154,51.35198166270301,0.920379283215766,1.2900327804103684,-0.3696534971946024,183.49345373481833,168.96854882865824,176.2310012817383,0.08241969233857614,0.6176600584106521,0.20590884463141323,65347820.0,1.0694618427975102,0.0013159908560766986,-0.035008816726971204,-0.008622094682395387,-0.12414666124146656,-0.0100517100545634,0.01863340196628971,0.014756744473008343,0.416844034419688,0
2024-06-07,-0.0025851787543875737,-0.0025885260992180074,0.02124185464962774,0.007664740857895134,176.2959991455078,176.91489556078426,177.0529998779297,176.88726239883414,176.5065010070801,176.33527359783784,172.11119995117187,176.591858711984,1.0067159583187932,1.0024116837890562,1.0055153476778735,1.0311937618114935,52.39457357158773,51.84207740591035,51.05582577997324,0.9126672270560903,1.2145596697395127,-0.3018924426834224,183.51509490027257,169.4979071138876,176.5065010070801,0.07941456947142532,0.5694500733880827,-0.19520225506889688,63774760.0,0.8819304063237556,0.01680001395089281,0.20590884463141323,0.0013159908560766986,-0.035008816726971204,-0.008622094682395387,-0.12414666124146656,-0.003971091681523098,-0.13274945116106496,0
2024-06-10,-0.020791089307163446,-0.02101026729322036,0.03107203730874601,-0.01289335626456241,175.7959991455078,175.8732614692338,176.50799865722655,176.32412256016116,176.77250061035156,176.09286594910404,172.07119995117188,176.48198163646043,0.9885890130086828,0.9846012339850273,0.983127990417509,1.0099888495892901,41.59990780839579,47.79728407604511,48.69066512639292,0.6018650825788256,1.0920207523073753,-0.4901556697285496,182.88774241098696,170.65725880971615,176.77250061035156,0.06918770486949034,0.2561415049925869,-0.09725859589047181,62293770.0,0.8150831134477814,-0.0025851787543875737,-0.19520225506889688,0.01680001395089281,0.20590884463141323,0.0013159908560766986,-0.035008816726971204,-0.0100517100545634,0.01863340196628971,0
2024-06-11,-0.018010183238054034,-0.01817434057762428,0.04300947017687356,-0.01874421884290264,174.9739990234375,174.135508866859,175.8989990234375,175.29428276051536,176.71100082397462,175.57545049319978,171.98,176.25366877472118,0.9753449347594195,0.9702158887178768,0.9657576657160537,0.9923247102111257,34.55471020419293,44.61734642346874,46.76132971105407,0.1018144856152503,0.8939794989689503,-0.7921650133537,183.0423366656246,170.37966498232464,176.71100082397462,0.07165751777906283,0.02213898352544795,0.2754782903262656,62796300.0,1.031301207236732,-0.020791089307163446,-0.09725859589047181,-0.0025851787543875737,-0.19520225506889688,0.01680001395089281,0.20590884463141323,-0.008622094682395387,-0.12414666124146656,1
2024-06-12,0.03884911216309472,0.03811347747393242,0.06063511990014181,0.03605655881838902,175.43199768066407,175.1870036732836,176.00899810791014,175.65713921971854,176.69800033569337,175.73874028300293,172.1931997680664,176.2943089516393,1.0105909733117833,1.0072780096017437,1.0033503092808904,1.029599272938371,53.86372383460068,51.914947426478165,51.07322193090071,0.2377647345189473,0.7627365460789497,-0.5249718115600024,183.02345676156347,170.37254390982326,176.69800033569337,0.07159624233271354,0.5467944849021718,0.39571877909696895,66356980.0,1.3621686821793277,-0.018010183238054034,0.2754782903262656,-0.020791089307163446,-0.09725859589047181,-0.0025851787543875737,-0.19520225506889688,0.0013159908560766986,-0.035008816726971204,1
2024-06-13,0.029217711832219218,0.028799010597446485,0.05398150949537035,-0.03142416363992303,176.33799743652344,177.61466952242347,176.3769989013672,176.89584140171573,177.12200012207032,176.37981275326007,172.47499969482422,176.53649296219083,1.0347741489260533,1.034545333900047,1.0301938838481217,1.0579504365476966,63.64171161005725,56.714005582472836,54.121514484919906,0.7547888988449358,0.761147016632147,-0.006358117787211182,183.79199617529767,170.45200406884297,177.12200012207032,0.07531527476688916,0.9008998698016558,0.31635014725177957,70493550.0,1.6878721528423521,0.03884911216309472,0.39571877909696895,-0.018010183238054034,0.2754782903262656,-0.020791089307163446,-0.09725859589047181,0.01680001395089281,0.20590884463141323,0
2024-06-14,-0.024442410719736185,-0.024746085007725318,0.051008382176574905,-0.041926848315238366,176.44399719238282,177.74644451722764,176.3699981689453,177.09841469355575,177.28050003051757,176.53506815836255,172.6129995727539,176.59427733649065,1.008875322138308,1.0092986128872081,1.0041149166219228,1.031266445444089,52.471056616900526,51.91016994997741,51.235645401436585,0.7954792168106906,0.7680134566678558,0.02746576014283475,183.87629846720668,170.68470159382846,177.28050003051757,0.07441087356538016,0.555299937022071,-0.31051123637528044,71965910.0,1.1399591834522762,0.029217711832219218,0.31635014725177957,0.03884911216309472,0.39571877909696895,-0.018010183238054034,0.2754782903262656,-0.0025851787543875737,-0.19520225506889688,1
2024-06-17,0.052974598199923895,0.051619109593938894,0.06300681500623409,0.05350721880865322,179.1739990234375,180.97763049195385,177.48499908447266,178.97870337498313,177.77949981689454,177.57363332817624,173.06379974365234,177.0195998896246,1.046133945008882,1.0560892661818455,1.0543398009020253,1.0830688030601916,66.83191779360308,59.685522382710694,56.39726782742044,1.5705451505466215,0.9285197954436091,0.6420253551030124,185.72589567839748,169.8331039553916,177.77949981689454,0.08939608750938541,1.1078543526451359,0.3382314580280894,76087630.0,1.4428902569313828,-0.024442410719736185,-0.31051123637528044,0.029217711832219218,0.31635014725177957,0.03884911216309472,0.39571877909696895,-0.020791089307163446,-0.09725859589047181,0
2024-06-18,-0.013764414198944475,-0.013860022086213656,0.026127890377082595,-0.009112333675434691,182.01399841308594,182.2717538647531,178.4939987182617,180.0480301450501,178.275,178.2675730693358,173.30139984130858,177.32706658455507,1.0156361720641207,1.0356650752283165,1.0369373193681197,1.0666965228187837,60.95331150078993,56.971477871591404,54.73297380870785,1.9540804779131804,1.1336319319375234,0.820448545975657,186.67670259306814,169.87329740693187,178.275,0.09425553322752081,0.8918848910329521,-0.37166635849164875,76980230.0,0.8961041036120573,0.052974598199923895,0.3382314580280894,-0.024442410719736185,-0.31051123637528044,0.029217711832219218,0.31635014725177957,-0.018010183238054034,0.2754782903262656,0
2024-06-20,-0.017797215597047833,-0.017957490517488177,0.030566739152284673,-0.01683986070446894,182.87000122070313,182.03783835124165,179.1509994506836,180.3247532685353,178.02350006103515,178.5820906174199,173.39519989013672,177.49345641748306,0.9928911582664921,1.0135026200297645,1.0199215680062896,1.0471455232858902,53.899885976468596,53.62291783741688,52.652532129715624,1.9698527887463229,1.3008761032992835,0.6689766854470394,185.68155901313176,170.36544110893854,178.02350006103515,0.08603424771977917,0.7315539280493945,-0.18974722501279317,76774160.0,0.7280196878741493,-0.013764414198944475,-0.37166635849164875,0.052974598199923895,0.3382314580280894,-0.024442410719736185,-0.31051123637528044,0.03884911216309472,0.39571877909696895,1
2024-06-21,0.00793075466503601,0.007899471520701,0.01781320476851972,0.0038946321623294067,182.97799987792968,182.36189040310643,179.65799865722656,180.8129789482263,178.1684997558594,179.00379574974525,173.62019989013672,177.7097912445165,1.0001748550586824,1.0186576488364691,1.0271736853462354,1.0540823857053552,56.471953474139,54.87313110510001,53.4654284062832,2.074632319907039,1.4556273466208347,0.6190049732862042,186.08456542833403,170.25243408338474,178.1684997558594,0.08886044035081248,0.8058018308142111,0.10813857166627017,75979190.0,0.8151876849437326,-0.017797215597047833,-0.18974722501279317,-0.013764414198944475,-0.37166635849164875,0.052974598199923895,0.3382314580280894,0.029217711832219218,0.31635014725177957,0
2024-06-24,-0.0023495584322592578,-0.002352322975825913,0.034231569379560324,-0.01292101083351743,183.89200134277343,182.43459421242252,180.16799926757812,181.13425583601327,178.6104995727539,179.34438680510806,173.7797998046875,177.900779894969,0.992865380211545,1.0133875192780175,1.0222243500118753,1.0506399595134635,55.39523541925361,54.401525589061094,53.179161206393026,2.0987806015813817,1.584257997612944,0.5145226039684376,186.4751418534516,170.7458572920562,178.6104995727539,0.08806472519264377,0.7523638149470065,0.0008847657227550876,76553910.0,0.8097835891073363,0.00793075466503601,0.10813857166627017,-0.017797215597047833,-0.18974722501279317,-0.013764414198944475,-0.37166635849164875,-0.024442410719736185,-0.31051123637528044,1
2024-06-25,0.026125557150967316,0.025790114652126835,0.03181215115933401,0.015997897530773686,183.8740020751953,184.0730648427869,181.5240005493164,182.2643922482864,179.0159996032715,180.10682673828973,174.10579986572264,178.27133778550024,1.018904271343911,1.0320949600965654,1.0465545343361131,1.0760698738813264,64.22343796276519,58.64737520856847,55.927755953177076,2.4742956291683527,1.762265523924026,0.7120301052443267,187.7562179325707,170.27578127397229,179.0159996032715,0.09764734268075427,0.9767619175087786,0.014737361696087081,77767020.0,0.8088994537787355,-0.0023495584322592578,0.0008847657227550876,0.00793075466503601,0.10813857166627017,-0.017797215597047833,-0.18974722501279317,0.052974598199923895,0.3382314580280894,1
2024-06-26,0.04814512260377568,0.047022052078927956,0.058053644548298804,0.05269648431892294,186.1760009765625,188.17204160092044,184.09499969482422,184.82904731535933,179.99699935913085,181.65569991723237,174.80359985351564,178.98108905340956,1.0547546090105797,1.0666775058676858,1.0909626039120195,1.1233750064743768,75.09708538063163,65.23882141666547,60.528534344811,3.4598487415688055,2.1017821674529817,1.3580665741158238,191.47512009289352,168.5188786253682,179.99699935913085,0.1275368008870133,1.213226325886946,0.5219145482841778,80864540.0,1.1839194287137478,0.026125557150967316,0.014737361696087081,-0.0023495584322592578,0.0008847657227550876,0.00793075466503601,0.10813857166627017,-0.013764414198944475,-0.37166635849164875,1
2024-06-27,0.0053470646120412635,0.005332819818052439,0.023655142398233065,0.011528411236917311,189.34599914550782,191.25469379026208,186.10800018310547,187.11831110692043,181.05849914550782,183.15706165549076,175.6097998046875,179.7041835285286,1.0426415084547564,1.060781900695888,1.090365816024403,1.1241969319964775,76.08425525635981,65.91982390308763,61.02583250178012,4.276338189982056,2.5366933719587967,1.739644818023259,194.66194212116534,167.4550561698503,181.05849914550782,0.15026572118799125,1.1013734557021828,-0.2401430584381603,79100250.0,0.9196747165780134,0.04814512260377568,0.5219145482841778,0.026125557150967316,0.014737361696087081,-0.0023495584322592578,0.0008847657227550876,-0.017797215597047833,-0.18974722501279317,1
2024-06-28,0.002330091774560339,0.0023273813203096337,0.04012533982960248,-0.00836882056329591,192.32000122070312,193.46313082111223,187.6490005493164,189.07498270253717,182.01299972534179,184.5592467247595,176.4583999633789,180.41696083653974,1.028910168608666,1.0545220294461801,1.0871751203563156,1.1213974790878718,76.55919084295216,66.23194173793375,61.25040865146492,4.904000393805433,3.010154776328124,1.8938456174773086,197.40691939031288,166.6190800603707,182.01299972534179,0.16915187034113574,1.0153659854928347,0.31192703429030955,76745650.0,1.2435636417178042,0.0053470646120412635,-0.2401430584381603,0.04814512260377568,0.5219145482841778,0.026125557150967316,0.014737361696087081,0.00793075466503601,0.10813857166627017,1
2024-07-01,0.060541719385108106,0.05877983360300819,0.05899165914427612,0.04397570465628368,197.7760009765625,198.928754084192,190.83400115966796,192.85407686759433,183.60199966430665,186.96884233291112,177.65700012207031,181.57158984727747,1.0610994234594777,1.0996992115402162,1.1430158767009857,1.1812650245481695,85.38036777034911,73.13296729304463,66.52500360806587,6.295541661176657,3.6672321532978307,2.628309507878826,203.06659512884477,164.13740419976853,183.60199966430665,0.2120303210218484,1.1745067215469098,0.4217739037135064,82110970.0,1.6525368047655509,0.002330091774560339,0.31192703429030955,0.0053470646120412635,-0.2401430584381603,0.04814512260377568,0.5219145482841778,-0.0023495584322592578,0.0008847657227550876,1
2024-07-02,0.10197271435359379,0.09710195030947986,0.05725160342323148,0.0565123813407644,206.55799865722656,209.70583422507332,195.21600036621095,199.83697098382007,186.3504997253418,191.18704730185632,179.3411999511719,183.52015473588762,1.1195886676390643,1.1846364748432971,1.2409947644234136,1.2894973077563865,91.80631349707082,80.71478955533884,73.33328869625385,9.021158501586768,4.738017422955618,4.28314107863115,214.49685425453964,158.20414519614394,186.3504997253418,0.30207973223234913,1.2977852821918183,0.5111340880851698,91637150.0,2.2376066911727395,0.060541719385108106,0.4217739037135064,0.002330091774560339,0.31192703429030955,0.0053470646120412635,-0.2401430584381603,0.026125557150967316,0.014737361696087081,1
2024-07-03,0.06542422054051067,0.06337304899541438,0.05722637338546139,0.050434865084356593,216.56199951171874,221.9338892799317,201.36900024414064,208.30115796669796,189.93149948120117,196.44447131021747,181.4279998779297,185.9856388399567,1.1377342282818903,1.2235746271319028,1.2972571693619221,1.3580593930122538,93.98652388353594,84.125624128924,76.83138656132839,12.260760022456225,6.242565942855739,6.018194079600486,227.8135501817461,152.04944878065623,189.93149948120117,0.39890224427248716,1.2451880094183378,-0.18769468012108392,101395070.0,1.6426982100806282,0.10197271435359379,0.5111340880851698,0.060541719385108106,0.4217739037135064,0.002330091774560339,0.31192703429030955,0.04814512260377568,0.5219145482841778,1
2024-07-05,0.02082067005771515,0.02060688228437311,0.03940039851695153,0.006845229296582094,227.3820007324219,231.7959276107748,208.36399993896484,216.1591300222912,193.75749969482422,201.68976016376448,183.56480010986328,188.55561395495687,1.1061561753449611,1.2071183330428366,1.298117516321252,1.3701973587633716,94.55919791380963,85.08860558801373,77.86511798200308,15.068416759971967,8.007736106278985,7.060680653692982,239.47987391000763,148.0351254796408,193.75749969482422,0.47195462665649557,1.1316656294551635,-0.07240748912563832,111255880.0,1.388701433128748,0.06542422054051067,-0.18769468012108392,0.10197271435359379,0.5111340880851698,0.060541719385108106,0.4217739037135064,0.0053470646120412635,-0.2401430584381603,1
2024-07-08,0.005645666924397386,0.005629789876539415,0.05878862565691698,0.021113380912303206,238.3940002441406,238.84395255431863,215.35700073242188,222.84656137122118,197.50749969482422,206.57073561877797,185.38100006103517,191.08049193481762,1.0610166454792025,1.1745148826421516,1.2806602424324784,1.364433261003705,94.72153086372154,85.35346226764297,78.1484845047971,17.209704180220996,9.848129721067387,7.3615744591536085,249.32217508964584,145.6928243000026,197.50749969482422,0.5246856496576818,1.0349112227780353,0.017594685348722106,120784110.0,1.301657974712071,0.02082067005771515,-0.07240748912563832,0.06542422054051067,-0.18769468012108392,0.10197271435359379,0.5111340880851698,0.002330091774560339,0.31192703429030955,1
2024-07-09,0.03712336538398886,0.0364508858978897,0.05836154112555925,0.045139388734126,248.88799743652345,246.67263056030097,223.33199920654297,230.02536595322925,201.74999923706054,211.88114047149108,187.22399993896485,193.87458976373713,1.0540081855058938,1.1746188969976323,1.3002725529828743,1.4011557634586664,95.70918965711255,86.99806975003409,79.93224481638515,19.44028759763313,11.766561296380537,7.673726301252593,259.82698396225544,143.67301451186563,201.74999923706054,0.5757321927615298,1.0215490062186745,0.01902625372409039,130605990.0,1.226673447366388,0.005645666924397386,0.017594685348722106,0.02082067005771515,-0.07240748912563832,0.06542422054051067,-0.18769468012108392,0.060541719385108106,0.4217739037135064,1
2024-07-10,0.003545241645880992,0.0035389720904070512,0.036959700012890506,0.0017504642086157583,255.28800048828126,252.20175696207565,230.9229995727539,236.06802846457393,206.22350006103517,216.77436611855146,189.1234002685547,196.5955866265563,1.0312275126997585,1.1400337352827565,1.276576188881039,1.3920012509916622,95.79999767365815,87.15194832863183,80.10117242847508,21.040543833564357,13.6213578038173,7.419186029747056,268.6192628079698,143.82773731410052,206.22350006103517,0.6051275701214227,0.9570543510776452,-0.1978111351974179,137167360.0,0.9369532226908792,0.03712336538398886,0.01902625372409039,0.005645666924397386,0.017594685348722106,0.02082067005771515,-0.07240748912563832,0.10197271435359379,0.5111340880851698,0
2024-07-11,-0.08444127539962887,-0.08822077208547265,0.13006682264568145,-0.08458028881939272,254.21600036621095,248.47783756781607,235.38899993896484,236.97020488543262,209.74199981689452,219.08442637195577,190.06300018310546,198.33811259333046,0.9481307173115816,1.023964581360194,1.1491737419768902,1.2681584450792114,60.24510745842912,66.80102773875865,66.12992786687145,20.281193354731414,14.953324914000124,5.32786844073129,271.6536938821147,147.83030575167433,209.74199981689452,0.5903604821091559,0.7526824652015044,0.7250881968014167,149764380.0,1.4803740382058805,0.003545241645880992,-0.1978111351974179,0.03712336538398886,0.01902625372409039,0.005645666924397386,0.017594685348722106,0.06542422054051067,-0.18769468012108392,1
2024-07-12,0.029871787680814776,0.029434316513726216,0.07553478758699363,0.05271413280284344,253.55799865722656,248.39522362105708,240.46999969482422,239.0174395839974,213.28899993896485,221.86019488201134,191.3620001220703,200.2946570299661,0.9789870445503469,1.032270121190015,1.1638199616415896,1.2971749645655486,65.13464080065492,69.30139028645944,68.02649575504077,20.029494663713763,15.968558863942853,4.06093579977091,275.485234895999,151.0927649819307,213.28899993896485,0.5832109014045012,0.7808931747453189,-0.2965689447302817,158085310.0,0.9865293618995972,-0.08444127539962887,0.7250881968014167,0.003545241645880992,-0.1978111351974179,0.03712336538398886,0.01902625372409039,0.02082067005771515,-0.07240748912563832,1
2024-07-15,0.01776579679334911,0.017609829570940913,0.05490029452772737,-0.013009344123038405,253.497998046875,249.81014887725422,245.9459991455078,241.4942686395703,216.7974998474121,224.79160483511964,192.815,202.3474155538752,0.9966153631829948,1.027217357742747,1.1653270889538083,1.3102715006075691,67.9513379784336,70.75427788215323,69.13790402928251,19.95583364905383,16.76601382096505,3.1898198280887797,279.5579288736273,154.0370708211969,216.7974998474121,0.578977424281993,0.7855501475879397,-0.057983736417626,163232790.0,0.9000207617599381,0.029871787680814776,-0.2965689447302817,-0.08444127539962887,0.7250881968014167,0.003545241645880992,-0.1978111351974179,0.005645666924397386,0.017594685348722106,1
2024-07-16,0.015516142251486675,0.015396997777534727,0.049968787758901616,0.004896008820465891,252.34400024414063,252.06009843770073,250.61599884033203,244.23349207939273,220.725,227.8171660468791,194.34600006103517,204.4733991619034,1.016707341210309,1.0237175549277229,1.1623513311070053,1.320119773383656,70.42880874465651,72.02182549155711,70.10769688282754,19.98341152683949,17.40949336213994,2.573918164699549,283.1148032734323,158.3351967265677,220.725,0.5653170531061937,0.7871863323686221,-0.14008572426247112,162296900.0,0.7784036540439158,0.01776579679334911,-0.057983736417626,0.029871787680814776,-0.2965689447302817,-0.08444127539962887,0.7250881968014167,0.03712336538398886,0.01902625372409039,0
2024-07-17,-0.031415644041518975,-0.031919700332288976,0.049456774828659456,-0.016737212832066438,249.39199829101562,250.8733989584672,252.33999938964843,245.0092207922304,223.7779998779297,229.78695975670013,195.69220001220702,206.19993252810326,0.9964233082972664,0.9847824387772985,1.1104755612059993,1.2698513276691605,59.411725371550745,65.71514099907466,65.65368842912567,19.13432417254623,17.754459524221197,1.3798646483250323,285.32404956419236,162.231950191667,223.7779998779297,0.5500634532423732,0.7008414857500461,-0.08507470365899517,153350590.0,0.7537290857505015,0.015516142251486675,-0.14008572426247112,0.01776579679334911,-0.057983736417626,0.029871787680814776,-0.2965689447302817,0.003545241645880992,-0.1978111351974179,1
2024-07-18,0.002937608561525362,0.002933302220995548,0.03988291084778514,-0.00740770495630805,251.03199768066406,250.32559788149115,252.6239990234375,245.77663441683197,226.99649963378906,231.63867746820858,196.9816000366211,207.8873859869047,0.9928216244551529,0.9865650005184837,1.09794642705777,1.2652450568032974,60.07170309573096,66.00548703089939,65.85995277382983,18.309263093487175,17.865420238074393,0.44384285541278246,286.77207955082133,167.22091971675675,226.99649963378906,0.5266652130184172,0.6859747418980278,-0.04079948228486796,147781340.0,0.750223269054131,-0.031415644041518975,-0.08507470365899517,0.015516142251486675,-0.14008572426247112,0.01776579679334911,-0.057983736417626,-0.08444127539962887,0.7250881968014167,0
2024-07-19,-0.040243947162209914,-0.04107613843938729,0.052717394528563055,-0.03466643759084904,249.2259979248047,246.61706423707483,251.39199829101562,244.58088214981564,229.87799911499025,232.3588031329737,198.20940002441407,209.1153315148003,0.9597714481633353,0.9515020309888313,1.0405519356751878,1.2068045053301164,47.651411135618595,58.655485850759995,60.60885620417723,16.65408128455411,17.623152447370337,-0.9690711628162276,286.06500496160345,173.690993268377,229.87799911499025,0.48884196019565307,0.5829551040564467,-0.2116470789851086,141071610.0,0.6195711525515304,0.002937608561525362,-0.04079948228486796,-0.031415644041518975,-0.08507470365899517,0.015516142251486675,-0.14008572426247112,0.029871787680814776,-0.2965689447302817,1
2024-07-22,0.05146320115237035,0.05018271902171053,0.037612846091530046,0.02989225499478367,248.9999969482422,248.24804099366187,251.2489974975586,245.84072076018296,233.30299911499023,234.18272612096058,199.74519989013672,210.77786731840956,1.010080311603841,1.001038798211642,1.078040125763115,1.2591541355946012,59.609142861444234,63.95987552729493,64.2791188164722,16.149490427134793,17.32842004332323,-1.1789296161884373,285.8798362178811,180.72616201209934,233.30299911499023,0.45071719868441856,0.6731465450861499,0.15813367595725136,135472190.0,0.7472042786050775,-0.040243947162209914,-0.2116470789851086,0.002937608561525362,-0.04079948228486796,-0.031415644041518975,-0.08507470365899517,0.01776579679334911,-0.057983736417626,0
2024-07-23,-0.020396762498772203,-0.02060764898795659,0.04111530734339273,-0.028470035674037136,246.96399841308593,247.62536229004542,249.65399932861328,245.93877241884286,236.4929992675781,235.34437171732742,201.2333999633789,212.17402957583715,0.9976353090570853,0.9868858722287428,1.0418067581106187,1.2243494615091208,53.650801875535706,60.47765952204241,61.761086527307015,15.160885991318537,16.894913232922292,-1.734027241603755,283.8560283211236,189.12997021403265,236.4929992675781,0.4005448719431812,0.6043747181378202,0.10573235571309181,130643920.0,0.8567425104819267,0.05146320115237035,0.15813367595725136,-0.040243947162209914,-0.2116470789851086,0.002937608561525362,-0.04079948228486796,0.015516142251486675,-0.14008572426247112,0
2024-07-24,-0.12334604589403697,-0.13164294360339135,0.0522246330497634,-0.04183299065025172,240.46199951171874,237.08024335775164,244.9269989013672,240.49354206871942,237.92499923706055,233.50109874359757,202.18380004882812,212.32367569024214,0.8982292667105513,0.88185461979283,0.9078071080624815,1.0682854187180264,31.730384902221843,44.88691796949372,49.66051007228034,11.789291271304563,15.873788840598747,-4.084497569294184,280.77499131167724,195.07500716244385,237.92499923706055,0.3601974757761574,0.24404903382829038,0.5004520755269897,134586270.0,1.2478457126421587,-0.020396762498772203,0.10573235571309181,0.05146320115237035,0.15813367595725136,-0.040243947162209914,-0.2116470789851086,-0.031415644041518975,-0.08507470365899517,1
2024-07-25,0.01972310939623889,0.01953112906763447,0.04435870271264898,0.015913269832466524,234.66600036621094,231.4701622385011,242.8489990234375,236.81289805622498,239.11899948120117,232.23908933944543,203.15100006103515,212.6345119376836,0.9385680058307814,0.9069421775905427,0.9210895013690261,1.0841689183603702,36.00635425551423,46.95138923657561,51.07148979179693,9.35320618042806,14.569672308564611,-5.216466128136551,278.45774273245627,199.78025622994608,239.11899948120117,0.3290306779185716,0.26017282300192496,-0.40076954726874436,122479190.0,0.8216620309131698,-0.12334604589403697,0.5004520755269897,-0.020396762498772203,0.10573235571309181,0.05146320115237035,0.15813367595725136,0.002937608561525362,-0.04079948228486796,0
2024-07-26,-0.0020431189477511102,-0.0020452089625195087,0.031619639907855795,-0.006284187234080128,230.78600158691407,227.58010917625336,240.00599975585936,233.71964441904913,240.2379997253418,231.05441445490374,203.99600006103515,212.91551158921592,0.9523974657924869,0.9158104517193085,0.9149260454343182,1.0774721219337347,35.73055429342439,46.75216549651106,50.91320752991388,7.3021060685661325,13.116159060564916,-5.814052991998784,275.86680067236904,204.60919877831458,240.2379997253418,0.29661253413498917,0.21318152547469765,-0.05994246620262034,116344020.0,0.8131410621706212,0.01972310939623889,-0.40076954726874436,-0.12334604589403697,0.5004520755269897,-0.020396762498772203,0.10573235571309181,-0.040243947162209914,-0.2116470789851086,1
2024-07-29,0.055959976710561854,0.054450283723543685,0.04123225796017673,0.032014283692445224,226.90400390625,229.0867414853408,237.9520004272461,233.42516472531577,241.94899978637696,231.15399461191438,205.1582000732422,213.66784470742377,1.0228995615229974,0.9754068286325681,0.959293100233697,1.1313221017763615,48.34737402579074,52.66451146728187,54.922760735653576,6.593100742107225,11.81154739687338,-5.218446654766154,272.15010596991385,211.74789360284007,241.94899978637696,0.24964853097307477,0.33694316322376666,0.36571036561840353,114572910.0,1.1276819276040033,-0.0020431189477511102,-0.05994246620262034,0.01972310939623889,-0.40076954726874436,-0.12334604589403697,0.5004520755269897,0.05146320115237035,0.15813367595725136,0
2024-07-30,-0.04084450985365373,-0.04170207944562914,0.05574523373597565,-0.04146396074407965,222.152001953125,226.93115936262305,234.55800018310546,231.46058843292877,242.58699951171874,230.34123275527372,206.11380004882812,214.0189094293753,1.0021066349163996,0.9491042511592073,0.9176913666654808,1.080082920524725,41.093515929395735,48.220474400327554,51.51728923699401,5.206236994637663,10.490485316426238,-5.284248321788574,270.5022274489512,214.67177157448626,242.58699951171874,0.23014611659668893,0.14236357948738343,-0.2216803481066053,111995690.0,0.897894374328155,0.055959976710561854,0.36571036561840353,-0.0020431189477511102,-0.05994246620262034,0.01972310939623889,-0.40076954726874436,-0.020396762498772203,0.10573235571309181,1
2024-07-31,0.04244907202543402,0.04157282172336867,0.0339983588599863,0.018297558312478316,225.36800231933594,228.64410868315497,232.91500091552734,231.57139186770877,242.62750015258788,230.5058779523161,207.20600006103516,214.72679562132996,1.0297380503705507,0.9963720945925031,0.9564868251878721,1.1199965602147601,49.84498304155427,52.521434502631465,54.472008414225414,4.814179625020017,9.355224178144995,-4.541044553124978,270.4791537128033,214.77584659237246,242.62750015258788,0.22958365018556898,0.3104691916129186,-0.3287907852303543,107186910.0,0.6297130871670804,-0.04084450985365373,-0.2216803481066053,0.055959976710561854,0.36571036561840353,-0.0020431189477511102,-0.05994246620262034,-0.12334604589403697,0.5004520755269897,0
2024-08-01,-0.06554059651757449,-0.06778709499652093,0.08088164362614855,-0.04756467879542353,224.69000244140625,224.71607265888719,229.6780014038086,228.89659345728018,241.15100021362304,229.2062705864147,208.04420013427733,214.81045071893865,0.9651519794117384,0.9441914301103611,0.8992705832372524,1.0423746514941743,38.972673899477726,45.911321820533246,49.385549481863634,3.2388158554097117,8.13194251359794,-4.893126658188228,271.10022264408457,211.2017777831615,241.15100021362304,0.24838563724745977,0.09446360152300727,0.24245373868468234,104486200.0,0.8026122109905423,0.04244907202543402,-0.3287907852303543,-0.04084450985365373,-0.2216803481066053,0.055959976710561854,0.36571036561840353,0.01972310939623889,-0.40076954726874436,0
2024-08-02,-0.042377581921705376,-0.043301714320780345,0.049838716207314684,-0.03355364180021894,222.26400146484374,219.03404782890658,226.5250015258789,225.03721249576472,238.95849990844727,227.15519702284618,208.46559997558595,214.5304329718801,0.9343393298072751,0.916764139808296,0.8690630308129252,0.9961835343254052,33.778943390580736,42.436128685275285,46.62355348332911,1.234541301495625,6.752462271177477,-5.517920969681852,271.8282419881348,206.08875782875978,238.95849990844727,0.27510837314664227,0.024053129719607522,-0.011707342666932186,104033820.0,0.7966649691417657,-0.06554059651757449,0.24245373868468234,0.04244907202543402,-0.3287907852303543,-0.04084450985365373,-0.2216803481066053,-0.0020431189477511102,-0.05994246620262034,0
2024-08-05,-0.04232673647438423,-0.04324862022379944,0.11001611195507066,0.07375015426024366,215.62000122070313,212.3160335135419,221.26200256347656,220.28135656613702,236.25550003051757,224.4623215809382,208.84100006103515,213.91669069387743,0.9223634345463342,0.8988439161656642,0.8418005289067251,0.9523034501112737,29.405991133023036,39.36677728487445,44.14408879727461,-1.051024167290933,5.191764983483795,-6.242789150774728,272.77064457511665,199.7403554859185,236.25550003051757,0.30911572039493124,-0.011780736648258284,0.21028811499986122,103942160.0,0.9650444054655012,-0.042377581921705376,-0.011707342666932186,-0.06554059651757449,0.24245373868468234,0.04244907202543402,-0.3287907852303543,0.055959976710561854,0.36571036561840353,1
2024-08-06,0.008849529684359148,0.008810602088580683,0.05098682096620289,-0.0005479482458359278,211.2240020751953,208.42402213891074,216.68800201416016,216.71020071586636,233.1710006713867,222.19352899129157,209.37899993896485,213.39603613292726,0.9498920454987924,0.9259395883697197,0.8604843604561917,0.9582622872787439,31.478169752881684,40.29790209607268,44.761685604194405,-2.6893334580479973,3.6155452951774367,-6.3048787532254345,270.76110899024945,195.58089235252396,233.1710006713867,0.3224252433675434,0.06729306276813538,-0.264432432647983,100127730.0,0.7368977604905255,-0.04232673647438423,0.21028811499986122,-0.042377581921705376,-0.011707342666932186,-0.06554059651757449,0.24245373868468234,-0.04084450985365373,-0.2216803481066053,0
2024-08-07,-0.044258397676563366,-0.04526769292244102,0.06263042401785666,-0.044877270378485906,203.16199951171876,202.8693462615525,214.26500091552734,212.17379958695173,229.59599990844725,219.29509713562913,209.62939971923828,212.54756391229625,0.9438772751189372,0.8949664839683087,0.8352061646688155,0.9147571607974108,26.8405108569159,37.19433841459235,42.28477077713799,-4.650637896352123,1.962308656871525,-6.612946553223647,268.6318592465126,190.56014057038192,229.59599990844725,0.34003954209682324,0.015368611794386661,-0.03556466925711432,90449420.0,0.7867358353431122,0.008849529684359148,-0.264432432647983,-0.04232673647438423,0.21028811499986122,-0.042377581921705376,-0.011707342666932186,0.04244907202543402,-0.3287907852303543,1
2024-08-08,0.036921162045623124,0.036255901329012616,0.04355262432912819,0.016044963917290656,199.55799865722656,201.5262296203319,212.1240005493164,209.74947172348607,227.48649978637695,217.34699229774927,210.0711996459961,212.01001224271172,0.9964020368806703,0.9373762319349743,0.8740738308629872,0.9465362061670907,35.65810548405254,41.0899232029031,44.84004777881142,-5.569487234468085,0.45594947860360313,-6.025436713071688,268.3403543938906,186.63264517886333,227.48649978637695,0.35917607986300537,0.14940268520931904,-0.08608652638146819,86889160.0,0.7484696595064333,-0.044258397676563366,-0.03556466925711432,0.008849529684359148,-0.264432432647983,-0.04232673647438423,0.21028811499986122,-0.06554059651757449,0.24245373868468234,1
2024-08-09,0.005833854775063374,0.00581690373893266,0.028850021362304686,0.01497080386985496,198.0239990234375,201.0174864135546,210.1440002441406,207.97684050103405,225.075,215.6948977932017,210.54739959716798,211.53903137044853,1.0099785934346706,0.9517283375573152,0.8885926913251139,0.9499048688449826,37.10705800655252,41.72766802100804,45.257004909536825,-6.13337759488104,-0.8619159360933255,-5.2714616587877146,266.4370492812212,183.71295071877876,225.075,0.3675401468952237,0.19688397412910244,-0.0981887907691219,83293580.0,0.7041154912539478,0.036921162045623124,-0.08608652638146819,-0.044258397676563366,-0.03556466925711432,0.008849529684359148,-0.264432432647983,-0.042377581921705376,-0.011707342666932186,0
2024-08-12,-0.012549972534179665,-0.012629388585244743,0.02324166393346677,-0.007687663282341644,197.74599914550782,199.8416594400911,206.68300018310546,206.07014322687587,222.31750030517577,213.96109852653146,210.92139984130858,210.98808917918248,0.9987054420648208,0.9555212829221702,0.8883241545180611,0.9363203811550183,35.111041086996835,40.70092969588345,44.492886235981764,-6.705503477859537,-2.030633444446568,-4.674870033412969,263.31292015413595,181.3220804562156,222.31750030517577,0.36880065485340263,0.1971918460222644,0.09201630737804845,76777890.0,0.8341581150510908,0.005833854775063374,-0.0981887907691219,0.036921162045623124,-0.08608652638146819,-0.044258397676563366,-0.03556466925711432,-0.04232673647438423,0.21028811499986122,1
2024-08-13,0.05235706137163754,0.05103246867853809,0.05499691013745832,0.04716078275196376,199.18399963378906,202.50444023707897,205.2040008544922,206.39011751854474,219.88100051879883,213.37718455553366,211.51639984130858,210.8642426165108,1.043407112083108,1.0127970262062511,0.9451930878097227,0.982571573584745,48.44045794505842,46.53700927991778,48.27076464321649,-6.252491245513994,-2.8750050046600535,-3.3774862408539406,258.14777621958035,181.61422481801733,219.88100051879883,0.3480680514504924,0.3425396644079156,0.1905303935207956,74346600.0,1.0255667374163715,-0.012549972534179665,0.09201630737804845,0.005833854775063374,-0.0981887907691219,0.036921162045623124,-0.08608652638146819,0.008849529684359148,-0.264432432647983,0
2024-08-14,-0.0310349655555765,-0.03152675190710158,0.048117996853982985,-0.028979191496810032,201.10800170898438,202.12962845232352,202.13500061035157,205.4791879484116,217.52500076293944,212.2345960152745,212.01820007324218,210.49231172499321,1.0013525228808238,0.9962648936341587,0.9257786653327178,0.9498241415748521,42.14064775510544,43.65103987468548,46.210747896826874,-6.340843341450437,-3.56817267201813,-2.772670669432307,254.2236536643613,180.82634786151758,217.52500076293944,0.3374200921522245,0.28003285401926276,-0.07865710830795547,74621900.0,0.9414126415971719,0.05235706137163754,0.1905303935207956,-0.012549972534179665,0.09201630737804845,0.005833854775063374,-0.0981887907691219,-0.044258397676563366,-0.03556466925711432,1
2024-08-15,0.06336276788880446,0.061436309145650216,0.05164844302847416,0.04448344028452707,204.16800231933593,206.13308543143182,201.86300048828124,207.05388093772737,215.77050094604493,212.41606300331011,212.80559997558595,210.63535830007774,1.04884211510634,1.0608184703074395,0.9924433527787739,1.0062705089255901,55.49838187902288,50.22704763505736,50.5907573408359,-5.319913446365888,-3.918520826887682,-1.401392619478206,249.47106996301386,182.069931929076,215.77050094604493,0.31237420193408194,0.475808990709096,0.27898220640569393,75220560.0,1.194467310533184,-0.0310349655555765,-0.07865710830795547,0.05235706137163754,0.1905303935207956,-0.012549972534179665,0.09201630737804845,0.036921162045623124,-0.08608652638146819,1
2024-08-16,0.009246267550119258,0.00920378250292453,0.0416435323123152,0.023537775819873586,207.39200134277343,209.46205532668375,202.70800018310547,208.70226533399284,214.6165008544922,212.768818442727,213.62799987792968,210.85044209682715,1.0420845245617194,1.06616411252623,1.0070054923862293,1.0116651152502565,57.28369131035855,51.17914258728832,51.23770146814003,-4.301465425554483,-3.995109746621042,-0.3063556789334405,246.56392109265863,182.66908061632574,214.6165008544922,0.297716346235898,0.5235307616622381,-0.01205807553826721,75809060.0,1.1709035832920234,0.06336276788880446,0.27898220640569393,-0.0310349655555765,-0.07865710830795547,0.05235706137163754,0.1905303935207956,0.005833854775063374,-0.0981887907691219,1
2024-08-19,0.030538618603692225,0.0300815962441386,0.03991558612124352,0.02602844108281374,212.43800048828126,213.88137062469022,205.09199981689454,211.25094458612196,213.17700119018554,213.71655013586758,214.52359985351563,211.3159150036458,1.048400007102256,1.0859516773913502,1.0447656171971564,1.038207457700618,63.04863484805769,54.31614175117984,53.37444301136419,-2.9280203021248496,-3.7816918577218037,0.8536715555969541,240.622517975296,185.73148440507507,213.17700119018554,0.2574904106154021,0.6738535314389632,-0.13890481732122195,73421700.0,1.0410437241306045,0.009246267550119258,-0.01205807553826721,0.06336276788880446,0.27898220640569393,-0.0310349655555765,-0.07865710830795547,-0.012549972534179665,0.09201630737804845,0
2024-08-20,-0.007273684933137958,-0.007300267158314731,0.03916781285865227,-0.016808958988001957,215.09200134277344,216.28758245096537,207.13800048828125,213.0416830438299,211.9130012512207,214.41973641850072,215.39600006103515,211.69960485069953,1.027932255607998,1.067404366086001,1.0433527192671102,1.0264814854540667,60.70265027128964,53.40899518764841,52.77839306199095,-1.9478219349727226,-3.4149178731719876,1.467095938199265,235.12792142656863,188.69808107587275,211.9130012512207,0.21909859270811696,0.6978685427928084,-0.0318439671774261,73443430.0,1.007594552705395,0.030538618603692225,-0.13890481732122195,0.009246267550119258,-0.01205807553826721,0.06336276788880446,0.27898220640569393,0.05235706137163754,0.1905303935207956,1
2024-08-21,0.009814554993405888,0.00976670507756732,0.025977529183364687,0.0026945978733083982,219.47000122070312,218.6150563914639,210.28900146484375,214.90137781267188,212.27700119018556,215.26261907125883,216.3856002807617,212.1533460044941,1.0173144531399372,1.0617293473134275,1.051786123888317,1.0318154442013086,62.86217594207563,54.50507417768879,53.508618092758276,-0.9845575832998179,-2.928845815197554,1.944288231897736,235.9597891538658,188.5942132265053,212.27700119018556,0.2231309829222819,0.7320884496186464,-0.052096452489959644,73342050.0,0.9564226797587468,-0.007273684933137958,-0.0318439671774261,0.030538618603692225,-0.13890481732122195,0.009246267550119258,-0.01205807553826721,-0.0310349655555765,-0.07865710830795547,0
2024-08-22,-0.056478704568676985,-0.05813634375381778,0.06873633093999383,-0.05879726222618785,218.7740020751953,215.96337214834574,211.47100219726562,214.13021887620596,211.79750137329103,214.82427474657794,217.18560028076172,212.0947835596947,0.9629115053154393,0.996164965755448,0.9946293147756412,0.9699538247000882,45.79917846081778,47.510380380159226,48.89515723652468,-1.2245692358542044,-2.587990499328884,1.3634212634746796,235.2018590793237,188.39314366725836,211.79750137329103,0.2210069293006693,0.4756990188436478,0.13355715222535847,74790110.0,1.0631686462287593,0.009814554993405888,-0.052096452489959644,-0.007273684933137958,-0.0318439671774261,0.030538618603692225,-0.13890481732122195,0.06336276788880446,0.27898220640569393,1
2024-08-23,0.04585589810206048,0.044835591431516886,0.03299740728028162,0.027324444777109342,219.61400451660157,217.41558387363676,213.5030029296875,215.25563495766283,211.82350158691406,215.34767784921038,218.04620056152345,212.4173413543819,1.0032147440194954,1.031929313878439,1.0401112514600674,1.0104280962329988,56.38080708837499,52.53551198201857,52.20949101832239,-0.628058765683221,-2.196004152599752,1.5679453869165307,235.26448856488588,188.38251460894224,211.82350158691406,0.22132564897057622,0.6812318258034336,0.025287211766407358,77077800.0,1.057700141934513,-0.056478704568676985,0.13355715222535847,0.009814554993405888,-0.052096452489959644,-0.007273684933137958,-0.0318439671774261,0.009246267550119258,-0.01205807553826721,0
2024-08-26,-0.0322712435275504,-0.032803441227522996,0.03789691654528316,-0.02532568359375,217.71200561523438,216.01372482038025,215.07500305175782,214.8837025497,210.87900161743164,215.14409012203484,218.66100067138672,212.44842627044017,0.9793213107901655,0.9913286234502955,1.0110537563178734,0.975071028026111,48.28599186734712,48.83008289607534,49.717616696274035,-0.720729428731886,-1.9009492078261787,1.1802197790942928,232.42125549076383,189.33674774409945,210.87900161743164,0.20430914133796302,0.5541030922331013,-0.27260282710131345,76603430.0,0.77413243767283,0.04585589810206048,0.025287211766407358,-0.056478704568676985,0.13355715222535847,0.009814554993405888,-0.052096452489959644,0.030538618603692225,-0.13890481732122195,0
2024-08-27,-0.018760845523390857,-0.018939062709292416,0.04168061249875737,-0.018944868868149178,215.3340057373047,213.7458187848759,215.21300354003907,213.85212148863945,210.20850219726563,214.57893932125697,219.28500091552735,212.32142942508437,0.9715604648579823,0.9721067187975235,0.9952499757480722,0.9540552515694348,44.127620221370385,46.82895414168452,48.35431625745076,-1.1042095273742234,-1.7416012717357878,0.6373917443615644,231.07132432608333,189.34568006844793,210.20850219726563,0.19849646337558158,0.4760699804361744,0.05936136199604736,75260830.0,0.8347157478863839,-0.0322712435275504,-0.27260282710131345,0.04585589810206048,0.025287211766407358,-0.056478704568676985,0.13355715222535847,-0.007273684933137958,-0.0318439671774261,0
2024-08-28,-0.01653843794670573,-0.01667672472989858,0.04495747266099635,-0.018930007617753222,211.8300048828125,211.08054585658397,215.6500030517578,212.379008490705,208.8925018310547,213.73808795732774,219.6512008666992,212.0637263103752,0.9712977163637605,0.9540922656542614,0.9849563684502365,0.9367123839439626,40.59917714602988,45.10695582390395,47.179312831040136,-1.668085245338375,-1.7268980664563054,0.0588128211179304,227.24244696472363,190.54255669738575,208.8925018310547,0.17568792534745709,0.4143729910862582,0.02061399459419877,74647470.0,0.858922613184345,-0.018760845523390857,0.05936136199604736,-0.0322712435275504,-0.27260282710131345,0.04585589810206048,0.025287211766407358,0.009814554993405888,-0.052096452489959644,1
2024-08-29,0.002575935743848623,0.0025726237078790366,0.04324218645400031,-0.01677790381915557,210.95400390625,209.48036349748827,214.86400299072267,211.27009763408532,208.36350173950194,213.02779374989623,220.07960083007814,211.83691346601918,0.9778434870142105,0.9600491283232937,0.9900006337827347,0.937297223374029,41.43602759464747,45.43792818517404,47.38494975687034,-2.048579591886778,-1.7912343715424,-0.257345220344378,226.37099876437128,190.3560047146326,208.36350173950194,0.1728469417583746,0.44214901278818386,-0.0281924749362098,71893500.0,0.8666819670763004,-0.01653843794670573,0.02061399459419877,-0.018760845523390857,0.05936136199604736,-0.0322712435275504,-0.27260282710131345,-0.056478704568676985,0.13355715222535847,1
2024-08-30,0.03795812428442069,0.03725544123667223,0.03521558322090509,0.026266575273375354,209.71200256347657,211.02357586844272,214.66300354003906,211.78644362977008,208.68550186157228,213.13086106993958,220.73040069580077,211.92605413834593,1.0209716086495515,0.9974238554358793,1.0259936540890011,0.9700068496927476,52.87825428055942,50.21382416068198,50.38147017593365,-1.6987265310996804,-1.772732803453856,0.07400627235417567,226.8614055034902,190.50959821965435,208.68550186157228,0.17419421550400355,0.6492222575462249,0.017040931618005795,69354050.0,0.9137260188842613,0.002575935743848623,-0.0281924749362098,-0.01653843794670573,0.02061399459419877,-0.018760845523390857,0.05936136199604736,0.04585589810206048,0.025287211766407358,0
2024-09-03,-0.016393416920415627,-0.016529275820300126,0.04871792122262746,-0.021648186018012404,209.19000244140625,210.88238594680035,213.4510040283203,211.5707277159056,209.27150192260743,212.88982726361348,221.28220092773438,211.87405225462712,1.006740301379863,0.9866433145265204,1.0063482326485118,0.9517259193037975,47.97600425661731,48.17799205900707,49.066174703794225,-1.6852659850898704,-1.7552394397810591,0.06997345469118876,226.89232483223748,191.65067901297738,209.27150192260743,0.16840155250710212,0.5376969959837162,0.21056452045585816,69381950.0,1.1056795030984283,0.03795812428442069,0.017040931618005795,0.002575935743848623,-0.0281924749362098,-0.01653843794670573,0.02061399459419877,-0.0322712435275504,-0.27260282710131345,1
2024-09-04,0.04183284569452206,0.040981513663141275,0.05309691309437889,0.04188236610283753,211.2300018310547,213.7249251852367,213.2820037841797,212.99605061521538,210.21000213623046,213.5107964444226,222.01880096435548,212.1695797608029,1.0387255681491552,1.0287319125345926,1.04376576486554,0.988249655925919,59.08383815890075,53.29627421010851,52.34500943600931,-0.9527228348514427,-1.5947361187951359,0.6420132839436932,227.89127883554556,192.52872543691535,210.21000213623046,0.16822488482595066,0.7601622519214148,0.051328176530551106,70047010.0,1.1513953272238173,-0.016393416920415627,0.21056452045585816,0.03795812428442069,0.017040931618005795,0.002575935743848623,-0.0281924749362098,-0.018760845523390857,0.05936136199604736,1
2024-09-05,0.04904058305110959,0.047876016035803666,0.05539383977681344,0.029889447006996347,216.11400146484374,219.20661617980625,213.9720031738281,216.11858653407535,212.13050231933593,215.09738708485335,222.87520080566406,212.87547852190653,1.0650397318490636,1.0757014691401388,1.0850396131267024,1.032730412970629,68.62822131012953,58.665849628703995,55.97911518513621,0.4904113641410959,-1.1777066222078896,1.6681179863489854,229.72237527035418,194.5386293683177,212.13050231933593,0.1658589666142013,1.0127224343831231,0.47988017626389,74967910.0,1.5920811984754544,0.04183284569452206,0.051328176530551106,-0.016393416920415627,0.21056452045585816,0.03795812428442069,0.017040931618005795,-0.01653843794670573,0.02061399459419877,0
2024-09-06,-0.0844593239607937,-0.08824048544582774,0.1095715468363301,-0.09402411780781982,217.00400085449218,216.38107602905055,213.9790023803711,215.13884275106875,212.72500228881836,214.6814450508234,223.1624008178711,212.79134194173525,0.9710880670298792,0.9848162360947147,0.9906216639331814,0.9442898756924628,46.007282867565415,47.941539919617945,48.9043756394471,0.06471390233767238,-0.9292225172987773,0.9939364196364496,229.25149759072906,196.19850698690766,212.72500228881836,0.15537896461716852,0.4396421768549849,-0.06013991872983959,78234160.0,1.433862138994015,0.04904058305110959,0.47988017626389,0.04183284569452206,0.051328176530551106,-0.016393416920415627,0.21056452045585816,0.002575935743848623,-0.0281924749362098,1
2024-09-09,0.026289605928169646,0.025949973905266994,0.028667854190409674,0.0003238081646944223,217.43600158691407,216.34405211018736,213.57400207519532,215.34450848223094,213.53850250244142,214.83273640526508,223.5394009399414,212.92776007235196,0.9946375149195932,1.0126232695509279,1.0127916124633696,0.9674804681549919,51.33991524224475,50.707003872358264,50.766251609378024,0.17239077314260953,-0.7088998592104999,0.8812906323531094,229.0499881739217,198.02701683096114,213.53850250244142,0.14528045752594831,0.5880477159915672,-0.3987760414345186,76825990.0,0.877873490468525,-0.0844593239607937,-0.06013991872983959,0.04904058305110959,0.47988017626389,0.04183284569452206,0.051328176530551106,0.03795812428442069,0.017040931618005795,1
2024-09-10,0.04577608406578748,0.044759273955983725,0.03431045041190365,0.027718410695282678,220.55,219.6193674631067,214.87000122070313,217.3127793343608,214.97250213623047,215.91247562085368,224.10520080566405,213.44706352712032,1.025481741867809,1.0525899236005283,1.0520880388023715,1.0092135182756057,59.648664554738666,55.27891893723147,53.91705329668863,1.0445315294968793,-0.35821358146902404,1.4027451109659035,229.55951187918106,200.3854923932799,214.97250213623047,0.13571047085553886,0.8838173906110611,0.16973614951774452,78784980.0,1.0013469572499734,0.026289605928169646,-0.3987760414345186,-0.0844593239607937,-0.06013991872983959,0.04904058305110959,0.47988017626389,-0.016393416920415627,0.21056452045585816,1
2024-09-11,0.008666077418469476,0.008628742512625562,0.05115503405586671,0.015943005042977052,222.29400024414062,222.45624660300865,216.76200103759766,219.27954761589746,215.98750228881835,217.07604983627832,224.4706008911133,214.0228651489122,1.026253540951453,1.0524446341646525,1.0562185425791777,1.0163023753541531,61.1797198699821,56.146136595674214,54.522074705693,1.8722830106014499,0.08788573694507074,1.7843972736563791,231.25448842182112,200.72051615581557,215.98750228881835,0.1413691623007684,0.8976718943808301,0.05903707769317457,80857700.0,1.0332794526680824,0.04577608406578748,0.16973614951774452,0.026289605928169646,-0.3987760414345186,-0.0844593239607937,-0.06013991872983959,0.04183284569452206,0.051328176530551106,1
2024-09-12,0.007364189890953776,0.007337206636805016,0.03315780513528207,0.022923501346639393,222.2220001220703,224.90749692153705,219.16800079345703,221.19417487820584,217.40900192260742,218.2888067622131,224.44160095214843,214.64196838066442,1.034146022591621,1.0485563436569634,1.0570399363702558,1.0239189017707544,62.598825832047304,56.91731191934446,55.053165459719274,2.633486202006708,0.5970058299573981,2.0364803720493097,232.2594126830258,202.55859116218903,217.40900192260742,0.13661265751732568,0.9175303914501607,-0.13948408471237095,81635550.0,0.8806812718233662,0.008666077418469476,0.05903707769317457,0.04577608406578748,0.16973614951774452,0.026289605928169646,-0.3987760414345186,0.04904058305110959,0.47988017626389,1
2024-09-13,0.0020886633855721204,0.0020864851607279924,0.027573889573381367,0.010043830202336897,226.13399963378907,226.7016623764023,221.56900024414062,222.84796004328345,218.21650161743165,219.4317769073483,224.11960083007813,215.25561641617298,1.0183784555134308,1.0393601678591444,1.0553280415514492,1.0275316948325859,63.049080457687324,57.14916837176489,55.21008161199761,3.2381494874753685,1.1252345614609922,2.1129149260143762,233.99538589085006,202.43761734401323,218.21650161743165,0.14461678339139827,0.8825838208675038,-0.1721930206454143,81356180.0,0.7315375426919012,0.007364189890953776,-0.13948408471237095,0.008666077418469476,0.05903707769317457,0.04577608406578748,0.16973614951774452,-0.0844593239607937,-0.06013991872983959,0
2024-09-16,-0.015241628421408637,-0.0153589759450266,0.028353505464245195,-0.010989987958666184,228.23599853515626,226.7277745107005,222.83600006103515,223.56287617710407,218.7495018005371,220.13160756181958,223.62480072021484,215.70755297943276,0.9936206393154272,1.0176991092874645,1.0367109269399948,1.0141093387178894,57.17677721937385,54.82560985834049,53.768772845932915,3.394986978536849,1.5791850448761635,1.8158019336606857,234.92431125722965,202.57469234384456,218.7495018005371,0.14788430897951263,0.7482408525510341,-0.087240044963379,80451420.0,0.6752273608097905,0.0020886633855721204,-0.1721930206454143,0.007364189890953776,-0.13948408471237095,0.008666077418469476,0.05903707769317457,0.026289605928169646,-0.3987760414345186,1
2024-09-17,0.004806404196833203,0.004794890315022082,0.035195525713407165,-0.0068860398869872025,228.57599792480468,227.10851471286284,224.56299896240233,224.3459887116647,219.00700149536132,220.868596852807,223.12340057373046,216.18451149463883,0.9969112994626433,1.0147263626245873,1.0404689967047192,1.0212734053499177,58.57463021799625,55.431611657757834,54.15898497570483,3.566127319245396,1.97657349975001,1.5895538194953862,235.5853893279486,202.42861366277404,219.00700149536132,0.15139596194999658,0.767305654546356,0.22897483570494992,79456160.0,0.8402318964319444,-0.015241628421408637,-0.087240044963379,0.0020886633855721204,-0.1721930206454143,0.007364189890953776,-0.13948408471237095,0.04577608406578748,0.16973614951774452,0
2024-09-18,-0.0029402649901351108,-0.0029445960609886415,0.03873234115832075,-0.012560300037574992,228.38999633789064,227.13900879132262,225.3419982910156,224.86489930013332,219.31200103759767,221.47158733808655,222.42080078125,216.61649131634877,0.9947896168451795,1.0082452391090766,1.0359670053317886,1.0214871817303297,57.23483640898614,54.94370937271395,53.865548359871745,3.606124856816308,2.3024837711632697,1.3036410856530383,236.25365814323095,202.37034393196438,219.31200103759767,0.15449822194389531,0.732798830169384,0.16848907156209547,79192000.0,0.9850767754318618,0.004806404196833203,0.22897483570494992,-0.015241628421408637,-0.087240044963379,0.0020886633855721204,-0.1721930206454143,0.008666077418469476,0.05903707769317457,1
2024-09-19,0.07359155565707187,0.07100962175825201,0.049647428260326004,0.04239315456814236,231.21199645996094,232.73267191719685,226.7169982910156,228.3294627308264,220.34450073242186,223.60953122673976,222.0340005493164,217.68721707527413,1.0549625534295537,1.0758787387253945,1.1069938090497329,1.0985704782397405,74.32977547128056,63.56290059848296,59.60098577440957,4.93015579010526,2.828018174951668,2.1021376151535924,240.36281908455757,200.32618238028616,220.34450073242186,0.18170018571459795,1.088848099570967,0.3164252879751621,77525960.0,1.3246478985877763,-0.0029402649901351108,0.16848907156209547,0.004806404196833203,0.22897483570494992,-0.015241628421408637,-0.087240044963379,0.007364189890953776,-0.13948408471237095,0
2024-09-20,-0.02324531900421767,-0.023519752638904136,0.03387201395264953,-0.013539268858127444,232.8039978027344,234.57178127813125,229.46899871826173,230.13319677976705,221.7240005493164,225.00386158609786,221.97840057373048,218.49360071938105,1.0233930785066683,1.0382666126177655,1.0745341028023163,1.0733026248689672,64.17971545722445,59.412230323470645,57.07448688964742,5.459010305101202,3.354216600981575,2.1047937041196274,242.66402143687705,200.78397966175575,221.7240005493164,0.18888366469739137,0.8946032226859146,-0.027416241944561826,76296170.0,1.3090971670006502,0.07359155565707187,0.3164252879751621,-0.0029402649901351108,0.16848907156209547,0.004806404196833203,0.22897483570494992,0.0020886633855721204,-0.1721930206454143,1
2024-09-23,0.04931794333683115,0.048140375327935025,0.03232000732421875,0.030460407118654963,237.447998046875,239.7145208520875,232.8419982910156,233.74534281980937,223.20800018310547,227.38444619694567,222.01380065917968,219.72914578920927,1.0528621089938484,1.073689462532183,1.1200315391693672,1.1260561246991254,73.07043429669025,64.57480563871135,60.69948784297322,6.748466004256386,4.033066481636537,2.7153995226198493,247.48118795708606,198.93481240912487,223.20800018310547,0.2174938869043084,1.0518846569797056,-0.1296757780156209,78244540.0,1.1109682541427173,-0.02324531900421767,-0.027416241944561826,0.07359155565707187,0.3164252879751621,-0.0029402649901351108,0.16848907156209547,-0.015241628421408637,-0.087240044963379,1
2024-09-24,0.017080017089843746,0.016935793509053217,0.03201321136143958,0.0007478055731933922,242.72799987792968,244.56634865887867,235.6519989013672,237.47709944756417,225.26100006103516,229.94497553747092,222.04640075683594,221.0836892591407,1.0475511865146825,1.0790063545308026,1.128779523324347,1.1451210350890273,75.63445329003875,66.25461768892332,61.9263530500791,8.022444844369119,4.830942154183053,3.1915026901860655,252.5612941188479,197.9607060032224,225.26100006103516,0.2423881102402604,1.0312947206721392,0.017989766149145492,79204530.0,1.1172467029347943,0.04931794333683115,-0.1296757780156209,-0.02324531900421767,-0.027416241944561826,0.07359155565707187,0.3164252879751621,0.004806404196833203,0.22897483570494992,1
2024-09-25,0.010815214909361437,0.010757148762662457,0.018558825062505706,0.017739747551442826,248.69199829101564,248.71756211047642,238.54099731445314,241.03035209594736,227.6514991760254,232.52354824949006,222.0556005859375,222.49295591618113,1.0334871679824251,1.0774667327933534,1.1290063537641721,1.1574578093751022,77.26115895228176,67.32909266244042,62.713474646251896,9.148524543535558,5.694458632053554,3.4540659114820036,257.19211375901176,198.11088459303903,227.6514991760254,0.2595248850976806,0.9970866424451605,-0.2650744143472218,77353100.0,0.8407458783164475,0.017080017089843746,0.017989766149145492,0.04931794333683115,-0.1296757780156209,-0.02324531900421767,-0.027416241944561826,-0.0029402649901351108,0.16848907156209547,0
2024-09-26,-0.01089404681602335,-0.010953821465680538,0.040201404970612635,-0.024481982860269896,250.7519989013672,250.551708480552,240.98199768066405,243.42847011863023,230.07499923706055,234.5898771038913,222.17000061035156,223.73715377126044,1.0138304074724447,1.0549335787214336,1.1049440489566817,1.1442589031926134,71.5841166356104,65.05770517516284,61.35735156365951,9.703163178559805,6.496199541354805,3.206963637205,259.98146052396845,200.16853795015268,230.07499923706055,0.2599714126791621,0.9036753421276974,0.03241212713906361,76877830.0,0.8733623204505122,0.010815214909361437,-0.2650744143472218,0.017080017089843746,0.017989766149145492,0.04931794333683115,-0.1296757780156209,0.07359155565707187,0.3164252879751621,1
2024-09-27,0.024545630573566513,0.024249227064234113,0.02526306268031424,0.011966689384701704,255.19399719238282,253.8544694720607,243.9989974975586,246.52511036162073,232.78399887084962,237.05369751829005,222.39460052490233,225.1772650529788,1.02063525913866,1.067463367170942,1.1188913014574655,1.1711614888146238,76.14205552592344,67.67492646287559,63.21851525702777,10.524908758274677,7.301941384738781,3.222967373535896,263.3854833397875,202.1825144019117,232.78399887084962,0.2629174223088749,0.9522001638894524,0.05727992231413337,78025130.0,0.9098107238014214,-0.01089404681602335,0.03241212713906361,0.010815214909361437,-0.2650744143472218,0.017080017089843746,0.017989766149145492,-0.02324531900421767,-0.027416241944561826,1
2024-09-30,0.004492104223754234,0.004482044837533062,0.03474364908250139,0.009998441369883896,257.51999816894534,256.446314608978,247.48399810791017,249.27145482001922,235.15999908447264,239.39429821967315,222.84320068359375,226.60678426199192,1.0159599516274103,1.0571592785111474,1.1125616852415086,1.1740542411894836,76.95081006109467,68.15654240851644,63.56401240658398,11.142118944499941,8.069976896691013,3.072142047808928,266.94905559774344,203.37094257120182,235.15999908447264,0.27036108723449814,0.9163383362335648,0.13689054926107325,80663400.0,1.000524401401379,0.024545630573566513,0.05727992231413337,-0.01089404681602335,0.03241212713906361,0.010815214909361437,-0.2650744143472218,0.04931794333683115,-0.1296757780156209,0
2024-10-01,-0.013798172234708361,-0.013894251852425751,0.05987912900117436,-0.01770291307097303,258.2699951171875,256.970872743876,250.4989974975586,250.86209740068333,237.53099822998047,241.16817353338732,222.97340057373046,227.83867464441076,0.9990319971028684,1.0300240383843715,1.0862581765595651,1.1571783376392135,68.58208252284886,64.94150074822733,61.68679327770085,11.210733990363195,8.69812831542545,2.5126056749377454,268.7068661903055,206.35513026965546,237.53099822998047,0.2624993638105302,0.8286033737659856,0.08291731562950333,82727000.0,1.0564579883230385,0.004492104223754234,0.13689054926107325,0.024545630573566513,0.05727992231413337,-0.01089404681602335,0.03241212713906361,0.017080017089843746,0.017989766149145492,0
2024-10-02,-0.03488095932262847,-0.03550382703625727,0.03879207893491179,0.0059381991621134285,256.6699981689453,254.32058325340432,252.68099822998047,250.52717137737014,239.01149826049806,241.9159669371086,223.02620056152344,228.66931502198136,0.9701952158372285,0.9855113998157177,1.0418745796114572,1.1165504485369508,52.10140333555913,57.64136916900851,57.260116088759766,10.418787064143942,9.042260065169149,1.3765269989747928,269.407099666972,208.61589685402416,239.01149826049806,0.2543442606543207,0.664637407204438,0.07536019295724361,84324370.0,1.114552056540713,-0.013798172234708361,0.08291731562950333,0.004492104223754234,0.13689054926107325,0.024545630573566513,0.05727992231413337,0.010815214909361437,-0.2650744143472218,0
2024-10-03,-0.03357160254966751,-0.03414806745440706,0.0497797537822661,-0.015624967818172252,253.95799865722657,249.76705672297268,252.35499877929686,248.73314088368636,239.53599853515624,241.7963513871087,223.51960052490233,229.13953810590797,0.9476370302749715,0.9536565743743574,1.0046924267493271,1.0766841167260293,41.3365131765302,51.814818011853355,53.514599114011055,9.01268857395388,9.036345766926097,-0.023657192972216023,269.6640796547167,209.40791741559576,239.53599853515624,0.2515536813155759,0.5186537788864254,-0.14103160222123146,82127830.0,0.9829700845620785,-0.03488095932262847,0.07536019295724361,-0.013798172234708361,0.08291731562950333,0.004492104223754234,0.13689054926107325,-0.01089404681602335,0.03241212713906361,1
2024-10-04,0.03914235030998814,0.03839570976808335,0.02551185555061939,0.013741940719521575,251.8820007324219,249.87137175900003,253.53799896240236,248.97802469229876,241.50349884033204,242.58527047700832,224.11620056152344,229.9607327617961,0.9928458607755721,0.9863610301197476,1.035512955430898,1.1158497297583971,53.86689185898825,57.079490261438984,56.853752607550696,8.559788601396576,8.941034333820193,-0.3812457324236167,268.8621370318365,214.14486064882763,241.50349884033204,0.22656929048959537,0.6567421399173636,0.0723901636582549,80797240.0,1.071487095351277,-0.03357160254966751,-0.14103160222123146,-0.03488095932262847,0.07536019295724361,-0.013798172234708361,0.08291731562950333,0.024545630573566513,0.05727992231413337,0
2024-10-07,-0.03698816351676526,-0.03768957599969925,0.03791057930239653,-0.0328112376262864,247.7220001220703,246.85758178301825,252.62099914550782,247.4965659902544,242.73149871826172,242.41810203453656,224.53680053710937,230.38697860764938,0.9721784973170754,0.953325347638018,0.9921662540821944,1.072563612089291,43.277006868167646,51.167574170166176,52.933360702290095,7.369513254220379,8.62673011790023,-1.2572168636798509,267.5348859650837,217.9281114714398,242.73149871826172,0.20436892103246324,0.4616686046086168,-0.2132288052191671,78915850.0,0.8631130501667282,0.03914235030998814,0.0723901636582549,-0.03357160254966751,-0.14103160222123146,-0.03488095932262847,0.07536019295724361,0.004492104223754234,0.13689054926107325,1
2024-10-08,0.015238957526229946,0.015124010919583781,0.023108421902958844,0.003859428686273129,245.01800231933595,246.07172118867885,251.6439987182617,246.9517358102081,243.64799880981445,242.61637803124736,224.78480041503906,230.94043042695725,0.9978858601636102,0.9716106930638149,1.0034968528136798,1.087706995973745,48.00824400887023,53.23704322603007,54.247668229384054,6.645741673707931,8.230532429061771,-1.5847907553538398,267.26191395559755,220.03408366403133,243.64799880981445,0.19383631518529765,0.5180402357026702,-0.17338904443038294,75697070.0,0.7437962922475071,-0.03698816351676526,-0.2132288052191671,0.03914235030998814,0.0723901636582549,-0.03357160254966751,-0.14103160222123146,-0.013798172234708361,0.08291731562950333,0
2024-10-09,-0.014110416966225725,-0.014210915403026646,0.03285624587710437,-0.011360857145646521,243.42400207519532,244.3978151430385,250.0470001220703,245.87869349048987,244.29399871826172,242.46719946177217,225.15340057373047,231.33688425538082,0.990247473530962,0.9640187762063922,0.9867209359070457,1.0706034305390015,43.984631175825875,51.04697233381451,52.792548935369986,5.727735787991293,7.729973100847676,-2.0022373128563835,266.85804122561115,221.72995621091226,244.29399871826172,0.18472858625865793,0.42811581378985447,0.17736647295358,75822590.0,0.8742711110237728,0.015238957526229946,-0.17338904443038294,-0.03698816351676526,-0.2132288052191671,0.03914235030998814,0.0723901636582549,-0.03488095932262847,0.07536019295724361,0
2024-10-10,-0.009458613360014412,-0.009503630132407154,0.04376595368452427,-0.012571826296785691,243.04600219726564,242.52187818617932,248.5020004272461,244.5862045417573,244.74199905395508,242.1150856342187,225.2874005126953,231.62837915801143,0.9824066313119846,0.9608373528661618,0.9755988150600274,1.0598462396435964,41.314887125801114,49.59492078585727,51.827862821399485,4.761346820628461,7.136247844803834,-2.374901024175373,266.4785774893746,223.00542061853562,244.74199905395508,0.17762851099886207,0.3626279936550899,0.25339759690448704,77417080.0,1.0732399103660328,-0.014110416966225725,0.17736647295358,0.015238957526229946,-0.17338904443038294,-0.03698816351676526,-0.2132288052191671,-0.03357160254966751,-0.14103160222123146,0
2024-10-11,-0.08782510719719305,-0.09192353886888906,0.0411386195111709,-0.010584662605604709,236.59000244140626,234.28125314137216,244.23600158691406,239.7159860890301,244.11749954223632,239.79936348350813,225.30620056152344,231.08608989894267,0.9205799095661197,0.8917604351390075,0.892193322724391,0.9666844610088041,25.01965343182222,38.69319679516454,44.05377160235685,2.2771234944547416,6.164422974734016,-3.8872994802792746,268.0824944116796,220.15250467279304,244.11749954223632,0.19633983564784907,-0.04908203890406009,0.7166190660162648,84581160.0,1.6862963336043157,-0.009458613360014412,0.25339759690448704,-0.014110416966225725,0.17736647295358,0.015238957526229946,-0.17338904443038294,0.03914235030998814,0.0723901636582549,1
2024-10-14,0.00624426350457119,0.006224848869363662,0.03727869151499665,-0.004406492523449998,232.2560028076172,229.24083664828458,239.98900146484374,235.97853473868088,243.73649978637695,237.83371016718445,225.53600067138672,230.6184002425963,0.9436139475957678,0.9132085317427114,0.8991677645908279,0.9717295820166316,27.1924442200135,39.62018685466754,44.61945509129758,0.41333462953807043,5.014205305694827,-4.600870676156757,268.9990782259763,218.47392134677762,243.73649978637695,0.20729417597890135,0.013579023949834016,-0.39499007564385624,85139780.0,1.0135320998010566,-0.08782510719719305,0.7166190660162648,-0.009458613360014412,0.25339759690448704,-0.014110416966225725,0.17736647295358,-0.03698816351676526,-0.2132288052191671,1
2024-10-15,0.0018707960177875016,0.0018690482583788197,0.03251809970159294,-0.00199985088679013,227.27000427246094,226.017226873596,236.14400329589844,232.99516611786956,243.3215003967285,236.0943098964258,225.94980072021485,230.1851299320717,0.9661196074999361,0.9298140298277582,0.9023863775548661,0.9717645540042057,27.927022954130706,39.91514793713262,44.79614430269694,-1.0189023329438953,3.807583777967083,-4.826486110910978,269.8538136947525,216.7891870987045,243.3215003967285,0.21808441304828255,0.05240440579527889,-0.27004968021332243,82698900.0,0.7616643026690803,0.00624426350457119,-0.39499007564385624,-0.08782510719719305,0.7166190660162648,-0.009458613360014412,0.25339759690448704,0.015238957526229946,-0.17338904443038294,1
2024-10-16,0.008015641700267029,0.007983687088569507,0.01757563193537052,-0.0003161339989124494,223.3260040283203,224.45481852608225,233.3750030517578,230.87422715663047,243.02800064086915,234.68818531877142,226.36360076904296,229.83787000654164,0.991062383415894,0.9483877833392818,0.9107181116883797,0.977763214046396,31.39356991219705,41.24207682996623,45.57873435129263,-1.9890154644520806,2.6482639294832504,-4.637279393935331,270.3842377297423,215.671763551996,243.02800064086915,0.22512827342309755,0.10341770069978126,-0.21203769559032715,78263790.0,0.6341732236580927,0.0018707960177875016,-0.27004968021332243,0.00624426350457119,-0.39499007564385624,-0.08782510719719305,0.7166190660162648,-0.014110416966225725,0.17736647295358,0
2024-10-17,-0.001987992760882462,-0.0019899714413276278,0.018923482032325092,-0.003158973599037386,219.7500030517578,223.26654548060432,231.39800262451172,229.05891301717918,241.8765007019043,233.37407237314065,226.94620086669923,229.48697311960467,1.0051876965736475,0.9545890495350794,0.9132346414333147,0.9733143738299105,30.959254063196127,40.9983086290642,45.40974976577888,-2.7615086771766073,1.566309408151279,-4.327818085327886,270.8751038956218,212.87789750818678,241.8765007019043,0.23978024412926532,0.13814634153133046,0.023351493367289367,75270050.0,0.6747942906906532,0.008015641700267029,-0.21203769559032715,0.0018707960177875016,-0.27004968021332243,0.00624426350457119,-0.39499007564385624,-0.009458613360014412,0.25339759690448704,0
2024-10-18,-0.0008601676940163117,-0.0008605378505268966,0.01381967872193985,-4.535256816867782e-05,220.3300018310547,222.4110293031503,228.46000213623046,227.53911009555424,240.9990005493164,232.16701757076936,227.38340087890626,229.14238581876694,1.0016792770576528,0.9660334189117228,0.9157714199859498,0.9706073358704695,30.744969970934136,40.88592601181347,45.333542237020175,-3.350425107803119,0.5829625049603995,-3.9333876127635183,271.4111284244439,210.58687267418892,240.9990005493164,0.2523838506035975,0.1662679493453706,-0.02323012769777799,71573920.0,0.6931561104938783,-0.001987992760882462,0.023351493367289367,0.008015641700267029,-0.21203769559032715,0.0018707960177875016,-0.27004968021332243,-0.08782510719719305,0.7166190660162648,0
2024-10-21,-0.008382378207102636,-0.008417707909120813,0.021704363114128766,-0.0002283590423140383,220.26800231933595,221.22402156993877,226.26200256347656,225.95927300609264,239.44150085449218,230.89873076436425,227.76040100097657,228.7387630848355,0.9935624048845526,0.9672415324889493,0.9140019809536278,0.9608782085985933,28.50387368598689,39.74358614248303,44.568861747499874,-3.9212230042231226,-0.3178745968763049,-3.6033484073468176,271.0184907912385,207.8645109177459,239.44150085449218,0.26375536257547544,0.17394778932025215,-0.046015169747580686,69495490.0,0.6810369996671727,-0.0008601676940163117,-0.02323012769777799,-0.001987992760882462,0.023351493367289367,0.008015641700267029,-0.21203769559032715,0.00624426350457119,-0.39499007564385624,0
2024-10-22,-0.004021041161846095,-0.004029147285192923,0.013579881163876607,0.0030371527749496053,219.9480010986328,220.13934812019357,223.60900268554687,224.50667813602183,237.6265007019043,229.66742318877746,228.17000091552734,228.31645869800678,0.9910069658826194,0.9747818674690228,0.9172798512660013,0.9552964909764784,27.39564284854312,39.182774696017496,44.19651022413273,-4.39394285099624,-1.133088247700292,-3.2608546032959476,269.7537095416279,205.49929186218066,237.6265007019043,0.2704008916920113,0.19408329899955518,-0.08578883982336416,68192040.0,0.6345124738899144,-0.008382378207102636,-0.046015169747580686,-0.0008601676940163117,-0.02323012769777799,-0.001987992760882462,0.023351493367289367,0.0018707960177875016,-0.27004968021332243,0
2024-10-23,-0.019819274670942355,-0.020018310718538105,0.030938454477813727,-0.01602731500976259,218.41199951171876,217.97623004562388,220.86900177001954,222.53273554701502,235.45800094604493,228.1419537323686,228.28640075683595,227.74130321559417,0.978197142895627,0.9673154321535261,0.9073804799075065,0.9358857697531363,22.406306247074085,36.46268894961546,42.37182698477654,-5.0588499493915435,-1.9182405880385422,-3.1406093613530013,267.9095198782136,203.00648201387628,235.45800094604493,0.2756459224301739,0.16399096610632544,0.8706108572709603,69656980.0,1.1619639553710195,-0.004021041161846095,-0.08578883982336416,-0.008382378207102636,-0.046015169747580686,-0.0008601676940163117,-0.02323012769777799,0.008015641700267029,-0.21203769559032715,1
2024-10-24,0.21919035070290427,0.19818699146920774,0.07474662315537545,0.06457421441679968,226.3300018310547,232.14415702585865,223.04000244140624,229.43224017234468,235.77100143432617,231.22176870893617,229.46840087890624,229.02517410856413,1.1508859138381702,1.1678623033316975,1.1048008847639588,1.1351454491713966,76.51015205675503,64.90472107558352,60.795163459343364,-1.7864099885525775,-1.8918744681413493,0.10546447958877181,269.05052772621013,202.4914751424422,235.77100143432617,0.282303812508121,0.8712343940128117,1.5264971478485623,81797460.0,2.4999786056926463,-0.019819274670942355,0.8706108572709603,-0.004021041161846095,-0.08578883982336416,-0.008382378207102636,-0.046015169747580686,-0.001987992760882462,0.023351493367289367,1
2024-10-25,0.03343823359841336,0.032891334056112616,0.05263933571693691,0.05148233339722701,236.0280029296875,244.49277216437451,228.1790023803711,236.66092422126493,236.20750198364257,234.8377909691714,230.5694009399414,230.60026541573444,1.1405002758151441,1.1797317002581615,1.1396335856430493,1.1675009838427117,79.59712783045666,67.79251806534259,63.09901306950945,1.4926395553993643,-1.2149716634332066,2.7076112188325707,270.96698154400525,201.44802242327992,236.20750198364257,0.2943130871666368,0.9744389282423931,-0.20969045717703239,83695760.0,1.9309448889645067,0.21919035070290427,1.5264971478485623,-0.019819274670942355,0.8706108572709603,-0.004021041161846095,-0.08578883982336416,-0.0008601676940163117,-0.02323012769777799,0
2024-10-28,-0.024815158866218545,-0.02512824530239814,0.043046047351244975,-0.02774070457175926,244.76000366210937,250.49851803145802,232.51400299072264,241.36075795660312,236.2515022277832,237.47324037835745,231.49720123291016,231.85162793925957,1.0725200434627362,1.1290073130610512,1.111146415113689,1.1339662353045588,71.2223315853663,63.4784479303387,60.247965767739714,3.51180841991021,-0.2696156467645233,3.781424066674733,271.1415771433508,201.3614273122156,236.2515022277832,0.2953638354597901,0.8763033986224766,-0.33387578513710936,85831930.0,1.2542372051985782,0.03343823359841336,-0.20969045717703239,0.21919035070290427,1.5264971478485623,-0.019819274670942355,0.8706108572709603,-0.008382378207102636,-0.046015169747580686,0
2024-10-29,-0.01139012091242797,-0.01145548515134625,0.03649050894107927,-0.01886514902167462,253.07000122070312,253.5056750255293,236.50900115966797,244.6624363306156,236.3265022277832,239.57293072457787,232.23320098876954,232.9366617068836,1.0254869710430186,1.0972943428840964,1.0981417088953216,1.1174973600188283,67.5128898285933,61.58918335706706,58.99515432034911,4.815237545283821,0.7473549916451456,4.067882553638675,271.4093458936757,201.2436585618907,236.3265022277832,0.29690147601032,0.8305531188801172,-0.25202872918323216,87585230.0,0.9193536398774086,-0.024815158866218545,-0.33387578513710936,0.03343823359841336,-0.20969045717703239,0.21919035070290427,1.5264971478485623,-0.004021041161846095,-0.08578883982336416,0
2024-10-30,-0.007590942139718337,-0.007619899978935549,0.029237037997259994,-0.0018990107569610388,261.85,254.8537792813425,240.13099975585936,247.00562750558888,236.75300140380858,241.28503139775796,232.96220062255858,233.90189018084772,0.9835783379529072,1.072539522405767,1.0878425458847238,1.1055441058880058,64.91410383304742,60.315468648090494,58.158515086956754,5.624417104021518,1.7227674141204203,3.9016496899010975,272.640890483167,200.86511232445017,236.75300140380858,0.30316734205322826,0.7897493684174631,-0.32945363864195787,88021310.0,0.6134150923225297,-0.01139012091242797,-0.25202872918323216,-0.024815158866218545,-0.33387578513710936,0.03343823359841336,-0.20969045717703239,-0.019819274670942355,0.8706108572709603,0
2024-10-31,-0.029897037679701755,-0.03035306639591626,0.04202521410245527,-0.031551550211170905,259.7239990234375,253.18585488873356,243.0270004272461,247.52278725066645,237.2125015258789,242.10074327449678,233.4938006591797,234.52730649154057,0.9619827472353417,1.0280750931553884,1.0532750360809209,1.070049848853205,55.221090970322756,55.48538959476687,54.9597723943365,5.58005021778817,2.4942239748539703,3.0858262429341994,273.5215829548432,200.9034200969146,237.2125015258789,0.30613126370157295,0.6740267734720987,0.23302206187399999,89599660.0,0.7430307213219336,-0.007590942139718337,-0.32945363864195787,-0.01139012091242797,-0.25202872918323216,-0.024815158866218545,-0.33387578513710936,0.21919035070290427,1.5264971478485623,0
2024-11-01,-0.003482130697311625,-0.0034882074251496174,0.029600752042957493,-0.01214092064793794,255.68199768066407,251.78390183500207,245.8550003051758,247.78773424646147,237.15750122070312,242.75591017478652,234.26020050048828,235.09407861844247,0.9737877440964947,1.012710725502773,1.0498508141044787,1.0628352370381418,54.15513107889427,54.94994783440436,54.60347689740454,5.4122969838489325,3.077838576652963,2.3344584071959695,273.3917055753921,200.92329686601414,237.15750122070312,0.30557080563071687,0.6631399766793281,-0.1356433992787115,90392950.0,0.6366071690325407,-0.029897037679701755,0.23302206187399999,-0.007590942139718337,-0.32945363864195787,-0.01139012091242797,-0.25202872918323216,0.03343823359841336,-0.20969045717703239,0
2024-11-04,-0.024660613282231236,-0.02496977961188894,0.04126169150377492,-0.007033043988688431,251.74799499511718,248.8026000026316,248.25399932861328,246.8881455358122,237.25800094604492,242.76391838079644,234.71060028076172,235.3978400976365,0.9646154136901891,0.9781916786623198,1.023527111286397,1.034635828323921,46.72825570035994,51.195114233546676,52.10058989277647,4.729387268239691,3.4081483149703087,1.3212389532693822,273.54350579912574,200.97249609296406,237.25800094604492,0.305873814230885,0.5769177032874021,0.19563192503927374,92540290.0,0.7434858913884969,-0.003482130697311625,-0.1356433992787115,-0.029897037679701755,0.23302206187399999,-0.007590942139718337,-0.32945363864195787,-0.024815158866218545,-0.33387578513710936,1
2024-11-05,0.03541429020427711,0.03480162701711456,0.036072192083052866,0.01657639752656346,250.13199768066406,249.68173414888983,251.6009994506836,247.71575588228384,237.60500106811523,243.5902121008545,235.4752001953125,236.02694450327454,1.0052292580432356,0.9993601098182088,1.0582268946827633,1.0677982319702963,56.48092324095404,55.755464169148894,55.12568157747622,4.8264882654845565,3.6918163050731585,1.134671960411398,274.291412030861,200.91859010536942,237.60500106811523,0.3088016733471763,0.688557575001547,0.0069779542574095466,95141670.0,0.7282035305875963,-0.024660613282231236,0.19563192503927374,-0.003482130697311625,-0.1356433992787115,-0.029897037679701755,0.23302206187399999,-0.01139012091242797,-0.25202872918323216,1
2024-11-06,0.14751032444224466,0.13759466024737685,0.04841784660107074,0.013559508095299915,256.3279998779297,262.6311556923589,259.08899993896483,255.13652731810438,239.9790008544922,247.87019178451567,237.0616000366211,238.0858878082166,1.125628097268744,1.1136327626694598,1.2023135263999323,1.2171098091581471,77.34740633721873,69.14580868776432,65.10532215213735,7.806307976713413,4.51471463940121,3.291593337312203,282.87010389495873,197.08789781402564,239.9790008544922,0.35745713489717335,1.0659798242889462,1.3848547613033593,103570650.0,1.5953235786393154,0.03541429020427711,0.0069779542574095466,-0.024660613282231236,0.19563192503927374,-0.003482130697311625,-0.1356433992787115,-0.007590942139718337,-0.32945363864195787,1
2024-11-07,0.02904379065700735,0.028630012464395397,0.04792701765118772,0.02776139224968277,265.73999938964846,274.0574383489424,262.731999206543,262.7317048351962,242.8860008239746,252.5406500585722,238.88480010986328,240.39271588091827,1.1172951168211491,1.1300869500433324,1.222425346272992,1.2429003583549907,79.88916315948381,71.26202671255697,66.85405787867978,10.720454202923747,5.755862552105718,4.964591650818029,292.4216405829073,193.3503610650419,242.8860008239746,0.40789209415846384,1.0453043818657122,-0.2900192278944276,94852380.0,1.2367554720292733,0.14751032444224466,1.3848547613033593,0.03541429020427711,0.0069779542574095466,-0.024660613282231236,0.19563192503927374,-0.029897037679701755,0.23302206187399999,1
2024-11-08,0.08187665372925301,0.07869717552417867,0.0966626849977346,0.07381154473170363,280.18800048828126,289.77829263952935,267.9349990844727,273.365940541652,248.05700073242187,259.0815406454418,241.1836001586914,243.56241334522358,1.1464445324600474,1.198872869607569,1.294944308252771,1.3318484383239584,85.42434207811787,76.3332255565845,71.24368968193299,14.820705846903223,7.56883121106522,7.2518746358380035,306.7784134615066,189.33558800333714,248.05700073242187,0.47345096131697,1.12296696458772,0.7456670065092934,99169470.0,2.064978263975798,0.02904379065700735,-0.2900192278944276,0.14751032444224466,1.3848547613033593,0.03541429020427711,0.0069779542574095466,-0.003482130697311625,-0.1356433992787115,1
2024-11-11,0.08959591143118995,0.08580690404849912,0.06468575613839286,0.010684413333688181,301.6200012207031,309.8521950930196,276.68399810791016,287.29940589771525,254.5990005493164,267.7404415363521,243.90140014648438,247.73643635129324,1.1604004992490402,1.2649809977933588,1.374710816793659,1.4350061122641937,89.43907142066104,80.67987792871602,75.30850056829854,20.16009714185202,10.08708439722258,10.073012744629441,326.63011187268893,182.56788922594387,254.5990005493164,0.5658397021823339,1.1622207938899871,0.02802383793951435,109456270.0,1.9233397958837808,0.08187665372925301,0.7456670065092934,0.02904379065700735,-0.2900192278944276,0.14751032444224466,1.3848547613033593,-0.024660613282231236,0.19563192503927374,0
2024-11-12,-0.06145717075892854,-0.06342678815128278,0.06858656107975132,-0.041576706558973345,317.0299987792969,316.0647934734714,283.5809982299805,294.78860304983516,260.04499969482424,273.5261128409257,246.25919982910156,250.9032423859239,1.0361479717982653,1.1583638970336578,1.2632044093132895,1.3339196686350796,72.11820412363888,70.28930269248575,67.78874205944294,22.397738008250997,12.549215119428261,9.848522888822735,336.9632353074753,183.12676408217314,260.04499969482424,0.5915763479622256,0.9449204404806532,-0.2602849303824406,116976690.0,1.3312566802839096,0.08959591143118995,0.02802383793951435,0.08187665372925301,0.7456670065092934,0.02904379065700735,-0.2900192278944276,0.03541429020427711,0.0069779542574095466,1
2024-11-13,0.005327407385385952,0.005313266949669512,0.06692104759278548,-0.01670393261035555,325.3719970703125,320.7898590604393,290.8499984741211,301.23430981066053,265.49049911499026,278.92743449744466,248.47579956054688,254.01448739958866,1.0149613156875652,1.1354306067282263,1.2438862834460234,1.329062994538848,72.62146911884145,70.62081241174313,68.06117870093564,24.03523170120451,14.846418435783512,9.188813265420997,346.0106720002641,184.9703262297164,265.49049911499026,0.6065766809259615,0.9020699956248271,-0.19470351771701577,124117890.0,1.0103748943846853,-0.06145717075892854,-0.2602849303824406,0.08959591143118995,0.02802383793951435,0.08187665372925301,0.7456670065092934,0.14751032444224466,1.3848547613033593,0
2024-11-14,-0.05771559508909463,-0.059448133931949705,0.06301824130953149,-0.050383013343768795,328.2259948730469,317.5865702655533,296.98299713134764,303.042615786137,270.0049987792969,281.9991067049053,250.0959994506836,256.2562719202237,0.9480662639049695,1.0478040685209822,1.1524971540624733,1.2442421844382312,59.07283852237795,62.448001674571344,62.05864997653842,23.52380693515545,16.5818961356579,6.941910799497549,350.14013752514654,189.86986003344725,270.0049987792969,0.593582630752347,0.7569097311172802,-0.03731492054581298,129532970.0,0.9320105915891529,0.005327407385385952,-0.19470351771701577,-0.06145717075892854,-0.2602849303824406,0.08959591143118995,0.02802383793951435,0.02904379065700735,-0.2900192278944276,1
2024-11-15,0.030657525449785616,0.030196972790488486,0.04820401408155193,0.03268182263939066,328.12599487304686,318.6310472506033,304.15699768066406,306.256685865149,275.0059989929199,285.68681094450505,252.29579956054687,258.78426130455625,0.9774294211124323,1.054455441322539,1.1662291091655792,1.2712062657378311,63.09357043142575,64.65296958046292,63.73933291956572,23.61606676664752,17.988730261855824,5.627336504791696,354.6916696162149,195.32032836962492,275.0059989929199,0.57951950804787,0.7868395400968075,-0.0520666202254525,135222520.0,0.8463109547137563,-0.05771559508909463,-0.03731492054581298,0.005327407385385952,-0.19470351771701577,-0.06145717075892854,-0.2602849303824406,0.08187665372925301,0.7456670065092934,1
2024-11-18,0.056186046847983784,0.054664350493325395,0.05473217973028781,-0.005840462206990552,325.8739929199219,325.33402824519385,313.7469970703125,312.1627412050083,281.00049819946287,290.7394946863974,254.74519927978517,261.9197800861178,1.0394815100130275,1.0796597047858323,1.205478255038277,1.3297208002037315,69.6616449185756,68.42444013185445,66.66774856892778,24.856713145498077,19.362326838584277,5.4943863069138,360.9240569300993,201.07693946882642,281.00049819946287,0.5688499432759313,0.861216973768082,0.10175873359297372,140950840.0,0.8945359956705473,0.030657525449785616,-0.0520666202254525,-0.05771559508909463,-0.03731492054581298,0.005327407385385952,-0.19470351771701577,0.08959591143118995,0.02802383793951435,1
2024-11-19,0.021432396454288627,0.02120595242401374,0.04228325110639451,0.0304979447716926,329.37599487304686,332.2226854967959,323.2029968261719,318.3149700768249,287.40199813842776,296.00239995435953,257.14179931640626,265.2170436121524,1.0504712103666225,1.070534628074903,1.2038886376612747,1.3455610908837736,72.00354595068352,69.82152393870899,67.76889262452323,26.124608231080458,20.714783117083513,5.409825113996945,366.61233061646345,208.19166566039206,287.40199813842776,0.5512162962756012,0.8698886245542583,-0.29530017702259415,142907840.0,0.6217468544762834,0.056186046847983784,0.10175873359297372,0.030657525449785616,-0.0520666202254525,-0.05771559508909463,-0.03731492054581298,-0.06145717075892854,-0.2602849303824406,0
2024-11-20,-0.011473991967350106,-0.01154032611298051,0.03596181140381127,-0.00860869919044384,331.73399658203124,335.49178992429626,328.55299682617186,322.6267934772743,293.82099838256835,300.3859807948298,259.41979919433595,268.22931636380514,1.0310369220621005,1.0410192635079063,1.1640760893949391,1.3184421537658972,68.6240414865056,68.04844638383197,66.50737868164701,26.503561739431234,21.87253884155306,4.631022897878175,368.7772161340457,218.864780631091,293.82099838256835,0.5102168882693737,0.8215810632052492,-0.2533614698517206,133019040.0,0.49873085837937187,0.021432396454288627,-0.29530017702259415,0.056186046847983784,0.10175873359297372,0.030657525449785616,-0.0520666202254525,0.005327407385385952,-0.19470351771701577,0
2024-11-21,-0.006987644766217049,-0.007012172684276001,0.037421949437360255,-0.012128742444278636,337.4260009765625,336.87453149901,332.8259979248047,325.7201064174858,297.7789985656738,304.1244602094591,261.6163995361328,271.029735904379,1.0065614791553328,1.020473210524775,1.1405774627639882,1.2982367131825334,66.43405679062286,66.94626312774761,65.7339063487455,26.307773739928905,22.759585821228228,3.548187918700677,373.62966553711306,221.92833159423455,297.7789985656738,0.5094426896241356,0.7759436255090941,-0.12554887120576053,127089290.0,0.4564641127509643,-0.011473991967350106,-0.2533614698517206,0.021432396454288627,-0.29530017702259415,0.056186046847983784,0.10175873359297372,-0.05771559508909463,-0.03731492054581298,1
2024-11-22,0.038040225983177356,0.0373345373484672,0.06759129435353822,0.03362749228605553,343.79400024414065,342.10302018553796,335.9599975585937,330.60008662495994,301.9474983215332,308.73736852842427,264.06179962158205,274.22700106728934,1.0254978193576039,1.0494106444833655,1.1676201972806712,1.3351419935175608,72.0579467664925,69.79448276893966,67.85584666681946,26.885228801642597,23.584714417311105,3.3005143843314926,380.18140113487607,223.71359550819034,301.9474983215332,0.5181954031626674,0.8234690934300962,0.5365986516513048,115525080.0,0.7716134020422232,-0.006987644766217049,-0.12554887120576053,-0.011473991967350106,-0.2533614698517206,0.021432396454288627,-0.29530017702259415,0.030657525449785616,-0.0520666202254525,0
2024-11-25,-0.039624464821427674,-0.040430888534493496,0.0700847063569741,-0.059837889248668,343.7640014648438,340.9320122363222,334.8189971923828,332.05279748185643,305.75149765014646,311.58047593884964,266.2979995727539,276.751040097509,0.9849489617734675,1.011262799235197,1.107402576733473,1.271470295988409,59.485247498071686,63.4299507740215,63.39854850708341,25.916850432938986,24.05114162043668,1.8657088125023051,383.3410158681087,228.16197943218424,305.75149765014646,0.5075332014022929,0.7116168487829452,0.07572522988937713,104062010.0,0.921478453087731,0.038040225983177356,0.5365986516513048,-0.006987644766217049,-0.12554887120576053,-0.011473991967350106,-0.2533614698517206,0.056186046847983784,0.10175873359297372,0
2024-11-26,-0.001063189566898104,-0.001063755153845317,0.03340918140296402,-0.008123134937454179,342.2100036621094,340.03134515299087,335.7929992675781,333.1759272099422,309.6869987487793,314.1185268957524,268.50519989013674,279.16198013236465,0.9883697360299525,1.007257482210962,1.0921672926305286,1.2596776938574017,59.17484945060457,63.26984197536587,63.28606982415151,24.834083928753785,24.207730082100106,0.6263538466536787,385.46087913807276,233.9131183594858,309.6869987487793,0.48935783998321414,0.6883433452985855,-0.3503460703778982,94719000.0,0.657691698603237,-0.039624464821427674,0.07572522988937713,0.038040225983177356,0.5365986516513048,-0.006987644766217049,-0.12554887120576053,0.021432396454288627,-0.29530017702259415,0
2024-11-27,-0.015788061864523528,-0.015914020837727676,0.04794373742911257,-0.026067798311122523,340.3820068359375,337.6509016514731,336.05800170898436,333.1239431078504,313.45400009155276,315.9062876341033,270.61900024414064,281.26896187809297,0.9779894587932461,0.9905730943931214,1.0620059547850975,1.2301058475129931,54.273657439950846,60.81745022486527,61.58427892239395,23.276770476255535,24.021538160931193,-0.7447676846756579,385.90358366435066,241.00441651875485,313.45400009155276,0.46226612869280365,0.6341347568779003,-0.07062262524500007,87968080.0,0.6581523661764586,-0.001063189566898104,-0.3503460703778982,-0.039624464821427674,0.07572522988937713,0.038040225983177356,0.5365986516513048,-0.011473991967350106,-0.2533614698517206,1
2024-11-29,0.03685898787510977,0.03619593916712737,0.031289889314984,0.027017428745020847,341.4860046386719,340.15393565501853,339.4560028076172,335.31231775407923,318.2194999694824,318.69235582724673,272.64380035400393,283.7744929284466,1.0107588568009542,1.016803358336028,1.0846601282926112,1.2659741509396125,62.581698426282365,64.2466856548811,63.924733076075086,22.77019329973342,23.77126918869164,-1.0010758889582192,385.6736527383284,250.76534720063637,318.2194999694824,0.4239473242545787,0.6996949230460838,-0.35803262379008016,79612230.0,0.466857918689126,-0.015788061864523528,-0.07062262524500007,-0.001063189566898104,-0.3503460703778982,-0.039624464821427674,0.07572522988937713,-0.006987644766217049,-0.12554887120576053,1
2024-12-02,0.034563659025395044,0.03397975234247804,0.02478368532940209,0.013366227906843012,342.3920043945312,345.79928921597593,343.09300231933594,339.27189567840855,323.625,322.34927397111755,275.0206002807617,286.6496107092091,1.0429273807644854,1.0407965010184816,1.1034067094256952,1.298411813418145,68.97575139290637,67.24807366435248,66.03715430379705,23.065493294546513,23.630114009862616,-0.5646207153161029,385.0786110533335,262.1713889466665,323.625,0.3797828415810489,0.7722785184164972,1.0982387886223486,75966850.0,1.0265859384718465,0.03685898787510977,-0.35803262379008016,-0.015788061864523528,-0.07062262524500007,-0.001063189566898104,-0.3503460703778982,0.038040225983177356,0.5365986516513048,0
2024-12-03,-0.01587830229999254,-0.016005713052796626,0.021313499368797995,-0.0010800863513900593,344.9580078125,347.6728639532288,344.3610046386719,341.4806443601041,329.0540008544922,325.11791582412866,277.0490005493164,289.18962650209244,1.0187327311408487,1.0204988622230013,1.0679706446819117,1.2684399248182072,63.00592234644761,64.47767994280495,64.16224026467737,22.58169273588851,23.420429755067797,-0.8387370191792876,379.13313125163734,278.97487045734704,329.0540008544922,0.30438244341110543,0.7233067187456315,-0.2528553018791714,69185010.0,0.8421939954912199,0.034563659025395044,1.0982387886223486,0.03685898787510977,-0.35803262379008016,-0.015788061864523528,-0.07062262524500007,-0.039624464821427674,0.07572522988937713,1
2024-12-04,0.018524782309774723,0.018355288553428408,0.0265415030715385,0.013965984917227336,348.89800415039065,351.0919068607463,345.55400390625,344.4714349629545,334.3785003662109,328.24287552428603,279.1222003173828,291.88532713635476,1.0258871888573413,1.0358149193168917,1.070433632197575,1.2823415416931656,66.84921864391953,66.19942283863513,65.34829510783456,22.464620070278272,23.229267818109896,-0.7646477478316243,371.20914184762455,297.5478588847973,334.3785003662109,0.22029311957004868,0.8197268817793393,-0.12796736414311993,65380850.0,0.7771526372018718,-0.01587830229999254,-0.2528553018791714,0.034563659025395044,1.0982387886223486,0.03685898787510977,-0.35803262379008016,-0.001063189566898104,-0.3503460703778982,1
2024-12-05,0.03229681165351517,0.03178623389945424,0.043113462060708416,0.026731862193887155,356.21799926757814,357.22460131862255,348.3000030517578,349.02026319412187,338.42649993896487,332.17117216334213,281.37160034179686,294.92864725784574,1.0372580582510864,1.0608383204046896,1.0917879962148722,1.3131744276449226,72.72050116693005,69.06661768580562,67.36225798134596,23.039054452946914,23.1912251450773,-0.1521706921303867,371.84950510558247,305.00349477234727,338.42649993896487,0.19752002383173559,0.9647022333951569,0.6020893154815208,66887140.0,1.2170291628555205,0.018524782309774723,-0.12796736414311993,-0.01587830229999254,-0.2528553018791714,0.034563659025395044,1.0982387886223486,-0.015788061864523528,-0.07062262524500007,1
2024-12-06,0.053397958017247005,0.05202108959673976,0.0480191212753434,0.0312648703649843,365.0299987792969,367.8897346193161,353.25800170898435,356.32930647168206,343.04199981689453,337.60439397832886,284.07160034179685,298.62634741325195,1.06626853278443,1.1018009481391575,1.1346132585177822,1.3701475288356562,79.83269338179035,73.23904655755953,70.44101396730224,24.800460564169896,23.513072228895822,1.2873883352740734,377.72856753042635,308.3554321033627,343.04199981689453,0.20222927648536598,1.16564673946961,0.000641249281358558,69231550.0,1.176570508677041,0.03229681165351517,0.6020893154815208,0.018524782309774723,-0.12796736414311993,-0.01587830229999254,-0.2528553018791714,0.03685898787510977,-0.35803262379008016,1
2024-12-09,0.0014644862094215227,0.0014634148953150045,0.06872925790825217,-0.019667455785161644,371.57000122070315,375.18982592785136,356.9810028076172,362.41307048499834,346.47050018310546,342.5744525084806,286.65820068359375,302.2013929478273,1.0490351946184064,1.0919068675343095,1.125030870850253,1.3597727454347712,80.00837049698809,73.35088269359284,70.52535640217317,25.943323935701983,23.999122570257054,1.944201365444929,385.1741803719674,307.7668199942435,346.47050018310546,0.22341688639239135,1.0596303523389852,0.18296303025690008,69953400.0,1.3774770061212178,0.053397958017247005,0.000641249281358558,0.03229681165351517,0.6020893154815208,0.018524782309774723,-0.12796736414311993,0.034563659025395044,1.0982387886223486,1
2024-12-10,0.02873337295448497,0.028328310501358537,0.04708348173922573,0.02116226370986757,381.48399658203124,383.7898806966926,363.22100219726565,369.42705589397593,349.0199996948242,348.1378370538039,289.445400390625,306.07545558651543,1.0511318792586608,1.1039834916170321,1.1489026147068715,1.385373509799131,83.33596964380935,75.51601406386881,72.16401817339663,27.436525128674134,24.686603081940472,2.749922046733662,394.4508103239478,303.5891890657006,349.0199996948242,0.2603335663792753,1.0719685585605119,0.01249906599473638,70120670.0,1.3913671960065412,0.0014644862094215227,0.18296303025690008,0.053397958017247005,0.000641249281358558,0.03229681165351517,0.6020893154815208,-0.01587830229999254,-0.2528553018791714,1
2024-12-11,0.05930322291934931,0.0576113551148347,0.05296984387302325,0.03678295425342922,394.85199584960935,397.4499168023524,371.875,379.48940737028425,353.83399963378906,355.436137240458,292.780400390625,310.7301431718941,1.0757701454685256,1.1422386259191177,1.2004781605309272,1.4508142910076889,88.20087120060526,79.3518630024921,75.23365183073857,30.19072510979362,25.787427487511103,4.4032976222825155,408.9209862226537,298.7470130449244,353.83399963378906,0.3113719238166968,1.1438543272416166,0.06891914607497052,74319840.0,1.4032269176036978,0.02873337295448497,0.01249906599473638,0.0014644862094215227,0.18296303025690008,0.053397958017247005,0.000641249281358558,0.018524782309774723,-0.12796736414311993,0
2024-12-12,-0.015702575706076027,-0.01582716714006912,0.03420231424112507,-0.015864773308712773,404.5739990234375,404.3332799027402,380.3959991455078,386.5095162308718,358.2270004272461,361.40412475122537,296.1620004272461,314.9407260319577,1.0334327146893454,1.0991177800047929,1.1671370544511186,1.4117273840005153,80.50954770424501,75.76633411615347,72.86711234413418,31.472441841657826,26.92443035834045,4.548011483317374,418.82461365715767,297.6293871973345,358.2270004272461,0.33831963061209075,0.9940211543407425,-0.15855576310126995,77305420.0,1.135136449682312,0.05930322291934931,0.06891914607497052,0.02873337295448497,0.01249906599473638,0.0014644862094215227,0.18296303025690008,0.03229681165351517,0.6020893154815208,1
2024-12-13,0.04336284290396253,0.04244899941747966,0.047199862043732554,0.03864288330078125,413.9760009765625,414.9655235972695,389.5029998779297,395.5496061864093,364.47950134277346,368.53039963075895,300.07340057373045,319.6971685791879,1.0537567635739,1.1199657284360909,1.1968574621596542,1.453744351056344,84.73173794877448,78.59723039723245,75.10234416089725,33.56424375224117,28.252393037120598,5.3118507151205705,429.9768707704844,298.9821319150625,364.47950134277346,0.35940221157246477,1.0477358119148987,0.014221865662627176,82488680.0,1.0789383464494764,-0.015702575706076027,-0.15855576310126995,0.05930322291934931,0.06891914607497052,0.02873337295448497,0.01249906599473638,0.053397958017247005,0.000641249281358558,1
2024-12-16,0.06141250567967771,0.05960057359180242,0.05839922505834505,0.049717728485916726,428.6219970703125,430.9836787360703,400.0959991455078,407.8169485186388,371.59450073242186,377.5294081434173,304.3322003173828,325.3176713413245,1.0802525119533626,1.1572722296712588,1.2460356331997597,1.5214295054246523,88.88331015297997,81.95219766603948,77.92403821515809,36.95771365300209,29.993457160296895,6.964256492705193,446.7375596839196,296.45144178092414,371.59450073242186,0.4044357965652824,1.1083428699666196,0.28183756890433953,86098410.0,1.3250395680942308,0.04336284290396253,0.014221865662627176,-0.015702575706076027,-0.15855576310126995,0.05930322291934931,0.06891914607497052,0.0014644862094215227,0.18296303025690008,1
2024-12-17,0.036369912179738284,0.035724138195772255,0.05518272262137011,0.008321058007702947,444.39599609375,447.2757809412344,412.93999633789065,420.91568248826127,378.65050048828124,387.2751774013359,309.112799987793,331.3781542436868,1.0798026750230463,1.1620574165911364,1.2672899804246094,1.5523782430572672,90.73150812328464,83.68359630489903,79.46042923984075,40.53860614746981,32.10248695773148,8.436119189738328,465.68917027544956,291.6118307011129,378.65050048828124,0.45973091109046116,1.0814052829091034,0.15023342490344826,93393990.0,1.4050475838969938,0.06141250567967771,0.28183756890433953,0.04336284290396253,0.014221865662627176,-0.015702575706076027,-0.15855576310126995,0.02873337295448497,0.01249906599473638,0
2024-12-18,-0.0827949436951747,-0.08642421525210743,0.139799600337813,-0.05652732072280279,447.46799926757814,444.8938555884272,421.1599975585938,424.4091956509069,383.35700073242185,392.30897049480984,313.02540008544923,335.64293270012314,0.9836010744974466,1.045042281874312,1.148094345588898,1.4060520480531817,62.24673679509202,67.2836225202248,67.77562784515385,39.7128271111842,33.62455498842202,6.088272122762177,472.96648859960993,293.7475128652338,383.35700073242185,0.4674988989165967,0.8167800949523056,0.13806878367359388,103246980.0,1.4464423075619257,0.036369912179738284,0.15023342490344826,0.06141250567967771,0.28183756890433953,0.04336284290396253,0.014221865662627176,0.05930322291934931,0.06891914607497052,0
2024-12-19,-0.008997322180141931,-0.009038042516689774,0.0833161272420015,-0.034765847758969216,451.0820007324219,441.9859082015296,427.8279998779297,426.5475261557846,388.0640014648437,396.48621267889786,316.92780029296875,339.5851711600295,0.9669417372440601,1.0194985217241155,1.1239641187569642,1.376244094158158,60.05432765648151,65.89740397512722,66.74837740146496,38.297384649174376,34.55912092057249,3.7382637286018863,478.38285628566166,297.7451466440258,388.0640014648437,0.46548432464689865,0.7663121230795461,-0.2060702768433007,106963230.0,1.1084753143673765,-0.0827949436951747,0.13806878367359388,0.036369912179738284,0.15023342490344826,0.06141250567967771,0.28183756890433953,-0.015702575706076027,-0.15855576310126995,0
2024-12-20,-0.034642491239586515,-0.0352567708528249,0.06991871014707667,-0.010458067036971374,448.047998046875,435.01060465388434,431.0119995117187,425.54979368356805,392.13500061035154,398.8265731436308,320.5736001586914,342.78026239134573,0.9397653809280992,0.9769101510760737,1.0737628543823452,1.313458118042656,51.914565752108984,60.75397887566443,62.92716710184708,35.54662493411644,34.75662172328128,0.7900032108351596,480.6786285672956,303.59137265340746,392.13500061035154,0.45159767844812326,0.6633375411402134,0.11512649905833117,112039270.0,1.1800880173532013,-0.008997322180141931,-0.2060702768433007,-0.0827949436951747,0.13806878367359388,0.036369912179738284,0.15023342490344826,0.04336284290396253,0.014221865662627176,1
2024-12-23,0.022657123925894362,0.02240426356053564,0.04435672511096995,-0.000928060084650522,441.5640014648437,433.5404051370948,435.09299926757814,426.4680141235585,396.03700103759763,401.8526143779056,324.82960021972656,346.22417390947004,0.975170087858258,0.9896734878023185,1.0872721613772567,1.3256181265877314,56.27954970614502,62.73181750130294,64.28270579938152,33.74740789104061,34.55477895683315,-0.8073710657925375,484.1377773034701,307.93622477172516,396.03700103759763,0.4449118442723924,0.6961560756378185,-0.45015739372331076,109673160.0,0.6628613600629361,-0.034642491239586515,0.11512649905833117,-0.008997322180141931,-0.2060702768433007,-0.0827949436951747,0.13806878367359388,0.06141250567967771,0.28183756890433953,1
2024-12-24,0.07357174228224572,0.07099116636191981,0.05979056892758915,0.06051847958749251,438.0480041503906,443.1202696844955,441.2220001220703,432.9792840609654,402.221501159668,407.6076033685143,329.69200012207034,350.7753827278947,1.0553181258659197,1.0477265382310958,1.1493169744692184,1.4021571606473164,67.65482106480952,68.42282865391748,68.32145578806251,34.480357966573024,34.539894758781124,-0.0595367922080996,490.6881609348482,313.75484138448775,402.221501159668,0.43989025708529705,0.8394414221824085,-0.18083416210327363,105871980.0,0.562488771816679,0.022657123925894362,-0.45015739372331076,-0.034642491239586515,0.11512649905833117,-0.008997322180141931,-0.2060702768433007,0.036369912179738284,0.15023342490344826,0
2024-12-26,-0.017629994630971146,-0.017787254049436575,0.031510795157185044,-0.02371226823557476,440.84800415039064,446.79018141726783,444.1580017089844,436.8248696649376,408.01650085449216,412.0383082746379,334.38320007324216,354.82850516534245,1.0301282995666934,1.0224514770317294,1.1130187233402244,1.3581125032099142,62.7543275356301,65.64558710222926,66.29647744741814,34.011526085671505,34.4342210241592,-0.42269493848769457,494.1091149091232,321.9238867998611,408.01650085449216,0.4220055506300889,0.7678133573633766,0.2823525065573165,103079860.0,0.740846951092095,0.07357174228224572,-0.18083416210327363,0.022657123925894362,-0.45015739372331076,-0.034642491239586515,0.11512649905833117,-0.0827949436951747,0.13806878367359388,0
2024-12-27,-0.04947922616674816,-0.05074526160258332,0.054440994765859986,-0.039731237293252605,439.9460021972656,441.7467888322151,445.5140014648438,435.8858031189688,412.95500030517576,413.90704116868284,338.5898001098633,357.8415051063921,0.9811658737804807,0.968903339160649,1.0452955003404985,1.2748759812671477,50.89613547189035,58.585163294944905,61.05760141670094,31.46413319173905,33.84020345767517,-2.3760702659361215,492.3110860612859,333.5989145490656,412.95500030517576,0.384332848361035,0.6178548764011675,0.08250225229944053,102571320.0,0.8059445856795058,-0.017629994630971146,0.2823525065573165,0.07357174228224572,-0.18083416210327363,0.022657123925894362,-0.45015739372331076,-0.008997322180141931,-0.2060702768433007,0
2024-12-30,-0.03301209257078741,-0.03356928885086787,0.02695191754222259,-0.0047448504132934395,439.21600341796875,433.63452710884656,443.6320007324219,432.5265668540852,416.56750030517577,414.2406566442473,342.5202001953125,360.1775246575967,0.9503524471190358,0.9408924581026147,1.0020224894076384,1.2186434651856828,44.65323658120065,54.576261061544265,58.00537348024764,27.97299479117379,32.666761724374894,-4.693766933201104,489.5738344039818,343.56116620636976,416.56750030517577,0.3505138257080634,0.5057700702776924,-0.21442465415378364,100165400.0,0.6483376495276812,-0.04947922616674816,0.08250225229944053,-0.017629994630971146,0.2823525065573165,0.07357174228224572,-0.18083416210327363,-0.034642491239586515,0.11512649905833117,0
2024-12-31,-0.03251001941775111,-0.03305021011916344,0.06287139550589664,-0.047075230196033616,433.86400146484374,423.70301685186126,437.71400146484376,427.31082676023163,418.9050003051758,413.2501175674514,346.1830001831055,361.88977844898073,0.9307985796803057,0.9226115568302792,0.9640371827590738,1.1665506282061475,39.29794261984593,50.997469933962535,55.24405021698537,23.836484123372486,30.900706204174412,-7.064222080801926,486.9707947202728,350.8392058900788,418.9050003051758,0.32497007371843495,0.38933498759000923,0.1829984139449654,96439530.0,0.7966142099614131,-0.03301209257078741,-0.21442465415378364,-0.04947922616674816,0.08250225229944053,-0.017629994630971146,0.2823525065573165,0.022657123925894362,-0.45015739372331076,0
2025-01-02,-0.06081615932376483,-0.06274403546918701,0.05191415973628461,-0.02773649616746632,417.2640014648438,408.8953441610065,427.6560028076172,418.5779489455162,420.2979995727539,410.0148681590557,349.39160003662107,362.57174787369905,0.9089688960653194,0.8868810359009915,0.9024073375672663,1.0855441251007267,31.357177312042367,45.21813175468165,50.66094481153842,18.364785257903918,28.393522014920315,-10.028736757016397,483.7674728645329,356.82852628097487,420.2979995727539,0.30202129611036804,0.17686827488790635,0.42805801749688577,94288300.0,1.163566423405661,-0.03251001941775111,0.1829984139449654,-0.03301209257078741,-0.21442465415378364,-0.04947922616674816,0.08250225229944053,0.07357174228224572,-0.18083416210327363,1
2025-01-03,0.08215567328200035,0.07895504556688626,0.07901274847207639,0.07591483333609327,408.5260009765625,409.41023025447316,424.68700256347654,417.0983223084053,422.92350006103516,410.0553571383272,353.24100006103515,364.4489343273346,1.004685139893834,0.9664529405513397,0.97048284709214,1.1619262836717366,47.1610268363259,52.56324233735082,55.57113213456254,16.35425469808513,25.98566855155328,-9.631413853468153,479.8645519771015,365.9824481449688,422.92350006103516,0.26927353011998034,0.39038227079093885,-0.1302279540646446,88896550.0,1.0734196096473936,-0.06081615932376483,0.42805801749688577,-0.03251001941775111,0.1829984139449654,-0.03301209257078741,-0.21442465415378364,-0.017629994630971146,0.2823525065573165,1
2025-01-06,0.0014861742226248698,0.0014850709586745647,0.06016295147344856,-0.028709886728733498,404.40399780273435,409.9568161006384,422.175,415.99862512378047,425.00149993896486,410.15008386734075,357.18899993896486,366.27642662010453,1.0164340363259126,0.9736483396529134,0.9671730284528415,1.150791283783116,47.437411025769514,52.69695028728048,55.66182981969841,14.641339219741042,23.716802685190835,-9.075463465449793,476.7912588066627,373.211741071267,425.00149993896486,0.2437156521806886,0.36530626468413724,-0.10381950739494439,85591590.0,0.9991226941805847,0.08215567328200035,-0.1302279540646446,-0.06081615932376483,0.42805801749688577,-0.03251001941775111,0.1829984139449654,-0.04947922616674816,0.08250225229944053,0
2025-01-07,-0.040603340073111505,-0.04145067133894483,0.06169486630489659,-0.028263069758795847,399.793994140625,404.7578725176131,419.5049987792969,412.0643269833772,425.2584991455078,408.64626496107616,359.86659942626954,367.37774264878914,0.9864079779368794,0.9400602769909703,0.9273418077333406,1.0958504789838381,40.65001324884615,48.65585561583501,52.57819512529972,11.801062348564528,21.333654617865573,-9.532592269301045,476.38219504420664,374.134803246809,425.2584991455078,0.24043585725587663,0.1978063376406661,-0.11479655972823954,79939920.0,0.946954913139768,0.0014861742226248698,-0.10381950739494439,0.08215567328200035,-0.1302279540646446,-0.06081615932376483,0.42805801749688577,-0.03301209257078741,-0.21442465415378364,1
2025-01-08,0.0014707807875757872,0.0014697002488738569,0.03823367096311263,0.005064232529725806,398.0139953613281,401.48524915887754,415.9389984130859,408.95081343029153,425.51599884033203,407.34090662586954,362.38159942626953,368.458615581833,0.9922766712835532,0.9495142411464271,0.9281437208418597,1.0898456297634425,40.992325154717285,48.80279184652801,52.67386609176407,9.487558330182253,18.96443536032891,-9.476877030146657,475.9700030555958,375.0619946250683,425.51599884033203,0.23714268959459642,0.19699137982713685,-0.03514818459831304,79973990.0,0.9132819307877473,-0.040603340073111505,-0.11479655972823954,0.0014861742226248698,-0.10381950739494439,0.08215567328200035,-0.1302279540646446,-0.03251001941775111,0.1829984139449654,0
2025-01-10,-0.0005064369418008585,-0.0005065652243020289,0.05570753097834995,0.008533460372955375,401.1059936523437,399.2368295173767,409.18499755859375,406.36702739467034,425.20349884033203,406.1408193504891,365.02619903564454,369.48925772506993,0.9841288748642175,0.9646981013223724,0.9283554611167573,1.0814018042464644,40.897426542606766,48.750980876015,52.635417081771955,7.550908244220011,16.681729937107132,-9.130821692887121,476.33414950965897,374.0728481710051,425.20349884033203,0.24049967043440057,0.2021013012041331,-0.14720258273684672,80247540.0,0.7761895255605343,0.0014707807875757872,-0.03514818459831304,-0.040603340073111505,-0.11479655972823954,0.0014861742226248698,-0.10381950739494439,-0.06081615932376483,0.42805801749688577,1
2025-01-13,0.021710512074366584,0.021478195369560783,0.05881332316156391,0.05245167545656714,399.67999267578125,400.5945521977824,404.1029968261719,405.81120378811096,424.1304992675781,405.8712172750705,367.901999206543,370.8155612479532,1.0090822781958895,0.998037630817375,0.9509101520759794,1.096243016967604,47.02767179675075,51.14430558811325,54.14141578945363,6.631186872315936,14.671621324148894,-8.040434451832958,476.1455511185275,372.1154474166287,424.1304992675781,0.24527852602334943,0.29986080020985,0.08498040531536932,79368950.0,0.851472773672828,-0.0005064369418008585,-0.14720258273684672,0.0014707807875757872,-0.03514818459831304,-0.040603340073111505,-0.11479655972823954,0.08215567328200035,-0.1302279540646446,0
2025-01-14,-0.017232432245921525,-0.017382638722844804,0.07089516384604652,-0.04339434074731609,396.7419921875,399.18302991570914,400.5729949951172,404.0928004360112,423.04349822998046,404.96538566330776,370.67819915771486,371.81730336966336,0.9990371403999077,0.9894825420180757,0.9369248954538667,1.069283238809846,42.825048305150645,49.14010491130451,52.71419189374992,5.280621440521713,12.79342134742346,-7.512799906901746,476.4083392126496,369.6786572473113,423.04349822998046,0.25229008934517766,0.2499897649176567,0.25132249687409836,79558770.0,1.0629249295835017,0.021710512074366584,0.08498040531536932,-0.0005064369418008585,-0.14720258273684672,0.0014707807875757872,-0.03514818459831304,0.0014861742226248698,-0.10381950739494439,1
2025-01-15,0.08038151439752794,0.07731423282838396,0.05637285521938456,0.044693846296678066,403.5139953613281,408.8620203507072,401.65399475097655,408.479564215046,422.6429977416992,407.18011095448827,374.24559906005857,374.0291738736257,1.06122713497769,1.066141521849415,1.013195542121373,1.1442218754107054,61.314453830595774,57.38446523338785,58.038500488185484,6.703847836050045,11.575506645148776,-4.871658809098731,475.7254530678146,369.5605424155838,422.6429977416992,0.2511928772498299,0.5525315138941976,-0.0377165493998699,81202220.0,1.0021339318062978,-0.017232432245921525,0.25132249687409836,0.021710512074366584,0.08498040531536932,-0.0005064369418008585,-0.14720258273684672,-0.040603340073111505,-0.11479655972823954,0
2025-01-16,-0.03362756026209679,-0.03420597069137618,0.035933485220634075,-0.02283402945322161,407.2899963378906,410.5146826752111,402.65199584960936,409.4505538712592,420.18299865722656,407.81248203731974,377.5423992919922,375.58959871482546,1.0160328292986376,1.0277361383768744,0.9848566187748149,1.0960888316127095,52.38214852143762,53.18788770060402,55.09444600209843,6.593796663185401,10.579164648756102,-3.9853679855707007,470.0132046432809,370.3527926711722,420.18299865722656,0.23718335175528807,0.4361532708214313,-0.16024847773592787,80353230.0,0.8504350105154453,0.08038151439752794,-0.0377165493998699,-0.017232432245921525,0.25132249687409836,0.021710512074366584,0.08498040531536932,0.0014707807875757872,-0.03514818459831304,1
2025-01-17,0.030641323404759335,0.03018125256143425,0.04686984814624853,0.011862396204033215,413.6419982910156,415.8431217834741,407.3739959716797,412.55045316739387,417.51499938964844,409.59224565281306,381.21559936523437,377.5860850397343,1.0310848554114618,1.0469494965742732,1.0215201863968635,1.1187894742769422,58.58090760008468,56.22374200801839,57.106179218096386,7.443940639628011,9.952119846930485,-2.508179207302474,459.35145360430613,375.67854517499075,417.51499938964844,0.20040695196971145,0.6073824345181195,0.3900800758613423,78881300.0,1.2042321817718522,-0.03362756026209679,-0.16024847773592787,0.08038151439752794,-0.0377165493998699,-0.017232432245921525,0.25132249687409836,-0.0005064369418008585,-0.14720258273684672,0
2025-01-21,-0.00569752092797482,-0.005713813715474868,0.06340937624451944,-0.019808633122349355,417.79400024414065,418.5854169637223,408.73699645996095,414.64491755954384,416.7119995117188,410.97108009770886,384.66819946289064,379.4089839528514,1.015021774071458,1.037513146588285,1.017657297656707,1.102430634807724,56.92413036920346,55.48116937624165,56.595990030462225,7.831331055700218,9.527962088684433,-1.6966310329842145,457.3815900819792,376.04240894145835,416.7119995117188,0.19519279798957032,0.5904608051043487,-0.08074941521021906,78071060.0,1.1184797542136613,0.030641323404759335,0.3900800758613423,-0.03362756026209679,-0.16024847773592787,0.08038151439752794,-0.0377165493998699,0.021710512074366584,0.08498040531536932,0
2025-01-22,-0.021128638710367298,-0.021355043154943146,0.032304700285039525,-0.004078626273335173,421.54400024414065,417.4269397596691,409.1429962158203,414.72947533991083,415.6589981079102,411.36526155045686,387.1997991943359,380.8090232233891,0.9847370265290175,1.0145841165336598,0.9986791750958194,1.0720821297306986,50.749756997562855,52.71643133558513,54.70382399843915,7.330836539924292,9.088536978932405,-1.7577004390081132,455.3373395310294,375.980656684791,415.6589981079102,0.19091775519710136,0.4930817073413786,-0.3018475531058429,75615740.0,0.806225000244658,-0.00569752092797482,-0.08074941521021906,0.030641323404759335,0.3900800758613423,-0.03362756026209679,-0.16024847773592787,-0.017232432245921525,0.25132249687409836,0
2025-01-23,-0.006576523247056931,-0.006598243859181292,0.028565882535076935,-0.008844860590720444,418.3760009765625,415.74462813405023,410.9449981689453,414.3022988931657,415.2249984741211,411.46190377258597,389.50919921875,382.04710093552336,0.9856684033506837,1.0034919678308805,0.9931483085031888,1.0587169846307485,48.865684019179874,51.868333749063794,54.124914641446395,6.637392690570891,8.598308121260104,-1.9609154306892123,454.84738552565915,375.60261142258304,415.2249984741211,0.1908477919062839,0.4640986598358142,-0.16850629805145068,73114850.0,0.6933010188764662,-0.021128638710367298,-0.3018475531058429,-0.00569752092797482,-0.08074941521021906,0.030641323404759335,0.3900800758613423,0.08038151439752794,-0.0377165493998699,0
2025-01-24,-0.014064741844588391,-0.014164587635274254,0.032219997383435464,-0.018989082888081304,416.92799682617186,412.6897476134554,412.10899658203124,412.8982421075475,414.0239974975586,410.9969592773174,391.2163989257813,383.00917488206227,0.9751803420910096,0.9865836221591318,0.9820203394723832,1.0392713283202604,44.747991485608,50.02689253241114,52.876623968414805,5.555776901312186,7.989801877270521,-2.4340249759583354,453.16263590661583,374.88535908850133,414.0239974975586,0.1890645887466368,0.4049020197446329,0.113166938248906,71453680.0,0.7897018040218502,-0.006576523247056931,-0.16850629805145068,-0.021128638710367298,-0.3018475531058429,-0.00569752092797482,-0.08074941521021906,-0.03362756026209679,-0.16024847773592787,0
2025-01-27,-0.023193450212053546,-0.023466650856007368,0.04454237117782024,0.00595239659619229,411.05799560546876,407.5098297077984,412.34999694824216,410.03492425099057,410.76749725341796,409.678200669619,392.1593988037109,383.5637168041965,0.9661653541406036,0.9631381031544771,0.966848634694842,1.0127259351885927,38.58125900564118,47.0991346107031,50.873617235713226,3.8927932985394023,7.170400161524298,-3.2776068629848956,443.64046348282545,377.89453102401046,410.76749725341796,0.1600563162821372,0.2928768693718969,0.030099012708432626,71037500.0,0.8182368467358789,-0.014064741844588391,0.113166938248906,-0.006576523247056931,-0.16850629805145068,-0.021128638710367298,-0.3018475531058429,0.030641323404759335,0.3900800758613423,1
2025-01-28,0.0023668700890153715,0.0023640734639690623,0.03539399750686356,0.0029729476830868216,405.86199340820315,404.3698852511625,411.8279968261719,407.8631191758815,407.9654968261719,408.57456216183533,393.55139892578126,384.13337482512566,0.9808506408667448,0.9666414119628687,0.9757932948616753,1.0115324133632804,39.55007597476168,47.42941044220749,51.06762624582352,2.6205095503989355,6.260422039299226,-3.6399124889002907,434.52316004139834,381.40783361094543,407.9654968261719,0.13019563380646518,0.3140743707710834,-0.15853282982511974,69170520.0,0.7071032572835942,-0.023193450212053546,0.030099012708432626,-0.014064741844588391,0.113166938248906,-0.006576523247056931,-0.16850629805145068,-0.00569752092797482,-0.08074941521021906,0
2025-01-29,-0.02258280870425211,-0.02284170549807513,0.036263133205422515,-0.015460098387358196,400.6599975585938,399.2799255352802,411.1019989013672,404.45164407181494,405.8374969482422,406.71984253723343,394.72859924316407,384.3281446791801,0.9711476276006626,0.9464804528884561,0.9587581458820669,0.9857405996159374,33.63095686502837,44.56383716537298,49.119657521918846,0.8766924691945519,5.183676125278292,-4.30698365608374,431.2558241696229,380.41916972686147,405.8374969482422,0.1252635718114652,0.1707593953970394,0.3909757987516025,67517380.0,1.0076457350685113,0.0023668700890153715,-0.15853282982511974,-0.023193450212053546,0.030099012708432626,-0.014064741844588391,0.113166938248906,-0.021128638710367298,-0.3018475531058429,1
2025-01-30,0.028732954254456988,0.028327903495885404,0.07017586795132039,-0.025561127686845875,398.2399963378906,399.6132832832858,408.30799865722656,403.69316310953894,404.9809967041016,406.1065240840966,396.5105993652344,384.9537075850671,1.0051225453499537,0.9803383722475906,0.9883920530517152,1.0095064278737993,45.47129331069271,48.713685863136156,51.53371516986485,0.3923144854734346,4.225403797317321,-3.833089311843886,429.93193983079317,380.03005357741,404.9809967041016,0.1232203156679074,0.4057951857584141,0.4418302133063663,69189120.0,1.4177503630628632,-0.02258280870425211,0.3909757987516025,0.0023668700890153715,-0.15853282982511974,-0.023193450212053546,0.030099012708432626,-0.006576523247056931,-0.16850629805145068,1
2025-01-31,0.010792463618949588,0.010734640646320742,0.04609489277099228,0.007645773251194106,397.8440002441406,401.2755242233624,407.38599853515626,403.85804365389833,405.0189971923828,405.9630461811841,398.1881994628906,385.72415066422195,1.0169815451665203,0.9931612955730971,0.9989655026263665,1.0161024526826103,49.53029305123091,50.26302370250826,52.44906878378221,0.35296121371544587,3.450915280596946,-3.0979540668815,429.9651881072974,380.0728062774682,405.0189971923828,0.12318528803756454,0.4916021028962645,-0.15097219064784506,70683960.0,1.1782531708749764,0.028732954254456988,0.4418302133063663,-0.02258280870425211,0.3909757987516025,0.0023668700890153715,-0.15853282982511974,-0.014064741844588391,0.113166938248906,0
2025-02-03,-0.05170542044525339,-0.053090087069197885,0.038599948808607024,-0.007758353307189088,395.15,395.4103470408354,403.1039978027344,400.1893071124225,405.238996887207,403.840850609241,399.0869995117188,385.64398760585175,0.9709730296742535,0.9518139109688051,0.9467992854166836,0.9613943655022892,34.866972444771235,43.42206087366631,47.85359285717305,-1.35072645171158,2.490586934135241,-3.841313385846821,429.3365124560497,381.1414813183643,405.238996887207,0.11892989447681383,0.05267164057151107,0.12545687266160455,70558030.0,1.328439867156155,0.010792463618949588,-0.15097219064784506,0.028732954254456988,0.4418302133063663,-0.02258280870425211,0.3909757987516025,-0.023193450212053546,0.030099012708432626,1
2025-02-04,0.022232065633156273,0.02198853609615247,0.03212566323660006,0.0250372068317007,393.9739990234375,394.343561845583,399.9179962158203,398.7385224474508,404.32749633789064,402.73314973741594,400.0111993408203,385.90147795288027,0.9955225279517635,0.9807260367533386,0.9700304703673033,0.9804975263227683,42.9073336338099,46.61270404731855,49.738979077347246,-1.9896758430656973,1.5945343786950534,-3.5842102217607508,428.94269140801197,379.7123012677693,404.32749633789064,0.12175869953474927,0.25386128673176545,-0.3911136099585948,67533160.0,0.8450989114088545,-0.05170542044525339,0.12545687266160455,0.010792463618949588,-0.15097219064784506,0.028732954254456988,0.4418302133063663,0.0023668700890153715,-0.15853282982511974,0
2025-02-05,-0.035797094243459227,-0.03645352337012321,0.03400591113128562,-0.024102593746003285,391.7880004882812,388.9523790396335,396.2239990234375,394.9987935347751,402.6834976196289,400.3938034222082,400.73399963378904,385.59828326561967,0.9652414391365358,0.9544349013684171,0.9391246864179924,0.9436933571229924,34.68522734132421,42.376664322933514,46.81377380194556,-3.587601096671733,0.5581072836216963,-4.14570838029343,429.5703216299847,375.7966736092731,402.6834976196289,0.1335382461376792,0.0441357413123086,0.0026475236630092436,67159160.0,0.852055028681121,0.022232065633156273,-0.3911136099585948,-0.05170542044525339,0.12545687266160455,0.010792463618949588,-0.15097219064784506,-0.02258280870425211,0.3909757987516025,0
2025-02-06,-0.010180622383618276,-0.01023279935109268,0.032645867123310676,0.0034581898215781523,386.59600219726565,384.07492180116196,392.4179992675781,391.2390142237648,401.6814987182617,397.9105847462092,401.4275994873047,385.1559979345844,0.9682459342484796,0.9538808312127933,0.9318826197339145,0.9324720268419331,32.6816882427465,41.26912125940377,46.03425801050247,-5.105775487707092,-0.5746692706440615,-4.53110621706303,431.10813024860704,372.2548671879164,401.6814987182617,0.14651723628916796,0.03508964548274513,0.3616516349109542,69881920.0,1.1149979851727028,-0.035797094243459227,0.0026475236630092436,0.022232065633156273,-0.3911136099585948,-0.05170542044525339,0.12545687266160455,0.028732954254456988,0.4418302133063663,0
2025-02-07,-0.0339282217314959,-0.03451714290429038,0.05588737273371409,-0.023150293815876924,378.0,376.58994623983716,387.9220001220703,385.8537380225689,400.01549835205077,394.45433811487385,401.6087994384766,384.2330174319414,0.9566666537491733,0.9321976969684469,0.9040149609376593,0.9004284657676803,26.737824389098577,37.76299399082535,43.52403429384392,-7.250149269418728,-1.909765270398995,-5.340383999019733,434.1727768456231,365.85821985847844,400.01549835205077,0.1707797754551538,-0.06203984814083589,-0.09779358352734024,71269040.0,0.9863792188024422,-0.010180622383618276,0.3616516349109542,-0.035797094243459227,0.0026475236630092436,0.022232065633156273,-0.3911136099585948,0.010792463618949588,-0.15097219064784506,0
2025-02-10,-0.030114441341470455,-0.030577195209388917,0.03475608604785586,-0.015384129025592153,371.4100036621094,367.96996782200085,383.2800018310547,379.4676058341615,397.81499938964845,390.29011648358374,401.85159973144533,382.91917404191736,0.944320313206763,0.9150751651815264,0.8816409927339066,0.8727849067185961,22.62193240453709,35.015888145198275,41.487190544764104,-9.716308097216597,-3.4710738357625157,-6.2452342614540814,438.1584814796807,357.4715172996162,397.81499938964845,0.20282534420235346,-0.08355136894534104,0.10265682100420626,73207980.0,1.058831291342829,-0.0339282217314959,-0.09779358352734024,-0.010180622383618276,0.3616516349109542,-0.035797094243459227,0.0026475236630092436,-0.05170542044525339,0.12545687266160455,0
2025-02-11,-0.06338211812502892,-0.06547989008634725,0.07388124509489155,-0.050028884915190606,358.6680053710937,354.8133118813339,376.3210021972656,370.2007684097685,394.0744995117187,384.40534348514717,401.65699951171877,380.78508878537156,0.9158887748019772,0.8729249711867049,0.8335987241169643,0.8178620076317521,16.553393286487946,30.188160728247283,37.705112066904505,-13.311090868933775,-5.439077242396768,-7.872013626537007,444.33886081178537,343.8101382116521,394.0744995117187,0.25510080638228105,-0.15229615791051332,0.5292982381451825,80171250.0,1.4786273134072376,-0.030114441341470455,0.10265682100420626,-0.0339282217314959,-0.09779358352734024,-0.010180622383618276,0.3616516349109542,0.022232065633156273,-0.3911136099585948,1
2025-02-12,0.0243835913717656,0.024091057420887543,0.05135062339254686,0.019912733453366305,350.33600463867185,348.71221117609764,371.06200256347654,364.07517592901513,391.0820007324219,379.843883130907,401.7293994140625,379.04881117675404,0.9605350443860127,0.9068835058315063,0.8604589552457184,0.8376534310320268,25.010032080326553,33.733437063964345,39.7820575162905,-15.336847636195955,-7.418631321156606,-7.918216315039349,447.2280177591715,334.93598370567224,391.0820007324219,0.2871316855370427,0.014017254858905169,-0.11102009896797294,83906160.0,1.255959038049173,-0.06338211812502892,0.5292982381451825,-0.030114441341470455,0.10265682100420626,-0.0339282217314959,-0.09779358352734024,-0.035797094243459227,0.0026475236630092436,1
2025-02-13,0.05773971683431944,0.05613428883532556,0.044501871745922,0.031710152004076085,346.6600036621094,351.1214749312005,366.6280029296875,362.5960534767226,387.468000793457,377.56732306524026,401.94499938964844,378.142583383211,1.0267697417679085,0.970847833763721,0.9186307042452855,0.8855440495139868,41.72357086715925,41.49482780658179,44.49541551395778,-15.19922919041369,-8.974750895008022,-6.224478295405667,442.8871043449973,332.04889724191673,387.468000793457,0.2860577050907586,0.2155493653670396,-0.15126961066664646,83041020.0,1.0770761245466398,0.0243835913717656,-0.11102009896797294,-0.06338211812502892,0.5292982381451825,-0.030114441341470455,0.10265682100420626,-0.010180622383618276,0.3616516349109542,0
2025-02-14,-0.0002809633725618932,-0.00028100285016493403,0.04074865149849938,-0.013254946603123215,345.50400390625,352.69431540009725,361.752001953125,361.3676794514804,384.5690002441406,375.49805385311174,401.9199993896484,377.2679721265318,1.0299156950853896,0.983657296757682,0.9252955805381827,0.8853503107042834,41.66780524773536,41.467906522768004,44.47660159455016,-14.926175576586502,-10.165035831323719,-4.761139745262783,440.23623212471284,328.9017683635684,384.5690002441406,0.28950451984030073,0.24195767477818148,-0.23662617465046987,81540390.0,0.8373433092483369,0.05773971683431944,-0.15126961066664646,0.0243835913717656,-0.11102009896797294,-0.06338211812502892,0.5292982381451825,-0.0339282217314959,-0.09779358352734024,0
2025-02-18,-0.004861766535893763,-0.004873623368530301,0.025641799060902096,-0.0025352085555466154,346.17999877929685,353.166205383919,358.7950012207031,360.0480987060407,380.9494995117187,373.46109494820234,401.973798828125,376.35981578241535,1.022907119418304,0.9869423602525088,0.9295457424289632,0.8809280266124311,40.57335720390713,40.972680773302194,44.13761344740275,-14.680152390000671,-11.06805914305911,-3.612093246941562,434.6183557747086,327.28064324872884,380.9494995117187,0.2817636265792702,0.2499526165730423,-0.24379405746858762,77330350.0,0.6676770504724212,-0.0002809633725618932,-0.23662617465046987,0.05773971683431944,-0.15126961066664646,0.0243835913717656,-0.11102009896797294,-0.030114441341470455,0.10265682100420626,1
2025-02-19,0.018214714280444966,0.018050813649058695,0.037913198920339945,0.018531066549699857,352.5919982910156,355.63080277547726,355.6300018310547,360.1411712246867,377.7739990234375,372.23241900633485,402.0263989257812,375.7402150677557,1.0225983553404456,1.0138627104073212,0.9544330697471433,0.8968565211687936,46.66664754513179,43.67352798199208,45.75608445083922,-13.805573108895317,-11.615561936226351,-2.1900111726689655,428.2842122317669,327.2637858151081,377.7739990234375,0.26740968589103814,0.3295988041681332,0.2994807453560506,78332570.0,0.8565326019559936,-0.004861766535893763,-0.24379405746858762,-0.0002809633725618932,-0.23662617465046987,0.05773971683431944,-0.15126961066664646,-0.06338211812502892,0.5292982381451825,0
2025-02-20,-0.01708454543992588,-0.01723217010242546,0.040349853383873334,-0.019667549105348996,356.1699951171875,355.2205331491463,353.2529998779297,359.0973208013771,374.7384994506836,370.5340928053967,401.72459899902344,374.90334364927446,0.9950304594857274,1.0032469477087271,0.945726138136293,0.8821963971824038,41.88184812054448,41.71062527573923,44.46425208348942,-13.454429256472224,-11.983335400275525,-1.471093856196699,423.162648961463,326.3143499399042,374.7384994506836,0.2584423515692287,0.2899962543516453,-0.3149145085133782,77206780.0,0.5953544494408393,0.018214714280444966,0.2994807453560506,-0.004861766535893763,-0.24379405746858762,-0.0002809633725618932,-0.23662617465046987,0.0243835913717656,-0.11102009896797294,0
2025-02-21,-0.046839747148427646,-0.04797223327197698,0.06086441178676,-0.04425083335333646,352.5419921875,349.41368469708715,349.6009979248047,355.2250784362119,371.0094985961914,367.4165589946893,400.6961987304687,373.44831008628205,0.9581836923792877,0.9662443465496795,0.9104887855192946,0.8430326737893324,31.67222385538433,36.89787023349986,41.174927516767525,-14.35020673355541,-12.456709666931502,-1.8934970666239082,418.7461785059749,323.2728186864079,371.0094985961914,0.25733400406408646,0.15215939958555375,0.6111814538761764,76820820.0,0.964043341375424,-0.01708454543992588,-0.3149145085133782,0.018214714280444966,0.2994807453560506,-0.004861766535893763,-0.24379405746858762,0.05773971683431944,-0.15126961066664646,0
2025-02-24,-0.021521578674915554,-0.021756545199510743,0.053550303315348526,-0.02250551706237051,347.47999267578126,343.1191227244904,346.49199829101565,350.73506395313643,367.20699920654295,363.90355325989003,399.51099853515626,371.7652390546356,0.9512202306499422,0.9539325595094625,0.9001190050666318,0.8273364187499604,28.16426392651036,34.993528090761814,39.82031454777355,-15.468433718303231,-13.059054477205848,-2.4093792410973833,415.1196349145689,319.294363498517,367.20699920654295,0.26095709401811557,0.11725127531334892,0.026920573707847506,77396220.0,0.982635844489563,-0.046839747148427646,0.6111814538761764,-0.01708454543992588,-0.3149145085133782,0.018214714280444966,0.2994807453560506,-0.0002809633725618932,-0.23662617465046987,0
2025-02-25,-0.0838955952220366,-0.08762494178787733,0.10449146606330281,-0.07406275467671962,337.2179931640625,329.67941108064986,341.69899597167966,342.01959556037866,362.4894989013672,358.0841660725642,397.5471984863281,369.0607193973153,0.8979354421507729,0.8861600161624856,0.8353345095808145,0.7616705360920364,18.865754712002015,28.872445726641743,35.184374540879205,-18.380339682832073,-14.123311518331095,-4.257028164500978,415.9398259501136,309.0391718526208,362.4894989013672,0.2949068991556642,-0.05836432070810322,0.7649538541240699,83067610.0,1.6158981822156675,-0.021521578674915554,0.026920573707847506,-0.046839747148427646,0.6111814538761764,-0.01708454543992588,-0.3149145085133782,-0.004861766535893763,-0.24379405746858762,0
2025-02-26,-0.039630120487999076,-0.04043677756749929,0.07207700252725016,-0.042507668582970864,323.2659912109375,316.7196033180895,337.9289947509766,332.7069396026678,357.12499847412107,351.6761490935551,394.86779846191405,365.99167109910564,0.8995687628743352,0.8605357702651775,0.8142806833334616,0.7364489809644914,16.170411966897646,26.69620974731528,33.41664248796192,-21.409549886575974,-15.580559191980072,-5.828990694595902,416.4227566048372,297.8272403434049,357.12499847412107,0.33208405115338424,-0.0592539479734232,-0.25412206620337807,81225100.0,1.2326029761736212,-0.0838955952220366,0.7649538541240699,-0.021521578674915554,0.026920573707847506,-0.046839747148427646,0.6111814538761764,0.018214714280444966,0.2994807453560506,0
2025-02-27,-0.030433204805490277,-0.030905910133740465,0.05798902427963041,-0.03163206257466016,308.7759948730469,305.12973961440343,332.4729949951172,323.47840734891565,351.7674987792969,345.03556462817187,392.14479858398437,362.69591977000465,0.9131215408210566,0.8480388375939287,0.8015237711995958,0.7189946499995382,14.400233818839453,25.188328071157343,32.16522194578732,-24.244860208198475,-17.313419395223754,-6.931440812974721,417.5488669383752,285.98613062021855,351.7674987792969,0.37400480935477415,-0.03067827962643462,0.016279741066318465,80861650.0,1.2582998244532482,-0.039630120487999076,-0.25412206620337807,-0.0838955952220366,0.7649538541240699,-0.021521578674915554,0.026920573707847506,-0.01708454543992588,-0.3149145085133782,1
2025-02-28,0.03912040539724382,0.03837459125197188,0.06921973519976159,0.048229019629080945,299.81199951171874,301.0798300717117,326.1769958496094,317.93324437389975,346.4024993896484,340.07789285275817,389.27979858398436,359.96196256280166,0.9772124246643985,0.8982240155323908,0.8457791485412223,0.7526206395812234,26.154607086632367,30.46024873361074,35.334329253055984,-25.310076538093313,-18.912750823797666,-6.397325714295647,412.9799485449606,279.82505023433623,346.4024993896484,0.3843935841838313,0.09879441852228325,0.13709136869251748,83487200.0,1.3858052491878994,-0.030433204805490277,0.016279741066318465,-0.039630120487999076,-0.25412206620337807,-0.0838955952220366,0.7649538541240699,-0.046839747148427646,0.6111814538761764,0
2025-03-03,-0.02843203214376444,-0.028844050845269347,0.09358867106853123,-0.052240802532855374,290.63599853515626,295.6032180133026,319.05799560546876,311.8817442870969,340.4049987792969,334.79904533311304,385.71239868164065,357.0085520268676,0.9794037742439267,0.8921575319130017,0.8362097939726159,0.7379850761070007,23.331735272770274,28.809106789197486,34.07208619952216,-26.52071660386065,-20.434343979810265,-6.086372624050384,406.54092782802223,274.2690697305715,340.4049987792969,0.38857202030458365,0.0784817293355383,-0.0012584595970509538,88214610.0,1.309889597652815,0.03912040539724382,0.13709136869251748,-0.030433204805490277,0.016279741066318465,-0.039630120487999076,-0.25412206620337807,-0.021521578674915554,0.026920573707847506,0
2025-03-04,-0.04429996705409467,-0.045311188236941684,0.08274521783036898,0.004097057908494347,284.4840026855469,287.7488148571757,310.8509979248047,304.6377923339742,334.82299957275393,328.82199421042816,381.5559991455078,353.6764522824776,0.9562576664306149,0.8751460035869942,0.8124890132758341,0.7129753146436006,19.59636284508298,26.469959274372158,32.241383603851105,-28.172918146636505,-21.982058813175517,-6.190859333460988,404.173815063069,265.47218408243884,334.82299957275393,0.4142535941605517,0.04735217903385891,0.09653885630117842,95722100.0,1.3236922299030214,-0.02843203214376444,-0.0012584595970509538,0.03912040539724382,0.13709136869251748,-0.030433204805490277,0.016279741066318465,-0.0838955952220366,0.7649538541240699,1
2025-03-05,0.025952056083059283,0.025621016692865903,0.04242205689346807,0.02264397029064939,282.1440063476563,284.8658786059557,302.7049987792969,299.9945584738908,329.1675003051758,324.08656677167454,378.33539916992186,350.7518857656556,0.9892111823194647,0.9220198121241079,0.8478966053597579,0.7377052390970251,27.208463362378936,29.901666000457055,34.31609319944084,-28.583128460129956,-23.302272742566405,-5.280855717563551,397.31406261086795,261.02093799948364,329.1675003051758,0.41405401348864956,0.13264842342987768,-0.2577900440861013,98416950.0,0.9555559281201054,-0.04429996705409467,0.09653885630117842,-0.02843203214376444,-0.0012584595970509538,0.03912040539724382,0.13709136869251748,-0.039630120487999076,-0.25412206620337807,0
2025-03-06,-0.056073068986891905,-0.05770651942025788,0.047940802040605926,-0.031647377155137116,278.4440063476562,277.7272564729809,293.61000061035156,293.35009551627996,323.43150024414064,318.31165681313706,374.8809991455078,347.32828288100364,0.9461507743071906,0.8972787427518674,0.8145465485216107,0.7027563755099113,21.856968061774026,26.904165959531312,32.033168409999774,-29.82721721076166,-24.607261636205457,-5.219955574556202,393.4018908190363,253.461109669245,323.43150024414064,0.43267517556007284,0.07137949678224415,0.04687966874692284,103665570.0,0.9497039373824887,0.025952056083059283,-0.2577900440861013,-0.04429996705409467,0.09653885630117842,-0.02843203214376444,-0.0012584595970509538,-0.030433204805490277,0.016279741066318465,0
2025-03-07,-0.0029607088371812473,-0.0029651004058366417,0.059085557844732024,0.012918425146144738,272.3820068359375,272.70817545789873,286.0970031738281,287.771898772908,317.84900054931643,313.01245268119396,371.7131994628906,344.00835074558137,0.9643442181771834,0.9181152214591362,0.8263987395706136,0.7066469896879667,21.60982471830401,26.760180946131527,31.922032770216276,-30.524241436975274,-25.79065759635942,-4.733583840615854,388.50069530105486,247.19730579757803,317.84900054931643,0.44456137744423285,0.10949990431599405,0.039796204429384696,106496670.0,0.9612469572992283,-0.056073068986891905,0.04687966874692284,0.025952056083059283,-0.2577900440861013,-0.04429996705409467,0.09653885630117842,0.03912040539724382,0.13709136869251748,0
2025-03-10,-0.1542620682219512,-0.16754574067757613,0.15021380163862158,-0.12033737307981934,259.8820068359375,255.85544827076063,275.2590026855469,275.840643340831,310.87550048828126,304.35888517788834,367.54419921875,339.2295916534599,0.8548109836504642,0.8070580497970716,0.7145947285892943,0.6044170860774982,12.822529471577354,20.59419003564605,26.842326171119467,-33.95485466585234,-27.423497010258004,-6.531357655594334,389.9047554554352,231.84624552112734,310.87550048828126,0.5084302548320819,-0.06134596377425624,0.8470024304090278,117799130.0,1.6050789169665345,-0.0029607088371812473,0.039796204429384696,-0.056073068986891905,0.04687966874692284,0.025952056083059283,-0.2577900440861013,-0.02843203214376444,-0.0012584595970509538,1
2025-03-11,0.037947369642955975,0.037245079838722016,0.08691123743166616,0.023390015221541285,251.59000549316406,247.43029945752534,268.0370040893555,267.6114357935989,304.8680000305176,297.33232485914226,362.91019927978516,334.96882342513027,0.9164911037665198,0.8602543615738454,0.7563273344790972,0.6353637960262708,20.653849355713135,24.492248880358872,29.299950204779435,-35.58322787699143,-29.05544318360469,-6.527784693386739,388.96948582701253,220.76651423402262,304.8680000305176,0.5517239315905659,0.05834312856718315,-0.0749985852317232,121865890.0,1.4351546605863215,-0.1542620682219512,0.8470024304090278,-0.0029607088371812473,0.039796204429384696,-0.056073068986891905,0.04687966874692284,-0.04429996705409467,0.09653885630117842,1
2025-03-12,0.0759389121683911,0.07319368705023706,0.04329070253903941,0.003519112987993317,245.38800354003905,247.65019841764712,263.76600494384763,264.0620831652883,300.8474998474121,292.64257928568975,358.7893991088867,331.5618105981797,1.011011103879863,0.9405685027178001,0.8246370551981328,0.6914641206068616,34.83871311511561,31.963305478047474,34.12626009374222,-35.056703305378505,-30.255695207959455,-4.80100809741905,387.68905834587014,214.00594134895408,300.8474998474121,0.5773128149145563,0.19624276428400203,-0.18685747676910447,126075630.0,1.1280189517990113,0.037947369642955975,-0.0749985852317232,-0.1542620682219512,0.8470024304090278,-0.0029607088371812473,0.039796204429384696,0.025952056083059283,-0.2577900440861013,0
2025-03-13,-0.02986820819658198,-0.030323348875332088,0.06519024289548274,-0.030024632492752182,240.83399963378906,245.32679650369184,259.63900299072264,259.8107939853779,296.0559989929199,287.6937615133175,354.96979888916013,327.9978177384778,0.9993605265110325,0.9269793440255244,0.8129542839682065,0.6780294927313913,32.01313860672711,30.58417803645196,33.121579002516725,-34.835788866985354,-31.171713939764636,-3.6640749272207174,385.0463648861054,207.06563309973444,296.0559989929199,0.6011725227382652,0.18886516106919876,-0.19268055495982506,127382160.0,0.9013310812126282,0.0759389121683911,-0.18685747676910447,0.037947369642955975,-0.0749985852317232,-0.1542620682219512,0.8470024304090278,-0.056073068986891905,0.04687966874692284,1
2025-03-14,0.038640532386444715,0.037912677650069934,0.04340349743561634,0.010796159456969486,238.29599609375,246.87786291164093,255.33900146484376,258.0233761203163,290.75799865722655,284.10197429562436,351.62119873046873,324.93829530667625,1.0490314559426854,0.9790121927846477,0.8597527733785219,0.7109355085247816,39.229955282360194,34.409292053344885,35.61932917307827,-33.523838122041525,-31.642138776220015,-1.8816993458215094,377.4435847321537,204.0724125822994,290.75799865722655,0.5962730963568121,0.2647936365427535,-0.12691190495891158,125836690.0,0.7966062998001616,-0.02986820819658198,-0.19268055495982506,0.0759389121683911,-0.18685747676910447,0.037947369642955975,-0.0749985852317232,-0.0029607088371812473,0.039796204429384696,0
2025-03-17,-0.04788383640805238,-0.04906823105490024,0.052938914900755044,-0.02876847760545725,241.4679962158203,243.92190677670595,250.6750015258789,254.38457946331985,284.86649856567385,279.71226193478736,348.30459869384765,321.5293423341335,0.9856792545464549,0.9494763859900267,0.8355141643725597,0.6833386507079732,33.83653293051444,31.96759559180714,33.90787992208794,-33.06879033523802,-31.92746908802362,-1.1413212472143996,369.0382803205308,200.6947168108169,284.86649856567385,0.590955989410259,0.22166144590295445,0.1163012021871006,125471610.0,0.8918399947207181,0.038640532386444715,-0.12691190495891158,-0.02986820819658198,-0.19268055495982506,0.0759389121683911,-0.18685747676910447,-0.1542620682219512,0.8470024304090278,0
2025-03-18,-0.05335909096824687,-0.05483544563443516,0.034707768891547267,-0.01249126077213912,240.41399536132812,237.71793703733525,246.0020004272461,249.09829184427872,278.4264991760254,274.5310938989594,345.2251986694336,317.756034695877,0.937175047650475,0.915886851193424,0.8092261269145556,0.6526464418790493,28.915720149462572,29.570074377960722,32.18509219920257,-33.34852427210086,-32.21168012483907,-1.1368441472617903,360.0932472759732,196.75975107607758,278.4264991760254,0.5866305710241817,0.17479725314625583,-0.0037801405890585116,123948710.0,0.8993849149377997,-0.04788383640805238,0.1163012021871006,0.038640532386444715,-0.12691190495891158,-0.02986820819658198,-0.19268055495982506,0.037947369642955975,-0.0749985852317232,1
2025-03-19,0.046824389357219776,0.045761190368065426,0.051768026296406734,0.018349812135918846,237.9679962158203,237.0986248950074,241.6779998779297,246.6913298017465,272.1914993286133,270.8481326333777,341.7335986328125,314.5444255160525,0.9911416844324018,0.9759266492170707,0.8665222874047246,0.6901867465006842,37.696962519967876,33.99841007270216,35.06290319576284,-32.34605318976372,-32.238554737824,-0.10749845193971908,346.5363438139429,197.84665484328372,272.1914993286133,0.5462686723774133,0.2556555604509267,0.004630526670828861,125743800.0,0.8906506722399037,-0.05335909096824687,-0.0037801405890585116,-0.04788383640805238,0.1163012021871006,0.038640532386444715,-0.12691190495891158,0.0759389121683911,-0.18685747676910447,1
2025-03-20,0.0016958954271570903,0.0016944590202751025,0.03364935720428184,0.012470487796042406,237.08399658203126,236.8190814322836,238.95899810791016,244.79472338449,266.28449935913085,267.55402424037374,338.2377987670898,311.4744478294166,0.9965244297925009,0.988705160205537,0.8872465166971598,0.6985026373989748,38.03555129428872,34.16741900206404,35.17242156533048,-31.160117037332583,-32.022867197725716,0.8627501603931336,331.8142834188874,200.75471529937434,266.28449935913085,0.49217873528100664,0.27090947816251293,-0.11576980154258543,125801470.0,0.7871791959187758,0.046824389357219776,0.004630526670828861,-0.05335909096824687,-0.0037801405890585116,-0.04788383640805238,0.1163012021871006,-0.02986820819658198,-0.19268055495982506,1
2025-03-21,0.05269623506518384,0.0513547158131408,0.060190586693705604,0.058385467041074834,236.8299987792969,240.7827231928115,237.56299743652343,245.50659308074037,261.83000030517576,265.759355904516,335.3247991943359,309.0130971974343,1.050162597626162,1.046922329645728,0.949891175281608,0.7416988165248358,48.24846717578268,39.37137999336234,38.55897746071463,-28.882700365353173,-31.39483383125121,2.512133465898035,318.870879442801,204.7891211675505,261.83000030517576,0.4357092699166735,0.38499481608923547,0.3403108000440278,128837380.0,1.0302033462648805,0.0016958954271570903,-0.11576980154258543,0.046824389357219776,0.004630526670828861,-0.05335909096824687,-0.0037801405890585116,0.038640532386444715,-0.12691190495891158,1
2025-03-24,0.11933580126800525,0.11273547481030481,0.08013946945742974,0.0786966410914812,244.9060028076172,253.3184870113535,243.18699951171874,251.48539700213982,259.22300109863284,266.96227578488947,332.9937994384766,307.81219199943445,1.1367218910804862,1.144756977993893,1.0739402501651916,0.8360216169726981,64.51494877633,49.599717299465276,45.6640605859428,-24.401616010869645,-29.9961902671749,5.594574256305254,307.56951048951305,210.87649170775262,259.22300109863284,0.3730109533951785,0.6982254126646443,0.2738759590050983,126837680.0,1.333041569350685,0.05269623506518384,0.3403108000440278,0.0016958954271570903,-0.11576980154258543,0.046824389357219776,0.004630526670828861,-0.04788383640805238,0.1163012021871006,1
2025-03-25,0.03502280788451673,0.034423463077927825,0.05872149846448315,0.01600849240907543,257.4720062255859,264.92566289038155,248.94300079345703,258.1498729378303,258.49000244140626,268.9792032957036,330.86179992675784,307.04073406410123,1.1191120109421977,1.1574537694574567,1.1147046768810807,0.8708772505989584,68.3300430509702,52.438352195657515,47.74826977528231,-19.834936063500834,-27.96393942644009,8.129003362939255,304.5625951925499,212.41740969026262,258.49000244140626,0.35647485253583255,0.821774947279207,-0.11070742294027858,124384190.0,1.2088473623536882,0.11933580126800525,0.2738759590050983,0.05269623506518384,0.3403108000440278,0.0016958954271570903,-0.11576980154258543,-0.05335909096824687,-0.0037801405890585116,0
2025-03-26,-0.05580626179068926,-0.05742390273973778,0.0675953256483387,-0.037500905562100076,264.7120056152344,267.3037744464523,251.34000091552736,260.6789865052418,257.5530029296875,269.2726122731217,328.23679992675784,305.66894047565,1.0277584385577128,1.0824381179581126,1.0563262492142895,0.8288528209490853,56.617768013731734,47.669800721556754,44.77418717469392,-17.31375016246153,-25.83390157364438,8.520151411182848,301.68024908538314,213.42575677399194,257.5530029296875,0.3426653593920039,0.6643768407586631,0.021736282226500814,125525600.0,1.223892178169234,0.03502280788451673,-0.11070742294027858,0.11933580126800525,0.2738759590050983,0.05269623506518384,0.3403108000440278,0.046824389357219776,0.004630526670828861,1
2025-03-27,0.0039329829222258805,0.003925268964187628,0.07333503614108902,0.002385473687157877,272.0860076904297,269.2458512585724,254.58500213623046,262.9428080284365,257.11200256347655,269.63998299785413,325.77220031738284,304.3929037857348,1.0038370116906954,1.072844050478113,1.062299706585582,0.838407956899687,57.187469691343686,48.00860883743153,45.01348630258049,-15.055797659573273,-23.678280790830158,8.622483131256885,300.42391447725765,213.80009064969548,257.11200256347655,0.33691085193961817,0.6849145144091329,0.05820680623160346,130301460.0,1.247661384607663,-0.05580626179068926,0.021736282226500814,0.03502280788451673,-0.11070742294027858,0.11933580126800525,0.2738759590050983,0.0016958954271570903,-0.11576980154258543,0
2025-03-28,-0.03507493471452938,-0.035704833212183235,0.05892619805961228,-0.04365338328421116,275.05400390625,267.3472301033712,255.94200134277344,263.05320434926057,255.6405014038086,269.05998345453173,322.47880004882813,302.7912208056263,0.9581754275527569,1.0297254315832525,1.0309398798145304,0.817262988305164,50.28924907554055,45.18771945049296,43.2516306765934,-13.879388399126128,-21.718502312489353,7.839113913363224,295.8679444755997,215.4130583320175,255.6405014038086,0.3147188559785213,0.5983095840201009,-0.23843390101991668,132658170.0,0.9332964565996953,0.0039329829222258805,0.05820680623160346,-0.05580626179068926,0.021736282226500814,0.03502280788451673,-0.11070742294027858,0.05269623506518384,0.3403108000440278,0
2025-03-31,-0.016657121359109794,-0.016797411271064034,0.06636825399442191,0.039509069832631326,271.2080017089844,264.6181546229506,258.05700225830077,262.3453496788694,254.36600189208986,268.1171282362058,319.38559997558593,301.08019268235114,0.9555765391472375,1.0042742548900283,1.0188468652821507,0.8114329627945648,47.242659230858926,43.914349094537314,42.452140330617866,-13.149728728028151,-20.004747595597113,6.855018867568962,292.3912175833311,216.34078620084856,254.36600189208986,0.2989803307705626,0.5630371410506395,0.08238065930373617,134869000.0,0.9936227005464562,-0.03507493471452938,-0.23843390101991668,0.0039329829222258805,0.05820680623160346,-0.05580626179068926,0.021736282226500814,0.11933580126800525,0.2738759590050983,1
2025-04-01,0.035885119854736525,0.03525624951763979,0.06779413240827988,0.017664912349300652,267.2719970703125,265.89876690032645,262.3720016479492,263.4571027290892,254.18700103759767,268.1497818760984,316.2247998046875,299.80096910481103,1.0044448890934619,1.0232036565216198,1.0561515355199824,0.8489529967949675,54.11322626159109,47.302248511770486,44.72487732059238,-11.68632421900486,-18.341062920278663,6.6547387012738035,291.9102414772688,216.46376059792652,254.18700103759767,0.29681486689471875,0.6891803335440724,0.09311321859966015,138369930.0,1.0586613724528153,-0.016657121359109794,0.08238065930373617,-0.03507493471452938,-0.23843390101991668,0.0039329829222258805,0.05820680623160346,0.03502280788451673,-0.11070742294027858,1
2025-04-02,0.05326685079977622,0.05189662060946535,0.11925302304899477,0.11060488211716712,269.41199951171876,271.5191811887593,267.06200256347654,266.9667221902775,254.37000122070313,269.5412321512914,313.39859985351563,299.1326961895488,1.0495449730453659,1.0587803845229435,1.1116091064539069,0.9022376293250471,62.80316438913102,52.09413306029437,48.03808505334652,-9.265862539367447,-16.52602284409642,7.260160304728974,292.6069037400322,216.1330987013741,254.37000122070313,0.300640030945732,0.8712383414238444,0.4526063422736095,148449330.0,1.4334035727881023,0.035885119854736525,0.09311321859966015,-0.016657121359109794,0.08238065930373617,-0.03507493471452938,-0.23843390101991668,-0.05580626179068926,0.021736282226500814,0
2025-04-03,-0.05474611137253549,-0.05630172235818194,0.05533514701770255,0.007501188021704302,268.24199829101565,270.1061203856052,270.1640029907227,267.0236815700992,254.5615005493164,269.3258765920538,310.44200012207034,297.8835708009115,0.996413687946527,0.9893249871207866,1.0499623792385546,0.8609659732710087,50.68154897855136,47.101097677798776,44.9739760857517,-8.498768224721914,-14.920571920221521,6.421803695499607,293.0161272383306,216.1068738603022,254.5615005493164,0.30212445013117273,0.6653701950201731,-0.3600464876275802,152163930.0,0.894918394917902,0.05326685079977622,0.4526063422736095,0.035885119854736525,0.09311321859966015,-0.016657121359109794,0.08238065930373617,0.0039329829222258805,0.05820680623160346,0
2025-04-04,-0.10419786826814681,-0.11003572551557192,0.10441465465796171,-0.06245599460439478,263.4179992675781,259.88074448233056,269.2360015869141,262.00664722567774,253.39949951171874,266.4786495524088,306.9829998779297,295.59127361953387,0.9089355827677135,0.889294118411163,0.9448716084173187,0.7799454457445183,36.06928935849328,39.7242581282132,40.13766774292309,-10.022569254556743,-13.940971387088567,3.918402132531824,292.20671840242784,214.59228062100965,253.39949951171874,0.3062927824679023,0.3200140690926713,0.3308634595514719,157014000.0,1.1542244640605297,-0.05474611137253549,-0.3600464876275802,0.05326685079977622,0.4526063422736095,0.035885119854736525,0.09311321859966015,-0.03507493471452938,-0.23843390101991668,0
2025-04-07,-0.025644236634809525,-0.02597878190231111,0.16181577044198034,0.04249707104617144,258.24399719238284,251.01716075026465,264.7259994506836,256.78543741848773,253.95649948120118,263.3178251460968,303.517200012207,293.14808615547895,0.9033704396712069,0.881250779183829,0.9186218654088899,0.7686219867498456,33.57913201747007,38.300072427649404,39.16277138700327,-11.592013667937124,-13.471179843258279,1.8791661753211546,291.2436469995547,216.66935196284766,253.95649948120118,0.2936498777902997,0.2228735962586589,0.012273946721668816,158451390.0,1.157792304630461,-0.10419786826814681,0.3308634595514719,-0.05474611137253549,-0.3600464876275802,0.05326685079977622,0.4526063422736095,-0.016657121359109794,0.08238065930373617,0
2025-04-08,-0.048994783337158565,-0.05023573100190593,0.14711980212680806,-0.09444897710060587,248.9239990234375,241.29810737029362,258.097998046875,250.4353579988266,253.520499420166,259.3694609045973,300.0114001464844,290.3524749576308,0.8912760580769165,0.8595959762929196,0.8751166123361777,0.7395052338078673,29.200802851858157,35.73187206176715,37.38775399349701,-13.601326926996194,-13.497209260005862,-0.10411766699033187,292.0732672237673,214.96773161656472,253.520499420166,0.30413925415717014,0.08938747314976207,-0.06459555484814161,160575590.0,1.0686773749360037,-0.025644236634809525,0.012273946721668816,-0.10419786826814681,0.3308634595514719,-0.05474611137253549,-0.3600464876275802,0.035885119854736525,0.09311321859966015,1
2025-04-09,0.22689989839624536,0.20449058000160142,0.18666420014687005,0.21144692353641534,246.81199951171874,251.59874231587284,258.11199951171875,254.39256785486378,254.72600021362305,260.5914181714958,297.4936004638672,289.64061367329356,1.102863769774318,1.054581006392432,1.0685992477358173,0.9149777063526848,57.604420891804054,51.239611842626985,48.237118453768964,-11.00484690940712,-12.998736789886115,1.993889880478994,294.02472466508465,215.42727576216146,254.72600021362305,0.30855683690321495,0.722322890085028,0.278723336062493,167155950.0,1.31274656989476,-0.048994783337158565,-0.06459555484814161,-0.025644236634809525,0.012273946721668816,-0.10419786826814681,0.3308634595514719,0.05326685079977622,0.4526063422736095,0
2025-04-10,-0.07274069589492627,-0.0755220285780395,0.09175906879307932,-0.029230792705829328,243.83599853515625,251.8658261760767,256.03899841308595,254.03028168061297,255.3120002746582,259.8112825262566,294.75960021972656,288.1801972114579,1.03512194841113,0.985787303734369,0.988594322338781,0.8562910036122131,48.64843719160887,46.48810198528466,45.01567604186043,-10.42464497271385,-12.483918426451662,2.059273453737813,294.1016916211052,216.5223089282112,255.3120002746582,0.30386108999747785,0.46246417183156374,-0.17185533287093036,169071000.0,1.0748301009635006,0.22689989839624536,0.278723336062493,-0.048994783337158565,-0.06459555484814161,-0.025644236634809525,0.012273946721668816,-0.05474611137253549,-0.3600464876275802,0
2025-04-11,-0.00035656236159631316,-0.0003566259450699316,0.06492009742982748,0.0018662691690661008,246.41199951171876,252.0138833035824,254.91499938964844,253.71750274933675,255.42850036621093,259.09687443409825,291.8002001953125,286.7735227152671,1.0239355147418236,0.9897809001538084,0.9877910929941407,0.8646669789455712,48.60836210198226,46.46701014559369,45.001332944768286,-9.858450627925947,-11.95882486674652,2.1003742388205726,294.1673983271836,216.68960240523828,255.42850036621093,0.30332478877989133,0.4597497222203002,-0.2904124198090936,169584870.0,0.7603750263805963,-0.07274069589492627,-0.17185533287093036,0.22689989839624536,0.278723336062493,-0.048994783337158565,-0.06459555484814161,-0.10419786826814681,0.3308634595514719,1
2025-04-14,0.00015856900364230597,0.00015855643290671638,0.06288882398789214,-0.023262035875520025,250.2240020751953,252.1259242368935,254.23399963378907,253.46886699555108,256.14550094604493,258.45431554547133,288.7552001953125,285.42358088735534,1.0084964032654287,0.9925895295948329,0.9851822701218211,0.8739236762933703,48.630309713535006,46.47863566658855,45.00951163870567,-9.299312489503734,-11.426922391297964,2.12760990179423,294.0909935902997,218.20000830179012,256.14550094604493,0.2962807662372155,0.44998754031061505,-0.22344571187943052,166197500.0,0.602507257931076,-0.00035656236159631316,-0.2904124198090936,-0.07274069589492627,-0.17185533287093036,0.22689989839624536,0.278723336062493,-0.025644236634809525,0.012273946721668816,1
2025-04-15,0.0069744183248166,0.006950209565496345,0.04411477976837457,0.016806037720365888,256.6740020751953,252.7872830280462,252.79900054931642,253.5854367436966,257.5855010986328,258.0405712659361,286.1638003540039,284.1955973470807,0.9900106693934176,1.0051859384656838,0.9865073908529098,0.8879879296263202,49.73208002616707,47.02366027618478,45.38465248029117,-8.614867805129023,-10.864511474064177,2.2496436689351533,292.8307704088424,222.34023178842318,257.5855010986328,0.2736587980292706,0.4506955038746935,-0.2051316619929855,159508240.0,0.4989980454928222,0.00015856900364230597,-0.22344571187943052,-0.00035656236159631316,-0.2904124198090936,-0.07274069589492627,-0.17185533287093036,-0.048994783337158565,-0.06459555484814161,0
2025-04-16,-0.049427403598542585,-0.050690742903996715,0.07484993418601042,-0.024473961244117885,250.54400024414062,249.0415230359501,248.6779998779297,251.39717607243497,257.8700012207031,256.4700409598239,283.1506005859375,282.5232211002053,0.9641021250414351,0.971336439774846,0.9367123042940637,0.8530796069367554,42.196957929371024,43.610600244410605,43.177502567016866,-8.982383965291604,-10.488085972309664,1.5057020070180602,292.4956162000847,223.24438624132148,257.8700012207031,0.2685509350872234,0.2643363420597252,0.41189381651701185,149467330.0,0.7518612930330661,0.0069744183248166,-0.2051316619929855,0.00015856900364230597,-0.22344571187943052,-0.00035656236159631316,-0.2904124198090936,0.22689989839624536,0.278723336062493,0
2025-04-17,-0.0007452201709629014,-0.0007454979855451015,0.027592508583661683,-0.008625317669473335,248.33800048828124,246.48434706302925,246.08699951171874,249.57405226238996,258.1255012512207,255.03194135576328,280.41460021972654,280.9093691008713,0.9719414452987731,0.9808319642894967,0.9350877536205695,0.8607611548330772,42.090326593733245,43.561800214072306,43.145926792435375,-9.182320234099336,-10.2269328246676,1.0446125905682635,292.18021684079116,224.0707856616503,258.1255012512207,0.2638616907240534,0.25399139525973974,-0.25782376909503313,144190380.0,0.5784352603828355,-0.049427403598542585,0.41189381651701185,0.0069744183248166,-0.2051316619929855,0.00015856900364230597,-0.22344571187943052,-0.07274069589492627,-0.17185533287093036,0
2025-04-21,-0.05746362595919796,-0.05918076725792799,0.04140665242960165,-0.01198642652948556,243.3760009765625,240.15623137535283,244.8940002441406,245.5605882146827,257.0650009155273,252.40985170283344,277.4782000732422,278.81488403809203,0.9347675986421875,0.9289733508097375,0.8849901744296863,0.8198842285266009,34.29892391843836,39.86061073399883,40.73576430873322,-10.340761989845703,-10.24969865770322,-0.09106333214248252,293.4666350538408,220.6633667772139,257.0650009155273,0.28320956963157484,0.09390558122760777,0.17221071209330874,135844240.0,0.719706628709469,-0.0007452201709629014,-0.25782376909503313,-0.049427403598542585,0.41189381651701185,0.0069744183248166,-0.2051316619929855,-0.00035656236159631316,-0.2904124198090936,1
2025-04-22,0.04602198338770602,0.04499438204493094,0.054376547952429154,0.030351551364130813,240.5,239.42748799046961,245.36200103759765,244.18048148850457,255.04400024414062,251.03462784739247,275.0052001953125,277.2131239276062,0.9894802545559381,0.9698730863555282,0.9330546924958304,0.8653290957832562,43.508391236083924,43.74607933787726,43.24848215540093,-10.29531583796873,-10.258822093756322,-0.036493744212407364,290.9705051341511,219.11749535413014,255.04400024414062,0.2817278967991395,0.2623760079680755,0.2361764585549464,129584710.0,0.9326601880731145,-0.05746362595919796,0.17221071209330874,-0.0007452201709629014,-0.25782376909503313,-0.049427403598542585,0.41189381651701185,0.00015856900364230597,-0.22344571187943052,1
2025-04-23,0.0536622440095611,0.052271947159751794,0.05990276462548571,-0.016165718854746637,239.8260009765625,243.19832715803446,248.2500015258789,245.37312221662444,253.17399978637695,251.0065685755612,273.0054000854492,276.17496242037316,1.045508011942659,1.010030227399719,0.9903860811328705,0.9184433912834098,52.902417025584015,48.14647445298413,46.1712794908128,-9.123694542393366,-10.031796583483732,0.9081020410903662,285.75254774415436,220.59545182859955,253.17399978637695,0.25736092952093437,0.46264421765562713,0.24428070843176108,127462550.0,1.1798124233353249,0.04602198338770602,0.2361764585549464,-0.05746362595919796,0.17221071209330874,-0.0007452201709629014,-0.25782376909503313,0.0069744183248166,-0.2051316619929855,1
2025-04-24,0.0349764859229853,0.03437870754426389,0.03984436517889314,0.03596810285678643,243.41800231933593,248.63555469389797,246.9810012817383,247.94346540735182,252.5465003967285,251.81642011747203,271.6256002807617,275.52143486528496,1.0661085346727077,1.0507286326432637,1.0275731770503944,0.9553959917525682,58.439759779163545,50.98233544463705,48.09879004740788,-7.402182422502477,-9.505873751287481,2.103691328785004,284.113565309738,220.97943548371902,252.5465003967285,0.24999011954963066,0.6102970673403764,-0.37183796720217,114965630.0,0.8216733992585437,0.0536622440095611,0.24428070843176108,0.04602198338770602,0.2361764585549464,-0.05746362595919796,0.17221071209330874,-0.049427403598542585,0.41189381651701185,1
2025-04-25,0.09803091011549903,0.09351849398026,0.09552553098655898,0.08888383029012749,252.13400573730468,260.7403738649424,250.23600311279296,254.671928461839,253.13750076293945,254.97200031647768,270.59440032958986,275.89118299633384,1.1301530365718186,1.1387250781758653,1.125672851111396,1.0530521395119632,70.26938163286702,58.1348862562845,53.202775706682985,-3.939662106207976,-8.392631422271581,4.452969316063605,286.60903860680116,219.66596291907774,253.13750076293945,0.2644534116279156,0.9752173561981383,0.7738010801975774,113549440.0,1.4756629358982307,0.0349764859229853,-0.37183796720217,0.0536622440095611,0.24428070843176108,0.04602198338770602,0.2361764585549464,-0.0007452201709629014,-0.25782376909503313,1
2025-04-28,0.0032637046356942534,0.0032583903115033577,0.07849437365522183,-0.01072740669133094,263.8100067138672,269.1202508708991,253.59300384521484,260.3461241747433,254.25400161743164,257.91561979898574,269.19320037841794,276.28290150168596,1.0836586846869791,1.1273181852339453,1.124387435651721,1.0619882095124882,70.62596865751868,58.37400850729763,53.378757397596516,-1.1077774044196644,-6.935660618701198,5.827883214281534,290.4214992773281,218.08650395753517,254.25400161743164,0.2844989453838891,0.9372158057875353,-0.09446666193206399,115827810.0,1.3099772843844668,0.09803091011549903,0.7738010801975774,0.0349764859229853,-0.37183796720217,0.0536622440095611,0.24428070843176108,-0.05746362595919796,0.17221071209330874,1
2025-04-29,0.021512501019458785,0.021284373105168935,0.04742665534845561,0.022872149839919,274.62200622558595,276.75683350703173,257.56100311279295,266.10682864829846,255.89750137329102,261.1646082733011,267.9170004272461,276.900434728259,1.0633889206220832,1.1338284726721966,1.1411991020314711,1.0900017479801503,73.1138630781768,60.001041062266246,54.565130076142424,1.6141577286602455,-5.22569694922891,6.839854677889155,295.6199753935576,216.17502735302446,255.89750137329102,0.3104561303419787,0.9548117696240536,-0.2822427467412896,116704950.0,0.9331789268578582,0.0032637046356942534,-0.09446666193206399,0.09803091011549903,0.7738010801975774,0.0349764859229853,-0.37183796720217,0.04602198338770602,0.2361764585549464,0
2025-04-30,-0.03379788089732105,-0.03438223363024816,0.04844773621460684,0.008074347320138996,280.906005859375,278.55789022539096,260.3660034179687,269.0255877417186,256.5825019836426,263.1641697389019,266.47800079345706,277.10669233350797,1.0044641188745609,1.0837052455314393,1.0996852921798126,1.0588491463533878,63.10626387234705,56.204159537739145,52.32151101130662,2.9409829919111417,-3.5923609610008995,6.533343952912041,297.5993108896151,215.56569307767012,256.5825019836426,0.3197163375434491,0.8117929253967685,0.18414402800197593,121641630.0,1.0601724097251903,0.021512501019458785,-0.2822427467412896,0.0032637046356942534,-0.09446666193206399,0.09803091011549903,0.7738010801975774,0.0536622440095611,0.24428070843176108,0
2025-05-01,-0.005812356915055328,-0.005829314402079844,0.0394267716802695,0.0018212893477406028,285.1080017089844,279.21192315481795,264.2630020141602,271.1154788820737,256.4705009460449,264.8171049079276,264.8772006225586,277.2405471052791,0.9839078080313033,1.0615182105538958,1.093770971627986,1.0590567566946003,61.47506560042044,55.57485326954813,51.9488363724486,3.8161755995182602,-2.1106536488970677,5.926829248415328,297.2120854786424,215.72891641344745,256.4705009460449,0.317709712285145,0.7951466952443256,-0.22721657926304906,120369660.0,0.8279411938191069,-0.03379788089732105,0.18414402800197593,0.021512501019458785,-0.2822427467412896,0.0032637046356942534,-0.09446666193206399,0.0349764859229853,-0.37183796720217,1
2025-05-02,0.023848576584252656,0.02356864125337387,0.05212214639491241,0.00810809971246635,285.55999755859375,281.8779459215714,268.84700164794924,274.04175389534726,257.467000579834,266.949760769561,263.5334005737305,277.631505707232,1.0057780988604534,1.0683027509868788,1.1155215651258639,1.0898428465985794,65.6950981735831,57.65758099130192,53.371393915067365,4.992054041265476,-0.690112110864559,5.682166152130035,300.1462563232955,214.7877448363725,257.467000579834,0.33153185182834916,0.848447862516918,0.14846325971563035,123474650.0,0.9269489729268315,-0.005812356915055328,-0.22721657926304906,-0.03379788089732105,0.18414402800197593,0.021512501019458785,-0.2822427467412896,0.09803091011549903,0.7738010801975774,0
2025-05-05,-0.024198258752220814,-0.024495847170982712,0.03728684736638079,-0.015145649392640478,284.4359985351563,281.3386338695893,274.12300262451174,275.17234587176137,259.50850143432615,268.2174035310909,262.3826010131836,277.7345842977572,0.9853183535451293,1.0223877860754342,1.0799646570983357,1.0681348865489109,57.995432618047886,54.78415093972219,51.70177234154681,5.302022326196322,0.5083147765476174,4.793707549648705,302.4466603443535,216.57034252429878,259.50850143432615,0.3309190926131854,0.7416441326091969,-0.17330699394607652,123159740.0,0.7682616088666637,0.023848576584252656,0.14846325971563035,-0.005812356915055328,-0.22721657926304906,-0.03379788089732105,0.18414402800197593,0.0032637046356942534,-0.09446666193206399,0
2025-05-06,-0.017519458684867262,-0.01767474071206643,0.023170527479174953,0.008201899864882805,281.1,279.3424246142314,277.86100311279296,275.20464773208033,261.6115020751953,268.896699014179,261.279001159668,277.64107142739476,0.9795446677464091,0.9909631183176214,1.052514908248841,1.053854327678055,52.88651617079445,52.78281675584655,50.529200703642765,5.092771860418964,1.4252061933218867,3.667565667097077,303.30926776994437,219.9137363804462,261.6115020751953,0.31877624159478923,0.6647390909250852,-0.18921272599871697,118745470.0,0.646052434673929,-0.024198258752220814,-0.17330699394607652,0.023848576584252656,0.14846325971563035,-0.005812356915055328,-0.22721657926304906,0.021512501019458785,-0.2822427467412896,1
2025-05-07,0.003159597232260225,0.0031546161942166075,0.025052542890278248,-0.0023837173160579685,279.91199951171876,278.3016168163887,280.40900268554685,275.3892574572845,264.3295021057129,269.59415636718126,260.74740142822264,277.5853431839951,0.9868101464122438,0.985061102087577,1.0449836246815722,1.0593394208637577,53.72912214793043,53.10968109904695,50.73706434978662,4.940193221532354,2.1282035989639803,2.811989622568374,302.22143849045824,226.43756572096754,264.3295021057129,0.2867022869781012,0.6569001250590237,-0.06678154956345372,110866540.0,0.6457547967132373,-0.017519458684867262,-0.18921272599871697,-0.024198258752220814,-0.17330699394607652,0.023848576584252656,0.14846325971563035,-0.03379788089732105,0.18414402800197593,1
2025-05-08,0.031134624811778533,0.030659773437438274,0.0364791231784225,0.018560248724314398,280.7720031738281,280.47441365233203,282.94000244140625,277.1039392512725,264.96050186157225,271.04423741070866,260.6278018188477,277.86905550321956,1.014417406666734,1.0066445354725047,1.0749527017163563,1.0928228122116694,61.64093585842914,56.32805593765033,52.7957133061922,5.450393427567917,2.792641564684768,2.657751862883149,303.7650038579765,226.15599986516798,264.96050186157225,0.2929078237984132,0.7558917708116282,0.3624229319790033,111174060.0,0.8773575418582357,0.003159597232260225,-0.06678154956345372,-0.017519458684867262,-0.18921272599871697,-0.024198258752220814,-0.17330699394607652,-0.005812356915055328,-0.22721657926304906,1
2025-05-09,0.04718770485146129,0.046108194570086934,0.05713138867765761,0.02773859807577626,282.9820068359375,286.4029456900964,284.2710021972656,280.9504975266093,267.2535026550293,273.6362157302245,260.95400177001954,278.66870076841195,1.0539893087214733,1.049210110986459,1.1160190860084587,1.1429600915968459,70.75748397111198,60.85042275716172,55.82492216699471,6.860147135000659,3.606142678747946,3.254004456252713,308.17997499135424,226.32703031870437,267.2535026550293,0.3062745440545474,0.8788074727744782,0.3572751113908841,107656770.0,1.229721084888577,0.031134624811778533,0.3624229319790033,0.003159597232260225,-0.06678154956345372,-0.017519458684867262,-0.18921272599871697,0.023848576584252656,0.14846325971563035,1
2025-05-12,0.06745790403815088,0.06528003118679684,0.03363902032421979,-0.011211483154910525,290.606005859375,297.0619654210018,287.5210021972656,287.7558625004644,270.55700302124023,277.8975289828519,261.4620016479492,280.22600681211395,1.0955726945191815,1.1073278210973083,1.1767575827923327,1.2176913007477916,79.33516203866509,66.45125700687068,59.87260579366517,9.491490566012715,4.783212256200899,4.708278309811815,316.48570707778657,224.6282989646939,270.55700302124023,0.3395122177114054,1.0206221560561966,-0.1477560621144849,103766260.0,1.0873158577749646,0.04718770485146129,0.3572751113908841,0.031134624811778533,0.3624229319790033,0.003159597232260225,-0.06678154956345372,-0.024198258752220814,-0.17330699394607652,1
2025-05-13,0.049280740626853614,0.04810492051681205,0.062232490463428325,0.04396877288818359,302.3500061035156,309.3979793887408,291.7250030517578,296.17661610478336,274.6430030822754,283.2472888248868,262.4504019165039,282.3375362439612,1.1049115282962592,1.1451538395046243,1.2163790942241506,1.2728881529032672,83.68825039142136,70.04964095190934,62.67310552214853,12.696543413943346,6.365878487749389,6.330664926193957,327.3985304332964,221.8874757312544,274.6430030822754,0.3841752876203215,1.0632301222820895,0.21418600384483466,106574860.0,1.2854119630089123,0.06745790403815088,-0.1477560621144849,0.04718770485146129,0.3572751113908841,0.031134624811778533,0.3624229319790033,-0.017519458684867262,-0.18921272599871697,1
2025-05-14,0.04073991993646375,0.0399319216619113,0.03739070488339192,0.015124066206660585,316.6420043945312,322.15865048442095,298.277001953125,305.54086639041935,279.3215026855469,289.3837368106863,263.9632015991211,284.89998551579725,1.0980223338991284,1.1656278908503312,1.2447304963384458,1.3171532644303967,86.55455365368617,72.77725256976039,64.90398606637183,16.148631588783473,8.322429107956207,7.826202480827266,339.9692706874037,218.67373468369001,279.3215026855469,0.4342506210138256,1.0635697095080354,3.430842249874111e-05,107378480.0,1.2758357168028454,0.049280740626853614,0.21418600384483466,0.06745790403815088,-0.1477560621144849,0.04718770485146129,0.3572751113908841,0.003159597232260225,-0.06678154956345372,0
2025-05-15,-0.013978329078298546,-0.01407694599861275,0.0333119805838345,0.00728686317509965,328.24200439453125,329.04576943102023,304.5070037841797,312.3188920147465,284.38500289916993,294.47290543102275,265.23760162353517,287.1713589200491,1.044412362630364,1.1258197777519545,1.2054785021338388,1.2925015353245433,80.65046893344132,70.31468300574994,63.48143522932544,18.281537947422123,10.31425087584939,7.967287071572732,348.39024024195334,220.37976555638653,284.38500289916993,0.4501308908014166,0.9564861162227795,-0.28551438604994406,107200840.0,0.9130768005176079,0.04073991993646375,3.430842249874111e-05,0.049280740626853614,0.21418600384483466,0.06745790403815088,-0.1477560621144849,0.031134624811778533,0.3624229319790033,1
2025-05-16,0.0208856061756566,0.020670491941373468,0.02654439754642098,0.010801816247226235,338.58600463867185,336.02384994945623,310.7840057373047,319.1663681913977,289.815503692627,299.7592964362899,266.9682015991211,289.6344433148052,1.0336517345417617,1.1261197633257694,1.2075958895474086,1.3109426848964485,82.68100379631589,71.82715229899439,64.67899463409225,20.31545019635371,12.314490739950255,8.000959456403454,356.66751854729796,222.96348883795596,289.815503692627,0.46134188132028314,0.9499827523859397,-0.020298806938107483,105344940.0,0.9103019091377336,-0.013978329078298546,-0.28551438604994406,0.04073991993646375,3.430842249874111e-05,0.049280740626853614,0.21418600384483466,0.04718770485146129,0.3572751113908841,0
2025-05-19,-0.022544186527114873,-0.02280219175263177,0.028150501288850053,0.017216796773975175,343.3280029296875,338.04589874560105,316.9670043945313,323.3343005816691,295.5450035095215,303.7907916650138,268.55660125732425,291.6915238255144,0.9963940995746554,1.0792605905190327,1.1574886811675353,1.2738096726585713,72.85233228603417,67.73184024994723,62.314562886761436,21.048053209215595,14.061203233803326,6.9868499754122695,359.63683866574684,231.45316835329618,295.5450035095215,0.43371963251045453,0.8631117186371292,-0.07326501605390023,104770040.0,0.8482377213943987,0.0208856061756566,-0.020298806938107483,-0.013978329078298546,-0.28551438604994406,0.04073991993646375,3.430842249874111e-05,0.06745790403815088,-0.1477560621144849,1
2025-05-20,0.005057180873010214,0.005044436283555748,0.03885749830423385,-0.011642245234759107,345.2780029296875,339.9706016051403,323.8140045166016,327.05897453485994,300.83750381469724,307.6030979182714,270.9900015258789,293.73577808036555,0.9957773284336169,1.0617823890522669,1.1428761473037512,1.2687553245073686,73.6535114781871,68.16050741961294,62.62908960953978,21.52017264886615,15.552997116815892,5.967175532050259,362.47223523069306,239.20277239870146,300.83750381469724,0.40975430678988817,0.8486873595620669,0.4821159920287972,110270010.0,1.1944816183475453,-0.022544186527114873,-0.07326501605390023,0.0208856061756566,-0.020298806938107483,-0.013978329078298546,-0.28551438604994406,0.049280740626853614,0.21418600384483466,0
2025-05-21,-0.026758222357769146,-0.027122740878422213,0.045275220003451036,-0.028481833078422107,342.66600341796874,338.18706610915604,329.65400390625,328.4337055498286,305.03150329589846,310.1761357467396,273.07080139160155,295.33908070926054,0.9765193855809294,1.0150642526773306,1.097001429365761,1.2253964664545747,62.254787798328174,63.34148969056634,59.840356170973536,20.910918556306513,16.624581404714014,4.286337151592498,363.80888896618865,246.25411762560825,305.03150329589846,0.3853856735136809,0.751699624641905,-0.22290998401858553,113346230.0,0.9030278289802846,0.005057180873010214,0.4821159920287972,-0.022544186527114873,-0.07326501605390023,0.0208856061756566,-0.020298806938107483,0.04073991993646375,3.430842249874111e-05,1
2025-05-22,0.019185982671137136,0.019004252475032086,0.046563376634277384,0.02753845982681205,342.31000366210935,339.138046921078,335.2760040283203,330.72576063984553,309.1080032348633,313.11555220370934,274.9298016357422,297.13127395771784,0.9962899269562654,1.0171918194184715,1.1033037157753445,1.2404621343915634,66.47838095625343,65.1909705447257,61.1092182274635,20.707419485928824,17.441149020956978,3.2662704649718464,365.96915759030145,252.24684887942516,309.1080032348633,0.3679047695975344,0.7807892811184604,-0.05120815047266958,113303630.0,0.8571075789893051,-0.026758222357769146,-0.22290998401858553,0.005057180873010214,0.4821159920287972,-0.022544186527114873,-0.07326501605390023,-0.013978329078298546,-0.28551438604994406,0
2025-05-23,-0.004984788190348977,-0.004997253689502847,0.029380566182289066,0.004202127289687503,340.1820007324219,339.2053633933489,339.3840026855469,332.2919853122173,311.82750244140624,315.6131183117266,276.9030017089844,298.7865179726266,0.9975248414298276,0.9998703346436248,1.088229850417553,1.2254832711944574,64.25709640290239,64.26635858427778,60.577063192732346,20.176387394491655,17.988196695663916,2.1881906988277393,369.00862822773144,254.64637665508104,311.82750244140624,0.3667484448205128,0.7405732094126063,-0.1282891959297069,108530330.0,0.7800105279326065,0.019185982671137136,-0.05120815047266958,-0.026758222357769146,-0.22290998401858553,0.005057180873010214,0.4821159920287972,0.0208856061756566,-0.020298806938107483,1
2025-05-27,0.06939947711644767,0.06709725458197968,0.04538565558674581,0.044738759959286466,344.3420043945313,347.1002471450451,343.8350036621094,337.8552633733483,315.6780029296875,320.1156798676039,279.16120208740233,301.30038058736426,1.0538650818581365,1.0554190550216747,1.1495574961846984,1.2999299757092342,76.79062220565774,70.50683010414245,65.00920607342982,21.409040209227044,18.67236539837654,2.736674810850502,375.654642005402,255.701363853973,315.6780029296875,0.3799861790754765,0.8935866734642262,0.41925088713221226,109262300.0,1.0996144141208817,-0.004984788190348977,-0.1282891959297069,0.019185982671137136,-0.05120815047266958,-0.026758222357769146,-0.22290998401858553,-0.022544186527114873,-0.07326501605390023,0
2025-05-28,-0.016506435862546853,-0.016644185010272462,0.025469309311692216,-0.021762971497381406,346.9580017089844,350.36682939552486,346.1180023193359,341.31794165028214,318.9215026855469,323.6189478703544,281.5390020751953,303.4807575798788,1.0286547424717962,1.0311512013385562,1.119084134782796,1.267675140090044,69.55319238745713,67.28798969225058,63.11416767309506,21.652979759542234,19.26848827060968,2.3844914889325537,380.42858325313233,257.41442211796146,318.9215026855469,0.38571924470223473,0.8087326764697099,-0.23922564471344954,104703470.0,0.8729825286592698,0.06939947711644767,0.41925088713221226,-0.004984788190348977,-0.1282891959297069,0.019185982671137136,-0.05120815047266958,0.005057180873010214,0.4821159920287972,1
2025-05-29,0.004286911755287504,0.0042777491260106125,0.03267023322367564,-0.018779642773330902,351.7200012207031,353.0545504889437,347.19300231933596,344.42922365491836,322.7350021362305,326.93428547087126,284.20140197753904,305.635629544424,1.0190776510627486,1.0323652558703067,1.1106015470998818,1.2611830560361157,70.38495262974223,67.69368789195977,63.40030379681809,21.719394070422084,19.758669430572162,1.9607246398499214,384.10969107130893,261.36031320115205,322.7350021362305,0.3803410756740381,0.7907956941118559,-0.03628385097856446,99812520.0,0.8825325720661096,-0.016506435862546853,-0.23922564471344954,0.06939947711644767,0.41925088713221226,-0.004984788190348977,-0.1282891959297069,-0.026758222357769146,-0.22290998401858553,0
2025-05-30,-0.03339564619395741,-0.03396601533337422,0.05307967610812521,-0.02548379230019986,352.8039978027344,350.85636414432184,347.5570007324219,344.79845416403833,326.0320022583008,328.7938765169862,286.4134017944336,307.23658491346924,0.9820183263592057,0.9968436565080491,1.062656392793592,1.2096500697398984,56.33733717007044,61.28942452438215,59.602192005160035,20.569041720081884,19.920743888474107,0.6482978316077777,385.01950228759716,267.0445022290044,326.0320022583008,0.36185098162580476,0.6731552378608323,0.4017253240516847,102371750.0,1.2061423195363956,0.004286911755287504,-0.03628385097856446,-0.016506435862546853,-0.23922564471344954,0.06939947711644767,0.41925088713221226,0.019185982671137136,-0.05120815047266958,0
2025-06-02,-0.01088145559849063,-0.010941091649071494,0.04286673768347815,-0.0023580714951783113,353.4739990234375,348.13424357668333,346.8279998779297,344.4150993053779,328.8060028076172,330.1173170812167,288.542001953125,308.62691501260406,0.9694914007484997,0.9880690214227805,1.0422255053595009,1.1876607222579603,52.488086387541685,59.38387553134239,58.44433738582424,19.13262361294028,19.76311983336734,-0.6304962204270623,385.39940289079624,272.2126027244381,328.8060028076172,0.3442358083486182,0.6226644768946806,-0.3369194872804109,100969560.0,0.8108760699759413,-0.03339564619395741,0.4017253240516847,0.004286911755287504,-0.03628385097856446,-0.016506435862546853,-0.23922564471344954,-0.004984788190348977,-0.1282891959297069,1
2025-06-03,0.004610541775392996,0.004599945784019605,0.03590201221713709,-0.006722495813078164,349.7499938964844,346.8461587223462,347.04599914550784,344.38871561597676,332.00650177001955,331.4651905985934,290.4532015991211,310.0246826204891,0.9843316512410449,0.9920010311639638,1.0369374912186125,1.1852855713700408,54.02401501216968,59.94593104391816,58.79656856500823,17.91522802920167,19.39354147253421,-1.4783134433325387,384.3355037128332,279.6774998272059,332.00650177001955,0.3152287781343624,0.6171767737616527,0.21314144451582795,102015020.0,0.9736262366071192,-0.01088145559849063,-0.3369194872804109,-0.03339564619395741,0.4017253240516847,0.004286911755287504,-0.03628385097856446,0.06939947711644767,0.41925088713221226,0
2025-06-04,-0.03549540073392177,-0.03614067809813415,0.055021894904092726,-0.03781517844028207,344.7799926757813,341.9141017458871,345.86899719238284,342.145310557248,334.8415008544922,331.52088556948627,291.5264010620117,310.8884200782334,0.9630778898044025,0.9600455388844016,0.9916631807753826,1.1390048605660834,41.82403576752431,53.75057357535874,55.0099954552904,15.782451015456388,18.671323381118647,-2.888872365662259,380.274795287763,289.4082064212214,334.8415008544922,0.2713719435453981,0.46927899356249153,-0.004152047078011978,98734680.0,1.00179693700329,0.004610541775392996,0.21314144451582795,-0.01088145559849063,-0.3369194872804109,-0.03339564619395741,0.4017253240516847,-0.016506435862546853,-0.23922564471344954,0
2025-06-05,-0.14259893789082123,-0.15384948606327908,0.18033015151596357,-0.11718186353591704,330.03399658203125,322.8427385662685,340.8769989013672,331.7007108572086,335.26550140380857,327.061754773062,291.4576010131836,309.86142369112747,0.8626384407530815,0.835198658532573,0.8491777740774049,0.9768145048107815,20.696124543568416,37.55470592229331,43.588893272796035,10.15440885235654,16.967940475366227,-6.813531623009688,378.6129681128426,291.9180346947745,335.26550140380857,0.2585859059612844,-0.08325771995159016,1.9066191092899656,117249180.0,2.452041029199522,-0.03549540073392177,-0.004152047078011978,0.004610541775392996,0.21314144451582795,-0.01088145559849063,-0.3369194872804109,0.004286911755287504,-0.03628385097856446,1
2025-06-06,0.036670186138995975,0.0360138325066553,0.04865482360522246,-0.012348064416673875,319.77000122070314,313.60849726032484,336.28699951171876,325.05331154652293,335.78150177001953,324.02158904690725,291.9192013549805,309.28411353259065,0.9229759312060477,0.8776432484067901,0.8789644846206631,1.0110332354929281,29.816138739612896,41.72412405249914,46.17598961250608,6.4620750577624335,14.86676739184547,-8.404692334083036,376.9032625234625,294.65974101657656,335.78150177001953,0.244931662623915,0.005839653057909584,-0.42696412310547693,124012610.0,1.32847538649497,-0.14259893789082123,1.9066191092899656,-0.03549540073392177,-0.004152047078011978,0.004610541775392996,0.21314144451582795,-0.03339564619395741,0.4017253240516847,1
2025-06-09,0.04553761352840424,0.04453121583281344,0.09067334787182459,0.079101957592347,312.947998046875,311.9323270309718,333.21099853515625,322.0581615512034,336.29750061035156,322.5509602397985,292.62820098876955,309.25650071061716,0.9860423728482995,0.9260798350859601,0.9175803745559186,1.054512126751954,40.15298684536754,46.66152893888109,49.317871722659284,4.567713576630808,12.806956628802538,-8.23924305217173,375.7480544925731,296.84694672813004,336.29750061035156,0.23461699126887417,0.14870564148686272,-0.14469883342832712,129638020.0,1.0869411612426663,0.036670186138995975,-0.42696412310547693,-0.14259893789082123,1.9066191092899656,-0.03549540073392177,-0.004152047078011978,-0.01088145559849063,-0.3369194872804109,1
2025-06-10,0.05674382827003055,0.05519232015438431,0.05262342708222882,0.035403549279386326,309.31199951171874,316.6515501332781,329.53099670410154,322.79122242151016,336.6830001831055,322.88801129675966,293.87900115966795,309.9166377940396,1.0542429548567716,0.9895578855991483,0.9685371585751171,1.1096063177400077,51.09997759970532,52.328388801279075,53.06571453697402,4.428283410875167,11.131221985217065,-6.702938574341898,375.57236968168286,297.7936306845281,336.6830001831055,0.2310147496453776,0.36380591943509943,0.07343468013730847,132749030.0,1.1394169885836454,0.04553761352840424,-0.14469883342832712,0.036670186138995975,-0.42696412310547693,-0.14259893789082123,1.9066191092899656,0.004610541775392996,0.21314144451582795,1
2025-06-11,0.0010426457165473302,0.0010421025390305668,0.03982477190112839,-0.023833736142860964,308.18800048828126,319.9110309807792,326.48399658203124,323.4528170131958,336.3009994506836,323.2253428566665,295.2244009399414,310.56422033842165,1.05919111762495,0.9998345894230181,0.9706482978313304,1.1057012619434128,51.30176781670401,52.43406337331232,53.136369001474065,4.295700699292922,9.764117728032238,-5.4684170287393155,375.43485497261656,297.16714392875065,336.3009994506836,0.23273112828004955,0.3738814941276352,-0.1893809522235408,135869740.0,0.9024187431285289,0.05674382827003055,0.07343468013730847,0.04553761352840424,-0.14469883342832712,0.036670186138995975,-0.42696412310547693,-0.03549540073392177,-0.004152047078011978,0
2025-06-12,-0.022424432461661592,-0.022679683166052338,0.04919937616409776,-0.012287982498770863,315.0699951171875,319.6440157710403,322.5519958496094,322.6632112565352,334.8724990844727,322.8334040466566,296.2374008178711,310.8993483781527,1.012822516574047,0.989328819717948,0.9529298052960329,1.0772103200694554,46.483670886209985,49.87088010454991,51.387592746645716,3.5589392931378825,8.523082041053367,-4.964142747915485,374.32507936275533,295.41991880619,334.8724990844727,0.23562747246276924,0.30023469160029914,-0.14259603919374542,137573710.0,0.7641539942478836,0.0010426457165473302,-0.1893809522235408,0.05674382827003055,0.07343468013730847,0.04553761352840424,-0.14469883342832712,-0.14259893789082123,1.9066191092899656,1
2025-06-13,0.019429076154419578,0.019242741328905938,0.0605268900100734,0.03611808865114871,321.10399169921874,321.53267636689145,320.43699645996094,323.1444451296367,333.9969985961914,323.06927009541255,297.0884005737305,311.46447187542486,1.013098578554311,1.0152073610490282,0.9739907811324364,1.0949939375968982,51.02847001760499,52.01069552473584,52.76998343403184,3.435734728840714,7.505612578610838,-4.069877849770124,373.4823857139181,294.5116114784647,333.9969985961914,0.23644156853915488,0.38999726643559113,0.22674181351216371,138122650.0,0.9336940755191129,-0.022424432461661592,-0.14259603919374542,0.0010426457165473302,-0.1893809522235408,0.05674382827003055,0.07343468013730847,0.036670186138995975,-0.42696412310547693,1
2025-06-16,0.011742668079331553,0.011674257976472,0.017136037575387588,-0.006519978286083703,325.2139953613281,324.0651192055318,319.08099670410155,324.2327287211232,332.9544982910156,323.6464829323078,298.3254006958008,312.15723787571454,1.0120413314843155,1.0314935965554535,0.9885134652697788,1.1032584021178364,53.84592429024039,53.33247006434295,53.623173228052636,3.6047831931741143,6.725446701523493,-3.120663508349379,371.79255638922814,294.1164401928031,332.9544982910156,0.23329348783428352,0.45076358608697864,-0.3492315315168616,138327860.0,0.6067172585479165,0.019429076154419578,0.22674181351216371,-0.022424432461661592,-0.14259603919374542,0.0010426457165473302,-0.1893809522235408,0.04553761352840424,-0.14469883342832712,0
2025-06-17,-0.03882963749794621,-0.03960360944657592,0.039576479499586974,-0.02986902494329368,323.2659973144531,321.4934148381931,316.28899841308595,322.7995064270127,331.66749877929686,322.95158037718477,299.86380096435545,312.3216601591578,0.978605881013183,1.0001928859073055,0.9538167208660562,1.0549789774095468,43.97175795856363,48.517812152664305,50.42342497170703,2.6766613387544,5.915689628969675,-3.239028290215275,370.9131310600429,292.42186649855086,331.66749877929686,0.23665648533660769,0.3048509886882873,0.051912460873222654,137223680.0,0.6433488738969834,0.011742668079331553,-0.3492315315168616,0.019429076154419578,0.22674181351216371,-0.022424432461661592,-0.14259603919374542,0.05674382827003055,0.07343468013730847,1
2025-06-18,0.0180179597897272,0.017857560202303197,0.04306783307845951,0.01493804251629268,322.38999633789064,321.67893915645163,315.28899841308595,322.663230311732,330.57899780273436,322.86571441678325,301.63900085449217,312.703163203621,0.9989453502007378,1.0214437846354052,0.9741997826042926,1.067666935909003,48.85224964264143,50.657366834595855,51.77115259858253,2.3736964726126644,5.207290997698273,-2.8335945250856085,369.62311293343197,291.53488267203676,330.57899780273436,0.236216549691377,0.3907772659053059,0.07764828216626807,136846240.0,0.6952160322417335,-0.03882963749794621,0.051912460873222654,0.011742668079331553,-0.3492315315168616,0.019429076154419578,0.22674181351216371,0.0010426457165473302,-0.1893809522235408,1
2025-06-20,0.0003416111576173275,0.00034155282181088666,0.04525697295297256,-0.01765515575363573,323.0,321.8392939916709,319.0349975585938,322.5717345572551,329.9559982299805,322.7985038687191,303.64500091552736,313.07401969218915,0.9973993921427535,1.0097951827461866,0.9763726235931699,1.0609758194297847,48.95237884411845,50.699954151132616,51.797708709018075,2.118056359383388,4.589444070035296,-2.471387710651908,369.11976175032487,290.7922347096361,329.9559982299805,0.23738779552688785,0.4004692875874746,0.14242829078272856,118965060.0,0.9136127868132038,0.0180179597897272,0.07764828216626807,-0.03882963749794621,0.051912460873222654,0.011742668079331553,-0.3492315315168616,-0.022424432461661592,-0.14259603919374542,1
2025-06-23,0.0823193093872907,0.07910624722725408,0.08621084716651616,0.06454168522731794,327.6739990234375,330.786193553041,324.3889953613281,327.31869057880533,330.33799743652344,325.2634075646298,305.17460052490236,314.4703323582124,1.0641063792517798,1.074882310009919,1.0555249331944696,1.1425590205608505,67.07779337021101,59.724096452112725,57.69385608367556,4.009185806127618,4.473392417253761,-0.4642066111261425,370.0716508825783,290.6043439904686,330.33799743652344,0.2405636272811149,0.7308118389384979,0.7547180921536876,121561970.0,1.5688854005903325,0.0003416111576173275,0.14242829078272856,0.0180179597897272,0.07764828216626807,-0.03882963749794621,0.051912460873222654,0.019429076154419578,0.22674181351216371,0
2025-06-24,-0.023545920693855638,-0.023827555571310416,0.04646520183128773,-0.044080106733119816,329.94199829101564,334.0141294422617,327.5779968261719,329.7098379682413,330.3944976806641,326.71165457949394,306.9360006713867,315.48992721556493,1.0319086475326538,1.0393555260714666,1.0304953732909237,1.1092540479968616,59.45340007962896,56.289020441011175,55.48760326308537,4.790223110651709,4.536758555933351,0.2534645547183585,370.18236958094695,290.6066257803812,330.3944976806641,0.2408506932142618,0.6266152606162309,-0.39839489756539537,118944700.0,0.9646180115633568,0.0823193093872907,0.7547180921536876,0.0003416111576173275,0.14242829078272856,0.0180179597897272,0.07764828216626807,0.011742668079331553,-0.3492315315168616,0
2025-06-25,-0.037947582404945,-0.03868634165630777,0.0689971208846455,-0.04420783155651041,332.18199462890624,331.85941555916406,327.7239959716797,329.31713793637357,328.62749633789065,326.79149583792014,308.44080047607423,315.96287076762,0.986055816056159,0.9994690404704879,0.9967211856678785,1.0619541490211404,49.188452570591245,51.28958576433226,52.18982743116076,4.316901145765598,4.492787073899801,-0.17588592813420245,365.519393796161,291.7355988796203,328.62749633789065,0.22452106332781466,0.4853964065396649,0.04452735928155205,115803560.0,1.034899963351731,-0.023545920693855638,-0.39839489756539537,0.0823193093872907,0.7547180921536876,0.0003416111576173275,0.14242829078272856,-0.03882963749794621,0.051912460873222654,0
2025-06-26,-0.0054037218123500486,-0.005418374727754274,0.022837505277438958,0.0036043667186245513,332.92799682617186,329.83294329920835,327.65899658203125,328.67402172599594,327.0714965820313,326.6951627847179,309.90940032958986,316.34785617984267,0.978529898010929,0.9942653862023167,0.9960513287882593,1.0512104454812554,47.86753565686642,50.62620199167876,51.74743175883036,3.7556736890431353,4.345364396928468,-0.5896907078853326,361.6125212040615,292.530471960001,327.0714965820313,0.21121390878136137,0.481304871281805,-0.32879274997475905,111586510.0,0.72088373406427,-0.037947582404945,0.04452735928155205,-0.023545920693855638,-0.39839489756539537,0.0823193093872907,0.7547180921536876,0.0180179597897272,0.07764828216626807,0
2025-06-27,-0.006599526995335614,-0.006621400161764133,0.03658497716297328,-0.002711795803920123,333.2219970703125,327.7652971604098,328.1109985351562,327.756927754508,325.3314971923828,326.40324298453646,311.29980041503904,316.63343063878267,0.9712144087970398,0.9863430556355959,0.994769973629193,1.0396087772987141,46.112661508719896,49.78388458968534,51.19395467500707,3.1016563828995345,4.096622794122681,-0.9949664112231469,356.7427962423521,293.92019814241354,325.3314971923828,0.19310333810927868,0.4729159194138458,0.10723524972992604,109980460.0,0.8098438577179983,-0.0054037218123500486,-0.32879274997475905,-0.037947582404945,0.04452735928155205,-0.023545920693855638,-0.39839489756539537,0.0003416111576173275,0.14242829078272856,0
2025-06-30,-0.018446995428822777,-0.01861926308527601,0.028269156850800402,-0.0070021577902869,327.01799926757815,324.3968659943097,327.3459991455078,325.92112337407184,323.89149780273436,325.5705535252577,312.8220004272461,316.6736884044034,0.9713838515726111,0.9704105273665101,0.980760550422289,1.0154656744994137,41.21746463040951,47.42436376307144,49.64578098540867,2.0776637364585895,3.6928309825898635,-1.615167246131274,353.9058780840779,293.8771175213908,323.89149780273436,0.1853360182960022,0.3961915241591981,-0.13890554301817737,104753540.0,0.732148049602906,-0.006599526995335614,0.10723524972992604,-0.0054037218123500486,-0.32879274997475905,-0.037947582404945,0.04452735928155205,0.0823193093872907,0.7547180921536876,0
2025-07-01,-0.05335897504131726,-0.0548353231730864,0.042166950063758,0.007538698868919095,319.0659973144531,316.5012411478992,324.5039978027344,321.3372812069821,321.792497253418,323.2028809471454,314.0088003540039,316.0476610730573,0.9424695642472853,0.9266757682223669,0.9344841598909717,0.9576482923920187,30.49451822492061,41.42170948452695,45.540146168549796,-0.10042451001999098,2.9341798840678925,-3.0346043940878835,352.12465020088007,291.4603443059559,321.792497253418,0.18851995125029222,0.15247264454230142,0.8917205923194571,110869520.0,1.3086166513573794,-0.018446995428822777,-0.13890554301817737,-0.006599526995335614,0.10723524972992604,-0.0054037218123500486,-0.32879274997475905,-0.023545920693855638,-0.39839489756539537,1
2025-07-02,0.04968242780731846,0.04848766871497916,0.041216472357396665,0.009659946155212772,316.6859985351563,316.21749206409424,324.4339965820312,320.3032289687098,320.3614974975586,322.48355837089196,315.7718002319336,316.0320662818192,0.9967286061162667,0.9729251472469351,0.9852931652590051,0.9996142583493531,45.16430113411928,47.7047440278707,49.411970841585294,-0.6139643999975988,2.2245510272547944,-2.838515427252393,348.96826249387874,291.7547325012385,320.3614974975586,0.17859053113296255,0.4176505347305032,-0.17646122257396835,113989620.0,1.0481980727718891,-0.05335897504131726,0.8917205923194571,-0.018446995428822777,-0.13890554301817737,-0.006599526995335614,0.10723524972992604,-0.037947582404945,0.04452735928155205,0
2025-07-03,-0.0009503811144286889,-0.0009508330128998894,0.0180434511852791,-0.008302098216719246,314.6,315.9283300772347,323.7639984130859,319.4026429932199,319.52649841308596,321.80417244066564,317.3194003295898,316.0053188238465,1.002383999057583,0.9740119582448602,0.986929120650986,0.9937936532590549,44.94209418397361,47.59435502827782,49.33801659587632,-1.0332443724960854,1.5729919473046183,-2.6062363198007037,347.6913161435762,291.3616806825957,319.52649841308596,0.17629096723038346,0.4258562162635796,-0.5142241159254359,110280080.0,0.526317173509486,0.04968242780731846,-0.17646122257396835,-0.05335897504131726,0.8917205923194571,-0.018446995428822777,-0.13890554301817737,-0.0054037218123500486,-0.32879274997475905,0
2025-07-07,-0.06789282780315342,-0.07030747928005848,0.025107181130556138,0.008820425463456202,308.66199951171876,308.59888753195855,320.94199829101564,314.77307198379924,319.9884979248047,319.1504419645457,318.1834002685547,315.1400122990449,0.9523038239446331,0.915866430715231,0.9185955256131748,0.923806842824967,31.881540457211287,40.40770839524817,44.36238435367899,-3.0578857328555955,0.6468164112725755,-3.704702144128171,346.07987792905277,293.8971179205566,319.9884979248047,0.1630769866633107,0.0008218139638970019,1.2600396607301918,112529070.0,1.1657245545528814,-0.0009503811144286889,-0.5142241159254359,0.04968242780731846,-0.17646122257396835,-0.05335897504131726,0.8917205923194571,-0.006599526995335614,0.10723524972992604,1
2025-07-08,0.013165935514200422,0.013080017887538436,0.032571041163736165,0.002727264507049663,304.69199829101564,305.0025908741703,315.85499877929686,311.6888766337619,320.1219970703125,317.1180186877884,318.94940002441405,314.46040387785075,0.9774132541352504,0.9428693505233646,0.9303015734129071,0.9337217675775462,35.815064924235486,42.10931016599926,45.407306852971324,-4.300577949055537,-0.3426624607930471,-3.95791548826249,345.7262266800917,294.51776746053326,320.1219970703125,0.15996544969795023,0.06429074704132201,-0.21292611026704955,103782060.0,0.9948414976538335,-0.06789282780315342,1.2600396607301918,-0.0009503811144286889,-0.5142241159254359,0.04968242780731846,-0.17646122257396835,-0.018446995428822777,-0.13890554301817737,0
2025-07-09,-0.0064806174796113725,-0.006501707849529647,0.02230636066850699,-0.0056124448955387,303.7260009765625,301.9617288770511,311.3959991455078,308.81453631540745,319.4869979858398,315.09535070636207,319.1679998779297,313.7317607800061,0.9741675191833331,0.9501727886508745,0.9261096906858363,0.9270353074116954,34.650876450243345,41.47329667484568,44.965099789911015,-5.379147301137152,-1.3499594288618681,-4.029187872275284,346.77902822064516,292.1949677510345,319.4869979858398,0.17084908247824823,0.06751123130221574,-0.2679010564018026,99867120.0,0.7568737338174967,0.013165935514200422,-0.21292611026704955,-0.06789282780315342,1.2600396607301918,-0.0009503811144286889,-0.5142241159254359,-0.05335897504131726,0.8917205923194571,1
2025-07-10,0.0472826483827995,0.046198855706690405,0.033820670447181456,0.032727904428359614,302.57000122070315,304.59781762376326,309.6279998779297,309.0064379157311,318.6759979248047,314.59769779310733,319.6477996826172,313.58031898930733,1.0241266281093067,1.0007815676855878,0.9723669091335362,0.9694106933470582,48.74154513041545,47.64611569188931,48.762927736728805,-5.046868828360516,-2.0893413087615977,-2.9575275195989184,346.09864297099284,291.2533528786165,318.6759979248047,0.17210361134671245,0.3394392154224153,0.3807344668645849,98319140.0,1.0614952490430654,-0.0064806174796113725,-0.2679010564018026,0.013165935514200422,-0.21292611026704955,-0.06789282780315342,1.2600396607301918,0.04968242780731846,-0.17646122257396835,1
2025-07-11,0.01174690904506881,0.01167844971117151,0.02692099830469802,0.01825325554518116,302.202001953125,307.5685483377172,308.4010009765625,309.8252691611663,318.0299987792969,314.49410845715664,320.07739990234376,313.5775617648492,1.0374187058305921,1.0165661225900195,0.9857875388138821,0.979481868639515,51.89042345862225,49.14891205147478,49.71100788575293,-4.438650977980842,-2.559203242605447,-1.8794477353753951,345.29985029260297,290.7601472659908,318.0299987792969,0.1714923222210276,0.4171247960138986,-0.2407783046663977,98198690.0,0.8068987478346198,0.0472826483827995,0.3807344668645849,-0.0064806174796113725,-0.2679010564018026,0.013165935514200422,-0.21292611026704955,-0.0009503811144286889,-0.5142241159254359,1
2025-07-14,0.010813001260769006,0.01075495879659973,0.03133478342389899,-0.002612334564390474,306.79400024414065,310.6790301906396,307.7279998779297,311.11158274940595,317.919499206543,314.7232404037593,320.77219970703123,313.70785322099175,1.032940649570401,1.0298055231314442,0.996793196665813,0.9879284869010362,54.900668158585994,50.57190999165485,50.60478546600927,-3.6411180194896247,-2.7755861979822827,-0.865531821507342,345.1888605658273,290.65013784725863,317.919499206543,0.17154884445491808,0.48130676225551766,-0.015056211539141051,97096330.0,0.8037729129411997,0.01174690904506881,-0.2407783046663977,0.0472826483827995,0.3807344668645849,-0.0064806174796113725,-0.2679010564018026,-0.06789282780315342,1.2600396607301918,0
2025-07-15,-0.01931207079538977,-0.019500985006087518,0.034429539381747525,-0.027840321885613684,309.38800048828125,310.7126863868587,307.0399993896484,311.0512947548406,317.1929992675781,314.3476935823819,321.37739990234377,313.5930353997488,1.0044991993510373,1.0121808213818495,0.9797820238684671,0.967025057996402,48.50797822590577,47.9624908400845,48.95548202351841,-3.462980776236691,-2.9130651136331642,-0.5499156626035266,344.4102265398364,289.9757719953198,317.1929992675781,0.1716130389706259,0.3821885781359917,-0.006241399016444715,97182450.0,0.798048413062235,0.010813001260769006,-0.015056211539141051,0.01174690904506881,-0.2407783046663977,0.0472826483827995,0.3807344668645849,0.013165935514200422,-0.21292611026704955,1
2025-07-16,0.03504091219258654,0.03444095462458378,0.0338234974621182,0.028356860552809168,314.54600219726564,314.3651287338173,309.13600158691406,312.98197087718495,316.8199996948242,315.0450573771774,322.06660034179686,313.90977963614046,1.022648551183941,1.0405452997272346,1.0153084203572436,0.9987686183117356,58.53202372974338,52.64484072160476,51.88538144424381,-2.4152312743684092,-2.8134983457802134,0.3982670714118042,343.5731538305721,290.06684555907634,316.8199996948242,0.16888551329788373,0.5906437743434055,0.25437649810524743,92402360.0,1.0528389101750215,-0.01931207079538977,-0.006241399016444715,0.010813001260769006,-0.015056211539141051,0.01174690904506881,-0.2407783046663977,-0.0064806174796113725,-0.2679010564018026,0
2025-07-17,-0.007025863995037018,-0.007050661595447646,0.02279201870896343,-0.011573542642779818,316.45400390625,316.0467537099147,309.5120025634766,314.1507041108075,316.9729995727539,315.4607665471709,322.84960021972654,314.1254746959824,1.0093410091810218,1.0319793772669699,1.007688364916382,0.9893461334464214,55.897372566953315,51.60701919997759,51.244435404725714,-1.7471065886882684,-2.600219994361825,0.8531134056735565,343.7486427148977,290.1973564306101,316.9729995727539,0.16894589241502922,0.5455078534700016,-0.24013926122066342,87846280.0,0.841502907123671,0.03504091219258654,0.25437649810524743,-0.01931207079538977,-0.006241399016444715,0.010813001260769006,-0.015056211539141051,0.0472826483827995,0.3807344668645849,1
2025-07-18,0.03205907804067243,0.031555911584314186,0.028757714680033856,0.024839862411890526,319.6820007324219,320.58116710543794,310.94200134277344,316.9687567991123,317.3529998779297,316.81212153281984,323.93559997558594,314.7342793705119,1.0311809646499486,1.0601655372156937,1.0387486301477684,1.0176405246022022,64.37415082187552,55.85357028491538,53.95074565514492,-0.38687171267889653,-2.157550338025239,1.7706786253463425,344.6173271186088,290.08867263725057,317.3529998779297,0.17182334656465434,0.7255143490246708,0.2750446749248203,91467550.0,1.0304747421353255,-0.007025863995037018,-0.24013926122066342,0.03504091219258654,0.25437649810524743,-0.01931207079538977,-0.006241399016444715,0.01174690904506881,-0.2407783046663977,0
2025-07-21,-0.0035188948387289143,-0.003525100711992725,0.033851853778720846,-0.01767345624993897,322.0,323.2174414817503,314.3970001220703,319.06352651461464,317.669499206543,317.9242995043966,324.9809997558594,315.27371901223205,1.0201552491750776,1.0448254598702686,1.0340621024519472,1.0107975250280838,62.77940969557324,55.2619747593166,53.5968770820394,0.590712262290424,-1.6078978179621066,2.1986100802525304,345.29426900378246,290.0447294093035,317.669499206543,0.1739214489665459,0.6958476234779937,-0.19612964829452018,85926640.0,0.8817847410302556,0.03205907804067243,0.2750446749248203,-0.007025863995037018,-0.24013926122066342,0.03504091219258654,0.25437649810524743,0.010813001260769006,-0.015056211539141051,1
2025-07-22,0.0110201078413521,0.010959828902223289,0.041733210323287306,0.00718746645046886,326.2659973144531,326.1816227716877,317.8269989013672,321.4356099395143,316.840998840332,319.2753172041267,325.92679931640623,315.93396475102935,1.0179117287281303,1.044939500104042,1.0481913217264067,1.0189710881342828,65.85872285649177,56.79975220528303,54.5732024821717,1.6386684085829302,-0.9585845726530993,2.5972529812360294,341.5342700270945,292.1477276535695,316.840998840332,0.15587169133503687,0.8091730211794668,0.021137988195669033,83339010.0,0.9283815586482249,-0.0035188948387289143,-0.19612964829452018,0.03205907804067243,0.2750446749248203,-0.007025863995037018,-0.24013926122066342,-0.01931207079538977,-0.006241399016444715,1
2025-07-23,0.0013550095657464123,0.0013540923687317768,0.022642527166756323,0.005016632495401843,328.443994140625,328.3077477006564,321.4949981689453,323.458225870256,316.44549865722655,320.5405248569331,326.6127990722656,316.58596603760054,1.012531827317282,1.0344173298268042,1.0509234574981976,1.0182087122832326,66.26351634263439,56.99763589614163,54.697617849707335,2.476940797166833,-0.27147949868911286,2.748420295855946,339.8310367901469,293.0599605243062,316.44549865722655,0.14780136378714342,0.8445398350419493,0.19624300766184488,85035710.0,1.0884109746364203,0.0110201078413521,0.021137988195669033,-0.0035188948387289143,-0.19612964829452018,0.03205907804067243,0.2750446749248203,0.03504091219258654,0.25437649810524743,0
2025-07-24,-0.08197020076301287,-0.08552542784602518,0.03190301547270261,-0.015161329700100807,325.6219909667969,320.6384943980939,321.0379974365234,320.1567280380219,315.33299865722654,319.0890451365555,326.35119873046875,316.14337865545815,0.9375902004852604,0.9509777354418415,0.9681828070421393,0.9354952241039995,36.05354822862172,43.88415703572459,46.5828042809901,0.9308919944159015,-0.031005200068109973,0.9618971944840116,338.61636859068267,292.0496287237704,315.33299865722654,0.14767480747402292,0.28454555992255126,0.69594333241855,90295780.0,1.7383536639253794,0.0013550095657464123,0.19624300766184488,0.0110201078413521,0.021137988195669033,-0.0035188948387289143,-0.19612964829452018,-0.007025863995037018,-0.24013926122066342,1
2025-07-25,0.03524405566934252,0.034637201499348805,0.04942098094616273,0.02370929440874143,322.90399169921875,319.1123287849272,321.2929962158203,319.41186795085315,314.8469985961914,318.80056441484487,325.9909985351562,316.14010880852226,0.9788048636233643,0.983712689915869,1.003852661666812,0.9695359656518507,47.149368583590736,48.88329655627871,49.67703244724695,0.5673400989837774,0.0886638597422675,0.47867623924150987,337.63840650336715,292.0555906890156,314.8469985961914,0.14477767302083766,0.5266108826480276,-0.05567447727533348,97194840.0,1.52505009525197,-0.08197020076301287,0.69594333241855,0.0013550095657464123,0.19624300766184488,0.0110201078413521,0.021137988195669033,0.03205907804067243,0.2750446749248203,1
2025-07-28,0.030152499060024596,0.029706848621967902,0.0454559045407821,0.02242105152194975,322.32399291992186,321.27155130258166,322.16199645996096,320.5351640212236,314.9449981689453,319.44717697894447,325.54919860839846,316.5106926332034,1.0101326723722368,1.0106406091208704,1.0337995466854026,1.0001253197048758,55.184581524027784,52.886604808192764,52.24932434604741,1.036268401492464,0.2781847680923068,0.758083633400157,337.90287304742,291.9871232904706,314.9449981689453,0.14578974114178145,0.731837620539654,-0.23985643641171983,100657880.0,1.1193738632285917,0.03524405566934252,-0.05567447727533348,-0.08197020076301287,0.69594333241855,0.0013550095657464123,0.19624300766184488,-0.0035188948387289143,-0.19612964829452018,0
2025-07-29,-0.013483166498468035,-0.013574889801361277,0.024906599302504245,-0.013361928272299112,320.1419982910156,321.2477049373982,323.20399780273436,320.65604550955226,315.1219985961914,319.61411366733364,325.1167987060547,316.69458751845156,1.0033048269882225,0.9937996262133916,1.0192878111903207,0.9879526788077023,51.01615785778997,50.908710507218785,50.98869529807309,1.0416548798966119,0.4308787904531678,0.6107760894434441,338.2150601404836,292.0289370518992,315.1219985961914,0.1465658484470611,0.6315982638157847,-0.22467423660158792,101638140.0,0.8595090386345126,0.030152499060024596,-0.23985643641171983,0.03524405566934252,-0.05567447727533348,-0.08197020076301287,0.69594333241855,0.0110201078413521,0.021137988195669033,0
2025-07-30,-0.006724793213012448,-0.006747506520358081,0.04021444566892695,-0.009746055628039041,317.43800048828126,320.5118061399061,322.9409973144531,320.36222060689215,316.0384994506836,319.5594369890087,324.49799865722656,316.78656481360724,1.0050466801522704,0.9879204288028727,1.0094972894108005,0.9831802040848022,48.896011412521396,49.919466232801035,50.360952979459555,0.8616963599606606,0.5170423043546664,0.34465405560599427,338.20736425355295,293.8696346478143,316.0384994506836,0.14029217858837914,0.5676964995936502,-0.03922897380804935,100302850.0,0.836784797241554,-0.013483166498468035,-0.22467423660158792,0.030152499060024596,-0.23985643641171983,0.03524405566934252,-0.05567447727533348,0.0013550095657464123,0.19624300766184488,0
2025-07-31,-0.03375758288237862,-0.03434052685502853,0.04953446510485536,-0.03548073232260541,318.03200073242186,316.4312004311614,321.8269958496094,318.16363304448845,315.669499206543,318.48425146754806,323.8215985107422,316.45258144890386,0.9693049388229227,0.9578748613050698,0.9765593121556873,0.9519747615088299,39.37668786020632,45.202914791442076,47.31147634136696,-0.14826354117099072,0.383981135249535,-0.5322446764205258,338.09612814394814,293.2428702691378,315.669499206543,0.14208929905344692,0.33502847856617596,0.015953409847745625,101437650.0,0.8406237723369971,-0.006724793213012448,-0.03922897380804935,-0.013483166498468035,-0.22467423660158792,0.030152499060024596,-0.23985643641171983,-0.08197020076301287,0.69594333241855,0
2025-08-01,-0.01829559909125389,-0.018465033347039538,0.037967121729467215,-0.011691279423162844,315.34600219726565,311.83080191504513,319.1249969482422,315.3393370150928,315.0334991455078,316.97432322138275,322.99779846191404,315.91051962278266,0.9596760471803965,0.9483118144201503,0.9606280148100492,0.9369413857429025,35.190951724146416,42.91615012675666,45.78698790132618,-1.387766316984596,0.0296316448027088,-1.4173979617873047,338.1705034559334,291.8964948350822,315.0334991455078,0.14688599385895193,0.23195548359935597,0.045156084901179616,100924290.0,0.8830520383150577,-0.03375758288237862,0.015953409847745625,-0.006724793213012448,-0.03922897380804935,-0.013483166498468035,-0.22467423660158792,0.03524405566934252,-0.05567447727533348,1
2025-08-04,0.021907956170373222,0.02167142527004271,0.029489733005244215,0.0005824485608267748,312.0800048828125,310.97387119857177,317.2019989013672,314.2340047879168,315.79949951171875,316.23962670178673,322.4905987548828,315.64971531465886,0.9909638712090946,0.9749623610089175,0.9792922732423422,0.9589737218996761,43.43703285944379,46.35196311473468,47.860698325046215,-1.8141824462211957,-0.3391311734020721,-1.4750512728191236,337.0280995008666,294.5708995225709,315.79949951171875,0.13444353155702243,0.34597454025614566,-0.11711553005226583,101215800.0,0.7773875225014276,-0.01829559909125389,0.045156084901179616,-0.03375758288237862,0.015953409847745625,-0.006724793213012448,-0.03922897380804935,0.030152499060024596,-0.23985643641171983,0
2025-08-05,-0.0017461311772288823,-0.0017476574412364776,0.02251234834008278,-0.0007444925626803075,309.58400268554686,310.2225812059489,314.8630004882813,313.231458684787,316.3449996948242,315.52347189406447,321.8441986083984,315.37796182077824,0.9972091533885834,0.9804899297216512,0.9758965734199154,0.9592218923179533,42.91812969286602,46.108535938436326,47.704642028123715,-2.170672318053107,-0.7054394023322792,-1.465232915720828,336.2136332363232,296.4763661533252,316.3449996948242,0.12561370377699102,0.30811467335700315,-0.26336518652481633,99274890.0,0.5838465295705692,0.021907956170373222,-0.11711553005226583,-0.01829559909125389,0.045156084901179616,-0.03375758288237862,0.015953409847745625,-0.013483166498468035,-0.22467423660158792,1
2025-08-06,0.03624644466558724,0.03560499649944306,0.042324429964443695,0.03903987931338674,309.75800170898435,313.4517220246691,313.59800109863284,314.4457395897547,317.54649963378904,315.94123682435446,321.4555987548828,315.55568895181085,1.0327739780638912,1.0201276874896001,1.0074430171047266,0.9951918862239136,55.70940903934601,51.76188137465284,51.168955096886506,-1.5325867258086987,-0.8708688670275632,-0.6617178587811355,335.08978434672883,300.00321492084925,317.54649963378904,0.11049269781384215,0.5673620723540168,0.35475912376016416,97871870.0,0.8023102041475247,-0.0017461311772288823,-0.26336518652481633,0.021907956170373222,-0.11711553005226583,-0.01829559909125389,0.045156084901179616,-0.006724793213012448,-0.03922897380804935,1
2025-08-07,0.007377028928595486,0.007349951735303974,0.019362616585779188,0.007755027994883804,312.55800170898436,316.3911443543367,315.2950012207031,315.8683303941032,318.16649932861327,316.54397512809896,320.6431982421875,315.8189948365897,1.031072592131972,1.022122100781694,1.0128973028075479,1.0050735234067107,58.023840913932105,52.88445180616763,51.87493725551052,-0.8269358009819143,-0.8620822538184335,0.03514645283651918,335.4553907360642,300.87760792116234,318.16649932861327,0.10867826401543534,0.618674170262014,-0.15109979674900287,88841140.0,0.750313424613867,0.03624644466558724,0.35475912376016416,-0.0017461311772288823,-0.26336518652481633,0.021907956170373222,-0.11711553005226583,-0.03375758288237862,0.015953409847745625,1
2025-08-08,0.02290006868278205,0.02264179762598033,0.04298493302750026,0.025573224055026017,317.9619995117188,320.81076086838596,316.6540008544922,318.3740873945361,318.97349853515624,317.79216739175473,320.0981982421875,316.3613869565856,1.0367590919755014,1.0410416195813803,1.0334714181910363,1.0298402043708785,64.74504682253144,56.30859028684595,54.05597599408845,0.32406671824901423,-0.624852459404944,0.9489191776539583,336.81553669533315,301.1314603749793,318.97349853515624,0.11187160213694317,0.7991949480625445,0.3681679960755311,83138470.0,1.0969687077474484,0.007377028928595486,-0.15109979674900287,0.03624644466558724,0.35475912376016416,-0.0017461311772288823,-0.26336518652481633,-0.01829559909125389,0.045156084901179616,1
2025-08-11,0.02845443669493286,0.028057128395424267,0.036840458947362736,0.012029847102378732,323.91599731445314,326.88384017202293,317.9980010986328,322.1297076463108,320.0799987792969,319.8148180000921,319.7101983642578,317.2503521261037,1.0466602501579176,1.0661387732249945,1.0592039492385354,1.0604291027120358,71.50956399764674,60.26160551309938,56.676290494282924,1.9704187485460238,-0.10579821781475046,2.076216966360774,339.9050766015754,300.2549209570184,320.0799987792969,0.12387576791980923,0.9779300280653844,0.15482295562624238,82403110.0,1.2781095276622447,0.02290006868278205,0.3681679960755311,0.007377028928595486,-0.15109979674900287,0.03624644466558724,0.35475912376016416,0.021907956170373222,-0.11711553005226583,1
2025-08-12,0.005338753399730889,0.005324552775796538,0.03614601413152625,-0.012057981629302536,330.3399963378906,331.53589222731216,319.9619995117188,325.53157831750707,321.58299865722654,321.81721593702525,319.59779846191407,318.1754362128404,1.0317854335424161,1.0652514887956475,1.059881889779845,1.0664654073908082,72.68926451995476,60.99495803052261,57.17119856311852,3.3822280504780338,0.5918070358438063,2.7904210146342274,342.8643326345349,300.3016646799182,321.58299865722654,0.1323536011926551,0.9524386887870198,-0.23545435728378794,81719430.0,0.9853482825320735,0.02845443669493286,0.15482295562624238,0.02290006868278205,0.3681679960755311,0.007377028928595486,-0.15109979674900287,-0.0017461311772288823,-0.26336518652481633,0
2025-08-13,-0.004283509772223915,-0.004292710283261014,0.031763800530968805,-0.006207891997620791,334.23399658203124,334.1505964458123,321.9959991455078,328.0494740566535,322.46849822998047,323.4898625032907,319.5315985107422,319.00698792538833,1.015396423922778,1.0539882662624294,1.0524439030344321,1.0621171942448848,69.96304698964066,60.03257828408876,56.62335555185394,4.333335985199369,1.3401128257149189,2.99322315948445,345.1202952819806,299.81670117798035,322.46849822998047,0.14048998383615843,0.873292825598108,-0.15751203706808437,80110130.0,0.8468204957350587,0.005338753399730889,-0.23545435728378794,0.02845443669493286,0.15482295562624238,0.02290006868278205,0.3681679960755311,0.03624644466558724,0.35475912376016416,0
2025-08-14,-0.011196942235471519,-0.011260099884090402,0.030007770806231376,-0.0005361662738961646,336.89599609375,334.62705982129677,324.7269989013672,329.4186581504011,323.2769973754883,324.64130289081214,319.35779846191406,319.6569094409522,0.9960937216923227,1.0334218827126072,1.03805711292996,1.0507962798731725,62.80985048003355,57.49005285982028,55.178341255280706,4.725987909450851,2.017287842462105,2.7087000669887455,346.5793700812342,299.9746246697424,323.2769973754883,0.14416350618772933,0.7639857612813752,0.1055706976380808,79083110.0,0.9483782314580192,-0.004283509772223915,-0.15751203706808437,0.005338753399730889,-0.23545435728378794,0.02845443669493286,0.15482295562624238,0.007377028928595486,-0.15109979674900287,0
2025-08-15,-0.014959143019665277,-0.015072159502432556,0.037149076930036495,-0.02102708649680784,337.0779968261719,333.27137240039576,327.51999816894534,329.62617440643606,323.32249755859374,325.2049880972676,319.32799865722654,320.08448152399694,0.9806632312730296,1.0092818741043112,1.0223847707927853,1.0351738618241988,54.259718068318314,54.2229471393782,53.2918964903996,4.5793088073098716,2.5296920354316583,2.0496167718782132,346.67796146006526,299.9670336571222,323.32249755859374,0.1444716286545384,0.6549423302087356,-0.009078581933235297,77602950.0,0.9576929743005904,-0.011196942235471519,0.1055706976380808,-0.004283509772223915,-0.15751203706808437,0.005338753399730889,-0.23545435728378794,0.02290006868278205,0.3681679960755311,1
2025-08-18,0.013915797850586165,0.013819862125930686,0.01993075725860078,0.01680725874336681,336.3039978027344,333.9009161543003,330.10999755859376,330.6323251801948,323.65599822998047,326.1530848177287,320.33719848632813,320.6756784705896,0.9965983332101331,1.0152979495951777,1.0355439277969274,1.0462725067392193,60.07057949867486,56.653816766083686,54.779395736989535,4.779155481328246,2.9795847246109757,1.7995707567172703,347.48282171321006,299.8291747467509,323.65599822998047,0.14723548220045005,0.741408709814507,-0.2336281852211658,75430220.0,0.7550899361025329,-0.014959143019665277,-0.009078581933235297,-0.011196942235471519,0.1055706976380808,-0.004283509772223915,-0.15751203706808437,0.02845443669493286,0.15482295562624238,0
2025-08-19,-0.017454368181154756,-0.017608491717904177,0.038565430092031845,-0.019297807622114613,333.997998046875,332.3706099557315,332.1689971923828,330.3919019762674,323.51599884033203,326.45374317400154,321.0205981445313,321.0142792191388,0.9859639862643029,0.9913929365535183,1.0179094658039503,1.025822017222491,50.54364939677928,52.81288720230753,52.544886328298155,4.414600046944486,3.2665877890776778,1.148012257866808,347.1747959360381,299.85720174462597,323.51599884033203,0.14626044573073876,0.6224491400560956,0.33357679355860426,77229690.0,0.9835077675438034,0.013915797850586165,-0.2336281852211658,-0.014959143019665277,-0.009078581933235297,-0.011196942235471519,0.1055706976380808,0.005338753399730889,-0.23545435728378794,0
2025-08-20,-0.016428300696053943,-0.01656474162017639,0.05177520632813416,-0.01615942927067883,330.90199584960936,329.5470712693158,332.5679962158203,329.21155505267046,323.08299865722654,326.2105289570951,321.3269982910156,321.12744450060336,0.9788396502863425,0.9739361501468385,1.0025287472341577,1.0080074055997574,43.15869974359532,49.472499000647105,50.54292421546394,3.647103616225479,3.3426909545072383,0.3044126617182408,346.37805030471077,299.7879470097423,323.08299865722654,0.14420475075631578,0.5175358108584848,0.020087945652746297,77125510.0,1.0046196128881353,-0.017454368181154756,0.33357679355860426,0.013915797850586165,-0.2336281852211658,-0.014959143019665277,-0.009078581933235297,-0.004283509772223915,-0.15751203706808437,0
2025-08-21,-0.011701168929731831,-0.011770166368817137,0.019430825357953065,-0.006116496841883445,327.80799560546876,326.40137596339804,332.35199584960935,327.5567241979236,323.82349853515626,325.6295248041872,321.20739807128905,321.08754414181743,0.9765167099121915,0.9631655273597742,0.9885322924358727,0.9965834762016191,38.55458256897799,47.219278514717594,49.1650369192492,2.701889450497731,3.2145306537053373,-0.5126412032076062,345.7092641723363,301.9377328979762,323.82349853515626,0.1351709541536189,0.4151614513936593,-0.28054846428451585,76034080.0,0.7331501873896548,-0.016428300696053943,0.020087945652746297,-0.017454368181154756,0.33357679355860426,0.013915797850586165,-0.2336281852211658,-0.011196942235471519,0.1055706976380808,1
2025-08-22,0.062166209505171155,0.06031041669933769,0.06046880082373494,0.057047832788037746,329.697998046875,330.937587230807,333.38799743652345,329.8209579375056,325.0209991455078,326.9990948005146,321.47899841308595,321.8296016172609,1.031277143870567,1.0198627796441964,1.0461170529274226,1.0576429920586212,62.83892994293671,58.02846083006463,55.80717387088373,3.5180126135080627,3.2752270456658827,0.24278556784217997,347.6836765327585,302.3583217582571,325.0209991455078,0.13945361959277539,0.8306981422360434,0.6865604437396402,76315680.0,1.231939491333891,-0.011701168929731831,-0.28054846428451585,-0.016428300696053943,0.020087945652746297,-0.017454368181154756,0.33357679355860426,-0.014959143019665277,-0.009078581933235297,1
2025-08-25,0.019381771561470362,0.019196337227210383,0.04183496752642707,0.022720602967562127,331.9859985351562,336.1583935217099,334.14499816894534,332.8716939676892,326.0714996337891,328.8658482579433,322.028798828125,322.8009900284866,1.0440199515426607,1.0372742611824852,1.0629570707430185,1.076301272944551,67.76148242117998,60.88522630636553,57.72770775948917,4.6430317497893725,3.5487879864905807,1.0942437632987918,350.61225548915854,301.5307437784196,326.0714996337891,0.15052377090871905,0.9182533453881975,-0.0781385780976277,74450660.0,1.1641266847063545,0.062166209505171155,0.6865604437396402,-0.011701168929731831,-0.28054846428451585,-0.016428300696053943,0.020087945652746297,0.013915797850586165,-0.2336281852211658,1
2025-08-26,0.01462783391499567,0.01452187916170169,0.023260421313863824,0.01954025713933332,336.4580017089844,341.32893349038477,335.2279998779297,336.28957023315195,327.5949996948242,331.0376735122091,322.5559991455078,323.933108593163,1.0452122156152714,1.0490472560639086,1.0734901746221328,1.090260340404002,71.1872440983212,62.97328623301461,59.16139305578625,5.8759899849926,4.014228386190984,1.8617615988016158,354.4143022948342,300.7756970948142,327.5949996948242,0.16373450525797967,0.9488374304874949,-0.11559247721241495,74063610.0,1.0349428011948107,0.019381771561470362,-0.0781385780976277,0.062166209505171155,0.6865604437396402,-0.011701168929731831,-0.28054846428451585,-0.017454368181154756,0.33357679355860426,0
2025-08-27,-0.0058862207330171445,-0.005903612812939926,0.01782039724702818,-0.006648850149622324,341.59800415039064,344.08595769476176,336.25,338.709649482309,329.1229995727539,332.80551471138114,322.96539916992185,324.939653593569,1.023425201130865,1.0397026203822026,1.0622168810971693,1.0824689177294207,67.75759151883307,61.52907570493792,58.31354106957495,6.609891266083139,4.533360962169415,2.0765303039137235,357.26802300741144,300.9779761380963,329.1229995727539,0.17103042613973257,0.8637766829063378,-0.14523636819061836,73831620.0,0.8874111119328006,0.01462783391499567,-0.11559247721241495,0.019381771561470362,-0.0781385780976277,0.062166209505171155,0.6865604437396402,-0.016428300696053943,0.020087945652746297,0
2025-08-28,-0.010354676927882056,-0.010408659566889222,0.03841256027900676,-0.014049165382382007,346.7720092773437,344.7173087919506,337.2900024414063,340.0315333921306,331.00850067138674,334.06022864232847,323.5579992675781,325.764765648187,0.9977160835654928,1.0257642043405406,1.045229987400851,1.0692982765671242,61.69344275070677,58.98159193719439,56.818353437685026,6.820784211821945,4.990845612099921,1.8299385997220234,358.3541409719846,303.6628603707889,331.00850067138674,0.1652262116841863,0.7737458357231093,0.03638944428333768,73121870.0,0.9286305177917359,-0.0058862207330171445,-0.14523636819061836,0.01462783391499567,-0.11559247721241495,0.019381771561470362,-0.0781385780976277,-0.011701168929731831,-0.28054846428451585,0
2025-08-29,-0.03500206799409333,-0.0356293206445078,0.051067745057426464,-0.03847598262371009,345.54400634765625,341.1015375670296,337.6210021972656,338.91125370577726,332.5705001831055,334.0421111637436,323.7943994140625,326.0826177842263,0.9662155586089854,0.9888898882010708,1.003907426946667,1.0311172636752142,45.72264119139717,51.32582990596991,52.12385859945675,5.942242841152279,5.181125057910393,0.7611177832418861,356.6244915150963,308.5165088511147,332.5705001831055,0.14465499085906441,0.5270120437840548,0.19502026414071794,73804460.0,1.0994687854907415,-0.010354676927882056,0.03638944428333768,-0.0058862207330171445,-0.14523636819061836,0.01462783391499567,-0.11559247721241495,0.062166209505171155,0.6865604437396402,0
2025-09-02,-0.01350828116207925,-0.01360034804236362,0.02346970127685345,0.003442629642057448,342.09600219726565,337.18768682854056,337.04100036621094,337.1746594595563,333.5754989624023,333.5961944197263,323.9383990478516,326.2111420025532,0.9627706352488765,0.9772104432211433,0.9873626401700595,1.0167364731061415,41.09981912736317,48.7861113534186,50.49250098781508,4.826436226519036,5.110187291632122,-0.2837510651130861,355.20742206715556,311.9435758576491,333.5754989624023,0.12969731393366754,0.40256267114056227,-0.28040549283572636,73948000.0,0.7896359604046086,-0.03500206799409333,0.19502026414071794,-0.010354676927882056,0.03638944428333768,-0.0058862207330171445,-0.14523636819061836,0.019381771561470362,-0.0781385780976277,1
2025-09-03,0.014361219324440011,0.014259073808795026,0.044359235442811805,-0.0033115030689648078,338.5799987792969,336.15512333165725,337.5190002441406,336.61381161925345,334.84399871826173,333.6432231738372,323.64659912109374,326.5201166823703,0.9867387250942338,0.9898405603720986,0.9977481980168158,1.0322679034637081,47.58421364799042,51.49685744028201,52.141959861064386,4.274549456396471,4.943059724584992,-0.6685102681885207,353.22870754380074,316.4592898927227,334.84399871826173,0.10981059177356157,0.47949376333543864,0.5196139882175641,75225730.0,1.179560504098797,-0.01350828116207925,-0.28040549283572636,-0.03500206799409333,0.19502026414071794,-0.010354676927882056,0.03638944428333768,0.01462783391499567,-0.11559247721241495,1
2025-09-04,0.01328983953448204,0.01320230431684188,0.02188876521675792,0.007080187196271109,336.3659973144531,336.9467484808705,338.98200073242185,336.96220928471587,335.7749984741211,334.1086303743572,323.6077990722656,326.99109245087726,1.006433472711633,0.9986665901075916,1.0082049000601458,1.0461119903469909,53.22378073600983,53.9602831705459,53.663570134277506,4.147634951410907,4.783974769950175,-0.6363398185392679,352.88180863968864,318.66818830855357,335.7749984741211,0.1018944843618903,0.5805234955702324,-0.31580364981354236,73548650.0,0.8254536283126883,0.014361219324440011,0.5196139882175641,-0.01350828116207925,-0.28040549283572636,-0.03500206799409333,0.19502026414071794,-0.0058862207330171445,-0.14523636819061836,1
2025-09-05,0.036363092201525005,0.035717557533237444,0.03189488814903893,0.008160909016927084,337.33799438476564,341.57783109987724,342.0550018310547,339.485443294384,337.20349884033203,335.7020937994556,324.07359924316404,327.92634358370134,1.0400251444482256,1.0256829879984475,1.040439964426394,1.0825935749077875,65.30007620618292,60.02266002968993,57.58903201171019,4.982928122248381,4.823765440409817,0.15916268183856452,354.33225468766136,320.0747429930027,337.20349884033203,0.10159299002671324,0.8980586103013652,0.7952232709064255,78873190.0,1.3818358304006724,0.01328983953448204,-0.31580364981354236,0.014361219324440011,0.5196139882175641,-0.01350828116207925,-0.28040549283572636,-0.010354676927882056,0.03638944428333768,0
2025-09-08,-0.01265534855703887,-0.0127361095766315,0.03926098828852679,-0.023234887242269152,339.843994140625,343.1852186987463,342.6940002441406,340.7426343129477,338.040998840332,336.7209414277441,324.48599914550783,328.65080045871247,1.0192912038137905,1.0108142939465048,1.0247277551682439,1.067534484719477,58.90118564673107,57.10206062311576,55.79880688335214,5.226386359091521,4.904289624146158,0.3220967349453625,355.2483422946146,320.83365538604943,338.040998840332,0.10180625139147799,0.7428903415091646,-0.3099510229397613,76992390.0,0.9768277098554805,0.036363092201525005,0.7952232709064255,0.01328983953448204,-0.31580364981354236,0.014361219324440011,0.5196139882175641,-0.03500206799409333,0.19502026414071794,1
2025-09-09,0.001645517708609212,0.0016441653277190816,0.02003049734847922,-0.004218807285051379,343.3659973144531,344.4468128727319,342.7309997558594,341.8748828416305,338.43799896240233,337.69704236040684,324.95279907226563,329.36920048859446,1.010496100180093,1.0123683047867376,1.0252099418045804,1.067755077695272,59.49566465151318,57.388718093824004,55.98325419426531,5.403040703175918,5.00403983995211,0.399000863223808,356.07920144102684,320.7967964837778,338.43799896240233,0.10425071967515266,0.741820314364592,-0.28444068008451195,73706990.0,0.7301342789876509,-0.01265534855703887,-0.3099510229397613,0.036363092201525005,0.7952232709064255,0.01328983953448204,-0.31580364981354236,-0.01350828116207925,-0.28040549283572636,1
2025-09-10,0.0023633378140295314,0.0023605495234688204,0.02950050029031141,-0.007873282967212342,346.1059997558594,345.5612114301286,342.34299926757814,342.9503602422289,338.7854995727539,338.65827723512257,325.5553991699219,330.09158511825433,1.0048655868151675,1.0159109702520492,1.0265787909562942,1.0682974677480153,60.455674061684086,57.82533490632044,56.25896512472666,5.545285680066627,5.112289007975013,0.43299667209161363,356.87049602182697,320.70050312368085,338.7854995727539,0.1067636983984276,0.748949702520663,0.34015348595213313,73254000.0,0.9845428236000765,0.001645517708609212,-0.28444068008451195,-0.01265534855703887,-0.3099510229397613,0.036363092201525005,0.7952232709064255,0.014361219324440011,0.5196139882175641,1
2025-09-11,0.06043873744853956,0.05868272574299215,0.0579973001612059,0.05323124030066659,352.16199951171876,353.31080680628367,344.2639984130859,347.652112481568,340.25699920654296,341.5298696468817,326.9173992919922,331.6099542335618,1.047273692419846,1.0712999304564366,1.0839159765078588,1.1281442907515131,76.85868461074455,67.12456176307657,62.56949455163247,7.270345276384262,5.543900261656864,1.726445014727398,362.5870072768869,317.92699113619904,340.25699920654296,0.13125377654194353,1.1393414248240132,0.43862388157794396,77077700.0,1.3461221598464925,0.0023633378140295314,0.34015348595213313,0.001645517708609212,-0.28444068008451195,-0.01265534855703887,-0.3099510229397613,0.01328983953448204,-0.31580364981354236,1
2025-09-12,0.07356092584909457,0.07098109112687562,0.06680308138591147,0.06739634397869776,361.1820007324219,367.5205386846579,349.25999755859374,356.4317288379022,343.275,346.71178705588403,328.5231994628906,334.1327012221047,1.0962340361327543,1.1336540262529815,1.1534192773764658,1.2052116961259867,85.75570421172144,74.83656490095248,68.6909337980122,10.703251671257703,6.575770543577033,4.127481127680671,376.10700307137716,310.4429969286228,343.275,0.19128688702280788,1.302037608349876,0.6206908516134007,87103020.0,1.9305461509830544,0.06043873744853956,0.43862388157794396,0.0023633378140295314,0.34015348595213313,0.001645517708609212,-0.28444068008451195,0.036363092201525005,0.7952232709064255,1
2025-09-15,0.03561147147692467,0.034992045964953526,0.0567506073707943,-0.03093610991145842,373.9100036621094,381.6936953047459,356.8769989013672,366.17868878463304,347.2490005493164,352.74304624531624,330.41699951171876,337.10945837201905,1.096627542801615,1.1489673187322664,1.1808241575822416,1.2409773381843787,88.44853865480296,77.75697361675535,71.25619090491202,14.395663132236564,8.13974906130894,6.2559140709276235,390.53812990067627,303.95987119795655,347.2490005493164,0.24932615663619126,1.2252514538460333,-0.025765894131891454,95370820.0,1.7177549694969594,0.07356092584909457,0.6206908516134007,0.06043873744853956,0.43862388157794396,0.0023633378140295314,0.34015348595213313,-0.01265534855703887,-0.3099510229397613,1
2025-09-16,0.028241113869250656,0.027849686096646824,0.028034740906757585,0.01717731029478287,388.8400024414062,395.0024619088931,366.1029998779297,376.25892629964295,351.57200012207034,359.30275566168496,332.97059936523436,340.423597067908,1.0843020071751,1.1516431038745079,1.1992422461708998,1.2662379078541823,90.22003933361871,79.82761286499571,73.15304478436957,18.048284566036216,10.121456162254397,7.926828403781819,405.20198815329906,297.9420120908416,351.57200012207034,0.3050867987928942,1.1530674121568725,-0.36342726968076045,99960190.0,1.0432723267132646,0.03561147147692467,-0.025765894131891454,0.07356092584909457,0.6206908516134007,0.06043873744853956,0.43862388157794396,0.001645517708609212,-0.28444068008451195,1
2025-09-17,0.01005642588937583,0.010006196509857018,0.043770217376660564,0.024317463262928444,404.45399780273436,405.2883030564496,375.2799987792969,385.2773006727192,356.3994995117188,365.64153944167333,335.53159912109373,343.77404366726705,1.0529256421375974,1.1347793293988253,1.1948950151024547,1.2692097747785274,90.82133425886548,80.54186771833362,73.81732254450247,21.042579388239176,12.305680807451353,8.736898580787823,417.9428030716165,294.85619595182106,356.3994995117188,0.34536133549129244,1.0643220449828512,0.017718632564196257,101700210.0,1.0435917487289357,0.028241113869250656,-0.36342726968076045,0.03561147147692467,-0.025765894131891454,0.07356092584909457,0.6206908516134007,0.0023633378140295314,0.34015348595213313,0
2025-09-18,-0.021157139806429193,-0.021384159862326838,0.037567478548196434,-0.028027115793883988,414.06199951171874,409.14220407213827,383.11199951171875,391.0177925692276,361.0470001220703,370.5185362666107,337.9509991455078,346.6397676843749,1.0067333070774054,1.0880630380536147,1.1545588412660355,1.2334628604664581,78.80889048851773,74.50482919716677,69.95522645805966,22.429990612192285,14.330542768399539,8.099447843792746,426.01461006554064,296.07939017859997,361.0470001220703,0.3598845021368671,0.9294678996964847,-0.14772903937022708,104674560.0,0.864149799148905,0.01005642588937583,0.017718632564196257,0.028241113869250656,-0.36342726968076045,0.03561147147692467,-0.025765894131891454,0.06043873744853956,0.43862388157794396,1
2025-09-19,0.022118270566640064,0.021877209710827277,0.018189499065355764,0.010075387431145177,420.08800048828124,414.78480515616513,390.63500061035154,397.3909225246805,366.3450012207031,375.80915255781144,340.2749993896484,349.75467904280015,1.0142398898063845,1.0907112948366158,1.1630294009867888,1.2521343269075333,81.69875856664065,76.45011291181761,71.55433298063394,23.996879952129802,16.263810205145592,7.73306974698421,434.30782588728414,298.3821765541221,366.3450012207031,0.3710318112168648,0.9393946719881102,0.029589462105257258,103088680.0,0.9034066591986627,-0.021157139806429193,-0.14772903937022708,0.01005642588937583,0.017718632564196257,0.028241113869250656,-0.36342726968076045,0.07356092584909457,0.6206908516134007,1
2025-09-22,0.019104804353584193,0.01892459915165681,0.03650308932413273,0.007190754584326376,424.9219970703125,421.2598672558028,399.41600036621094,404.08529869384364,371.0550003051758,381.371137214694,342.6889990234375,353.06665207857577,1.0218581161926261,1.0871121613980557,1.1702038541401147,1.267067202893727,83.95280483157612,78.04296682324333,72.89182329722905,25.600374551384334,18.13112307439334,7.469251476990994,443.94281956238814,298.1671810479634,371.0550003051758,0.39286800715400927,0.9332341932678488,0.04271187896618733,105278730.0,0.922397145178328,0.022118270566640064,0.029589462105257258,-0.021157139806429193,-0.14772903937022708,0.01005642588937583,0.017718632564196257,0.03561147147692467,-0.025765894131891454,0
2025-09-23,-0.019253323313789705,-0.019441082441463448,0.040507220271841136,-0.031895059160587616,425.76799926757815,422.78991353837375,407.3040008544922,408.04251822287483,375.01750030517576,385.60721996601035,344.8679992675781,355.92090125602437,1.0001926092051976,1.0455335700364232,1.135547023157517,1.2348202993838948,73.15674251862589,72.61101084701296,69.3742428538346,25.898038160346516,19.684506091583977,6.2135320687625395,450.71900461572056,299.31599599463095,375.01750030517576,0.4037225156102936,0.8357430361609022,-0.14093573393966352,108239400.0,0.7707239692755133,0.019104804353584193,0.04271187896618733,0.022118270566640064,0.029589462105257258,-0.021157139806429193,-0.14772903937022708,0.028241113869250656,-0.36342726968076045,1
2025-09-24,0.03977927016229388,0.03900845039857305,0.03428259983928976,0.030151507287817698,429.15400390625,429.4566118738898,416.8040008544922,414.3602437359743,379.57350006103513,391.0531998306686,347.5081994628906,359.32753291441253,1.0317741522030648,1.062345869130708,1.1665461589750643,1.274185786779417,79.41480504909086,76.22246377170413,72.22593073389326,27.187455277675838,21.18509592880235,6.002359348873487,459.9307695872001,299.2162305348702,379.57350006103513,0.4234082174506047,0.8933465438575098,0.11640596624180222,110340590.0,0.844055664375186,-0.019253323313789705,-0.14093573393966352,0.019104804353584193,0.04271187896618733,0.022118270566640064,0.029589462105257258,0.01005642588937583,0.017718632564196257,0
2025-09-25,-0.04381307961359793,-0.04480186162620923,0.038427971771511506,-0.027226302389071224,430.4620056152344,427.43441279873906,422.2620025634766,416.002020265513,383.26300048828125,394.13289647997993,349.5425994873047,361.83978710006056,0.983571161044308,1.0026713558835816,1.1046983771171075,1.2112687130823232,60.55326465532835,65.56084171942501,64.9532659207836,26.34027595304127,22.216131933650136,4.124144019391135,464.54729438447896,301.97870659208354,383.26300048828125,0.4241697935498111,0.7468312895194708,0.038791585421373176,109639630.0,0.8824035615588999,0.03977927016229388,0.11640596624180222,-0.019253323313789705,-0.14093573393966352,0.019104804353584193,0.04271187896618733,-0.021157139806429193,-0.14772903937022708,1
2025-09-26,0.0401756741055197,0.03938961629749567,0.044164424333763636,0.028251240832078927,433.3280029296875,431.7562731646542,426.7080017089844,420.4380154711441,387.98399963378904,398.53928671012324,351.9623992919922,364.92057952344976,1.0163201799075616,1.0320874980845518,1.1350983399113619,1.25127000720075,68.26372938284194,69.57878441184987,67.92655743527664,26.733278804490453,23.119561307818202,3.613717496672251,471.0075387319338,304.9604605356443,387.98399963378904,0.42797403592163147,0.8156694765850245,0.05045975870936803,102986810.0,0.9868079222960688,-0.04381307961359793,0.038791585421373176,0.03977927016229388,0.11640596624180222,-0.019253323313789705,-0.14093573393966352,0.022118270566640064,0.029589462105257258,1
2025-09-29,0.00638055766924972,0.006360288086303643,0.025901967933165806,-0.002565578109099705,435.1280029296875,435.57417926146223,430.025,424.57837474095027,393.4509994506836,402.79363954297605,354.23359924316406,367.9907525403764,1.0185738184418727,1.0306609882101696,1.126468078804897,1.2511799908366008,69.41589321539209,70.19736001666504,68.39169625451893,26.960693620932545,23.887787770441072,3.0729058504914732,475.8989990258943,311.0029998754729,393.4509994506836,0.4191017417178781,0.801759850213245,-0.2178204474742247,94553590.0,0.8407031398807808,0.0401756741055197,0.05045975870936803,-0.04381307961359793,0.038791585421373176,0.03977927016229388,0.11640596624180222,0.019104804353584193,0.04271187896618733,1
2025-09-30,0.0034069849388267404,0.0034011943142930328,0.026713448574841047,0.007247717626963793,438.902001953125,438.6227865812092,432.3350006103516,428.24048864635984,399.2190002441406,406.7866263694263,356.5581994628906,370.99974268470294,1.0132558048076514,1.0286467683459977,1.1139750386347758,1.2472578162292074,70.096507200205,70.54397620599775,68.64824036124028,26.952079870150044,24.500646190382867,2.4514336797671774,479.02353515406145,319.41446533421976,399.2190002441406,0.3998032902297573,0.7850777905536425,-0.0645792317417585,91560820.0,0.8121159246935534,0.00638055766924972,-0.2178204474742247,0.0401756741055197,0.05045975870936803,-0.04381307961359793,0.038791585421373176,-0.019253323313789705,-0.14093573393966352,1
2025-10-01,0.033144428390707636,0.03260699487618123,0.046881140785960826,0.0352861741614439,442.2359985351562,445.56852153916554,435.69500122070315,433.9167618843086,405.4875,411.8031373299646,359.1051995849609,374.46877204824705,1.038947514397231,1.0545450146726305,1.1331051917878556,1.27945791925626,76.14279548204509,73.7530195149294,71.05606659364095,27.814024672476876,25.16332188680167,2.6507027856752075,483.51970751640397,327.45529248359605,405.4875,0.38488095202147515,0.845834708339707,0.3195930498399635,90759700.0,1.0811219076308096,0.0034069849388267404,-0.0645792317417585,0.00638055766924972,-0.2178204474742247,0.0401756741055197,0.05045975870936803,0.03977927016229388,0.11640596624180222,0
2025-10-02,-0.051059922281332826,-0.052409624917241146,0.08068805659582856,-0.07340504084175954,444.75799560546875,442.3790143594437,437.61000061035156,434.29553245079796,410.36100006103516,414.1076004413965,361.17399963378904,376.8817613796884,0.9803084021152985,0.996320923634958,1.0624791340676902,1.2071743825471393,55.35873028148989,62.14804333382413,62.97363667271351,26.30091629984946,25.390840769411227,0.9100755304382346,483.04911831848773,337.6728818035826,410.36100006103516,0.3542642612072847,0.6763630738668636,0.39630848441180033,95415150.0,1.43592500771628,0.033144428390707636,0.3195930498399635,0.0034069849388267404,-0.0645792317417585,0.00638055766924972,-0.2178204474742247,-0.04381307961359793,0.038791585421373176,0
2025-10-03,-0.014151406944344913,-0.014252492909231236,0.07023707834383612,-0.030363919134649853,442.643994140625,438.19600509705106,437.9859985351562,433.48361501833756,414.3104995727539,415.6049705490983,363.664599609375,378.9581623676326,0.9710512110454875,0.9813783728471495,1.0374585896701043,1.1819406866490751,51.08052081190428,59.49649953200538,61.0557843694789,24.323512186890753,25.17737505290713,-0.8538628660163781,482.0484258810631,346.57257326444466,414.3104995727539,0.3269911159778092,0.6145553742586892,-0.02788721908779712,99420870.0,1.3396402586298028,-0.051059922281332826,0.39630848441180033,0.033144428390707636,0.3195930498399635,0.0034069849388267404,-0.0645792317417585,0.0401756741055197,0.05045975870936803,1
2025-10-06,0.054486690457546505,0.05305409919515741,0.03719798202220077,0.02836074872376631,444.65199584960936,443.21400339803404,439.88999938964844,437.07750319682157,419.6529998779297,419.19021144918423,366.4083996582031,381.87156776498034,1.0193364793830784,1.030371230600579,1.0800590014412934,1.2370076680087174,63.55370061197101,65.51144929476976,65.27116615250193,24.36533610758977,25.01496726384366,-0.6496311562538892,481.7428300030806,357.5631697527788,419.6529998779297,0.2959103361263322,0.7705515545327695,-0.35936591980370636,98242480.0,0.8685132948598203,-0.014151406944344913,-0.02788721908779712,-0.051059922281332826,0.39630848441180033,0.033144428390707636,0.3195930498399635,0.00638055766924972,-0.2178204474742247,0
2025-10-07,-0.044478772558432134,-0.04549829949251959,0.046710800618370456,-0.03289270408962254,442.32599487304685,439.83933437798623,440.61399841308594,436.3525019497432,423.95899963378906,420.5140004862039,368.55839965820314,383.880133591369,0.9791194760375612,0.9829238242491303,1.0215374522347416,1.1750919168835479,50.59757102370297,57.58406493428486,59.454532791635586,22.512231068338565,24.51442002474264,-2.0021889564040762,476.499720844979,371.41827842259914,423.95899963378906,0.24785755819111752,0.5868944743582705,0.1989009070037,100129820.0,1.021634713814526,0.054486690457546505,-0.35936591980370636,-0.014151406944344913,-0.02788721908779712,-0.051059922281332826,0.39630848441180033,0.0034069849388267404,-0.0645792317417585,1
2025-10-08,0.012930352007360923,0.012847468714676217,0.036700119666136906,0.0025595792637534143,438.1719970703125,439.4562237324596,440.20399780273436,436.7775020391365,428.5039993286133,422.2450482914612,370.90819946289065,386.0295402129391,1.0011821964309842,0.9965606960207423,1.0237710806171063,1.1827454962620667,53.65913446892022,59.06583633035267,60.481687593444164,21.250542637657645,23.861644547325646,-2.611101909668001,468.012944449087,388.9950542081396,428.5039993286133,0.1844040904279863,0.6289075560196938,-0.30405851249461124,97935670.0,0.7269271757675216,-0.044478772558432134,0.1989009070037,0.054486690457546505,-0.35936591980370636,-0.014151406944344913,-0.02788721908779712,0.033144428390707636,0.3195930498399635,0
2025-10-09,-0.007180455170972544,-0.007206358713169257,0.0233503541080209,0.008638083896661024,438.0799987792969,438.15081866994706,441.4189971923828,436.5525032220065,431.8404998779297,423.51123498226696,373.23819946289063,387.97112720635016,0.9942019945182327,0.9866816138751303,1.0085668404608599,1.1669223813952774,51.56215572114754,57.84178468718642,59.59007127686135,19.76858731546548,23.043033100953615,-3.2744457854881333,460.3651228648305,403.3158768910289,431.8404998779297,0.132107215487959,0.5648476347731413,-0.026016931653933484,95195020.0,0.7283983973111199,0.012930352007360923,-0.30405851249461124,-0.044478772558432134,0.1989009070037,0.054486690457546505,-0.35936591980370636,-0.051059922281332826,0.39630848441180033,0
2025-10-10,-0.05062684914805626,-0.05195335338705128,0.07661610540517402,-0.052801616940855785,434.81199951171874,429.93054252475645,438.7279968261719,432.3593190424371,432.71799926757814,422.55683072056297,375.3425994873047,388.9718669329394,0.9509626935289557,0.9424745929724735,0.9555645730805082,1.101633523077789,39.087375377786415,50.0264591310272,53.76450315734162,16.623252342360047,21.759076949234903,-5.135824606874856,457.6208744716017,407.81512406355455,432.71799926757814,0.115099788990402,0.1139399793061557,0.6167877369306849,96242990.0,1.1648422394192035,-0.007180455170972544,-0.026016931653933484,0.012930352007360923,-0.30405851249461124,-0.044478772558432134,0.1989009070037,-0.014151406944344913,-0.02788721908779712,1
2025-10-13,0.054197209585187034,0.052779538485349636,0.03943565653154943,0.02920689243463378,431.3419982910156,431.9203596486658,437.9969970703125,433.0030781068093,434.01099853515626,423.8276081658888,378.0079992675781,390.81218563739213,1.0105670109183145,0.9952122886963732,1.0043524135740884,1.1531501839672091,52.665976378363574,56.46466599084576,58.13233028792604,15.757212386706499,20.558704036729225,-4.801491650022726,456.6523891798063,411.36960789050624,434.01099853515626,0.10433556163815048,0.5417155330910398,-0.29039077531556656,96249120.0,0.826530154249722,-0.05062684914805626,0.6167877369306849,-0.007180455170972544,-0.026016931653933484,0.012930352007360923,-0.30405851249461124,0.054486690457546505,-0.35936591980370636,0
2025-10-14,-0.015278742269702716,-0.01539666493428667,0.0380673451384311,0.005740485110712829,430.5719970703125,431.02690317723557,436.44899597167966,432.31888031182126,434.3919982910156,424.3430731247923,380.4075988769531,392.3191583666856,0.9969064248371917,0.9834825929172891,0.9881397261530838,1.128368601209823,48.887434085516844,54.228670195146925,56.46772212077181,14.3678393385851,19.320531097100403,-4.952691758515304,456.43507062606426,412.348925955967,434.3919982910156,0.10148931113726983,0.3831377047098626,-0.08652618135376755,96080260.0,0.7563405844238973,0.054197209585187034,-0.29039077531556656,-0.05062684914805626,0.6167877369306849,-0.007180455170972544,-0.026016931653933484,-0.044478772558432134,0.1989009070037,1
2025-10-15,0.013768529951932784,0.013674604901329141,0.03258651819430472,0.0005748447999737278,429.86399536132814,432.40126675031854,434.0179962158203,432.8336282363054,434.8564987182617,425.3723036744773,382.93619873046873,393.99879897569735,1.0122969092368692,1.0026081814361014,1.0006749242085324,1.1363511606871268,52.42142667522774,55.89766049551403,57.59900932148224,13.587016423916566,18.173828162463636,-4.58681173854707,456.54958189904363,413.1634155374798,434.8564987182617,0.09977122680572655,0.5067647179466556,-0.01529116794689378,93423850.0,0.7659521631788885,-0.015278742269702716,-0.08652618135376755,0.054197209585187034,-0.29039077531556656,-0.05062684914805626,0.6167877369306849,0.012930352007360923,-0.30405851249461124,0
2025-10-16,-0.01470755828163206,-0.014816786729139185,0.042075821679118074,-0.013755689359380784,428.50599365234376,431.18417783354573,433.2929962158203,432.0911503751589,435.4514984130859,425.6939890388128,385.11299865722657,395.3615911727288,1.0005694350867218,0.9895151865931443,0.9846102299854101,1.1133096039212453,48.21013877996731,53.61761119959029,55.94586569100794,12.309881961434883,17.001038922257887,-4.691156960823005,455.7439814894176,415.15901533675424,435.4514984130859,0.09320203581929785,0.33487731915611973,0.0787009734733406,87441940.0,0.8827560321740345,0.013768529951932784,-0.01529116794689378,-0.015278742269702716,-0.08652618135376755,0.054197209585187034,-0.29039077531556656,-0.007180455170972544,-0.026016931653933484,1
2025-10-17,0.02462973191508744,0.024331310172500658,0.04065462987598044,0.032455928457329614,433.6699951171875,433.89278440856174,434.2409973144531,433.4036680448743,436.1134979248047,426.9907517549824,387.453798828125,397.0850580898216,1.0130052862889032,1.0116732419911747,1.007329513186359,1.1338384057333046,55.1465246119432,56.752220115317556,58.03266426187765,12.011387450359166,16.00310862787814,-3.9917211775189756,455.99834200541596,416.2286538441934,436.1134979248047,0.091191142559132,0.5803752752807808,0.15729648568012133,83056280.0,1.0755550332858634,-0.01470755828163206,0.0787009734733406,0.013768529951932784,-0.01529116794689378,-0.015278742269702716,-0.08652618135376755,-0.05062684914805626,0.6167877369306849,1
2025-10-20,0.018483519979771268,0.01831477587612344,0.020539531528601728,0.008020360911428276,435.9759948730469,438.4051871643016,433.65899658203125,435.95390888685733,436.77449798583984,428.9373461283918,389.80939880371096,399.0593692500553,1.0262720836409116,1.0317553566334121,1.0243958718722788,1.1478173539399064,59.95765115567234,59.044257464762886,59.578582935230024,12.28839121940183,15.26016514618288,-2.971773926781049,457.2329261537414,416.3160698179383,436.77449798583984,0.09367959101204126,0.7604182149892493,-0.28671377205826387,80895690.0,0.7876686631883603,0.02462973191508744,0.15729648568012133,-0.01470755828163206,0.0787009734733406,0.013768529951932784,-0.01529116794689378,0.054197209585187034,-0.29039077531556656,0
2025-10-21,-0.010794954856246153,-0.01085364312168525,0.016380478761910285,-0.007089024571250492,438.647998046875,439.8034601440396,434.60999755859376,437.16229019897696,437.6119979858398,430.2385518403084,391.8807989501953,400.766845205093,1.0090095203311935,1.01838431833093,1.011398243513966,1.1294250886728603,55.803795826635586,57.10555540883134,58.23870146456964,11.980080243862517,14.604148165718808,-2.624067921856291,457.57847144736064,417.645524524319,437.6119979858398,0.09125194717429522,0.624909592254452,-0.14606004488457136,76107300.0,0.7149406167345314,0.018483519979771268,-0.28671377205826387,0.02462973191508744,0.15729648568012133,-0.01470755828163206,0.0787009734733406,-0.015278742269702716,-0.08652618135376755,0
2025-10-22,-0.008201547294971134,-0.008235365016010689,0.03767913182888772,-0.010102629074315066,439.41199951171876,439.5256405029275,434.63799743652345,437.4909649301999,437.4209976196289,431.070118447965,393.84339904785156,402.2650081860973,0.9989941141991872,1.0099669237612212,1.0035412191218611,1.1145800647718072,52.608086037099945,55.627240717578864,57.22315776366084,11.312427890678748,13.945804110710796,-2.633376220032048,457.25835162204646,417.58364361721135,437.4209976196289,0.09070142544765378,0.5390425961266165,0.5442033220490994,77390440.0,1.0857090358964234,-0.010794954856246153,-0.14606004488457136,0.018483519979771268,-0.28671377205826387,0.02462973191508744,0.15729648568012133,0.013768529951932784,-0.01529116794689378,1
2025-10-23,0.022803402824313368,0.022547291398770954,0.07906810800332269,0.06900002615792411,443.4580017089844,442.67709733072775,435.98199768066405,439.57988239495046,438.70049743652345,432.7758224992377,396.0353991699219,404.096969080224,1.0124521583916926,1.0298131881013686,1.0234317344290043,1.1336865641995046,59.98106794840435,58.79498817813828,59.27914499378549,11.458941180562647,13.448431524681167,-1.9894903441185203,458.04786408075273,419.35313079229417,438.70049743652345,0.08820307593578097,0.7656566585734998,0.5080281111831808,83127430.0,1.5242838615364387,-0.008201547294971134,0.5442033220490994,-0.010794954856246153,-0.14606004488457136,0.018483519979771268,-0.28671377205826387,-0.01470755828163206,0.0787009734733406,0
2025-10-24,-0.03398817183887881,-0.03457920037137167,0.04959416025893924,-0.029339985554980713,442.3400024414062,439.69139862738626,438.0049987792969,438.51444945417825,438.3664978027344,432.86574428223435,397.9981994628906,405.2586566151448,0.980512725113879,0.9902170122018336,0.989400429537108,1.0897536767905485,46.98140668259529,52.626946728243084,55.04433499718942,10.22582185451796,12.803909590648527,-2.5780877361305663,457.8153482549443,418.9176473505245,438.3664978027344,0.08873328846841724,0.38054572702256306,-0.2524035236422124,81389420.0,1.1638834629857295,0.022803402824313368,0.5080281111831808,-0.008201547294971134,0.5442033220490994,-0.010794954856246153,-0.14606004488457136,0.02462973191508744,0.15729648568012133,1
2025-10-27,0.043115401997602554,0.042211814191010485,0.047455905095879575,0.028274017298010407,443.3380065917969,443.93427022750234,439.65700073242186,441.0427338130066,438.8269989013672,434.72805562942483,400.4353997802734,407.10812158818754,1.0204855137635418,1.029029476783153,1.0309757935596446,1.129820224875188,59.523161229022534,58.38794682861328,58.82877931549887,10.634908007556476,12.370109274030117,-1.7352012664736414,459.13014922335964,418.5238485793747,438.8269989013672,0.09253373367100365,0.8347513639704275,0.11759694619742045,84020890.0,1.2600140274638842,-0.03398817183887881,-0.2524035236422124,0.022803402824313368,0.5080281111831808,-0.008201547294971134,0.5442033220490994,0.018483519979771268,-0.28671377205826387,1
2025-10-28,0.017969970655449252,0.01781041931942346,0.033438267950638055,0.012687429150709044,446.9280029296875,449.4728427493245,442.7880004882812,444.5895072639088,439.61849822998045,437.18728726404805,402.9431994628906,409.20388104719854,1.030479148260988,1.040113976180702,1.0476128498852164,1.1429650342948237,63.859456539153705,60.62959943114064,60.35238081687764,11.482766532576193,12.192640725739334,-0.7098741931631416,461.91522853418496,417.32176792577593,439.61849822998045,0.10143672476921244,0.9693847321425696,-0.24258436252863247,84772520.0,0.9458926076516305,0.043115401997602554,0.11759694619742045,-0.03398817183887881,-0.2524035236422124,0.022803402824313368,0.5080281111831808,-0.010794954856246153,-0.14606004488457136,1
2025-10-29,0.0020845119924046696,0.002082342411769511,0.028276782809487158,-0.0021405194256756757,451.4360046386719,453.48523175475805,445.4240020751953,447.66596226422075,439.7209991455078,439.50373702610295,405.58719970703123,411.2551017812545,1.0223154666961407,1.0361139220506446,1.0495518991871184,1.1378811020145325,64.38508987822297,60.89747349346532,60.53346808175759,12.092768365865368,12.172666253764541,-0.07989788789917363,462.39726077061766,417.0447375203979,439.7209991455078,0.10313931638095858,0.9804365679920937,-0.15217426548624002,84415050.0,0.8053480984729618,0.017969970655449252,-0.24258436252863247,0.043115401997602554,0.11759694619742045,-0.03398817183887881,-0.2524035236422124,-0.008201547294971134,0.5442033220490994,0
2025-10-30,-0.04639120107705208,-0.047501755655160294,0.035105685055131,-0.02427664779026477,449.6600036621094,449.0234898710106,446.5590026855469,446.29033387136525,439.9259994506836,439.56052455728513,407.91119995117185,412.3862744997745,0.9787394976632667,0.9855360735240187,1.0003955361880164,1.0789113075497727,46.70944435610537,52.343907304685175,54.68473532368242,10.724960183962196,11.883125039804073,-1.1581648558418767,462.5380383485055,417.3139605528617,439.9259994506836,0.10279928408894476,0.5038476550836108,0.06566887553597556,83940850.0,0.8630827541060163,0.0020845119924046696,-0.15217426548624002,0.017969970655449252,-0.24258436252863247,0.043115401997602554,0.11759694619742045,0.022803402824313368,0.5080281111831808,1
2025-10-31,0.03740057084027071,0.03671813319553837,0.031343082256691225,0.02195858435051763,454.2280029296875,451.535659100205,448.28400268554685,448.15754545086133,441.2625,441.1795219859812,410.6402001953125,414.1185773648263,1.0051339737177483,1.0184614994589762,1.0346675676237926,1.1118248952280865,57.23875564330157,57.30853361911918,57.96339275255643,10.844141579925065,11.675328347828271,-0.8311867679032066,464.4812736895357,418.04372631046425,441.2625,0.10523791933162568,0.8294208764670473,0.14752532509568939,83321270.0,0.9977740377697075,-0.04639120107705208,0.06566887553597556,0.0020845119924046696,-0.15217426548624002,0.017969970655449252,-0.24258436252863247,-0.03398817183887881,-0.2524035236422124,1
2025-11-03,0.02586735066967427,0.025538450543862383,0.04327779264805036,0.027149729485178572,457.4179992675781,457.1471044391992,450.3780029296875,451.83253629928424,442.01849975585935,443.7690908556199,413.20739990234375,416.2460839433503,1.0239430802179752,1.0399486477369297,1.0596162725675122,1.1334985656788352,63.307442065543,60.4890015667458,60.13628785179296,11.756045423830244,11.691471763028666,0.06457366080157811,467.6124157551376,416.4245837565811,442.01849975585935,0.1158047276908752,1.0147999892253938,0.017554410975777035,85408890.0,0.9904730057960008,0.03740057084027071,0.14752532509568939,-0.04639120107705208,0.06566887553597556,0.0020845119924046696,-0.15217426548624002,0.043115401997602554,0.11759694619742045,0
2025-11-04,-0.05147636612701911,-0.052848572813666,0.037410513554788756,-0.022444179644494317,454.1600036621094,452.8514062146745,450.54400329589845,450.45571329316437,442.5770004272461,443.81584503752515,415.1605999755859,417.344669269714,0.9782015284995245,0.9860524310959559,1.0038027492091866,1.0700919350047917,47.31438490131703,51.975967773810005,54.13772090781215,10.413224299997864,11.435822270422506,-1.0225979704246413,467.85272164240024,417.30127921209197,442.5770004272461,0.11422067206725142,0.5332930032748154,0.03737091466182485,88743330.0,0.988881079851297,0.02586735066967427,0.017554410975777035,0.03740057084027071,0.14752532509568939,-0.04639120107705208,0.06566887553597556,0.017969970655449252,-0.24258436252863247,1
2025-11-05,0.040089130615176494,0.03930641199562339,0.05544613307742959,0.02216573344061011,454.2720031738281,455.9242732511893,452.85400390625,452.5674031169924,443.7460006713867,445.5543366838769,417.3685998535156,419.0986040953809,1.01716593603812,1.0203509372523438,1.04129390828336,1.1071029480569263,56.73407151681987,56.81133355144339,57.431225363603545,10.663227791128179,11.281303374563642,-0.6180755834354628,470.32361436358434,417.16838697918905,443.7460006713867,0.11978750750197534,0.8447263336928441,-0.02488245898314201,88898280.0,0.9625945518855933,-0.05147636612701911,0.03737091466182485,0.02586735066967427,0.017554410975777035,0.03740057084027071,0.14752532509568939,0.0020845119924046696,-0.15217426548624002,0
2025-11-06,-0.03497306340156037,-0.035599264459215095,0.07257073311515477,-0.03474324203361122,455.4340026855469,452.5861833881627,452.5470031738281,451.3569668524682,444.2645004272461,445.58820972942283,419.2947998046875,420.15003152937027,0.9790880808914627,0.9853341211737747,1.0037038818840596,1.0634761124388368,47.70518195529568,51.7225613262073,53.7535240247234,9.448464105536345,10.914735520758184,-1.4662714152218381,470.5848936997115,417.94410715478074,444.2645004272461,0.11848974314694614,0.5312590928606049,0.28104542320591785,87189590.0,1.25729344523813,0.040089130615176494,-0.02488245898314201,-0.05147636612701911,0.03737091466182485,0.02586735066967427,0.017554410975777035,-0.04639120107705208,0.06566887553597556,0
2025-11-07,-0.03675632866235745,-0.03744886561150212,0.04069654711272029,-0.019181640839643136,450.0260009765625,444.8974519299991,452.127001953125,447.38660724541427,445.0660003662109,444.0579029945894,420.96559936523437,420.5174808424801,0.9544337173443483,0.9499985339477758,0.9650703236379606,1.020320875770696,40.145376772582566,47.11317633170186,50.32180463484895,7.081585814607138,10.148105579527975,-3.0665197649208373,468.3953707231532,421.73663000926865,445.0660003662109,0.10483555399759273,0.1668145964789633,-0.056114187820245576,88063960.0,1.1749585187856644,-0.03497306340156037,0.28104542320591785,0.040089130615176494,-0.02488245898314201,-0.05147636612701911,0.03737091466182485,0.03740057084027071,0.14752532509568939,1
2025-11-10,0.03657576451501576,0.03592274671529928,0.036632813767517376,0.012807108290819186,445.39800415039065,445.00830494877545,451.4080017089844,446.99449883467133,445.5325012207031,444.1695323271359,423.1927996826172,421.4865996716506,0.9996228246141718,0.9863139538969912,0.9993210591066954,1.0520736915189441,49.15554472400397,51.56844132838798,53.32105427633038,6.399713284608367,9.398427120544053,-2.9987138359356855,468.4800778691969,422.58492457220933,445.5325012207031,0.10301190860653404,0.49340910286501094,-0.2605123149852858,85128800.0,0.8988250744753832,-0.03675632866235745,-0.056114187820245576,-0.03497306340156037,0.28104542320591785,0.040089130615176494,-0.02488245898314201,0.02586735066967427,0.017554410975777035,0
2025-11-11,-0.01260026442672324,-0.01268032095842644,0.023042639086768995,0.0005006855342718867,444.4700012207031,443.21220167157946,449.31500244140625,445.653679976947,446.05150146484374,443.7362430690456,425.3979998779297,422.19771321853443,0.9890881137305207,0.9784226939418008,0.9855812471731739,1.033432209938314,46.25469586470673,49.950228945897166,52.14073220958427,5.345028830978606,8.587747462630963,-3.242718631652357,467.9470761743992,424.15592675528825,446.05150146484374,0.0981750969905937,0.35313227825781957,-0.20888076857228366,83163550.0,0.7278813855348888,0.03657576451501576,-0.2605123149852858,-0.03675632866235745,-0.056114187820245576,-0.03497306340156037,0.28104542320591785,-0.05147636612701911,0.03737091466182485,0
2025-11-12,-0.02051769508633805,-0.020731107188327342,0.03662329026971911,-0.026122329418538495,438.1760009765625,439.0081364822249,446.2240020751953,442.9166483635958,445.8240020751953,442.4851728818523,427.3282000732422,422.52721490029836,0.982710155608335,0.9649862044645308,0.965852004600883,1.0076564243354702,41.64469523091085,47.376059940451064,50.26238401985523,3.738253809739547,7.61784873205268,-3.8795949223131334,468.25590650393684,423.3920976464538,445.8240020751953,0.10063121018306241,0.1606619821326111,-0.03336516159727221,82216550.0,0.7116997733424718,-0.01260026442672324,-0.20888076857228366,0.03657576451501576,-0.2605123149852858,-0.03675632866235745,-0.056114187820245576,0.040089130615176494,-0.02488245898314201,0
2025-11-13,-0.06644220962287406,-0.06875241071018368,0.0700515046299811,-0.04996103893481227,429.3919982910156,426.6687543996083,442.4130004882812,435.47543779464655,444.4860015869141,438.62848882018784,428.59739990234374,421.7218335408504,0.9361841669949582,0.9086306003456222,0.9043929140606929,0.9379198061536741,30.42398903291955,40.2846034849296,44.87802400211029,0.1545028398944055,6.125179553621026,-5.97067671372662,473.15670378468224,415.81529938914593,444.4860015869141,0.12900609735923,-0.2411051717430059,1.0328300306766813,86866560.0,1.3693186422945722,-0.02051769508633805,-0.03336516159727221,-0.01260026442672324,-0.20888076857228366,0.03657576451501576,-0.2605123149852858,-0.03497306340156037,0.28104542320591785,1
2025-11-14,0.005870832424868633,0.005853666241942873,0.07273402551793276,0.04672539187399739,424.3580017089844,419.22917163424415,437.19200134277344,429.8162683962591,442.73800201416014,435.3638714186,429.66760009765625,421.04058540605297,0.9528511409590674,0.9248796978481119,0.9132941022997688,0.9410763250745777,32.18250320452965,41.06822710031714,45.38477065873239,-2.466776600934793,4.406788322709862,-6.873564923644655,476.3029923707229,409.1730116575974,442.73800201416014,0.15162461864066165,-0.07184577595355612,-0.1130014796381612,89103650.0,1.1840895406641592,-0.06644220962287406,1.0328300306766813,-0.02051769508633805,-0.03336516159727221,-0.01260026442672324,-0.20888076857228366,-0.03675632866235745,-0.056114187820245576,1
2025-11-17,0.011302107716671506,0.011238716089416035,0.06167465614925224,0.025530479617496275,417.09600219726565,415.7927855654076,431.24700317382815,426.0169493110727,440.8125030517578,432.8454087528033,430.9180004882812,420.56526885788367,0.9803978251374741,0.9482269103743913,0.9276506691547295,0.9489508745617019,35.84570502377494,42.637983496805774,46.38691025638915,-4.127815161465151,2.6998676258748597,-6.82768278734001,477.3652964847073,404.2597096188083,440.8125030517578,0.16584281607210977,0.06374757400518084,-0.03120560116087412,90865560.0,1.1248959451743874,0.005870832424868633,-0.1130014796381612,-0.06644220962287406,1.0328300306766813,-0.02051769508633805,-0.03336516159727221,0.03657576451501576,-0.2605123149852858,0
2025-11-18,-0.018756757252943457,-0.01893489628165649,0.0378567039038162,-0.010187983701875982,409.4220031738281,410.94519037693846,426.9460021972656,421.51386761815036,438.74500274658203,429.8363222049173,432.0036004638672,419.8078073340451,0.9800401465713152,0.9398143979214658,0.9145403309169107,0.9288117033495895,32.41708706302775,40.679489862001304,44.933937519474895,-5.994010943449666,0.9610919120099546,-6.955102855459621,479.135691943677,398.3543135494871,438.74500274658203,0.1841191988250383,0.03584596485074578,-0.2105938210211291,90158760.0,0.8949612882874609,0.011302107716671506,-0.03120560116087412,0.005870832424868633,-0.1130014796381612,-0.06644220962287406,1.0328300306766813,-0.01260026442672324,-0.20888076857228366,1
2025-11-19,0.006828636098130891,0.006805426562391663,0.032872098567572124,-0.005391704369728377,404.1,408.62679032941736,421.13800048828125,418.3277080938276,436.9960021972656,427.37476677915134,433.1276000976562,419.18750078111685,0.9997277659845953,0.9592817313231665,0.924470677541825,0.9327274229194545,35.00793535368763,41.709545125573406,45.573400503900515,-7.1692476092885045,-0.6649759922497372,-6.504271617038767,480.1323420537294,393.85966234080183,436.9960021972656,0.1974221257840775,0.11742220048434616,-0.10708947732393426,88806230.0,0.8112910546928971,-0.018756757252943457,-0.2105938210211291,0.011302107716671506,-0.03120560116087412,0.005870832424868633,-0.1130014796381612,-0.02051769508633805,-0.03336516159727221,0
2025-11-20,-0.02168365419886953,-0.021922199285516537,0.08653192130243952,-0.04678868790976047,402.7480041503906,404.1611972150543,416.07000122070315,414.1281268015549,434.3085021972656,424.3133614655491,433.65600036621095,418.24799137739967,0.9813332578024268,0.94991229799497,0.9100213534544442,0.9113906198751243,30.628380569440182,39.35659913960003,43.86347275130782,-8.707118012746776,-2.273404396349145,-6.433713616397631,480.69825863387024,387.918745760661,434.3085021972656,0.21362582681162479,0.07880258258801762,0.5760225517261481,89198820.0,1.27298544980752,0.006828636098130891,-0.10708947732393426,-0.018756757252943457,-0.2105938210211291,0.011302107716671506,-0.03120560116087412,-0.06644220962287406,1.0328300306766813,0
2025-11-21,-0.010474950113494086,-0.010530198558583292,0.048684390308193284,-0.02791313079609825,400.09600219726565,399.8041302559998,412.227001953125,409.93937580816134,432.177001953125,421.14923145339117,433.55900024414063,417.1829719640856,0.9774903877821437,0.9487248396755001,0.904930143368224,0.9020456180535167,28.652028003160282,38.25814016409751,43.061710323284395,-10.143033394673523,-3.8473301960140205,-6.295703198659503,482.2502973524483,382.1037065538017,432.177001953125,0.23172586774876264,0.08973135992374047,-0.1152649785818961,88897730.0,1.1300693504772281,-0.02168365419886953,0.5760225517261481,0.006828636098130891,-0.10708947732393426,-0.018756757252943457,-0.2105938210211291,0.005870832424868633,-0.1130014796381612,1
2025-11-24,0.0682451678419993,0.0660172720981127,0.04938006832086482,0.038814393988544964,401.8679992675781,405.7960864304322,409.48200073242185,411.36494362109505,430.44500122070315,420.82835215109645,433.71380004882815,417.2063847803684,1.0395950897825132,1.0202646222105802,0.9705769554635564,0.9632619453940884,51.96478553302663,48.280152505009475,49.3310349264007,-9.023331195504795,-4.882530395912175,-4.14080079959262,479.99128708921864,380.89871535218765,430.44500122070315,0.23020960042749575,0.3721901932768857,-0.03637445924073712,90926780.0,1.0646632378271836,-0.010474950113494086,-0.1152649785818961,-0.02168365419886953,0.5760225517261481,0.006828636098130891,-0.10708947732393426,0.011302107716671506,-0.03120560116087412,1
2025-11-25,0.0038776272725380423,0.003870128654219355,0.034644728161067034,0.012016747037769202,405.497998046875,410.3307222524496,407.4600006103516,412.82586185298396,428.3875015258789,420.6923180316096,433.6694000244141,417.2924086672749,1.0342837595168652,1.0293034733918602,0.9790201450850414,0.9670961194699779,53.05108472820392,48.823150898219346,49.68411712937942,-7.914011272898904,-5.488826571309521,-2.425184701589383,476.1477110882646,380.62729196349324,428.3875015258789,0.22297667131869153,0.4059100900964974,-0.25711936400899116,92065020.0,0.7811392426787068,0.0682451678419993,-0.03637445924073712,-0.010474950113494086,-0.1152649785818961,-0.02168365419886953,0.5760225517261481,-0.018756757252943457,-0.2105938210211291,1
2025-11-26,0.017119677587676296,0.016974787220379935,0.023559445143510528,0.006203501095667044,410.0159973144531,415.7471436923883,407.05799865722656,415.32661180194424,426.64100036621096,421.2530483688149,433.6838000488281,417.6566274086471,1.040398397541326,1.0479587380162945,0.9998569903176372,0.9836198320625241,57.96631910965439,51.26531290147304,51.264558160826596,-6.381934866260508,-5.667448230299718,-0.7144866359607898,471.9186975678488,381.3633031645731,426.64100036621096,0.21225197373329505,0.4993262268432776,-0.11753499936036127,92559970.0,0.6856419681207762,0.0038776272725380423,-0.25711936400899116,0.0682451678419993,-0.03637445924073712,-0.010474950113494086,-0.1152649785818961,0.006828636098130891,-0.10708947732393426,1
2025-11-28,0.008415835173881447,0.008380619474776033,0.015644931675091272,0.008392173094954889,417.0039978027344,420.5547669375037,409.8760009765625,418.02541209754247,426.1445007324219,422.10228313633104,433.9502001953125,418.1473484290035,1.0315728762658727,1.0495125657584727,1.009446356079672,0.9912888926750656,60.38563119832158,52.48620977607233,52.05519626183032,-4.822477592061773,-5.498454102652129,0.6759765105903561,471.03710185875576,381.251899606088,426.1445007324219,0.21069191811311047,0.5448349237325786,-0.4287553377558577,84290460.0,0.4300949360105521,0.017119677587676296,-0.11753499936036127,0.0038776272725380423,-0.25711936400899116,0.0682451678419993,-0.03637445924073712,-0.02168365419886953,0.5760225517261481,0
2025-12-01,-6.973703038437584e-05,-6.97394621241348e-05,0.019458768847693635,0.011332660681876855,424.8140014648437,423.749849507815,412.4550018310547,420.22806710679606,424.82350158691406,422.8677813755793,434.0316003417969,418.6176490650597,1.012537282587741,1.0428774356932802,1.0125146397072284,0.9910338655289274,60.35176728530841,52.474379941151405,52.047787761730746,-3.548116637780936,-5.108386609677891,1.5602699718969548,467.56151531909893,382.0854878547292,424.82350158691406,0.2012036225516641,0.56219887867086,0.5850759525444862,79486150.0,0.7229385245102449,0.008415835173881447,-0.4287553377558577,0.017119677587676296,-0.11753499936036127,0.0038776272725380423,-0.25711936400899116,-0.010474950113494086,-0.1152649785818961,0
2025-12-02,-0.0020923987153301793,-0.0020945908399217085,0.03419996507726513,-0.00364431497206658,427.1059997558594,425.57989641666836,414.48699951171875,421.86659858453766,422.86700134277345,423.4746584097503,433.9322003173828,419.0342114638564,1.0049963954609287,1.0355933738332828,1.0150709061510232,0.9891867667815942,59.18992070297664,52.09500820334823,51.81547892722131,-2.581048132411752,-4.602918914224663,2.021870781812911,460.7598489474248,384.9741537381221,422.86700134277345,0.17921874955636774,0.5840922402836157,0.20661775454374598,76198380.0,0.909948479219637,-6.973703038437584e-05,0.5850759525444862,0.008415835173881447,-0.4287553377558577,0.017119677587676296,-0.11753499936036127,0.0682451678419993,-0.03637445924073712,1
2025-12-03,0.04076973347810542,0.039960567737700375,0.03762821427146641,0.033881008849956276,432.5739990234375,432.6332610225706,419.03599853515624,426.38903342996264,422.9910003662109,425.6904042978098,434.35,420.12071259211206,1.0327481338289357,1.0661136317549444,1.0561453786194104,1.0285253602725337,71.59469362521475,58.39363498057015,55.83958699215789,-0.3979483275508642,-3.761924796889903,3.363976469339039,461.17814682160537,384.8038539108165,422.9910003662109,0.18055772544727114,0.810955283028345,0.2617145922932478,76877820.0,1.1379485006208552,-0.0020923987153301793,0.20661775454374598,-6.973703038437584e-05,0.5850759525444862,0.008415835173881447,-0.4287553377558577,0.0038776272725380423,-0.25711936400899116,1
2025-12-04,0.017437455153354264,0.017287167308555625,0.020328669744989925,0.01020135198689821,438.16400146484375,439.93217360814606,424.0899993896484,431.505572584387,422.61399993896487,428.4370323436657,434.5847998046875,421.47009636415856,1.0373513051271654,1.071777215764243,1.0755204485533878,1.0458948379777047,75.46737737597509,60.86060452102841,57.49861734374341,1.9384177092148889,-2.6218562956689446,4.5602740048838335,459.37263925453925,385.8553606233905,422.61399993896487,0.1739584553322094,0.9341292201587209,-0.1780517357658059,76863700.0,0.9355066175580931,0.04076973347810542,0.2617145922932478,-0.0020923987153301793,0.20661775454374598,-6.973703038437584e-05,0.5850759525444862,0.017119677587676296,-0.11753499936036127,1
2025-12-05,0.0010340378456106247,0.0010335035967348669,0.01584613506610577,0.004348500598219441,443.1299987792969,444.9547824054307,430.06699829101564,435.777286659953,423.06849975585936,430.9668387871261,435.21699951171877,422.78499454595624,1.0267867245580342,1.057974691869086,1.075475957823774,1.045455486597436,75.70057089021314,61.01081282036295,57.599529209209955,3.7843066649226103,-1.3406237035506336,5.124930368473244,461.1683833002376,384.9686162114811,423.06849975585936,0.18011212636423937,0.9190498404929143,-0.21526565748576276,71151570.0,0.793060504497652,0.017437455153354264,-0.1780517357658059,0.04076973347810542,0.2617145922932478,-0.0020923987153301793,0.20661775454374598,0.008415835173881447,-0.4287553377558577,0
2025-12-08,-0.033890139401614006,-0.03447772390855956,0.03298603312918625,-0.0175886141916658,445.0179931640625,443.1631837943757,434.91599731445314,436.46868664400984,423.5714996337891,431.787138576187,435.2005993652344,423.4436216842429,0.9877802545619946,1.0107238852712064,1.0377940606304181,1.0100629163043866,55.50564723044566,53.72575811536297,53.244519263363784,3.957303417581784,-0.28103827932415026,4.238341696905934,462.25987756871075,384.8831216988674,423.5714996337891,0.1826769646606102,0.7068901281594783,0.22574631163882852,68022090.0,1.0168138026926252,0.0010340378456106247,-0.21526565748576276,0.017437455153354264,-0.1780517357658059,0.04076973347810542,0.2617145922932478,-6.973703038437584e-05,0.5850759525444862,1
2025-12-09,0.01271674558948499,0.012636566806914386,0.03749129981351626,0.017438416450616157,448.20399780273436,443.8321270054953,437.6549987792969,438.05074605923244,423.56849975585936,433.06169808585815,435.2397998046875,424.29563704673274,0.9932307958209349,1.0171710929142779,1.050998867206428,1.022815499932458,60.01688408109071,55.7868225055998,54.55249212309454,4.493672777308518,0.6739039320023834,3.8197688453061347,462.2501683865958,384.8868311251229,423.56849975585936,0.18264657854884006,0.7792215852693393,-0.09829135208441164,64578190.0,0.965765686526674,-0.033890139401614006,0.22574631163882852,0.0010340378456106247,-0.21526565748576276,0.017437455153354264,-0.1780517357658059,-0.0020923987153301793,0.20661775454374598,1
2025-12-10,0.014106967203253218,0.014008389943790958,0.029394216795733473,0.012060898052942014,449.1460021972656,446.37142207267397,440.86000061035156,440.48697626792307,424.1600006103516,434.81296609739843,435.37440002441406,425.36051450399935,1.0051297573583962,1.024021257501289,1.0643389559539096,1.0369236504987793,64.70688741653947,58.047509044351,56.004307292550685,5.363663799063204,1.6118559054145476,3.7518078936486563,464.14521839968796,384.1747828210152,424.1600006103516,0.18853837104771334,0.8412512561574395,0.0142718792189509,63712380.0,0.9928604142554398,0.01271674558948499,-0.09829135208441164,-0.033890139401614006,0.22574631163882852,0.0010340378456106247,-0.21526565748576276,0.04076973347810542,0.2617145922932478,0
2025-12-11,-0.010100780674035192,-0.010152139695978377,0.0200049277190479,-0.0045884786782092605,447.6180053710938,446.54428626459514,442.89100341796876,441.6511650643802,424.97450103759763,435.9631611974974,435.12300048828126,426.2048086273107,0.9983736339603838,1.0090293349822117,1.0515690083930493,1.0270429606041318,58.858237713695125,55.81581020287714,54.67273004207962,5.620395833666294,2.413563891064897,3.2068319426013967,466.0987028093117,383.85029926588356,424.97450103759763,0.19353726715982802,0.7664551853491991,-0.11505355096233649,62964030.0,0.8890711093302002,0.014106967203253218,0.0142718792189509,0.01271674558948499,-0.09829135208441164,-0.033890139401614006,0.22574631163882852,0.017437455153354264,-0.1780517357658059,1
2025-12-12,0.027008830833098685,0.026650529578487583,0.04649641959037584,0.0242585087951635,448.4100036621094,450.6828546614228,445.77000122070314,444.7982244081434,427.8230010986328,438.1533355077432,435.5822003173828,427.48932560094863,1.0235275477951167,1.0295892280733456,1.0727800755837968,1.0536702168285603,67.83592998488734,60.179783874228455,57.48233625346354,6.720336223316167,3.2749183575151513,3.4454178658010157,470.06148266912044,385.58451952814517,427.8230010986328,0.1974577405236318,0.8685855788220497,0.7087808930054753,68904410.0,1.3882522178188594,-0.010100780674035192,-0.11505355096233649,0.014106967203253218,0.0142718792189509,0.01271674558948499,-0.09829135208441164,0.0010340378456106247,-0.21526565748576276,1
2025-12-15,0.035624033484225714,0.03500417593015653,0.029685858542925124,0.012504249928978242,455.556005859375,458.89190229381313,450.28699951171876,450.34581952640707,431.3710006713867,441.6920652268718,436.4918005371094,429.3646460698759,1.0433623779406755,1.055571220297298,1.1018589493007651,1.0889322479224535,76.08366537075436,65.19463036358576,60.92712098185027,8.80980184485145,4.381895054982412,4.427906789869038,476.9181497507406,385.8238515920328,431.3710006713867,0.21117390370917025,0.9823462914292936,0.19742997615431013,74612270.0,1.5351657307839581,0.027008830833098685,0.7087808930054753,-0.010100780674035192,-0.11505355096233649,0.014106967203253218,0.0142718792189509,-0.033890139401614006,0.22574631163882852,1
2025-12-16,0.030653694218629735,0.03019325551468915,0.052400614787033555,0.037419821154748574,464.4980041503906,469.22126982347964,456.3510009765625,457.5338532275717,435.41900024414065,446.28139281315185,437.22440063476563,431.73779739587343,1.0546439392755795,1.0734719631040581,1.125077235049769,1.12043153166109,81.11761814334842,68.94760528798776,63.680486485346435,11.508730744056436,5.807262192797217,5.701468551259219,486.33902514802725,384.49897534025405,435.41900024414065,0.23388976997023833,1.0347700118123369,-0.06053751368491267,78439420.0,1.3718625150466437,0.035624033484225714,0.19742997615431013,0.027008830833098685,0.7087808930054753,-0.010100780674035192,-0.11505355096233649,0.01271674558948499,-0.09829135208441164,0
2025-12-17,-0.04617456293730249,-0.04727460429487326,0.06223512811817982,-0.042931447713472556,467.6600036621094,468.5675164708615,458.4030029296875,459.30224532539955,438.71950073242186,448.27935633243504,437.9078009033203,433.13082533194216,0.9991446908152244,1.0193214415685143,1.06505411540986,1.0670282849534918,58.72827746003927,58.41632720534841,57.11915114090339,11.687678496261242,6.983345453490022,4.7043330427712196,488.9045740536047,388.53442741123905,438.71950073242186,0.22877977038814623,0.7843525688459676,-0.010386764565120998,80340160.0,1.3254939995140662,0.030653694218629735,-0.06053751368491267,0.035624033484225714,0.19742997615431013,0.027008830833098685,0.7087808930054753,0.014106967203253218,0.0142718792189509,1
2025-12-18,0.034477560704677446,0.03389652701091261,0.03670064425507864,0.010895916461385493,474.95599975585935,473.5016760196369,461.28700256347656,463.67819983299734,442.6885009765625,451.6213219309829,438.80140075683596,435.10098885293223,1.0177153154516485,1.0478725661702817,1.0918964329339533,1.1015689427688256,66.42767814101795,62.77706370581616,60.18679501113884,12.979813845876663,8.18263913196735,4.797174713909312,493.8063577623723,391.5706441907528,442.6885009765625,0.23094278108893598,0.8979186207970882,-0.10631944287935813,82666350.0,1.1512350551342838,-0.04617456293730249,-0.010386764565120998,0.030653694218629735,-0.06053751368491267,0.035624033484225714,0.19742997615431013,-0.010100780674035192,-0.11505355096233649,0
2025-12-19,-0.00448927929345333,-0.0044993863680713635,0.032772212414007594,-0.014176806890475579,479.40400390625,476.06778808210174,463.90700378417966,466.86398390100345,446.9870010375977,454.4383400525113,439.7146008300781,436.90879369034786,1.0037463356295464,1.0372768858452,1.0765414007342817,1.0943462220691293,64.53571610751646,61.836415656250985,59.5839284901461,13.671148444954667,9.280340994564813,4.390807450389854,495.8264575896106,398.1475444855848,446.9870010375977,0.21852741327439562,0.8502599494836465,0.0855010696827938,87354140.0,1.182604510787926,0.034477560704677446,-0.10631944287935813,-0.04617456293730249,-0.010386764565120998,0.030653694218629735,-0.06053751368491267,0.027008830833098685,0.7087808930054753,1
2025-12-22,0.01564837611861325,0.015527202757109204,0.027622613092154993,-0.0023475011942148422,482.0880065917969,480.28852905017726,468.82200622558594,470.83962518924426,451.8690017700195,457.7042134747796,441.2194012451172,438.94099829019024,1.0137775765082562,1.042463887139212,1.081574547207089,1.1076802371045706,68.20216985968233,63.86007180913672,61.00702455252117,14.657679461441717,10.355808687940195,4.301870773501522,496.7416832223981,406.99632031764094,451.8690017700195,0.1986092485946478,0.9107288446248483,-0.1586490154435296,89129170.0,0.9751700818037462,-0.00448927929345333,0.0855010696827938,0.034477560704677446,-0.10631944287935813,-0.04617456293730249,-0.010386764565120998,0.035624033484225714,0.19742997615431013,0
2025-12-23,-0.00648622625268469,-0.006507353223946919,0.018803041701784255,-0.007846335075154993,481.2240051269531,482.04568521964944,472.8610046386719,473.51605652912593,455.25800170898435,460.35714529228574,442.21260131835936,440.7691943399316,1.0090103410998725,1.0268556569379739,1.066560051082813,1.0980238828812288,64.90640977693349,62.36090198400809,60.072032453960276,15.010684976289497,11.286783945610056,3.723901030679441,499.554964052313,410.9610393656557,455.25800170898435,0.1946015761482197,0.842032435709139,-0.3301172049827362,88714790.0,0.6563009392233246,0.01564837611861325,-0.1586490154435296,-0.00448927929345333,0.0855010696827938,0.034477560704677446,-0.10631944287935813,0.030653694218629735,-0.06053751368491267,0
2025-12-24,-0.00032952397832164415,-0.0003295782832779731,0.029048220603238348,-0.006305308345421642,484.852001953125,483.16378811192783,476.25600280761716,475.6767724141001,458.55800170898436,462.74217849268564,443.33580139160154,442.51942177352186,1.0011302251844931,1.0191997392892933,1.0585356532597043,1.094881109021302,64.72223653865856,62.281426444497306,60.02327893891927,15.103430486656862,12.050113253819418,3.0533172328374434,501.49061712659295,415.6253862913758,458.55800170898436,0.18725053431672534,0.8126060679789253,-0.2909163981615702,86517580.0,0.47719087843187474,-0.00648622625268469,-0.3301172049827362,0.01564837611861325,-0.1586490154435296,-0.00448927929345333,0.0855010696827938,-0.04617456293730249,-0.010386764565120998,0
2025-12-26,-0.021034181259704576,-0.021258551524587485,0.03213449133024375,-0.020691235738930343,483.21600341796875,480.50585955508734,479.08600158691405,475.5882687827012,460.9885025024414,463.9276855354209,444.1366015625,443.80062101539966,0.9833904487438504,0.9918678501717797,1.0308066250283316,1.0699185808367482,53.43458436886353,57.26610385550736,56.92769921231215,14.189503229284242,12.477991248912383,1.7115119803718581,501.8588600910914,420.1181449137914,460.9885025024414,0.1773161689143583,0.6737383861660744,0.4237648175868467,86797700.0,0.6772149492440468,-0.00032952397832164415,-0.2909163981615702,-0.00648622625268469,-0.3301172049827362,0.01564837611861325,-0.1586490154435296,0.034477560704677446,-0.10631944287935813,0
2025-12-29,-0.03272372674735757,-0.03327112293491262,0.022626389272132813,-0.019957324843416845,478.90400390625,473.55057791953743,479.15400390625,472.68858621283505,462.4620025634766,463.5193359271368,444.75440185546876,444.4217737068914,0.9597748419293157,0.9592740766043342,0.993897903180377,1.033469287163584,40.79331769919702,50.5849563740225,52.590369175233484,12.071304748094121,12.396653948748732,-0.32534920065461037,500.83007718070945,424.0939279462437,462.4620025634766,0.16592963056231438,0.4632247911422223,0.12729178114585227,83858330.0,0.79017791076927,-0.021034181259704576,0.4237648175868467,-0.00032952397832164415,-0.2909163981615702,-0.00648622625268469,-0.3301172049827362,-0.00448927929345333,0.0855010696827938,0
2025-12-30,-0.011335005235871831,-0.01139973602177475,0.020443211704008164,-0.014444042844141143,472.04400024414065,467.17704950495204,477.0660034179688,469.36884193337073,463.67650146484374,462.65368418891245,445.0568017578125,444.81425288214194,0.9626856658293518,0.9525516163801017,0.9800582760613251,1.0210606621018892,37.34027490745881,48.54152063401598,51.21754044723209,9.858568518595462,11.88903686271808,-2.0304683441226175,499.3159399497453,428.03706297994216,463.67650146484374,0.15372544596204335,0.37027701358174153,-0.10600938683729988,78327960.0,0.756288048354636,-0.03272372674735757,0.12729178114585227,-0.021034181259704576,0.4237648175868467,-0.00032952397832164415,-0.2909163981615702,0.01564837611861325,-0.1586490154435296,0
2025-12-31,-0.010364613980130777,-0.0104187006411069,0.016121142000179826,-0.013988171009505546,464.8760009765625,461.35803341020244,473.0500030517578,465.7963254401584,464.7005020141602,461.4219048586068,445.10260192871095,445.0066351699287,0.9673977582752793,0.950681742563054,0.9677631060682594,1.010373786340462,34.279866356411986,46.70470532964488,49.97911862599806,7.63686909429714,11.038603309033892,-3.401734214736752,497.3770591413543,432.02394488696604,464.7005020141602,0.14063491210172369,0.2707760224685673,-0.17151852258244216,72474950.0,0.6771719056032464,-0.011335005235871831,-0.10600938683729988,-0.03272372674735757,0.12729178114585227,-0.021034181259704576,0.4237648175868467,-0.00648622625268469,-0.3301172049827362,0
2026-01-02,-0.02590499391813139,-0.02624643791802105,0.052594352865316794,-0.043097380941112005,455.4100036621094,453.5953580482079,470.13100280761716,460.75517669180573,464.26700286865236,459.1979146172365,445.012001953125,444.73461054852834,0.9619244281011534,0.9318041241868107,0.943573427828027,0.9844004328008271,27.723022501813062,42.42812875927881,47.025987836913814,4.87984730751424,9.806852108729961,-4.9270048012157215,498.09489598155545,430.43910975574926,464.26700286865236,0.14572602792739714,0.11279002128510941,0.7428460817474225,70379450.0,1.2153462409836961,-0.010364613980130777,-0.17151852258244216,-0.011335005235871831,-0.10600938683729988,-0.03272372674735757,0.12729178114585227,-0.00032952397832164415,-0.2909163981615702,1
2026-01-05,0.031045280151877908,0.03057312274344065,0.028737751196375918,0.008214521024083812,450.706005859375,452.9535765080501,466.96100463867185,459.1033288256109,464.1240036010742,458.48097164680775,445.2660021972656,445.0065871320266,1.0021388833426377,0.9672542438039994,0.9731666751197718,1.0143824392584808,42.66029682417371,48.37138161799341,50.603591038261925,3.7490774793179185,8.595297182847553,-4.846219703529634,498.1389934755925,430.10901372655593,464.1240036010742,0.1465771630452235,0.31693379566945695,-0.205699628457925,67656690.0,1.0041992890873024,-0.02590499391813139,0.7428460817474225,-0.010364613980130777,-0.17151852258244216,-0.011335005235871831,-0.10600938683729988,-0.021034181259704576,0.4237648175868467,0
2026-01-06,-0.041424095947095174,-0.04230652917497186,0.044969515902079,-0.03006410072345761,445.3700012207031,446.2890481570595,462.1370025634766,454.34999475824134,463.0220031738281,456.0504021047383,444.94560180664064,444.5341716152835,0.9721355059128125,0.9368650184976459,0.9350743344534663,0.9730627512601617,32.034319942218914,41.95465041798357,46.10570484486782,1.3278848072220626,7.141814707722455,-5.813929900500392,499.48776188884256,426.5562444588137,463.0220031738281,0.1575119906399974,0.08780493292777354,0.31134458234227447,66235530.0,1.345105866896513,0.031045280151877908,-0.205699628457925,-0.02590499391813139,0.7428460817474225,-0.010364613980130777,-0.17151852258244216,-0.03272372674735757,0.12729178114585227,0
2026-01-07,-0.0035799792672750463,-0.003586402728205757,0.01641127120874749,-0.010300505384822885,440.76600341796876,441.3293666587428,456.4050018310547,450.1790872862173,462.61350402832034,453.70369749115457,444.89940185546874,444.01949836221786,0.9787733180796448,0.9452350476689175,0.9325495254796956,0.9696798913707203,31.28125922930424,41.46392960638914,45.75196809155981,-0.7078393587561891,5.571883894426727,-6.279723253182916,500.28367985231034,424.9433282043303,462.61350402832034,0.1628580899431933,0.08583282817677727,-0.3284740352302854,63526800.0,0.9417883475950307,-0.041424095947095174,0.31134458234227447,0.031045280151877908,-0.205699628457925,-0.02590499391813139,0.7428460817474225,-0.011335005235871831,-0.10600938683729988,1
2026-01-08,0.010175897854927118,0.010124471981728621,0.02872882028899405,0.018485996105869013,437.98200073242185,439.4862403701515,451.4290008544922,447.5647055601721,462.145002746582,451.9985822818035,444.56700134277344,443.6971646144042,0.9950180305679133,0.9653788014683596,0.9429940499257987,0.9802796574569755,36.234418244291035,43.480314623145766,46.962108442355955,-1.9445152349525756,4.068604068550866,-6.013119303503442,500.88906074933266,423.40094474383136,462.145002746582,0.16767056994012772,0.16001218881430948,-0.04659461663947795,63408550.0,0.8995805770672882,-0.0035799792672750463,-0.3284740352302854,-0.041424095947095174,0.31134458234227447,0.031045280151877908,-0.205699628457925,-0.010364613980130777,-0.17151852258244216,1
2026-01-09,0.02113359850994656,0.02091338126870214,0.04193158071738423,0.020782193611434484,439.3700012207031,441.3274968353094,447.39000244140624,447.10021541570893,461.82300262451173,451.33300394692935,444.2562017822266,443.7486487379815,1.0128365808527033,0.9946802729994108,0.963594293131049,1.0016967866298194,45.79699525900664,47.56146717457721,49.44633617978395,-2.156558510678508,2.8235715527049914,-4.980130063383499,501.02162921485706,422.6243760341664,461.82300262451173,0.1697560596487483,0.28554104669795,0.18040325309294536,66013160.0,1.0199708664151208,0.010175897854927118,-0.04659461663947795,-0.0035799792672750463,-0.3284740352302854,-0.041424095947095174,0.31134458234227447,-0.02590499391813139,0.7428460817474225,1
2026-01-12,0.00887616368794375,0.00883700211279967,0.036306103223453234,0.01751916296779169,438.8279968261719,443.8716617085656,444.7670013427734,447.43835651377606,461.92650146484374,451.1070027572293,444.0052014160156,443.95301511904415,1.02308876074951,1.0094273857989595,0.9719294953447211,1.011159306294748,49.58028993556187,49.25387519896399,50.49061484098855,-1.983014862465609,1.8622542696708715,-3.8452691321364805,500.97752019444675,422.8754827352407,461.92650146484374,0.16907892751667597,0.33397987515321564,-0.0843869511298575,66300050.0,0.9298575189611471,0.02113359850994656,0.18040325309294536,0.010175897854927118,-0.04659461663947795,-0.0035799792672750463,-0.3284740352302854,0.031045280151877908,-0.205699628457925,0
2026-01-13,-0.003920124914344347,-0.003927828743923437,0.01757599538687785,-0.006663704839306856,441.6760009765625,444.98111187472085,443.5230010986328,447.39502118527696,461.33850250244143,450.7349084191152,444.14720153808594,444.0803483381809,1.0125069309137353,1.008290463176183,0.9693533268549694,1.006873420925255,47.844342186166095,48.50274025354505,50.00733438036951,-1.9648463617160132,1.0968341433934947,-3.061680505109508,500.9012748211901,421.77573018369276,461.33850250244143,0.17151298711964455,0.3213157285654879,-0.1286366821520334,65045670.0,0.8258689625304805,0.00887616368794375,-0.0843869511298575,0.02113359850994656,0.18040325309294536,0.010175897854927118,-0.04659461663947795,-0.041424095947095174,0.31134458234227447,0
2026-01-14,-0.017889087168218576,-0.018051031148363036,0.02206284647560199,-0.008152447712260195,443.2340026855469,443.0540786521577,442.0000030517578,445.9050195528686,459.53300323486326,449.63634687510717,443.8000018310547,443.88896260754757,0.9908987341808756,0.9936651791280674,0.9557529255032854,0.9896349941301384,40.35193776216093,45.13341540853703,47.82262474030412,-2.566397008003719,0.36418791311405196,-2.930584921117771,499.6722067498238,419.39379971990274,459.53300323486326,0.17469562896419746,0.24671905210757877,0.0659038109279364,64847770.0,0.8829833315779402,-0.003920124914344347,-0.1286366821520334,0.00887616368794375,-0.0843869511298575,0.02113359850994656,0.18040325309294536,-0.0035799792672750463,-0.3284740352302854,0
2026-01-15,-0.0014344373071545347,-0.0014354670972459708,0.017579842046468105,-0.005803272346604083,443.7880065917969,441.55938820951144,440.8850036621094,444.57138096584134,456.9675033569336,448.58240977502254,443.2040020751953,443.6803761258484,0.9882421354564056,0.9947492059864552,0.9597400342528412,0.9895443300843878,39.77960084108478,44.86907573810116,47.650489174786465,-3.0587074821229976,-0.3203911659333579,-2.7383163161896396,495.54897349515664,418.38603321871057,456.9675033569336,0.16885870375814171,0.2615760108828995,-0.13611191156052704,64886550.0,0.76234288924284,-0.017889087168218576,0.0659038109279364,-0.003920124914344347,-0.1286366821520334,0.00887616368794375,-0.0843869511298575,0.010175897854927118,-0.04659461663947795,0
2026-01-16,-0.0024397640202233895,-0.0024427450941923528,0.027405691964285713,-0.004550625711035267,442.2860046386719,440.206258806341,440.8280029296875,443.2856753356884,455.47950286865233,447.5269421774014,443.0688018798828,443.4380084346386,0.9891789371843637,0.9924505636947517,0.9605262086319675,0.987431293162021,38.69217381476678,44.39350936208572,47.34657016897681,-3.4949204608478794,-0.9552970249162622,-2.539623435931617,494.64942571731194,416.3095800199927,455.47950286865233,0.1719942285084786,0.27049351184428505,0.21741890356569593,62355070.0,0.9657691026567687,-0.0014344373071545347,-0.13611191156052704,-0.017889087168218576,0.0659038109279364,-0.003920124914344347,-0.1286366821520334,0.02113359850994656,0.18040325309294536,0
2026-01-20,-0.041714285714285704,-0.042609305094350874,0.03169948370881783,-0.0235466408060462,436.34400634765626,433.2208392042274,437.58600158691405,438.9155525473814,452.273503112793,444.8339000652679,442.21240173339845,442.48945908426066,0.9608244731244534,0.9580973762405146,0.9269833344524779,0.9480738178228614,25.06043584681686,37.159282290194916,42.49287969261098,-5.252695068557159,-1.8147766336444418,-3.437918434912717,492.2748603682722,412.2721458573138,452.273503112793,0.1768901206025471,0.08722021728063278,0.049263873159682836,61879720.0,1.0211309941286095,-0.0024397640202233895,0.21741890356569593,-0.0014344373071545347,-0.13611191156052704,-0.017889087168218576,0.0659038109279364,0.00887616368794375,-0.0843869511298575,1
2026-01-21,0.02907573629435012,0.02866105598439217,0.04306512373610302,0.02319403949712509,433.19200439453124,432.62722694995375,437.4340026855469,437.55636161902225,449.7855026245117,443.5582907677573,441.9230017089844,442.0561470590507,0.9959555995139528,0.9862973609565293,0.9592127801450715,0.976278674730578,41.20295507064361,43.75255535570151,46.35016835006092,-5.597587286467217,-2.571338764208997,-3.02624852225822,488.4482283552572,411.12277689376623,449.7855026245117,0.17191628233968115,0.26274952378077293,0.07812804155265374,59782740.0,1.1395262244587652,-0.041714285714285704,0.049263873159682836,-0.0024397640202233895,0.21741890356569593,-0.0014344373071545347,-0.13611191156052704,-0.003920124914344347,-0.1286366821520334,1
2026-01-22,0.041535283721378935,0.040695858938020815,0.03754227271480135,0.03263163335314026,435.2239990234375,438.2048130838234,439.2290008544922,439.7024750249386,447.81700134277344,444.1108331090721,442.3198016357422,442.34257209012964,1.0324797951396145,1.0230653815603274,1.003445568176649,1.015916501340851,57.06481408303119,51.764614743501404,51.383623506138974,-4.37449751237898,-2.9319705138429937,-1.4425269985359863,482.1099691120877,413.5240335734592,447.81700134277344,0.153156167213336,0.5224970906450643,0.05024220539017077,60954530.0,1.1737716622538144,0.02907573629435012,0.07812804155265374,-0.041714285714285704,0.049263873159682836,-0.0024397640202233895,0.21741890356569593,-0.017889087168218576,0.0659038109279364,0
2026-01-23,-0.0006675890216037983,-0.0006678119583802994,0.018683436904808344,0.0036430389323355923,437.3219970703125,441.8232079087469,440.5550018310547,441.4038427583304,445.99200134277345,444.58218210426463,442.3964013671875,442.6060005398733,1.0268406358859512,1.019305184805961,1.0068790386522255,1.015062500894702,56.765727058696314,51.63202461455159,51.29902508795919,-3.390315120012474,-3.02363943507689,-0.3666756849355841,475.62454078299436,416.35946190255254,445.99200134277345,0.13288372594577724,0.5517673522718077,-0.20651266934743318,60927560.0,0.9317852216632342,0.041535283721378935,0.05024220539017077,0.02907573629435012,0.07812804155265374,-0.041714285714285704,0.049263873159682836,-0.0014344373071545347,-0.13611191156052704,0
2026-01-26,-0.030864440001147186,-0.03135078007637384,0.024724286451780476,-0.02202244447858146,436.86199951171875,439.61547600817505,439.5740020751953,440.2758735671851,443.4820022583008,443.68864211405196,442.30800170898436,442.31556962485996,0.9961956240035867,0.9900494800704437,0.9813250819444849,0.983929774106529,44.261400774291474,45.79561249641538,47.50479671577119,-3.686235836431024,-3.156158715347717,-0.5300771210833068,467.2639795213157,419.70002499528584,443.4820022583008,0.1072511495028536,0.32587675617389794,-0.12988934569166866,59134150.0,0.8353447204364991,-0.0006675890216037983,-0.20651266934743318,0.041535283721378935,0.05024220539017077,0.02907573629435012,0.07812804155265374,-0.0024397640202233895,0.21741890356569593,0
2026-01-27,-0.009880556502607107,-0.009929693133760457,0.015850514432604983,-0.014883083859814634,439.19199829101564,436.7103153042782,437.76800231933595,438.5711681725122,441.2675018310547,442.4706756171407,442.3140014648437,441.8678999884531,0.9811198645995439,0.9843113055626171,0.9765051632138103,0.974194785761792,40.99298038669673,44.12896869871239,46.38713911248177,-4.21909556966375,-3.368746086210924,-0.8503494834528262,460.67235497995705,421.8626486821523,441.2675018310547,0.08795052011934373,0.23286301485984828,-0.23613186119107488,56742500.0,0.6649883244481649,-0.030864440001147186,-0.12988934569166866,-0.0006675890216037983,-0.20651266934743318,0.041535283721378935,0.05024220539017077,-0.041714285714285704,0.049263873159682836,1
2026-01-28,0.0012995998294869082,0.0012987560805733547,0.018912538413098638,-0.0010419119798468531,439.19599609375,434.9602073545449,436.1940002441406,437.27822695116055,439.8585006713867,441.42203903027763,442.9034014892578,441.4597467126345,0.9823859855110779,0.9891470107649054,0.9809063387350947,0.9741627406885985,41.64766720651276,44.412692044564736,46.55906863580662,-4.54382523553187,-3.603761916075113,-0.9400633194567565,457.7563998544942,421.9606014882792,439.8585006713867,0.08138025822299068,0.26537723421094805,0.45382701129777314,56856320.0,0.9648426067673743,-0.009880556502607107,-0.23613186119107488,-0.030864440001147186,-0.12988934569166866,-0.0006675890216037983,-0.20651266934743318,0.02907573629435012,0.07812804155265374,0
2026-01-29,-0.03453389466363932,-0.0351442835440217,0.06147977726915147,-0.0485152828382882,432.63599853515626,428.8268040892279,433.92999877929685,433.511276152512,437.96500091552736,439.05422555678393,443.14760131835936,440.48328596149565,0.9628417398667851,0.9599704992289834,0.951126223985505,0.940002825964379,30.978380701444394,38.77110601399655,42.73072435047723,-5.935065082464007,-4.070022549352892,-1.8650425331111151,457.2546821850419,418.67531964601284,437.96500091552736,0.08808777518382123,-0.054830405382647524,0.489062551269291,59298980.0,1.3775295966304986,0.0012995998294869082,0.45382701129777314,-0.009880556502607107,-0.23613186119107488,-0.030864440001147186,-0.12988934569166866,0.041535283721378935,0.05024220539017077,1
2026-01-30,0.033248526466028494,0.032707748293060876,0.03991541211776363,0.011896079666123997,428.9059997558594,429.3545372801884,433.11399841308594,432.94740842698417,436.99950103759767,438.23096632871966,443.57740112304685,440.08825528308836,1.0035066049603085,0.9937568520969446,0.9849210414203164,0.9703154456750945,45.984645120076635,45.678502823561395,46.98529940565,-5.852587950492534,-4.426535629580821,-1.4260523209117135,455.76496489243544,418.2340371827599,436.99950103759767,0.08588322783106918,0.3244248736279038,0.011507465774470704,62615010.0,1.3195893444718767,-0.03453389466363932,0.489062551269291,0.0012995998294869082,0.45382701129777314,-0.009880556502607107,-0.23613186119107488,-0.0006675890216037983,-0.20651266934743318,0
2026-02-02,-0.019980962408733927,-0.02018328139266714,0.029989791540507904,0.001234278058166739,426.2279968261719,426.83969070632355,431.5449981689453,430.92242463273135,436.1865005493164,436.6670645410886,443.98860107421876,439.37146086252,0.9896346572715168,0.9774415167557094,0.967040467844334,0.9500469078215872,39.72752434879796,42.474315775325834,44.81463608742258,-6.407313328852467,-4.82269116943515,-1.584622159417317,456.07151402573214,416.30148707290067,436.1865005493164,0.0911766570096659,0.13850909611467827,-0.28909267168606534,62466900.0,0.9403299987673472,0.033248526466028494,0.011507465774470704,-0.03453389466363932,0.489062551269291,0.0012995998294869082,0.45382701129777314,-0.030864440001147186,-0.12988934569166866,1
2026-02-03,0.0003555958781265023,0.00035553266889641583,0.03524029628001014,-0.005444640484621483,424.43999633789065,425.2131242892418,431.8159973144531,429.2928913277035,434.7009994506836,435.26639091384953,444.34800109863284,438.6886581406596,0.9941569953251101,0.9771754499122974,0.9706901801198851,0.9496160451083357,39.8939428306299,42.55000873341774,44.86128604228587,-6.756944088487842,-5.209541753245689,-1.547402335242153,454.17194665136026,415.2300522500069,434.7009994506836,0.08958317199767854,0.17282002605495567,-0.03154606355178369,61836820.0,0.9199454305703301,-0.019980962408733927,-0.28909267168606534,0.033248526466028494,0.011507465774470704,-0.03453389466363932,0.489062551269291,-0.009880556502607107,-0.23613186119107488,0
2026-02-04,-0.03779974882085746,-0.038532688670109685,0.060885201414056504,-0.034367078873417514,419.35,418.81208611470294,429.272998046875,425.0596401345983,433.35350036621094,432.4800688997329,444.56360107421875,437.4071425181092,0.9681888870051866,0.9458084054038037,0.936902573586047,0.9132776700219384,29.715192447832877,36.97803791479911,40.99223209881119,-8.226232321680016,-5.812879866932555,-2.4133524547474607,456.5026499362145,410.2043507962074,433.35350036621094,0.10683725665278374,-0.09059384704173716,0.31150448700482536,62485110.0,1.1939948573348114,0.0003555958781265023,-0.03154606355178369,-0.019980962408733927,-0.28909267168606534,0.033248526466028494,0.011507465774470704,0.0012995998294869082,0.45382701129777314,0
2026-02-05,-0.02167438757390938,-0.02191272731756527,0.03668086814947736,0.00047857147414234356,415.47999877929686,411.611387894828,424.05799865722656,419.9960676474128,431.64349975585935,429.12101390500385,444.6860009765625,435.8307836528923,0.9560267464669852,0.936687888715312,0.9202269736014627,0.8932370044993014,25.523429549905913,34.308597593129136,39.04160858732781,-9.985633596712546,-6.647430612888554,-3.338202983823992,459.65603139544595,403.63096811627275,431.64349975585935,0.12979475727275255,-0.11460900328124339,-0.023953548532374302,62612420.0,1.1630248439526853,-0.03779974882085746,0.31150448700482536,0.0003555958781265023,-0.03154606355178369,-0.019980962408733927,-0.28909267168606534,-0.03453389466363932,0.489062551269291,1
2026-02-06,0.03499406912088299,0.03439569638292661,0.04086494707396165,0.02554441679123805,411.6199951171875,411.4442537137395,420.26299743652345,418.38041632089454,430.40899963378905,427.4056778522951,444.5526007080078,434.86134058225196,0.9987609694094676,0.97822075190823,0.9551612203772528,0.9247724221988949,40.88943817459551,41.493136286201654,43.500594482677954,-10.141454072910676,-7.3462353048929785,-2.7952187680176976,459.72581615351095,401.09218311406715,430.40899963378905,0.13622771152399665,0.17085419610202573,-0.13928491976083424,63202990.0,0.9916793493472381,-0.02167438757390938,-0.023953548532374302,-0.03779974882085746,0.31150448700482536,0.0003555958781265023,-0.03154606355178369,0.033248526466028494,0.011507465774470704,1
2026-02-09,0.015105500216312517,0.014992548192064116,0.03345152690997753,0.018077147656580427,410.7219970703125,413.402838250566,418.47499694824216,418.18761468513526,429.0244995117188,426.44513780200214,444.5110009765625,434.1734451603683,1.0160644190011003,0.9972400032679462,0.972718359439097,0.9388294247102842,46.62892030939107,44.417885480016004,45.37499300130528,-9.652577148205467,-7.807503673555476,-1.8450734746499906,458.0664487069947,399.9825503164428,429.0244995117188,0.1353859708633384,0.29848989975156504,-0.1307144076544703,63711680.0,0.8551697271206786,0.03499406912088299,-0.13928491976083424,-0.02167438757390938,-0.023953548532374302,-0.03779974882085746,0.31150448700482536,-0.019980962408733927,-0.28909267168606534,1
2026-02-10,0.018906316477488305,0.018729813289406434,0.024105736473699197,0.01705416454221989,411.3719970703125,417.3385559854034,417.90599670410154,419.4644104614885,427.8369995117188,426.3275048165808,444.48360107421877,433.8219371719256,1.033638639682128,1.0174776021607275,0.9938597922581759,0.9566381986364388,53.34391531942056,47.97625541976627,47.690116172149665,-8.530152593929643,-7.952033457630309,-0.5781191362993336,455.4272063721081,400.24679265132943,427.8369995117188,0.12897531953467073,0.45239238201558785,0.18291324289749533,66383390.0,0.9708784079872992,0.015105500216312517,-0.1307144076544703,0.03499406912088299,-0.13928491976083424,-0.02167438757390938,-0.023953548532374302,0.0003555958781265023,-0.03154606355178369,1
2026-02-11,0.00719643851293883,0.007170667714086594,0.038106819863340365,0.0007243610729585914,415.82399291992186,420.9823669948263,417.5869964599609,421.0654247437036,426.89049835205077,426.5125033115419,444.4456005859375,433.6042137147392,1.029930923433143,1.0255826753329835,1.003231485982814,0.9636049686374657,55.85692427047495,49.33109290045316,48.57761755688607,-7.309448051359311,-7.82351637637611,0.5140683250167992,453.018802940601,400.76219376350053,426.89049835205077,0.12241220963884082,0.5263983959798451,-0.10997948803882684,66633850.0,0.8608537552610273,0.018906316477488305,0.18291324289749533,0.015105500216312517,-0.1307144076544703,0.03499406912088299,-0.13928491976083424,-0.03779974882085746,0.31150448700482536,0
2026-02-12,-0.02615168463063977,-0.026499721174377204,0.053300430613432065,-0.03074594665132868,419.79599609375,419.6782471046238,417.63799743652345,420.3389852128882,425.7839981079102,425.6132179794159,444.18420043945315,432.9558134641306,0.993506396452332,0.9986399941676978,0.9795342454803034,0.9389573220109833,45.412115344734225,44.73859610699244,45.604073017955976,-7.163202882961571,-7.691453677693203,0.5282507947316324,451.6059754149887,399.9620208008317,425.7839981079102,0.12129144083303106,0.33126794125671605,0.07969387399323602,64658580.0,0.9578527706609085,0.00719643851293883,-0.10997948803882684,0.018906316477488305,0.18291324289749533,0.015105500216312517,-0.1307144076544703,-0.02167438757390938,-0.023953548532374302,1
2026-02-13,0.0008871295242764976,0.0008867362574486323,0.03157338203980883,0.007554741380262829,421.06199951171874,418.932165550218,416.34099731445315,419.8118974362551,424.72749786376954,424.83481649960544,443.94820068359377,432.34735028676886,0.9913979483436817,1.0026396754920657,0.9828419505235313,0.9402898847176989,45.802710202146365,44.921018182017185,45.719325808317684,-6.9374761133818765,-7.540658164830938,0.6031820514490613,450.09554444572814,399.35945128181095,424.72749786376954,0.11945563548181352,0.3563646712249011,-0.1695256517484911,61539380.0,0.8357916508096117,-0.02615168463063977,0.07969387399323602,0.00719643851293883,-0.10997948803882684,0.018906316477488305,0.18291324289749533,0.03499406912088299,-0.13928491976083424,0
2026-02-17,-0.016313715788533356,-0.016448249621048336,0.03217005892895736,-0.004195316059280301,419.7239990234375,416.16477866108283,415.222998046875,418.14246242653826,423.38399810791014,423.4819772980061,443.2260009765625,431.4956896826921,0.9783333948933495,0.9889384904360621,0.969876062198631,0.926457391890523,39.702487056121335,42.162251817686,43.920883953048936,-7.2248127673781255,-7.477489085340375,0.25267631796224954,448.7500841385548,398.01791207726546,423.38399810791014,0.11982543574629616,0.24860147502280033,0.1602963792503418,61633310.0,0.9682880896709912,0.0008871295242764976,-0.1695256517484911,-0.02615168463063977,0.07969387399323602,0.00719643851293883,-0.10997948803882684,0.015105500216312517,-0.1307144076544703,1
2026-02-18,0.0016803507615161806,0.001678940551719039,0.01779638041883246,0.0005108656567333163,416.9460021972656,414.5498548821282,414.15899963378905,416.9020160442983,422.9874984741211,422.32369444335967,442.36180114746094,430.70448645294806,0.9865066583121114,0.9931451633018222,0.9724164633896002,0.9298271375540981,40.63707526185701,42.5472551316991,44.15459379853743,-7.312557099059347,-7.44450268808417,0.13194558902482267,448.8428549661566,397.13214198208556,422.9874984741211,0.12225116148966937,0.27436994238512274,-0.23052407219984317,60536800.0,0.758569993788902,-0.016313715788533356,0.1602963792503418,0.0008871295242764976,-0.1695256517484911,-0.02615168463063977,0.07969387399323602,0.018906316477488305,0.18291324289749533,1
2026-02-19,0.0009481282794785439,0.000947679089765262,0.027057916688069963,0.010951483008172192,413.6340026855469,413.6032337397782,414.7289978027344,415.958011573531,422.00099792480466,421.31286558733285,441.4960009765625,429.95960429616883,0.9953485177282888,0.9927205322906013,0.97561378641204,0.9325339086750513,41.23764464636205,42.77909536354736,44.29237061116156,-7.266858828837144,-7.408973916234765,0.14211508739762113,447.99627046125937,396.00572538834996,422.00099792480466,0.1232000524372539,0.30206003889178595,0.11102013440356773,58178070.0,0.8769558701414467,0.0016803507615161806,-0.23052407219984317,-0.016313715788533356,0.1602963792503418,0.0008871295242764976,-0.1695256517484911,0.00719643851293883,-0.10997948803882684,1
2026-02-20,0.00026721690370390405,0.0002671812076260135,0.022339886463525412,0.008621160020790521,412.58400268554686,413.00882493459176,416.18999938964845,415.2056471645651,420.1239990234375,420.4087838479887,440.94080139160155,429.2482475521708,0.9981482671253485,0.9895000070356367,0.9802344266965919,0.9339575880129984,41.432655427300915,42.84915916975731,44.33305087840036,-7.139465940055402,-7.355072320998893,0.21560638094349116,443.204063366068,397.04393468080696,420.1239990234375,0.10987262996772033,0.32010466747528377,0.13509709993806296,56687310.0,1.0216078342754313,0.0009481282794785439,0.11102013440356773,0.0016803507615161806,-0.23052407219984317,-0.016313715788533356,0.1602963792503418,-0.02615168463063977,0.07969387399323602,0
2026-02-23,-0.02911471161845125,-0.02954695527872473,0.03416453022750072,-0.01831624104727688,409.06199951171874,408.6158788138164,415.06199951171874,412.4100725114197,417.6624984741211,418.4488983931579,440.0340008544922,428.0945902588412,0.9774312623747182,0.9633018369367176,0.9573040146840945,0.9086343005218794,29.13771741067832,37.46504186491315,40.91407703796902,-7.9147641533873525,-7.467010687476585,-0.44775346591076737,438.23831963078874,397.08667731745345,417.6624984741211,0.09852845889606508,0.06666342096201587,0.20320070727756856,57387600.0,1.2141995831852177,0.00026721690370390405,0.13509709993806296,0.0009481282794785439,0.11102013440356773,0.0016803507615161806,-0.23052407219984317,0.0008871295242764976,-0.1695256517484911,1
2026-02-24,0.023885197787236967,0.023604408796446652,0.032195008350625484,0.0247309258643617,408.81199951171874,408.87058750348183,414.26799926757815,411.85915112440017,416.37149810791016,417.58519424931546,439.19260070800783,427.3606849499774,1.0013894048407879,0.9882008883297586,0.9832085210998625,0.9321195398621575,44.45438851185494,43.549336197649,44.49406177593965,-7.670169963522426,-7.507642542685753,-0.16252742083667293,435.57839142568946,397.16460479013085,416.37149810791016,0.09225844422617752,0.3179952085581217,-0.159306831228473,57797120.0,1.0135366606502192,-0.02911471161845125,0.20320070727756856,0.00026721690370390405,0.13509709993806296,0.0009481282794785439,0.11102013440356773,-0.016313715788533356,0.1602963792503418,1
2026-02-25,0.019590573349979934,0.01940114803767631,0.019621472355453314,0.01273808098446458,410.0279968261719,411.71372296781607,413.48699951171875,412.86657708296093,415.69649810791014,417.5675561204744,438.60280029296877,426.97006961454633,1.0179792529470562,1.0094634036605417,1.004097931534973,0.9516582967953653,54.16161044763454,48.114801889959786,47.309145163435396,-6.751355791300853,-7.356385192408773,0.6050294011079203,433.72642804849096,397.66656816732933,415.69649810791014,0.08674564266307794,0.547240776702634,-0.06435357078841575,56833070.0,0.9643980168588464,0.023885197787236967,-0.159306831228473,-0.02911471161845125,0.20320070727756856,0.00026721690370390405,0.13509709993806296,0.0016803507615161806,-0.23052407219984317,0
2026-02-26,-0.021130827631028026,-0.021357279325286554,0.03218462560245479,-0.01409204832354729,409.40199584960936,410.6691441692993,411.51799926757815,412.08719699010726,414.55249786376953,416.7115971158831,437.5952001953125,426.24888988739804,0.9979921708108973,0.9928605487474628,0.9855928710542552,0.9336939399470184,44.24149058510708,43.90899451343855,44.69178215264239,-6.658138938172669,-7.216735941561552,0.5585970033888827,431.2939085036776,397.8110872238615,414.55249786376953,0.08076859131800299,0.3216246103758223,-0.022025298441699204,56457120.0,0.9494373783147281,0.019590573349979934,-0.06435357078841575,0.023885197787236967,-0.159306831228473,-0.02911471161845125,0.20320070727756856,0.0009481282794785439,0.11102013440356773,0
2026-02-27,-0.014856275407819197,-0.014967735162802965,0.022384560748865304,-0.0010671382170445527,407.5399963378906,407.9494327014079,410.06199951171874,410.3458902220196,413.8499984741211,415.35906498728707,436.13920043945313,425.3179534120344,0.9876576860738467,0.9815832977572019,0.9725987948524658,0.9228934463126831,38.56951441998377,41.237433634224686,42.97375680733816,-6.99344423795327,-7.172077600839897,0.178633362886627,431.3571142148148,396.34288273342736,413.8499984741211,0.08460609305421317,0.17613201179285923,0.061332960216407884,55952790.0,1.0167518009378977,-0.021130827631028026,-0.022025298441699204,0.019590573349979934,-0.06435357078841575,0.023885197787236967,-0.159306831228473,0.00026721690370390405,0.13509709993806296,1
2026-03-02,0.0020123662491409178,0.002010344152525457,0.04038978540389331,0.032565286794522245,408.2380004882813,406.40629090901155,408.65,409.068456967874,412.49549865722656,414.21248806699487,434.40800048828123,424.45528885957106,0.9879531225457202,0.9869570716364096,0.9777561419145754,0.9284359562229078,39.77163813633895,41.74677961554782,43.279269799601,-7.111835260310045,-7.160029132733927,0.048193872423881956,428.82001429783105,396.1709830166221,412.49549865722656,0.07915003045485232,0.21896589353667192,-0.031671591366511875,56318210.0,0.9781614152864588,-0.014856275407819197,0.061332960216407884,-0.021130827631028026,-0.022025298441699204,0.019590573349979934,-0.06435357078841575,-0.02911471161845125,0.20320070727756856,0
2026-03-03,-0.027000928420799375,-0.027372150980348144,0.027903019376247847,-0.006732652526677681,404.847998046875,401.74752483126815,406.8299987792969,406.0432816420389,411.02649841308596,412.13796469640306,432.91140014648437,423.19939489157935,0.9693267462578488,0.9646043650991245,0.9547559444242569,0.9064903177486077,30.43105862892149,37.09178388084104,40.23623895940178,-7.992264320888751,-7.3264761703648915,-0.6657881505238592,428.94383337486994,393.109163451302,411.02649841308596,0.08718335694151216,-0.018952896091113433,0.1366714892272951,56612060.0,1.1060770443612191,0.0020123662491409178,-0.031671591366511875,-0.014856275407819197,0.061332960216407884,-0.021130827631028026,-0.022025298441699204,0.023885197787236967,-0.159306831228473,1
2026-03-04,0.03442654745501761,0.03384721273919843,0.03387200058458069,0.02033428732884249,402.5559997558594,403.1450173679809,406.2919982910156,406.0245036055602,410.22549896240236,411.54768257687954,431.36280029296876,422.5225559719647,1.0084062905225588,0.9991336382427172,0.9895533151112362,0.9410640003396303,48.0797074583511,45.248317980241815,45.25067076922791,-7.513257656894609,-7.363832467670836,-0.14942518922377346,427.5382320189393,392.9127659058654,410.22549896240236,0.08440593332363129,0.37623281353090626,0.09084071015518069,58850470.0,1.160661928443392,-0.027000928420799375,0.1366714892272951,0.0020123662491409178,-0.031671591366511875,-0.014856275407819197,0.061332960216407884,0.019590573349979934,-0.06435357078841575,0
2026-03-05,-0.0009607691927178141,-0.00096123102727329,0.02268519779650362,0.009911050118682424,401.95,403.94667417631024,405.6759979248047,405.93822800327086,410.2024978637695,410.9764735498404,429.8497998046875,421.8569650629845,1.0089563074834402,0.9996893823334865,0.9886580162358107,0.9434690628615857,47.672388128360915,45.06665620188406,45.135876490246126,-7.083458645300084,-7.307757703196686,0.22429905789660243,427.53877834114485,392.86621738639417,410.2024978637695,0.08452547494302588,0.3658157937375176,-0.23979913769755,58941100.0,0.8809794863007308,0.03442654745501761,0.09084071015518069,-0.027000928420799375,0.1366714892272951,0.0020123662491409178,-0.031671591366511875,-0.021130827631028026,-0.022025298441699204,0
2026-03-06,-0.021748186591348584,-0.02198816416611494,0.02051776881764061,-0.0034162761286977237,400.79400024414065,401.54111977964953,404.1669982910156,404.2640067274631,410.17849884033205,409.6196675914107,428.0097998046875,420.8715943148803,0.9898601544550643,0.981599221766908,0.9672130843229817,0.9269180546038124,38.96347102497025,41.05268799956122,42.57145426156893,-7.369586245916139,-7.320123411740577,-0.04946283417556163,427.5878311926743,392.7691664879898,410.17849884033205,0.08488661595652808,0.11375635831908902,0.23357707810553108,59555340.0,1.0755475495564293,-0.0009607691927178141,-0.23979913769755,0.03442654745501761,0.09084071015518069,-0.027000928420799375,0.1366714892272951,-0.014856275407819197,0.061332960216407884,1
2026-03-09,0.004915135319874642,0.004903095477786746,0.050642126046754936,0.022125381753359125,399.8659973144531,400.5874107450268,404.0519989013672,403.2487314453391,409.55699920654297,408.57779378992217,426.27219970703123,420.0013354270725,0.9970339947716554,0.9867046661316052,0.9734420201538874,0.9352709206694371,41.71010266522332,42.27678788019099,43.319033596653746,-7.354222308255316,-7.326943191043526,-0.02727911721179055,427.6625066878104,391.45149172527556,409.55699920654297,0.08841508027622134,0.19962160569054888,0.046277706831359566,59289230.0,1.1303722446724305,-0.021748186591348584,0.23357707810553108,-0.0009607691927178141,-0.23979913769755,0.03442654745501761,0.09084071015518069,0.0020123662491409178,-0.031671591366511875,1
2026-03-10,0.0014046291985592152,0.0014036436297643494,0.021039961181126002,-0.00740890800378909,401.2279968261719,400.13827057480955,403.0379974365234,402.51986940698197,408.65299835205076,407.68847916558434,424.54899963378904,419.1871650273589,0.9950451947333622,0.990576553014095,0.9769657676423885,0.9403861287595889,42.57588219322916,42.64514015485909,43.540654239272584,-7.213704064009221,-7.304295365636666,0.09059130162744466,426.92253055169607,390.38346615240545,408.65299835205076,0.08941342544075147,0.24238508094206965,-0.11579121710442875,59357150.0,0.9983413961081352,0.004915135319874642,0.046277706831359566,-0.021748186591348584,0.23357707810553108,-0.0009607691927178141,-0.23979913769755,-0.027000928420799375,0.1366714892272951,1
2026-03-11,0.02149087591352461,0.02126320318819362,0.03489287119504954,0.013771523719132985,401.6039978027344,402.6988494912793,402.0799987792969,403.48353084647954,407.7834991455078,407.7010056568829,423.2015997314453,418.7413941370397,1.015477957280041,1.0142757873118493,1.0000895283374327,0.963654219603642,54.623338748253175,48.108909600673584,46.881888370546704,-6.3369581610481305,-7.110827924718959,0.7738697636708283,424.39866276194294,391.16833552907264,407.7834991455078,0.08149012233820883,0.5010986403611111,0.05570827574685233,60132170.0,1.040373231167277,0.0014046291985592152,-0.11579121710442875,0.004915135319874642,0.046277706831359566,-0.021748186591348584,0.23357707810553108,0.03442654745501761,0.09084071015518069,0
2026-03-12,-0.03141091003024221,-0.031914812787204434,0.029999255235447577,-0.02509991385061827,399.4960021972656,400.13590291606124,400.72300109863284,401.94289064996053,406.1205001831055,406.492339381525,421.90899963378905,417.8107516126705,0.9887708702791336,0.9857432907086817,0.9726423797555869,0.936244569583697,40.0043843396499,41.71891201896581,42.901765950502906,-6.599713077521471,-7.008604955279461,0.4088918777579895,420.7387953152001,391.5022050510109,406.1205001831055,0.07198993956475344,0.1199799526181645,-0.025353301395942163,60869300.0,1.001716793194599,0.02149087591352461,0.05570827574685233,0.0014046291985592152,-0.11579121710442875,0.004915135319874642,0.046277706831359566,-0.0009607691927178141,-0.23979913769755,0
2026-03-13,-0.009645319015724074,-0.009692136394107657,0.02620143067525132,-0.019966432729411454,398.39000244140624,397.15727267971795,399.5920013427734,399.9896400239733,404.8270004272461,405.0359272696685,420.64440002441404,416.76719320460626,0.9819523828652491,0.9789986058090702,0.9663387367793324,0.930001712097739,36.60499533370891,40.016462632527066,41.79369628537418,-7.03429621530131,-7.013743207283832,-0.020553008017478724,419.91168925590813,389.7423115985841,404.8270004272461,0.07452412419498676,0.0483172250022629,-0.040504282167094674,61030700.0,0.9586011630212335,-0.03141091003024221,-0.025353301395942163,0.02149087591352461,0.05570827574685233,0.0014046291985592152,-0.11579121710442875,-0.021748186591348584,0.23357707810553108,1
2026-03-16,0.011145156481373375,0.011083506865035645,0.023536246374899608,-0.001665750492342608,397.76600341796876,396.6248476393433,398.8160003662109,399.18425048481333,403.73300018310545,404.13345777337565,419.5611999511719,415.93553847339007,0.9944540110506705,0.9918358270364596,0.9797564166892353,0.9427945138983982,43.064290541460494,42.8886242450808,43.545713821204664,-6.946813560556279,-7.000357277938322,0.053543717382043,418.1593093227475,389.3066910434634,403.73300018310545,0.0714646022648596,0.21673272264583945,-0.007449050579361072,61328700.0,0.9468372882516668,-0.009645319015724074,-0.040504282167094674,-0.03141091003024221,-0.025353301395942163,0.02149087591352461,0.05570827574685233,0.004915135319874642,0.046277706831359566,1
2026-03-17,0.00937908655570907,0.00933537602077204,0.017832532654848986,0.00904745267804877,397.7720031738281,397.5065614307862,399.5,399.19983930824213,403.1649993896484,403.6702702724515,418.78519958496094,415.2819875141854,1.0037659408603203,0.9994242528502425,0.9903389173616927,0.9534004291683906,48.29430778550456,45.28923713080178,45.02419965099231,-6.5031533182790895,-6.9009164860064764,0.39776316772738696,417.3529469072138,388.97705187208305,403.1649993896484,0.07038283352495628,0.3627352416142529,-0.1924940113624818,59756020.0,0.7846991817728155,0.011145156481373375,-0.007449050579361072,-0.009645319015724074,-0.040504282167094674,-0.03141091003024221,-0.025353301395942163,0.0014046291985592152,-0.11579121710442875,0
2026-03-18,-0.016254640751756533,-0.016388196671314647,0.027394495134847867,-0.015588975490484023,394.7640014648438,395.93104054695647,398.1839996337891,398.03259557570664,402.23799896240234,402.6331015588177,417.6073992919922,414.39955658340546,0.9949742056565825,0.9864283827088425,0.9764865571937436,0.9405484659639952,40.66985126861828,41.96605975203803,42.95776190727245,-6.599166271735328,-6.840566443152246,0.2414001714169185,416.5952045486419,387.8807933761628,402.23799896240234,0.0713866199775996,0.17061834817736599,0.084507522845779,58010780.0,0.8766146567930995,0.00937908655570907,-0.1924940113624818,0.011145156481373375,-0.007449050579361072,-0.009645319015724074,-0.040504282167094674,0.02149087591352461,0.05570827574685233,0
2026-03-19,-0.03177353995904619,-0.03228927274343446,0.02245589876798214,-0.017997782989729837,391.8219970703125,390.7206896289606,395.65899963378905,394.8084850697543,400.66749877929686,400.5061383430226,416.55419921875,413.06231859162364,0.9705937661399952,0.9611811892184022,0.9491660515305552,0.9129664003057075,30.03270537303223,36.43030399285442,39.31450835869895,-7.594742353589197,-6.991401625239638,-0.6033407283495595,417.2378037675216,384.09719379107213,400.66749877929686,0.0827134970453508,-0.11457863934314327,0.31906019495369997,59526020.0,1.1268735924222717,-0.016254640751756533,0.084507522845779,0.00937908655570907,-0.1924940113624818,0.011145156481373375,-0.007449050579361072,-0.03141091003024221,-0.025353301395942163,0
2026-03-20,-0.03244805872728129,-0.032986169449252166,0.04193396986542524,-0.03130186773038321,387.1739929199219,383.1337902376665,392.78199768066406,389.9269407761768,398.47449798583983,397.40650530607553,415.2851989746094,411.2935998803866,0.9503737290825272,0.9368046235006766,0.9234216827300048,0.8860416705522299,23.071613665049668,31.943419610228403,36.13294570124296,-9.272589506171585,-7.4476392014260275,-1.824950304745557,419.55573407830417,377.3932618933755,398.47449798583983,0.10580971278725837,-0.22373617934266604,0.1721913047885828,60983420.0,1.2893438905197512,-0.03177353995904619,0.31906019495369997,-0.016254640751756533,0.084507522845779,0.00937908655570907,-0.1924940113624818,-0.009645319015724074,-0.040504282167094674,1
2026-03-23,0.035031022251806876,0.03443139945829688,0.033083826661441114,0.020799297332531833,384.23199462890625,382.37252885961624,390.9989990234375,388.2765890175111,397.52549896240237,395.8296958582127,414.18619934082034,410.0997334577642,0.9911980559332209,0.9740434299185674,0.958051765478159,0.9195139932466136,40.01532000345792,40.225192776818965,41.33961748179175,-9.453208306112288,-7.84875302236328,-1.6044552837490071,419.9436432112182,375.1073547135865,397.52549896240237,0.11278845914201915,0.128080436234869,-0.05115950175890194,61742130.0,1.208348335245318,-0.03244805872728129,0.1721913047885828,-0.03177353995904619,0.31906019495369997,-0.016254640751756533,0.084507522845779,0.011145156481373375,-0.007449050579361072,1
2026-03-24,0.005724019012326664,0.005707699063017406,0.02916224176522156,0.017181860162128283,380.98399658203124,382.5916854995098,389.3779998779297,387.32266351965393,396.20799865722654,394.61067708879216,412.94659912109375,409.0381752350792,1.005370310080269,0.9836970730225566,0.9667396924782167,0.9275533436878505,42.513568070293964,41.52128917768729,42.17671679457041,-9.313087342686003,-8.141619886427826,-1.1714674562581777,418.7811687122373,373.6348286022158,396.20799865722654,0.11394605929972443,0.20810480216524915,-0.19570946036511805,61816750.0,0.9706899828929861,0.035031022251806876,-0.05115950175890194,-0.03244805872728129,0.1721913047885828,-0.03177353995904619,0.31906019495369997,0.00937908655570907,-0.1924940113624818,1
2026-03-25,0.007623458833617036,0.007594547116542637,0.029071125445863422,-0.010359183898324714,379.6179992675781,383.7111277353503,387.1910003662109,387.0730905537225,394.63549957275393,393.7858518619578,411.6863995361328,408.1327570771166,1.0166799597270675,0.9967948941013456,0.9779911149019136,0.937485456507429,46.02636834649062,43.29488973742187,43.31440669941002,-8.864238367502253,-8.286143582642712,-0.578094784859541,415.39319977311555,373.8777993723923,394.63549957275393,0.10519935597701997,0.29078878483919507,-0.0807867357499138,61076490.0,0.9030856226348305,0.005724019012326664,-0.19570946036511805,0.035031022251806876,-0.05115950175890194,-0.03244805872728129,0.1721913047885828,-0.016254640751756533,0.084507522845779,0
2026-03-26,-0.03585963575004292,-0.036518388902705916,0.03378035478500488,-0.024869026729991174,377.97999877929686,379.84408027408773,384.9009979248047,384.35252597151157,392.81199951171874,391.7214836228725,410.1845989990234,406.72009936238896,0.9844700422067522,0.9667680451799164,0.9472979079409751,0.907176881481229,34.4019738560598,37.490969143973714,39.451404061423084,-9.51560682991692,-8.532036232097553,-0.9835705978193658,414.72481590687016,370.8991831165673,392.81199951171874,0.11156897662184426,0.02762771825312002,0.006628315744244162,60531400.0,0.9172578199083451,0.007623458833617036,-0.0807867357499138,0.005724019012326664,-0.19570946036511805,0.035031022251806876,-0.05115950175890194,-0.03177353995904619,0.31906019495369997,0
2026-03-27,-0.027626237359861583,-0.0280150189690427,0.028715099677854534,-0.021261099346029495,376.7539978027344,373.83938237348036,381.9639953613281,380.2575188080123,390.77799835205076,388.8746743799576,408.63719848632815,404.9597027823841,0.9603879154103021,0.9472882024652187,0.9259221043613977,0.8854553327806535,28.22471131618576,33.860075257792616,36.885757819404084,-10.737555165143931,-8.973140018706829,-1.764415146437102,416.01268923735,365.5433074667515,390.77799835205076,0.12915103200137376,-0.07357571589373275,0.11783966615576635,60887560.0,1.0193494368964695,-0.03585963575004292,0.006628315744244162,0.007623458833617036,-0.0807867357499138,0.005724019012326664,-0.19570946036511805,-0.03244805872728129,0.1721913047885828,0
2026-03-30,-0.018102390725044493,-0.018268243604687585,0.042642405844793105,-0.028918129874463027,371.63999633789064,367.65292117541924,377.9359954833984,375.71615153006405,388.37599792480466,385.67518146560894,406.97139831542967,403.01147909598853,0.955978910451502,0.9400533503692248,0.9147836135025119,0.8729851784422734,24.90099724573348,31.750160428333643,35.34783732450559,-12.095062942152424,-9.597524603395948,-2.497538338756476,417.2597718608487,359.49222398876066,388.37599792480466,0.14874129240930245,-0.07291680821887603,0.09487849166286688,61876170.0,1.0982321627211251,-0.027626237359861583,0.11783966615576635,-0.03585963575004292,0.006628315744244162,0.007623458833617036,-0.0807867357499138,0.035031022251806876,-0.05115950175890194,1
2026-03-31,0.04635780589195071,0.045315377792307994,0.0331674151237811,0.02832560636706523,369.3839965820313,369.0186141169462,375.1839965820312,374.9950330700524,387.3419982910156,384.34897370697956,405.65639831542967,401.7855387392831,1.0064052677968232,0.9908471666880375,0.9597461717040529,0.9164159656886152,44.18327810086442,41.603853278027664,41.75912820239105,-11.70695568497024,-10.019410819710806,-1.687544865259433,417.0403747201863,357.6436218618449,387.3419982910156,0.15334446850691305,0.23749409621428585,0.11155274713631491,64740610.0,1.16673136073324,-0.018102390725044493,0.09487849166286688,-0.027626237359861583,0.11783966615576635,-0.03585963575004292,0.006628315744244162,0.005724019012326664,-0.19570946036511805,1
2026-04-01,0.025581734406523227,0.02525999735964806,0.023763384158074743,0.00694610793887425,368.44599609375,373.0990793331725,374.03199768066406,376.13411974197464,386.1079986572266,384.0547866649458,404.8965985107422,400.98061603443375,1.0347785396170095,1.0193245822009378,0.9874439563322659,0.9416231481517617,52.413993985696465,46.41463440854044,45.062144793126976,-10.51083718952151,-10.117696093672949,-0.39314109584856105,414.64084827574453,357.5751490387086,386.1079986572266,0.14779724697621943,0.4150454834266675,-0.22309025364434187,65523680.0,0.895612090163434,0.04635780589195071,0.11155274713631491,-0.018102390725044493,0.09487849166286688,-0.027626237359861583,0.11783966615576635,0.007623458833617036,-0.0807867357499138,0
2026-04-02,-0.05421500524128142,-0.05574001402961767,0.03119886883788699,-0.00991217942927606,366.1419982910156,368.9293850014119,372.0609985351563,373.3079154866866,383.85999908447263,381.8200447290358,403.4795983886719,399.39667016398107,0.9848364788004675,0.9691690280829536,0.9393789329388781,0.893700692124052,38.149204772476665,38.9113387446051,39.89816109779895,-11.102815653823768,-10.314720005703114,-0.7880956481206542,412.98979481323823,354.73020335570703,383.85999908447263,0.15177302036284987,0.10058074276842699,0.41489133287210445,67118970.0,1.2370750027898223,0.025581734406523227,-0.22309025364434187,0.04635780589195071,0.11155274713631491,-0.018102390725044493,0.09487849166286688,-0.03585963575004292,0.006628315744244162,0
2026-04-06,-0.021547988276388597,-0.021783536042954785,0.05974714056647724,-0.026945004308854156,364.3400024414062,363.55959244234754,370.5470001220703,369.5828412753288,381.6644989013672,379.05813640476754,401.548798828125,397.5701343663433,0.9683811960257092,0.9521599343888584,0.9244244836494403,0.8786478962305062,34.08138439727806,36.52128583617417,38.17159862472077,-12.059916814651785,-10.66375936749285,-1.3961574471589362,413.11021230412035,350.21878549861407,381.6644989013672,0.16478196684926463,0.04136051537913176,-0.06423609438379785,67025870.0,1.159218075050723,-0.05421500524128142,0.41489133287210445,0.025581734406523227,-0.22309025364434187,0.04635780589195071,0.11155274713631491,-0.027626237359861583,0.11783966615576635,0
2026-04-07,-0.017487708462248674,-0.017642424845982326,0.031097645951541446,0.0006061409005839072,362.61400146484374,357.9230595937265,367.1269989013672,365.41323266099346,379.06299896240233,375.9716466420739,399.5005987548828,395.57326611262334,0.955975203649418,0.9442236472224583,0.9144917727273801,0.8677083212813271,31.017351116088946,34.69867231640386,36.842274592173766,-13.16454225039439,-11.163915944073157,-2.0006263063212337,412.96077750537347,345.1652204194312,379.06299896240233,0.17885036859708545,0.02190074897048167,-0.04095622001194377,67016810.0,1.1118911807351022,-0.021547988276388597,-0.06423609438379785,-0.05421500524128142,0.41489133287210445,0.025581734406523227,-0.22309025364434187,-0.018102390725044493,0.09487849166286688,0
2026-04-08,-0.009808146419583275,-0.009856563133277247,0.07233790698402222,-0.056461167328584104,356.91400146484375,353.03203972915105,363.1489990234375,361.3835539953583,376.2634994506836,372.8552993428288,397.6615985107422,393.521373323893,0.9617162638373276,0.9452043126183772,0.9122596278967244,0.8631711014729215,29.322557147269848,33.70059807441994,36.114571366876575,-14.151190839936248,-11.761370923245776,-2.389819916690472,412.2190634660374,340.30793543532974,376.2634994506836,0.1911190645271001,0.04091250749694724,0.058017537314434264,68900180.0,1.144243745081653,-0.017487708462248674,-0.04095622001194377,-0.021547988276388597,-0.06423609438379785,-0.05421500524128142,0.41489133287210445,0.04635780589195071,0.11155274713631491,1
2026-04-09,0.006904574267115882,0.0068808468500743715,0.033649687654411245,0.007198022044692889,349.78599853515624,350.56135819182987,359.1159973144531,358.5174523811454,373.153498840332,370.2614608451487,395.95599853515625,391.6428879040222,0.988089850836182,0.962418822056963,0.9262140009172853,0.8728747547601567,32.32951669250532,35.10191342555049,37.02497674401171,-14.573879545016155,-12.323872647599853,-2.250006897416302,408.4062491189919,337.9007485616721,373.153498840332,0.18894503408499,0.1094843167483048,-0.2115029947259337,69600850.0,0.8931500118173844,-0.009808146419583275,0.058017537314434264,-0.017487708462248674,-0.04095622001194377,-0.021547988276388597,-0.06423609438379785,0.025581734406523227,-0.22309025364434187,1
2026-04-10,0.009634908676839249,0.009588788947183922,0.021836924632822694,0.00768143347042111,347.4580017089844,350.0242428635637,356.8,356.7779178040337,370.85049896240236,368.2317990700899,394.3057989501953,389.96865748453234,1.0042940743649833,0.9779989131362983,0.9409452412315847,0.884973066934547,36.741287155468065,37.11317982772319,38.32171873512173,-14.473319423082444,-12.753762002696373,-1.7195574203860708,406.1089944994323,335.5920034253724,370.85049896240236,0.1901493762887159,0.18942964777991875,-0.17418441541728336,69182160.0,0.7420410117290354,0.006904574267115882,-0.2115029947259337,-0.009808146419583275,0.058017537314434264,-0.017487708462248674,-0.04095622001194377,-0.05421500524128142,0.41489133287210445,1
2026-04-13,0.009944121218842028,0.00989500379675574,0.02207592782154015,0.006712960420340031,347.3780029296875,350.8228330516206,355.8590026855469,355.9855715537974,368.9114990234375,366.7259147231989,393.02299926757814,388.4961616391677,1.0145144783363482,0.9903360903283052,0.955296905519729,0.8966905603094224,41.38685305040702,39.226756328577615,39.68070160836899,-13.95278567549326,-12.993566737255751,-0.9592189382375089,403.74307444045803,334.07992360641697,368.9114990234375,0.18883431668150646,0.2632681640399687,0.0444424964936887,68337340.0,0.78460033709243,0.009634908676839249,-0.17418441541728336,0.006904574267115882,-0.2115029947259337,-0.009808146419583275,0.058017537314434264,-0.021547988276388597,-0.06423609438379785,1
2026-04-14,0.03342602102735692,0.03287951656879651,0.03531031147201139,0.018257048492034772,350.88800659179685,355.28189277009085,356.7510040283203,357.47910621802174,367.3434997558594,366.485352578802,391.69879943847656,387.54337146535846,1.0379380467988488,1.0208801323460874,0.9914426482272931,0.9297960900802698,54.59364465300641,45.87704009529944,44.07315308364946,-12.446238982874206,-12.884101186379443,0.43786220350523664,399.9903263395823,334.6966731721365,367.3434997558594,0.17774549763597466,0.4518561545213795,0.11865715484683181,67539860.0,0.8880622494627617,0.009944121218842028,0.0444424964936887,0.009634908676839249,-0.17418441541728336,0.006904574267115882,-0.2115029947259337,-0.017487708462248674,-0.04095622001194377,1
2026-04-15,0.07619439612820611,0.07343111096819813,0.08202575046611424,0.06847865919984426,360.6280090332031,367.504599249071,358.77100524902346,363.74654367056894,366.97750091552734,368.910558257681,391.10159973144533,387.71618090620836,1.086854050127161,1.0924796220223487,1.0680491616766778,1.0021692891979181,71.95842317005133,57.63723425309978,52.60911637131131,-8.91038343757009,-12.089357636617574,3.1789741990474845,398.3226028154936,335.6323990155611,366.97750091552734,0.1708284667139931,0.8983479041031731,0.8974851449492827,71367410.0,1.594711087315625,0.03342602102735692,0.11865715484683181,0.009944121218842028,0.0444424964936887,0.009634908676839249,-0.17418441541728336,-0.009808146419583275,0.058017537314434264,0
2026-04-16,-0.007781651270713175,-0.0078120863116936485,0.03152483918240511,-0.01246795076953025,369.2840087890625,374.6363974648755,359.5350036621094,368.319898257099,366.7835006713867,370.8143140328051,390.4403997802734,387.76260494504277,1.053118967083751,1.0816749132498158,1.0602984953920065,0.9960546964795243,68.59463231101435,56.192021611344074,51.698492890683156,-6.2818897167336445,-10.927864052640789,4.645974335907145,397.52972367907364,336.0372776636998,366.7835006713867,0.16765325022203473,0.859661952942452,-0.44192182788216194,71850540.0,0.8839891808746323,0.07619439612820611,0.8974851449492827,0.03342602102735692,0.11865715484683181,0.009944121218842028,0.0444424964936887,0.006904574267115882,-0.2115029947259337,1
2026-04-17,0.03013628543234881,0.0296911094422974,0.0440068022008124,0.011871038416983164,379.6180053710938,383.2975966823128,363.5380035400391,374.19264314075144,367.7995010375977,373.6529503265558,390.33259948730466,388.2668163243426,1.055324008474159,1.1020030676739532,1.0892347433506573,1.0263554610693424,74.03582261486652,60.310305395911556,54.8515727653307,-3.2160111803329414,-9.385493478179221,6.1694822978462796,401.46912813259854,334.1298739425968,367.7995010375977,0.18308685574621833,0.9873902224545706,0.4270622261477979,72611420.0,1.248288492361119,-0.007781651270713175,-0.44192182788216194,0.07619439612820611,0.8974851449492827,0.03342602102735692,0.11865715484683181,0.009634908676839249,-0.17418441541728336,0
2026-04-20,-0.02026857175416885,-0.020476797687229584,0.04705732795083599,-0.02503846914520229,387.6340026855469,386.3650644548752,367.50600280761716,377.5212534787966,369.02650146484376,375.4479074383124,390.23839965820315,388.43282352730955,1.0125530714043176,1.0680097658308638,1.0636092487720492,1.00579543259653,64.94118970095289,56.357311707550295,52.36482707140902,-1.4250687901612196,-7.793408540575621,6.3683397504144015,404.37674116539006,333.67626176429746,369.02650146484376,0.19158645549966838,0.8320132866707759,-0.2872473521624007,71302050.0,0.9060595031980146,0.03013628543234881,0.4270622261477979,-0.007781651270713175,-0.44192182788216194,0.07619439612820611,0.8974851449492827,0.009944121218842028,0.0444424964936887,0
2026-04-21,-0.015490411649084379,-0.0156116416401595,0.022592025989773824,-0.016742968377266222,392.0780029296875,386.38338077916166,371.4830047607422,379.1392098331489,369.3050018310547,376.49286991349544,389.7446002197266,388.35388979791446,0.9855692248489447,1.040209130634691,1.0463438391351907,0.9914698323206584,58.64774751918199,53.52820821466232,50.56260669186195,-0.4906818715446093,-6.332863206769419,5.84218133522481,405.1083116831154,333.501691978994,369.3050018310547,0.19389561297325492,0.7390143769863583,-0.21783978985788788,68903570.0,0.7333524228135059,-0.02026857175416885,-0.2872473521624007,0.03013628543234881,0.4270622261477979,-0.007781651270713175,-0.44192182788216194,0.03342602102735692,0.11865715484683181,1
2026-04-22,0.0028207553957204645,0.0028167845306925577,0.019896316942417693,-0.00015480444167486753,391.19000244140625,386.7589237746495,375.9090057373047,380.66117345723546,369.5290023803711,377.542121327984,389.14840026855467,388.3207964633149,0.9905928253462141,1.0308612027146469,1.048659258865818,0.9957898053755354,59.46927405679288,53.9742815309365,50.88082925299328,0.3339307426054461,-4.999504416894446,5.333435159499892,405.72687035504595,333.3311344056962,369.5290023803711,0.19591354259882932,0.7483710835930169,0.23415910359267444,67255990.0,0.9272452907168566,-0.015490411649084379,-0.21783978985788788,-0.02026857175416885,-0.2872473521624007,0.03013628543234881,0.4270622261477979,0.07619439612820611,0.8974851449492827,0
2026-04-23,-0.03558619957523779,-0.03623482292188371,0.047120799780696755,-0.00415688969214474,388.15400390625,382.4126162566674,378.71900634765626,379.3991421415023,368.91750183105466,377.1781098891953,388.1186004638672,387.7482162577223,0.962813722027113,0.9868002264392187,1.0130178139172366,0.9629015480681541,45.9850640447423,47.731907370007264,46.872849196267516,-0.12386838371065778,-4.024377210257689,3.900508826547031,404.39105389079646,333.4439497713129,368.91750183105466,0.19231157038457267,0.5676912673075488,0.506819770760774,70436540.0,1.3341015898850228,0.0028207553957204645,0.23415910359267444,-0.015490411649084379,-0.21783978985788788,-0.02026857175416885,-0.2872473521624007,-0.007781651270713175,-0.44192182788216194,1
2026-04-24,0.0069035282132037246,0.006879807968652782,0.03196917132486194,0.007496620596971218,383.2900024414063,380.3750734354345,381.45400390625,378.83565953267805,369.127001953125,377.0944792133642,387.07920043945313,387.2992661218496,0.9817631177335336,0.9864884991099793,1.0194322978321555,0.972152436415476,48.53228969064904,48.92214364553953,47.68243173044686,-0.2753204127096751,-3.274565850748086,2.999245438038411,404.7227764793304,333.5312274269196,369.127001953125,0.19286464733200773,0.6007561422011347,-0.3307051756154923,71592270.0,0.8784928875701246,-0.03558619957523779,0.506819770760774,0.0028207553957204645,0.23415910359267444,-0.015490411649084379,-0.21783978985788788,0.03013628543234881,0.4270622261477979,1
2026-04-27,0.0062982346841573555,0.006278483691632188,0.044260197985873766,0.017683939785009734,380.5240051269531,379.80672009953446,384.07900390625,378.80554205905196,369.96900329589846,377.24453009092326,386.31120056152344,386.96086405541377,0.9951277930584164,0.9859169847257885,1.0235182138350032,0.9802201253220663,51.00833257057386,50.0474593845141,48.44027619693337,-0.20177998122949248,-2.6600086768443676,2.458228695614875,405.63113764008386,334.30686895171306,369.96900329589846,0.1927844442452553,0.6219922796524178,0.06109553799848322,72904100.0,0.9153915897734146,0.0069035282132037246,-0.3307051756154923,-0.03558619957523779,0.506819770760774,0.0028207553957204645,0.23415910359267444,-0.02026857175416885,-0.2872473521624007,0
2026-04-28,-0.006998242057971282,-0.007022844604162197,0.025929472594196302,0.003576375477967282,378.4440002441406,378.54447640424695,385.26100158691406,378.29907786898286,371.00600280761716,377.127907131185,385.48280029296876,386.5318101322082,0.9935947954547966,0.9760136309276624,1.0135145689506666,0.9754520531860174,47.99620191215095,48.75405598738217,47.630245486088164,-0.3532613060493759,-2.198659202685369,1.8453978966359932,406.1009578428798,335.91104777235455,371.00600280761716,0.1891880711884917,0.5714345723055746,-0.2378243761219615,71992580.0,0.7065228111008107,0.0062982346841573555,0.06109553799848322,0.0069035282132037246,-0.3307051756154923,-0.03558619957523779,0.506819770760774,-0.015490411649084379,-0.21783978985788788,0
2026-04-29,-0.008563377785179571,-0.008600254179982027,0.017060047102508122,-0.006925962029271024,375.5019958496094,376.62964686715424,383.3459991455078,377.29924330970755,371.0585021972656,376.71572433706916,384.72619995117185,385.99330729537525,0.9928042777761351,0.9724895750156608,1.0046932911802067,0.9690007798800374,44.28872221811764,47.15924346997381,46.63528693798829,-0.7247836800691516,-1.9038840981621257,1.179100418092974,406.1608926321709,335.95611176236036,371.0585021972656,0.1892013805210899,0.5248057977551782,-0.10772957117355164,65150020.0,0.696619893593279,-0.006998242057971282,-0.2378243761219615,0.0062982346841573555,0.06109553799848322,0.0069035282132037246,-0.3307051756154923,0.0028207553957204645,0.23415910359267444,1
2026-04-30,0.02368566893502,0.023409515563600516,0.04344518607062057,0.02382295072518444,377.08399658203126,378.29643287237366,382.61900024414064,378.0866545048175,371.077001953125,377.18375105571135,384.13239990234376,385.82219739684336,1.0120556914162022,0.9974151953753027,1.0284388492796452,0.9934855924150958,55.32838607774648,51.814126881132836,49.66293153686197,-0.30321399237550395,-1.5837500770048014,1.2805360846292975,406.201261770996,335.95274213525397,371.077001953125,0.18930981781677733,0.6502238479103583,0.12539881193703617,63906110.0,0.7992350027250915,-0.008563377785179571,-0.10772957117355164,-0.006998242057971282,-0.2378243761219615,0.0062982346841573555,0.06109553799848322,-0.03558619957523779,0.506819770760774,1
2026-05-01,0.024080922159745333,0.02379554904158833,0.04866695454378634,0.021778392382868474,379.9880004882813,382.4709576896554,381.6390014648438,380.40180956289043,372.58850250244143,378.4824421289025,383.71460021972655,386.018189943015,1.0285061813057739,1.024056780947795,1.0489320113189962,1.0185174270158692,63.99221727667729,56.14429396302535,52.601645789359594,0.7636366869538733,-1.1142727242130666,1.8779094111669399,408.37309257935567,336.8039124255272,372.58850250244143,0.1920863893360733,0.7547396069452118,0.27923682355705215,61375940.0,1.0645588483044006,0.02368566893502,0.12539881193703617,-0.008563377785179571,-0.10772957117355164,-0.006998242057971282,-0.2378243761219615,0.0069035282132037246,-0.3307051756154923,1
2026-05-04,0.00432424750456617,0.004314924812415465,0.02506949277890878,0.005842704853822111,382.75599975585936,385.81730838164526,381.64000244140624,382.60330050884215,374.57300262451173,379.8184009514475,383.3284002685547,386.27277111252914,1.025483624073789,1.0284823583866518,1.0478865455209918,1.0239523330142974,65.43064520840163,56.91113676743297,53.13000027047153,1.7256009559770291,-0.5462979881750475,2.2718989441520767,410.15387577343733,338.9921294755861,374.57300262451173,0.18998098047441728,0.7520596819819034,-0.253652145831771,59792060.0,0.8155781888096848,0.024080922159745333,0.27923682355705215,0.02368566893502,0.12539881193703617,-0.008563377785179571,-0.10772957117355164,0.0062982346841573555,0.06109553799848322,0
2026-05-05,-0.007999833304410453,-0.008032003657369561,0.03369544464575093,-0.014727111739325102,385.4260009765625,387.0015372934927,381.93500061035155,383.8336086194504,376.70900268554686,380.7280765862798,383.11920043945315,386.3942308774177,1.0102328180523161,1.0194666487621047,1.0336094766554047,1.016315534879391,60.21633152284328,54.987285276742,51.99918335256696,2.209126198145782,0.004786849089118417,2.2043393490566636,410.4076653159471,343.0103400551466,376.70900268554686,0.17891084306540864,0.6878560073808226,-0.02018861849970577,59517060.0,0.8028051116772233,0.00432424750456617,-0.253652145831771,0.024080922159745333,0.27923682355705215,0.02368566893502,0.12539881193703617,-0.006998242057971282,-0.2378243761219615,1
2026-05-06,0.024038873016714035,0.023754487827164997,0.04429063069123962,0.03231070805521845,390.61200561523435,390.9110285244379,383.0570007324219,386.5420454134281,379.4830032348633,382.44254652914157,382.90620056152346,386.8779869601201,1.0207827851023357,1.0409156084445363,1.0507190245344211,1.0413255528419216,68.84953825099572,59.39380916975756,54.997149420027505,3.309449221335967,0.6657193235384882,2.643729897797479,410.75445245074445,348.21155401898216,379.4830032348633,0.1648108028518323,0.8077408983925546,0.11897715809345222,58627320.0,0.9119536762041996,-0.007999833304410453,-0.02018861849970577,0.00432424750456617,-0.253652145831771,0.024080922159745333,0.27923682355705215,-0.008563377785179571,-0.10772957117355164,1
2026-05-07,0.03275398690529352,0.03222900776203085,0.03329364766163945,0.010577199966597528,396.6440063476563,397.8706885312659,386.86400146484374,391.1325841646088,382.79150390625,385.23754291159685,382.7940008544922,387.85492898305347,1.038185380227302,1.064430929178463,1.0757553507399003,1.0757483336355933,76.98097846011876,64.60099599852003,58.76982192616998,5.1756343100328195,1.5677023208373546,3.607931989195465,413.01610785661546,352.56689995588454,382.79150390625,0.15791679617720988,0.9797168671968858,0.20253846412820264,55659790.0,1.1551283251338174,0.024038873016714035,0.11897715809345222,-0.007999833304410453,-0.02018861849970577,0.00432424750456617,-0.253652145831771,0.02368566893502,0.12539881193703617,1
2026-05-08,0.040214665764012114,0.03942710124226755,0.03457452398171496,0.028500755868394265,404.15000610351564,408.0304610553492,392.0690032958984,397.8993881535009,386.7615036010742,389.3434917870177,383.1894012451172,389.4429712230716,1.0598787569826278,1.0925372893613718,1.107530098304039,1.1178545249729135,83.39367277316413,69.87602698056781,62.90960010303596,7.899788993201241,2.834119655310132,5.065669337891109,418.956987850497,354.5660193516514,386.7615036010742,0.16648753275419517,1.1458747782802339,0.011755337184380599,55875460.0,1.164196232120505,0.03275398690529352,0.20253846412820264,0.024038873016714035,0.11897715809345222,-0.007999833304410453,-0.02018861849970577,0.024080922159745333,0.27923682355705215,1
2026-05-11,0.038870068073398656,0.03813364950728898,0.07271913678458568,0.05410270072901416,414.64800415039065,420.35364070356616,398.702001953125,406.4631357619553,391.3905029296875,394.6441116168255,384.03920104980466,391.6216782339315,1.073199425888472,1.1161218098230623,1.1369718903985346,1.1587358758781752,87.48372870193944,74.06127409438292,66.46436959447564,11.272276773828253,4.5217510790137565,6.750525694814496,428.71764546717685,354.06336039219815,391.3905029296875,0.19074117669224638,1.2181034151819958,0.20485933897002306,57039490.0,1.374067334753519,0.040214665764012114,0.011755337184380599,0.03275398690529352,0.20253846412820264,0.024038873016714035,0.11897715809345222,0.00432424750456617,-0.253652145831771,0
2026-05-12,-0.025955028748244402,-0.026297804689101322,0.05892254541025354,-0.018033101626693856,423.46400756835936,424.7190978713879,404.44500427246095,411.36984057015087,394.8530029296875,398.3399116730356,384.6418011474609,393.262005056406,1.0235817081503906,1.0717155796911033,1.0977503247815412,1.1268926333902505,72.94391169614701,67.09717094991754,62.127367555924344,12.864713737856675,6.190343610782341,6.674370127074335,434.23949619827476,355.4665096611002,394.8530029296875,0.19949952501995252,0.9899777318856516,-0.2271968112728242,58009980.0,1.0441186154520308,0.038870068073398656,0.20485933897002306,0.040214665764012114,0.011755337184380599,0.03275398690529352,0.20253846412820264,-0.007999833304410453,-0.02018861849970577,1
2026-05-13,0.027269526989873505,0.02690433759547956,0.0520807667563111,0.019694449633557747,432.7720031738281,431.5693949188159,411.69200439453124,417.5335039235183,397.51900177001954,402.8094428483343,385.69860107421874,395.3015338390439,1.028878914874777,1.0815609345353288,1.120122527554741,1.1544506196640054,77.42377591790031,70.18677455009436,64.6088959325946,14.908647244245117,7.934004337474896,6.974642906770221,442.56958088795363,352.46842265208545,397.51900177001954,0.22665874545538145,1.0299708480844283,0.12735659814460454,60299820.0,1.1323947567339339,-0.025955028748244402,-0.2271968112728242,0.038870068073398656,0.20485933897002306,0.040214665764012114,0.011755337184380599,0.024038873016714035,0.11897715809345222,0
2026-05-14,-0.004424284747029383,-0.004434100858338372,0.02440786740845105,-0.0071446225249791806,439.0739990234375,435.47959254353356,417.8590026855469,422.21831917250927,400.23900146484374,406.66568522401377,386.44580078125,397.18382615096255,1.0096247757301284,1.0608841378166192,1.1075881814878739,1.1471207266239682,75.00882199329305,69.02345040753923,63.87645312991866,16.182969441111595,9.583797358202236,6.599172082909359,449.27249371660724,351.20550921308023,400.23900146484374,0.2450210602780075,0.9390976896671714,-0.32530402793073554,59799260.0,0.7704175603510812,0.027269526989873505,0.12735659814460454,-0.025955028748244402,-0.2271968112728242,0.038870068073398656,0.20485933897002306,0.03275398690529352,0.20253846412820264,0
2026-05-15,-0.04750732717914996,-0.048672864587404434,0.029982957452898102,-0.02705198501025656,437.85199584960935,431.0663917738141,421.0010009765625,422.2222593655757,401.32000122070315,408.1489523678577,386.77960083007815,398.16642082090027,0.9643441031142481,1.0029429603609932,1.052127950139637,1.091681126223292,54.00121292992218,57.96299992771261,56.665668372060395,15.316948913286012,10.730427669218992,4.58652124406702,451.2838760769416,351.35612636446467,401.32000122070315,0.2489976811734394,0.7093511469423172,0.14365623046468023,58534300.0,0.9001337677225149,-0.004424284747029383,-0.32530402793073554,0.027269526989873505,0.12735659814460454,-0.025955028748244402,-0.2271968112728242,0.040214665764012114,0.011755337184380599,0
2026-05-18,-0.029011937010514632,-0.029441104289050234,0.03853757088438826,-0.022133706257220966,430.84999389648436,424.04092459400107,422.7489990234375,419.9982104326301,402.1945007324219,408.324289307526,387.04480041503905,398.630090209664,0.9515840687997754,0.9698189497348636,1.0193823870981753,1.0592830333716696,45.376914009595914,52.67553432101595,53.0107887584922,13.48668270016583,11.28167867540836,2.2050040247574696,452.12249939708573,352.26650206775804,402.1945007324219,0.24827787835856419,0.5780673140366661,-0.004071081655079745,58905210.0,0.8908244279241174,-0.04750732717914996,0.14365623046468023,-0.004424284747029383,-0.32530402793073554,0.027269526989873505,0.12735659814460454,0.038870068073398656,0.20485933897002306,0
2026-05-19,-0.014341825466156255,-0.014445663458309575,0.029694886132448303,0.002356339122988276,424.98198852539065,417.3972781798549,424.222998046875,417.10944223607237,403.0789993286133,407.9229270260057,387.15340026855466,398.8449880583659,0.9508873229045538,0.9525885848058382,1.0025577765764688,1.0437981045013311,41.65177733267458,50.303498868706434,51.341793906875765,11.429958836554874,11.311334707637663,0.11862412891721164,452.4818598319495,353.67613882527706,403.0789993286133,0.24512743450104757,0.5104344769963227,-0.11383880078209863,58777210.0,0.7911331619857425,-0.029011937010514632,-0.004071081655079745,-0.04750732717914996,0.14365623046468023,-0.004424284747029383,-0.32530402793073554,-0.025955028748244402,-0.2271968112728242,1
2026-05-20,0.0325407064678751,0.03202247022638431,0.026530164759519206,0.0236997142233999,419.37999267578124,417.3515220417783,426.0759979248047,417.1368181505365,404.5664993286133,408.8121730012075,387.5138006591797,399.5671457723761,0.9949449593514701,0.9793088833867248,1.031375584627192,1.0767616767605324,51.94480735276007,55.16593488988215,54.69151352747971,10.737314351524958,11.196530636415122,-0.4592162848901644,453.7958962892967,355.3371023679299,404.5664993286133,0.24336862811122836,0.6289220589798129,-0.025932998713995126,57960140.0,0.7814801689574938,-0.014341825466156255,-0.11383880078209863,-0.029011937010514632,-0.004071081655079745,-0.04750732717914996,0.14365623046468023,0.027269526989873505,0.12735659814460454,1
2026-05-21,0.0014139776735901943,0.0014129789484986274,0.03362454973152785,-0.010256257158995443,414.2899963378906,417.5176833956908,426.68199768066404,417.2664886874418,406.7729995727539,409.67291901095115,387.71440063476564,400.28412068732274,1.0085930382029342,0.97930076350735,1.027231420331232,1.0777262990990586,52.38448425077069,55.37689256805624,54.83797985075563,10.119346849164856,10.98109387896507,-0.8617470298002132,454.1971281693501,359.34887097615774,406.7729995727539,0.23317245071038237,0.6167866111466807,-0.0586779468679558,55794410.0,0.764178705357759,0.0325407064678751,-0.025932998713995126,-0.014341825466156255,-0.11383880078209863,-0.029011937010514632,-0.004071081655079745,-0.004424284747029383,-0.32530402793073554,1
2026-05-22,0.019528547428303344,0.019340312041325056,0.025820989525696343,0.007902136966860266,415.04400024414065,420.3484588523356,426.447998046875,418.856219792566,409.25850067138674,411.2288324161582,388.33440063476564,401.2929790825503,1.0264213180169666,0.9989729385921473,1.0409313650584104,1.0970184693122096,58.509777870082374,58.29939760593528,56.86304075686441,10.170804547151704,10.819036012602396,-0.6482314654506922,455.2218418591987,363.29515948357476,409.25850067138674,0.22461764929700578,0.6822268427548542,0.08133330518869797,53899880.0,0.8553766724527031,0.0014139776735901943,-0.0586779468679558,0.0325407064678751,-0.025932998713995126,-0.014341825466156255,-0.11383880078209863,-0.04750732717914996,0.14365623046468023,1
2026-05-26,0.017792977626126305,0.017636535587117294,0.020941481968066025,0.007739474960918549,419.7640014648438,424.762304680854,425.30699768066404,421.53508825535226,412.0044998168945,413.35846707537075,389.1822003173828,402.55952877883817,1.0329375430594299,1.019475340641928,1.052391409634092,1.1141054138249198,63.586318643842425,60.8635268412969,58.670594701807616,10.699885096385913,10.7952058293591,-0.0953207329731871,456.87921334045365,367.12978629333537,412.0044998168945,0.21783603598262943,0.7405084604012433,-0.009669296188891785,50628160.0,0.9018479044073496,0.019528547428303344,0.08133330518869797,0.0014139776735901943,-0.0586779468679558,0.0325407064678751,-0.025932998713995126,-0.029011937010514632,-0.004071081655079745,1
2026-05-27,0.015613803526030035,0.015493162254673815,0.02289040200098186,-0.0057125453570754285,427.0140014648438,429.9615315710902,425.9979949951172,424.9577968182996,415.22149963378905,415.9300402445319,390.0782000732422,404.04189962482735,1.0312542067495123,1.0337137510626309,1.0605423508656096,1.1289018080704825,67.70386912490122,63.04891691125753,60.23327588350864,11.53252698537932,10.942670060563145,0.5898569248161749,458.5132225258825,371.9297767416956,415.22149963378905,0.20852351301787236,0.7903382452626365,-0.021954098762782315,49036880.0,0.9106717229970586,0.017792977626126305,-0.009669296188891785,0.019528547428303344,0.08133330518869797,0.0014139776735901943,-0.0586779468679558,-0.014341825466156255,-0.11383880078209863,1
2026-05-28,0.003951359818862743,0.003943573700417892,0.017326404787055855,0.01023721730340144,431.98200073242185,434.0076897485654,425.6809967041016,428.0745621428843,418.6865005493164,418.42241794538745,390.93480041503904,405.53437438869753,1.0234222846181988,1.0385711589818214,1.0559213290217877,1.130879127757766,68.76301718943064,63.61134171996821,60.63495361590649,12.192262006992848,11.192588449849087,0.9996735571437618,458.8203046827878,378.552696415845,418.6865005493164,0.19171291207533986,0.7916930759458266,-0.2736779640141973,45452060.0,0.7136090201412213,0.015613803526030035,-0.021954098762782315,0.017792977626126305,-0.009669296188891785,0.019528547428303344,0.08133330518869797,0.0325407064678751,-0.025932998713995126,0
2026-05-29,-0.014272783242432974,-0.014375619088440037,0.02967023663289978,-0.009230413782552632,435.57000122070315,434.60179601401757,424.92999877929685,429.47737057961837,421.3945007324219,420.0764741929621,391.79500061035156,406.7208698458044,1.0005051021043738,1.0255571736446538,1.034161593916103,1.112290886473879,60.384736447039614,60.042281082185816,58.38923774410115,12.066843634557301,11.367439486790731,0.69940414776657,458.3439039372353,384.4450975276084,421.3945007324219,0.17536727764881618,0.6948002750234499,0.3928410667488824,45362700.0,0.9959019194183768,0.003951359818862743,-0.2736779640141973,0.015613803526030035,-0.021954098762782315,0.017792977626126305,-0.009669296188891785,0.0014139776735901943,-0.0586779468679558,0
2026-06-01,-0.045687150397476395,-0.046763726698806594,0.03407236044379491,-0.02715849637835316,433.54400024414065,428.36119897028254,424.29400024414065,427.0051222711082,422.6475006103516,419.6768104491383,392.50660095214846,407.0800516119616,0.9592567412964288,0.9801694217771482,0.9839878486971624,1.0595490722295229,41.68698421657965,50.427978955406985,52.0076278565789,10.242805088981584,11.142512607228902,-0.8997075182473182,456.9709673041011,388.32403391660205,422.6475006103516,0.16242124533651567,0.40141590609244204,-0.005288112482513152,44587620.0,1.0078559923135615,-0.014272783242432974,0.3928410667488824,0.003951359818862743,-0.2736779640141973,0.015613803526030035,-0.021954098762782315,0.019528547428303344,0.08133330518869797,1
2026-06-02,0.018899647156100485,0.018723267699191404,0.02541657568192464,0.013198768584859875,431.5739990234375,426.82079605831336,425.66900024414065,426.41146190079303,424.20899963378906,420.0637799524942,393.62220092773435,407.7333825383308,0.9818478202885501,0.9954682863711962,0.9988943907370684,1.0765144578625279,48.96521322348348,53.58756383860369,54.087644071780645,9.323995315347645,10.778809148852652,-1.454813833505007,455.6244780625616,392.79352120501653,424.20899963378906,0.14811321049715057,0.4925353770995811,-0.16337879607191252,43099800.0,0.8723010315593112,-0.045687150397476395,-0.005288112482513152,-0.014272783242432974,0.3928410667488824,0.003951359818862743,-0.2736779640141973,0.017792977626126305,-0.009669296188891785,0
2026-06-03,-9.43456559803213e-05,-9.435010681166908e-05,0.04153883784859508,0.011941724036845,428.24200439453125,425.7805347745527,427.6280029296875,425.9184710473818,425.9255004882813,420.4100877862596,394.4792010498047,408.3595248782798,0.9893938657560655,0.990814467958727,0.9947749353379906,1.0740744026033893,48.92897451251417,53.5688617492441,54.07512762721385,8.494684620828195,10.321984243247762,-1.8272996224195666,452.98926502083197,398.8617359557306,425.9255004882813,0.12708215169800716,0.4588843547878689,0.183655176082562,42899810.0,1.0373169484899816,0.018899647156100485,-0.16337879607191252,-0.045687150397476395,-0.005288112482513152,-0.014272783242432974,0.3928410667488824,0.015613803526030035,-0.021954098762782315,0
2026-06-04,-0.012390842220308285,-0.012468248792164637,0.021962007822476603,-0.003310747291786618,423.5120056152344,423.3370272520456,427.74700317382815,424.56056944004524,426.91150054931643,420.2234139215712,395.1876013183594,408.75523026372105,0.9880475799007171,0.9782652107488435,0.980179760134366,1.0588642224884275,43.94599475372924,51.04922522539211,52.40301162226741,7.329330833146855,9.723453561227581,-2.394122728080726,451.2387737493764,402.5842273492565,426.91150054931643,0.1139686945362564,0.3260904896183694,-0.20623046379045717,41902670.0,0.8429844685314802,-9.43456559803213e-05,0.183655176082562,0.018899647156100485,-0.16337879607191252,-0.045687150397476395,-0.005288112482513152,0.003951359818862743,-0.2736779640141973,0
2026-06-05,-0.06559926253138726,-0.06784987766553562,0.09230178091532129,-0.07015457788347206,414.55400390625,412.5580181680304,425.06200256347654,418.4586477236734,425.8720001220703,417.44023164332634,395.2886010742188,408.05894672396727,0.9431823027053029,0.9198658022640123,0.918116241236628,0.9891507089691829,27.10656157103824,40.360032530756556,44.79799802997825,4.143034660093235,8.607369781000713,-4.464335120907478,454.15077744801374,397.59322279612684,425.8720001220703,0.13280411634405517,-0.11657545727901925,0.7954211526103168,43981000.0,1.4419908596894113,-0.012390842220308285,-0.20623046379045717,-9.43456559803213e-05,0.183655176082562,0.018899647156100485,-0.16337879607191252,-0.014272783242432974,0.3928410667488824,1
2026-06-08,0.04590795960877547,0.04488536904530807,0.04455312550884394,0.03184221750141161,413.1680053710937,411.35534951436404,423.3560028076172,416.7298049024657,424.9020004272461,416.63163931606016,396.0254016113281,408.0938904684011,0.9897910943993012,0.9659719231449463,0.9624572531920893,1.0326358121047694,43.59544779058858,48.02418212013165,49.8001582831293,3.0313445050127257,7.492164725803116,-4.46082022079039,454.09049613512707,395.7135047193651,424.9020004272461,0.1373893070803689,0.2267418578219541,-0.20642319008770071,44403410.0,1.133444480953152,-0.06559926253138726,0.7954211526103168,-0.012390842220308285,-0.20623046379045717,-9.43456559803213e-05,0.183655176082562,-0.045687150397476395,-0.005288112482513152,0
2026-06-09,-0.03000371479396924,-0.030463037176546175,0.0863668710249946,-0.03491230845956059,407.756005859375,406.4635639015031,419.6650024414063,413.08438449761394,422.48600006103516,414.7314824931765,396.72240173339844,407.6462866333964,0.9728366645139898,0.9452301010760739,0.9389186685913242,0.9998931014295339,36.93285772433359,43.873722019368046,46.75900810149635,1.1470119764024957,6.223134175922993,-5.076122199520497,452.60460689386065,392.36739322820966,422.48600006103516,0.14257801124048777,0.07159360775730494,0.19097216702961317,45831540.0,1.3078373539270118,0.04590795960877547,-0.20642319008770071,-0.06559926253138726,0.7954211526103168,-0.012390842220308285,-0.20623046379045717,0.018899647156100485,-0.16337879607191252,0
2026-06-10,-0.038040729596927614,-0.0387831676710731,0.04439320371073408,-0.02541250444369256,399.33400268554686,398.1723747136323,413.7880035400391,407.35813210493694,419.89299926757815,411.5751504783874,397.2486016845703,406.6244713276903,0.9555660018222174,0.92218719023585,0.9087791342163368,0.9605823525110526,30.290790994704153,39.36759235288871,43.341246826987,-1.546148680960414,4.669277604546312,-6.215426285506726,454.39938384678356,385.38661468837273,419.89299926757815,0.16435798948491692,-0.05501327358372488,-0.17091367729837403,46335450.0,1.0725179101530253,-0.03000371479396924,0.19097216702961317,0.04590795960877547,-0.20642319008770071,-0.06559926253138726,0.7954211526103168,-9.43456559803213e-05,0.183655176082562,1
2026-06-11,0.046017971453959916,0.044990546617469984,0.04730052654769386,0.027995248664266476,395.4739990234375,398.498247774583,409.4930023193359,405.86574333976375,417.5869995117188,410.3918022324919,397.7966015625,406.3313545656822,1.009295161962921,0.9747419165546919,0.9558487078458078,1.0034022219613452,43.97081180135047,46.281775164785664,47.98657600558297,-2.237757382984114,3.287870607040227,-5.525627990024341,451.1529967393047,384.02100228413286,417.5869995117188,0.1607616964456957,0.2253618670968293,-0.08796150967087635,47624380.0,0.9517037282165143,-0.038040729596927614,-0.17091367729837403,-0.03000371479396924,0.19097216702961317,0.04590795960877547,-0.20642319008770071,-0.012390842220308285,-0.20623046379045717,1
2026-06-12,0.018238754580025995,0.018074423616042716,0.04901208884465101,0.01737215602657441,398.55999755859375,401.14216274164914,406.5570007324219,405.96833412813055,415.7434997558594,410.0144870366147,398.3000012207031,406.3352227268625,1.019746073779094,0.9996876008618426,0.977597949010514,1.0204117284211938,48.827976589550914,48.88422594591957,49.77896111803846,-2.173373900660124,2.1956217055001566,-4.368995606160281,447.4570049471809,384.02999456453784,415.7434997558594,0.15256284324322533,0.35316181507071653,0.40133438354260287,49458150.0,1.284206950725007,0.046017971453959916,-0.08796150967087635,-0.038040729596927614,-0.17091367729837403,-0.03000371479396924,0.19097216702961317,-0.06559926253138726,0.7954211526103168,1
2026-06-15,0.011613319158924273,0.011546402155351725,0.02164658647356112,-0.0029585111311418873,398.9999938964844,404.47810645992763,406.08399963378906,406.91045408601303,415.18899993896486,410.1226305470785,399.311201171875,406.524037282534,1.0304511282853608,1.0124752373086945,0.9902718857121112,1.0296480356420397,51.976996595497525,50.55671646479792,50.93010890195827,-1.721638893761451,1.4121695856478351,-3.133808479409286,446.8164518255897,383.56154805234,415.18899993896486,0.1523520704607986,0.4361471474692439,-0.2817309433279015,49526410.0,0.9211348046426139,0.018238754580025995,0.40133438354260287,0.046017971453959916,-0.08796150967087635,-0.038040729596927614,-0.17091367729837403,0.04590795960877547,-0.20642319008770071,0
2026-06-16,-0.015784969793794956,-0.015910879171028017,0.02935799133914972,0.0013610609252042536,400.59599609375,404.5387388606549,404.1760009765625,406.50128128166693,414.92250061035156,409.6023803675576,400.34800109863284,406.4509379248703,1.0101449031143295,1.0011975047612363,0.9752664728156558,1.0107706359258535,47.30699612660695,48.22042833572826,49.29866632830617,-1.8658156575515363,0.756572537007961,-2.6223881945594973,446.8094515058211,383.03554971488205,414.92250061035156,0.15370075543535847,0.3390799894620799,-0.11760064006312954,49792360.0,0.8084674034329765,0.011613319158924273,-0.2817309433279015,0.018238754580025995,0.40133438354260287,0.046017971453959916,-0.08796150967087635,-0.03000371479396924,0.19097216702961317,0
2026-06-17,-0.02046161890071707,-0.020673857986175808,0.030728070351031443,-0.012825925614875658,403.5539978027344,401.8191608680408,401.4440002441406,404.6610492091479,414.53600158691404,408.34310651186763,401.34260131835936,406.0559993742014,0.9822229665447927,0.9873855497697103,0.9562016407872964,0.9876350120339945,41.72675036834732,45.341602942718175,47.27023425217194,-2.6180245271594913,0.08165312417447057,-2.6996776513339618,447.1176351209538,381.95436805287426,414.53600158691404,0.15719567617438182,0.2213768197789562,0.0814497397871099,49695720.0,0.8760170896004726,-0.015784969793794956,-0.11760064006312954,0.011613319158924273,-0.2817309433279015,0.018238754580025995,0.40133438354260287,-0.038040729596927614,-0.17091367729837403,1
2026-06-18,0.010368800900483421,0.010315413608767319,0.04449543619357879,0.006003476750105654,403.8219970703125,401.3761039901522,399.647998046875,403.90267485009826,413.69750061035154,407.59519067591594,402.4874011230469,405.837724505973,0.9917488228474158,1.0021068344933914,0.968074473845042,0.9950373331361464,45.452868838052574,47.032014304734105,48.37727978784408,-2.849664843939479,-0.5046104694483193,-2.3450543744911596,446.814332449573,380.5806687711301,413.69750061035154,0.1601016771450748,0.30059218164198886,0.3411195310364472,52001860.0,1.1227425326709468,-0.02046161890071707,0.0814497397871099,-0.015784969793794956,-0.11760064006312954,0.011613319158924273,-0.2817309433279015,0.046017971453959916,-0.08796150967087635,1
2026-06-22,0.011386046267785943,0.01132171311591987,0.050240727605988786,0.025832547883458946,403.54599609375,402.60073192442445,401.05299682617186,404.1112772033474,413.05749969482423,407.3527904013495,403.6760009765625,405.80683287016893,1.0037269399616826,1.009966241365675,0.9806140503252656,1.0034036871478174,49.62247800301023,48.91956707018111,49.60973160557233,-2.6349141205723186,-0.9306711996731192,-1.7042429208991994,446.3229980616153,379.79200132803317,413.05749969482423,0.16106957695414478,0.37964238783433685,-0.18095836751751748,50441790.0,0.9480135419460729,0.010368800900483421,0.3411195310364472,-0.02046161890071707,0.0814497397871099,-0.015784969793794956,-0.11760064006312954,0.018238754580025995,0.40133438354260287,0
2026-06-23,-0.05786940661108486,-0.059611379843779726,0.03618877411153467,-0.028017626678929354,397.63799438476565,395.60381640013713,398.318994140625,400.02013323029564,410.8374984741211,404.9010946823222,404.32920043945313,404.8579368890471,0.9596919578623214,0.9580511875284474,0.9288587014790237,0.9438101055694276,34.02482716602866,40.85922467550049,43.946830650722305,-4.306492362598306,-1.6058354322581567,-2.700656930340149,446.2086094003894,375.46638754785283,410.8374984741211,0.17219027502425668,0.08684485223712805,0.054385763130103904,50450930.0,0.9993908932897768,0.011386046267785943,-0.18095836751751748,0.010368800900483421,0.3411195310364472,-0.02046161890071707,0.0814497397871099,0.011613319158924273,-0.2817309433279015,0
2026-06-24,-0.0159324619523894,-0.016060748057995154,0.03070326955709651,-0.011971132271400585,391.81199340820314,388.91254385985707,396.20399475097656,395.56738151193224,407.9344985961914,402.10384745346266,404.79140014648436,403.7078216690569,0.9584443689758544,0.9478198194728608,0.9205644535374997,0.9277123937005616,31.069492532541503,39.06139602507287,42.62176384849182,-6.052069773225583,-2.4950823004516423,-3.5569874727739403,444.85596295129477,371.01303424108806,407.9344985961914,0.18101663125898743,0.061169899638399194,-0.26455269911662394,48165050.0,0.7698818956899245,-0.05786940661108486,0.054385763130103904,0.011386046267785943,-0.18095836751751748,0.010368800900483421,0.3411195310364472,-0.015784969793794956,-0.11760064006312954,0
2026-06-25,-0.00109180002514353,-0.0010923964729650014,0.021059911493164784,-0.00039969595458087755,387.55999145507815,384.3150276123006,395.55699462890624,391.8496748947059,404.67249908447263,399.5339567547698,405.0097998046875,402.5867304317287,0.9679017529874918,0.9483336161685326,0.9269718005692394,0.9261997988643383,30.85862042081351,38.93697602578978,42.530963013045344,-7.383424791369919,-3.472750798635298,-3.910673992734621,441.08277038691574,368.2622277820295,404.67249908447263,0.1799493238844615,0.09417352700002844,-0.1872259407681479,46209370.0,0.6522226985565914,-0.0159324619523894,-0.26455269911662394,-0.05786940661108486,0.054385763130103904,0.011386046267785943,-0.18095836751751748,-0.02046161890071707,0.0814497397871099,1
2026-06-26,0.01223607484974698,0.012161819203993191,0.050564857711216146,0.025827361113687566,383.40399169921875,382.7800155598931,393.6129943847656,389.6424597238645,401.5529983520508,397.64596005956105,404.76499938964844,401.68960341303654,0.9903652535599092,0.9646784960658666,0.9456036762603814,0.9380998654222792,36.488614845949435,41.1951874013662,43.93495460315208,-7.976214060211248,-4.373443450950488,-3.6027706092607605,435.1869754903049,367.91902121379667,401.5529983520508,0.16751949195391858,0.17528361562496894,0.7729338925239226,47020350.0,1.1364037060549315,-0.00109180002514353,-0.1872259407681479,-0.0159324619523894,-0.26455269911662394,-0.05786940661108486,0.054385763130103904,0.010368800900483421,0.3411195310364472,1
2026-06-29,0.08461722263269356,0.08122713454703766,0.08248349243096031,0.07870815663169203,384.7619934082031,392.46667581922566,394.15399475097655,393.67837547186923,400.3554977416992,398.99777303844957,405.2237994384766,402.0876580375406,1.0703759814991909,1.0448707911690402,1.0286857521901722,1.0163272663367309,61.854796643617505,54.01509079051528,52.46967207227371,-5.786675758136425,-4.656089912387675,-1.13058584574875,430.55878033502364,370.15221514837475,400.3554977416992,0.15088231715909123,0.6901200401099737,0.07421665191329141,46408880.0,1.2368279518919656,0.01223607484974698,0.7729338925239226,-0.00109180002514353,-0.1872259407681479,-0.0159324619523894,-0.26455269911662394,0.011386046267785943,-0.18095836751751748,0
